dataset,frame,pillar,finePointCount,score
Downtown,101,1084,0,0.05056601598410135
Downtown,101,1085,0,0.03101206585397944
Downtown,101,2432,18,0.22039017624564564
Downtown,101,2535,0,0.31634431253953227
Downtown,101,3128,13,0.6742763906788987
Downtown,101,3129,47,0.9500743182313838
Downtown,101,3234,0,0.16338147395884361
Downtown,101,3429,0,0.3902659554548068
Downtown,101,3629,0,0.07200706564780637
Downtown,101,3729,0,0.0967450792395516
Downtown,101,3929,0,0.19470066081498333
Downtown,101,4229,0,0.15598237673365817
Downtown,101,4334,26,0.6402049300805364
Downtown,101,4335,46,0.8825105868229902
Downtown,101,4429,0,0.15609644961099328
Downtown,101,4434,132,0.9504678510849701
Downtown,101,4435,35,0.8742423360235091
Downtown,101,4529,0,0.08215435648111195
Downtown,101,4534,0,0.06473717617792496
Downtown,101,4535,0,0.037095581503823874
Downtown,101,6728,0,0.09318995481426727
Downtown,101,6924,10,0.33413444637459416
Downtown,101,7424,0,0.20752337720484054
Downtown,101,7428,0,0.1737637998819014
Downtown,101,7724,0,0.05575257834206959
Downtown,101,7924,35,0.8407242795334359
Downtown,101,9234,0,0.067433982475941
Downtown,106,1738,0,0.2902638529208047
Downtown,106,1946,0,0.15309626311355384
Downtown,106,2328,9,0.7940151256337814
Downtown,106,2329,36,0.7205078366214532
Downtown,106,2529,36,0.7481055559894609
Downtown,106,2828,14,0.6940459701329329
Downtown,106,2829,58,0.8358450551583706
Downtown,106,3029,17,0.777142680679234
Downtown,106,3329,0,0.20277274655544386
Downtown,106,3434,0,0.04132389835520654
Downtown,106,3435,40,0.887494599372517
Downtown,106,3629,0,0.2749496653932536
Downtown,106,3634,98,0.8861408861121687
Downtown,106,3635,0,0.18544827608097345
Downtown,106,5416,26,0.8759510390553372
Downtown,106,5663,0,0.2721924443962776
Downtown,106,5678,17,0.5575065791436565
Downtown,106,5680,0,0.25883065833077823
Downtown,106,5763,0,0.08037994501281776
Downtown,106,6524,36,0.45900997322103193
Downtown,106,6526,0,0.2483299759110471
Downtown,106,6528,0,0.29620002828067177
Downtown,106,7234,22,0.7368866246802332
Downtown,106,7328,0,0.3371326210405807
Downtown,106,7724,0,0.13397539559603147
Downtown,106,8434,28,0.7763703908404764
Downtown,106,8835,0,0.24961751039505253
Downtown,106,8965,0,0.2675536470885515
Downtown,106,9735,0,0.06973677527422707
Downtown,106,9965,0,0.059473791811696736
Downtown,111,1428,0,0.07082013518887878
Downtown,111,1560,0,0.1764362462120537
Downtown,111,1728,0,0.1289611945569589
Downtown,111,1729,0,0.09327714025250573
Downtown,111,2228,21,0.6806540646911732
Downtown,111,2229,30,0.8730939654111458
Downtown,111,2428,0,0.15499105759735238
Downtown,111,2429,0,0.1613540239520681
Downtown,111,2528,0,0.22357460055985204
Downtown,111,2529,0,0.19498912059866022
Downtown,111,2634,0,0.31936627268555806
Downtown,111,2635,0,0.38545034050859317
Downtown,111,2728,15,0.6646028109774266
Downtown,111,2729,36,0.8550756553445017
Downtown,111,2734,85,0.8489872624146663
Downtown,111,2735,0,0.083991258533217
Downtown,111,4516,0,0.33981975849180496
Downtown,111,4863,27,0.9352298997815947
Downtown,111,5028,28,0.7265386543099043
Downtown,111,5426,0,0.44402679598075284
Downtown,111,5624,0,0.06444182955928135
Downtown,111,5724,0,0.13005441501063733
Downtown,111,6334,55,0.85555041451989
Downtown,111,6826,0,0.08492506282220945
Downtown,111,7465,18,0.9004997586052076
Downtown,111,7534,0,0.26592328638724555
Downtown,111,7724,19,0.4389137976453649
Downtown,111,8035,52,0.9187429730331238
Downtown,111,8064,16,0.7013134698524508
Downtown,111,8065,32,0.9303694525115855
Downtown,111,8935,0,0.07057528684229135
Downtown,111,9065,0,0.0325308346855942
Downtown,111,9165,0,0.07092544956125224
Downtown,116,1128,0,0.06385984119235961
Downtown,116,1429,0,0.02342253642017129
Downtown,116,1628,20,0.5510733093996151
Downtown,116,1629,0,0.3517305488919301
Downtown,116,1734,0,0.05515510083723372
Downtown,116,1834,0,0.1329017171649887
Downtown,116,1928,18,0.7215529645748491
Downtown,116,1929,12,0.5297077893152892
Downtown,116,1934,65,0.6980897129603749
Downtown,116,3824,0,0.036036479690481446
Downtown,116,4063,65,0.8062766119581535
Downtown,116,4228,29,0.725347741553134
Downtown,116,4324,0,0.12019429352286494
Downtown,116,4326,0,0.20487062365202702
Downtown,116,5178,0,0.14743839664336747
Downtown,116,5534,93,0.9348062949927708
Downtown,116,5535,0,0.2603538870694226
Downtown,116,5624,0,0.11329594344149528
Downtown,116,5626,22,0.7688269568906233
Downtown,116,5628,48,0.6858619588589503
Downtown,116,5728,0,0.15384717575348048
Downtown,116,6328,20,0.6323880163395141
Downtown,116,6564,28,0.9468941150363864
Downtown,116,6565,25,0.9481955052358112
Downtown,116,6634,0,0.23764548101112465
Downtown,116,6734,64,0.5237837069116248
Downtown,116,7135,65,0.9591493950632144
Downtown,116,7264,44,0.9539551887588166
Downtown,116,7265,36,0.9359469209509844
Downtown,116,8035,31,0.5513319312080823
Downtown,116,8265,18,0.7469499878679122
Downtown,118,1434,0,0.0713614601547149
Downtown,118,1435,0,0.033046629210611314
Downtown,118,1529,0,0.14644188436590733
Downtown,118,1534,0,0.18309090961743704
Downtown,118,1628,0,0.14573273885242838
Downtown,118,1634,0,0.14113534652080048
Downtown,118,3523,0,0.2415134170217903
Downtown,118,3662,0,0.0664385299062084
Downtown,118,3663,44,0.9366399854417885
Downtown,118,3763,11,0.7189644938431458
Downtown,118,3828,18,0.374698080373137
Downtown,118,4026,0,0.17959986542101974
Downtown,118,4226,0,0.388398339454565
Downtown,118,4324,14,0.4241658517241582
Downtown,118,4524,54,0.3267266633669167
Downtown,118,4526,18,0.6170099073878018
Downtown,118,5134,33,0.9375223123802383
Downtown,118,5135,0,0.04755977354962367
Downtown,118,5234,64,0.9525270548500876
Downtown,118,5235,0,0.04197149107086343
Downtown,118,5326,0,0.19569615842283064
Downtown,118,5826,25,0.7881503159342056
Downtown,118,6264,33,0.9633871982812858
Downtown,118,6265,37,0.9623521451000354
Downtown,118,6334,64,0.6663042936699599
Downtown,118,6434,31,0.25415679143229764
Downtown,118,6635,0,0.1778462507590822
Downtown,118,6835,68,0.964807823619378
Downtown,118,6865,0,0.47142987841418826
Downtown,118,6964,0,0.6418250186301239
Downtown,118,6965,0,0.47922081551357326
Downtown,118,7735,0,0.7298494823357373
Downtown,118,7965,25,0.919389887702789
Downtown,11,1634,0,0.3856805113432178
Downtown,11,1865,39,0.8643218233861124
Downtown,11,1866,37,0.7725626091566767
Downtown,11,3512,0,0.39663425975264194
Downtown,11,3536,0,0.3386260658652255
Downtown,11,3609,0,0.042180516326904054
Downtown,11,3636,0,0.1586338660476351
Downtown,11,3666,0,0.2960394042355236
Downtown,11,3692,0,0.20200955554473715
Downtown,11,7039,20,0.9429576688947938
Downtown,11,7737,0,0.11238922003192657
Downtown,121,2224,0,0.08714388769890312
Downtown,121,3023,0,0.23152721632492249
Downtown,121,3024,0,0.12166217104295549
Downtown,121,3163,12,0.7772809724518054
Downtown,121,3223,0,0.2130786396508373
Downtown,121,3224,0,0.20786993687502697
Downtown,121,3263,20,0.7702363933644228
Downtown,121,3328,0,0.1887285671681596
Downtown,121,3471,0,0.1898655162889267
Downtown,121,3523,0,0.09832270410273111
Downtown,121,3524,0,0.4767015710143821
Downtown,121,3772,0,0.12166338747660159
Downtown,121,3824,0,0.16947365019998567
Downtown,121,4024,54,0.8302356412981222
Downtown,121,4026,20,0.6239008052087716
Downtown,121,4524,15,0.5996402457734235
Downtown,121,4634,41,0.9314532531287026
Downtown,121,4734,57,0.9430105569882381
Downtown,121,5326,0,0.23787464385129695
Downtown,121,5764,56,0.9713226877106392
Downtown,121,5765,47,0.9656639185011292
Downtown,121,5834,93,0.5989451645202802
Downtown,121,6134,0,0.409190272897928
Downtown,121,6135,0,0.19682309693206343
Downtown,121,6335,101,0.9278289388680283
Downtown,121,6365,15,0.41857633347071466
Downtown,121,6464,72,0.94964177781278
Downtown,121,6465,44,0.9493927078779729
Downtown,121,6972,0,0.12839696974024295
Downtown,121,7235,0,0.6293615984804064
Downtown,121,7465,44,0.7394114763500056
Downtown,121,7729,0,0.3709550851368342
Downtown,121,8029,0,0.5598579972708856
Downtown,121,8229,0,0.06624812830998754
Downtown,121,8329,0,0.1018318523780538
Downtown,126,1923,0,0.1914490326698198
Downtown,126,1924,38,0.7187898003412792
Downtown,126,2223,17,0.33341333195028755
Downtown,126,2363,0,0.20192475137620428
Downtown,126,2423,0,0.13787908453697093
Downtown,126,2424,0,0.10607734580222325
Downtown,126,2528,0,0.1529167694261654
Downtown,126,2924,13,0.5163744066225906
Downtown,126,2926,20,0.5877739410754589
Downtown,126,3724,0,0.2997152018987984
Downtown,126,3834,83,0.9207887482878037
Downtown,126,3835,0,0.06160258337011761
Downtown,126,3924,0,0.317333545204576
Downtown,126,4024,27,0.3933599783914512
Downtown,126,4028,40,0.5135200398759231
Downtown,126,4226,0,0.1533953960765713
Downtown,126,4964,62,0.9637243665387842
Downtown,126,4965,0,0.6320679856481685
Downtown,126,5034,112,0.8128325372550816
Downtown,126,5334,38,0.9144784109557945
Downtown,126,5335,11,0.6517380476476358
Downtown,126,5535,124,0.958553284796968
Downtown,126,5564,23,0.6063437442669382
Downtown,126,5664,138,0.9714623856082145
Downtown,126,5665,0,0.23785180532399847
Downtown,126,6072,27,0.4570400460610729
Downtown,126,6335,0,0.07763250972656428
Downtown,126,6435,58,0.8000425861853867
Downtown,126,6665,0,0.3444372571241037
Downtown,126,6870,20,0.4611782182181379
Downtown,126,6970,0,0.11153097593111441
Downtown,126,7229,38,0.8965955676471884
Downtown,126,7370,0,0.09917758946320974
Downtown,126,7429,26,0.8640658536934799
Downtown,126,7729,0,0.49262815067468124
Downtown,126,7834,0,0.1868982480149739
Downtown,126,8029,0,0.14458123928871605
Downtown,126,8229,0,0.09511799191731983
Downtown,131,1923,0,0.03968829407700541
Downtown,131,1924,0,0.10897677846318689
Downtown,131,2328,0,0.22623814839889228
Downtown,131,2923,14,0.37038377169040865
Downtown,131,2924,26,0.5216637032130825
Downtown,131,3034,50,0.8984270874818292
Downtown,131,3124,37,0.3155958097634599
Downtown,131,3228,0,0.33602004480602415
Downtown,131,3416,0,0.16300046514171215
Downtown,131,3424,0,0.33480745993199607
Downtown,131,3724,0,0.16774376896888912
Downtown,131,3827,0,0.08755717003672021
Downtown,131,3828,0,0.14716956165587738
Downtown,131,3926,0,0.12670723405637419
Downtown,131,4164,83,0.9697526051720969
Downtown,131,4165,0,0.10813382909809634
Downtown,131,4216,32,0.8295052437708422
Downtown,131,4233,0,0.22745960660118084
Downtown,131,4234,0,0.23100665521104982
Downtown,131,4264,11,0.7911898086284886
Downtown,131,4265,0,0.04889348415346539
Downtown,131,4316,0,0.20164543876196642
Downtown,131,4534,41,0.9701682223650648
Downtown,131,4735,130,0.9623313409201973
Downtown,131,4864,160,0.9632952130716637
Downtown,131,5281,0,0.300891028964301
Downtown,131,5535,30,0.878849853759147
Downtown,131,5635,62,0.8890545942851917
Downtown,131,5785,26,0.7373235211308181
Downtown,131,6070,24,0.3501893385273064
Downtown,131,6129,0,0.6362541535182469
Downtown,131,6170,0,0.049095411157018154
Downtown,131,6270,0,0.05532464698158231
Downtown,131,6370,0,0.11873762388467456
Downtown,131,6429,49,0.7175569412144185
Downtown,131,6570,0,0.31535750529513845
Downtown,131,6575,0,0.04788844289103638
Downtown,131,6629,36,0.7461262178508028
Downtown,131,6929,0,0.7124057817242658
Downtown,131,7034,40,0.9474988319972956
Downtown,131,7129,28,0.7791968307639179
Downtown,131,7229,18,0.6476026939744365
Downtown,131,7429,22,0.895834318820103
Downtown,136,1123,0,0.053377602846218224
Downtown,136,1823,14,0.42410852088476675
Downtown,136,1824,12,0.7371568491423707
Downtown,136,2123,0,0.1392446325861213
Downtown,136,2234,28,0.8617853365324198
Downtown,136,2423,12,0.5265228275158761
Downtown,136,2923,0,0.14419250202919906
Downtown,136,3433,0,0.33065280075436604
Downtown,136,3434,0,0.25726061930159233
Downtown,136,3464,48,0.9735699829292774
Downtown,136,3465,0,0.28855246269024115
Downtown,136,3734,44,0.958732222706096
Downtown,136,3935,129,0.9344064442861125
Downtown,136,4064,177,0.9706791090204149
Downtown,136,4065,0,0.25427704941302665
Downtown,136,4735,0,0.24107635231880947
Downtown,136,4781,0,0.07240536185491754
Downtown,136,4835,0,0.37165951469439956
Downtown,136,5064,0,0.4138580158046169
Downtown,136,5065,0,0.5368220751086247
Downtown,136,5329,0,0.15896447853831322
Downtown,136,5470,27,0.4433860842352007
Downtown,136,5570,0,0.04849060358313929
Downtown,136,5629,53,0.7683965313243759
Downtown,136,5670,0,0.04849060358313929
Downtown,136,5770,0,0.1036684564810764
Downtown,136,5828,18,0.5916902324623304
Downtown,136,5829,60,0.8117424057562285
Downtown,136,5879,16,0.5493553775413645
Downtown,136,5880,27,0.6672408459109381
Downtown,136,6075,0,0.5012478150074848
Downtown,136,6128,4,0.4826999768012595
Downtown,136,6129,32,0.8481251671427522
Downtown,136,6234,49,0.9753218954010554
Downtown,136,6329,0,0.16359536046457382
Downtown,136,6370,0,0.04588176768797775
Downtown,136,6428,12,0.5200295357215817
Downtown,136,6429,20,0.7826883077568847
Downtown,136,6628,14,0.5932677030302124
Downtown,136,6629,44,0.8788862459803085
Downtown,136,7321,0,0.07334070469179188
Downtown,136,7322,0,0.3170802542615756
Downtown,136,7570,0,0.08910481340534153
Downtown,136,7571,0,0.2633507264150121
Downtown,141,2028,0,0.07954074153197517
Downtown,141,2633,38,0.6132694631516411
Downtown,141,2634,38,0.6108294730725021
Downtown,141,2664,21,0.9582741481427254
Downtown,141,2823,0,0.20357087166352936
Downtown,141,2934,21,0.8333741623726909
Downtown,141,3123,0,0.2284566285451258
Downtown,141,3134,0,0.034385825615729414
Downtown,141,3135,93,0.9338181669990766
Downtown,141,3264,83,0.9484003533882228
Downtown,141,3364,0,0.3697753841634263
Downtown,141,3365,0,0.034136605765989814
Downtown,141,4035,94,0.8694547759012974
Downtown,141,4071,31,0.5036247195053536
Downtown,141,4072,18,0.5655421168233737
Downtown,141,4264,0,0.2797433067148168
Downtown,141,4265,0,0.17976206609386025
Downtown,141,4285,0,0.11058824289501325
Downtown,141,4365,0,0.3747325519922616
Downtown,141,4385,0,0.14946360457322075
Downtown,141,4470,0,0.12082677628346725
Downtown,141,4529,0,0.18010173597787127
Downtown,141,5075,14,0.7157244136171131
Downtown,141,5179,0,0.1631547670776288
Downtown,141,5180,0,0.1558102522472258
Downtown,141,5434,68,0.9707850121239122
Downtown,141,5534,30,0.9281249505884083
Downtown,141,5629,51,0.888241761725749
Downtown,141,5670,0,0.1340949509484063
Downtown,141,5828,27,0.6255973134284168
Downtown,141,5829,51,0.7729314274688834
Downtown,141,6769,0,0.05634208126645277
Downtown,141,6770,0,0.0648119075345038
Downtown,141,6970,0,0.03530301426799391
Downtown,146,1123,0,0.045667106122029566
Downtown,146,1823,13,0.41829436010934284
Downtown,146,1824,6,0.5364552535808218
Downtown,146,1833,7,0.5408851057003246
Downtown,146,1933,18,0.8355823978585176
Downtown,146,2123,0,0.20960925304385875
Downtown,146,2134,0,0.31287227926434513
Downtown,146,2335,30,0.8685531435729041
Downtown,146,2423,0,0.10277755865229735
Downtown,146,2434,0,0.08835666327859143
Downtown,146,2435,24,0.8801236144308323
Downtown,146,2564,74,0.9437642821507891
Downtown,146,3235,57,0.8451188455000275
Downtown,146,3564,0,0.22768422824369047
Downtown,146,3565,0,0.3686625692578304
Downtown,146,3728,0,0.055097380063011854
Downtown,146,3729,0,0.1797329523440669
Downtown,146,3770,0,0.06138461878097314
Downtown,146,3828,0,0.3145056159549352
Downtown,146,3870,0,0.040307851544878925
Downtown,146,4028,29,0.7584382336245323
Downtown,146,4029,33,0.7259178115236211
Downtown,146,4070,0,0.05955196149617807
Downtown,146,4270,0,0.11943870827340121
Downtown,146,4328,22,0.4665005894013266
Downtown,146,4329,40,0.7421542238106585
Downtown,146,4529,0,0.19185058305508038
Downtown,146,4734,82,0.9672361313144027
Downtown,146,5822,0,0.24025257949063863
Downtown,146,6070,0,0.29051221455996823
Downtown,146,6170,0,0.05379867464065069
Downtown,146,6465,65,0.9694381591268632
Downtown,146,6671,17,0.5895757586041772
Downtown,146,6872,19,0.7777003916568529
Downtown,146,6973,16,0.6463989910581257
Downtown,146,823,0,0.05503778685826735
Downtown,151,1133,0,0.0849154154132009
Downtown,151,1634,32,0.8423135700925161
Downtown,151,1635,15,0.6462971804170382
Downtown,151,1764,22,0.9014823495145107
Downtown,151,2435,16,0.4394969978975648
Downtown,151,2764,34,0.6279284877393283
Downtown,151,2765,19,0.3393721300794888
Downtown,151,3028,0,0.24658943870290168
Downtown,151,3169,0,0.0407078318411042
Downtown,151,3170,0,0.06386979175797332
Downtown,151,3228,0,0.08122570653088912
Downtown,151,3328,0,0.26407437197708994
Downtown,151,3528,48,0.7096417585898833
Downtown,151,3529,13,0.462871212053658
Downtown,151,3828,55,0.696919853938329
Downtown,151,3829,18,0.3736460208475583
Downtown,151,3934,104,0.9626671966071291
Downtown,151,4028,0,0.41511264248533336
Downtown,151,4029,0,0.28073180514521
Downtown,151,4069,0,0.04667492879734942
Downtown,151,4070,0,0.043644975663958044
Downtown,151,4221,0,0.17149839020172447
Downtown,151,4328,0,0.3829723999820836
Downtown,151,4329,0,0.40173055493847654
Downtown,151,4721,0,0.10290405356048583
Downtown,151,5235,0,0.1322375054577045
Downtown,151,5264,0,0.189611023143035
Downtown,151,5270,0,0.16156068914441274
Downtown,151,5322,0,0.19372420720657887
Downtown,151,5470,0,0.16729853049216228
Downtown,151,5665,97,0.9747391210754588
Downtown,151,5971,0,0.2805987868306932
Downtown,151,6122,0,0.06567485268816928
Downtown,151,6173,0,0.16409524140031595
Downtown,151,6322,22,0.3112804365668254
Downtown,151,6380,26,0.7760142672300537
Downtown,156,1064,0,0.2168272523051509
Downtown,156,1123,0,0.11115119019591671
Downtown,156,1734,0,0.3457578552185888
Downtown,156,2064,26,0.5446840214654939
Downtown,156,2228,26,0.8214398074185538
Downtown,156,2528,60,0.9129079974682339
Downtown,156,2769,0,0.10786490028373501
Downtown,156,2828,0,0.2445339962734241
Downtown,156,2975,37,0.42912157230875103
Downtown,156,3028,0,0.42893140715519995
Downtown,156,3234,51,0.9543320991415652
Downtown,156,3328,0,0.49691502905659896
Downtown,156,3369,0,0.08921668598320698
Downtown,156,3528,0,0.4504319832620607
Downtown,156,3628,0,0.7213035853742571
Downtown,156,4021,0,0.16997989306273062
Downtown,156,4321,0,0.11036295675852192
Downtown,156,4434,0,0.17399624084803936
Downtown,156,4470,0,0.20131321339009964
Downtown,156,4534,0,0.4220987924060312
Downtown,156,4535,0,0.10893127705649923
Downtown,156,4564,42,0.9622935658092933
Downtown,156,4597,0,0.031088413749119213
Downtown,156,4697,0,0.015211728911681712
Downtown,156,4965,94,0.9692483835516379
Downtown,156,5122,0,0.11397667045570478
Downtown,156,5171,31,0.6337931236722304
Downtown,156,5272,0,0.20322555469925896
Downtown,156,5322,0,0.11263055860887612
Downtown,156,5473,0,0.3158343992748184
Downtown,156,5574,0,0.26195743026116924
Downtown,156,5622,0,0.25412230062261904
Downtown,156,5680,0,0.3100756549506685
Downtown,156,834,13,0.5301821179812997
Downtown,156,964,0,0.19437627206026467
Downtown,161,1528,0,0.16313997243314418
Downtown,161,1828,28,0.6247125125982709
Downtown,161,2028,36,0.8329352892728406
Downtown,161,2328,36,0.7292463735047862
Downtown,161,2421,0,0.08547826387690977
Downtown,161,2433,12,0.7375529979225984
Downtown,161,2434,25,0.8907405349920062
Downtown,161,2521,0,0.18264320464372186
Downtown,161,2528,0,0.3315286551739475
Downtown,161,2628,0,0.17551118142123687
Downtown,161,2726,26,0.8449232792434827
Downtown,161,2828,62,0.8781018488056586
Downtown,161,3021,17,0.4432781297578051
Downtown,161,3475,0,0.1667240900257816
Downtown,161,3734,19,0.7302795534532088
Downtown,161,3764,22,0.8942525506954272
Downtown,161,3770,0,0.09796218004175754
Downtown,161,4122,0,0.2007537329749364
Downtown,161,4164,15,0.4112439253516502
Downtown,161,4165,77,0.956189487108852
Downtown,161,4265,0,0.23383046819673736
Downtown,161,4371,11,0.347609935455654
Downtown,161,4471,11,0.285460727302343
Downtown,161,4572,0,0.38430477432429266
Downtown,161,4622,0,0.05767591348354037
Downtown,161,4673,0,0.08575142810497145
Downtown,161,4922,0,0.04899082578250343
Downtown,161,5122,0,0.11809149472853073
Downtown,161,6280,0,0.16588219682649508
Downtown,161,6335,30,0.9208935767781989
Downtown,161,7264,22,0.9081904925039099
Downtown,165,1228,0,0.05407595267493262
Downtown,165,1528,0,0.08653384958742491
Downtown,165,1723,0,0.03569512441179412
Downtown,165,1728,33,0.8082262644675547
Downtown,165,1933,21,0.8477340639476246
Downtown,165,2028,0,0.6331651344347651
Downtown,165,2126,0,0.14753629553835546
Downtown,165,2221,0,0.12277964587371094
Downtown,165,2228,0,0.2304967412007776
Downtown,165,2328,0,0.3201944238476892
Downtown,165,3134,26,0.8091959673271192
Downtown,165,3163,21,0.7973140626477868
Downtown,165,3369,0,1.0
Downtown,165,3564,30,0.9462694659573518
Downtown,165,3565,16,0.9143026966959472
Downtown,165,3665,0,0.4089132497208257
Downtown,165,3771,0,0.05437364664609607
Downtown,165,3972,0,0.11790389063816804
Downtown,165,4022,11,0.5957712993757615
Downtown,165,4073,0,0.14635230335938537
Downtown,165,4622,14,0.2232584741004489
Downtown,165,5835,43,0.9547569408901138
Downtown,165,6664,36,0.9359935510326723
Downtown,166,1328,0,0.0594297363000494
Downtown,166,1628,0,0.25156221810629575
Downtown,166,1733,23,0.7676598181245292
Downtown,166,1828,0,0.17747700743673261
Downtown,166,2025,0,0.13890449000579497
Downtown,166,2128,27,0.9510168797571471
Downtown,166,2621,0,0.1807556568063737
Downtown,166,2821,0,0.09464374404106421
Downtown,166,2969,0,0.22392906097304321
Downtown,166,3034,0,0.4542628845127975
Downtown,166,3063,20,0.7945560953735499
Downtown,166,3169,0,0.059980537788155396
Downtown,166,3464,27,0.9493733035224853
Downtown,166,3465,0,0.617130718217436
Downtown,166,3772,0,0.1096620617381603
Downtown,166,3922,0,0.22047307569445154
Downtown,166,3973,0,0.06366344844851361
Downtown,166,4222,13,0.5543214844937565
Downtown,166,5635,55,0.9265174984458486
Downtown,166,6464,44,0.9585819166246723
Downtown,16,1065,0,0.4590159334200132
Downtown,16,1066,0,0.13145684282957457
Downtown,16,2712,16,0.7967076249163432
Downtown,16,2735,0,0.12792042819724375
Downtown,16,2736,53,0.7758780342395443
Downtown,16,2865,26,0.5897584255359779
Downtown,16,2866,53,0.7890772514202685
Downtown,16,6239,113,0.9697566671127563
Downtown,16,6937,0,0.16663374967330738
Downtown,16,834,36,0.5954782339316006
Downtown,16,965,0,0.1754570595631257
Downtown,171,1227,0,0.040394758263076765
Downtown,171,1427,36,0.7934239187775326
Downtown,171,2221,0,0.04615037701361891
Downtown,171,2263,0,1.0
Downtown,171,2764,21,0.9523035825092777
Downtown,171,2870,0,0.02428335515588686
Downtown,171,3071,0,0.07441180980402076
Downtown,171,4935,72,0.9522645746415795
Downtown,171,5764,58,0.9321449400350679
Downtown,176,1172,16,0.20699142346118896
Downtown,176,3121,0,0.15133436093598054
Downtown,176,4335,81,0.9731282183113048
Downtown,176,4964,0,0.1546501722924556
Downtown,176,5064,68,0.890128269667529
Downtown,176,7166,18,0.8674687180029155
Downtown,176,7638,12,0.609084932437291
Downtown,176,7738,19,0.7190212817747407
Downtown,176,826,20,0.7001696549512151
Downtown,181,224,0,0.06704167368696373
Downtown,181,225,0,0.0754554081682987
Downtown,181,2320,0,0.11237639521665124
Downtown,181,3288,0,0.09752046843047571
Downtown,181,3635,81,0.9642105020405101
Downtown,181,4264,69,0.8811727903727927
Downtown,181,4364,26,0.630953600972492
Downtown,181,6366,34,0.9571058467930285
Downtown,181,7039,54,0.9232080036443587
Downtown,186,3034,63,0.9626985834799375
Downtown,186,3564,41,0.7908146656179941
Downtown,186,5667,67,0.9682539238923427
Downtown,186,6340,0,0.11078030700055146
Downtown,186,6440,82,0.9656944128813708
Downtown,188,2734,14,0.9005497230383918
Downtown,188,2834,33,0.9509714511633584
Downtown,188,3264,0,0.5165751781235789
Downtown,188,3364,0,0.03317083578062654
Downtown,188,4466,0,0.2224618677687176
Downtown,188,5367,74,0.9703924646078544
Downtown,188,6140,127,0.9617297323323324
Downtown,191,2433,2,0.7928878040407071
Downtown,191,2434,38,0.9637936318231054
Downtown,191,2863,24,0.7341405931905817
Downtown,191,4065,0,0.09361588528011151
Downtown,191,4066,0,0.024665956351998208
Downtown,191,4967,81,0.9666916183413327
Downtown,191,5740,191,0.9709355083013496
Downtown,191,6971,20,0.7692189198405961
Downtown,191,7444,27,0.8872013147748115
Downtown,196,1833,9,0.5565061963221808
Downtown,196,4267,96,0.9677606258887629
Downtown,196,5141,264,0.9848434991218805
Downtown,196,6271,0,0.5614885153421395
Downtown,196,6272,22,0.9225986239194152
Downtown,196,6845,43,0.9570412647639918
Downtown,1,2271,13,0.4728728297336603
Downtown,1,3134,135,0.7300809828436636
Downtown,1,3365,35,0.8864929058098039
Downtown,1,3366,35,0.7242046299612964
Downtown,1,3412,0,0.11700775607190161
Downtown,1,3592,0,0.03051378889180982
Downtown,1,3680,0,0.1487818969278163
Downtown,1,3681,0,0.17279716084566343
Downtown,1,4637,0,0.021852862672714024
Downtown,1,4638,0,0.07615410837505909
Downtown,1,4738,0,0.04398125064138426
Downtown,1,5166,96,0.7356936999539249
Downtown,1,5192,0,0.10438623862463027
Downtown,201,3567,63,0.9662999798195196
Downtown,201,4541,271,0.9737104814741977
Downtown,201,5572,41,0.9684437265737694
Downtown,201,6145,140,0.8204974754721237
Downtown,206,2967,21,0.8818388466163768
Downtown,206,3067,13,0.685571295969378
Downtown,206,3841,142,0.9299306071175659
Downtown,206,3941,0,0.16480789124149645
Downtown,206,4270,0,0.10580639937181477
Downtown,206,4972,47,0.9653807453061454
Downtown,206,5545,326,0.9203025083627497
Downtown,206,8942,0,0.08634449033518218
Downtown,211,2568,24,0.828761369831705
Downtown,211,3241,42,0.8416363931622927
Downtown,211,3242,39,0.9214228174266826
Downtown,211,4572,20,0.9656960068833704
Downtown,211,4945,281,0.9354304866016848
Downtown,211,8340,0,0.23961982298325424
Downtown,212,2468,10,0.5470527759602988
Downtown,212,3142,56,0.9376417138466162
Downtown,212,4472,52,0.9544132087748645
Downtown,212,4845,413,0.954992125928342
Downtown,216,2643,42,0.8818280985745356
Downtown,216,4172,23,0.8953348714200053
Downtown,216,4345,274,0.9825193371246282
Downtown,21,165,0,0.30685159512289784
Downtown,21,1836,5,0.4586533459373004
Downtown,21,1935,23,0.7332756253635121
Downtown,21,1936,0,0.38013021262514807
Downtown,21,1965,0,0.8304302812009806
Downtown,21,1966,0,0.29294731716989947
Downtown,21,1992,0,0.08163235148554482
Downtown,21,2066,0,0.4567140700756052
Downtown,21,2195,0,0.05929702143847934
Downtown,21,3576,61,0.7013145614577279
Downtown,21,4563,33,0.9539666704028397
Downtown,21,5339,158,0.9606445463190503
Downtown,21,5439,52,0.8483827805128008
Downtown,21,6137,0,0.2535877826561764
Downtown,21,6138,0,0.08581686044768078
Downtown,221,2044,31,0.9259087241126964
Downtown,221,3672,0,0.3927029878438349
Downtown,221,3745,139,0.9771615184398923
Downtown,221,3772,0,0.43781584545271274
Downtown,221,5673,0,0.09121620555534332
Downtown,221,6775,22,0.6196221146616175
Downtown,226,1544,22,0.6477450481205375
Downtown,226,3245,73,0.9674471397409058
Downtown,226,3273,0,0.0760204900413368
Downtown,226,5045,0,0.05485857174802293
Downtown,226,5145,0,0.020856949372188995
Downtown,226,5344,270,0.9427040597209432
Downtown,226,5444,110,0.5532718132139972
Downtown,231,2745,62,0.9655810916608519
Downtown,231,5875,27,0.4851380597711324
Downtown,231,6126,14,0.6186723330148707
Downtown,235,2443,42,0.9612139491080501
Downtown,235,4345,0,0.2430724847494731
Downtown,235,4346,0,0.10485429920167871
Downtown,235,4544,0,0.18354652656698597
Downtown,235,4644,0,0.31146506937584967
Downtown,235,5375,0,0.2835183323219828
Downtown,235,5926,0,0.3112297261988514
Downtown,236,2443,37,0.968526045463387
Downtown,236,4544,0,0.12697187870725812
Downtown,236,5275,0,0.12193872065149064
Downtown,236,5381,0,0.08823697787099934
Downtown,241,2138,12,0.5314217504587457
Downtown,241,3371,11,0.5379024085636785
Downtown,241,4243,60,0.8475050995391032
Downtown,241,4244,110,0.6312397936417148
Downtown,241,4375,13,0.6722179365366172
Downtown,241,4386,28,0.7900669671869761
Downtown,241,4387,0,0.26016339002150274
Downtown,241,4392,0,0.04045878449838038
Downtown,241,4711,0,0.08700749484787319
Downtown,241,4716,15,0.49249493516405135
Downtown,246,2566,0,0.13311940983783196
Downtown,246,3185,0,0.2486365533384912
Downtown,246,3942,0,0.07976304661052872
Downtown,246,4042,124,0.6912474763422068
Downtown,24,1335,18,0.6908421310573325
Downtown,24,1336,12,0.5310662425236351
Downtown,24,1465,0,0.5929416385230719
Downtown,24,1466,0,0.15491897013763264
Downtown,24,1492,0,0.09007241643222832
Downtown,24,2779,0,0.14174882322016868
Downtown,24,3076,0,0.337993744275356
Downtown,24,4063,40,0.95639372239171
Downtown,24,4239,67,0.8562474853397221
Downtown,24,4839,143,0.9728633710539285
Downtown,24,5537,0,0.158948107162477
Downtown,24,5538,0,0.09483132466458426
Downtown,24,6638,16,0.48651170528292514
Downtown,251,1760,0,0.16256304031991292
Downtown,251,1879,0,0.1035976239336656
Downtown,251,3226,0,0.30995359724125243
Downtown,251,3840,0,0.496492757420713
Downtown,251,4242,0,0.30501061107574806
Downtown,256,3536,67,0.7978001687381217
Downtown,256,3737,0,0.2573263325650907
Downtown,256,4041,0,0.3230226025391454
Downtown,258,3534,0,0.24308582929209654
Downtown,258,3535,0,0.2243723457172556
Downtown,258,3736,0,0.6445082020786178
Downtown,258,7091,0,0.08069365592088579
Downtown,261,3735,0,0.3539275196575726
Downtown,261,7169,0,0.3323671402069317
Downtown,266,3632,0,0.13615602957677653
Downtown,266,3689,0,0.06454193033427018
Downtown,266,3732,0,0.3958736030959246
Downtown,266,4444,0,0.10826225665092627
Downtown,266,4445,0,0.11410066518182498
Downtown,266,4544,0,0.1807238086438322
Downtown,266,4545,0,0.14214292182629998
Downtown,266,6174,14,0.6337971796745804
Downtown,266,7038,26,0.7764553914282238
Downtown,26,1035,0,0.1837516641181359
Downtown,26,1036,0,0.14534494265734202
Downtown,26,1165,34,0.663477813521294
Downtown,26,1166,32,0.5030791206355337
Downtown,26,2973,0,0.11650406732422824
Downtown,26,3663,36,0.9530012388360424
Downtown,26,3939,128,0.8173676362983929
Downtown,26,4439,0,0.1946759161643613
Downtown,26,4539,217,0.9719772113378324
Downtown,26,5237,0,0.185604546758996
Downtown,26,6238,0,1.0
Downtown,271,3431,40,0.6210438179461658
Downtown,271,4044,0,0.12569968041517485
Downtown,271,4144,0,0.15546495316748926
Downtown,271,6741,0,0.3760434680323363
Downtown,276,3030,28,0.7810052843568918
Downtown,276,3543,26,0.6524497540069838
Downtown,276,3544,47,0.7853042064194858
Downtown,276,6240,0,0.08660399618009611
Downtown,276,6241,0,0.29826833876402475
Downtown,276,6242,86,0.5681169915415729
Downtown,281,2430,32,0.8867646229043658
Downtown,281,2985,0,0.261870280969581
Downtown,281,3946,23,0.6519262891418784
Downtown,281,4046,72,0.926571017061005
Downtown,281,5641,167,0.7940790267924482
Downtown,281,5642,0,0.44967514025104766
Downtown,282,2330,12,0.7316152359020601
Downtown,282,2843,0,0.08161446626724565
Downtown,282,2844,0,0.07981501578176915
Downtown,282,2885,38,0.6472585766413501
Downtown,282,3846,91,0.8973640085397139
Downtown,282,5541,0,0.520561790435836
Downtown,282,5542,0,0.5517425784392528
Downtown,286,1730,16,0.45825211821007794
Downtown,286,2343,0,0.08014811491304365
Downtown,286,2344,0,0.10359498556129935
Downtown,286,3346,44,0.9151173174273629
Downtown,286,4942,0,0.14100901466958116
Downtown,286,5042,226,0.8871853802716427
Downtown,286,5676,40,0.6088848384749671
Downtown,291,2646,29,0.8668339789192977
Downtown,291,4342,317,0.7414600048492067
Downtown,291,5076,30,0.8681482489593811
Downtown,291,7085,0,0.16467618719599506
Downtown,296,1946,16,0.6780204119185095
Downtown,296,2033,0,0.29960251895789103
Downtown,296,3541,47,0.7369647270280852
Downtown,296,3542,0,0.10663834483636167
Downtown,296,3641,30,0.7046646636820922
Downtown,296,3642,0,0.20509782794390444
Downtown,296,4376,27,0.8749801068762226
Downtown,296,4378,32,0.7373985472429365
Downtown,296,6229,0,0.06511645774834911
Downtown,296,6329,63,0.8742085198838352
Downtown,296,6385,24,0.6647176543742268
Downtown,296,6531,0,0.04995895863202523
Downtown,296,6631,0,0.1637629601662953
Downtown,296,7076,0,0.05721427375195088
Downtown,301,2842,0,0.12174544671722022
Downtown,301,3576,0,0.1892860374448832
Downtown,301,3578,25,0.68957962855968
Downtown,301,6376,0,0.24316987371764193
Downtown,305,2242,0,0.09323949230270491
Downtown,305,4629,49,0.6583630512111288
Downtown,305,5029,20,0.37714535764605317
Downtown,305,5129,58,0.8584983953905687
Downtown,305,5677,21,0.6432071593217135
Downtown,305,5776,0,0.365594272223317
Downtown,305,5991,0,0.02451782961077047
Downtown,305,7040,0,0.10058144102777147
Downtown,305,7387,0,0.16927921477986946
Downtown,306,4329,0,0.07735010807725755
Downtown,306,4429,29,0.694257616196138
Downtown,306,4829,0,0.3272665047651887
Downtown,306,5791,0,0.08560991943457257
Downtown,306,6840,0,0.17667645487420594
Downtown,306,7187,0,0.25091199640196354
Downtown,306,7386,0,0.28453508702065555
Downtown,306,7585,0,0.1315926910468277
Downtown,306,8425,0,0.049018261705987526
Downtown,311,3929,93,0.8458796065828516
Downtown,311,4776,0,0.5183551664682868
Downtown,311,5988,0,0.07163197924413855
Downtown,311,6031,0,0.24200542273381498
Downtown,311,6088,0,0.06137021200801079
Downtown,311,6130,22,0.8902672463392356
Downtown,311,6228,0,0.5117820120614015
Downtown,311,6475,12,0.6728309768224885
Downtown,311,6586,9,0.5658525161288307
Downtown,311,6686,17,0.7234249329486656
Downtown,311,6785,0,0.061102706025948174
Downtown,311,6885,0,0.25742650239761217
Downtown,316,2929,0,0.19339580543176005
Downtown,316,3385,28,0.7679821244143841
Downtown,316,4077,29,0.7889173629102811
Downtown,316,4490,0,0.07491039104180189
Downtown,316,4690,0,0.15786052513827464
Downtown,316,4889,0,0.18483933578241327
Downtown,316,5088,0,0.3163224090905929
Downtown,316,5288,0,0.1472905910775867
Downtown,316,5487,0,0.09092317368859391
Downtown,316,5686,0,0.17609269241168082
Downtown,316,5725,0,0.51489855350828
Downtown,316,5840,0,0.14436212630057402
Downtown,316,6632,24,0.7673994035245459
Downtown,316,7632,0,0.5275530029527422
Downtown,31,3638,0,0.7519408526221232
Downtown,31,3639,105,0.9668418041474638
Downtown,31,4337,0,0.1258062922997816
Downtown,31,5338,0,0.1833906796658967
Downtown,321,2585,0,0.0661521139558143
Downtown,321,2685,0,0.05873209419995362
Downtown,321,3276,0,0.17633227482285638
Downtown,321,3277,17,0.690669575481801
Downtown,321,4288,0,0.11207595915339393
Downtown,321,4440,0,0.3218511784807792
Downtown,321,4441,148,0.8656145451862219
Downtown,321,4487,0,0.14157110688900973
Downtown,321,4540,0,0.05219414102606126
Downtown,321,4541,39,0.49654372889272624
Downtown,321,4642,98,0.8911949249315385
Downtown,321,4787,0,0.2587852596670773
Downtown,321,4886,0,0.3094348663675907
Downtown,321,5086,23,0.8321686332531205
Downtown,321,5186,22,0.8839480386156611
Downtown,321,5285,28,0.8707575296485754
Downtown,321,5385,13,0.7408423401625521
Downtown,321,5818,0,0.22914799632696897
Downtown,321,5832,99,0.9581801374909288
Downtown,321,5932,51,0.9281299436759374
Downtown,321,6284,0,0.09221262439056005
Downtown,321,6625,0,0.18833221978454742
Downtown,321,6832,0,0.5045086772870885
Downtown,321,7184,0,0.0839800162767051
Downtown,326,2432,0,0.07907867223656509
Downtown,326,3740,0,0.35200176661905774
Downtown,326,3741,117,0.7166236789336189
Downtown,326,3842,55,0.880448984263175
Downtown,326,4186,26,0.6730607556852835
Downtown,326,4386,0,0.3534169936601417
Downtown,326,5118,24,0.8152892002962203
Downtown,326,5132,154,0.9033542963114878
Downtown,326,5320,36,0.6917620360160317
Downtown,326,5325,63,0.4611389268217495
Downtown,326,5520,0,0.2389609108752896
Downtown,326,5525,0,0.19094806635827252
Downtown,326,5825,0,0.2633388736341861
Downtown,326,6032,65,0.9055109504171234
Downtown,326,6132,58,0.8955372955185062
Downtown,328,1832,0,0.09264290019779277
Downtown,328,3440,0,0.3974106736224793
Downtown,328,3886,17,0.530408617933443
Downtown,328,4040,0,0.05729976788956228
Downtown,328,4832,0,0.830419841996044
Downtown,328,4914,0,0.27014996917940476
Downtown,328,5219,0,0.07268579471450697
Downtown,328,5220,0,0.14604110959428013
Downtown,328,5519,0,0.01898772589724201
Downtown,328,5520,0,0.14623487244188965
Downtown,328,5525,34,0.4126018054604493
Downtown,328,5732,47,0.8378021457951926
Downtown,328,5832,88,0.9649064335190031
Downtown,328,6125,0,0.2730180332752504
Downtown,331,3040,38,0.8012065246329978
Downtown,331,3142,33,0.6884776637891948
Downtown,331,3785,0,0.4575456145929235
Downtown,331,4124,0,0.2330697397453829
Downtown,331,4125,0,0.14637047335238135
Downtown,331,4217,14,0.6609969602308189
Downtown,331,4332,31,0.7361107349385634
Downtown,331,4414,0,0.26939585116850523
Downtown,331,4432,126,0.9337218116666587
Downtown,331,4620,0,0.44369643967139
Downtown,331,4625,0,0.29952427686922517
Downtown,331,4820,0,0.1647843091758816
Downtown,331,5119,0,0.05463186971684184
Downtown,331,5120,0,0.3628144909223685
Downtown,331,5332,151,0.8836526537483519
Downtown,331,5625,0,0.20252333886877769
Downtown,331,6575,0,0.16257619978515067
Downtown,336,2240,0,0.09596406197654103
Downtown,336,2241,0,0.1391490387837437
Downtown,336,3085,0,0.11059995860889041
Downtown,336,3614,0,0.16698344657738645
Downtown,336,3632,0,0.2950391853467321
Downtown,336,3714,0,0.04337036967995667
Downtown,336,3720,0,0.060011993772781096
Downtown,336,3732,0,0.13687100251161577
Downtown,336,3925,51,0.4996079678570586
Downtown,336,4425,0,0.13200194618301486
Downtown,336,4632,0,0.7824208550052661
Downtown,336,5875,0,0.17339919696429487
Downtown,336,5876,0,0.3454281709838658
Downtown,336,5877,16,0.8511482682790265
Downtown,336,5923,0,0.35628531650236
Downtown,336,84,0,0.03138260955204138
Downtown,341,2122,0,0.09524607887970249
Downtown,341,2932,0,0.059812666629468214
Downtown,341,3014,0,0.20356284055531626
Downtown,341,3032,0,0.16189102184317733
Downtown,341,3225,0,0.20689186639971976
Downtown,341,3284,0,0.17300482586208646
Downtown,341,3325,24,0.4141096976993285
Downtown,341,3425,28,0.542207527193407
Downtown,341,3932,141,0.8885152613125604
Downtown,341,5076,17,0.8558574391209612
Downtown,341,7741,0,0.14990174245638013
Downtown,346,2130,0,0.10291231803401261
Downtown,346,2332,39,0.38413538555371834
Downtown,346,3232,39,0.8268184624757341
Downtown,346,3332,15,0.7290180212254026
Downtown,346,3484,0,0.09688560857937414
Downtown,346,4477,29,0.7419137776931705
Downtown,346,7140,0,0.14742303943851942
Downtown,346,7142,0,0.09042469156933262
Downtown,351,1631,0,0.060710958098048114
Downtown,351,1632,0,0.08774334994709672
Downtown,351,2632,0,0.16661835208184161
Downtown,351,3775,0,0.24932585231870144
Downtown,351,3776,0,0.20481585821685377
Downtown,351,3828,33,0.6145610610818543
Downtown,351,6233,0,0.14581502136709124
Downtown,351,6428,0,0.04513286813097483
Downtown,351,6429,0,0.6142250833301818
Downtown,351,6433,0,0.15128844088882412
Downtown,351,6440,0,0.2814191981643718
Downtown,351,6441,0,0.0858828371888916
Downtown,351,6442,61,0.47809347930333207
Downtown,352,1532,0,0.09766525398835031
Downtown,352,3628,42,0.8682827995404796
Downtown,352,3675,0,0.15586362433904472
Downtown,352,3676,0,0.07978960186275913
Downtown,352,3677,19,0.7190271063122714
Downtown,352,6329,46,0.5241232487130443
Downtown,352,6333,0,0.28495717692982264
Downtown,352,6340,0,0.294647460285419
Downtown,352,6341,0,0.11015890974836384
Downtown,352,6342,90,0.70647272826441
Downtown,356,3175,0,0.1309856837888938
Downtown,356,5633,45,0.4185007918046206
Downtown,356,5727,0,0.2815683648276263
Downtown,356,5827,32,0.7185538615091559
Downtown,356,5829,50,0.8562377555068608
Downtown,356,5840,0,0.20997889061694958
Downtown,356,5841,0,0.04935378969560377
Downtown,356,5842,0,0.2989090853760539
Downtown,361,4827,45,0.48107058353521404
Downtown,361,5127,0,0.38054412026198925
Downtown,361,5241,74,0.29141846745933514
Downtown,361,5242,235,0.7077634908948648
Downtown,361,7475,30,0.3147877519539465
Downtown,366,4427,44,0.32982103752764264
Downtown,366,4432,0,0.240905715065846
Downtown,366,4433,0,0.24331655280257383
Downtown,366,4640,0,0.634561199589467
Downtown,366,4641,0,0.20495662499147949
Downtown,366,4642,0,0.5584011446057945
Downtown,366,5307,0,0.10199135220972409
Downtown,366,5528,26,0.6018639543421146
Downtown,366,6032,26,0.2782180811994755
Downtown,366,6132,11,0.15529700406927166
Downtown,366,6974,4,0.27623396994860827
Downtown,366,6975,11,0.46219441426038926
Downtown,366,7585,10,0.06596626031705459
Downtown,36,2139,0,0.21156326163598288
Downtown,36,2738,0,0.8477167525407504
Downtown,36,2739,0,0.2770773192558395
Downtown,36,3437,0,0.11459612619934345
Downtown,36,4538,0,0.0647311608455277
Downtown,36,4769,120,0.7881275581946052
Downtown,36,4770,0,0.09251169891590007
Downtown,36,4869,0,0.06142698096481457
Downtown,36,4870,0,0.08468402853232003
Downtown,36,5163,0,0.3301303789320764
Downtown,36,5263,0,0.14160458569293677
Downtown,36,9729,0,0.07756520470203046
Downtown,371,4032,0,0.2724022843888695
Downtown,371,4033,0,0.2199493272144896
Downtown,371,4130,0,0.24884342617346364
Downtown,371,4140,81,0.3558138193939577
Downtown,371,4141,0,0.3717017170876233
Downtown,371,4142,0,0.35554839505063185
Downtown,371,4240,54,0.5585589855938896
Downtown,371,4241,0,0.43485377704076505
Downtown,371,4242,0,0.1912256011466239
Downtown,371,4742,119,0.9377864306197021
Downtown,371,5328,0,0.0855781708063356
Downtown,371,5428,0,0.21444568480837792
Downtown,371,6474,13,0.6630709176882192
Downtown,371,6475,0,0.33287016524723234
Downtown,371,7085,0,0.03044967590463878
Downtown,371,8331,0,0.1494525271845892
Downtown,375,2632,0,0.48330755764721217
Downtown,375,3632,0,0.310491288661393
Downtown,375,3830,0,0.1726636104376086
Downtown,375,3832,0,0.20863358504261573
Downtown,375,3840,0,0.08543955179546926
Downtown,375,3841,0,0.13505819364352634
Downtown,375,3842,0,0.10982915345973916
Downtown,375,4442,0,0.8623362969018172
Downtown,375,5232,0,0.42298894020782857
Downtown,375,6174,35,0.8116143590144025
Downtown,375,6175,0,0.09212002277799478
Downtown,375,8031,0,0.2554252403290611
Downtown,376,2532,0,0.20556306588551623
Downtown,376,3428,36,0.3684313429911773
Downtown,376,3632,0,0.17045172842329556
Downtown,376,3730,19,0.29896960657384314
Downtown,376,3740,33,0.14975055813710497
Downtown,376,3741,0,0.1343062418398045
Downtown,376,3742,0,0.20982635666660418
Downtown,376,3840,83,0.4066034430861084
Downtown,376,3841,0,0.6688666484076613
Downtown,376,3842,0,0.3975809409308569
Downtown,376,4342,142,0.8880057265586423
Downtown,376,5232,0,0.31184812192481287
Downtown,376,6074,36,0.829969419772338
Downtown,376,6174,0,0.6373643852213147
Downtown,376,6685,0,0.23860174402084788
Downtown,381,3332,0,0.18647243548830889
Downtown,381,3430,26,0.17375141214078874
Downtown,381,3440,22,0.2356455283804228
Downtown,381,3441,0,0.1701018144140743
Downtown,381,3442,0,0.138948223273176
Downtown,381,3540,62,0.7551274928580556
Downtown,381,3541,0,0.5601408729317118
Downtown,381,4042,105,0.8798965388238287
Downtown,381,4528,0,0.09051831873773028
Downtown,381,4832,35,0.19146204686206067
Downtown,381,4932,53,0.18205501735444185
Downtown,381,5626,0,0.1462906472016308
Downtown,381,5774,35,0.9173445360864876
Downtown,381,5874,0,0.6375613329107921
Downtown,381,7631,53,0.3304282903275897
Downtown,386,3230,41,0.45956707074936226
Downtown,386,3240,0,0.23284033294794443
Downtown,386,3241,0,0.42598893685079287
Downtown,386,3340,0,0.30877975075442327
Downtown,386,3341,0,0.28662013285214366
Downtown,386,3842,76,0.9175402881975564
Downtown,386,4107,0,0.26103161525945817
Downtown,386,4632,0,0.1540964513440136
Downtown,386,4732,0,0.09215752201092552
Downtown,386,5326,0,0.356598044009278
Downtown,386,5574,27,0.8054806564574362
Downtown,386,6132,0,0.36796937515639294
Downtown,386,6185,0,0.30779103227105137
Downtown,386,7431,58,0.8244707813846877
Downtown,391,1232,0,0.02942837585848303
Downtown,391,2932,0,0.16578756712007073
Downtown,391,3140,0,0.23194471428496832
Downtown,391,3141,54,0.15333176678082677
Downtown,391,3142,29,0.1440653344959279
Downtown,391,3742,76,0.8059203351174852
Downtown,391,4532,0,0.3013269209720467
Downtown,391,5474,0,0.817266209847537
Downtown,391,7231,0,0.5305722989474121
Downtown,391,7331,45,0.8403839753131038
Downtown,396,2384,0,0.05811871338557954
Downtown,396,3040,30,0.4110925417019055
Downtown,396,3041,0,0.17156637094454663
Downtown,396,3042,0,0.1988538365991672
Downtown,396,3140,24,0.4909974895100828
Downtown,396,3141,0,0.6851958025243212
Downtown,396,3642,69,0.8737054000690765
Downtown,396,3907,0,0.10247758106058164
Downtown,396,4432,31,0.23528894502589498
Downtown,396,4532,16,0.17498052274625103
Downtown,396,5374,0,0.8124392866294868
Downtown,396,5931,19,0.22050208700200621
Downtown,396,5932,24,0.18849796181251435
Downtown,396,5985,0,0.0997640602069871
Downtown,396,7231,0,0.666023569869229
Downtown,399,2284,0,0.051774783399557905
Downtown,399,2384,0,0.07933897171424198
Downtown,399,2832,0,0.17012788730511844
Downtown,399,3041,0,0.14928607961493634
Downtown,399,3642,55,0.8636645114043755
Downtown,399,4432,0,0.2548942174378937
Downtown,399,5374,99,0.7241855093331037
Downtown,399,5832,0,0.20044317409940415
Downtown,399,5932,0,0.21061830572664328
Downtown,399,7131,0,0.27444189096641197
Downtown,399,7231,22,0.6594781335152462
Downtown,401,3040,0,0.2525704441403084
Downtown,401,3041,0,0.16275340026250396
Downtown,401,3042,0,0.07734003351922338
Downtown,401,3642,67,0.8061515292226238
Downtown,401,4432,47,0.28142498754293005
Downtown,401,5274,0,0.5793026837018259
Downtown,401,5374,0,0.786641122093709
Downtown,401,5831,16,0.15379668460372156
Downtown,401,5832,44,0.4858149133667621
Downtown,401,7131,16,0.25393553701647503
Downtown,401,7231,26,0.3126874708774011
Downtown,406,2284,0,0.08187820164459994
Downtown,406,3040,0,0.5441347263751556
Downtown,406,3041,0,0.26332251185464356
Downtown,406,3542,59,0.7344419364140125
Downtown,406,4432,0,0.25091557788090485
Downtown,406,5274,39,0.6323345557811845
Downtown,406,5831,10,0.2227137479651835
Downtown,406,5832,24,0.3635626398797379
Downtown,406,7131,22,0.5208237542367
Downtown,411,2940,0,0.3081631389565748
Downtown,411,2941,0,0.3563814688926652
Downtown,411,2942,0,0.0671085760536974
Downtown,411,3542,0,0.8373776705348845
Downtown,411,4332,0,0.18412206500645945
Downtown,411,5274,68,0.48105964461357414
Downtown,411,5831,0,0.22502312346354103
Downtown,411,5832,0,0.27087986673636844
Downtown,411,7031,0,0.18242820612969676
Downtown,411,7131,15,0.7047921456874746
Downtown,416,2930,0,0.15547032729082028
Downtown,416,2940,0,0.1469820938005358
Downtown,416,2941,0,0.2540531872222272
Downtown,416,2942,0,0.059951532820208396
Downtown,416,3542,58,0.8128137897733654
Downtown,416,4332,0,0.20414670666834675
Downtown,416,5274,67,0.8244626337927611
Downtown,416,5732,0,0.17087474342250128
Downtown,416,5832,0,0.1445671916201276
Downtown,416,5885,0,0.13056488794891846
Downtown,416,7031,0,0.2780688665251361
Downtown,416,7131,26,0.5636005170922709
Downtown,41,1938,0,0.14804450614816436
Downtown,41,2470,0,0.038429010561082104
Downtown,41,2571,0,0.08721972816151011
Downtown,41,2637,0,0.05382708503441627
Downtown,41,3637,0,0.19768260341338742
Downtown,41,4363,0,0.21964630337436694
Downtown,41,4669,0,0.1318730889538724
Downtown,41,4670,0,0.08628836825137384
Downtown,41,4770,0,0.01840716150785926
Downtown,421,2732,0,0.0474152639234987
Downtown,421,2940,0,0.23772453887423375
Downtown,421,2941,0,0.4794373229115303
Downtown,421,2942,0,0.13129176099412926
Downtown,421,3542,49,0.8561709572125783
Downtown,421,4128,0,0.22671014078786186
Downtown,421,4332,0,0.2831733598089975
Downtown,421,5174,0,0.22257551961849717
Downtown,421,5274,80,0.6789984982116893
Downtown,421,5731,0,0.17369695848198843
Downtown,421,5732,0,0.26524813839287453
Downtown,421,5832,0,0.17443605846277702
Downtown,421,7031,0,0.4896191921912163
Downtown,421,7131,23,0.6473887707615549
Downtown,422,2930,14,0.11996938471652434
Downtown,422,2940,0,0.44958575298052406
Downtown,422,2941,0,0.11841243423037778
Downtown,422,3542,63,0.8866810967227727
Downtown,422,4128,0,0.11430061101659787
Downtown,422,4332,0,0.21455876401514243
Downtown,422,5174,0,0.3641553473795276
Downtown,422,5274,61,0.6593029151014345
Downtown,422,5732,0,0.2968903090481558
Downtown,422,5885,0,0.12963792970616975
Downtown,422,7031,0,0.5929553783260325
Downtown,422,7131,0,0.5342623995066943
Downtown,426,2930,0,0.2869892070453358
Downtown,426,2940,0,0.3577314497717505
Downtown,426,2941,0,0.4744193384817656
Downtown,426,2942,0,0.13632010563713284
Downtown,426,3542,0,0.725807043353899
Downtown,426,4128,0,0.1703105542457909
Downtown,426,4332,46,0.35878751141784004
Downtown,426,5731,0,0.2481822211930796
Downtown,426,5732,0,0.2599166379042521
Downtown,426,7031,10,0.4955148893786563
Downtown,426,7131,15,0.2943948786484161
Downtown,431,2830,20,0.2613072951080154
Downtown,431,2841,0,0.17222107797466307
Downtown,431,2940,0,0.3642017566485744
Downtown,431,2941,0,0.5908665674655583
Downtown,431,3442,58,0.9113484642390862
Downtown,431,4232,0,0.2362368684136538
Downtown,431,4332,0,0.17370622424827023
Downtown,431,5174,47,0.8015829764926854
Downtown,431,5731,0,0.28494103258958337
Downtown,431,5732,0,0.3523664113432873
Downtown,431,7031,32,0.601880993925388
Downtown,436,2740,0,0.3867355444362722
Downtown,436,2741,0,0.2865975535626275
Downtown,436,2840,0,0.27789016753821677
Downtown,436,2841,0,0.4958966557531857
Downtown,436,3342,51,0.9325083279015375
Downtown,436,3928,29,0.13592513608631068
Downtown,436,4028,23,0.08989702398156713
Downtown,436,4132,0,0.21177868293373533
Downtown,436,4232,0,0.15354509954241613
Downtown,436,5074,66,0.8213002855059435
Downtown,436,5075,0,0.1383276873705925
Downtown,436,5631,19,0.27021799063035645
Downtown,436,5632,47,0.5962978113400814
Downtown,436,6931,63,0.6375361114418803
Downtown,441,2640,0,0.15338788416186908
Downtown,441,2641,39,0.16628164100774187
Downtown,441,3142,0,0.28092165017161846
Downtown,441,3242,0,0.6407556564489568
Downtown,441,4032,0,0.2489222314217664
Downtown,441,4974,80,0.7921629068804358
Downtown,441,5431,29,0.32681133020738345
Downtown,441,5432,32,0.28164502546213127
Downtown,441,5642,0,0.6750849613381182
Downtown,441,5643,0,0.12317972885637454
Downtown,441,5742,0,0.08181972762809861
Downtown,441,6534,0,0.24801635007428738
Downtown,445,2440,0,0.14561205160291552
Downtown,445,2441,36,0.45340095396607166
Downtown,445,2442,0,0.13032298879572812
Downtown,445,3042,38,0.8509088425410747
Downtown,445,3440,0,0.09569599855085277
Downtown,445,4693,0,0.053520042013191126
Downtown,445,4694,0,0.04378592980894985
Downtown,445,4774,74,0.9018020823523138
Downtown,445,4775,0,0.30709143661526905
Downtown,445,5231,0,0.11131758638605893
Downtown,445,5232,0,0.20454821784217733
Downtown,445,5331,0,0.21864364913371737
Downtown,445,5332,0,0.2503701546117035
Downtown,445,6223,0,0.22789646743510183
Downtown,445,6631,68,0.5207796288330402
Downtown,446,2440,0,0.42983273521926113
Downtown,446,2441,0,0.5786153868964782
Downtown,446,2942,40,0.7642207097484255
Downtown,446,3832,0,0.15383282069383028
Downtown,446,4526,0,0.1836249079830795
Downtown,446,4674,0,0.5707573766864352
Downtown,446,4774,0,0.6682558060143272
Downtown,446,5231,0,0.27046586274617634
Downtown,446,5232,0,0.33831679215405547
Downtown,446,6531,30,0.6887434134815452
Downtown,451,2140,0,0.1559704408283089
Downtown,451,2141,0,0.09504563364909466
Downtown,451,2742,27,0.7197744558995385
Downtown,451,3328,0,0.5780959313599214
Downtown,451,4374,17,0.363778019354279
Downtown,451,4474,26,0.6148288045706413
Downtown,451,4931,0,0.3127074831338723
Downtown,451,4932,0,0.2166912445088858
Downtown,451,4985,12,0.36125475309858784
Downtown,451,6331,0,0.5193657444015504
Downtown,456,2440,0,0.8726837208472075
Downtown,456,2839,0,0.08270276949762512
Downtown,456,3974,58,0.6243725755695461
Downtown,456,4485,0,0.3313944588484887
Downtown,456,4731,0,0.19708138449461615
Downtown,456,4732,0,0.45591826020305
Downtown,456,4928,63,0.390249218251742
Downtown,456,6520,0,0.12697143991342338
Downtown,461,2235,0,0.5811494473548772
Downtown,461,3171,0,0.32305580883618146
Downtown,461,3383,9,0.05575998266279125
Downtown,461,4731,0,0.23931345820351932
Downtown,461,4732,0,0.26973817355350677
Downtown,461,4928,0,0.13199987917550215
Downtown,461,4929,0,0.2353207723517175
Downtown,461,5029,0,0.03526456752816842
Downtown,461,5532,0,0.10531995553618417
Downtown,461,5826,9,0.3419740533812272
Downtown,461,5935,0,0.024082295378097092
Downtown,461,6034,0,0.2087934223397013
Downtown,461,6035,0,0.6288460007661827
Downtown,466,2229,0,0.12966901280590157
Downtown,466,2266,0,0.04103821327199475
Downtown,466,4731,0,0.20041630380831257
Downtown,466,5029,0,0.35224919285520495
Downtown,466,5129,0,0.04527631365131431
Downtown,466,5929,0,0.24490596266595463
Downtown,466,5937,0,0.0660771020626746
Downtown,466,5938,0,0.3004692351124896
Downtown,466,8152,0,0.4769326582801871
Downtown,469,4631,0,0.1525476243060436
Downtown,469,4929,0,0.24099426117742917
Downtown,469,4930,0,0.07499097645499812
Downtown,469,5029,0,0.15885083029366798
Downtown,469,5030,0,0.20585982898164634
Downtown,469,5128,0,0.07710855712578889
Downtown,469,5228,0,0.14552444127156736
Downtown,469,5738,0,0.04419543682351967
Downtown,469,5739,0,0.1762156190618658
Downtown,469,5839,0,0.03640107043942968
Downtown,469,7855,27,0.718843025268083
Downtown,46,2737,13,0.3645851923084491
Downtown,46,3869,0,0.08214238325469178
Downtown,46,3870,0,0.043606729279343615
Downtown,46,5939,74,0.8020815697288274
Downtown,46,8329,0,0.04189408080879787
Downtown,46,8330,0,0.055322495355807154
Downtown,471,2412,0,0.08288200288060249
Downtown,471,4531,0,0.3048377774618766
Downtown,471,4929,0,0.10157689171544752
Downtown,471,4930,0,0.4859056125964151
Downtown,471,5289,0,0.04162802506218376
Downtown,471,5831,0,0.4442516480545237
Downtown,471,7657,0,0.6733934206481987
Downtown,476,4431,0,0.6414037062704665
Downtown,476,7061,13,0.3170857280231032
Downtown,476,7062,27,0.795216272953413
Downtown,481,4230,0,0.47804903343359184
Downtown,481,6265,44,0.6096966604228747
Downtown,481,7586,0,0.30275227834345914
Downtown,481,7686,0,0.09959468161561419
Downtown,481,8195,0,0.07084451597264167
Downtown,486,5035,0,0.17017338975940874
Downtown,486,5466,76,0.6272097888498729
Downtown,486,5467,25,0.44235664179730466
Downtown,48,1437,0,0.05942305081697809
Downtown,48,5639,187,0.9603696546775013
Downtown,48,7765,14,0.7541412653756518
Downtown,491,3429,25,0.5847243029728942
Downtown,491,3727,0,0.22911442805945695
Downtown,491,3941,0,0.2890219414758778
Downtown,491,4242,114,0.9661302377692021
Downtown,491,4435,0,0.2096790213531742
Downtown,491,4667,18,0.40776108743151807
Downtown,491,4767,29,0.38412282799029906
Downtown,491,5574,42,0.7973587725854647
Downtown,491,5674,14,0.1833510776303291
Downtown,491,6427,0,0.4950259997081022
Downtown,492,3878,17,0.079856015052939
Downtown,492,3978,0,0.11855735654914472
Downtown,492,4142,113,0.9550184693545238
Downtown,492,4335,0,0.4018604177716299
Downtown,492,4567,94,0.6784497935157515
Downtown,492,5474,25,0.7440940956264286
Downtown,496,3240,0,0.3115170577157574
Downtown,496,3241,0,0.5524403124828041
Downtown,496,3340,0,0.11492193844861838
Downtown,496,3341,0,0.5289932554031527
Downtown,496,3542,79,0.965874512270914
Downtown,496,3835,0,0.24228221103352804
Downtown,496,3967,56,0.6613685360271683
Downtown,496,4774,0,0.5834041461653029
Downtown,496,4874,0,0.8648215473398387
Downtown,496,5627,0,0.30764325885156957
Downtown,501,2540,0,0.12238908510481443
Downtown,501,2842,0,0.9489867160692391
Downtown,501,3135,0,0.14977763480431494
Downtown,501,3166,0,0.6366104530244077
Downtown,501,3266,0,0.19023187622711535
Downtown,501,3267,0,0.1687333997572582
Downtown,506,1777,0,0.050759413617019744
Downtown,506,1840,0,0.18056144870103188
Downtown,506,2142,26,0.8952786192710336
Downtown,506,2466,24,0.684131783232095
Downtown,506,2881,14,0.2663670382996998
Downtown,506,2981,6,0.15501809272180286
Downtown,506,4228,21,0.4964942800119035
Downtown,511,1140,0,0.05165464003201266
Downtown,511,1766,0,0.4932119257855018
Downtown,511,4141,71,0.8966969796289616
Downtown,511,8327,0,0.09671001227413932
Downtown,511,8626,0,0.04421409987501594
Downtown,511,8627,0,0.06633760498735664
Downtown,516,1066,0,0.07085584667366622
Downtown,516,3440,27,0.8962770501200329
Downtown,516,3441,17,0.6065882220265923
Downtown,516,6940,0,0.27256712101830527
Downtown,516,7040,41,0.9617980826600889
Downtown,516,7127,38,0.5992667286947368
Downtown,516,7427,0,0.16069897545375297
Downtown,516,7627,0,0.1874340209041265
Downtown,516,7927,0,0.10428598415890604
Downtown,51,3067,0,0.25640504302513223
Downtown,51,5039,29,0.7501550323914808
Downtown,51,5139,122,0.9627509926679837
Downtown,51,7264,39,0.9684971873570166
Downtown,521,2740,0,0.6242334525997211
Downtown,521,3968,21,0.3261373083401216
Downtown,521,4068,16,0.2461757382875365
Downtown,521,6340,103,0.9634527124435583
Downtown,521,6727,0,0.166491527313614
Downtown,521,6876,19,0.24818840511214543
Downtown,521,7027,0,0.15006294716528837
Downtown,521,7227,0,0.12523516711760144
Downtown,526,2040,16,0.5893098452344663
Downtown,526,4268,52,0.9038183410568557
Downtown,526,5640,64,0.9329206628177207
Downtown,526,6327,0,0.12579184588001932
Downtown,526,6627,0,0.1737918594969283
Downtown,531,3568,33,0.9111089127413977
Downtown,531,5040,106,0.9275520634987009
Downtown,531,5627,0,0.0646790265494636
Downtown,531,5727,0,0.06963462915031912
Downtown,531,5927,0,0.13160324766817189
Downtown,536,2968,17,0.7077215303807353
Downtown,536,4314,0,0.37002353900748103
Downtown,536,4340,111,0.9574651925949451
Downtown,536,4414,0,0.07460785427562966
Downtown,536,5322,0,0.21136486316283867
Downtown,536,5323,0,0.3272170277453219
Downtown,536,5327,0,0.10819532130552292
Downtown,536,5440,75,0.5055498327648182
Downtown,536,7123,0,0.1713177945589137
Downtown,539,3940,32,0.9219048595271372
Downtown,539,4040,55,0.9599761900770357
Downtown,539,4427,0,0.1018988268368867
Downtown,539,4540,77,0.9430754650000519
Downtown,539,4627,0,0.17056073865521287
Downtown,539,4923,20,0.3211156111346159
Downtown,539,5040,0,0.20647249689026714
Downtown,539,5140,0,0.18441104952285084
Downtown,539,6626,0,0.5977587052433083
Downtown,539,8127,0,0.2169533231946588
Downtown,539,8227,0,0.27059855220037127
Downtown,56,1465,0,0.1737833858250272
Downtown,56,2267,30,0.5713160915493831
Downtown,56,2362,22,0.5033134932560964
Downtown,56,3071,0,0.07603275803717363
Downtown,56,3863,18,0.7303238010886802
Downtown,56,3864,34,0.9090405443245435
Downtown,56,4039,36,0.8335538028704664
Downtown,56,4239,211,0.9696971795334468
Downtown,56,6364,53,0.9689201116278414
Downtown,56,6872,0,0.23873424869105353
Downtown,61,2480,0,0.09298078929401482
Downtown,61,3064,26,0.9285098242633835
Downtown,61,3339,77,0.9646523744326343
Downtown,61,5034,35,0.7631836653162971
Downtown,61,5036,76,0.7862040758697085
Downtown,61,5564,86,0.9657736854897143
Downtown,61,6072,20,0.6018006638999742
Downtown,61,6576,25,0.9272378218923673
Downtown,61,6577,19,0.8130496716859245
Downtown,61,7436,0,0.2043894216744921
Downtown,61,8223,0,0.03845185045585304
Downtown,66,2264,22,0.8989880343554257
Downtown,66,2439,10,0.5581291525219625
Downtown,66,2539,36,0.9229467242382255
Downtown,66,4136,30,0.4192755927259533
Downtown,66,4236,87,0.4799426693780387
Downtown,66,4472,0,0.13262250642236295
Downtown,66,4572,0,0.3866009048486408
Downtown,66,4676,0,0.1082270330994327
Downtown,66,4764,118,0.9639100309317745
Downtown,66,5276,0,0.20977244585846136
Downtown,66,5474,29,0.640789096134729
Downtown,66,5476,25,0.39070553760449245
Downtown,66,5576,0,0.10686837406331559
Downtown,66,5784,13,0.5350495504416045
Downtown,66,6382,30,0.8057439765698547
Downtown,66,6386,21,0.7104566038215139
Downtown,66,6664,56,0.9713889032361842
Downtown,66,6822,0,0.1889081152876333
Downtown,66,7122,21,0.5749564696713246
Downtown,66,7627,0,0.1476566488462408
Downtown,6,2434,100,0.8313913810716541
Downtown,6,2565,54,0.8435177904566731
Downtown,6,2566,29,0.7690229848917702
Downtown,6,4212,0,0.0931414279759449
Downtown,6,4312,0,0.24800998876064906
Downtown,6,4366,0,0.08118317738262966
Downtown,6,4466,0,0.1212158977931801
Downtown,6,4492,37,0.6954050986530308
Downtown,6,5673,0,0.20692383537297604
Downtown,6,5691,0,0.1744520500032829
Downtown,71,3964,112,0.9695072182652444
Downtown,71,4876,45,0.9089097426611507
Downtown,71,5179,0,0.32571702679599057
Downtown,71,5363,52,0.8825837639247723
Downtown,71,5482,37,0.8517892977391536
Downtown,71,5864,84,0.9714407466880621
Downtown,71,6222,20,0.8538326691940117
Downtown,71,6270,0,0.06315747979219447
Downtown,71,6522,0,0.2225321832509258
Downtown,71,7127,0,0.25354085275036337
Downtown,76,3064,56,0.9108804337755413
Downtown,76,3876,21,0.4915254880450518
Downtown,76,4076,0,0.12251742802501128
Downtown,76,4079,0,0.41428636032726696
Downtown,76,4186,0,0.05476745713176676
Downtown,76,4379,28,0.6855729685446977
Downtown,76,4382,23,0.687445124556523
Downtown,76,4633,50,0.7397082003856515
Downtown,76,4682,26,0.5404318406127834
Downtown,76,4964,120,0.9720625061926711
Downtown,76,5122,36,0.39950025876247786
Downtown,76,5235,0,0.15092822084250948
Downtown,76,5236,164,0.7844312641176071
Downtown,76,7529,46,0.8951025444283938
Downtown,76,7722,0,0.2664188917583531
Downtown,76,7829,16,0.5107872394140284
Downtown,76,8029,0,0.18786819285337153
Downtown,76,8129,0,0.15274380148710334
Downtown,81,2876,23,0.6531522228146791
Downtown,81,3176,18,0.6859862556246877
Downtown,81,3178,19,0.5977015621985688
Downtown,81,3479,47,0.7642401775835108
Downtown,81,3482,13,0.5351325585139267
Downtown,81,3782,0,0.39690635296684307
Downtown,81,3785,0,0.14861880713672132
Downtown,81,3786,0,0.1953910731264065
Downtown,81,4163,25,0.8732118005087944
Downtown,81,4164,126,0.9748044643166066
Downtown,81,4322,38,0.8967758632329078
Downtown,81,4738,38,0.8121643838523442
Downtown,81,4739,20,0.5252548336780943
Downtown,81,5122,0,0.09875133973771498
Downtown,81,5422,0,0.15802511975168682
Downtown,81,5622,37,0.7682134554229935
Downtown,81,5822,0,0.395277182217582
Downtown,81,5926,19,0.5247172299123879
Downtown,81,5927,45,0.8002583602144386
Downtown,81,6088,0,0.10966313474954931
Downtown,81,6188,0,0.17956052856467236
Downtown,81,6622,39,0.8549447864042302
Downtown,81,6729,42,0.9291449802070724
Downtown,81,6822,40,0.8218065473183144
Downtown,81,6929,33,0.9289949610118918
Downtown,81,8029,0,0.07462019055284341
Downtown,86,2276,21,0.5996492984435248
Downtown,86,2579,19,0.42592515189540053
Downtown,86,2633,42,0.7762405581244564
Downtown,86,2970,0,0.2389171106280491
Downtown,86,3263,36,0.9657357695876225
Downtown,86,3264,57,0.9655148355154134
Downtown,86,3436,0,0.15874306233584912
Downtown,86,3536,0,0.14238352549360653
Downtown,86,3838,36,0.8850009131478301
Downtown,86,4722,19,0.7882917975560318
Downtown,86,4822,16,0.6408124621189434
Downtown,86,5829,0,0.5874662503235282
Downtown,86,5922,10,0.4352026547566853
Downtown,86,6022,20,0.8678503438030327
Downtown,86,6029,0,0.2636568787521554
Downtown,86,6129,0,0.27865116681582575
Downtown,86,6629,34,0.8207837621851147
Downtown,86,6829,26,0.8879523293875986
Downtown,86,7129,0,0.6720284185223994
Downtown,86,7134,16,0.4819913032543339
Downtown,91,1476,0,0.07255919878011714
Downtown,91,1479,0,0.09343820158049475
Downtown,91,2363,31,0.8958184538213443
Downtown,91,2364,34,0.9110058339415232
Downtown,91,2938,30,0.9219759775485227
Downtown,91,3327,0,0.315970994513819
Downtown,91,3927,0,0.19079489758815707
Downtown,91,4027,0,0.150745104183396
Downtown,91,4822,32,0.8833473696912854
Downtown,91,5034,65,0.720066787918189
Downtown,91,5429,0,0.16627149244357836
Downtown,91,5729,0,0.37271671849162236
Downtown,91,5929,0,0.1371850447205086
Downtown,91,6029,0,0.13905058988054328
Downtown,91,6229,30,0.8213839239570423
Downtown,91,6234,0,0.29628827588421175
Downtown,91,6235,0,0.33305169995890127
Downtown,91,6629,0,0.10438706048319299
Downtown,91,8124,0,0.2299627578713303
Downtown,91,8728,0,0.04330955964384229
Downtown,95,1370,0,0.13685585577749304
Downtown,95,1663,0,0.1864642824442449
Downtown,95,1984,0,0.07075087427529839
Downtown,95,2238,22,0.6742580675700756
Downtown,95,4229,0,0.32788988320491586
Downtown,95,4334,0,0.803520067818946
Downtown,95,4385,0,0.7609441089982051
Downtown,95,4429,0,0.07455009149123801
Downtown,95,4529,0,0.05932589401160124
Downtown,95,5529,0,0.15041021988956785
Downtown,95,8028,0,0.08971242308154026
Downtown,95,8224,0,0.09358852221682959
Downtown,96,3230,0,0.09625922380501961
Downtown,96,3330,0,0.13268058210418404
Downtown,96,4029,0,0.38701096402946555
Downtown,96,4134,20,0.8244585844686952
Downtown,96,4329,0,0.13594561504667252
Downtown,96,4529,0,0.026630834071448714
Downtown,96,5329,0,0.17963282192660784
Downtown,96,5334,82,0.7748041452319973
Downtown,96,5335,31,0.5386409078451622
Downtown,96,8024,0,0.17027315342772018
Mississippi,1000,3443,0,0.2004196962406771
Mississippi,1000,4043,0,0.6953770566311503
Mississippi,1000,6443,40,0.9462202573094469
Mississippi,1001,3243,0,0.3755625577579671
Mississippi,1001,3843,0,0.372296460398476
Mississippi,1001,6243,92,0.9629526825312471
Mississippi,1002,3043,0,0.3691238243898304
Mississippi,1002,3643,0,0.5123065765494621
Mississippi,1002,6043,115,0.9653376444651349
Mississippi,1003,2843,0,0.3706547689466603
Mississippi,1003,3443,0,0.665034948399127
Mississippi,1003,3543,0,0.07221933503648925
Mississippi,1003,3771,62,0.4186602554465087
Mississippi,1003,3871,19,0.13222175566812197
Mississippi,1003,5843,147,0.9550425924992927
Mississippi,1003,6327,22,0.29045701131007556
Mississippi,1003,6328,27,0.3390721309055033
Mississippi,1004,2643,0,0.19688413653282374
Mississippi,1004,2743,0,0.09624183798012168
Mississippi,1004,3243,0,0.2833988452264546
Mississippi,1004,3343,0,0.19219545907822363
Mississippi,1004,3571,44,0.5766927400818298
Mississippi,1004,3671,22,0.17415274830219307
Mississippi,1004,5643,214,0.9504151963746608
Mississippi,1004,6127,0,0.2784012842181281
Mississippi,1004,6128,0,0.35548435830517666
Mississippi,1005,2443,0,0.31385988872636994
Mississippi,1005,2543,0,0.32906666391588096
Mississippi,1005,3043,0,0.18042169520422527
Mississippi,1005,3143,0,0.15242369510412948
Mississippi,1005,5443,243,0.9642833467954691
Mississippi,1005,5927,0,0.12909431220744025
Mississippi,1005,5928,0,0.14321858748029412
Mississippi,1005,6567,0,0.02193120588809179
Mississippi,1005,6666,0,0.6422990397056978
Mississippi,1005,6667,0,0.376996933604136
Mississippi,1006,2343,0,0.23942528582232972
Mississippi,1006,2943,0,0.20022994314173914
Mississippi,1006,5243,292,0.9710796878988678
Mississippi,1006,5816,0,0.16321511361336705
Mississippi,1006,6367,0,0.048469217380315795
Mississippi,1006,6466,50,0.5116256220724449
Mississippi,1006,6467,46,0.5117780099431737
Mississippi,1006,7518,0,0.1574723966351046
Mississippi,1007,2143,27,0.3709956296214955
Mississippi,1007,2743,0,0.12252456029467776
Mississippi,1007,5043,240,0.9597218145646325
Mississippi,1007,6266,32,0.19468489285859955
Mississippi,1007,6267,32,0.12891724114034922
Mississippi,1008,1943,21,0.17981974510608573
Mississippi,1008,2543,0,0.18532955744385704
Mississippi,1008,4843,182,0.9188127053923524
Mississippi,1008,5417,0,0.45637279668428365
Mississippi,1009,1743,0,0.3006415147916115
Mississippi,1009,2343,0,0.08968018012131597
Mississippi,1009,4643,264,0.9713240397184387
Mississippi,1009,5127,0,0.34845976104865917
Mississippi,1009,5128,0,0.2107890952570936
Mississippi,1009,5216,0,0.08263291051455994
Mississippi,1009,5217,0,0.1145181319884103
Mississippi,100,2625,0,0.3201565410115431
Mississippi,100,3530,84,0.6238444713453263
Mississippi,100,5188,0,0.09850202667721604
Mississippi,100,5462,0,0.7444477945611843
Mississippi,100,5562,0,0.7556777136861956
Mississippi,100,5581,0,0.3502482832449866
Mississippi,100,6134,0,0.4218602665987604
Mississippi,100,6328,25,0.38845469009464834
Mississippi,100,6428,28,0.3952211980134357
Mississippi,100,9243,0,0.09231250007119104
Mississippi,1010,1543,18,0.31165780684362665
Mississippi,1010,4443,291,0.9751409051474331
Mississippi,1010,4543,0,0.06843710395431678
Mississippi,1010,4927,0,0.13989595882144465
Mississippi,1010,4928,0,0.0783274171474879
Mississippi,1010,6405,0,0.08251313164751894
Mississippi,1010,6718,0,0.3684569569282899
Mississippi,1011,1343,0,0.07053540242032023
Mississippi,1011,1943,0,0.251759710304041
Mississippi,1011,4243,192,0.9721712158908202
Mississippi,1011,4343,0,0.5303020155475435
Mississippi,1011,4727,0,0.16057883616901591
Mississippi,1011,4728,0,0.09388230409700067
Mississippi,1011,5509,0,0.05718896774473888
Mississippi,1011,6518,9,0.3336880084473471
Mississippi,1011,8231,0,0.032968418009987024
Mississippi,1011,8232,0,0.028133882869071404
Mississippi,1012,1743,0,0.2368045389611447
Mississippi,1012,4043,162,0.9566163719440494
Mississippi,1012,4143,49,0.8885008368761648
Mississippi,1012,5266,0,0.2519402740462706
Mississippi,1012,5310,0,0.07988063247414597
Mississippi,1012,5366,25,0.43141043396913725
Mississippi,1012,8031,0,0.04105314520074156
Mississippi,1012,8032,0,0.05531586659763766
Mississippi,1013,3843,82,0.9600514132140237
Mississippi,1013,3943,80,0.9564558500314926
Mississippi,1013,6118,0,0.15006370905462194
Mississippi,1013,8118,0,0.04326410157506757
Mississippi,1013,8425,0,0.072079457164404
Mississippi,1014,3643,41,0.9449388878207755
Mississippi,1014,3743,91,0.9569238305366456
Mississippi,1014,4966,35,0.3050997988568961
Mississippi,1014,5605,0,0.45790439668167315
Mississippi,1014,6921,0,0.10571696790940756
Mississippi,1014,6922,0,0.13815799866971723
Mississippi,1014,7918,0,0.07837058107344064
Mississippi,1015,3543,94,0.9645133762753709
Mississippi,1015,4116,0,0.15524321680923808
Mississippi,1015,5405,0,0.5543800649589298
Mississippi,1015,7718,0,0.054312716068393926
Mississippi,1016,3343,86,0.9628022155810777
Mississippi,1016,5618,0,0.1490163008359408
Mississippi,1017,3143,64,0.9644946986769858
Mississippi,1017,3617,0,0.047954056596500504
Mississippi,1017,3628,0,0.11832477542573287
Mississippi,1017,3717,0,0.12094410978184351
Mississippi,1017,6321,0,0.29042544878662285
Mississippi,1017,6322,0,0.32454743829937543
Mississippi,1017,7418,0,0.1467774864036592
Mississippi,1018,2943,41,0.9664723007766302
Mississippi,1018,3428,28,0.14488593465474847
Mississippi,1018,5218,0,0.45101693299810197
Mississippi,1018,6931,0,0.18034915099468637
Mississippi,1018,6932,0,0.12148162806992346
Mississippi,1019,2743,18,0.9586512164634119
Mississippi,1019,3227,0,0.11845782800758381
Mississippi,1019,3228,0,0.19216334604135032
Mississippi,1019,5018,0,0.6025200078347918
Mississippi,1019,6731,0,0.23165871949371852
Mississippi,101,2426,0,0.1685044970462767
Mississippi,101,3331,0,0.49119199968464117
Mississippi,101,3430,0,0.43388664322084025
Mississippi,101,3431,0,0.3014202786704182
Mississippi,101,5188,19,0.20385382091151824
Mississippi,101,5462,284,0.7931248279833176
Mississippi,101,5581,0,0.12712708728547606
Mississippi,101,5934,0,0.18035651173075362
Mississippi,1020,2543,36,0.9258151708094494
Mississippi,1020,3027,22,0.20931558804691064
Mississippi,1020,3028,16,0.15910516343267975
Mississippi,1020,3116,0,0.06905587248702665
Mississippi,1020,4818,23,0.7945504447315842
Mississippi,1020,5721,0,0.2270753635948603
Mississippi,1020,5722,0,0.1651372344907748
Mississippi,1021,2343,23,0.9028188887914619
Mississippi,1021,2827,14,0.1497179935358226
Mississippi,1021,2828,18,0.17414932961172117
Mississippi,1021,4305,0,0.027743565400580133
Mississippi,1021,4618,18,0.6054698452091113
Mississippi,1021,6331,28,0.35654014329754596
Mississippi,1021,6332,0,0.14053018049704594
Mississippi,1021,6612,0,0.08286663407231276
Mississippi,1021,6618,0,0.2330613133003331
Mississippi,1021,6825,0,0.1987899035926771
Mississippi,1022,2143,19,0.8142911263651754
Mississippi,1022,2717,0,0.10188358373572444
Mississippi,1022,4418,0,0.6862317812822843
Mississippi,1022,6131,65,0.256194015752266
Mississippi,1022,6132,0,0.031228762709142037
Mississippi,1022,6231,23,0.038944771899062695
Mississippi,1022,6625,29,0.4215741420304338
Mississippi,1022,6725,13,0.21699878506677175
Mississippi,1023,1943,20,0.8740413530459148
Mississippi,1023,2428,0,0.15800399087130085
Mississippi,1023,4218,0,0.7153134327952945
Mississippi,1023,5931,63,0.36734570378257275
Mississippi,1023,6425,0,0.17258646687910564
Mississippi,1023,6525,0,0.15955616425566935
Mississippi,1024,1743,0,0.27537799896578813
Mississippi,1024,4018,0,0.43565742611768565
Mississippi,1024,4921,0,0.15151102629771784
Mississippi,1024,5021,0,0.10249889362171921
Mississippi,1024,5731,0,0.2806813350879086
Mississippi,1024,5831,0,0.20094686978491963
Mississippi,1024,6225,24,0.569665552958491
Mississippi,1024,6325,32,0.784306412450442
Mississippi,1025,3030,0,0.20855975530357507
Mississippi,1025,3818,0,0.33232684040273786
Mississippi,1025,5531,0,0.6135098633539191
Mississippi,1025,5631,0,0.24784959321451155
Mississippi,1025,5818,24,0.6159250576365852
Mississippi,1025,6025,13,0.24251070409753173
Mississippi,1025,6125,49,0.6119843513996698
Mississippi,1026,3618,0,0.2232773882614031
Mississippi,1026,4621,0,0.079840742652352
Mississippi,1026,4622,0,0.06663610273179524
Mississippi,1026,5331,0,0.35150923558675823
Mississippi,1026,5431,0,0.5384512940753687
Mississippi,1026,5713,14,0.2182052999619371
Mississippi,1026,5825,0,0.11736692703469462
Mississippi,1026,5925,44,0.7517002228215228
Mississippi,1027,3418,0,0.267029961000142
Mississippi,1027,4421,0,0.19314739147316073
Mississippi,1027,4422,0,0.2550505270749195
Mississippi,1027,5131,0,0.09258839011497333
Mississippi,1027,5132,0,0.03490132720299898
Mississippi,1027,5231,0,0.36950907961224605
Mississippi,1027,5418,0,0.5224601398010018
Mississippi,1027,5725,43,0.7474116979237527
Mississippi,1028,4221,0,0.14736134190709635
Mississippi,1028,4222,0,0.2921959499902658
Mississippi,1028,4931,0,0.13275925335706934
Mississippi,1028,5031,0,0.2840376368904044
Mississippi,1028,5218,0,0.42664325408775355
Mississippi,1028,5318,0,0.5119826208151849
Mississippi,1028,5525,63,0.6296069597127868
Mississippi,1029,3018,28,0.16800809094812968
Mississippi,1029,4021,0,0.1254087991666926
Mississippi,1029,4022,0,0.2857784878400157
Mississippi,1029,5018,17,0.5536383418291142
Mississippi,1029,5118,21,0.8228717856388766
Mississippi,102,2227,0,0.07840797162606193
Mississippi,102,3231,75,0.6363755595250332
Mississippi,102,4626,22,0.21075637217116025
Mississippi,102,4738,0,0.0238230309200656
Mississippi,102,4739,0,0.06415747429523923
Mississippi,102,5188,0,0.1179360979199616
Mississippi,102,5288,0,0.0488847003440521
Mississippi,102,5361,0,0.7010232924149485
Mississippi,102,5362,0,0.8702017322904498
Mississippi,102,5461,0,0.22661460922686838
Mississippi,102,5462,0,0.1129837847305323
Mississippi,102,5833,0,0.18847710429388218
Mississippi,102,5834,0,0.32514880833402016
Mississippi,1030,3821,0,0.07832684101275429
Mississippi,1030,3822,0,0.11838482222486489
Mississippi,1030,4631,0,0.5118325934914881
Mississippi,1030,4918,0,0.1967441493301271
Mississippi,1030,5125,116,0.6753064227845288
Mississippi,1031,3622,0,0.09673940244418591
Mississippi,1031,4431,0,0.5105582651681971
Mississippi,1031,4925,53,0.6154472801456489
Mississippi,1032,4231,0,0.49138047051304906
Mississippi,1032,4513,0,0.08985127192033854
Mississippi,1032,4517,6,0.04945422898780416
Mississippi,1032,4518,17,0.19266434667771412
Mississippi,1032,4725,39,0.7067799474776923
Mississippi,1033,4318,37,0.43308967187029046
Mississippi,1033,4525,41,0.9078836080862923
Mississippi,1033,5343,36,0.7935842500469437
Mississippi,1034,3831,0,0.4549114346722571
Mississippi,1034,5143,296,0.9375662883345844
Mississippi,1035,3631,0,0.5318552592037784
Mississippi,1035,3731,0,0.1019018021447885
Mississippi,1035,4943,212,0.9509266153997012
Mississippi,1036,3925,25,0.3480368797124963
Mississippi,1036,4743,295,0.9692417246482945
Mississippi,1037,4543,176,0.9697459166215402
Mississippi,1037,7927,0,0.08758520307794497
Mississippi,1038,1318,0,0.06752984539435722
Mississippi,1038,4343,82,0.9706707415860951
Mississippi,1039,2831,0,0.1444835873351731
Mississippi,1039,2931,0,0.3873777896616482
Mississippi,1039,4143,125,0.9562304553629324
Mississippi,103,4165,0,0.31714227379305804
Mississippi,103,4539,0,0.0967193091669026
Mississippi,103,4638,0,0.060168186330517445
Mississippi,103,4639,0,0.09488547415413416
Mississippi,103,5261,0,0.27164425058984554
Mississippi,103,5361,237,0.9527028368429451
Mississippi,103,5362,22,0.1486360874064404
Mississippi,103,5580,0,0.1780014989944487
Mississippi,103,5633,0,0.1631450496646667
Mississippi,103,5733,0,0.1339537098341132
Mississippi,103,5927,0,0.41256796064112555
Mississippi,103,6344,0,0.06773379135091352
Mississippi,103,6345,0,0.11925679262536272
Mississippi,1040,2631,9,0.2283421113633918
Mississippi,1040,3225,10,0.37499232278556816
Mississippi,1040,3330,0,0.3697626524527448
Mississippi,1040,3943,98,0.94843857168329
Mississippi,1041,2531,0,0.40371757549969894
Mississippi,1041,3743,160,0.9637578153477063
Mississippi,1042,3543,125,0.9383396518908377
Mississippi,1043,2131,0,0.4078927652777057
Mississippi,1043,3343,112,0.9096045024436141
Mississippi,1044,1931,0,0.2547162400531123
Mississippi,1044,3143,81,0.9623967998130715
Mississippi,1044,3243,0,0.18283613856939943
Mississippi,1044,5219,21,0.3719179852874169
Mississippi,1044,8343,0,0.11178096105159445
Mississippi,1045,1731,0,0.35627396339082756
Mississippi,1045,2330,0,0.06789595999538066
Mississippi,1045,2943,33,0.9153359156646954
Mississippi,1045,3043,0,0.4091614275954244
Mississippi,1045,8143,22,0.6319835356008632
Mississippi,1046,1531,0,0.3214870744155362
Mississippi,1046,2130,0,0.09869346593295628
Mississippi,1046,2743,0,0.8843646230762805
Mississippi,1046,2843,0,0.861852287264584
Mississippi,1046,7943,12,0.792091422238594
Mississippi,1047,1331,0,0.28971462694185013
Mississippi,1047,1825,0,0.2711089640222287
Mississippi,1047,2643,52,0.958314290649089
Mississippi,1047,7743,36,0.923684487539155
Mississippi,1048,1131,0,0.07291713210777385
Mississippi,1048,2443,42,0.9125509147157363
Mississippi,1048,7543,36,0.9402317582789909
Mississippi,1049,2243,10,0.8047708943799063
Mississippi,1049,2670,0,0.0581751729544463
Mississippi,1049,7343,19,0.9060196675640905
Mississippi,1049,931,0,0.04991236667167576
Mississippi,104,2932,74,0.4022347207668279
Mississippi,104,4065,0,0.3308986322276173
Mississippi,104,5261,321,0.8808157148700289
Mississippi,104,5480,0,0.19247868908395813
Mississippi,104,5533,0,0.16734883134428286
Mississippi,104,5580,0,0.30464374340878564
Mississippi,104,5726,32,0.3075585816097215
Mississippi,1050,2043,41,0.7074619438464876
Mississippi,1050,7143,20,0.9419654674597092
Mississippi,1051,1843,29,0.6561638020057199
Mississippi,1051,6943,63,0.967800604875523
Mississippi,1052,1643,0,0.39586738312641084
Mississippi,1052,6743,76,0.9651936135451566
Mississippi,1053,1443,0,0.20917525671365206
Mississippi,1053,6543,96,0.9453116940703195
Mississippi,1054,6343,123,0.9615725835153623
Mississippi,1055,1043,0,0.12948994671765873
Mississippi,1055,6143,117,0.9661856130718479
Mississippi,1056,5943,150,0.9630840763223855
Mississippi,1057,5743,183,0.9557240331307234
Mississippi,1058,5543,245,0.9550817522292058
Mississippi,1058,8321,0,0.0375287389716936
Mississippi,1058,8322,0,0.0904974870596127
Mississippi,1059,5343,286,0.9559781470723357
Mississippi,1059,8121,0,0.13545096891162225
Mississippi,1059,8122,0,0.0638595605518368
Mississippi,105,2732,17,0.431867891194216
Mississippi,105,2832,18,0.45102201942793885
Mississippi,105,4338,0,0.01886214441583873
Mississippi,105,4339,0,0.10885718587993141
Mississippi,105,5161,308,0.9659949817156601
Mississippi,105,5187,0,0.09211038660986967
Mississippi,105,5333,24,0.5621678953450279
Mississippi,105,5433,32,0.40690214966668253
Mississippi,105,5526,0,0.13545125937319966
Mississippi,105,5626,0,0.06553015584678659
Mississippi,105,8637,18,0.4974052687981953
Mississippi,1060,5143,295,0.9721406864127763
Mississippi,1060,8918,0,0.15610619971497072
Mississippi,1060,9343,0,0.16222252532092157
Mississippi,1060,9344,0,0.12929073501385305
Mississippi,1060,9516,0,0.04494437979867112
Mississippi,1061,4943,194,0.9392757421520594
Mississippi,1061,6209,0,0.3796196578186242
Mississippi,1061,9143,0,0.21122936007526077
Mississippi,1061,9144,0,0.23370029774919107
Mississippi,1061,9316,0,0.08003700553634573
Mississippi,1062,4743,272,0.9762466875125178
Mississippi,1062,6009,0,0.3331227842089848
Mississippi,1062,8943,0,0.2258281347215908
Mississippi,1062,8944,0,0.1588631865608902
Mississippi,1062,9116,0,0.05049247442591991
Mississippi,1063,4543,270,0.9768123704349114
Mississippi,1063,8743,0,0.32177025313567864
Mississippi,1064,4343,261,0.9717494711385892
Mississippi,1064,8118,0,0.30563070457489155
Mississippi,1064,8543,0,0.23465649623832532
Mississippi,1064,8544,0,0.1869837136036504
Mississippi,1065,4143,0,0.9699508422111026
Mississippi,1065,8343,19,0.5130434250420368
Mississippi,1065,8344,16,0.40513516867808613
Mississippi,1066,3943,122,0.966449300619301
Mississippi,1066,5209,0,0.23509071624069725
Mississippi,1066,5401,0,0.06959839005776677
Mississippi,1066,7718,23,0.24615668817978623
Mississippi,1066,8143,18,0.6542384165288764
Mississippi,1066,8144,11,0.39800289964671987
Mississippi,1067,3743,86,0.9649563757188802
Mississippi,1067,7518,0,0.13856720259255728
Mississippi,1067,7919,0,0.11837962402499562
Mississippi,1067,7943,18,0.58739612746917
Mississippi,1067,7944,0,0.3103347020512647
Mississippi,1067,8116,16,0.0732200445344131
Mississippi,1068,3543,86,0.9646562485936123
Mississippi,1068,4809,0,0.10838468020325337
Mississippi,1068,7318,0,0.11309578778285678
Mississippi,1068,7743,24,0.5801531079421678
Mississippi,1068,7744,16,0.36347117973038
Mississippi,1068,7916,0,0.07715666180550763
Mississippi,1068,8826,0,0.11770072987359498
Mississippi,1069,3343,47,0.9555408105282317
Mississippi,1069,7118,25,0.2942529161227183
Mississippi,1069,7519,14,0.17597180200715457
Mississippi,1069,7543,35,0.5420385499440628
Mississippi,1069,7544,29,0.25789962152153145
Mississippi,1069,8626,0,0.1863402827489344
Mississippi,106,2632,0,0.387018820455511
Mississippi,106,2633,31,0.6760457342269157
Mississippi,106,4139,0,0.08480325032596243
Mississippi,106,4239,0,0.1150410946584562
Mississippi,106,5061,111,0.9146956671610909
Mississippi,106,5161,0,0.7912638645177559
Mississippi,106,5187,42,0.2917234031947202
Mississippi,106,5233,0,0.47605894101080676
Mississippi,106,5426,41,0.2355901547615457
Mississippi,106,5480,43,0.450395813519673
Mississippi,106,5943,0,0.19629545805604925
Mississippi,106,5944,0,0.22004205517406364
Mississippi,106,8536,0,0.07956710251665443
Mississippi,106,9737,0,0.015189577280496285
Mississippi,1070,3143,41,0.9548007070318196
Mississippi,1070,4406,0,0.07897579014950254
Mississippi,1070,6918,0,0.11048443147052628
Mississippi,1070,7319,14,0.4284120262937049
Mississippi,1070,7343,34,0.6911945942279233
Mississippi,1070,7344,20,0.29503583623338875
Mississippi,1070,8426,21,0.11300517335515387
Mississippi,1071,2943,29,0.9621248445456619
Mississippi,1071,4206,0,0.042503921883859895
Mississippi,1071,4209,0,0.24381767699592843
Mississippi,1071,6718,22,0.32227130363249606
Mississippi,1071,7143,0,0.769651552474911
Mississippi,1071,7144,0,0.31627001721825454
Mississippi,1071,8043,15,0.2257541715573477
Mississippi,1071,8226,22,0.08322461663567102
Mississippi,1072,2743,45,0.965932061263069
Mississippi,1072,6518,0,0.2850835994706793
Mississippi,1072,6943,63,0.6101687174082685
Mississippi,1072,6944,0,0.17463531269428495
Mississippi,1072,7843,24,0.9045353106784965
Mississippi,1072,8026,0,0.5336159567008071
Mississippi,1073,2543,33,0.9659421936828848
Mississippi,1073,3809,0,0.10676661637589137
Mississippi,1073,6719,0,0.2024652337135415
Mississippi,1073,6743,90,0.7084381176375116
Mississippi,1073,6744,0,0.17688076566958896
Mississippi,1073,6916,0,0.1748949363722553
Mississippi,1073,7643,31,0.9444046514468882
Mississippi,1073,7826,0,0.2731497736698987
Mississippi,1074,2343,27,0.9096825776233475
Mississippi,1074,6543,104,0.4707898919417918
Mississippi,1074,6716,0,0.48633069085464514
Mississippi,1074,7443,38,0.9567068202982199
Mississippi,1074,7626,0,0.2532666766787306
Mississippi,1074,8533,0,0.10389145621640498
Mississippi,1074,8534,0,0.08947655142731915
Mississippi,1075,2143,20,0.6522857074971351
Mississippi,1075,2672,0,0.31645476971590814
Mississippi,1075,3408,0,0.06401396995263464
Mississippi,1075,6343,166,0.6024895494412817
Mississippi,1075,6516,0,0.1908026874419059
Mississippi,1075,7243,31,0.9377126566950076
Mississippi,1075,7426,0,0.1781140929892812
Mississippi,1075,8334,0,0.10291923559112191
Mississippi,1076,1943,18,0.9296417736200147
Mississippi,1076,2472,0,0.39631461352032343
Mississippi,1076,3109,0,0.06200923223350986
Mississippi,1076,6119,0,0.2644840196068896
Mississippi,1076,6143,193,0.49120968390415054
Mississippi,1076,7043,49,0.9619825639622839
Mississippi,1076,7226,16,0.42400054549325245
Mississippi,1077,1743,0,0.7781009581851485
Mississippi,1077,5418,0,0.40444138926782913
Mississippi,1077,5943,289,0.8549224724530928
Mississippi,1077,6116,0,0.2578032896809021
Mississippi,1077,6843,69,0.9678237798040774
Mississippi,1077,7026,0,0.2215994385440082
Mississippi,1077,7632,0,0.16512522728708606
Mississippi,1078,1543,0,0.08189786674753122
Mississippi,1078,1731,0,0.2757213527433911
Mississippi,1078,1830,0,0.3901303315564734
Mississippi,1078,1831,0,0.16633881380884874
Mississippi,1078,5643,0,0.019539483294078615
Mississippi,1078,5719,0,0.060902794159132655
Mississippi,1078,5743,341,0.8775335170459744
Mississippi,1078,5916,0,0.27042792683957106
Mississippi,1078,6643,78,0.9682517941441967
Mississippi,1078,7432,20,0.5004101781478899
Mississippi,1079,1531,0,0.2601508710696351
Mississippi,1079,1630,0,0.17264356929819638
Mississippi,1079,5443,119,0.46019693663513456
Mississippi,1079,5543,370,0.8372024258744827
Mississippi,1079,5716,0,0.4552715658625292
Mississippi,1079,6443,109,0.9483437339851286
Mississippi,1079,6526,0,0.28897715390925705
Mississippi,1079,7232,20,0.09493917967843153
Mississippi,107,2533,56,0.45790695631472433
Mississippi,107,3866,0,0.5750770461474666
Mississippi,107,4039,0,0.12181430428017269
Mississippi,107,4961,24,0.40231583824677314
Mississippi,107,5061,98,0.9398806772537593
Mississippi,107,5133,0,0.3212623501526133
Mississippi,107,5187,0,0.2061681314890023
Mississippi,107,5379,0,0.43076998749029816
Mississippi,107,5479,0,0.20783271321833408
Mississippi,107,5480,0,0.25958240237159774
Mississippi,107,5843,0,0.16788453542866805
Mississippi,1080,4407,0,0.03816779225011448
Mississippi,1080,5243,306,0.7097390764461463
Mississippi,1080,5319,0,0.33568494620092115
Mississippi,1080,5343,278,0.6805374216295749
Mississippi,1080,5516,0,0.15640447439488925
Mississippi,1080,6243,110,0.964116089834492
Mississippi,1080,6426,0,0.2558475227764081
Mississippi,1080,7032,23,0.7783304425180185
Mississippi,1081,5043,505,0.7630678120358333
Mississippi,1081,5119,0,0.06943269044636444
Mississippi,1081,5143,160,0.2874343453225249
Mississippi,1081,5316,13,0.3152734435236185
Mississippi,1081,6043,137,0.9656463478066939
Mississippi,1081,6126,0,0.39229384170300124
Mississippi,1081,6226,0,0.3103833622518064
Mississippi,1081,6832,25,0.7214967845558211
Mississippi,1081,6918,0,0.05598684121625482
Mississippi,1081,7133,0,0.26219812193528536
Mississippi,1081,7134,0,0.13820014314465204
Mississippi,1081,7532,14,0.4305122700507352
Mississippi,1082,4843,444,0.81004362460585
Mississippi,1082,5116,0,0.31796769251519186
Mississippi,1082,5843,164,0.9618508789180715
Mississippi,1082,5926,0,0.7139437250311726
Mississippi,1082,6026,0,0.21522758621974689
Mississippi,1082,6632,31,0.8445640784027609
Mississippi,1082,6718,0,0.2144669265606256
Mississippi,1082,6933,0,0.20743726235513404
Mississippi,1082,6934,0,0.2630304921180294
Mississippi,1082,7332,0,0.25257177053018787
Mississippi,1083,4619,0,0.09611473453792979
Mississippi,1083,4643,600,0.8139805054063531
Mississippi,1083,4719,0,0.22751794100471712
Mississippi,1083,5643,204,0.9311496622642562
Mississippi,1083,6432,0,0.4236912689195354
Mississippi,1083,6518,0,0.12559825511783063
Mississippi,1084,4443,438,0.770151266806277
Mississippi,1084,4519,0,0.047313074824546164
Mississippi,1084,5343,0,0.3066127864155899
Mississippi,1084,5443,205,0.9685385690963153
Mississippi,1084,5526,41,0.7779219349053439
Mississippi,1084,6232,36,0.9288608783974369
Mississippi,1084,6318,0,0.2542751758618449
Mississippi,1085,1309,0,0.09056984061002868
Mississippi,1085,2225,0,0.18153525699394565
Mississippi,1085,3817,0,0.12307567320730141
Mississippi,1085,3818,0,0.09744447667511197
Mississippi,1085,4219,0,0.3398124809012645
Mississippi,1085,4243,0,0.8111008005361011
Mississippi,1085,5143,82,0.8736134027283694
Mississippi,1085,5243,214,0.9406184681203535
Mississippi,1085,5326,81,0.7884932951832749
Mississippi,1085,6032,49,0.8836429388753541
Mississippi,1085,6732,0,0.27784236134160856
Mississippi,1086,4019,0,0.16808591962246258
Mississippi,1086,4043,0,0.8048504036714106
Mississippi,1086,4119,0,0.1433109965310173
Mississippi,1086,4282,0,0.1480139535519564
Mississippi,1086,4382,0,0.4244876607309269
Mississippi,1086,4943,139,0.9012642464754598
Mississippi,1086,5043,57,0.8256624319410703
Mississippi,1086,5126,112,0.6673018093867246
Mississippi,1086,5832,43,0.9483932336399029
Mississippi,1086,6532,0,0.24113825841375147
Mississippi,1086,6719,0,0.1022766641046976
Mississippi,1087,3819,0,0.2583114824387391
Mississippi,1087,3843,0,0.5476084330495942
Mississippi,1087,3919,0,0.31104878453288104
Mississippi,1087,4082,0,0.12217546992894944
Mississippi,1087,4182,0,0.3608195733447549
Mississippi,1087,4743,300,0.9712377888286409
Mississippi,1087,4926,126,0.8953886974910347
Mississippi,1087,5632,54,0.9464889113340983
Mississippi,1087,8836,0,0.05970258472710267
Mississippi,1088,3643,0,0.5236018637570448
Mississippi,1088,3816,0,0.08702151197870894
Mississippi,1088,3916,0,0.06776166928378913
Mississippi,1088,4543,310,0.9711307932102405
Mississippi,1088,4726,110,0.8677185522531653
Mississippi,1088,5432,61,0.8837756016791147
Mississippi,1088,5433,7,0.08686704477889923
Mississippi,1088,6110,14,0.038930274998258504
Mississippi,1089,3018,0,0.09170727189758104
Mississippi,1089,3443,0,0.6433883132368667
Mississippi,1089,3616,0,0.1275973976054704
Mississippi,1089,3812,0,0.12047573247403143
Mississippi,1089,4343,275,0.9763067783318747
Mississippi,1089,4526,105,0.4379971802237267
Mississippi,1089,5232,71,0.9384678284464693
Mississippi,1089,5910,9,0.07467352155316868
Mississippi,1089,5932,0,0.46333239131427534
Mississippi,1089,6325,0,0.08526917578935139
Mississippi,1089,6822,0,0.11969144777624195
Mississippi,1089,6829,0,0.1673140177215715
Mississippi,1089,8336,0,0.04233692295953472
Mississippi,108,2333,44,0.509745205022986
Mississippi,108,2334,13,0.3084166689827599
Mississippi,108,3939,0,0.12875957808235136
Mississippi,108,4932,0,0.17697913712363839
Mississippi,108,4933,0,0.1716907595939366
Mississippi,108,4961,164,0.9358582672404341
Mississippi,108,5087,15,0.4203769325324321
Mississippi,108,5187,5,0.3867544958613279
Mississippi,108,5379,35,0.7115439341772144
Mississippi,108,5380,0,0.23486981352391498
Mississippi,108,5743,0,0.1446646211323754
Mississippi,1090,3243,0,0.49624026195794707
Mississippi,1090,3416,0,0.0647593985512547
Mississippi,1090,3582,0,0.15550960531534014
Mississippi,1090,3612,0,0.10238199590275504
Mississippi,1090,3683,0,0.0653414264682934
Mississippi,1090,4143,208,0.976461978805288
Mississippi,1090,4326,85,0.9067748288122172
Mississippi,1090,5032,55,0.9286553227322504
Mississippi,1090,6623,0,0.19706693380434284
Mississippi,1090,8136,0,0.03829070117316724
Mississippi,1090,8933,0,0.07565974322364133
Mississippi,1091,3043,82,0.534036706775586
Mississippi,1091,3943,180,0.9648667079272903
Mississippi,1091,4126,34,0.8677074591120477
Mississippi,1091,4732,13,0.09748967544503025
Mississippi,1091,4832,49,0.8730425405787369
Mississippi,1091,6423,0,0.16275578892477113
Mississippi,1091,6716,0,0.11714304811289455
Mississippi,1091,7936,0,0.09325993714225435
Mississippi,1091,8733,0,0.0730402934345873
Mississippi,1092,2843,72,0.7463327826185259
Mississippi,1092,3212,0,0.049791363760343585
Mississippi,1092,3743,125,0.9673214476208696
Mississippi,1092,3926,24,0.6243980589337813
Mississippi,1092,4532,36,0.6888618689898206
Mississippi,1092,4632,34,0.6557577341746698
Mississippi,1092,6129,0,0.10702685781927689
Mississippi,1092,6229,0,0.1295285710223377
Mississippi,1092,7736,0,0.16367355987129045
Mississippi,1093,2643,56,0.6554221573348915
Mississippi,1093,3543,77,0.9689438626850424
Mississippi,1093,3726,0,0.6295124840187453
Mississippi,1093,4332,53,0.7098929998029456
Mississippi,1093,4432,18,0.2502936238753434
Mississippi,1093,7535,0,0.0698045155546128
Mississippi,1093,7536,0,0.2020070729356086
Mississippi,1093,7622,0,0.06349776072084885
Mississippi,1093,7636,0,0.251558424097388
Mississippi,1094,3343,53,0.9341634583460844
Mississippi,1094,3526,0,0.7909184351673695
Mississippi,1094,4132,53,0.6901133500265383
Mississippi,1094,4232,0,0.08796057314831088
Mississippi,1094,5822,0,0.09119256575750592
Mississippi,1094,5823,0,0.0893684921816453
Mississippi,1094,7327,0,0.15287095463605335
Mississippi,1094,7336,19,0.4215492690991977
Mississippi,1095,2143,0,0.23393641094507714
Mississippi,1095,2243,0,0.36486131240046277
Mississippi,1095,3143,43,0.9389642899536195
Mississippi,1095,3326,29,0.2978560018936967
Mississippi,1095,3932,66,0.7035788444579688
Mississippi,1095,5529,36,0.8033397371095713
Mississippi,1095,5629,0,0.09434326656192989
Mississippi,1095,7127,0,0.10378257730968782
Mississippi,1095,7136,0,0.43335523990516395
Mississippi,1096,2043,0,0.5284396730798223
Mississippi,1096,2943,36,0.9161915802933063
Mississippi,1096,3126,0,0.20497630655268462
Mississippi,1096,3732,43,0.6775557580206979
Mississippi,1096,4432,0,0.551738656805147
Mississippi,1096,4532,0,0.423984331427335
Mississippi,1096,6927,0,0.18226086187127938
Mississippi,1096,6936,0,0.5302309479798859
Mississippi,1096,7644,0,0.2199326428065537
Mississippi,1097,1743,0,0.2875914385573705
Mississippi,1097,1843,0,0.5138217218592556
Mississippi,1097,2743,21,0.8435456636786405
Mississippi,1097,2926,0,0.2714543419268479
Mississippi,1097,3532,37,0.7212781145660371
Mississippi,1097,5129,28,0.8451576772451367
Mississippi,1097,5634,0,0.08924573552725487
Mississippi,1097,6727,0,0.14921271291333385
Mississippi,1097,6736,0,0.6887646260406064
Mississippi,1097,7444,0,0.3060326075639451
Mississippi,1098,1543,22,0.20754594920171518
Mississippi,1098,1643,16,0.20883206726736
Mississippi,1098,2543,26,0.8261745227220262
Mississippi,1098,2726,26,0.47117478130024615
Mississippi,1098,3332,47,0.734348289096532
Mississippi,1098,4929,34,0.7912236415593582
Mississippi,1098,5022,0,0.4694323712953072
Mississippi,1098,5434,0,0.37104987852979227
Mississippi,1098,6536,0,0.8405348300580787
Mississippi,1098,6636,0,0.3907458866242604
Mississippi,1098,7143,0,0.33390094825460676
Mississippi,1098,7244,12,0.5882687843620116
Mississippi,1098,8223,0,0.04568206113435355
Mississippi,1099,1343,19,0.25395846151416446
Mississippi,1099,1443,13,0.25296053443161315
Mississippi,1099,2343,13,0.5534110621310431
Mississippi,1099,3132,38,0.7715777738515525
Mississippi,1099,4729,51,0.6317406864367887
Mississippi,1099,4822,0,0.1210128069578863
Mississippi,1099,5219,0,0.1720896134243311
Mississippi,1099,5234,42,0.4569851937537796
Mississippi,1099,6335,2,0.10268755307841254
Mississippi,1099,6336,53,0.49955517270998623
Mississippi,1099,6943,0,0.3679577481462895
Mississippi,1099,6944,20,0.8657963683364645
Mississippi,1099,7044,15,0.5086297848742857
Mississippi,1099,8023,0,0.03114796070038764
Mississippi,109,2233,0,0.2152128223291204
Mississippi,109,2234,26,0.6380688680517385
Mississippi,109,3112,0,0.10754145875326167
Mississippi,109,3726,0,0.1566089041942826
Mississippi,109,3839,0,0.24832894959043472
Mississippi,109,4832,0,0.16878312737690307
Mississippi,109,4861,171,0.9042409267994614
Mississippi,109,5087,38,0.5375380603118919
Mississippi,109,5279,28,0.34701487610001025
Mississippi,109,5379,18,0.2234739712694091
Mississippi,109,8735,0,0.08272050788800095
Mississippi,10,3746,18,0.4522801802912799
Mississippi,10,3846,161,0.9669858060745475
Mississippi,10,5789,0,0.08723441892992156
Mississippi,10,5889,0,0.11500847844774938
Mississippi,10,8737,0,0.05986075042535614
Mississippi,10,9153,0,0.054038439639050556
Mississippi,1100,1143,17,0.29913415247692343
Mississippi,1100,2143,0,0.351163968304472
Mississippi,1100,2932,28,0.671961964839817
Mississippi,1100,4622,0,0.16541490500432007
Mississippi,1100,5033,9,0.10250571451212878
Mississippi,1100,5034,35,0.5859887320559685
Mississippi,1100,6126,0,0.06351458383592748
Mississippi,1100,6127,0,0.31495992447621984
Mississippi,1100,6135,0,0.14775660982255598
Mississippi,1100,6136,55,0.5976718691968748
Mississippi,1100,6743,28,0.9453595565079448
Mississippi,1100,6744,39,0.9648251594530028
Mississippi,1101,1943,0,0.280345984390519
Mississippi,1101,2126,0,0.03131965615754402
Mississippi,1101,2732,17,0.7780849317501585
Mississippi,1101,3432,45,0.5933106763637421
Mississippi,1101,4329,21,0.2879167399095328
Mississippi,1101,4716,0,0.2824128999988668
Mississippi,1101,4819,29,0.3072718950177287
Mississippi,1101,4833,19,0.2859117640007837
Mississippi,1101,4834,37,0.4648473518924665
Mississippi,1101,5533,0,0.2338511407205392
Mississippi,1101,5633,0,0.5655976718137481
Mississippi,1101,5926,0,0.2823090062799374
Mississippi,1101,5927,0,0.273991569729211
Mississippi,1101,5935,0,0.14954805602278073
Mississippi,1101,5936,61,0.2780997380493363
Mississippi,1101,6543,32,0.9167738739216402
Mississippi,1101,6544,57,0.9085938309870009
Mississippi,1101,943,13,0.36927183834220423
Mississippi,1102,2532,0,0.44913287831403914
Mississippi,1102,3232,62,0.4730371345327146
Mississippi,1102,4129,0,0.46427075395106593
Mississippi,1102,4516,0,0.19785326972196002
Mississippi,1102,4634,62,0.6597911301692532
Mississippi,1102,5726,32,0.2542461927986062
Mississippi,1102,5727,29,0.29016707355720905
Mississippi,1102,6343,49,0.9476150751741994
Mississippi,1102,6344,74,0.8878905401112255
Mississippi,1102,743,0,0.08990651506732517
Mississippi,1103,3032,20,0.3075660829829769
Mississippi,1103,3929,26,0.7205492591841474
Mississippi,1103,4022,0,0.28196382180395496
Mississippi,1103,4433,0,0.15923993238658277
Mississippi,1103,4434,54,0.41800004567488136
Mississippi,1103,543,0,0.4492532229753061
Mississippi,1103,5526,19,0.11385105006840085
Mississippi,1103,5527,27,0.13061364207235854
Mississippi,1103,6143,56,0.9653999484407011
Mississippi,1103,6144,76,0.9188155041509944
Mississippi,1103,6333,0,0.085349122879519
Mississippi,1103,7223,16,0.41941002109287145
Mississippi,1104,3729,37,0.43876551075605236
Mississippi,1104,3822,24,0.36435288829115464
Mississippi,1104,3823,13,0.24081377852210076
Mississippi,1104,4233,4,0.2656206590983559
Mississippi,1104,4234,50,0.4664559798505141
Mississippi,1104,5326,15,0.3164107349628612
Mississippi,1104,5327,18,0.10953238209103705
Mississippi,1104,5335,0,0.12679757051519952
Mississippi,1104,5336,78,0.49952313415596744
Mississippi,1104,5943,78,0.9582000396428254
Mississippi,1104,5944,90,0.9549697217398835
Mississippi,1104,6133,0,0.24395651916347932
Mississippi,1104,6331,0,0.18627044852845892
Mississippi,1104,7023,0,0.24260980853746217
Mississippi,1105,3934,12,0.12511900460512865
Mississippi,1105,4034,40,0.175902821416083
Mississippi,1105,5127,0,0.18191422695937323
Mississippi,1105,5135,0,0.10003611816317515
Mississippi,1105,5136,0,0.569996315135797
Mississippi,1105,5743,87,0.9432423597362377
Mississippi,1105,5744,95,0.9034885524300477
Mississippi,1105,5933,0,0.06724610143901323
Mississippi,1105,6031,0,0.17550063572356056
Mississippi,1105,6131,0,0.5596313961171698
Mississippi,1106,2432,0,0.06908209001908729
Mississippi,1106,2619,0,0.13988577558072207
Mississippi,1106,3329,43,0.6109168999777639
Mississippi,1106,3733,0,0.12692173719494512
Mississippi,1106,3734,0,0.11018979988230519
Mississippi,1106,4533,0,0.1643218417510368
Mississippi,1106,4885,34,0.22434967109731382
Mississippi,1106,4936,109,0.8463906014039685
Mississippi,1106,5543,110,0.9131197512443219
Mississippi,1106,5544,140,0.9174084742267585
Mississippi,1106,5633,0,0.0256229264208644
Mississippi,1106,5732,0,0.15011262826996985
Mississippi,1106,5733,0,0.16543326415868495
Mississippi,1107,2232,0,0.2579906235346416
Mississippi,1107,3129,0,0.43605203551175936
Mississippi,1107,4726,0,0.08606846002947814
Mississippi,1107,4727,0,0.19959330760330185
Mississippi,1107,4736,95,0.838815727505694
Mississippi,1107,5343,152,0.8751186823531681
Mississippi,1107,5344,122,0.8833776992181339
Mississippi,1107,5433,0,0.0532760250527059
Mississippi,1107,5533,0,0.06411360078696729
Mississippi,1107,5631,0,0.18726384287289327
Mississippi,1107,5731,0,0.1706701474757061
Mississippi,1107,6415,0,0.0277082009812275
Mississippi,1108,2929,0,0.3241820339679889
Mississippi,1108,3022,15,0.12648470534550177
Mississippi,1108,4535,0,0.07061173589292244
Mississippi,1108,4536,0,0.5481789754187881
Mississippi,1108,5143,0,0.90445983587751
Mississippi,1108,5144,0,0.90445983587751
Mississippi,1108,6223,0,0.2378271339931709
Mississippi,1109,2729,0,0.22226081926675328
Mississippi,1109,3115,0,0.25587053992472764
Mississippi,1109,3116,0,0.4606142282297848
Mississippi,1109,3933,0,0.07824474827810073
Mississippi,1109,4236,0,0.05481918075539618
Mississippi,1109,4335,0,0.06344216527248082
Mississippi,1109,4336,0,0.4332017310891564
Mississippi,1109,4943,47,0.8942685201333587
Mississippi,1109,4944,64,0.9213042308291527
Mississippi,1109,6024,0,0.3180622106415318
Mississippi,110,2134,49,0.5439604840083622
Mississippi,110,3626,0,0.19032733693775533
Mississippi,110,3639,0,0.08824558126759093
Mississippi,110,3739,0,0.1523999707736376
Mississippi,110,4732,0,0.1016834897175298
Mississippi,110,4761,214,0.9212714292599492
Mississippi,110,4825,0,0.04827166606512392
Mississippi,110,4826,0,0.13725004393298385
Mississippi,110,4987,13,0.5418222408196678
Mississippi,110,5087,8,0.45090981036615996
Mississippi,110,5279,0,0.4065746863986247
Mississippi,110,5443,122,0.32455703672248637
Mississippi,110,8634,0,0.053070365357107206
Mississippi,110,8635,0,0.10150291117490363
Mississippi,1110,2933,0,0.21889621351755087
Mississippi,1110,3019,11,0.11292344953546626
Mississippi,1110,4036,0,0.08515167520321587
Mississippi,1110,4136,0,0.20639776348581887
Mississippi,1110,4743,172,0.9367587215806331
Mississippi,1110,4744,125,0.914539863049568
Mississippi,1110,5823,0,0.07019285911583734
Mississippi,1110,5824,0,0.26709146732772765
Mississippi,1110,6022,0,0.5944048784970484
Mississippi,1111,2819,0,0.10077312172066681
Mississippi,1111,3533,0,0.06682641770254341
Mississippi,1111,3633,0,0.1046601357705203
Mississippi,1111,3835,0,0.34136886708603587
Mississippi,1111,3836,0,0.11634144900196966
Mississippi,1111,3885,0,0.18719284190391214
Mississippi,1111,3936,0,0.21003883295748227
Mississippi,1111,4543,168,0.9181987064813208
Mississippi,1111,4544,129,0.9181987064813208
Mississippi,1111,5515,0,0.12020551704086123
Mississippi,1111,5524,0,0.13039328637624445
Mississippi,1111,5623,22,0.6155609243239405
Mississippi,1111,5624,22,0.6043788671074796
Mississippi,1111,5822,0,0.7812049893339401
Mississippi,1112,3636,0,0.08880269151229318
Mississippi,1112,3736,0,0.41279972865110237
Mississippi,1112,4343,176,0.9606871076709591
Mississippi,1112,4344,90,0.9436718296447362
Mississippi,1112,4433,0,0.11514346580073104
Mississippi,1112,4533,0,0.07296612684108046
Mississippi,1112,5315,0,0.2446668464020501
Mississippi,1112,5324,0,0.4771496491316947
Mississippi,1112,5423,22,0.5785406333988776
Mississippi,1112,5424,21,0.49347544792892384
Mississippi,1113,3485,0,0.2706098572949688
Mississippi,1113,4143,142,0.9508937676954232
Mississippi,1113,4144,56,0.9346863716193161
Mississippi,1113,4921,0,0.7844032120300103
Mississippi,1113,5021,0,0.4457723544265066
Mississippi,1113,5115,0,0.5008328779195278
Mississippi,1113,5223,27,0.7969783017802416
Mississippi,1113,7129,0,0.18741914982689561
Mississippi,1114,3943,109,0.9710714328340793
Mississippi,1114,3944,52,0.9542392449592569
Mississippi,1114,4915,0,0.24929062974666977
Mississippi,1114,6929,0,0.707311681285969
Mississippi,1115,3743,78,0.976619545179728
Mississippi,1115,3744,0,0.8351350358773266
Mississippi,1115,3833,0,0.12165780205132251
Mississippi,1115,3933,0,0.060779617119559155
Mississippi,1115,4724,0,0.10622519285976391
Mississippi,1115,4823,0,0.28245400189143743
Mississippi,1115,6729,28,0.8226341836978375
Mississippi,1116,1329,0,0.06615527685503157
Mississippi,1116,3543,73,0.9666894144682758
Mississippi,1116,3544,26,0.9026613485857223
Mississippi,1116,4421,0,0.03909110650732555
Mississippi,1116,6529,0,0.926001600295557
Mississippi,1117,3343,68,0.9662806843120267
Mississippi,1117,3344,17,0.5797646514440844
Mississippi,1117,4423,21,0.5459407110564114
Mississippi,1117,6329,0,0.6793325528148356
Mississippi,1118,2526,0,0.17731656449283337
Mississippi,1118,3143,40,0.969432268611702
Mississippi,1118,3144,0,0.20544463471429952
Mississippi,1118,4021,0,0.08517642001034974
Mississippi,1118,6129,20,0.6663100841126148
Mississippi,1119,2943,37,0.9624201223736196
Mississippi,1119,3033,0,0.3107838677423809
Mississippi,1119,3133,0,0.4352531549008981
Mississippi,1119,3821,0,0.2510026605423965
Mississippi,1119,5929,30,0.9004217191234539
Mississippi,1119,7492,0,0.15329966848918683
Mississippi,1119,8494,0,0.1798878109044906
Mississippi,111,1934,0,0.5903656978459599
Mississippi,111,3426,0,0.4315262785941401
Mississippi,111,3539,0,0.1446807745467882
Mississippi,111,3540,0,0.07061662007843911
Mississippi,111,3566,0,0.5667988416097999
Mississippi,111,4532,0,0.19939685128254916
Mississippi,111,4533,0,0.19157232420286482
Mississippi,111,4661,236,0.866726296816603
Mississippi,111,4987,0,0.0945291388123517
Mississippi,111,5179,0,0.3800041481567631
Mississippi,111,5342,0,0.0371447737487931
Mississippi,111,5343,0,0.22895475992407865
Mississippi,111,9133,12,0.11108939424240735
Mississippi,1120,2743,41,0.9633617264993444
Mississippi,1120,2833,0,0.10596109061513566
Mississippi,1120,2933,0,0.47480784915833263
Mississippi,1120,5729,0,0.6707616418074088
Mississippi,1120,7292,0,0.18093294135200327
Mississippi,1120,8294,0,0.06581838141903651
Mississippi,1121,2543,31,0.9556332392966633
Mississippi,1121,5529,29,0.8084463759438111
Mississippi,1121,7092,0,0.2695285046093985
Mississippi,1121,8094,0,0.16237848576580238
Mississippi,1122,1726,0,0.09152801356947521
Mississippi,1122,2343,25,0.8445536953660802
Mississippi,1122,2532,0,0.18781744515342072
Mississippi,1122,2533,0,0.3250715971565844
Mississippi,1122,5329,32,0.7666833561867501
Mississippi,1122,6831,0,0.043392957134073915
Mississippi,1122,6931,16,0.16949435194829263
Mississippi,1122,7894,0,0.11927739518631263
Mississippi,1123,1526,0,0.026863563485793
Mississippi,1123,2143,0,0.6299455909386332
Mississippi,1123,2332,20,0.2813194589443219
Mississippi,1123,2333,17,0.43632770906106977
Mississippi,1123,5129,34,0.7756167884200803
Mississippi,1123,6731,0,0.5104828624652324
Mississippi,1124,1943,12,0.6539513359137827
Mississippi,1124,2132,13,0.20432563000988643
Mississippi,1124,2133,20,0.2656880915758741
Mississippi,1124,2333,0,0.20343288618143998
Mississippi,1124,4929,43,0.8462246325882994
Mississippi,1124,6531,0,0.42505135035811664
Mississippi,1125,1743,0,0.30156491639435423
Mississippi,1125,1933,0,0.4089581132099231
Mississippi,1125,4421,0,0.3402647201250789
Mississippi,1125,4729,35,0.8810458092245381
Mississippi,1125,6331,0,0.573538250481834
Mississippi,1125,6392,0,0.15967646593891294
Mississippi,1125,6726,0,0.33287330882243965
Mississippi,1125,6727,0,0.4108554825503337
Mississippi,1125,7294,0,0.05991017117215054
Mississippi,1126,1733,0,0.04424270430212227
Mississippi,1126,4221,0,0.3585983972071441
Mississippi,1126,4529,0,0.8774699817971411
Mississippi,1126,6131,35,0.3550463040608831
Mississippi,1126,6132,0,0.12514530852110156
Mississippi,1127,4329,22,0.6757768147989184
Mississippi,1127,4429,18,0.40095229508830627
Mississippi,1127,5931,0,0.31492600979105034
Mississippi,1127,5932,0,0.16286369405280693
Mississippi,1127,5992,0,0.252394152105178
Mississippi,1128,4129,0,0.12683454676711411
Mississippi,1128,4229,0,0.38447560381183143
Mississippi,1128,5792,15,0.2660296970400155
Mississippi,1129,4029,0,0.22883738152598662
Mississippi,1129,5123,0,0.21474485182172914
Mississippi,1129,5531,0,0.3020788282415245
Mississippi,1129,5532,0,0.07622665475743985
Mississippi,1129,5592,0,0.21692906791983008
Mississippi,1129,6594,0,0.09742397825667334
Mississippi,112,1834,0,0.26248707949457156
Mississippi,112,1835,0,0.3479626096271932
Mississippi,112,3326,21,0.3698637683787868
Mississippi,112,3439,0,0.10532656140436886
Mississippi,112,3440,0,0.09921360969031982
Mississippi,112,4525,0,0.08865616448290821
Mississippi,112,4526,0,0.22063332498271687
Mississippi,112,4561,123,0.8202372555677323
Mississippi,112,4887,29,0.2717248755282662
Mississippi,112,5079,0,0.3593262185674033
Mississippi,112,8334,0,0.26381942994795476
Mississippi,112,8932,0,0.06853555784568184
Mississippi,112,8933,0,0.034123635007705135
Mississippi,1130,5023,18,0.19277408918466116
Mississippi,1130,5331,0,0.515595779843378
Mississippi,1130,5332,0,0.10485247870280193
Mississippi,1130,6394,0,0.1422786259671858
Mississippi,1131,4823,35,0.8039517475213392
Mississippi,1131,5131,0,0.6949070636847322
Mississippi,1131,5132,0,0.10877619206165809
Mississippi,1132,4623,23,0.3658620535349999
Mississippi,1132,6635,0,0.07087885660770146
Mississippi,1133,4731,0,0.4766323766034185
Mississippi,1133,4732,0,0.06319422709837351
Mississippi,1133,4831,0,0.214982310527844
Mississippi,1134,4223,30,0.7630488797438245
Mississippi,1134,4531,0,0.11535580901021643
Mississippi,1134,4631,0,0.6549030495284373
Mississippi,1134,5443,0,0.41019658873415876
Mississippi,1134,5543,0,0.15497844725261065
Mississippi,1134,5593,16,0.3269791304004959
Mississippi,1134,5594,23,0.5542692624477614
Mississippi,1134,5614,0,0.2690426348997149
Mississippi,1135,4023,0,0.7856439020207103
Mississippi,1135,4431,0,0.5276602103644871
Mississippi,1135,5243,0,0.5084730803041209
Mississippi,1135,5343,0,0.6486881737489185
Mississippi,1135,5394,0,0.6450467659348504
Mississippi,1135,5494,0,0.3422618240910179
Mississippi,1136,4231,16,0.3102308789046815
Mississippi,1136,5043,0,0.450369929637124
Mississippi,1136,5143,249,0.9049781532129029
Mississippi,1136,5194,0,0.40327085266463136
Mississippi,1136,5294,0,0.399649655649323
Mississippi,1137,3623,19,0.4042937216316087
Mississippi,1137,4031,0,0.48549479598085554
Mississippi,1137,4943,195,0.7337725264075692
Mississippi,1137,5093,3,0.0858654341607254
Mississippi,1137,5094,17,0.4559555236237547
Mississippi,1138,3831,0,0.7041963453321489
Mississippi,1138,3933,0,0.06157009409316913
Mississippi,1138,4032,0,0.38384800673383407
Mississippi,1138,4033,0,0.05703896686795387
Mississippi,1138,4743,273,0.7242205079954007
Mississippi,1138,4893,0,0.41138313032288026
Mississippi,1138,4894,0,0.5328413281183264
Mississippi,1138,5534,30,0.15458041646719425
Mississippi,1139,3631,48,0.8672621725970929
Mississippi,1139,4543,0,0.6054732613311543
Mississippi,1139,4693,9,0.19697544072904483
Mississippi,1139,8962,0,0.05025886075205211
Mississippi,113,1735,0,0.19043538430194784
Mississippi,113,3126,29,0.35657858025355677
Mississippi,113,3339,0,0.09148888207359385
Mississippi,113,3340,0,0.12709732669022591
Mississippi,113,4426,0,0.2886227100206079
Mississippi,113,4461,0,0.7046533606398335
Mississippi,113,4787,13,0.3728409544237327
Mississippi,113,4979,0,0.17108758576847063
Mississippi,113,5143,90,0.9254501685829357
Mississippi,113,7533,8,0.1516094345905927
Mississippi,113,7633,10,0.157886699747907
Mississippi,113,8832,0,0.06585904586178126
Mississippi,1140,3431,32,0.6737360117007974
Mississippi,1140,4343,0,0.5204171091847709
Mississippi,1140,4493,0,0.08729905447442347
Mississippi,1140,4494,0,0.3210944087317888
Mississippi,1140,4594,0,0.31717968432876975
Mississippi,1141,3231,0,0.3176231457495543
Mississippi,1141,3331,0,0.14121887792468504
Mississippi,1141,4143,0,0.5422395662738168
Mississippi,1141,4394,0,0.18059814578759611
Mississippi,1141,5230,0,0.11325132209572158
Mississippi,1142,3131,26,0.4177233412370587
Mississippi,1142,3943,0,0.4582375172657662
Mississippi,1142,4193,0,0.04555452385479689
Mississippi,1142,4194,0,0.05598111905239814
Mississippi,1142,5030,0,0.11732452538274067
Mississippi,1143,2931,25,0.6376533866043507
Mississippi,1143,3032,0,0.19821021899818167
Mississippi,1143,3033,0,0.17372377189938149
Mississippi,1143,3743,0,0.19688348147209897
Mississippi,1143,3843,0,0.210606725783261
Mississippi,1143,5932,0,0.1370262277902244
Mississippi,1143,9377,0,0.043045059635434764
Mississippi,1144,2731,0,0.3218054935586772
Mississippi,1144,3543,0,0.1295094156351853
Mississippi,1144,3643,0,0.24717679834379983
Mississippi,1144,5732,0,0.1298454208438426
Mississippi,1145,3443,0,0.31078105629066327
Mississippi,1145,3593,0,0.20693862393068932
Mississippi,1146,2331,14,0.3115736180551413
Mississippi,1146,3243,0,0.2859416760751578
Mississippi,1146,8877,0,0.0784610315223007
Mississippi,1147,3043,0,0.20187050121283007
Mississippi,1147,5132,0,0.13523692956560396
Mississippi,1148,2843,0,0.10308404960018058
Mississippi,1148,3093,0,0.18859383972807423
Mississippi,1148,4718,18,0.04111128815599163
Mississippi,1148,5032,0,0.05151673530122187
Mississippi,1148,8242,0,0.2700655532240598
Mississippi,1149,1992,0,0.2716350920779712
Mississippi,1149,2032,0,0.041759163136455404
Mississippi,1149,2743,0,0.0964220324376094
Mississippi,1149,2893,0,0.28648341571229785
Mississippi,114,1535,0,0.20505601018245947
Mississippi,114,3140,0,0.12461330143862406
Mississippi,114,3239,0,0.05346057655350076
Mississippi,114,3240,0,0.09854252547071644
Mississippi,114,4226,0,0.2230290955736253
Mississippi,114,4687,27,0.25609441320738724
Mississippi,114,4879,0,0.4295059542923151
Mississippi,114,4942,44,0.8238898417667696
Mississippi,114,4943,67,0.7328083010197403
Mississippi,114,8732,16,0.2166363832732732
Mississippi,1150,2543,0,0.2065174264327497
Mississippi,1150,6426,0,0.22444431636566609
Mississippi,1150,6526,0,0.3123415083503314
Mississippi,1150,7942,18,0.4199858215010173
Mississippi,1150,8177,0,0.09872581467942235
Mississippi,1151,2343,0,0.3045922662580309
Mississippi,1151,6226,0,0.24930376960610418
Mississippi,1151,6227,0,0.08089055138905078
Mississippi,1151,7742,0,0.9463407381994585
Mississippi,1151,7743,0,0.4683524312759967
Mississippi,1152,2143,0,0.22125687884867828
Mississippi,1152,6026,0,0.3959024267299563
Mississippi,1152,7542,26,0.9232089096283821
Mississippi,1152,7543,0,0.2945656087103655
Mississippi,1153,1943,0,0.14624893768108654
Mississippi,1153,2043,0,0.24734267508170862
Mississippi,1153,4822,19,0.3117147087580792
Mississippi,1153,5926,0,0.10425368792180692
Mississippi,1153,7342,0,0.9434752236982941
Mississippi,1153,7343,0,0.25500834469524974
Mississippi,1153,7577,8,0.24952924032901233
Mississippi,1153,7676,0,0.23049146163873707
Mississippi,1153,7677,19,0.4186379864454877
Mississippi,1153,9139,0,0.21174436829243085
Mississippi,1154,7242,36,0.943295412540849
Mississippi,1154,7243,0,0.48750454113352865
Mississippi,1154,7477,0,0.5095109420297766
Mississippi,1154,8939,0,0.3518269884663669
Mississippi,1155,1643,0,0.20145860404633534
Mississippi,1155,5726,0,0.09229604572433521
Mississippi,1155,7042,0,0.9434931666266368
Mississippi,1155,7043,0,0.7499307910092214
Mississippi,1155,7277,0,0.6560185718992075
Mississippi,1155,8739,0,0.3114075312321073
Mississippi,1156,5326,0,0.1393797889740758
Mississippi,1156,5526,0,0.5477397098859648
Mississippi,1156,6842,48,0.9540688978142782
Mississippi,1156,6843,0,0.4619488834096056
Mississippi,1156,8161,0,0.2463418485512437
Mississippi,1156,8539,0,0.5025671546483603
Mississippi,1157,5323,70,0.22310594059199068
Mississippi,1157,5326,21,0.42488271976981173
Mississippi,1157,6642,0,0.9314697037500711
Mississippi,1157,6643,0,0.30005906965596485
Mississippi,1157,6742,0,0.871827348082362
Mississippi,1157,6743,0,0.1483441986408063
Mississippi,1157,8439,0,0.543065552190772
Mississippi,1157,8440,0,0.39095189669731073
Mississippi,1158,5123,0,0.3340619983179774
Mississippi,1158,6542,81,0.9554620719575027
Mississippi,1158,6543,32,0.8403017813894896
Mississippi,1158,7861,0,0.3385792472610986
Mississippi,1158,8239,0,0.6247024484787409
Mississippi,1159,4826,0,0.3959350470866133
Mississippi,1159,6342,69,0.9618067021308033
Mississippi,1159,6343,0,0.6769501208470201
Mississippi,1159,6576,0,0.0539307634808034
Mississippi,1159,6577,28,0.7701568162794469
Mississippi,1159,7661,25,0.5952499996916675
Mississippi,1159,8039,0,0.4561388985493518
Mississippi,115,1435,0,0.2589364138379332
Mississippi,115,2926,0,0.11100668631586917
Mississippi,115,3040,0,0.30480826723139726
Mississippi,115,4126,0,0.19282830527025285
Mississippi,115,4587,0,0.17087253521395127
Mississippi,115,4779,0,0.488057370310593
Mississippi,115,4842,0,0.181725706918141
Mississippi,115,4843,0,0.232526661232726
Mississippi,115,8532,0,0.07730797436061451
Mississippi,1160,4626,20,0.23042678340540607
Mississippi,1160,4726,15,0.17791487382678597
Mississippi,1160,6142,107,0.9439519553644975
Mississippi,1160,6143,32,0.8237764157038083
Mississippi,1160,6377,22,0.53071940694399
Mississippi,1160,6476,0,0.22540481272225368
Mississippi,1160,6477,24,0.7175963649813666
Mississippi,1160,7461,7,0.14305794054807214
Mississippi,1160,7561,19,0.20557122982778817
Mississippi,1160,7839,0,0.16579040960394645
Mississippi,1160,7939,0,0.26629640017443057
Mississippi,1161,4526,21,0.6798761476252904
Mississippi,1161,5942,0,0.2954720959610379
Mississippi,1161,5943,0,0.22697180207328707
Mississippi,1161,6042,89,0.9441554346541349
Mississippi,1161,6043,13,0.7981069857630867
Mississippi,1161,6120,0,0.2826921022389556
Mississippi,1161,6277,21,0.5002527251506416
Mississippi,1161,7361,50,0.5486838354316591
Mississippi,1161,7739,47,0.7700833458491753
Mississippi,1161,7740,0,0.6235769671172704
Mississippi,1162,4326,29,0.5372651856779487
Mississippi,1162,4526,0,0.2134194743216975
Mississippi,1162,5842,135,0.9409578630358753
Mississippi,1162,5843,41,0.7901020483036552
Mississippi,1162,7161,29,0.5895948572783202
Mississippi,1162,7539,47,0.7598974227776701
Mississippi,1162,7540,19,0.41662828680400343
Mississippi,1163,4126,0,0.16926730955574296
Mississippi,1163,4226,0,0.22997396057219044
Mississippi,1163,5642,171,0.8780847226291848
Mississippi,1163,5643,54,0.48670485166607197
Mississippi,1163,6961,0,0.4272020699271764
Mississippi,1163,7061,0,0.0838430619402634
Mississippi,1163,7339,0,0.48497780090109116
Mississippi,1163,7439,28,0.49022759749511335
Mississippi,1163,7440,37,0.4198462836822595
Mississippi,1164,4026,0,0.3450357117324274
Mississippi,1164,5442,88,0.8197914800490761
Mississippi,1164,5443,0,0.5441238930234314
Mississippi,1164,5542,106,0.8662550961552318
Mississippi,1164,5543,0,0.5055396970243282
Mississippi,1164,6861,71,0.46977006751863043
Mississippi,1164,7239,0,0.6037338202186919
Mississippi,1164,7240,0,0.38170901320798956
Mississippi,1165,2920,19,0.1654976360918097
Mississippi,1165,3826,0,0.3053776263659131
Mississippi,1165,5342,207,0.9169023248918688
Mississippi,1165,5343,100,0.7449003372633589
Mississippi,1165,6661,57,0.5652978146462765
Mississippi,1165,6662,0,0.08122685013471789
Mississippi,1165,7039,63,0.6314563032701567
Mississippi,1165,7040,35,0.38457122315457404
Mississippi,1166,3626,0,0.3775543023160005
Mississippi,1166,3826,0,0.11638820242314844
Mississippi,1166,5142,216,0.9458337099646397
Mississippi,1166,5143,0,0.7612623686949407
Mississippi,1166,5377,0,0.5283721965099497
Mississippi,1166,5477,0,0.5283721965099497
Mississippi,1166,6461,0,0.49119503666892894
Mississippi,1166,6462,0,0.12929128828318537
Mississippi,1166,6561,0,0.1126177057147243
Mississippi,1166,6839,21,0.598042794201865
Mississippi,1166,6939,16,0.5555616876399689
Mississippi,1166,6940,0,0.5143357615072333
Mississippi,1167,3626,0,0.433651116828672
Mississippi,1167,4942,152,0.9170574019863286
Mississippi,1167,4943,20,0.20920616078778304
Mississippi,1167,5042,0,0.4945505639898087
Mississippi,1167,5277,0,0.802908523644412
Mississippi,1167,6361,65,0.542274160900636
Mississippi,1167,6362,16,0.165840414819792
Mississippi,1167,6739,0,0.5783091694440846
Mississippi,1167,6740,0,0.5549516263913279
Mississippi,1167,7865,17,0.39915697424392055
Mississippi,1168,4842,196,0.9301145180781625
Mississippi,1168,4843,24,0.8025369306156718
Mississippi,1168,6539,87,0.5554939224351167
Mississippi,1168,6540,54,0.5564779018534638
Mississippi,1168,7665,22,0.7385490890402253
Mississippi,1169,4116,13,0.5613194684643834
Mississippi,1169,4642,0,0.9773205216406504
Mississippi,1169,4643,0,0.8300821575925381
Mississippi,1169,5961,0,0.3641037199592347
Mississippi,1169,5962,0,0.10805121702854002
Mississippi,1169,6061,0,0.4345598870874044
Mississippi,1169,6339,0,0.5234549072825924
Mississippi,1169,6439,44,0.5508632039047285
Mississippi,1169,6440,66,0.5202334551687114
Mississippi,1169,7465,0,0.08819647939076755
Mississippi,116,1335,0,0.34261163933962313
Mississippi,116,2940,0,0.2871327311989103
Mississippi,116,3926,0,0.13816354466798356
Mississippi,116,4026,0,0.2508119242086024
Mississippi,116,4487,0,0.16308881970876693
Mississippi,116,4679,0,0.2611513894045836
Mississippi,116,4742,0,0.1354435623535037
Mississippi,116,4743,0,0.30035831653179895
Mississippi,116,7133,14,0.17315603616710684
Mississippi,116,7233,14,0.2229551405909026
Mississippi,116,8431,0,0.25100255097812246
Mississippi,1170,3916,13,0.30242995604533535
Mississippi,1170,4016,17,0.3080106709541399
Mississippi,1170,4442,228,0.9732358302862081
Mississippi,1170,4443,38,0.7248602823775654
Mississippi,1170,4542,0,0.6937051332276389
Mississippi,1170,4776,0,0.15115837788975386
Mississippi,1170,4777,0,0.46839949100362976
Mississippi,1170,5861,82,0.4308975775977826
Mississippi,1170,5862,21,0.11762329899410297
Mississippi,1170,6239,0,0.522220262197941
Mississippi,1170,6240,0,0.5657117946754775
Mississippi,1170,6711,0,0.032139670626587805
Mississippi,1170,7365,20,0.5849878502559265
Mississippi,117,1235,0,0.14518769305235926
Mississippi,117,2740,0,0.08592231554782111
Mississippi,117,2840,0,0.13381550719130286
Mississippi,117,3826,25,0.4832858558858012
Mississippi,117,4387,22,0.3246572071882082
Mississippi,117,4579,0,0.15473842523699938
Mississippi,117,8331,17,0.3521980451407919
Mississippi,118,1035,0,0.11762017117411225
Mississippi,118,2640,65,0.24035078968946977
Mississippi,118,2767,0,0.5783243867802632
Mississippi,118,4479,0,0.24992180157090083
Mississippi,118,6932,0,0.13534621811308603
Mississippi,118,6933,0,0.23532718068422337
Mississippi,118,8131,0,0.28038278692104546
Mississippi,119,2540,0,0.2494367597232961
Mississippi,119,2667,0,0.35193449656101655
Mississippi,119,3626,33,0.36615223839777306
Mississippi,119,8031,0,0.33538261666562114
Mississippi,119,935,0,0.08927365315896069
Mississippi,11,3746,22,0.5645101353294588
Mississippi,11,3846,158,0.9712193687181654
Mississippi,11,5789,15,0.27684816544277974
Mississippi,11,5889,17,0.3178353440424972
Mississippi,11,6587,0,0.21172113924409142
Mississippi,11,7873,0,0.13963177587711104
Mississippi,11,8737,0,0.04111511750265336
Mississippi,11,9153,0,0.07872547303625584
Mississippi,120,2440,0,0.23597481028341696
Mississippi,120,2567,0,0.41970585874943084
Mississippi,120,3426,0,0.4004559260909026
Mississippi,120,4142,0,0.021720084513204473
Mississippi,120,4143,36,0.22470239125797503
Mississippi,120,4242,0,0.18020523274575756
Mississippi,120,4243,6,0.16937655230209764
Mississippi,120,6632,0,0.07371983267885301
Mississippi,120,6633,0,0.1159791446261555
Mississippi,120,7931,18,0.2924310996044227
Mississippi,121,2240,23,0.202338330783541
Mississippi,121,2340,16,0.21766116412574882
Mississippi,121,3325,0,0.17048282181928426
Mississippi,121,3326,0,0.2612256921019257
Mississippi,121,4042,0,0.08857499645572577
Mississippi,121,4043,0,0.10291136180870213
Mississippi,121,7731,0,0.14782609545839978
Mississippi,121,7831,0,0.21282230089246174
Mississippi,121,7832,0,0.06313354483089317
Mississippi,122,2140,0,0.24248026020160468
Mississippi,122,3225,0,0.28750353139573714
Mississippi,122,3226,0,0.35663868917018426
Mississippi,122,3942,0,0.07732895066583689
Mississippi,122,3943,0,0.13855353004683185
Mississippi,122,4537,0,0.06413847239490554
Mississippi,122,4538,0,0.034153446686066895
Mississippi,122,7631,0,0.30651772907272223
Mississippi,123,2040,0,0.2505212293221187
Mississippi,123,3026,0,0.10102359567740919
Mississippi,123,3125,0,0.1026955899261413
Mississippi,123,3742,0,0.06337429527439038
Mississippi,123,3743,0,0.3050364944732129
Mississippi,123,3842,0,0.07010302602609583
Mississippi,123,3843,0,0.029421752577227477
Mississippi,123,7531,0,0.24785931461967958
Mississippi,123,7532,0,0.2202383107000261
Mississippi,124,1840,0,0.22029401277634578
Mississippi,124,2925,22,0.32391828435980136
Mississippi,124,2926,12,0.2851851106383688
Mississippi,124,7431,12,0.24891877977775623
Mississippi,124,7432,15,0.3808149692774523
Mississippi,125,1739,0,0.08658920939213989
Mississippi,125,1740,0,0.11587468281047418
Mississippi,125,2825,0,0.442153483135486
Mississippi,125,2826,0,0.09538914295103164
Mississippi,125,3542,0,0.15824172442729947
Mississippi,125,3543,0,0.1551668547361192
Mississippi,125,6033,63,0.22757338129466062
Mississippi,125,7231,27,0.5180706516056658
Mississippi,125,7232,32,0.46849078580409714
Mississippi,126,1426,0,0.12419690267879878
Mississippi,126,1639,0,0.12802675604535574
Mississippi,126,3342,0,0.1048514374904242
Mississippi,126,3343,0,0.08110526725614349
Mississippi,126,3837,0,0.1051585719211227
Mississippi,126,7131,0,0.12453407252240514
Mississippi,126,7132,0,0.29747843233736504
Mississippi,127,1326,0,0.04694316835932351
Mississippi,127,1439,0,0.13742180452429575
Mississippi,127,3242,0,0.2249645781007393
Mississippi,127,3243,0,0.10356242625616864
Mississippi,127,7032,0,0.3566930609409268
Mississippi,127,9139,0,0.08703485320529888
Mississippi,128,1339,0,0.2287975322530988
Mississippi,128,6832,39,0.5112880591666504
Mississippi,128,9039,0,0.06040827966297411
Mississippi,129,1139,0,0.1557882155264774
Mississippi,129,1239,0,0.1922329962070715
Mississippi,129,2942,0,0.21227565855159897
Mississippi,129,6732,0,0.3017182461237152
Mississippi,129,8839,18,0.1710457108604645
Mississippi,12,3746,27,0.8906876627067318
Mississippi,12,3846,135,0.973824938504654
Mississippi,12,6587,0,0.2689792252827997
Mississippi,12,8737,0,0.06596159928020111
Mississippi,12,9153,0,0.11695444431741882
Mississippi,130,1039,0,0.09063658215961509
Mississippi,130,2125,18,0.14901987750051782
Mississippi,130,6532,0,0.28327269062838356
Mississippi,130,6632,0,0.3073321427783796
Mississippi,130,8739,0,0.1057960683690404
Mississippi,131,2025,0,0.1839726067708801
Mississippi,131,6432,0,0.24606482493467957
Mississippi,131,8540,0,0.12982981214110229
Mississippi,131,8640,0,0.06005301060415776
Mississippi,132,2542,0,0.36475934904223883
Mississippi,132,5033,0,0.1282495471230667
Mississippi,132,6332,60,0.5069152500914619
Mississippi,132,8440,0,0.13294411325045755
Mississippi,133,1724,19,0.18893541270327932
Mississippi,133,2341,0,0.13483618413564008
Mississippi,133,2342,20,0.49568084461271056
Mississippi,133,4933,0,0.3792539655835784
Mississippi,133,6132,0,0.31624633923828327
Mississippi,133,6133,0,0.11759988306959969
Mississippi,133,6232,0,0.019831333986416785
Mississippi,133,8340,21,0.2061736490451655
Mississippi,134,2241,0,0.22219702322957513
Mississippi,134,2242,0,0.14951636600385668
Mississippi,134,6032,0,0.2711812940583135
Mississippi,134,6033,0,0.18794215221151478
Mississippi,134,8140,0,0.18443052232178397
Mississippi,134,8141,0,0.16412296668774462
Mississippi,135,4633,0,0.20078656615916368
Mississippi,135,5832,0,0.12732740193592873
Mississippi,135,5833,0,0.08525821454974984
Mississippi,135,5933,0,0.10952663214459193
Mississippi,135,8041,25,0.34302309634239786
Mississippi,136,1941,0,0.23717516020354446
Mississippi,136,4433,0,0.19167254003704823
Mississippi,136,4533,0,0.18941169810974062
Mississippi,136,7841,27,0.3248798022853531
Mississippi,137,4333,0,0.2758577577122973
Mississippi,137,5533,30,0.28113942357840066
Mississippi,137,5633,49,0.5949580646766075
Mississippi,137,7741,20,0.32294462276951763
Mississippi,138,4943,0,0.13553270008799423
Mississippi,138,4944,0,0.6024091615509024
Mississippi,138,5433,98,0.3558475829835315
Mississippi,138,7541,0,0.25696032966320986
Mississippi,139,4744,59,0.8175068678498175
Mississippi,139,4844,291,0.9485465916284292
Mississippi,139,5233,0,0.36926931658944506
Mississippi,139,5333,0,0.3871324886006303
Mississippi,139,7442,0,0.2340824278781169
Mississippi,13,3746,70,0.9635086455832004
Mississippi,13,3846,107,0.9638796339621475
Mississippi,13,5789,0,0.17865566103677466
Mississippi,13,5889,0,0.17425077451612017
Mississippi,13,6587,0,0.13032790532337368
Mississippi,13,7873,0,0.29550564871311724
Mississippi,13,9153,0,0.08014048805099029
Mississippi,140,4644,335,0.9671382927878663
Mississippi,140,5133,0,0.40340614326329616
Mississippi,140,7242,0,0.31972750156982765
Mississippi,141,3733,56,0.22474669394165395
Mississippi,141,4444,357,0.9710919406505307
Mississippi,141,4933,0,0.376019151957066
Mississippi,141,5033,0,0.34295726071114935
Mississippi,141,7042,0,0.2789637215134982
Mississippi,142,4244,23,0.32049073924964805
Mississippi,142,4343,0,0.22564470642022708
Mississippi,142,4344,300,0.9662141883056061
Mississippi,142,4833,0,0.14285958760688505
Mississippi,142,6942,0,0.33756613227462734
Mississippi,143,4143,0,0.4380097624658538
Mississippi,143,4144,255,0.9426349674505636
Mississippi,143,4633,0,0.3583595213331636
Mississippi,143,4733,0,0.12924456172060816
Mississippi,143,6742,0,0.18306289148717814
Mississippi,144,3943,72,0.879607365284999
Mississippi,144,3944,150,0.8982744015879593
Mississippi,144,4043,0,0.08422604165136445
Mississippi,144,4044,0,0.09502019598470557
Mississippi,144,6542,0,0.13330421222664163
Mississippi,144,6642,0,0.2857052259479388
Mississippi,145,3843,122,0.9521350059088743
Mississippi,145,3844,75,0.8835222765771569
Mississippi,145,4333,0,0.38314028771462005
Mississippi,145,6442,0,0.18798631117738696
Mississippi,145,6443,0,0.18314359240656805
Mississippi,145,7861,0,0.17255646930520646
Mississippi,146,3643,97,0.9454689509317163
Mississippi,146,3644,0,0.8102368170689322
Mississippi,146,4133,0,0.10507309570647509
Mississippi,146,4233,0,0.31055434327131104
Mississippi,146,6242,0,0.10575642561801338
Mississippi,146,6243,0,0.12082972028408678
Mississippi,146,7661,15,0.8768697309914697
Mississippi,147,3443,99,0.9430992509888358
Mississippi,147,3444,22,0.42935056579067016
Mississippi,147,3543,0,0.09471517714396599
Mississippi,147,4033,80,0.3779710139529922
Mississippi,147,6043,0,0.07230435162109673
Mississippi,147,6143,0,0.14207632870689638
Mississippi,147,7462,20,0.7897248124554259
Mississippi,148,2632,37,0.3555463673906157
Mississippi,148,3343,72,0.9386291382729792
Mississippi,148,3344,0,0.08273437235565129
Mississippi,148,3833,0,0.229112662208928
Mississippi,148,3932,0,0.060873559860761026
Mississippi,148,3933,0,0.230570682373497
Mississippi,148,5943,0,0.19777183755521754
Mississippi,148,7362,25,0.8556843403728445
Mississippi,149,3143,53,0.9104321012968248
Mississippi,149,3732,0,0.1230153194156831
Mississippi,149,3733,0,0.26881635643250934
Mississippi,149,5743,0,0.31863077320077515
Mississippi,149,7162,25,0.9451465555658317
Mississippi,14,3746,94,0.960221367891271
Mississippi,14,3846,72,0.9574687578558037
Mississippi,14,6587,27,0.35571976324390203
Mississippi,14,8737,0,0.03616985143519976
Mississippi,14,9153,0,0.08699925250014962
Mississippi,150,2943,76,0.8405338922825637
Mississippi,150,3043,0,0.14051577152454178
Mississippi,150,3532,41,0.22387215528912702
Mississippi,150,3533,32,0.17199721034814308
Mississippi,150,5543,0,0.17772251309600115
Mississippi,150,5643,0,0.3617238531172136
Mississippi,150,6962,32,0.9578818222554898
Mississippi,151,2843,66,0.9145770495582073
Mississippi,151,3432,44,0.6858819598560593
Mississippi,151,3433,17,0.45744747152561116
Mississippi,151,5443,279,0.532097828346366
Mississippi,151,6762,57,0.9614317716309214
Mississippi,152,1931,0,0.04277612731357858
Mississippi,152,2643,36,0.9107934634457943
Mississippi,152,3232,0,0.130768998741098
Mississippi,152,3233,0,0.04669071369101191
Mississippi,152,5243,0,0.15881089083725466
Mississippi,152,6562,34,0.9575101232891479
Mississippi,152,6662,21,0.7284420188050422
Mississippi,153,2442,20,0.49564762261065176
Mississippi,153,2443,39,0.8107945187274938
Mississippi,153,3032,0,0.2110712445316335
Mississippi,153,3132,0,0.1640920281394513
Mississippi,153,5043,0,0.34727991448445783
Mississippi,153,5143,0,0.1843804895164328
Mississippi,153,6462,52,0.9610796802404098
Mississippi,153,6463,12,0.5950291719326694
Mississippi,154,1631,0,0.15131504037574148
Mississippi,154,2342,21,0.8717257923912429
Mississippi,154,2343,0,0.1737296793254354
Mississippi,154,2932,48,0.3255164750625935
Mississippi,154,6262,32,0.9181851803831268
Mississippi,154,6263,61,0.9589957272891306
Mississippi,155,1531,0,0.07910296056598391
Mississippi,155,2142,0,0.7060307267242663
Mississippi,155,2732,35,0.25717077901774765
Mississippi,155,4743,0,0.34041540170138984
Mississippi,155,6062,0,0.2431468760460432
Mississippi,155,6063,90,0.9611200832576366
Mississippi,156,1942,0,0.7620155432164721
Mississippi,156,2532,0,0.12872259784726436
Mississippi,156,2632,0,0.20733730215061189
Mississippi,156,4543,0,0.2854866624548668
Mississippi,156,4643,0,0.06573250295434013
Mississippi,156,5862,0,0.16522132027469616
Mississippi,156,5863,105,0.959634253944569
Mississippi,157,1742,0,0.22951958791127144
Mississippi,157,1842,0,0.09511811343422918
Mississippi,157,2431,0,0.1443958899376658
Mississippi,157,2432,0,0.25544933998006547
Mississippi,157,4343,0,0.1327924354796313
Mississippi,157,4443,0,0.1108741283701045
Mississippi,157,5663,93,0.9577912264877882
Mississippi,157,5763,40,0.9525532777131576
Mississippi,158,1632,0,0.16176656249100121
Mississippi,158,1642,0,0.24980656345984584
Mississippi,158,2231,0,0.2515309544998053
Mississippi,158,4143,0,0.06503471008095194
Mississippi,158,4243,0,0.2174511032079812
Mississippi,158,5463,0,0.0835899835092992
Mississippi,158,5563,133,0.9575322631862012
Mississippi,159,1441,0,0.08085472732152137
Mississippi,159,2131,0,0.18994154054623708
Mississippi,159,4043,0,0.1905263692210562
Mississippi,159,5363,163,0.961256722210954
Mississippi,15,3746,136,0.9691243992159434
Mississippi,15,3846,31,0.7047925879645605
Mississippi,15,5789,0,0.16413851532017357
Mississippi,15,6587,0,0.4766486853784691
Mississippi,15,8737,0,0.04272028623096571
Mississippi,15,9153,0,0.07968560832797592
Mississippi,160,1931,0,0.3513166096458991
Mississippi,160,3843,0,0.21408729367183005
Mississippi,160,5163,175,0.9613096140561945
Mississippi,161,3643,0,0.17800224737649256
Mississippi,161,3743,0,0.1043852367629489
Mississippi,161,4963,96,0.9590353457165739
Mississippi,162,1631,0,0.11244051084096797
Mississippi,162,3543,0,0.2313509350597496
Mississippi,162,4763,81,0.9568387253649657
Mississippi,162,4863,26,0.8190957223502697
Mississippi,163,1430,0,0.10922143147150651
Mississippi,163,1431,0,0.09384527346433139
Mississippi,163,3342,0,0.16276742132391323
Mississippi,163,3343,0,0.2027728359040773
Mississippi,163,4563,0,0.08884533923901618
Mississippi,163,4663,163,0.9602124143401075
Mississippi,164,1230,0,0.025613733598770255
Mississippi,164,1330,0,0.026563349186735943
Mississippi,164,3142,47,0.27113432125093956
Mississippi,164,3143,31,0.14917553332949365
Mississippi,164,4463,111,0.9641124268646103
Mississippi,165,1130,0,0.10536055918063235
Mississippi,165,3042,43,0.3543788894296965
Mississippi,165,4263,137,0.9647715696883002
Mississippi,166,2842,36,0.3169624893495878
Mississippi,166,4063,110,0.9624252308992582
Mississippi,166,930,0,0.09402045911265312
Mississippi,167,2642,35,0.3539788781526411
Mississippi,167,3863,82,0.951504613843042
Mississippi,167,3962,0,0.06904031901989531
Mississippi,167,3963,19,0.7649116791909081
Mississippi,168,2442,0,0.16531793069403036
Mississippi,168,2542,0,0.08813125186472168
Mississippi,168,3663,11,0.13614297867660682
Mississippi,168,3762,0,0.3328557688560713
Mississippi,168,3763,64,0.966371656642827
Mississippi,169,2342,28,0.29211748138947174
Mississippi,169,3562,23,0.8958667044292038
Mississippi,169,3563,54,0.9634286481588143
Mississippi,169,429,0,0.09697603572538553
Mississippi,16,3746,151,0.9745810259009103
Mississippi,16,3846,14,0.4784667216641718
Mississippi,16,6587,0,0.29976761635882865
Mississippi,16,8637,0,0.1301473351970049
Mississippi,16,9153,0,0.14850452828664037
Mississippi,170,2141,0,0.10201645782487509
Mississippi,170,2142,20,0.30863580503462523
Mississippi,170,3362,49,0.9612273998683494
Mississippi,170,3363,0,0.47716144407622085
Mississippi,171,1941,22,0.29175169513546007
Mississippi,171,1942,11,0.14979480533843567
Mississippi,171,3162,55,0.969477104131649
Mississippi,172,1841,24,0.29135016192856694
Mississippi,172,2962,41,0.9527424475585744
Mississippi,173,1641,0,0.33941079687288633
Mississippi,173,2762,32,0.9470284404189706
Mississippi,173,8827,0,0.03286284345250716
Mississippi,174,1441,20,0.3425152719352931
Mississippi,174,2662,14,0.5950891712732426
Mississippi,174,8061,0,0.13524156319564476
Mississippi,174,8628,0,0.09641061131407506
Mississippi,175,2462,21,0.9587978669647825
Mississippi,175,8428,0,0.07715249642794726
Mississippi,176,1140,18,0.277830893261949
Mississippi,176,2262,15,0.5478025047008308
Mississippi,176,7662,0,0.07486152611577923
Mississippi,176,7762,0,0.10426126179329176
Mississippi,176,8328,15,0.395977951568016
Mississippi,177,2061,0,0.3707243583415862
Mississippi,177,7562,0,0.7443825828001179
Mississippi,178,1861,0,0.1480677043698609
Mississippi,178,7362,30,0.8722855344909708
Mississippi,178,740,8,0.15832258408701763
Mississippi,179,7162,27,0.8927166440672363
Mississippi,17,3746,166,0.9562479017055074
Mississippi,17,5789,0,0.16221642688681068
Mississippi,17,6587,0,0.13916829339667458
Mississippi,17,9153,17,0.1453723132501308
Mississippi,180,6962,24,0.6587755373214299
Mississippi,180,6963,23,0.71802652054489
Mississippi,180,7629,42,0.47250946235304186
Mississippi,181,6763,29,0.9539744034981509
Mississippi,181,7429,21,0.4429797556673355
Mississippi,182,6563,63,0.9612994776855852
Mississippi,182,7329,0,0.11036642231291577
Mississippi,182,7330,0,0.2248125553078472
Mississippi,183,6363,70,0.9551285609537982
Mississippi,183,7130,0,0.23633458793321213
Mississippi,184,4645,16,0.3135295583699881
Mississippi,184,4744,0,0.31880686144070775
Mississippi,184,4745,367,0.9521622763546139
Mississippi,184,6163,71,0.9555721082789376
Mississippi,184,6263,0,0.2578484866738749
Mississippi,184,6930,28,0.7346827266749503
Mississippi,184,7030,0,0.2024254097640219
Mississippi,185,4544,27,0.41907220916020765
Mississippi,185,4545,366,0.9565629008092984
Mississippi,185,5963,26,0.957772003940261
Mississippi,185,6063,40,0.8713217853614744
Mississippi,185,6830,29,0.6418166821245657
Mississippi,186,4344,38,0.7424573013757719
Mississippi,186,4345,279,0.9615507511882128
Mississippi,186,5763,0,0.2220245961926982
Mississippi,186,5863,60,0.9539638949472223
Mississippi,186,6630,34,0.6270125355953631
Mississippi,187,4144,0,0.8702329344722854
Mississippi,187,4145,0,0.8733746370572164
Mississippi,187,5663,112,0.9523743014501339
Mississippi,187,6430,0,0.42735043152087293
Mississippi,188,3944,129,0.8715532428411421
Mississippi,188,3945,106,0.7905346986118672
Mississippi,188,5463,136,0.9473883468030306
Mississippi,188,6230,43,0.6641183412588008
Mississippi,188,6330,25,0.4918952887559802
Mississippi,189,3744,123,0.9373566901917821
Mississippi,189,3745,56,0.8342383063596224
Mississippi,189,5263,157,0.9627689821854092
Mississippi,189,6030,0,0.11071564404200931
Mississippi,189,6130,45,0.7121907407747495
Mississippi,189,6131,0,0.16193318752277447
Mississippi,18,3745,0,0.17962923353509502
Mississippi,18,3746,158,0.9569213179068851
Mississippi,18,6587,0,0.2261494678788787
Mississippi,18,7873,0,0.18549415367340222
Mississippi,18,8636,14,0.32094743012056515
Mississippi,18,8637,30,0.4560244658628304
Mississippi,18,9153,0,0.0433362332446966
Mississippi,190,3544,58,0.9352933016317103
Mississippi,190,3545,0,0.2070831226887868
Mississippi,190,3644,69,0.9444580034131482
Mississippi,190,5063,113,0.9379825345750136
Mississippi,190,5930,27,0.611184255713401
Mississippi,190,5931,8,0.30336414279186336
Mississippi,191,3344,0,0.5440213946286685
Mississippi,191,3444,85,0.9518893838227704
Mississippi,191,3445,4,0.20497474916079925
Mississippi,191,4863,84,0.9047323704113807
Mississippi,191,5730,0,0.3162870057280643
Mississippi,191,5731,0,0.2788110735546603
Mississippi,192,3244,64,0.7542985591812528
Mississippi,192,3245,0,0.08608503930053973
Mississippi,192,4663,132,0.9663432921927001
Mississippi,192,5530,16,0.21990444975370563
Mississippi,192,5531,66,0.7432080141117328
Mississippi,192,7843,24,0.9282686834777064
Mississippi,193,3044,49,0.9131223531622301
Mississippi,193,4463,118,0.9667134631958204
Mississippi,193,4563,0,0.04815768476701557
Mississippi,193,5330,0,0.145823131727646
Mississippi,193,5331,56,0.6909814624802355
Mississippi,193,5431,32,0.48850970497400187
Mississippi,193,7643,28,0.7695871854395335
Mississippi,194,2844,64,0.8818616713400445
Mississippi,194,4263,0,0.9333598078052383
Mississippi,194,4363,0,0.6155326472178397
Mississippi,194,5130,0,0.1564246658982556
Mississippi,194,5131,0,0.5049827694044436
Mississippi,194,5231,0,0.5119799555641205
Mississippi,194,7443,20,0.9570190540636905
Mississippi,195,2644,27,0.8900904774548072
Mississippi,195,4063,31,0.9123898848011767
Mississippi,195,4163,49,0.9112316270874519
Mississippi,195,4931,32,0.44312111306520147
Mississippi,195,5031,89,0.5619142822118108
Mississippi,195,7243,40,0.9678842318555898
Mississippi,196,2444,0,0.42421634882140524
Mississippi,196,3963,37,0.8150589944602731
Mississippi,196,4831,0,0.5181361009349251
Mississippi,196,7043,18,0.9569039355997042
Mississippi,197,2244,27,0.8594417703488033
Mississippi,197,3763,26,0.43126260420078755
Mississippi,197,4631,0,0.5150387481279597
Mississippi,197,6843,69,0.9526787897687137
Mississippi,198,2044,22,0.7515724010661193
Mississippi,198,3563,0,0.4091799846800722
Mississippi,198,4430,0,0.11730721085782828
Mississippi,198,4431,0,0.2773057081097065
Mississippi,198,6643,70,0.937109477640294
Mississippi,199,1844,25,0.2984668505361858
Mississippi,199,4230,0,0.13266419502952853
Mississippi,199,4231,0,0.3955186170115299
Mississippi,199,6443,111,0.9680462226894782
Mississippi,19,3746,151,0.952501005907565
Mississippi,19,5789,0,0.21469463351823656
Mississippi,19,6587,0,0.13764100769376103
Mississippi,19,7873,0,0.3014056376376239
Mississippi,19,8637,0,0.38188522084920884
Mississippi,19,9053,0,0.09526349953004352
Mississippi,19,9153,0,0.056891125153879375
Mississippi,1,3746,0,0.21381289634766015
Mississippi,1,3846,165,0.9577024917576555
Mississippi,1,5789,16,0.18791811543133283
Mississippi,1,5889,15,0.28543984559160335
Mississippi,1,6587,0,0.24520613165600008
Mississippi,1,7873,0,0.13451065087382802
Mississippi,1,9153,0,0.11707647324912021
Mississippi,200,4030,0,0.16470254481351448
Mississippi,200,4031,0,0.37593808990075783
Mississippi,200,6243,120,0.9642939313244739
Mississippi,201,3830,0,0.2987947915914574
Mississippi,201,3831,0,0.3406847304815076
Mississippi,201,6043,145,0.9654912192650859
Mississippi,202,3630,0,0.25035106477952973
Mississippi,202,3631,0,0.2485254575754442
Mississippi,202,5843,184,0.9520948719137136
Mississippi,203,3430,0,0.393907262043596
Mississippi,203,3431,0,0.3103025916764389
Mississippi,203,5643,213,0.9496684600846397
Mississippi,204,3230,0,0.3923846622667088
Mississippi,204,3231,0,0.2883157655833869
Mississippi,204,5443,280,0.9496358068081414
Mississippi,205,3030,0,0.28937503655145325
Mississippi,205,3031,0,0.23830587946117376
Mississippi,205,5243,271,0.9620516019894101
Mississippi,206,2830,22,0.3161290536614066
Mississippi,206,2831,17,0.24309849606819578
Mississippi,206,5043,0,0.9508121709029312
Mississippi,207,2630,20,0.45689702131827076
Mississippi,207,2631,15,0.45200007621122956
Mississippi,207,4843,220,0.943670687948531
Mississippi,208,4643,284,0.9694999473085318
Mississippi,209,2230,0,0.0807389477290508
Mississippi,209,2231,0,0.09399434185161093
Mississippi,209,4343,0,0.27441394305332484
Mississippi,209,4443,246,0.9759829222598702
Mississippi,209,7374,0,0.22255395447474596
Mississippi,20,3746,157,0.956205541206307
Mississippi,20,5789,33,0.15511701320675517
Mississippi,20,6587,0,0.41771601186752433
Mississippi,20,8636,0,0.2061883575255991
Mississippi,20,8637,0,0.2415150282080817
Mississippi,20,9053,0,0.07153668017758855
Mississippi,210,1931,15,0.1860440852195545
Mississippi,210,4143,0,0.9366845225105915
Mississippi,210,4243,0,0.9073707659372265
Mississippi,210,7174,0,0.16238049165453053
Mississippi,211,1467,0,0.1148834016315254
Mississippi,211,1731,19,0.39972768196550573
Mississippi,211,3943,178,0.9638979760897698
Mississippi,211,4043,0,0.14666788335444714
Mississippi,211,6874,0,0.21349767697122699
Mississippi,211,6974,0,0.5216205147807377
Mississippi,212,1531,18,0.3465608556419272
Mississippi,212,3743,129,0.9669872767586937
Mississippi,212,6774,19,0.6922137741959047
Mississippi,213,1331,0,0.1102784703566956
Mississippi,213,3543,85,0.9660260867834113
Mississippi,213,6474,4,0.25092746796155824
Mississippi,213,6574,23,0.8764654542075321
Mississippi,213,8644,0,0.0820444887863296
Mississippi,213,8645,0,0.10330592962796717
Mississippi,214,1131,0,0.11335454866530374
Mississippi,214,3343,69,0.9627786882572824
Mississippi,214,6374,0,0.24001891054700966
Mississippi,214,8444,23,0.6016773601286802
Mississippi,215,3143,73,0.963519239410997
Mississippi,215,8144,19,0.842625915717093
Mississippi,215,8244,11,0.7717285972022943
Mississippi,215,931,0,0.09087261873271685
Mississippi,216,2943,45,0.9692385228255487
Mississippi,216,5974,0,0.1346736325966082
Mississippi,216,7944,23,0.9382658764065974
Mississippi,217,2643,27,0.9408326199174993
Mississippi,217,2743,8,0.5003022878888547
Mississippi,217,5774,27,0.7986557452331469
Mississippi,217,7744,59,0.965049602056966
Mississippi,218,2443,17,0.6693169146086025
Mississippi,218,2444,21,0.6106572390094033
Mississippi,218,5574,32,0.8118803424602031
Mississippi,218,7544,54,0.9683845402837169
Mississippi,219,2244,28,0.9089006390095458
Mississippi,219,5374,35,0.6053262003203997
Mississippi,219,7344,62,0.9694266157088232
Mississippi,21,3746,148,0.9591096114312794
Mississippi,21,5789,0,0.10502244105703287
Mississippi,21,6587,5,0.32937140896994704
Mississippi,21,8636,0,0.09846589231017704
Mississippi,21,8637,0,0.10282886899479085
Mississippi,21,9053,0,0.08656453922258638
Mississippi,220,2044,24,0.9246718393131436
Mississippi,220,5174,25,0.8273062611756185
Mississippi,220,7143,21,0.6547830609551233
Mississippi,220,7144,61,0.968312260196766
Mississippi,221,1844,0,0.24570149414929812
Mississippi,221,4974,0,0.7062215934950514
Mississippi,221,6843,28,0.9583177235562775
Mississippi,221,6844,13,0.5407552536517376
Mississippi,221,6943,0,0.8827555164714045
Mississippi,222,4774,34,0.6983757654520195
Mississippi,222,6643,104,0.9631119611718829
Mississippi,223,4574,0,0.699518918770265
Mississippi,223,6443,121,0.9698824045649843
Mississippi,224,4374,40,0.9427542435234019
Mississippi,224,6243,154,0.9630635731998006
Mississippi,225,4174,41,0.9494813493086569
Mississippi,225,5943,0,0.6294008241893073
Mississippi,225,6043,0,0.9508487002716108
Mississippi,226,3974,42,0.9410312024320807
Mississippi,226,5743,175,0.967702446723051
Mississippi,227,3774,21,0.8537906150026362
Mississippi,227,5543,294,0.9696524748540775
Mississippi,228,3574,32,0.9591533414157898
Mississippi,228,5343,392,0.9547617671869233
Mississippi,229,3374,29,0.8677784610085292
Mississippi,229,5043,297,0.9679676005845596
Mississippi,229,5143,74,0.8173951057770866
Mississippi,22,3746,147,0.9619249964752751
Mississippi,22,5789,0,0.16383887668527652
Mississippi,22,6587,21,0.4649526474758982
Mississippi,22,7773,13,0.25559395517279027
Mississippi,22,7873,14,0.2373829709698194
Mississippi,22,9053,20,0.20550254395717926
Mississippi,230,3174,27,0.9384515603921735
Mississippi,230,4843,244,0.9536535401909806
Mississippi,231,2974,0,0.311156752384609
Mississippi,231,4643,325,0.9721616823674814
Mississippi,232,2774,12,0.36497982637985155
Mississippi,232,4343,239,0.9864936070580881
Mississippi,232,4443,28,0.6892188616500792
Mississippi,233,2575,9,0.31239114514476485
Mississippi,233,4143,204,0.9760895694584014
Mississippi,233,5435,0,0.5769557069648449
Mississippi,234,3943,201,0.9726045679174737
Mississippi,234,5235,48,0.8133668268013512
Mississippi,235,3643,105,0.9712358446943546
Mississippi,235,3743,59,0.96527679283905
Mississippi,235,4935,65,0.9558419176795275
Mississippi,236,3443,134,0.9581825879919804
Mississippi,236,4735,0,0.6573744587021828
Mississippi,237,3243,109,0.9639307810908314
Mississippi,237,4535,0,0.4922606830096536
Mississippi,238,2943,27,0.9013377654387085
Mississippi,238,3043,72,0.9628014366616378
Mississippi,238,4235,0,0.3429367599946613
Mississippi,239,2743,96,0.9605736345257022
Mississippi,23,3746,142,0.9598553613966383
Mississippi,23,5789,0,0.18525410414696897
Mississippi,23,6587,0,0.3537175771070918
Mississippi,23,8636,25,0.3282001722705584
Mississippi,23,8637,23,0.3340287144318944
Mississippi,23,9053,0,0.06756378894541087
Mississippi,240,2543,76,0.9371717228098531
Mississippi,241,2243,0,0.12375665746170898
Mississippi,241,2343,0,0.38658596621514846
Mississippi,241,2344,25,0.937485913427151
Mississippi,242,2044,40,0.9318465275777207
Mississippi,242,2144,12,0.5549140059722557
Mississippi,243,1844,26,0.9316188192964819
Mississippi,243,6263,0,0.07758230507928053
Mississippi,243,6264,24,0.34039096509705685
Mississippi,244,1644,0,0.7326093729637939
Mississippi,244,6063,0,0.05405631126835316
Mississippi,244,6064,31,0.4867174249801854
Mississippi,245,5543,27,0.7267399855630036
Mississippi,245,5863,0,0.06280328365627151
Mississippi,245,5864,29,0.5492967084069652
Mississippi,246,5243,107,0.8807374322778802
Mississippi,246,5343,103,0.8835540750646816
Mississippi,246,5564,0,0.04959716988535692
Mississippi,246,5663,0,0.09875211189936976
Mississippi,246,5664,0,0.3262021182925407
Mississippi,247,5043,278,0.952544157709282
Mississippi,247,5363,15,0.2811352010065563
Mississippi,247,5364,38,0.8903231588607968
Mississippi,248,4843,298,0.9703335921374396
Mississippi,248,5163,13,0.2901620658716331
Mississippi,248,5164,29,0.7662200517652623
Mississippi,249,4543,314,0.9754032044960458
Mississippi,24,3646,70,0.945337335506594
Mississippi,24,3746,76,0.9447868103539313
Mississippi,24,6587,0,0.11045478648487449
Mississippi,24,9053,0,0.08864911072984362
Mississippi,250,4343,294,0.9700147288972553
Mississippi,251,4043,50,0.7799662881851537
Mississippi,251,4143,186,0.9663444934606321
Mississippi,252,3843,204,0.943619352825714
Mississippi,252,8244,0,0.20830254477997626
Mississippi,253,3643,88,0.9381143740950062
Mississippi,254,3343,33,0.8611925187980234
Mississippi,254,3443,77,0.924377227654521
Mississippi,254,7744,27,0.5617082722960159
Mississippi,255,3143,77,0.8599015598004915
Mississippi,255,7544,37,0.876376673351312
Mississippi,256,2943,69,0.8758961085116357
Mississippi,256,7344,29,0.9228198651937641
Mississippi,257,2643,33,0.8050630314950455
Mississippi,257,2743,28,0.7514640654571164
Mississippi,257,7044,53,0.846676196324623
Mississippi,258,2443,32,0.8650587832017933
Mississippi,258,6844,37,0.8598245678429567
Mississippi,259,2243,39,0.8879602276465445
Mississippi,259,6544,22,0.7852440475256589
Mississippi,259,6644,80,0.9596430752056139
Mississippi,25,3646,121,0.9534050699125757
Mississippi,25,6487,18,0.27840766553780394
Mississippi,25,8536,0,0.2283651161479741
Mississippi,25,9052,0,0.133683147212367
Mississippi,25,9053,0,0.09929035020084562
Mississippi,260,1943,17,0.6431412087708367
Mississippi,260,6344,119,0.9429508921250357
Mississippi,261,6144,144,0.9410641395129015
Mississippi,262,1543,14,0.31636132714342835
Mississippi,262,5844,116,0.9189341045621395
Mississippi,262,5944,73,0.9314972273620796
Mississippi,263,5644,257,0.948662074943323
Mississippi,264,5344,0,0.2989164441277513
Mississippi,264,5444,308,0.950763349750434
Mississippi,265,5144,306,0.9584761075642309
Mississippi,266,4944,200,0.9259812821960457
Mississippi,267,4643,0,0.13273310865728605
Mississippi,267,4644,299,0.9715343579224799
Mississippi,268,4443,0,0.10828659881061083
Mississippi,268,4444,282,0.9811986428692936
Mississippi,269,4143,36,0.5615197184448147
Mississippi,269,4144,224,0.970641496788956
Mississippi,26,3646,116,0.9410315918247879
Mississippi,26,5689,0,0.1152531666745011
Mississippi,26,6487,0,0.18405763813277487
Mississippi,26,7773,0,0.09452415976622644
Mississippi,26,8536,0,0.2319698946007107
Mississippi,270,3167,0,0.19520618250089666
Mississippi,270,3943,30,0.7892243546599845
Mississippi,270,3944,150,0.9558581880288112
Mississippi,271,3643,17,0.34664692080501386
Mississippi,271,3644,96,0.9663076845107562
Mississippi,271,8143,0,0.04939227797488781
Mississippi,272,3443,0,0.4242946782167202
Mississippi,272,3444,86,0.9218361345707095
Mississippi,272,7843,0,0.39286178521785864
Mississippi,273,3143,0,0.08895158271741867
Mississippi,273,3144,0,0.7812879668966035
Mississippi,273,3243,0,0.2647940068251851
Mississippi,273,3244,0,0.8802542338500763
Mississippi,273,7643,0,0.20633709849543228
Mississippi,274,2943,14,0.7109978356125933
Mississippi,274,2944,25,0.9092976140518311
Mississippi,274,7343,0,0.09281263403665199
Mississippi,274,7344,0,0.09650249705676422
Mississippi,275,2743,26,0.9303427642840937
Mississippi,275,2744,21,0.8652404340034141
Mississippi,276,2443,25,0.930782051483574
Mississippi,276,2444,14,0.6215647851742253
Mississippi,277,2243,0,0.6125436044583212
Mississippi,277,2244,0,0.1264482372558584
Mississippi,277,6643,0,0.7114970338778591
Mississippi,277,6644,0,0.5509889629328839
Mississippi,278,6343,0,0.08083266443423538
Mississippi,278,6443,0,0.18657305375728736
Mississippi,278,6444,0,0.16183785526068054
Mississippi,279,1743,0,0.24533654571627891
Mississippi,279,6143,13,0.7134998028464513
Mississippi,279,6144,21,0.7327241154061994
Mississippi,27,3646,130,0.9563744773220454
Mississippi,27,6487,0,0.4053233808102143
Mississippi,27,8952,15,0.08994466169371666
Mississippi,280,5943,47,0.8932518147927485
Mississippi,280,5944,31,0.650663659826406
Mississippi,281,5643,149,0.9281927751304945
Mississippi,281,5644,96,0.8424474556172943
Mississippi,282,5443,210,0.9046934853920221
Mississippi,282,5444,91,0.8771818741783062
Mississippi,283,5143,239,0.9587319562712785
Mississippi,283,5144,87,0.8680434215991017
Mississippi,283,7129,0,0.8440004815738698
Mississippi,284,4843,19,0.3419092844242438
Mississippi,284,4943,148,0.8795445874982893
Mississippi,284,4944,0,0.5690977309821572
Mississippi,284,6929,20,0.7951031851532253
Mississippi,285,4643,0,0.9674046049026027
Mississippi,285,4644,0,0.6821807269247673
Mississippi,285,6629,32,0.9442182995204185
Mississippi,286,4343,90,0.9410168658034488
Mississippi,286,4344,0,0.48035623341335454
Mississippi,286,4443,157,0.9499033196156011
Mississippi,286,4444,0,0.21570832263173767
Mississippi,286,6429,34,0.8292362427349093
Mississippi,287,4143,198,0.9725346117516781
Mississippi,287,4144,0,0.5813539106412728
Mississippi,287,6129,0,0.9322383617922368
Mississippi,287,6229,0,0.6035827041530184
Mississippi,287,6664,17,0.6152818707533612
Mississippi,287,8443,0,0.3955747722503352
Mississippi,288,3843,49,0.9452648040016891
Mississippi,288,3943,130,0.9551862147710566
Mississippi,288,3944,0,0.12607478831847546
Mississippi,288,5929,32,0.9661469220046734
Mississippi,288,6364,22,0.8319811886984569
Mississippi,289,3643,124,0.9676727943596938
Mississippi,289,5729,45,0.9587550065914394
Mississippi,289,6164,24,0.8301312101106032
Mississippi,289,7944,0,0.5075843182451786
Mississippi,28,3646,127,0.9438973587398812
Mississippi,28,5689,0,0.08054504534691719
Mississippi,28,6487,0,0.3939029434702462
Mississippi,28,8536,0,0.3211709000949433
Mississippi,28,8952,0,0.11425860877854925
Mississippi,290,3343,0,0.14166527760620024
Mississippi,290,3443,83,0.9517042054500289
Mississippi,290,5429,47,0.9718486066288151
Mississippi,290,5864,21,0.7659770647140035
Mississippi,290,7744,20,0.8180737670996445
Mississippi,291,3143,67,0.9224509955763417
Mississippi,291,5229,39,0.9393398717232404
Mississippi,291,5664,17,0.7729537861406497
Mississippi,291,7444,34,0.9374741113818755
Mississippi,292,2943,39,0.9558169662237423
Mississippi,292,4929,59,0.9598182642496527
Mississippi,292,5364,0,0.3949214919238461
Mississippi,292,7244,31,0.9663066448973496
Mississippi,293,2643,0,0.8815376040974263
Mississippi,293,3470,0,0.29948515633081013
Mississippi,293,4729,46,0.9752281931077446
Mississippi,293,5164,0,0.5672548221020906
Mississippi,293,6944,60,0.9674321357264593
Mississippi,294,2443,11,0.8918121175051746
Mississippi,294,4429,49,0.9623442577962631
Mississippi,294,4529,0,0.21387940372477898
Mississippi,294,6744,74,0.965322827028623
Mississippi,294,8327,0,0.41873083745052814
Mississippi,295,2143,25,0.8053569783175054
Mississippi,295,4229,59,0.9614580496345283
Mississippi,295,4664,20,0.7913211394583751
Mississippi,295,6444,93,0.9640447280340421
Mississippi,296,1943,0,0.3260815811528235
Mississippi,296,2670,0,0.28947728507654036
Mississippi,296,3929,0,0.2503808381812946
Mississippi,296,4029,0,0.6040010837949868
Mississippi,296,6244,135,0.9674832248569573
Mississippi,297,1643,9,0.3347921763743465
Mississippi,297,3729,26,0.9245729988739826
Mississippi,297,5944,174,0.9684650115259775
Mississippi,297,6918,0,0.2151949710338049
Mississippi,298,3529,28,0.9271792411798707
Mississippi,298,5744,209,0.971569679580264
Mississippi,299,1970,0,0.06710567941609506
Mississippi,299,3229,27,0.903647075854243
Mississippi,299,5444,279,0.9630344339355245
Mississippi,29,3546,77,0.9444202128989034
Mississippi,29,3646,50,0.9248577470734617
Mississippi,29,5689,17,0.434245205772855
Mississippi,29,6487,28,0.42029553854309487
Mississippi,29,8952,22,0.192641779830845
Mississippi,2,3746,13,0.3444595838112415
Mississippi,2,3846,164,0.9741264804560049
Mississippi,2,5789,15,0.24001583191988063
Mississippi,2,5889,17,0.35419687589255855
Mississippi,2,6587,20,0.4159130256372617
Mississippi,2,7873,0,0.15726322452363595
Mississippi,2,9153,0,0.07560671955487311
Mississippi,300,3029,30,0.9098164917297727
Mississippi,300,5244,349,0.967825085198677
Mississippi,301,2729,16,0.7971935165860105
Mississippi,301,4944,231,0.9526393459921968
Mississippi,302,2529,0,0.188104045916011
Mississippi,302,4644,94,0.8585075600360568
Mississippi,302,4744,266,0.9596349635229559
Mississippi,302,6428,21,0.7258454708602036
Mississippi,303,4444,321,0.9646683689731883
Mississippi,303,6128,47,0.9614784696312207
Mississippi,304,4144,82,0.9424937794392618
Mississippi,304,4244,169,0.9504104664868666
Mississippi,304,5928,51,0.962382513085612
Mississippi,305,3944,172,0.965442993411528
Mississippi,305,5628,39,0.9220710237468025
Mississippi,305,5728,23,0.721460702538285
Mississippi,306,3644,0,0.19322045200225293
Mississippi,306,3744,101,0.966449300619301
Mississippi,306,5428,54,0.919229919960138
Mississippi,307,3444,93,0.9620482927353216
Mississippi,307,5228,56,0.9668581890288501
Mississippi,307,8343,0,0.11783697870009244
Mississippi,308,3244,70,0.9398697472528866
Mississippi,308,4928,58,0.9682664657465578
Mississippi,308,8143,0,0.13465014707205106
Mississippi,309,2944,57,0.9649665551697966
Mississippi,309,4728,48,0.9641723379634856
Mississippi,309,7843,27,0.9376697127558311
Mississippi,30,3546,109,0.9449929604054692
Mississippi,30,5689,0,0.1048566464385666
Mississippi,30,6487,29,0.6242700487367885
Mississippi,30,8952,0,0.17226474700512204
Mississippi,310,2744,32,0.9377362583195574
Mississippi,310,4428,21,0.5946005620020134
Mississippi,310,4528,16,0.3296605020242011
Mississippi,310,7643,14,0.9530997944290348
Mississippi,311,2444,24,0.858804645853731
Mississippi,311,2544,18,0.7690367752922868
Mississippi,311,7343,22,0.7904041867578622
Mississippi,311,7443,26,0.8412030702261235
Mississippi,312,2244,22,0.9628891548769909
Mississippi,312,7143,20,0.9348425622351884
Mississippi,313,2044,31,0.7197455755984861
Mississippi,313,6943,70,0.9590303199132322
Mississippi,314,1744,24,0.7230939418225507
Mississippi,314,6643,84,0.96079337301388
Mississippi,315,6443,120,0.9402681898122803
Mississippi,316,6143,101,0.959806332396077
Mississippi,316,6243,60,0.9514800834540023
Mississippi,317,5943,195,0.9440115576276532
Mississippi,318,2527,0,0.15859004677396793
Mississippi,318,5643,52,0.8505567825048135
Mississippi,318,5743,200,0.9435272047541988
Mississippi,319,5443,300,0.9524345672301056
Mississippi,319,6630,28,0.7272702893203217
Mississippi,31,3546,112,0.9547302669319376
Mississippi,31,5689,0,0.08830963000632316
Mississippi,31,6387,0,0.23464569814030037
Mississippi,31,6487,0,0.12368560623686606
Mississippi,31,7672,0,0.13262830254288105
Mississippi,320,2127,9,0.20665229603757776
Mississippi,320,5243,311,0.9612929749890825
Mississippi,320,6430,19,0.9504083583036368
Mississippi,321,4943,248,0.9282317375728457
Mississippi,321,6130,0,0.3011546638543553
Mississippi,321,6230,0,0.9427760226491589
Mississippi,322,4743,346,0.968845968972075
Mississippi,322,5930,30,0.9625763104826034
Mississippi,323,4443,326,0.9694750455679595
Mississippi,323,5730,40,0.9536098052681077
Mississippi,324,4243,251,0.9659706348456876
Mississippi,324,5430,52,0.962821195094685
Mississippi,324,8543,12,0.4096739678791538
Mississippi,325,3943,183,0.9668886339559236
Mississippi,325,5230,19,0.9662325690525523
Mississippi,325,8343,0,0.13940521647257495
Mississippi,326,3743,75,0.960143530411915
Mississippi,326,4930,13,0.41078409323761633
Mississippi,326,5030,48,0.9677087127525811
Mississippi,326,8043,20,0.5226043637653202
Mississippi,327,3443,61,0.9533100697726936
Mississippi,327,3543,36,0.9486255875866072
Mississippi,327,4730,48,0.953549079595121
Mississippi,327,7843,0,0.5629295561547726
Mississippi,328,3243,74,0.963972349851631
Mississippi,328,4530,37,0.9595925395246904
Mississippi,328,7643,32,0.9459818520767549
Mississippi,329,3043,52,0.9568228881311676
Mississippi,329,4230,30,0.9768747323084461
Mississippi,329,7343,50,0.95943077283245
Mississippi,32,3546,108,0.9524807422468917
Mississippi,32,5589,0,0.21769638545304906
Mississippi,32,5689,0,0.1570095292151847
Mississippi,32,6387,18,0.27162732477493207
Mississippi,32,7672,10,0.3230750637565382
Mississippi,32,7673,9,0.22656664807642266
Mississippi,32,8436,0,0.32032358296700747
Mississippi,32,8852,0,0.15382543196491905
Mississippi,330,2743,48,0.9629478468994991
Mississippi,330,4030,39,0.964021688577844
Mississippi,330,7143,66,0.9670309170542858
Mississippi,330,7262,13,0.5596132603497451
Mississippi,331,2543,44,0.9298822260066413
Mississippi,331,3730,16,0.6982140575769741
Mississippi,331,3830,19,0.9097416256890098
Mississippi,331,6843,73,0.9493908918102993
Mississippi,332,2243,26,0.8180410684351449
Mississippi,332,2343,12,0.31780308867608725
Mississippi,332,3530,0,0.9321022713737313
Mississippi,332,6643,72,0.9180286380815431
Mississippi,332,6762,0,0.08214615098323334
Mississippi,332,6862,0,0.12801897633852363
Mississippi,332,713,0,0.039494609110145254
Mississippi,333,2043,0,0.464539187493303
Mississippi,333,3330,36,0.9479875267657292
Mississippi,333,6343,62,0.955877198814621
Mississippi,333,6443,56,0.9476815296042642
Mississippi,333,6562,25,0.8520248149164655
Mississippi,334,1843,0,0.16433228023774113
Mississippi,334,3030,11,0.9597544868900523
Mississippi,334,6143,140,0.9636834374851783
Mississippi,334,6144,0,0.12340839087441112
Mississippi,334,6362,30,0.8858215515903312
Mississippi,335,1543,0,0.21108008983884127
Mississippi,335,2830,0,0.9413120663221319
Mississippi,335,5843,0,0.0902588164419092
Mississippi,335,5943,147,0.9496834281125701
Mississippi,335,6062,34,0.8724403488990218
Mississippi,336,5643,230,0.9612382652907038
Mississippi,336,5644,0,0.2765127961119257
Mississippi,336,5862,35,0.8935881652471642
Mississippi,337,5443,292,0.9519077659536999
Mississippi,337,5662,32,0.8615602614217643
Mississippi,338,5143,336,0.9524711275256207
Mississippi,338,5362,36,1.0
Mississippi,339,4943,213,0.9380056029052511
Mississippi,339,5162,31,1.0
Mississippi,339,7830,0,0.2088908842468025
Mississippi,33,3446,74,0.969664849009062
Mississippi,33,3546,25,0.8533634492816906
Mississippi,33,6387,0,0.278887401805992
Mississippi,33,7672,0,0.11242531953850918
Mississippi,33,8852,0,0.08932903375911581
Mississippi,340,4643,319,0.9597767646753557
Mississippi,340,7530,0,0.15423092137119057
Mississippi,341,4443,318,0.9708453638713914
Mississippi,341,4662,26,0.8059881701761734
Mississippi,341,7330,0,0.5454267029061761
Mississippi,342,4143,184,0.95703029913545
Mississippi,342,4462,21,0.6356957021677245
Mississippi,342,7130,26,0.8311966521026518
Mississippi,343,3943,62,0.8513362298809067
Mississippi,343,6830,32,0.6591941361344975
Mississippi,343,6831,7,0.417002436801611
Mississippi,344,3643,49,0.827322080014867
Mississippi,344,3743,0,0.3556569624464041
Mississippi,344,6630,35,0.6632315181695384
Mississippi,345,3443,57,0.8896434707867682
Mississippi,345,6330,26,0.9162141696506159
Mississippi,345,6331,14,0.6644521180552332
Mississippi,346,6130,13,0.8662933070348308
Mississippi,346,6131,18,0.440009355823347
Mississippi,346,7944,19,0.9006071969068653
Mississippi,347,2943,25,0.552443946216793
Mississippi,347,5830,0,0.21208361627375089
Mississippi,347,5831,0,0.3068678203393354
Mississippi,347,5930,0,0.3686785985902449
Mississippi,347,7644,33,0.9564060178820463
Mississippi,348,5630,0,0.5735560457915952
Mississippi,348,5631,0,0.45900449814519
Mississippi,348,7444,38,0.9576222868236463
Mississippi,349,5331,0,0.09075109587915908
Mississippi,349,5430,0,0.41840584819471743
Mississippi,349,7144,29,0.9479549713992707
Mississippi,349,7244,0,0.3041518924775881
Mississippi,34,3446,102,0.9693013924840669
Mississippi,34,6386,0,0.3612168548217861
Mississippi,34,6387,0,0.3807305503381907
Mississippi,34,7572,0,0.41662181979443685
Mississippi,34,8852,0,0.19919928808529958
Mississippi,350,2243,0,0.2284399633518015
Mississippi,350,5130,51,0.7983698895151936
Mississippi,350,5131,2,0.44470036446148514
Mississippi,350,6944,55,0.9624150551214403
Mississippi,351,2043,0,0.3396318705143344
Mississippi,351,4930,54,0.5347627025707705
Mississippi,351,4931,15,0.22227679018509364
Mississippi,351,6744,77,0.9512552116862953
Mississippi,352,1743,0,0.11704685724979527
Mississippi,352,4630,48,0.6334943218611392
Mississippi,352,4631,20,0.44141888250677713
Mississippi,352,6444,102,0.9513386357090666
Mississippi,353,4430,58,0.5737833033756431
Mississippi,353,6244,129,0.9654910895065778
Mississippi,354,4130,18,0.3821679470877994
Mississippi,354,4230,39,0.3401178756260947
Mississippi,354,5944,152,0.9606695238510254
Mississippi,354,6044,0,0.07310182154660032
Mississippi,355,5744,217,0.9540060266032651
Mississippi,356,5444,139,0.8958660532125748
Mississippi,356,5544,139,0.9154281693658344
Mississippi,357,3430,28,0.5464748547550774
Mississippi,357,5244,337,0.9578035459888293
Mississippi,357,7933,0,0.0850499121412163
Mississippi,358,3230,28,0.8170101166005369
Mississippi,358,4944,65,0.7532244162296016
Mississippi,358,5044,139,0.8717507689185575
Mississippi,359,2930,0,0.30477633208663935
Mississippi,359,3030,0,0.0786814348050025
Mississippi,359,4744,314,0.9759243217024084
Mississippi,35,3446,82,0.9739112179651427
Mississippi,35,5589,0,0.12967159533505784
Mississippi,35,6386,10,0.5036995000769372
Mississippi,35,6387,24,0.5749235398639911
Mississippi,35,8336,0,0.23225294408920283
Mississippi,360,2730,33,0.6192483409490951
Mississippi,360,4444,73,0.8491246709680655
Mississippi,360,4543,0,0.08605039230027688
Mississippi,360,4544,216,0.9275449961920083
Mississippi,360,7232,0,0.10676844651496231
Mississippi,361,2530,27,0.5222109614748445
Mississippi,361,4243,0,0.254546486564026
Mississippi,361,4244,253,0.969253749703083
Mississippi,362,2230,30,0.668939625740554
Mississippi,362,4043,0,0.24869871715366904
Mississippi,362,4044,180,0.9681462388554534
Mississippi,362,6220,0,0.09690612924990524
Mississippi,363,2030,0,0.30955084414416395
Mississippi,363,3743,0,0.25676904921645455
Mississippi,363,3744,107,0.9723335260779047
Mississippi,364,1730,0,0.14679997725337873
Mississippi,364,1830,0,0.08534339692564635
Mississippi,364,3544,77,0.972225087121461
Mississippi,365,1530,0,0.06996583253749233
Mississippi,365,3244,59,0.9604915495911412
Mississippi,365,3344,24,0.8389257885361151
Mississippi,366,3044,55,0.9562861135930332
Mississippi,367,1030,0,0.029392809215269784
Mississippi,367,2844,47,0.9678341094252734
Mississippi,368,2544,38,0.9525177042557208
Mississippi,369,2344,22,0.6129704292463763
Mississippi,369,5032,0,0.09712388177424955
Mississippi,36,3346,0,0.29670061787929713
Mississippi,36,3446,79,0.9667956116334594
Mississippi,36,5589,0,0.07511525615987003
Mississippi,36,6286,0,0.47878343768495907
Mississippi,36,7572,0,0.1782057744545954
Mississippi,36,8336,0,0.22718218769055776
Mississippi,36,8752,0,0.17283262885261028
Mississippi,370,6244,0,0.10748084512796076
Mississippi,371,1844,18,0.6887327029752767
Mississippi,372,5744,0,0.3120668726192929
Mississippi,373,5544,182,0.8762403581712171
Mississippi,374,5244,253,0.9364917511827743
Mississippi,374,5344,0,0.7243179771331364
Mississippi,375,3532,0,0.04242579677849249
Mississippi,375,3632,0,0.05205216962512092
Mississippi,375,5044,114,0.9308196858041096
Mississippi,376,4533,0,0.16652152138258375
Mississippi,376,4744,271,0.9583978137746193
Mississippi,376,4844,0,0.725006508706051
Mississippi,377,4544,228,0.957131315651692
Mississippi,378,2832,0,0.2320740767308554
Mississippi,378,4244,103,0.8897877237457265
Mississippi,378,4344,93,0.7057039348931677
Mississippi,379,4044,120,0.821694299484402
Mississippi,379,8444,0,0.1608772328498185
Mississippi,37,3346,102,0.9674832248569573
Mississippi,37,8235,0,0.29759581029882226
Mississippi,37,8236,20,0.4625153295892129
Mississippi,37,8752,0,0.20334024928432395
Mississippi,380,3744,11,0.22856077536880548
Mississippi,380,3844,89,0.8366658589070286
Mississippi,381,3333,0,0.10978280006547972
Mississippi,381,3544,97,0.9285529224946719
Mississippi,381,7944,27,0.7947365759753111
Mississippi,382,3344,88,0.8412109309000112
Mississippi,382,7744,0,0.563810531219294
Mississippi,383,3044,44,0.5672407384862457
Mississippi,383,3144,0,0.2652792229145575
Mississippi,383,7444,0,0.7069188350501641
Mississippi,383,7544,0,0.7439350105790656
Mississippi,384,2844,58,0.8447353671992128
Mississippi,384,7244,33,0.8541757646817545
Mississippi,385,2644,43,0.7377253453567796
Mississippi,385,7044,61,0.9482452416910769
Mississippi,386,2344,38,0.6262934574715389
Mississippi,386,6744,57,0.948777020368391
Mississippi,387,2144,0,0.44605612765411295
Mississippi,387,6544,106,0.9605103022817392
Mississippi,388,1844,0,0.38659473976939585
Mississippi,388,1944,0,0.3239077929139475
Mississippi,388,6244,35,0.679803228990527
Mississippi,388,6344,100,0.9546590928618445
Mississippi,389,6044,131,0.96829195521457
Mississippi,38,3346,56,0.9665850258536589
Mississippi,390,5744,0,0.13568701933154767
Mississippi,390,5844,177,0.9427392858681003
Mississippi,391,5544,263,0.9587659902672431
Mississippi,392,5344,290,0.9478430013077974
Mississippi,393,5044,276,0.9513192893350894
Mississippi,393,5144,68,0.6734799551759135
Mississippi,394,4843,0,0.18055623752380448
Mississippi,394,4844,250,0.9473695687320265
Mississippi,394,8444,0,0.17939191954175362
Mississippi,395,4544,148,0.9164246301808301
Mississippi,395,4643,0,0.10408105278601074
Mississippi,395,4644,146,0.9164246301808301
Mississippi,395,8244,0,0.24959652306981667
Mississippi,396,4343,0,0.6287917067874982
Mississippi,396,4344,258,0.9731059715524887
Mississippi,396,8044,0,0.2372909641445277
Mississippi,397,4044,0,0.1300434534830048
Mississippi,397,4143,28,0.5731510259659092
Mississippi,397,4144,175,0.9641423715362735
Mississippi,397,7744,14,0.450710803651871
Mississippi,398,3843,18,0.33327474828578
Mississippi,398,3844,122,0.969881376295095
Mississippi,398,7544,34,0.9286368908487829
Mississippi,399,3643,0,0.15939838134943177
Mississippi,399,3644,69,0.9685027274759966
Mississippi,399,7344,25,0.9421875205005451
Mississippi,39,3346,91,0.9654702531834498
Mississippi,39,6286,0,0.35959958805297526
Mississippi,39,6287,0,0.12485898879960314
Mississippi,39,7472,0,0.21450225680710167
Mississippi,39,8236,0,0.10527951305305965
Mississippi,39,8651,0,0.04258611890786141
Mississippi,39,8652,0,0.10694712463574928
Mississippi,3,3846,161,0.9672273045806024
Mississippi,3,6587,0,0.24461230725911734
Mississippi,3,7873,0,0.09130546474060333
Mississippi,3,8737,0,0.08016074559729032
Mississippi,3,9153,0,0.07760298459730994
Mississippi,400,3344,35,0.928331635548086
Mississippi,400,3444,50,0.9505086688704896
Mississippi,400,7044,39,0.9442898637103326
Mississippi,401,3144,49,0.96393468362314
Mississippi,401,6844,44,0.956443578399407
Mississippi,402,2944,33,0.9587876521484364
Mississippi,402,6544,25,0.7167810340984297
Mississippi,402,6643,0,0.3602720480958233
Mississippi,402,6644,41,0.9082097513354941
Mississippi,403,2644,19,0.8324081297965568
Mississippi,403,2744,0,0.5099065429331541
Mississippi,403,6343,23,0.8877858103877877
Mississippi,403,6344,81,0.9725506715124737
Mississippi,404,2444,0,0.7512185480647666
Mississippi,404,6143,37,0.9281085980519608
Mississippi,404,6144,83,0.9668726630210693
Mississippi,405,2244,0,0.3508330411002782
Mississippi,405,5843,70,0.9441872264970614
Mississippi,405,5844,39,0.6515938266208904
Mississippi,405,5943,0,0.06562413299130034
Mississippi,405,5944,0,0.16359189004542515
Mississippi,406,5643,125,0.8872107540519987
Mississippi,406,5644,0,0.8736692838578555
Mississippi,407,5343,0,0.1214163150228629
Mississippi,407,5443,193,0.9203359927260515
Mississippi,407,5444,74,0.8657477163227415
Mississippi,408,1544,0,0.4995204332463548
Mississippi,408,5143,223,0.964101752741859
Mississippi,408,5144,63,0.8626073781361421
Mississippi,409,4943,124,0.8846815426815469
Mississippi,409,4944,60,0.847151556875425
Mississippi,40,3246,92,0.9665535207906478
Mississippi,40,6186,0,0.3012567243016599
Mississippi,40,6366,0,0.2084012416998902
Mississippi,40,7472,0,0.16933259550400864
Mississippi,40,8135,0,0.18533580146078646
Mississippi,40,8136,0,0.1924871741827643
Mississippi,40,8651,0,0.07787031969690131
Mississippi,40,8652,0,0.125240998925938
Mississippi,410,4643,175,0.9199342309899058
Mississippi,410,4644,21,0.6330795480000384
Mississippi,410,4743,0,0.6137951114046029
Mississippi,410,4744,0,0.22921969885791485
Mississippi,411,4443,206,0.9570396393260131
Mississippi,411,4444,101,0.9396375131096122
Mississippi,412,4243,187,0.9439973129903476
Mississippi,412,4244,77,0.9091070821791787
Mississippi,412,7563,10,0.39687541454755026
Mississippi,413,3943,105,0.9677136509576478
Mississippi,413,3944,28,0.9138766124135207
Mississippi,413,4043,0,0.281484264058255
Mississippi,413,4044,0,0.1485812958725478
Mississippi,414,3743,76,0.9678518874271318
Mississippi,414,3744,47,0.9416420750687956
Mississippi,415,2669,0,0.0942567468899055
Mississippi,415,3543,60,0.9562657978907751
Mississippi,415,3544,37,0.9445979050949874
Mississippi,415,6863,0,0.06674605435287359
Mississippi,416,3343,28,0.9513956928924339
Mississippi,416,3344,37,0.9550842570581618
Mississippi,416,6663,0,0.09879477913375542
Mississippi,417,3043,0,0.6822216001825964
Mississippi,417,3044,0,0.9284465524865926
Mississippi,417,6462,0,0.042297196883054285
Mississippi,417,6463,0,0.055499420606245894
Mississippi,418,2844,33,0.9659093539152788
Mississippi,418,6263,0,0.23181868424102453
Mississippi,419,2644,40,0.9657045632377076
Mississippi,419,5962,0,0.054816888139490136
Mississippi,41,3246,50,0.9642198912542201
Mississippi,41,5389,0,0.059082120782417785
Mississippi,41,6186,0,0.19286523231499367
Mississippi,41,6187,0,0.12606611510270854
Mississippi,41,6366,12,0.29901334861635864
Mississippi,41,7372,0,0.15173999903532154
Mississippi,41,7472,0,0.13779926835284964
Mississippi,41,8135,0,0.17958464180971298
Mississippi,41,8136,0,0.1637635711407822
Mississippi,420,2344,24,0.9308675300827008
Mississippi,420,2444,0,0.3221419544272163
Mississippi,420,5762,0,0.24522639426741358
Mississippi,421,2144,26,0.9260249535230428
Mississippi,421,5562,0,0.14493361538371752
Mississippi,421,5563,0,0.3460995587783625
Mississippi,422,1944,0,0.8523307483803585
Mississippi,422,5362,0,0.12178316899207797
Mississippi,425,4662,10,0.6597739183298735
Mississippi,425,4663,11,0.2531164671307426
Mississippi,429,5043,61,0.3856795883511716
Mississippi,429,5143,172,0.8047509792979956
Mississippi,429,5144,0,0.17069901133756585
Mississippi,42,3246,79,0.9579489312867108
Mississippi,42,6186,23,0.5250812787005791
Mississippi,42,6187,15,0.2736671756855148
Mississippi,42,8551,0,0.14929914124153604
Mississippi,42,8552,0,0.17500656300752052
Mississippi,430,4843,221,0.9482568163834343
Mississippi,431,4643,291,0.9293375038376548
Mississippi,431,4644,67,0.6789621543571832
Mississippi,432,4343,0,0.4426067949530437
Mississippi,432,4344,0,0.16339076997057592
Mississippi,432,4443,124,0.8247682963770414
Mississippi,432,4444,0,0.40214485797044064
Mississippi,433,4143,197,0.7327752618045307
Mississippi,433,4144,111,0.5868555418113554
Mississippi,433,4243,0,0.10496289980808444
Mississippi,434,3943,95,0.6872398365191204
Mississippi,434,3944,0,0.5765076870396935
Mississippi,435,3743,98,0.6954872947821338
Mississippi,435,3744,38,0.5243876967859505
Mississippi,436,3443,0,0.15679617338489396
Mississippi,436,3444,0,0.24282347473933583
Mississippi,436,3543,0,0.750521760902173
Mississippi,436,3544,0,0.1272521837126738
Mississippi,436,7263,17,0.6425124149087114
Mississippi,437,3243,47,0.7967334890008091
Mississippi,437,3244,29,0.6807162402566318
Mississippi,437,7063,10,0.5664772086977882
Mississippi,438,3043,0,0.14669536550055817
Mississippi,438,3044,0,0.13674694948119812
Mississippi,438,6863,20,0.7290274135583007
Mississippi,439,2843,28,0.5349689409577375
Mississippi,439,2844,29,0.41245210892167045
Mississippi,439,6663,17,0.6426356183546102
Mississippi,43,3146,80,0.9647452256292138
Mississippi,43,8551,0,0.10035494043484265
Mississippi,43,8552,0,0.1458123678227676
Mississippi,440,6363,14,0.5881344546035111
Mississippi,441,2344,19,0.634009784986182
Mississippi,441,6163,15,0.6192038704264735
Mississippi,442,5962,0,0.7190654004560518
Mississippi,442,5963,0,0.29790174949606985
Mississippi,443,5762,26,0.6880550241517303
Mississippi,443,5763,14,0.40137143712430134
Mississippi,444,1644,0,0.1275830894386141
Mississippi,444,5562,28,0.6670443543177661
Mississippi,445,5362,28,0.8407880152543613
Mississippi,448,4662,35,0.9141053104567483
Mississippi,448,5443,0,0.29366559598483444
Mississippi,448,5543,0,0.3139334893893103
Mississippi,449,4462,0,0.45131549289034806
Mississippi,449,4463,0,0.1338777749539326
Mississippi,449,5243,391,0.8381604744817633
Mississippi,44,3146,0,0.9648841537114763
Mississippi,44,6086,0,0.4235397260206305
Mississippi,44,6087,0,0.24619695842311815
Mississippi,44,8035,0,0.13160416665756963
Mississippi,44,8036,0,0.12666625988633468
Mississippi,44,8551,0,0.08172704396054617
Mississippi,44,8552,0,0.04993666379874071
Mississippi,450,5043,214,0.9144388195451664
Mississippi,451,4743,26,0.37585565107969876
Mississippi,451,4843,308,0.9525816196779505
Mississippi,452,4543,269,0.9449527090913853
Mississippi,452,4643,0,0.09328755286649566
Mississippi,453,4343,294,0.8805367744015081
Mississippi,454,4143,131,0.8182562849102079
Mississippi,455,3843,62,0.7789048236943574
Mississippi,455,3943,113,0.8867192484201349
Mississippi,456,3643,65,0.7962201365769057
Mississippi,457,3443,61,0.720362039156104
Mississippi,458,3243,102,0.81775589794562
Mississippi,459,2943,0,0.32915146785116867
Mississippi,459,3043,50,0.9204730635986667
Mississippi,459,8065,0,0.06384510177046601
Mississippi,459,8165,0,0.012008836095708034
Mississippi,45,3146,78,0.9686659227114629
Mississippi,45,5289,32,0.15197987681876213
Mississippi,45,6086,15,0.40411986745364914
Mississippi,45,6087,14,0.34988946463060067
Mississippi,45,6166,0,0.18731471650684398
Mississippi,45,7272,0,0.25523197829448546
Mississippi,45,8035,0,0.18345276459465523
Mississippi,45,8036,0,0.1955358891637461
Mississippi,45,8451,0,0.09647760276262365
Mississippi,45,8452,0,0.17627143373284798
Mississippi,460,2743,17,0.6107421861809078
Mississippi,460,2843,17,0.7172141205610792
Mississippi,460,7865,0,0.22643981774125363
Mississippi,461,2543,76,0.7434432307472676
Mississippi,461,7665,0,0.2848878418782962
Mississippi,462,2343,25,0.7066961349482958
Mississippi,462,7465,0,0.216635742089928
Mississippi,462,7644,28,0.7393007560838322
Mississippi,463,2143,0,0.38698731950907156
Mississippi,463,7265,0,0.1802623173712088
Mississippi,463,7343,0,0.15774772031899492
Mississippi,463,7443,0,0.46266202347038404
Mississippi,463,7444,0,0.16419061424660766
Mississippi,464,1943,0,0.1568804023300666
Mississippi,464,7064,0,0.02389708567361805
Mississippi,464,7065,0,0.25906451460689855
Mississippi,464,7143,29,0.9631753718167171
Mississippi,465,1744,0,0.44190929115970595
Mississippi,465,6864,0,0.3779102535775466
Mississippi,465,6865,0,0.1407734011375172
Mississippi,465,6943,52,0.9510137671391701
Mississippi,466,6664,0,0.18869679805767728
Mississippi,466,6665,0,0.09373497800428726
Mississippi,466,6743,28,0.9392966221976546
Mississippi,467,6464,0,0.42220954764806035
Mississippi,467,6465,0,0.03737973610578101
Mississippi,467,6543,67,0.9625742756402141
Mississippi,468,6264,0,0.5174744947533089
Mississippi,468,6343,123,0.958975476965457
Mississippi,469,6043,20,0.6818009108073639
Mississippi,469,6064,43,0.6751815377998439
Mississippi,469,6143,125,0.9617492864776387
Mississippi,46,3046,79,0.9669356189505183
Mississippi,46,5189,0,0.1289368298318538
Mississippi,46,5289,0,0.1471440496161617
Mississippi,46,7936,26,0.19444426379275662
Mississippi,46,8451,0,0.08049364544009181
Mississippi,46,8452,0,0.13774117668048672
Mississippi,470,5843,111,0.8836431640793205
Mississippi,470,5864,0,0.47308412242501546
Mississippi,470,5943,50,0.904066435392997
Mississippi,471,5643,211,0.962191439476588
Mississippi,471,5664,0,0.4176840951145804
Mississippi,472,5443,272,0.9507223218253379
Mississippi,472,5464,40,0.6818987196972293
Mississippi,473,5243,279,0.9614346891492372
Mississippi,473,5264,0,0.7782486403608222
Mississippi,474,5043,196,0.9367458231004199
Mississippi,474,7768,0,0.23664160840534276
Mississippi,475,4743,45,0.773785430572898
Mississippi,475,4843,244,0.967385808721766
Mississippi,475,7568,0,0.41658557885474873
Mississippi,476,4543,234,0.9759829222598702
Mississippi,476,4643,68,0.9002021907162996
Mississippi,476,4664,0,0.4696139589766765
Mississippi,477,4343,249,0.9679895378004094
Mississippi,477,4443,0,0.26565363071721526
Mississippi,477,4464,0,0.324116185355899
Mississippi,477,7168,0,0.24702699791619195
Mississippi,478,4143,222,0.9652967561530511
Mississippi,478,6968,19,0.34467042657132835
Mississippi,479,3943,192,0.9611306584696239
Mississippi,479,6768,16,0.30275439841041557
Mississippi,47,3046,0,0.9670539591970955
Mississippi,47,5189,0,0.14515176084275605
Mississippi,47,5986,0,0.5827514628287739
Mississippi,47,5987,0,0.3180749638434578
Mississippi,47,7272,0,0.18447491848072153
Mississippi,480,3743,140,0.9673162650811755
Mississippi,481,3543,85,0.9627732149249927
Mississippi,481,6367,19,0.741377292780167
Mississippi,481,6368,4,0.13175322875833517
Mississippi,482,3343,65,0.9425609375721726
Mississippi,482,6121,0,0.09711785022300663
Mississippi,482,6167,0,0.1597281379424178
Mississippi,483,3143,70,0.9655965780012701
Mississippi,483,5967,18,0.5318878838175657
Mississippi,484,2843,0,0.259569236125557
Mississippi,484,2943,39,0.9549494014700834
Mississippi,485,2643,19,0.9346845785704821
Mississippi,485,2743,15,0.8311637742551843
Mississippi,485,8044,20,0.43541958435069705
Mississippi,486,2443,28,0.9162851387243449
Mississippi,486,2543,12,0.6194899602286614
Mississippi,486,7844,30,0.8399930351309788
Mississippi,487,2243,22,0.9350282762473472
Mississippi,487,7644,38,0.9437218430790876
Mississippi,488,2043,28,0.5487702353027084
Mississippi,488,4924,0,0.08840705624731714
Mississippi,488,7444,0,0.5964397594527963
Mississippi,489,7144,0,0.5049746720393783
Mississippi,489,7244,0,0.28044820297081596
Mississippi,48,3046,75,0.9679702136629282
Mississippi,48,5244,0,0.21972171537769317
Mississippi,48,5986,12,0.4869487120034744
Mississippi,48,5987,25,0.40813645012990496
Mississippi,48,7172,0,0.35282419859775827
Mississippi,48,7936,0,0.1422316283403148
Mississippi,48,8352,0,0.22795549010078128
Mississippi,48,9242,0,0.082984368526293
Mississippi,490,4567,23,0.4873593608526321
Mississippi,490,4667,0,0.15025778870618745
Mississippi,490,6944,52,0.9503898680145708
Mississippi,491,6744,28,0.7516044735980711
Mississippi,492,6544,38,0.8670075461990323
Mississippi,493,6343,22,0.6468783686311734
Mississippi,493,6344,114,0.8988287923225787
Mississippi,493,7766,0,0.1611214655649928
Mississippi,494,6143,38,0.9491929905259631
Mississippi,494,6144,117,0.954555058287545
Mississippi,494,8657,0,0.169815152370278
Mississippi,495,3667,0,0.45868130148442904
Mississippi,495,5943,0,0.9241880641973598
Mississippi,495,5944,0,0.912480610042117
Mississippi,496,3467,15,0.3461084538390446
Mississippi,496,5743,109,0.9263786953947797
Mississippi,496,5744,19,0.9383485825691325
Mississippi,496,8257,36,0.37431591767926053
Mississippi,497,3267,18,0.7065134727797407
Mississippi,497,5543,244,0.9471072947662907
Mississippi,497,5544,46,0.6453826843381754
Mississippi,498,5343,360,0.9449925636471459
Mississippi,498,5344,0,0.2398387827808178
Mississippi,498,7857,44,0.6128678034915792
Mississippi,499,5043,19,0.2738716390422616
Mississippi,499,5143,419,0.9490889384332166
Mississippi,499,5144,0,0.4058191855466103
Mississippi,499,7657,0,0.5653565375645866
Mississippi,499,8838,0,0.16038367978362822
Mississippi,49,2946,43,0.960256539878203
Mississippi,49,5886,0,0.38469185065794304
Mississippi,49,5887,0,0.21034362977619128
Mississippi,49,7172,0,0.22924954869493955
Mississippi,49,7526,0,0.13645605185983556
Mississippi,49,8351,0,0.09405583891073273
Mississippi,49,8352,0,0.4547544777255685
Mississippi,4,3746,0,0.32068248657871545
Mississippi,4,3846,156,0.9714000970847323
Mississippi,4,5789,0,0.15022680804727473
Mississippi,4,5889,0,0.15972043343144499
Mississippi,4,6587,0,0.3331652667055866
Mississippi,4,7873,0,0.10222533047851365
Mississippi,4,8737,0,0.09458038029149035
Mississippi,4,9153,0,0.14159533155210058
Mississippi,500,4843,125,0.6881715247905796
Mississippi,500,4943,171,0.8107831732499325
Mississippi,500,7456,0,0.23990749945228648
Mississippi,500,7457,0,0.4668455122531102
Mississippi,500,8638,0,0.08981447522997288
Mississippi,501,4643,375,0.9606710852202732
Mississippi,501,4644,13,0.2949250110502139
Mississippi,501,4743,0,0.2208182696226176
Mississippi,501,5455,33,0.49476636485054726
Mississippi,501,5456,145,0.731715264049261
Mississippi,501,5534,0,0.47376450067883547
Mississippi,501,6265,0,0.25877775546976994
Mississippi,501,8437,0,0.08349607745007925
Mississippi,502,4443,260,0.9348165277489315
Mississippi,502,5243,63,0.25282212883151467
Mississippi,502,5244,0,0.2735895288645376
Mississippi,502,5255,0,0.4796553789517023
Mississippi,502,5256,0,0.7881126814122846
Mississippi,502,5334,0,0.5310598998689862
Mississippi,502,5356,0,0.05241261470025011
Mississippi,502,7056,0,0.6822877673684354
Mississippi,502,7057,0,0.23674706611858623
Mississippi,503,4243,151,0.9309540968729273
Mississippi,503,4244,0,0.2670344820464377
Mississippi,503,5043,0,0.03955629276309964
Mississippi,503,5044,0,0.03636449870582117
Mississippi,503,5055,0,0.05997404963852418
Mississippi,503,5056,0,0.4974240326787755
Mississippi,503,5155,0,0.11386695793556796
Mississippi,503,5156,0,0.5188021719076145
Mississippi,503,5865,0,0.19977498367034355
Mississippi,503,6856,40,0.7599250621765766
Mississippi,503,6857,15,0.24703595685658974
Mississippi,503,8037,24,0.29023614307869444
Mississippi,504,4043,94,0.8921957200767873
Mississippi,504,4044,20,0.33170024246276425
Mississippi,504,4843,88,0.8408845997920388
Mississippi,504,4844,116,0.695692030600153
Mississippi,504,4934,42,0.9063202609664226
Mississippi,504,4956,227,0.9122625264359777
Mississippi,504,5664,0,0.036062786704255397
Mississippi,504,5665,61,0.24096457575563715
Mississippi,504,6656,0,0.688923676312921
Mississippi,504,6657,0,0.11893130426380942
Mississippi,504,7837,0,0.2988299856782718
Mississippi,505,3843,82,0.88136517263225
Mississippi,505,3844,0,0.2159392421462027
Mississippi,505,4634,34,0.4950439935225891
Mississippi,505,4755,70,0.6458656732457553
Mississippi,505,4756,335,0.854829864130685
Mississippi,505,5465,0,0.34527379854921514
Mississippi,505,6456,54,0.6898878684485845
Mississippi,505,6457,0,0.10882829387236272
Mississippi,505,7637,25,0.543178511530694
Mississippi,506,4343,0,0.0996734115762007
Mississippi,506,4344,0,0.08540541282744284
Mississippi,506,4434,0,0.36432805217512476
Mississippi,506,4443,0,0.05001880877261388
Mississippi,506,4444,0,0.06576969064108856
Mississippi,506,4555,78,0.667081780606776
Mississippi,506,4556,313,0.7846574689935334
Mississippi,506,5264,0,0.06998418371244759
Mississippi,506,5265,37,0.6893726393586405
Mississippi,506,6256,147,0.6891004779632841
Mississippi,506,6257,0,0.0988701873655176
Mississippi,506,7337,0,0.2155026396203013
Mississippi,506,7437,0,0.1009205539481603
Mississippi,507,3443,50,0.9215407605618394
Mississippi,507,3444,33,0.7955900485310504
Mississippi,507,4355,104,0.6531112721081491
Mississippi,507,4356,244,0.7359781103980376
Mississippi,507,5064,0,0.06005819444506821
Mississippi,507,5065,0,0.41814860910818114
Mississippi,507,6056,0,0.5202002097534384
Mississippi,507,7137,28,0.5044918269009893
Mississippi,508,3243,0,0.42458744041792484
Mississippi,508,3244,13,0.6077972179553428
Mississippi,508,4155,80,0.6508375999111602
Mississippi,508,4156,194,0.7364393279421436
Mississippi,508,6937,0,0.4998808857633498
Mississippi,509,3043,0,0.32038106997277604
Mississippi,509,3044,0,0.8121491955309622
Mississippi,509,4665,19,0.7415826953024358
Mississippi,509,5265,34,0.618835665055215
Mississippi,509,5656,0,0.4251380463454482
Mississippi,509,5657,0,0.09495963031583497
Mississippi,509,6737,44,0.3245770247732991
Mississippi,50,2946,49,0.9647301975000585
Mississippi,50,5089,0,0.1342216050311895
Mississippi,50,5189,0,0.08021228558717597
Mississippi,50,5886,0,0.5811645876940174
Mississippi,50,5887,0,0.2754022709560096
Mississippi,50,6066,17,0.6488854758490152
Mississippi,50,7072,0,0.17965909857086607
Mississippi,50,8351,0,0.06100998911922362
Mississippi,50,8352,0,0.20368394435336573
Mississippi,510,2844,39,0.8048759623850227
Mississippi,510,3543,0,0.09778161537901857
Mississippi,510,3544,0,0.1823451832569366
Mississippi,510,3755,0,0.11334072273982078
Mississippi,510,3756,0,0.5190344981689018
Mississippi,510,4465,0,0.14803110310864626
Mississippi,510,5065,22,0.7560316280863498
Mississippi,510,6537,54,0.7761327276921121
Mississippi,510,8644,0,0.06461578919137555
Mississippi,510,8744,0,0.04833989192235106
Mississippi,511,2644,31,0.9171865969801603
Mississippi,511,3343,0,0.09021242120756182
Mississippi,511,3344,0,0.18034135127273457
Mississippi,511,3555,0,0.3712900614467199
Mississippi,511,3556,130,0.6616217799821937
Mississippi,511,4265,0,0.3142710183439621
Mississippi,511,5256,0,0.8468983284972306
Mississippi,511,6337,54,0.8206768751723272
Mississippi,511,7537,0,0.17726419401147192
Mississippi,511,8444,18,0.41653416403525756
Mississippi,512,2444,66,0.9024430660242213
Mississippi,512,3143,0,0.05330282938715963
Mississippi,512,3144,0,0.08053492305422028
Mississippi,512,5056,262,0.9452119662810107
Mississippi,512,6137,73,0.7814005077096251
Mississippi,512,8244,0,0.1230079743133569
Mississippi,513,2244,50,0.9559717264490498
Mississippi,513,2943,0,0.1427940753542469
Mississippi,513,2944,0,0.19064409020888512
Mississippi,513,3155,0,0.04567097119157175
Mississippi,513,3156,0,0.6198725960115213
Mississippi,513,5936,0,0.04162300441743625
Mississippi,513,5937,81,0.7632042939209136
Mississippi,513,7137,0,0.1984666111399201
Mississippi,513,8044,0,0.3542071935383145
Mississippi,514,1944,0,0.30076495832267697
Mississippi,514,2044,26,0.7932057558062191
Mississippi,514,2956,31,0.6420468966878633
Mississippi,514,5737,100,0.7514461270557106
Mississippi,514,6937,0,0.18279234474596714
Mississippi,514,7843,11,0.24477035981251233
Mississippi,514,7844,19,0.7384503933653757
Mississippi,515,1744,0,0.4240040536558597
Mississippi,515,1844,0,0.6722871997537064
Mississippi,515,2544,0,0.31624397647784813
Mississippi,515,2756,78,0.6386533925140319
Mississippi,515,5537,96,0.7950170556130267
Mississippi,515,6737,0,0.2602857427623106
Mississippi,515,7643,13,0.48976614523677037
Mississippi,515,7644,27,0.8785378109421624
Mississippi,516,1544,15,0.6257119631736834
Mississippi,516,1644,0,0.34426380098503
Mississippi,516,2343,0,0.04552857649562025
Mississippi,516,2344,0,0.17553783734677383
Mississippi,516,5337,123,0.7976678079695083
Mississippi,516,7443,24,0.7730172798099715
Mississippi,516,7444,25,0.8460984510487565
Mississippi,517,1344,0,0.20427471426760502
Mississippi,517,2144,0,0.16338292119172346
Mississippi,517,2356,55,0.6772505180401098
Mississippi,517,5037,22,0.34583667751361835
Mississippi,517,5137,91,0.827088614215519
Mississippi,517,6337,0,0.1528835833073018
Mississippi,517,7243,0,0.46864978218793446
Mississippi,517,7244,0,0.8855472649592704
Mississippi,518,1144,0,0.13183345070948121
Mississippi,518,1944,9,0.43835960000138224
Mississippi,518,2156,19,0.4488046502395838
Mississippi,518,4837,45,0.8316600161358237
Mississippi,518,4937,52,0.8171017388471216
Mississippi,518,7043,12,0.7201335804898075
Mississippi,518,7044,28,0.9495296432500913
Mississippi,518,7070,0,0.25435299753136914
Mississippi,519,1744,0,0.0991279637504032
Mississippi,519,1956,0,0.23698480405848338
Mississippi,519,4637,82,0.8564389022388794
Mississippi,519,4737,23,0.34417630343711825
Mississippi,519,6843,29,0.7614341619110655
Mississippi,519,6844,49,0.9351694786914033
Mississippi,51,2946,60,0.9609400216048959
Mississippi,51,5886,23,0.40822400751483995
Mississippi,51,5887,18,0.4077840730014502
Mississippi,51,5966,18,0.515393698514021
Mississippi,51,8252,0,0.1977142527590758
Mississippi,51,9142,0,0.08814247989955755
Mississippi,520,4436,13,0.21012830829407705
Mississippi,520,4437,94,0.8402369434649777
Mississippi,520,5637,0,0.11567535714986349
Mississippi,520,5737,0,0.12316068606433966
Mississippi,520,6643,20,0.8680460425724609
Mississippi,520,6644,41,0.9489164404266083
Mississippi,520,6670,20,0.17751656754202916
Mississippi,521,4236,21,0.20406501657158155
Mississippi,521,4237,87,0.7226406969180581
Mississippi,521,5437,0,0.16610430349322006
Mississippi,521,5537,0,0.08136573627857165
Mississippi,521,6443,42,0.9323527422408189
Mississippi,521,6444,70,0.9520106404989913
Mississippi,522,1729,0,0.10466838200845664
Mississippi,522,4036,0,0.15557920259412186
Mississippi,522,4037,0,0.3777254261476578
Mississippi,522,5237,0,0.15349094783052178
Mississippi,522,6243,49,0.9043194114082762
Mississippi,522,6244,96,0.9603444311058275
Mississippi,523,3836,0,0.2413929825976784
Mississippi,523,3837,0,0.26442580876374705
Mississippi,523,5037,0,0.1334008783185218
Mississippi,523,6043,0,0.8895253485116856
Mississippi,523,6044,91,0.9235101264939428
Mississippi,524,3636,0,0.23875396662618587
Mississippi,524,3637,0,0.24766999012625804
Mississippi,524,5843,42,0.7568601998947287
Mississippi,524,5844,178,0.9399279611336628
Mississippi,525,3436,0,0.19125152565396528
Mississippi,525,3437,0,0.1922873412901033
Mississippi,525,4637,0,0.10999603165072472
Mississippi,525,5543,0,0.047707998391973996
Mississippi,525,5544,18,0.142276923474682
Mississippi,525,5643,0,0.5763858527685876
Mississippi,525,5644,221,0.947143539348257
Mississippi,526,3236,0,0.2671935378605127
Mississippi,526,3237,0,0.15325660456982665
Mississippi,526,4437,0,0.09390930011065918
Mississippi,526,5343,0,0.2698431910591639
Mississippi,526,5344,111,0.8718613235929956
Mississippi,526,5370,17,0.1421456572518901
Mississippi,526,5443,0,0.0443243526513178
Mississippi,526,5444,201,0.8837396558300264
Mississippi,526,5470,29,0.316914702976023
Mississippi,527,3036,24,0.3631323299892067
Mississippi,527,3037,15,0.1976340904161168
Mississippi,527,4237,0,0.09245613741007644
Mississippi,527,5143,17,0.2595578728875835
Mississippi,527,5144,286,0.9555837522399667
Mississippi,527,5244,0,0.6254781057826004
Mississippi,528,2836,0,0.33941494375198955
Mississippi,528,4037,0,0.1142231504790888
Mississippi,528,4943,0,0.04770805605412206
Mississippi,528,4944,219,0.92833010882111
Mississippi,528,7530,0,0.06799325995031558
Mississippi,529,2636,33,0.26430011090263905
Mississippi,529,3837,0,0.05613910384817097
Mississippi,529,4743,43,0.6678492185367126
Mississippi,529,4744,298,0.9720167629091889
Mississippi,529,7330,0,0.06234511506187195
Mississippi,52,2846,40,0.9583751150198025
Mississippi,52,2946,21,0.9274982780482209
Mississippi,52,5786,0,0.3254105452321039
Mississippi,52,5886,0,0.19029893510939627
Mississippi,52,5966,15,0.5297433976221678
Mississippi,52,7072,33,0.33916451951627324
Mississippi,52,7735,0,0.16404887551756553
Mississippi,52,7736,0,0.18719719720843864
Mississippi,52,7836,0,0.10690059821787581
Mississippi,52,8251,0,0.09236110982226987
Mississippi,52,8252,0,0.1629231452954059
Mississippi,530,2436,32,0.2783805066381704
Mississippi,530,3637,0,0.11798276568177275
Mississippi,530,4543,0,0.6912836277006991
Mississippi,530,4544,223,0.947005486805287
Mississippi,530,7131,0,0.060942026601984486
Mississippi,531,2236,26,0.3677147278351714
Mississippi,531,3436,0,0.0677548119696262
Mississippi,531,3437,0,0.0880081396894329
Mississippi,531,4343,0,0.8604810090387723
Mississippi,531,4344,126,0.9483063796736836
Mississippi,532,2036,18,0.3025722680393093
Mississippi,532,4143,75,0.8888265178552591
Mississippi,532,4144,132,0.9235141639263991
Mississippi,532,6731,0,0.09626065261722044
Mississippi,533,1836,0,0.18617878946741367
Mississippi,533,3036,0,0.08772853166308989
Mississippi,533,3943,46,0.9309822421402196
Mississippi,533,3944,0,0.9302978021309692
Mississippi,534,1636,15,0.18991225642990567
Mississippi,534,2836,0,0.12460447685879521
Mississippi,534,3743,95,0.9565285619490944
Mississippi,534,3744,0,0.6966219342687529
Mississippi,534,6331,0,0.2452116695338757
Mississippi,535,1436,15,0.24574049085959557
Mississippi,535,3543,79,0.9444623181653555
Mississippi,535,3544,0,0.1745951731090936
Mississippi,535,6131,0,0.28395149820194593
Mississippi,536,3343,90,0.9538513844789591
Mississippi,536,5931,0,0.16233240138291793
Mississippi,537,3143,69,0.9603317721044202
Mississippi,537,5731,0,0.16585302163180382
Mississippi,537,7333,0,0.09995155673615767
Mississippi,537,7433,0,0.08035685946238345
Mississippi,538,2943,52,0.9512678704458714
Mississippi,539,2743,34,0.9552806052546091
Mississippi,539,5331,0,0.17050930603254827
Mississippi,53,2846,65,0.967333696022027
Mississippi,53,5786,16,0.7994653442313403
Mississippi,53,5787,10,0.4677253208806584
Mississippi,53,7735,0,0.11965772095103451
Mississippi,53,7736,0,0.12494009074863431
Mississippi,53,8251,0,0.17180524548124182
Mississippi,53,8252,0,0.2763471285051657
Mississippi,540,2543,0,0.8953736265935865
Mississippi,540,5131,0,0.11082431961611662
Mississippi,541,2343,14,0.4856009564666534
Mississippi,541,4931,0,0.14770719944814345
Mississippi,541,6633,0,0.2744158944801408
Mississippi,542,2143,24,0.8021244099548553
Mississippi,542,4731,0,0.14639082023319294
Mississippi,542,6433,0,0.34968226065682856
Mississippi,543,4531,0,0.15898072583886816
Mississippi,543,6233,24,0.5818206236960041
Mississippi,543,7533,0,0.3726563341174096
Mississippi,543,8531,0,0.05904722524205779
Mississippi,544,4331,0,0.15898072583886816
Mississippi,544,5933,0,0.11214903301031623
Mississippi,544,6033,0,0.5028990362803816
Mississippi,545,4131,0,0.18846251081198376
Mississippi,545,5733,0,0.1309884534785334
Mississippi,545,5833,0,0.6303081981695433
Mississippi,546,3931,0,0.16845230533342928
Mississippi,546,5533,13,0.16221335538556902
Mississippi,546,5633,26,0.5702187971828221
Mississippi,546,6933,0,0.6298980245956265
Mississippi,547,3731,0,0.18085295326814294
Mississippi,547,5333,14,0.33705743214531547
Mississippi,547,5433,26,0.5653960711891931
Mississippi,548,3531,0,0.1799609369034526
Mississippi,548,5133,0,0.20323728553572298
Mississippi,548,5233,0,0.27035133067926226
Mississippi,549,3331,0,0.10537445382769431
Mississippi,549,4933,0,0.25475272749356614
Mississippi,549,5033,0,0.1815255000048201
Mississippi,549,6225,0,0.17049547097833836
Mississippi,549,6917,0,0.14494328039640658
Mississippi,54,2846,48,0.9641394613572941
Mississippi,54,5966,0,0.26672292041437673
Mississippi,54,6972,22,0.6829060524089294
Mississippi,54,7735,9,0.37758185872422195
Mississippi,54,7736,14,0.4170333566933598
Mississippi,54,8152,0,0.1427871688540119
Mississippi,54,8252,0,0.12412143409989368
Mississippi,54,9042,0,0.0579083174345297
Mississippi,550,3131,0,0.09826622168134805
Mississippi,550,4733,0,0.2471184732069124
Mississippi,550,4833,0,0.0825569502642673
Mississippi,551,2931,0,0.12085473380419885
Mississippi,551,4533,0,0.20395254322586145
Mississippi,551,4633,0,0.09253748478365503
Mississippi,551,5825,0,0.1724077925476906
Mississippi,551,5826,0,0.09283804337859841
Mississippi,551,7163,0,0.13192889034632757
Mississippi,552,2730,0,0.09064475282558113
Mississippi,552,2731,0,0.11819111601483727
Mississippi,552,4333,0,0.22977865679997703
Mississippi,552,4433,0,0.09847509583349687
Mississippi,552,5543,0,0.4788204913412927
Mississippi,552,5544,0,0.5868456463313562
Mississippi,552,5626,0,0.07480695511167756
Mississippi,552,6963,0,0.4336212101569953
Mississippi,553,4133,0,0.40619033813191696
Mississippi,553,5343,97,0.5774385878525216
Mississippi,553,5344,275,0.9214533537307911
Mississippi,553,5425,0,0.2063958056240229
Mississippi,553,5526,0,0.09621462001552974
Mississippi,553,6022,0,0.23833393351016083
Mississippi,553,6763,15,0.6745866346485406
Mississippi,554,2330,0,0.09531448368138043
Mississippi,554,3933,0,0.17073244058287
Mississippi,554,5143,27,0.31999534452916134
Mississippi,554,5144,317,0.9473085061596137
Mississippi,554,5226,0,0.17840056935419488
Mississippi,554,6563,40,0.6014116954525933
Mississippi,555,3733,0,0.27314329669131165
Mississippi,555,4844,72,0.5750619710792395
Mississippi,555,4943,0,0.11007751068635958
Mississippi,555,4944,173,0.8468363889462635
Mississippi,555,5025,0,0.12867116651970142
Mississippi,555,5133,0,0.3114933401968359
Mississippi,555,5134,0,0.4411959230475464
Mississippi,555,6363,0,0.4646462194669137
Mississippi,556,3533,0,0.2549689597448574
Mississippi,556,4643,12,0.13087631048420656
Mississippi,556,4644,215,0.9104144967925449
Mississippi,556,4743,0,0.12416338139341411
Mississippi,556,4744,0,0.8061204015728289
Mississippi,556,6163,32,0.8258742687014972
Mississippi,557,3333,0,0.34169701468853536
Mississippi,557,4443,48,0.4732768017550621
Mississippi,557,4444,323,0.9581934557699435
Mississippi,557,4544,0,0.08661532487560995
Mississippi,557,5863,6,0.42164483917406875
Mississippi,557,5963,29,0.7951385027444225
Mississippi,558,4243,99,0.7042080910208153
Mississippi,558,4244,294,0.9380046682802535
Mississippi,558,4533,25,0.7501388256714102
Mississippi,558,4534,31,0.7130849491924343
Mississippi,558,5663,0,0.2648263718826181
Mississippi,558,5763,0,0.12157507639403221
Mississippi,558,5764,0,0.1552774282615725
Mississippi,559,2933,0,0.13001770265154006
Mississippi,559,4043,103,0.7577705984235794
Mississippi,559,4044,153,0.8479280067799262
Mississippi,559,4333,27,0.48465659762513075
Mississippi,559,4334,27,0.6658353155329851
Mississippi,559,5463,42,0.8359028489543358
Mississippi,55,2846,61,0.9571808088531135
Mississippi,55,4989,0,0.15525813032551988
Mississippi,55,5786,0,0.2001823534518048
Mississippi,55,5866,20,0.8017624703829697
Mississippi,55,7326,0,0.13215554537984378
Mississippi,55,7735,0,0.17501326319593868
Mississippi,55,7736,0,0.2724340624681128
Mississippi,55,8151,0,0.06880245709564252
Mississippi,55,8152,0,0.20183848756697034
Mississippi,560,2733,0,0.15923679302198843
Mississippi,560,3843,99,0.7691276585743008
Mississippi,560,3844,72,0.8170523021979571
Mississippi,560,5263,35,0.8402672984574284
Mississippi,560,5264,0,0.3614828300695455
Mississippi,561,2533,0,0.11948800991805546
Mississippi,561,3643,69,0.8483088484725068
Mississippi,561,3644,27,0.8266197393640972
Mississippi,561,5063,31,0.8459230204531142
Mississippi,562,2333,0,0.1042598925121237
Mississippi,562,3443,75,0.8656847780374324
Mississippi,562,3444,0,0.619137880465863
Mississippi,562,3634,0,0.09478590367794924
Mississippi,562,3733,0,0.3640211983204496
Mississippi,563,3243,67,0.8354019679487082
Mississippi,563,3244,0,0.1314018733403233
Mississippi,563,3525,21,0.5393302099713267
Mississippi,563,3533,0,0.2674427009631954
Mississippi,563,4663,39,0.5511271767493051
Mississippi,563,4664,21,0.3970968721216451
Mississippi,564,3043,49,0.6973770988448129
Mississippi,564,4463,43,0.37394803131103393
Mississippi,564,4464,26,0.3288978135055111
Mississippi,565,2843,40,0.47807158327139493
Mississippi,565,3817,0,0.14551251706030696
Mississippi,565,4263,0,0.13491140473858973
Mississippi,565,4264,0,0.12227921311047654
Mississippi,566,2643,33,0.6717758297138033
Mississippi,566,2933,0,0.28222245231515886
Mississippi,567,2443,0,0.5003145060577049
Mississippi,568,2243,0,0.15007683632362093
Mississippi,568,7331,0,0.08282187973827182
Mississippi,569,2043,0,0.5604671771554804
Mississippi,56,2746,55,0.9667599415436705
Mississippi,56,4889,0,0.18265196285334367
Mississippi,56,5686,8,0.7350647716689167
Mississippi,56,5687,13,0.2915378007277973
Mississippi,56,5866,17,0.7424654121259974
Mississippi,56,6872,0,0.03119439205695615
Mississippi,56,6972,24,0.0901793602409388
Mississippi,56,7326,0,0.21092126190885152
Mississippi,56,7635,26,0.4087073144725929
Mississippi,56,7636,48,0.5206842761992637
Mississippi,56,8151,0,0.10602656867421234
Mississippi,56,8152,0,0.24293570820242982
Mississippi,570,6931,25,0.39494004954970297
Mississippi,571,1643,0,0.29783068791494227
Mississippi,572,1443,0,0.07061637593679863
Mississippi,572,6531,0,0.13840399229710887
Mississippi,574,5324,0,0.14414521754745652
Mississippi,575,5124,0,0.2387811023189588
Mississippi,578,5331,0,0.2264338973071939
Mississippi,579,5131,0,0.30886141447235255
Mississippi,579,5243,18,0.5989943780880974
Mississippi,579,5343,29,0.7508652760190787
Mississippi,57,2746,60,0.9623133194720263
Mississippi,57,5866,18,0.6682239953857153
Mississippi,57,8151,0,0.06377209850400202
Mississippi,57,8152,0,0.10779763457983664
Mississippi,57,8942,0,0.12601213926380497
Mississippi,580,4931,0,0.37555166613024504
Mississippi,580,5043,188,0.9422982389523845
Mississippi,580,5143,71,0.8059109744360792
Mississippi,581,4843,180,0.915630837642823
Mississippi,582,4531,0,0.37646095275163405
Mississippi,582,4643,326,0.9623911550501203
Mississippi,583,4331,0,0.2927842275326739
Mississippi,583,4443,307,0.9712073352298117
Mississippi,584,4131,0,0.2816842136444362
Mississippi,584,4243,231,0.9720507733290439
Mississippi,585,3931,0,0.3800694033502732
Mississippi,585,4043,113,0.9600094513765675
Mississippi,586,3731,40,0.4204896826391549
Mississippi,586,3843,65,0.9202260960457742
Mississippi,587,3531,20,0.3190000949908251
Mississippi,587,3643,69,0.9622893918524981
Mississippi,588,3331,0,0.27497070695243087
Mississippi,588,3443,88,0.9336142400714946
Mississippi,589,3131,0,0.08624498949873512
Mississippi,589,3243,70,0.945386666285464
Mississippi,58,2746,51,0.9635345050293098
Mississippi,58,4889,0,0.12493244152984502
Mississippi,58,5686,13,0.44183261690145836
Mississippi,58,5687,10,0.2579594411622229
Mississippi,58,5766,16,0.6339777385073866
Mississippi,58,8051,0,0.054440007745858755
Mississippi,58,8052,0,0.16147762105159597
Mississippi,590,3043,27,0.918046012398719
Mississippi,591,2731,0,0.1295985543306739
Mississippi,591,2843,31,0.9626897631339651
Mississippi,592,2643,46,0.9490256872897487
Mississippi,593,2443,34,0.8473774905948038
Mississippi,594,2243,0,0.3162024603688615
Mississippi,595,2043,23,0.2481132840702851
Mississippi,597,7443,13,0.4360965825011986
Mississippi,597,7543,20,0.6502945670272352
Mississippi,598,7343,25,0.5202804210554015
Mississippi,599,7143,41,0.9767424203638471
Mississippi,59,2646,45,0.963437917244256
Mississippi,59,4889,0,0.09125652889137233
Mississippi,59,5586,11,0.5599865968526003
Mississippi,59,5587,16,0.3518741226891905
Mississippi,59,5766,0,0.36328901060951646
Mississippi,59,6872,0,0.17659225800545192
Mississippi,59,8052,0,0.4578001884077315
Mississippi,5,3746,0,0.1778034944152103
Mississippi,5,3846,158,0.9659809223843114
Mississippi,5,5789,0,0.07460539667074552
Mississippi,5,5889,0,0.1063724824110652
Mississippi,5,6587,0,0.22774684050746133
Mississippi,5,7873,0,0.07981531870592061
Mississippi,5,9153,0,0.11064407891258203
Mississippi,600,6943,45,0.9729109281004182
Mississippi,600,6944,19,0.6893787479418378
Mississippi,601,6743,53,0.953097175894946
Mississippi,601,6744,19,0.8752209838907462
Mississippi,602,6543,46,0.9350396197877408
Mississippi,602,6544,52,0.8797880562560616
Mississippi,603,6343,36,0.8677104498355681
Mississippi,603,6344,85,0.9480979057120779
Mississippi,604,6143,38,0.8565213091093815
Mississippi,604,6144,114,0.963400629487114
Mississippi,605,5943,0,0.27513623801589987
Mississippi,605,5944,158,0.9535797012729894
Mississippi,606,5743,0,0.06383050533554903
Mississippi,606,5744,202,0.9417560902857107
Mississippi,607,5543,0,0.08072560887005657
Mississippi,607,5544,286,0.9510344035240312
Mississippi,607,8633,0,0.14032818551300208
Mississippi,608,5344,330,0.9532216931848433
Mississippi,608,8433,0,0.058666708508844576
Mississippi,609,5144,322,0.9629683605478683
Mississippi,609,8233,0,0.05127063680073198
Mississippi,609,8234,0,0.0988424384638845
Mississippi,60,2646,55,0.9426426895832234
Mississippi,60,4844,0,0.5986251831501095
Mississippi,60,5586,0,0.2735020266558979
Mississippi,60,5587,0,0.1766702285139952
Mississippi,60,5766,18,0.7584532032682766
Mississippi,60,6772,44,0.6960830701318912
Mississippi,60,6872,0,0.31978091568711575
Mississippi,60,8052,0,0.179213635323569
Mississippi,610,3263,31,0.218796818687615
Mississippi,610,4944,180,0.9201449524591301
Mississippi,610,8034,0,0.1982359353807541
Mississippi,611,3063,0,0.2641898391199529
Mississippi,611,4744,269,0.9565458874526341
Mississippi,611,7834,15,0.22903833507423152
Mississippi,612,2863,0,0.17527814248819967
Mississippi,612,4544,288,0.9758767259482739
Mississippi,612,7634,34,0.18300947373996668
Mississippi,613,4344,279,0.9732733192931163
Mississippi,613,7434,29,0.38753251721535437
Mississippi,614,4143,15,0.2661180304824911
Mississippi,614,4144,229,0.9725137391671403
Mississippi,614,7234,0,0.13823803828535958
Mississippi,614,7334,0,0.1647705970511481
Mississippi,615,3943,17,0.42334296265166127
Mississippi,615,3944,170,0.9715902512739589
Mississippi,615,4044,0,0.16271788412468463
Mississippi,615,7134,22,0.3085651422952748
Mississippi,616,3743,45,0.9567777693674182
Mississippi,616,3744,44,0.9623034564282644
Mississippi,616,3843,0,0.29327800982412255
Mississippi,616,3844,0,0.11901356924568267
Mississippi,616,6934,29,0.27962370628464056
Mississippi,617,3543,19,0.6582652671770156
Mississippi,617,3643,60,0.9684374534205963
Mississippi,617,3644,21,0.8167266227752601
Mississippi,617,6734,0,0.16962587826073833
Mississippi,617,6735,0,0.11358455521971779
Mississippi,618,3443,75,0.960178090023687
Mississippi,618,3444,0,0.09727711770412356
Mississippi,618,6534,26,0.24523015389824532
Mississippi,618,6535,22,0.23226764518924392
Mississippi,619,3243,63,0.967481542487426
Mississippi,619,6335,0,0.3292350748916357
Mississippi,619,6435,0,0.1244383687167802
Mississippi,61,2646,52,0.9668228064630281
Mississippi,61,4844,118,0.853718603340471
Mississippi,61,5586,0,0.1799554962675919
Mississippi,61,5587,0,0.12699473655234916
Mississippi,61,5666,25,0.8569500196079798
Mississippi,61,6772,0,0.340302663326315
Mississippi,61,7126,10,0.19993072064718123
Mississippi,61,7535,22,0.30283094146112466
Mississippi,61,7536,41,0.42320464145332654
Mississippi,61,7951,0,0.08184550676690171
Mississippi,61,7952,0,0.15550382626032594
Mississippi,620,3043,36,0.9352492570273243
Mississippi,620,6235,44,0.4970583494102478
Mississippi,621,2843,38,0.9420890900635907
Mississippi,621,6035,41,0.5765765690787755
Mississippi,622,2643,15,0.7711412248967275
Mississippi,622,5835,0,0.4261194710847978
Mississippi,623,2442,0,0.4489222812505258
Mississippi,623,5635,0,0.30002168336615914
Mississippi,624,2342,0,0.3423435554227257
Mississippi,624,5435,18,0.3095380821341889
Mississippi,624,5535,40,0.303824717282778
Mississippi,625,5335,0,0.2401171419530556
Mississippi,625,5336,0,0.08977696436472649
Mississippi,626,5135,0,0.1787767476179384
Mississippi,626,8140,15,0.25292953506419885
Mississippi,627,7941,10,0.38149672329326406
Mississippi,628,7741,0,0.7946455805966459
Mississippi,629,4635,58,0.44627333622542803
Mississippi,629,4636,0,0.11936549139643018
Mississippi,629,6263,0,0.20709169520037932
Mississippi,629,7541,24,0.9556142796955788
Mississippi,62,2546,45,0.96706146326971
Mississippi,62,4789,0,0.10307820890146477
Mississippi,62,4844,143,0.8920691572167733
Mississippi,62,5486,0,0.358305627999023
Mississippi,62,5487,0,0.20526396257485074
Mississippi,62,5666,0,0.7385674930092769
Mississippi,62,6772,41,0.2032593140810818
Mississippi,62,7435,39,0.4516800580786183
Mississippi,62,7436,46,0.5344246775977781
Mississippi,62,7951,0,0.11088418690457262
Mississippi,62,7952,0,0.194964875622456
Mississippi,62,8842,13,0.1461893267189408
Mississippi,630,4435,78,0.6204998298251557
Mississippi,630,6063,23,0.6686018751339695
Mississippi,630,7442,27,0.9031046757955405
Mississippi,631,4235,0,0.38277744620179055
Mississippi,631,5864,14,0.4353595889963395
Mississippi,631,7242,44,0.9454864669692594
Mississippi,632,4035,0,0.1335197461953371
Mississippi,632,4135,0,0.23703157983839743
Mississippi,632,5664,28,0.7175864505004288
Mississippi,632,7042,49,0.9379843292223081
Mississippi,633,3935,60,0.3455172694341686
Mississippi,633,6842,19,0.607040740073225
Mississippi,633,6843,36,0.911539264279065
Mississippi,634,3735,0,0.18004828595115732
Mississippi,634,5264,0,0.24191025551980072
Mississippi,634,6643,60,0.9732165137959808
Mississippi,635,3535,0,0.17523913153694595
Mississippi,635,6443,1,0.9433942610284778
Mississippi,635,6543,24,0.9591376855776428
Mississippi,636,3435,0,0.17018109492491312
Mississippi,636,6243,0,0.06420521759743054
Mississippi,636,6343,101,0.9588295416390751
Mississippi,637,3234,16,0.259558056580273
Mississippi,637,3235,21,0.28706768500017094
Mississippi,637,6143,113,0.9694188909964884
Mississippi,638,3034,0,0.2479940012279428
Mississippi,638,3035,0,0.16398486945978585
Mississippi,638,4464,0,0.5181293518222755
Mississippi,638,5943,133,0.966621035561102
Mississippi,639,2834,30,0.27515834923715987
Mississippi,639,5743,102,0.9557030990333261
Mississippi,639,5744,38,0.9285765331861898
Mississippi,63,2546,46,0.9318471813214784
Mississippi,63,4689,0,0.07145376885193555
Mississippi,63,4744,141,0.9281888521246293
Mississippi,63,5487,0,0.18404983458291324
Mississippi,63,5666,23,0.61777946341062
Mississippi,63,6672,0,0.42793249086816076
Mississippi,63,6772,0,0.27930493073674495
Mississippi,63,7435,0,0.2618106823438312
Mississippi,63,7436,0,0.25023999074288433
Mississippi,63,7951,12,0.1083613061670664
Mississippi,63,7952,20,0.19887345203275741
Mississippi,640,2634,0,0.3074350646633911
Mississippi,640,4064,23,0.5091585033328653
Mississippi,640,5543,102,0.876853705964246
Mississippi,640,5544,140,0.9096911868934588
Mississippi,641,2534,19,0.2604318647538709
Mississippi,641,3864,18,0.47222006771659064
Mississippi,641,5343,69,0.8444974294016859
Mississippi,641,5344,198,0.9528675766126241
Mississippi,642,2334,26,0.2853999614870946
Mississippi,642,3664,0,0.03922878007563602
Mississippi,642,5143,51,0.7914436620113101
Mississippi,642,5144,248,0.9736656452002233
Mississippi,642,5244,0,0.04415395741206058
Mississippi,643,2134,26,0.41143993831265924
Mississippi,643,4944,149,0.900952209898898
Mississippi,643,5044,42,0.6840173653411564
Mississippi,644,1934,0,0.30144194958136344
Mississippi,644,4743,0,0.0671559996039897
Mississippi,644,4744,197,0.9369173193996128
Mississippi,644,4844,99,0.8837639761794809
Mississippi,645,4544,131,0.9021383413567908
Mississippi,645,4643,0,0.13875844154371855
Mississippi,645,4644,133,0.9208738262849618
Mississippi,645,5142,0,0.16723851544017038
Mississippi,645,5242,0,0.23501377073859644
Mississippi,646,1533,0,0.06341733185573978
Mississippi,646,4344,48,0.8911466347169508
Mississippi,646,4443,37,0.7198714911748726
Mississippi,646,4444,195,0.9560845481230327
Mississippi,646,6030,0,0.17060690521031782
Mississippi,647,1333,0,0.057289325012224036
Mississippi,647,4243,69,0.895934518756689
Mississippi,647,4244,162,0.9542439727316877
Mississippi,648,1233,10,0.0966731326591074
Mississippi,648,4043,100,0.9626031544221146
Mississippi,648,4044,96,0.9650356024111726
Mississippi,649,1033,0,0.054003710173162876
Mississippi,649,3843,88,0.9616239677130448
Mississippi,649,3844,63,0.9581637741444358
Mississippi,64,2546,49,0.9170483777274595
Mississippi,64,4689,0,0.07770313567004498
Mississippi,64,4744,145,0.8730317312729544
Mississippi,64,5486,29,0.6439462851272753
Mississippi,64,5487,0,0.17220517080502978
Mississippi,64,5566,26,0.9126426840455135
Mississippi,64,6672,0,0.10355467927100605
Mississippi,64,7335,0,0.15687578174127878
Mississippi,64,7435,0,0.2808997632506354
Mississippi,64,7436,0,0.22974291051392204
Mississippi,64,7851,19,0.22009878876847455
Mississippi,64,7852,18,0.20713619613963105
Mississippi,650,3643,70,0.9492883107713854
Mississippi,650,3644,38,0.8370521987311835
Mississippi,651,3443,67,0.9664004694172819
Mississippi,651,3444,16,0.5262406286491306
Mississippi,651,5532,0,0.15820004869225351
Mississippi,652,3243,55,0.9612519901721825
Mississippi,652,3244,0,0.3620062377111269
Mississippi,653,233,0,0.05481059530057402
Mississippi,653,3043,30,0.9580776730088755
Mississippi,653,3044,0,0.13132246536129716
Mississippi,653,7861,0,0.2653588900768813
Mississippi,654,2843,27,0.9426355563130995
Mississippi,654,33,0,0.0351093125130037
Mississippi,654,7661,0,0.3276438734727284
Mississippi,654,9480,0,0.10056611677096965
Mississippi,655,2643,31,0.910099816724259
Mississippi,655,7461,0,0.43432172285564197
Mississippi,656,2443,21,0.6168141082279179
Mississippi,656,7124,0,0.069467132393155
Mississippi,656,7261,30,0.649345939627253
Mississippi,657,3830,0,0.056394645161038016
Mississippi,657,3931,0,0.09646499723809893
Mississippi,657,7061,0,0.5976601801913619
Mississippi,658,2043,0,0.22233414419465816
Mississippi,658,6861,41,0.7278197096466379
Mississippi,659,6661,47,0.7306859465992237
Mississippi,659,8242,0,0.13619926898115214
Mississippi,659,8480,0,0.06287236034310811
Mississippi,65,2446,50,0.94802856095788
Mississippi,65,4644,26,0.27532825337501265
Mississippi,65,4689,0,0.10808831562058258
Mississippi,65,4744,57,0.7618808287278217
Mississippi,65,4745,0,0.10079292767514868
Mississippi,65,5486,0,0.23477608144584786
Mississippi,65,5566,20,0.8746527324161502
Mississippi,65,6672,52,0.6182547596220878
Mississippi,65,7025,0,0.09530872635900862
Mississippi,65,7851,0,0.28275027989781765
Mississippi,65,7852,0,0.1932454757244405
Mississippi,660,6461,0,0.7164841463366542
Mississippi,660,8041,0,0.08077053051092413
Mississippi,660,8042,0,0.12121577478496094
Mississippi,660,9240,0,0.0846988869241193
Mississippi,661,6261,60,0.7227131857456971
Mississippi,661,7841,0,0.1712001013391016
Mississippi,661,7842,0,0.2155810634615588
Mississippi,662,6061,63,0.755992962560214
Mississippi,662,7641,0,0.14116234980296155
Mississippi,662,7642,0,0.15443527671796525
Mississippi,662,7880,12,0.21804778602766045
Mississippi,663,5861,0,0.782176332613483
Mississippi,663,7441,19,0.2867735212677786
Mississippi,663,7442,31,0.29760898621322746
Mississippi,663,7680,0,0.20628263901155966
Mississippi,664,5524,0,0.14925187006957427
Mississippi,664,5661,76,0.8338047514223685
Mississippi,664,7241,18,0.1300052327676677
Mississippi,664,7242,48,0.16457438269819968
Mississippi,665,5461,68,0.8133685483477349
Mississippi,665,7041,0,0.10742484098318601
Mississippi,665,7042,0,0.12976719243168056
Mississippi,665,7280,0,0.37185957774778405
Mississippi,666,5243,0,0.08495756358746077
Mississippi,666,6741,0,0.11187513600596637
Mississippi,666,6842,0,0.15933866147878162
Mississippi,667,5043,0,0.45364148904352547
Mississippi,667,6541,0,0.1190082707209584
Mississippi,667,6542,0,0.11088497008921383
Mississippi,667,6641,0,0.05871002403430056
Mississippi,667,6642,0,0.17189763139293593
Mississippi,668,4843,274,0.9421790715205994
Mississippi,668,6341,0,0.1621051914605594
Mississippi,668,6342,0,0.17703994678338497
Mississippi,668,6442,0,0.14064535511011797
Mississippi,668,6680,67,0.517672731244807
Mississippi,669,4524,0,0.10877412238233405
Mississippi,669,4543,32,0.44147861006796424
Mississippi,669,4643,290,0.9641093493768781
Mississippi,669,6141,0,0.10389899659676365
Mississippi,669,6142,0,0.13521262676789605
Mississippi,669,6242,0,0.08206809858542072
Mississippi,669,6480,0,0.5023694333347468
Mississippi,66,2446,38,0.9666563458497813
Mississippi,66,4644,95,0.507849411292238
Mississippi,66,4689,0,0.07178738311596382
Mississippi,66,5386,29,0.5402666783777919
Mississippi,66,5387,0,0.1304295493034244
Mississippi,66,5566,0,0.4904843176912841
Mississippi,66,6572,30,0.6256167424444499
Mississippi,66,6672,23,0.5313663198228123
Mississippi,66,6925,0,0.23278455103339263
Mississippi,66,7335,56,0.5147879797088775
Mississippi,66,7336,18,0.33542291124419166
Mississippi,66,8642,14,0.3071397908237693
Mississippi,670,4343,0,0.5669716546956873
Mississippi,670,4443,0,0.766383939029294
Mississippi,670,5941,0,0.11835808019364853
Mississippi,670,5942,0,0.17469035154862403
Mississippi,670,6280,68,0.47038873816440285
Mississippi,671,4124,0,0.21198698311690123
Mississippi,671,4143,254,0.9345352780494289
Mississippi,671,4243,0,0.2406977968979794
Mississippi,671,5741,0,0.08278097639498615
Mississippi,671,5742,0,0.21057818899805203
Mississippi,671,6080,61,0.6246288067802163
Mississippi,672,3943,282,0.8470118478720625
Mississippi,672,4043,0,0.10494292947855297
Mississippi,672,5541,0,0.07618298831247833
Mississippi,672,5542,0,0.19551311476138178
Mississippi,672,8376,0,0.05096271188379284
Mississippi,673,3743,172,0.7991987826845498
Mississippi,673,5341,0,0.06613380128809387
Mississippi,673,5342,0,0.27377291583578495
Mississippi,673,5580,17,0.51709016534435
Mississippi,673,5680,48,0.8551576995125103
Mississippi,674,3543,100,0.7379086924528381
Mississippi,674,5141,0,0.04775398319276846
Mississippi,674,5142,0,0.2498985682919169
Mississippi,675,2865,14,0.31643478438212735
Mississippi,675,2965,2,0.6830064900915669
Mississippi,675,3343,0,0.7366591166823646
Mississippi,675,5180,0,0.6987729885309272
Mississippi,676,3143,0,0.5993411827502726
Mississippi,676,4642,0,0.08587239936973955
Mississippi,676,4741,0,0.052959219542788316
Mississippi,676,4742,0,0.1520937476689869
Mississippi,676,5080,0,0.14195180990709602
Mississippi,676,8839,0,0.1380565293795751
Mississippi,677,2943,73,0.76047021453961
Mississippi,677,4441,0,0.044225599026361036
Mississippi,677,4442,0,0.06845249449211249
Mississippi,677,4541,0,0.035029900400419894
Mississippi,677,4542,0,0.09330604103258475
Mississippi,677,4780,0,0.2716832657304597
Mississippi,677,4880,0,0.3571940187150534
Mississippi,677,8639,0,0.13756624751552263
Mississippi,678,2624,0,0.19937949297818955
Mississippi,678,2743,83,0.7976071028221936
Mississippi,678,4241,0,0.08490867702885775
Mississippi,678,4242,0,0.14562695107796256
Mississippi,678,4342,0,0.02397403134599616
Mississippi,678,4580,0,0.39864184506357986
Mississippi,678,4680,0,0.1839257016958706
Mississippi,678,8144,22,0.7091834045057146
Mississippi,679,2543,46,0.7273619190110633
Mississippi,679,4041,0,0.1256825352091076
Mississippi,679,4042,0,0.16618100083794188
Mississippi,679,4380,0,0.5684261515143273
Mississippi,679,4480,0,0.18997642410389265
Mississippi,679,7944,17,0.6491299282227595
Mississippi,679,8239,0,0.22334019548248202
Mississippi,67,2446,34,0.9517180043081365
Mississippi,67,4644,78,0.5444921611275011
Mississippi,67,5386,0,0.49678725776679894
Mississippi,67,5466,24,0.8323516424433098
Mississippi,67,6925,0,0.09118984467563582
Mississippi,67,7235,0,0.3663877696151079
Mississippi,67,7335,0,0.3398907934997356
Mississippi,680,2243,1,0.6518568820480972
Mississippi,680,2343,19,0.8006408677699757
Mississippi,680,3841,0,0.11160924467930138
Mississippi,680,3842,0,0.0999826463813558
Mississippi,680,7744,0,0.4171011738887086
Mississippi,680,8039,0,0.3396744833408469
Mississippi,680,9042,0,0.09071788253206803
Mississippi,681,2043,0,0.478625543754635
Mississippi,681,2143,0,0.5313417263594347
Mississippi,681,3641,0,0.11087142888615915
Mississippi,681,3642,0,0.14132446009004562
Mississippi,681,7544,31,0.819663969154434
Mississippi,681,7839,0,0.3949377344335826
Mississippi,682,1843,36,0.5468028158262676
Mississippi,682,3125,0,0.3131297555268116
Mississippi,682,3441,0,0.11567195321023965
Mississippi,682,3442,0,0.14380880933839385
Mississippi,682,7344,44,0.9280960355131296
Mississippi,682,7639,0,0.35394614429803717
Mississippi,682,8642,0,0.17056873968548997
Mississippi,683,1643,0,0.16672472633844335
Mississippi,683,3241,0,0.161014324652683
Mississippi,683,3242,0,0.1473997891581124
Mississippi,683,7144,55,0.9474435237136023
Mississippi,683,7439,37,0.45888747443876565
Mississippi,684,1443,0,0.13627793550513623
Mississippi,684,3041,31,0.2522936489500923
Mississippi,684,3042,37,0.23400289840392824
Mississippi,684,3380,0,0.12441534895231683
Mississippi,684,6944,64,0.9602098658451313
Mississippi,684,7239,0,0.3330843201832111
Mississippi,684,8242,0,0.3678149100088248
Mississippi,684,8668,0,0.03306800940096162
Mississippi,685,1224,0,0.044735392406031256
Mississippi,685,2525,38,0.45959039672699453
Mississippi,685,2841,0,0.1859390634329238
Mississippi,685,2842,0,0.15497125790288832
Mississippi,685,3180,0,0.643507595465983
Mississippi,685,5676,21,0.3752219254422643
Mississippi,685,6644,0,0.42190886857251236
Mississippi,685,6744,59,0.9588408348011743
Mississippi,685,6939,22,0.5015459183931944
Mississippi,685,7039,25,0.5284094817752258
Mississippi,685,8042,18,0.344240155939569
Mississippi,686,2541,13,0.16679437033105599
Mississippi,686,2542,4,0.10999708701539329
Mississippi,686,2641,0,0.15724618943905083
Mississippi,686,2642,0,0.11532712194014606
Mississippi,686,6444,43,0.8535029359313061
Mississippi,686,6544,63,0.9532427538988474
Mississippi,686,6739,45,0.5609246868475688
Mississippi,687,2341,0,0.20693087261633408
Mississippi,687,2342,0,0.11902577848411487
Mississippi,687,5091,0,0.09952873699239637
Mississippi,687,6244,111,0.9688116275792131
Mississippi,687,6344,0,0.21265286736040107
Mississippi,687,6539,0,0.48923708694642953
Mississippi,687,7542,0,0.29643218494337437
Mississippi,687,7642,0,0.27497626117948654
Mississippi,687,7883,0,0.05380933204035266
Mississippi,687,7982,0,0.08992417891280437
Mississippi,687,7983,0,0.04401907855269176
Mississippi,688,2141,22,0.5013608859945953
Mississippi,688,2142,11,0.46209543818804594
Mississippi,688,4976,0,0.21847268816293547
Mississippi,688,5076,0,0.09192677728518373
Mississippi,688,6044,123,0.946016428923055
Mississippi,688,6339,0,0.3746197566857461
Mississippi,688,7342,0,0.45130444356930793
Mississippi,689,1941,0,0.22474115527551564
Mississippi,689,2280,21,0.44751824237669496
Mississippi,689,2380,30,0.4819900364676269
Mississippi,689,4776,0,0.27193562035659696
Mississippi,689,5844,173,0.9449579824956167
Mississippi,689,6139,0,0.48078778028443125
Mississippi,689,7142,0,0.24721398507465847
Mississippi,68,2346,47,0.9680954854250882
Mississippi,68,4589,0,0.19919101635900738
Mississippi,68,5386,32,0.592110198702655
Mississippi,68,5466,31,0.8745754040221213
Mississippi,68,6572,86,0.42696725901132915
Mississippi,68,6825,0,0.3108295248589844
Mississippi,68,7235,0,0.453544950953647
Mississippi,68,7751,0,0.35519830293344656
Mississippi,68,8541,0,0.08412670994152276
Mississippi,690,1741,0,0.0722650852552674
Mississippi,690,1742,0,0.09294745535015266
Mississippi,690,4576,0,0.19893929841179395
Mississippi,690,5644,227,0.9561423180348448
Mississippi,690,5939,0,0.42145969671298167
Mississippi,690,6497,0,0.07597745538841479
Mississippi,691,1541,0,0.2009270453863601
Mississippi,691,1880,0,0.07556848316610645
Mississippi,691,5444,284,0.9482366437577876
Mississippi,691,5739,0,0.5500562489288435
Mississippi,692,1341,16,0.0902774560598649
Mississippi,692,1680,0,0.1470222754235829
Mississippi,692,5244,315,0.9586768775201081
Mississippi,692,5439,0,0.12788899255977354
Mississippi,692,5539,0,0.32522657634207147
Mississippi,692,6542,0,0.27408465351584943
Mississippi,693,1141,0,0.07881341588158527
Mississippi,693,1480,11,0.2276832040975828
Mississippi,693,4944,152,0.9034585044786158
Mississippi,693,5044,77,0.8704401606722905
Mississippi,693,5239,0,0.47585610005611245
Mississippi,693,5339,0,0.3105203634743723
Mississippi,694,4744,329,0.981242347120983
Mississippi,694,5039,0,0.282389330295137
Mississippi,694,5697,0,0.04543392774880609
Mississippi,694,6142,0,0.39543487031961394
Mississippi,694,941,0,0.13768346775031617
Mississippi,695,4544,300,0.9791938740331474
Mississippi,695,4839,0,0.1243043504576407
Mississippi,695,5842,0,0.11949717410668914
Mississippi,695,5942,0,0.20504736832011464
Mississippi,695,741,0,0.039076235354090536
Mississippi,696,4344,161,0.9847717054841791
Mississippi,696,4639,0,0.18568821895608661
Mississippi,696,5642,0,0.17125713711431928
Mississippi,696,5742,0,0.11964563739999112
Mississippi,697,3176,0,0.09508579528792392
Mississippi,697,4144,221,0.9732654705144786
Mississippi,697,4439,0,0.24532242465333187
Mississippi,697,4997,0,0.03805831324427337
Mississippi,697,5442,0,0.2938778859990594
Mississippi,698,3944,158,0.9677856622824237
Mississippi,698,4239,0,0.2237549465618389
Mississippi,698,4275,0,0.045304473133131455
Mississippi,698,4797,0,0.03183523095572893
Mississippi,698,480,0,0.02827201016715126
Mississippi,698,5242,282,0.4273089033972803
Mississippi,699,3644,0,0.7526950793235994
Mississippi,699,3744,74,0.9611533478610158
Mississippi,699,3939,0,0.20411357409034994
Mississippi,699,4039,0,0.16903107561575098
Mississippi,69,2346,37,0.9337115256457571
Mississippi,69,5286,0,0.22106671146840026
Mississippi,69,5386,0,0.23306054007615434
Mississippi,69,5466,23,0.8266217920571794
Mississippi,69,6825,0,0.3037693610089204
Mississippi,69,7135,0,0.22840299100017294
Mississippi,69,7235,0,0.38131156554327833
Mississippi,69,7651,0,0.14739760108185418
Mississippi,69,7751,0,0.17767789322818567
Mississippi,69,9452,0,0.1535868443841674
Mississippi,6,3746,0,0.13333381666336855
Mississippi,6,3845,0,0.14342774099058783
Mississippi,6,3846,165,0.9762157807303955
Mississippi,6,6587,29,0.3820427467416196
Mississippi,6,7873,0,0.14674347034791893
Mississippi,6,9153,0,0.05997622176529323
Mississippi,700,3444,83,0.9667037792498949
Mississippi,700,3544,33,0.9140059784026865
Mississippi,700,3739,0,0.18888376287937297
Mississippi,700,3775,40,0.5427965379663945
Mississippi,700,3839,0,0.1714448798601551
Mississippi,700,4397,0,0.050769470149944255
Mississippi,700,8644,0,0.0949544028879637
Mississippi,701,3244,68,0.95848862830941
Mississippi,701,3344,0,0.06268757029839964
Mississippi,701,3539,0,0.4201821613665614
Mississippi,701,4542,0,0.11874422493337547
Mississippi,701,4642,0,0.2506492249096439
Mississippi,702,3044,52,0.9650327982480339
Mississippi,702,3339,70,0.3866508455486529
Mississippi,702,4342,0,0.2466522724242516
Mississippi,702,4442,0,0.1634630529428781
Mississippi,702,8244,0,0.07185519060682875
Mississippi,703,1876,0,0.030407735288757114
Mississippi,703,2844,55,0.9744801666600025
Mississippi,703,3139,60,0.340438260366836
Mississippi,703,4142,0,0.27119865638338486
Mississippi,703,7944,18,0.6811106462501416
Mississippi,704,2644,37,0.9388077907277956
Mississippi,704,2939,0,0.30030766442649415
Mississippi,704,3597,0,0.035365300640949913
Mississippi,704,3942,0,0.31575873827808937
Mississippi,704,7744,14,0.4358209182110278
Mississippi,705,2444,38,0.8457300133033786
Mississippi,705,2739,0,0.3817274353986434
Mississippi,705,3742,0,0.19614049370545175
Mississippi,705,7544,40,0.9247835154895784
Mississippi,706,2244,0,0.7008374397990559
Mississippi,706,2539,43,0.4971979126658081
Mississippi,706,3097,0,0.027150113708448376
Mississippi,706,3542,0,0.180888197246004
Mississippi,706,7344,39,0.8953329044682745
Mississippi,706,7345,0,0.11522038595750599
Mississippi,707,2044,16,0.7024573022459352
Mississippi,707,2339,0,0.4150892397897647
Mississippi,707,3342,0,0.219517671320768
Mississippi,707,7144,36,0.9473355162551974
Mississippi,707,7145,0,0.3299275603234154
Mississippi,708,1844,0,0.23430194731453705
Mississippi,708,2139,22,0.430281245476654
Mississippi,708,6944,41,0.949280583262301
Mississippi,708,6945,0,0.4804538769843705
Mississippi,708,7462,0,0.6466501542113591
Mississippi,709,1939,0,0.5176731865026784
Mississippi,709,2942,0,0.2409554805144069
Mississippi,709,6744,66,0.9291905293772134
Mississippi,709,6745,0,0.7031665653743616
Mississippi,709,7262,0,0.390089297899105
Mississippi,70,2246,27,0.9268019312868565
Mississippi,70,2247,0,0.3385969436604224
Mississippi,70,5286,0,0.3290784610377861
Mississippi,70,5466,0,0.4709984394141302
Mississippi,70,6725,0,0.20577082638709013
Mississippi,70,7135,0,0.38072678916251046
Mississippi,70,7651,38,0.28174801005976075
Mississippi,70,8541,0,0.08655355354509414
Mississippi,70,9452,0,0.07161079644072722
Mississippi,710,1739,19,0.5678761886669034
Mississippi,710,2742,0,0.33013329230183125
Mississippi,710,6544,72,0.9397592352991954
Mississippi,710,6545,40,0.8715364796174242
Mississippi,710,7062,14,0.7995749048576857
Mississippi,710,8434,0,0.14032406306513084
Mississippi,711,2542,0,0.19850810271281938
Mississippi,711,6344,77,0.9027167268415578
Mississippi,711,6345,71,0.913173922434036
Mississippi,711,6862,14,0.7597297741778692
Mississippi,712,2342,0,0.3874988537803746
Mississippi,712,6045,0,0.023572031694779973
Mississippi,712,6144,71,0.848635946999235
Mississippi,712,6145,92,0.9383686496560509
Mississippi,712,6662,32,0.8060414984287556
Mississippi,713,2142,0,0.2333194377679754
Mississippi,713,5844,0,0.06124581262281245
Mississippi,713,5845,0,0.6490326924582005
Mississippi,713,5944,44,0.6673567181799276
Mississippi,713,5945,131,0.8491148000637989
Mississippi,713,6462,30,0.8934492691469489
Mississippi,714,1942,0,0.1355602703688814
Mississippi,714,5645,57,0.6577202171831683
Mississippi,714,5744,0,0.5166609541757055
Mississippi,714,5745,189,0.8530124379498583
Mississippi,714,6262,28,0.789457882161717
Mississippi,715,1642,0,0.11483970559888476
Mississippi,715,2268,0,0.29611075606879184
Mississippi,715,5444,0,0.17008307082841734
Mississippi,715,5445,0,0.817739621564643
Mississippi,715,5545,0,0.7965587402840205
Mississippi,715,5962,25,0.6223749333003491
Mississippi,715,6062,17,0.2666029196849699
Mississippi,716,1442,0,0.11490454836796808
Mississippi,716,5244,0,0.2953948492057554
Mississippi,716,5245,332,0.9440963134921315
Mississippi,716,5345,57,0.5800785929074748
Mississippi,716,5762,36,0.7728878288694014
Mississippi,717,1241,0,0.10219149887806726
Mississippi,717,5044,0,0.15986379707798748
Mississippi,717,5045,417,0.9359264082513712
Mississippi,717,5562,36,0.7478600873984544
Mississippi,717,5563,0,0.06341262680496361
Mississippi,718,4844,13,0.17332356539933227
Mississippi,718,4845,281,0.9430341347968805
Mississippi,718,5362,0,0.46912651816848194
Mississippi,718,5363,0,0.042536636465629635
Mississippi,719,4644,0,0.6526386467859575
Mississippi,719,4645,236,0.9362276146442133
Mississippi,719,5162,0,0.5562449552079474
Mississippi,719,5163,0,0.2073648554024103
Mississippi,71,2247,30,0.9540600685463229
Mississippi,71,5286,29,0.3813981517548167
Mississippi,71,5366,19,0.8484378846237934
Mississippi,71,6471,0,0.0848076473096699
Mississippi,71,6725,16,0.20088842755487832
Mississippi,71,7035,19,0.31936769421866273
Mississippi,71,7135,37,0.5086939756385831
Mississippi,71,7650,15,0.2725126293735873
Mississippi,71,7651,30,0.27168739514014584
Mississippi,720,4444,0,0.8784149861551896
Mississippi,720,4445,0,0.8800388595384415
Mississippi,721,4244,94,0.939086822381661
Mississippi,721,4245,124,0.9362217079620365
Mississippi,722,4044,110,0.9427903524464286
Mississippi,722,4045,50,0.9261533374973495
Mississippi,722,4562,0,0.23577838971646514
Mississippi,722,4563,0,0.14824038100371476
Mississippi,723,3844,111,0.963478803399129
Mississippi,723,3845,21,0.5923789219853218
Mississippi,724,3644,111,0.9562919289877706
Mississippi,724,4163,0,0.038603644810073785
Mississippi,725,3444,82,0.9482585888818691
Mississippi,725,3962,0,0.6076290549615035
Mississippi,725,5535,0,0.27524038292116165
Mississippi,726,3244,54,0.9193305707219407
Mississippi,727,3044,41,0.9644981568856001
Mississippi,727,8242,14,0.1565956920721468
Mississippi,728,2844,38,0.9617838194437057
Mississippi,729,2644,45,0.9325692436387547
Mississippi,729,7843,18,0.595594931451141
Mississippi,729,9371,0,0.05102285455398887
Mississippi,729,9372,0,0.08343403951132397
Mississippi,72,2147,21,0.9142850264172404
Mississippi,72,2247,0,0.24777275963880876
Mississippi,72,4489,0,0.07756003593858472
Mississippi,72,4589,0,0.07016570723834382
Mississippi,72,5286,0,0.25038064842919733
Mississippi,72,5365,0,0.32555464165533665
Mississippi,72,5366,0,0.1936887391840843
Mississippi,72,6471,0,0.47975226285398404
Mississippi,72,6625,13,0.8926167524163671
Mississippi,72,7034,0,0.39620037119067936
Mississippi,72,7035,0,0.43778745892300946
Mississippi,72,7550,0,0.3027682887647702
Mississippi,72,8440,0,0.15060498534267372
Mississippi,730,2444,0,0.39283233298969755
Mississippi,730,7643,19,0.9504235133480465
Mississippi,731,2243,0,0.1463219684840699
Mississippi,731,2244,0,0.15406202636058985
Mississippi,731,7443,39,0.8967514001512947
Mississippi,732,2043,0,0.6234355198719145
Mississippi,732,7243,52,0.9663001968920061
Mississippi,733,7043,54,0.9633904604056273
Mississippi,734,1643,0,0.1659823772015152
Mississippi,734,6843,68,0.9689559463678508
Mississippi,734,6844,11,0.45617957735879205
Mississippi,735,6643,67,0.969536110602321
Mississippi,735,6644,15,0.5219491105508286
Mississippi,736,6443,60,0.9634648917370209
Mississippi,736,6444,41,0.9605275279979911
Mississippi,736,7957,0,0.3488120412862378
Mississippi,737,6243,35,0.9573257221513436
Mississippi,737,6244,42,0.9604915495911412
Mississippi,737,7673,0,0.353865173002037
Mississippi,737,7757,19,0.41768549711685343
Mississippi,738,6043,21,0.8715454160058126
Mississippi,738,6044,122,0.9647495374833166
Mississippi,738,7557,0,0.48908378193239926
Mississippi,738,7558,0,0.599043464431137
Mississippi,739,5843,0,0.19726497857547776
Mississippi,739,5844,161,0.9545774899656122
Mississippi,739,7357,0,0.28204145843611755
Mississippi,739,7358,28,0.9381264679938843
Mississippi,73,2147,30,0.9410391307085418
Mississippi,73,5286,0,0.4695074365985318
Mississippi,73,5365,28,0.8999994836484546
Mississippi,73,6524,14,0.3630525959339122
Mississippi,73,6934,78,0.5204326297429416
Mississippi,73,7034,0,0.04109696303561958
Mississippi,73,7550,0,0.22342313056838384
Mississippi,740,5643,0,0.5927054039478534
Mississippi,740,5644,183,0.9543749678120584
Mississippi,740,7158,39,0.9544067099535509
Mississippi,741,4389,0,0.1337912369849663
Mississippi,741,5443,0,0.1097152481174578
Mississippi,741,5444,252,0.9616388093927977
Mississippi,741,6958,50,0.9516046782533507
Mississippi,742,5243,0,0.22081413654389756
Mississippi,742,5244,283,0.9539322832585228
Mississippi,742,6758,70,0.9529236432266452
Mississippi,743,5043,0,0.3628536294127801
Mississippi,743,5044,216,0.9276532612439495
Mississippi,743,6558,84,0.9642015926956408
Mississippi,744,4843,0,0.3919109807804465
Mississippi,744,4844,0,0.7511797470647271
Mississippi,744,6358,79,0.9695678758753921
Mississippi,744,6458,27,0.8519115399199813
Mississippi,745,4643,0,0.8710004515633912
Mississippi,745,4644,0,0.9120562246043726
Mississippi,745,4856,0,0.029051455766208174
Mississippi,745,4956,0,0.4926212700730482
Mississippi,745,6158,36,0.9244299778816161
Mississippi,745,6258,84,0.9613616572712925
Mississippi,746,4443,147,0.947114549218018
Mississippi,746,4444,148,0.9575060184240659
Mississippi,746,4756,167,0.8275706119236059
Mississippi,746,6058,124,0.9772537315516533
Mississippi,747,4243,151,0.947937724692829
Mississippi,747,4244,105,0.947937724692829
Mississippi,747,5858,165,0.9775429303052608
Mississippi,748,4043,120,0.9636242594983865
Mississippi,748,4044,98,0.9636242594983865
Mississippi,748,5658,190,0.9633517528879173
Mississippi,749,3843,99,0.9574441555758532
Mississippi,749,3844,48,0.9531540710237222
Mississippi,749,4156,83,0.6834790472245471
Mississippi,749,4157,0,0.397234404549641
Mississippi,749,5458,257,0.9591422193507553
Mississippi,749,7389,0,0.051233658719478346
Mississippi,74,2047,10,0.5811433037971001
Mississippi,74,2048,17,0.753086704218336
Mississippi,74,4244,0,0.11524083851406124
Mississippi,74,4245,0,0.06893418313629694
Mississippi,74,5265,40,0.941582513970077
Mississippi,74,5286,0,0.41201170989812835
Mississippi,74,6371,0,0.2218977774965552
Mississippi,74,6524,0,0.10399365646698822
Mississippi,74,7450,0,0.13532754066749844
Mississippi,74,7550,0,0.06797990974101113
Mississippi,74,9250,0,0.1471084634532404
Mississippi,750,3643,79,0.9601952733144905
Mississippi,750,3644,35,0.91864998133034
Mississippi,750,3956,128,0.5214192895446889
Mississippi,750,3957,0,0.4904057065206157
Mississippi,750,5258,267,0.9718199815148613
Mississippi,751,3443,56,0.9600456893805775
Mississippi,751,3444,23,0.8692511313846939
Mississippi,751,3543,0,0.20153537198209065
Mississippi,751,3756,113,0.6442056373907142
Mississippi,751,3757,0,0.046105165683991305
Mississippi,751,5058,264,0.970423534366969
Mississippi,751,6989,0,0.16557829070754537
Mississippi,751,7089,0,0.06388098630286633
Mississippi,752,3243,26,0.9325509466836338
Mississippi,752,3343,31,0.9381951794917001
Mississippi,752,3344,0,0.11299724661479786
Mississippi,752,3556,96,0.7213304830723335
Mississippi,752,3557,0,0.11498324061956182
Mississippi,752,4773,104,0.6406360864136237
Mississippi,752,4858,109,0.9010657540871664
Mississippi,752,4958,64,0.8413317711087311
Mississippi,752,7535,0,0.15541718934927362
Mississippi,753,3143,38,0.9596690782205238
Mississippi,753,3144,0,0.23575064126827983
Mississippi,753,3356,73,0.7540375166062602
Mississippi,753,4758,267,0.9701879008483184
Mississippi,754,2943,38,0.9521646852029237
Mississippi,754,4558,271,0.9816431930044446
Mississippi,755,2743,33,0.9489391401566739
Mississippi,755,4357,0,0.17512484809114973
Mississippi,755,4358,246,0.9768776501347165
Mississippi,756,2543,32,0.9390994848669033
Mississippi,756,2856,48,0.6528108979725161
Mississippi,756,4158,184,0.9646504879672476
Mississippi,756,6089,37,0.36157520554606776
Mississippi,757,2343,14,0.909990463537359
Mississippi,757,3957,0,0.13688522222298496
Mississippi,757,3958,169,0.9692500527853906
Mississippi,758,2143,0,0.8157685015316107
Mississippi,758,3758,115,0.9662081347889885
Mississippi,758,3858,24,0.6014042248957254
Mississippi,759,1943,20,0.6292792797170375
Mississippi,759,2256,0,0.4830168579085202
Mississippi,759,3658,98,0.9667204217656088
Mississippi,75,2048,0,0.8118269974682877
Mississippi,75,4244,21,0.2957921571581954
Mississippi,75,4245,10,0.1842596462440515
Mississippi,75,5265,37,0.917198045113182
Mississippi,75,5286,0,0.5573739889900029
Mississippi,75,6370,0,0.06968052563950884
Mississippi,75,6371,0,0.1202542624283872
Mississippi,75,6424,0,0.4297348482025595
Mississippi,75,6833,9,0.38323993591230443
Mississippi,75,6834,27,0.5649331255407277
Mississippi,75,7449,0,0.21917318021235796
Mississippi,760,2056,13,0.560584957525852
Mississippi,760,3457,0,0.13078456655970172
Mississippi,760,3458,75,0.9704917774623646
Mississippi,760,6035,0,0.052253182414162415
Mississippi,761,3258,55,0.9672948353154254
Mississippi,762,1756,9,0.42086144842138573
Mississippi,762,3058,41,0.9630751981628399
Mississippi,763,2858,37,0.9654809279596563
Mississippi,764,2658,22,0.8731392808619709
Mississippi,764,2758,19,0.5738335680378005
Mississippi,764,5235,0,0.034793111302298674
Mississippi,764,5335,0,0.06569277944296983
Mississippi,765,2558,38,0.9604006249516621
Mississippi,765,5134,0,0.04177306975041296
Mississippi,765,5135,0,0.09535990808530459
Mississippi,766,2273,22,0.33592335339573753
Mississippi,766,2358,41,0.9382493077094085
Mississippi,766,7464,0,0.046509647907928414
Mississippi,767,2158,17,0.5991439392847768
Mississippi,767,7264,0,0.0872196998404497
Mississippi,767,7472,0,0.24922571147089925
Mississippi,768,7271,13,0.22114171396376428
Mississippi,769,1858,0,0.22428294946622818
Mississippi,769,6864,0,0.09792780757014163
Mississippi,769,6964,0,0.11320140933577312
Mississippi,769,7171,19,0.5924243932295404
Mississippi,769,8372,0,0.06839930406950223
Mississippi,76,1948,25,0.9251166635942126
Mississippi,76,5265,28,0.9216624957082709
Mississippi,76,5286,0,0.6667852650298131
Mississippi,76,6324,20,0.7925011507842032
Mississippi,76,6370,22,0.7168507553556592
Mississippi,76,6733,96,0.6535348357655113
Mississippi,76,7349,0,0.29540733526352175
Mississippi,76,9149,0,0.06536004974104706
Mississippi,770,1659,0,0.09646945085858744
Mississippi,770,6764,0,0.28313915374956755
Mississippi,770,6971,25,0.9007879171606832
Mississippi,771,5244,66,0.6262961113318378
Mississippi,771,5245,120,0.810806765100613
Mississippi,771,6564,0,0.17234373709060707
Mississippi,771,6871,32,0.9131900077928207
Mississippi,772,1274,16,0.2609247583078658
Mississippi,772,1275,17,0.15435339272547868
Mississippi,772,5044,0,0.683276592020776
Mississippi,772,5045,0,0.7736902057479255
Mississippi,772,5144,0,0.5328092979318975
Mississippi,772,5145,0,0.5392204486057146
Mississippi,772,6464,0,0.19691516666603004
Mississippi,772,6671,30,0.9533266140834161
Mississippi,773,4944,141,0.8315028617921244
Mississippi,773,4945,92,0.7809512599299867
Mississippi,773,6263,0,0.09271776560539502
Mississippi,773,6571,40,0.9636467195246211
Mississippi,774,4744,243,0.9549465569638623
Mississippi,774,4745,97,0.8624568471856214
Mississippi,774,6163,0,0.2058176097131834
Mississippi,774,6370,16,0.6987847139859933
Mississippi,774,6371,32,0.9416331835985121
Mississippi,774,7671,0,0.17245508271538212
Mississippi,775,4544,216,0.9422062558754607
Mississippi,775,4545,106,0.8786057430031797
Mississippi,775,5963,0,0.25569356662029674
Mississippi,775,6270,49,0.9669293559326094
Mississippi,776,4344,0,0.7503315742838798
Mississippi,776,4345,0,0.868442106995392
Mississippi,776,4444,0,0.8540422652258827
Mississippi,776,4445,0,0.5732552335462862
Mississippi,776,5863,0,0.30004105348700455
Mississippi,776,6070,29,0.9368500338023659
Mississippi,776,7370,15,0.3409279964660301
Mississippi,777,4244,58,0.9164367358107027
Mississippi,777,4245,171,0.9575015225264482
Mississippi,777,5663,0,0.2701239277450175
Mississippi,777,5970,36,0.9564529340628227
Mississippi,777,7170,0,0.15377251090972988
Mississippi,778,2735,0,0.13415342755014903
Mississippi,778,2736,0,0.11219010971170643
Mississippi,778,4044,0,0.1951209929635364
Mississippi,778,4045,152,0.9529470296873298
Mississippi,778,5563,0,0.2232102371215034
Mississippi,778,5997,0,0.042176123023468834
Mississippi,778,7070,0,0.14996700419038198
Mississippi,779,2536,0,0.1793309585159199
Mississippi,779,3845,74,0.9391689192566333
Mississippi,779,3945,98,0.9583413392948319
Mississippi,779,5363,0,0.2808601289075053
Mississippi,779,5670,31,0.852858781800973
Mississippi,779,6970,0,0.2662660994561534
Mississippi,779,7839,0,0.054233340660458665
Mississippi,77,4044,13,0.4476939964472434
Mississippi,77,4045,13,0.42166385324265954
Mississippi,77,5165,18,0.8338425656333341
Mississippi,77,5265,0,0.27329551439372757
Mississippi,77,5286,0,0.5241382971532418
Mississippi,77,6223,19,0.8489217079179008
Mississippi,77,6370,0,0.45888759999056883
Mississippi,77,6633,92,0.43884063607436347
Mississippi,77,7348,0,0.17392683524653949
Mississippi,77,7349,0,0.07639801536163845
Mississippi,77,8038,0,0.24205524352196614
Mississippi,780,3745,89,0.9343887535469618
Mississippi,780,5263,0,0.2570499597671418
Mississippi,780,5570,32,0.7716461748478852
Mississippi,780,6769,0,0.12976948432647406
Mississippi,780,6869,0,0.11027036037497183
Mississippi,780,7638,0,0.197633218493425
Mississippi,781,2660,0,0.15751719803536376
Mississippi,781,3545,117,0.9638373678029623
Mississippi,781,5163,0,0.177586877451849
Mississippi,781,5470,41,0.8909015767672782
Mississippi,781,6669,0,0.25803831875637084
Mississippi,781,7438,0,0.15636159627756424
Mississippi,782,3445,82,0.9183147038854883
Mississippi,782,5270,0,0.14852875578392943
Mississippi,782,5370,25,0.8737711242689498
Mississippi,782,6569,0,0.13397146330458268
Mississippi,782,7237,0,0.1766135906447538
Mississippi,783,3245,66,0.9264105887148805
Mississippi,783,5169,19,0.5669991972837254
Mississippi,783,5170,23,0.7405118943569523
Mississippi,783,5596,0,0.08322889643888044
Mississippi,783,6469,21,0.35988962270414343
Mississippi,783,7137,0,0.3197769135213051
Mississippi,784,3145,0,0.4299379520085833
Mississippi,784,3146,0,0.8647968771754957
Mississippi,784,5069,31,0.8784269527482264
Mississippi,784,6268,0,0.23569887939406867
Mississippi,784,6368,0,0.22862135264145847
Mississippi,784,6937,38,0.3267636409828665
Mississippi,784,8251,21,0.2534983910036948
Mississippi,785,2946,35,0.8274121071492655
Mississippi,785,4563,0,0.17468909633373383
Mississippi,785,4969,55,0.9709269826033777
Mississippi,785,6168,0,0.17200871938430987
Mississippi,785,6736,0,0.039792039773427046
Mississippi,786,2846,0,0.9471178325835169
Mississippi,786,4463,0,0.17076620398062603
Mississippi,786,4869,51,0.954395554769246
Mississippi,786,6068,0,0.2035876176128077
Mississippi,786,6636,0,0.548288894762304
Mississippi,787,2646,29,0.8856348864952805
Mississippi,787,2647,0,0.07655591129248444
Mississippi,787,4363,0,0.13325936617107972
Mississippi,787,4769,58,0.9455094112135486
Mississippi,787,5968,0,0.3081548719914402
Mississippi,787,6436,0,0.26248727982240544
Mississippi,787,7750,12,0.38013787286037076
Mississippi,788,2547,24,0.42940902658143976
Mississippi,788,4263,0,0.1739359181878306
Mississippi,788,4669,61,0.9735993871556403
Mississippi,788,5867,0,0.1634287978356121
Mississippi,788,5868,0,0.279562982648628
Mississippi,788,6236,0,0.15432099378890907
Mississippi,788,6336,0,0.12084381469485954
Mississippi,788,7649,0,0.7474401355077841
Mississippi,789,2347,0,0.35401438857238077
Mississippi,789,4163,0,0.08209910741606774
Mississippi,789,4569,72,0.9642047403921717
Mississippi,789,5767,0,0.2511451730934506
Mississippi,789,6135,28,0.42146495859136773
Mississippi,789,7549,26,0.8601023144627724
Mississippi,789,9258,19,0.1603724796974891
Mississippi,78,4589,0,0.0990132730563926
Mississippi,78,5165,21,0.6856107279195958
Mississippi,78,5286,0,0.3478275402485512
Mississippi,78,6023,17,0.2157351471814295
Mississippi,78,6123,14,0.17218744739636802
Mississippi,78,6532,40,0.5962575780266354
Mississippi,78,6533,52,0.6445861604190108
Mississippi,78,7248,0,0.13513657310412175
Mississippi,78,7937,0,0.1992702216810598
Mississippi,78,9047,9,0.2294325630493235
Mississippi,790,2248,0,0.19733003279676292
Mississippi,790,3963,0,0.1257997517885294
Mississippi,790,4063,0,0.09798572604142344
Mississippi,790,4469,57,0.9722170869302238
Mississippi,790,5096,0,0.2078549601035296
Mississippi,790,5667,0,0.24036722907834296
Mississippi,790,5935,0,0.30048552144405705
Mississippi,790,7348,29,0.8531149581570722
Mississippi,790,9157,0,0.06119088457357741
Mississippi,791,2048,19,0.3154953666699495
Mississippi,791,3863,0,0.12810138396108645
Mississippi,791,4369,41,0.9678767275626751
Mississippi,791,4370,26,0.9395976199445548
Mississippi,791,5567,0,0.2178412291338022
Mississippi,791,5735,0,0.3085875050461539
Mississippi,791,7248,54,0.8817495126502173
Mississippi,792,3763,0,0.07779379801726972
Mississippi,792,4270,57,0.9673273384885344
Mississippi,792,5467,0,0.18362205961620698
Mississippi,792,5635,0,0.3076715119051218
Mississippi,792,7047,47,0.8709682036763792
Mississippi,792,8856,0,0.26013140688016895
Mississippi,793,3663,0,0.14006249665850642
Mississippi,793,4170,53,0.9617148992133562
Mississippi,793,5367,0,0.32955577220500654
Mississippi,793,5434,0,0.22754741320382343
Mississippi,793,6947,32,0.8884627492779356
Mississippi,793,8755,0,0.21357051128148644
Mississippi,794,3564,0,0.08996248859023352
Mississippi,794,4070,54,0.9625815738192873
Mississippi,794,5234,0,0.15490923441555135
Mississippi,794,5267,0,0.20806777366128104
Mississippi,794,6746,0,0.8041509752432654
Mississippi,794,6846,0,0.6261038929768062
Mississippi,794,8654,20,0.275390412894834
Mississippi,795,3970,45,0.9656880809002685
Mississippi,795,5034,0,0.13084501318313368
Mississippi,795,5134,0,0.41536430561040233
Mississippi,795,5166,0,0.1747303573944909
Mississippi,795,5167,0,0.17545769441739736
Mississippi,795,6646,85,0.880141761559355
Mississippi,796,3364,0,0.12514823084950752
Mississippi,796,3870,44,0.9652599721918693
Mississippi,796,4934,0,0.5028648188445075
Mississippi,796,5066,0,0.2234330105695728
Mississippi,796,6445,0,0.2524930196599209
Mississippi,796,6545,63,0.9267565652992026
Mississippi,796,8352,16,0.2960602201323903
Mississippi,796,8353,13,0.277728722331142
Mississippi,797,3265,0,0.12987680136392948
Mississippi,797,3770,24,0.9436866701962442
Mississippi,797,4734,0,0.23077847075200605
Mississippi,797,6345,83,0.7996404540156412
Mississippi,797,8252,13,0.09219399682166253
Mississippi,798,3165,0,0.15650986842815093
Mississippi,798,3671,35,0.9640045069844855
Mississippi,798,4534,0,0.36540726209458024
Mississippi,798,6244,32,0.8358411772839479
Mississippi,798,6245,49,0.7225450091512198
Mississippi,798,8151,0,0.4139184568597228
Mississippi,799,3065,0,0.26901503036073926
Mississippi,799,3571,16,0.9634447958320221
Mississippi,799,3671,0,0.7187202364039558
Mississippi,799,4434,0,0.39474327976840456
Mississippi,799,6044,0,0.7853685232082951
Mississippi,799,7950,32,0.39540857344562186
Mississippi,799,8957,0,0.10990805372490775
Mississippi,79,3945,0,0.11452935098093504
Mississippi,79,5165,49,0.8102004189272577
Mississippi,79,5285,12,0.19649526414108703
Mississippi,79,5286,15,0.21226136208375335
Mississippi,79,5923,26,0.7268620243233156
Mississippi,79,6269,40,0.8390079960446366
Mississippi,79,6270,16,0.3589880093119634
Mississippi,79,6369,0,0.24960036156028542
Mississippi,79,6432,0,0.44328486681486406
Mississippi,79,6532,0,0.21947423053753698
Mississippi,79,7147,0,0.1075721512732563
Mississippi,79,7148,0,0.0731191736406967
Mississippi,79,7247,0,0.07394178204212455
Mississippi,79,8946,11,0.19753319943821787
Mississippi,7,3746,13,0.32366925504998617
Mississippi,7,3846,165,0.9701615154790594
Mississippi,7,5789,16,0.3263853818662238
Mississippi,7,5889,12,0.29076278426506214
Mississippi,7,6587,0,0.4280685547026809
Mississippi,7,7873,0,0.12235971245314506
Mississippi,7,8737,0,0.04674087378762258
Mississippi,7,9153,0,0.05896527753758249
Mississippi,800,2966,0,0.14386864497934954
Mississippi,800,3571,33,0.9615874990596733
Mississippi,800,4234,0,0.3758942198433618
Mississippi,800,5944,119,0.45860547964552906
Mississippi,800,7849,0,0.3463055801653059
Mississippi,800,8756,0,0.14431091345693814
Mississippi,801,2866,0,0.5069348907917836
Mississippi,801,3471,0,0.43936063893802796
Mississippi,801,3472,16,0.9054766309379342
Mississippi,801,4034,0,0.27945901590935623
Mississippi,801,4566,0,0.43220307410781383
Mississippi,801,5744,141,0.5075562066446981
Mississippi,801,7748,17,0.3262580783382583
Mississippi,801,7749,11,0.31279715311292733
Mississippi,802,1938,0,0.2806968867058409
Mississippi,802,2767,0,0.12481078841753816
Mississippi,802,3372,38,0.9654371183790127
Mississippi,802,4466,66,0.39424186465258615
Mississippi,802,5643,0,0.6140580953456494
Mississippi,802,7548,47,0.4918972180428932
Mississippi,802,8554,0,0.22295955125291742
Mississippi,803,2667,0,0.20651493966934814
Mississippi,803,3272,35,0.945073153372918
Mississippi,803,4366,0,0.17102172027535847
Mississippi,803,4367,0,0.09697811911102357
Mississippi,803,5443,0,0.2443488387535493
Mississippi,803,7447,68,0.5946843562297333
Mississippi,804,2668,0,0.18589546235340212
Mississippi,804,3272,0,0.3156714744684673
Mississippi,804,3535,0,0.24344551564319314
Mississippi,804,4266,0,0.048256249898321155
Mississippi,804,4267,0,0.13000831650038142
Mississippi,804,4367,0,0.05627011352341873
Mississippi,804,5343,213,0.2649312454402529
Mississippi,804,7246,0,0.31906394842305114
Mississippi,804,7247,0,0.23680717779720278
Mississippi,805,2568,0,0.150361896143102
Mississippi,805,3173,18,0.7838704884897191
Mississippi,805,3335,0,0.1267262303653287
Mississippi,805,3435,0,0.18710263331965726
Mississippi,805,4167,0,0.10954922726086569
Mississippi,805,4267,0,0.2590762806103019
Mississippi,805,5143,222,0.9565205482414242
Mississippi,805,7146,0,0.4570257675209449
Mississippi,806,2469,0,0.24614485687688856
Mississippi,806,3073,16,0.5847401362893663
Mississippi,806,3236,0,0.18449359734717924
Mississippi,806,4167,0,0.26639780365695515
Mississippi,806,5043,170,0.9355595406247985
Mississippi,806,7045,0,0.5360327091758662
Mississippi,806,8637,0,0.1874187339221994
Mississippi,807,3036,0,0.26032932858672
Mississippi,807,4067,0,0.26378100601319154
Mississippi,807,4596,0,0.07743742288314488
Mississippi,807,4843,173,0.9248861149406622
Mississippi,807,6845,0,0.7178469042318085
Mississippi,807,7950,33,0.1890019669622066
Mississippi,808,2936,0,0.2119140576150101
Mississippi,808,3967,0,0.18453805990702396
Mississippi,808,4743,253,0.9749320521940346
Mississippi,808,6744,0,0.441872771828819
Mississippi,808,7749,0,0.11274556118523879
Mississippi,808,7849,24,0.12635190918529265
Mississippi,808,8336,0,0.13870216919401385
Mississippi,808,8745,0,0.08503813501786667
Mississippi,809,2737,0,0.17729098336001814
Mississippi,809,3867,0,0.2822399826022261
Mississippi,809,4543,237,0.9688726017330546
Mississippi,809,4643,0,0.08085894880695536
Mississippi,809,6544,0,0.41874507099860214
Mississippi,809,6644,0,0.3041000642525759
Mississippi,809,7648,0,0.19826952764502434
Mississippi,809,7649,0,0.15111729938748625
Mississippi,809,8644,0,0.16839866123593858
Mississippi,80,4589,0,0.12811901443415769
Mississippi,80,5064,0,0.03437624895393098
Mississippi,80,5065,31,0.7936905408424919
Mississippi,80,5165,13,0.2317756027964197
Mississippi,80,5823,0,0.6922633227522054
Mississippi,80,6269,0,0.2666143245447615
Mississippi,80,7147,0,0.3454524442150248
Mississippi,80,8845,0,0.20377368477098995
Mississippi,810,2637,0,0.1326146220522457
Mississippi,810,3767,19,0.2157327742566789
Mississippi,810,3768,14,0.14300615743644854
Mississippi,810,4443,258,0.9755678934681857
Mississippi,810,6443,54,0.3777514477482931
Mississippi,810,6444,45,0.3318230741880527
Mississippi,810,8543,0,0.2851444085885257
Mississippi,811,3668,0,0.25036154332017596
Mississippi,811,4243,154,0.5502485401116022
Mississippi,811,4343,91,0.8043488968598173
Mississippi,811,6343,149,0.25937350509043844
Mississippi,811,7447,0,0.3384574024244874
Mississippi,811,8342,13,0.30054378754952593
Mississippi,812,2238,0,0.08893692155626799
Mississippi,812,3568,14,0.09992502182008851
Mississippi,812,3668,15,0.12795653752423009
Mississippi,812,4143,142,0.8861076893861506
Mississippi,812,6143,0,0.2577934385330107
Mississippi,812,8241,0,0.20135631125796624
Mississippi,813,2139,0,0.2630882382001106
Mississippi,813,3568,0,0.16301866713106924
Mississippi,813,4043,167,0.8491816246168673
Mississippi,813,6042,152,0.4023155465603982
Mississippi,813,6043,53,0.18892785006097956
Mississippi,813,7532,18,0.4197370189596778
Mississippi,813,8040,0,0.07896706728966024
Mississippi,814,3468,0,0.20363229813376885
Mississippi,814,3469,0,0.10412324406888035
Mississippi,814,3843,137,0.9362756612107215
Mississippi,814,4496,0,0.02204168698788014
Mississippi,814,5842,158,0.20054497403169078
Mississippi,814,5942,37,0.04483667380041188
Mississippi,814,6945,0,0.07601398897778665
Mississippi,814,7045,0,0.1197191043483756
Mississippi,814,7046,0,0.09732007777389251
Mississippi,814,7940,22,0.5158519899248388
Mississippi,815,3369,0,0.22251189740712474
Mississippi,815,3743,63,0.8734335067937631
Mississippi,815,3744,22,0.7443426573838927
Mississippi,815,5742,180,0.44491891339163403
Mississippi,815,6845,77,0.1912777031412867
Mississippi,815,7131,21,0.564150414103698
Mississippi,815,7231,14,0.2350574693260055
Mississippi,815,7739,0,0.3882288616775949
Mississippi,816,3269,0,0.22522258634686249
Mississippi,816,3544,56,0.8617520246248532
Mississippi,816,3644,0,0.6283459027231447
Mississippi,816,5542,185,0.2685675858974834
Mississippi,816,5642,127,0.19963492174527206
Mississippi,816,6744,0,0.17203043256115427
Mississippi,816,6745,0,0.17144361332949304
Mississippi,816,7638,16,0.4391883663691285
Mississippi,817,3169,0,0.19470752874791367
Mississippi,817,3444,43,0.9128863875512023
Mississippi,817,5441,0,0.08710706587427595
Mississippi,817,5442,0,0.1364771753232199
Mississippi,817,6830,0,0.23344790825530773
Mississippi,817,7438,29,0.5693716338228819
Mississippi,818,3170,0,0.3354631158511145
Mississippi,818,3344,59,0.9110846158445971
Mississippi,818,5241,187,0.14658856691100552
Mississippi,818,5341,203,0.08980792738550505
Mississippi,818,5613,0,0.19842937251446593
Mississippi,818,7337,27,0.6042084688461928
Mississippi,818,7374,0,0.2782935758808915
Mississippi,818,8253,0,0.22969461373385314
Mississippi,819,3070,20,0.1730763941068067
Mississippi,819,3145,54,0.9665059064504115
Mississippi,819,5141,295,0.22027560306459246
Mississippi,819,7137,0,0.4664019009127777
Mississippi,81,3745,0,0.1939948725235096
Mississippi,81,4589,0,0.0841040609088787
Mississippi,81,4689,0,0.05270858386188721
Mississippi,81,5065,0,0.48116855250406027
Mississippi,81,5285,0,0.29074554865238433
Mississippi,81,5385,0,0.17394874784516984
Mississippi,81,5722,27,0.7227724425362958
Mississippi,81,6231,67,0.5190256903039995
Mississippi,81,6232,23,0.3788023437691832
Mississippi,81,6268,0,0.15480273049482493
Mississippi,81,6269,80,0.7243983023790912
Mississippi,81,7046,0,0.14828928352574422
Mississippi,81,7635,0,0.11377163077285393
Mississippi,81,7735,0,0.1765345700274157
Mississippi,81,8844,0,0.13611082559039045
Mississippi,820,3045,46,0.9593151954972099
Mississippi,820,4941,114,0.13206413107746476
Mississippi,820,5041,161,0.17938277817566137
Mississippi,820,6143,140,0.16325587926118967
Mississippi,820,7036,0,0.7137945702424585
Mississippi,820,7273,20,0.5316613655412683
Mississippi,820,8052,0,0.13652594678890823
Mississippi,821,2845,29,0.8874009945010256
Mississippi,821,2945,0,0.24754930566883096
Mississippi,821,6042,0,0.07805890777540558
Mississippi,821,6043,0,0.06142623614170092
Mississippi,821,6835,0,0.19577779215730198
Mississippi,821,6836,0,0.1596802077099445
Mississippi,821,7173,0,0.5460310161524975
Mississippi,821,7851,0,0.4631906781383713
Mississippi,822,2746,40,0.855448522587552
Mississippi,822,4641,0,0.09346294906586955
Mississippi,822,4741,0,0.13713761463193924
Mississippi,822,5842,0,0.10091531854861101
Mississippi,822,5942,0,0.036930998133553244
Mississippi,822,7750,0,0.7006937452055838
Mississippi,823,2646,39,0.876830348511608
Mississippi,823,4541,0,0.28646724309239385
Mississippi,823,5742,0,0.12860954830771973
Mississippi,823,6535,39,0.8559698322513156
Mississippi,823,6972,0,0.08285515142705156
Mississippi,823,7072,0,0.015192247422446993
Mississippi,823,7649,10,0.28957608506637544
Mississippi,823,7650,29,0.6481318092630232
Mississippi,824,2447,28,0.7969823001597941
Mississippi,824,4341,0,0.13666565332629194
Mississippi,824,4441,0,0.15622337743302914
Mississippi,824,5542,0,0.11907958878827782
Mississippi,824,5642,0,0.04949151115622658
Mississippi,824,6334,25,0.41651846738048787
Mississippi,824,6971,0,0.09640271416859765
Mississippi,824,7449,24,0.5212551647757664
Mississippi,825,2347,24,0.7192058382129687
Mississippi,825,2573,0,0.16864018219690444
Mississippi,825,4241,0,0.09670283100234608
Mississippi,825,5442,0,0.16347735239214306
Mississippi,825,6134,42,0.8159347085128824
Mississippi,825,6234,0,0.11701062040581836
Mississippi,825,6871,0,0.22794356439262925
Mississippi,825,7348,32,0.7992393759313459
Mississippi,826,2148,0,0.30362030055932576
Mississippi,826,2248,0,0.47212483424783747
Mississippi,826,2473,0,0.10122174926713809
Mississippi,826,4041,0,0.2577007475993129
Mississippi,826,4042,0,0.04735287388467798
Mississippi,826,4141,0,0.14603913755425454
Mississippi,826,5241,0,0.09837871870905532
Mississippi,826,5242,0,0.16250845351444926
Mississippi,826,5342,0,0.05140960955772049
Mississippi,826,5933,0,0.16647880642191548
Mississippi,826,6033,14,0.219896498260828
Mississippi,826,6034,31,0.7211422085910055
Mississippi,826,6770,0,0.20880032494682618
Mississippi,826,7248,29,0.5743595294602155
Mississippi,827,2049,0,0.30975493519603275
Mississippi,827,2474,0,0.07528834723850768
Mississippi,827,3941,0,0.049830784461531184
Mississippi,827,3942,0,0.06105704766530317
Mississippi,827,5027,49,0.220358340400121
Mississippi,827,5833,74,0.8720308301096239
Mississippi,827,6670,17,0.3229724064891279
Mississippi,827,7047,51,0.926926232492579
Mississippi,828,3742,0,0.16878361980202372
Mississippi,828,3842,0,0.08764946116727311
Mississippi,828,5633,64,0.7294772428393647
Mississippi,828,6569,17,0.498527410384395
Mississippi,828,6947,0,0.8965782240693877
Mississippi,829,3642,0,0.1981258041854242
Mississippi,829,5433,38,0.5569041918826054
Mississippi,829,5533,42,0.5761570733873786
Mississippi,829,6469,0,0.375289050564335
Mississippi,829,6846,0,0.8574463626038284
Mississippi,82,3745,0,0.16272780489626737
Mississippi,82,4689,0,0.10098123327772339
Mississippi,82,5385,40,0.4114949971892544
Mississippi,82,5522,0,0.39307293188905856
Mississippi,82,6131,0,0.2529300221235626
Mississippi,82,6268,56,0.826881969917126
Mississippi,82,6269,6,0.3846397128676122
Mississippi,82,6945,0,0.08730081929897376
Mississippi,82,6946,0,0.18499078514733538
Mississippi,82,8743,23,0.30164056638671277
Mississippi,830,3442,0,0.2014544476430004
Mississippi,830,4427,0,0.5414493995997847
Mississippi,830,5333,72,0.8973837175350602
Mississippi,830,6646,77,0.8979135587761726
Mississippi,831,3342,21,0.11689309453436517
Mississippi,831,3343,59,0.08734737143531748
Mississippi,831,4441,0,0.047780759425335384
Mississippi,831,4541,0,0.08446675803260342
Mississippi,831,5132,0,0.20338197987791534
Mississippi,831,5133,56,0.6542792045785003
Mississippi,831,6545,77,0.9415086477807061
Mississippi,832,3143,64,0.2758409185824771
Mississippi,832,4341,0,0.09216772499758168
Mississippi,832,4342,0,0.01640154517868558
Mississippi,832,4932,52,0.7696899789544891
Mississippi,832,4933,0,0.2524112487879556
Mississippi,832,6345,82,0.8955095041825062
Mississippi,833,3043,0,0.23759230108424692
Mississippi,833,4141,0,0.029947303299346858
Mississippi,833,4142,0,0.047826116257043166
Mississippi,833,4241,0,0.03588607651862794
Mississippi,833,4242,0,0.03097622543368649
Mississippi,833,4732,0,0.560964404475243
Mississippi,833,4832,0,0.41078750795820157
Mississippi,833,6244,67,0.9352305023299569
Mississippi,833,6245,25,0.41594965950013246
Mississippi,834,2844,0,0.33109923914674877
Mississippi,834,4041,0,0.04251031809936652
Mississippi,834,4042,0,0.0871677975800486
Mississippi,834,4632,0,0.5584096821143749
Mississippi,834,5843,47,0.2085780844979644
Mississippi,834,6044,0,0.8113520600113687
Mississippi,835,2744,44,0.37054592710233686
Mississippi,835,4432,0,0.5095528757124911
Mississippi,835,4433,0,0.2899521198062039
Mississippi,835,5742,35,0.12693732203043587
Mississippi,835,5944,111,0.6927942724386762
Mississippi,836,2544,10,0.10810157452153488
Mississippi,836,2545,22,0.2900485565287744
Mississippi,836,3742,0,0.10290317011837133
Mississippi,836,4232,19,0.27158483204944295
Mississippi,836,4233,38,0.6298364112273209
Mississippi,836,5542,0,0.24484898699924104
Mississippi,836,5743,0,0.0436694936816129
Mississippi,836,5744,0,0.5589109727382425
Mississippi,837,2445,37,0.26459957759085423
Mississippi,837,3542,0,0.15114109234351156
Mississippi,837,4033,33,0.5510039808748157
Mississippi,837,4133,0,0.5263234439616667
Mississippi,837,5342,20,0.1811381677723227
Mississippi,837,5442,96,0.5648309149614883
Mississippi,837,5643,0,0.9226552053878275
Mississippi,837,5766,33,0.8216390587154228
Mississippi,838,2245,10,0.09625865384720224
Mississippi,838,2246,22,0.2865708481534573
Mississippi,838,3442,0,0.07217593788036704
Mississippi,838,3443,0,0.0749897108183973
Mississippi,838,3833,17,0.17287909815136224
Mississippi,838,3933,56,0.8298731405455938
Mississippi,838,5242,0,0.8628291762040717
Mississippi,838,5443,193,0.9194188274149813
Mississippi,838,5666,42,0.8143045342303641
Mississippi,838,6929,0,0.13197497260670457
Mississippi,839,1581,0,0.02984736571266118
Mississippi,839,2146,0,0.3959743427062998
Mississippi,839,3243,0,0.15191262378851506
Mississippi,839,3733,0,0.5400257796943884
Mississippi,839,5042,158,0.9529373785989811
Mississippi,839,5343,190,0.6966541861371112
Mississippi,839,5566,41,0.8392394851246344
Mississippi,83,1652,0,0.0903979775768854
Mississippi,83,5385,0,0.30146659249777175
Mississippi,83,5422,0,0.5654830035857427
Mississippi,83,6030,0,0.056911713259128895
Mississippi,83,6031,0,0.2094200479546894
Mississippi,83,6168,0,0.4785800213226701
Mississippi,83,6268,0,0.4534106224616613
Mississippi,83,6845,0,0.1737985679973122
Mississippi,83,6945,0,0.05101591375110071
Mississippi,83,8642,16,0.43709545761280527
Mississippi,840,1947,0,0.15857611528170243
Mississippi,840,2047,0,0.16958121450468572
Mississippi,840,3043,0,0.049668155813625554
Mississippi,840,3143,0,0.10138692607495621
Mississippi,840,3533,52,0.6115803227632827
Mississippi,840,4942,0,0.3870163868200167
Mississippi,840,5143,242,0.7764223513737304
Mississippi,840,5466,49,0.7143685492223832
Mississippi,841,1847,0,0.42314093334715036
Mississippi,841,2943,0,0.09465240230192606
Mississippi,841,2944,0,0.10011746293968975
Mississippi,841,3333,0,0.1719156470828376
Mississippi,841,3334,0,0.5186058731398515
Mississippi,841,4742,0,0.5953873124924958
Mississippi,841,4943,0,0.10275582992648354
Mississippi,841,5043,171,0.8919962279347226
Mississippi,841,5366,74,0.8960216053128834
Mississippi,842,1748,0,0.31632204774824635
Mississippi,842,2744,0,0.09253462063607654
Mississippi,842,2844,0,0.14023781527049306
Mississippi,842,3234,0,0.34485920109749824
Mississippi,842,4642,0,0.480727810714554
Mississippi,842,4843,178,0.9329641772495528
Mississippi,842,5265,49,0.9082159303906046
Mississippi,842,5266,63,0.9423722672416069
Mississippi,842,5895,19,0.35029651540871876
Mississippi,842,6928,0,0.18925778418387582
Mississippi,843,2644,0,0.1901257743821646
Mississippi,843,3034,34,0.3275918323312771
Mississippi,843,4442,61,0.5338676651322943
Mississippi,843,4643,209,0.9544869796720012
Mississippi,843,4743,41,0.7172623850102925
Mississippi,843,5165,84,0.9432497191776948
Mississippi,843,5166,28,0.7965725115907485
Mississippi,843,5795,0,0.33567188208823534
Mississippi,844,2834,0,0.19284722266180326
Mississippi,844,4242,0,0.3089630775306674
Mississippi,844,4543,243,0.9698836128435516
Mississippi,844,4965,33,0.7738631087732025
Mississippi,844,5065,66,0.9387647217282713
Mississippi,844,5066,0,0.12017798561499798
Mississippi,844,5795,0,0.04490014022896028
Mississippi,845,2345,0,0.1345751565223761
Mississippi,845,2735,0,0.13575189409476635
Mississippi,845,4343,240,0.976855497841407
Mississippi,845,4865,67,0.9409919449786043
Mississippi,845,4965,30,0.7335446898973998
Mississippi,845,5935,0,0.33730120224141696
Mississippi,846,2535,27,0.3326951289951294
Mississippi,846,4243,187,0.8516214923390822
Mississippi,846,4765,83,0.9491350804893064
Mississippi,847,2336,17,0.1981384093165429
Mississippi,847,4043,0,0.831289806701324
Mississippi,847,4665,93,0.9473380684503874
Mississippi,848,1946,0,0.14810545235766007
Mississippi,848,2136,0,0.19777210428623762
Mississippi,848,2236,0,0.1080989592170688
Mississippi,848,3843,0,0.1372392280032799
Mississippi,848,3943,0,0.8699214343401468
Mississippi,848,4565,120,0.9621875779324008
Mississippi,848,5494,0,0.06279183416173345
Mississippi,849,1747,0,0.2244071822072316
Mississippi,849,2036,0,0.4673005481624356
Mississippi,849,3743,0,0.8848721266193359
Mississippi,849,4465,81,0.9510301378574633
Mississippi,849,4466,0,0.6988889773334043
Mississippi,84,4789,0,0.08398730338410582
Mississippi,84,5222,0,0.5696184625583723
Mississippi,84,5322,0,0.23147490849967828
Mississippi,84,5385,28,0.3898156188528003
Mississippi,84,5830,0,0.18201624809450498
Mississippi,84,5930,0,0.1866152606819472
Mississippi,84,6167,59,0.9237733547684075
Mississippi,84,6168,17,0.5985761160261989
Mississippi,84,6744,0,0.14079077606709994
Mississippi,84,6745,0,0.0853239290588069
Mississippi,84,6844,0,0.13370846817626375
Mississippi,84,6845,0,0.1247282074325194
Mississippi,84,7333,0,0.09886963698663719
Mississippi,84,8541,0,0.22937995342484613
Mississippi,850,1647,0,0.13067379283520986
Mississippi,850,1837,0,0.2560105741498835
Mississippi,850,3543,0,0.6015765018936926
Mississippi,850,3544,0,0.3906484404319713
Mississippi,850,3643,0,0.23957267432725193
Mississippi,850,4365,42,0.8113392039399799
Mississippi,850,4366,0,0.41429217915040917
Mississippi,851,1448,0,0.29725757494597627
Mississippi,851,3444,0,0.646848440852426
Mississippi,851,4165,23,0.42603911566839464
Mississippi,851,4166,17,0.388996367178564
Mississippi,851,4266,0,0.33426823292258145
Mississippi,851,553,12,0.04348961593564854
Mississippi,852,3244,0,0.432640481893267
Mississippi,852,4065,19,0.34469816861996394
Mississippi,852,4066,48,0.7291936073234918
Mississippi,853,3144,0,0.4484767284644767
Mississippi,853,3966,0,0.42433261050609566
Mississippi,855,2844,0,0.5298788771749304
Mississippi,855,8145,23,0.7896648993655805
Mississippi,856,2644,0,0.21836529459696633
Mississippi,856,2645,0,0.23400829904822945
Mississippi,856,4794,0,0.06907485244176072
Mississippi,856,7944,11,0.09879333296183886
Mississippi,857,7844,13,0.6428166661147777
Mississippi,858,7644,30,0.9178095608506148
Mississippi,859,2145,0,0.23929362297618398
Mississippi,859,7444,27,0.9046449563394855
Mississippi,859,9322,0,0.037233629023826854
Mississippi,85,4789,0,0.10672047634303634
Mississippi,85,5121,9,0.42060154267062877
Mississippi,85,5384,0,0.13178376651099838
Mississippi,85,5385,0,0.2723025510118775
Mississippi,85,5730,0,0.35867102765262565
Mississippi,85,5830,0,0.1622183851315504
Mississippi,85,6167,33,0.652633579468205
Mississippi,85,6644,0,0.12314612172490043
Mississippi,85,6744,0,0.29422387909744957
Mississippi,85,7232,23,0.24742439877594272
Mississippi,85,8440,0,0.44313411655366836
Mississippi,860,2045,0,0.22489746938040092
Mississippi,860,7343,18,0.7562732802518424
Mississippi,860,7344,23,0.733869901972478
Mississippi,860,8545,0,0.07728451114401043
Mississippi,861,4194,0,0.07690042611511932
Mississippi,861,7143,42,0.9538040408217663
Mississippi,862,7043,41,0.9666134088037955
Mississippi,863,6843,43,0.9527785208492217
Mississippi,864,6643,61,0.9675907876638874
Mississippi,864,6743,0,0.1517777745511015
Mississippi,865,6543,85,0.9706237357256577
Mississippi,866,3594,0,0.026166832112722693
Mississippi,866,6343,96,0.9634494309809786
Mississippi,866,8120,0,0.11103271245277258
Mississippi,867,6143,26,0.8744462641839567
Mississippi,867,6243,93,0.9646652548020478
Mississippi,867,7920,0,0.06735923189053587
Mississippi,868,6043,135,0.9620276103483097
Mississippi,868,7820,0,0.033531644112442215
Mississippi,869,5842,0,0.24384172904996673
Mississippi,869,5843,150,0.9591894503337278
Mississippi,869,7620,0,0.11728166420751712
Mississippi,86,3347,37,0.514535709514908
Mississippi,86,4921,0,0.3752330508050284
Mississippi,86,5484,17,0.6847393986731025
Mississippi,86,5630,112,0.46865841890010396
Mississippi,86,6167,35,0.30785742884655515
Mississippi,86,6643,0,0.19605471210137884
Mississippi,86,6644,0,0.09878943838555564
Mississippi,86,8339,34,0.24435865835468495
Mississippi,870,5642,0,0.0818903250852011
Mississippi,870,5643,0,0.705711611287452
Mississippi,870,5742,42,0.8948377615006854
Mississippi,870,5743,115,0.934242956560474
Mississippi,871,5542,119,0.9403052611346021
Mississippi,871,5543,100,0.9207723690084534
Mississippi,871,7220,0,0.06335957336807017
Mississippi,872,5342,199,0.9528550493525838
Mississippi,872,5343,66,0.8227164531660458
Mississippi,873,5142,136,0.9068796412605047
Mississippi,873,5143,0,0.19894705316411807
Mississippi,873,5242,109,0.9245470513678017
Mississippi,873,5243,0,0.28358829960840265
Mississippi,873,6113,0,0.09206728917101697
Mississippi,874,5042,187,0.9511396942908735
Mississippi,875,4842,173,0.9267333102219462
Mississippi,876,4642,244,0.9827238363044446
Mississippi,876,4643,0,0.20967399472719478
Mississippi,876,8145,0,0.21768543544945723
Mississippi,877,4442,35,0.7229569014273832
Mississippi,877,4542,201,0.9768870619061053
Mississippi,877,7945,23,0.2216300351249066
Mississippi,878,4342,216,0.9759265162808457
Mississippi,878,4343,27,0.5367414233255774
Mississippi,878,7844,0,0.08257776266549154
Mississippi,878,7845,0,0.10947234844024521
Mississippi,879,4142,0,0.9511696356719737
Mississippi,879,4143,0,0.8015686470131557
Mississippi,879,5819,38,0.3618836385345283
Mississippi,879,7644,0,0.2265883582489836
Mississippi,87,3247,0,0.26007800740929937
Mississippi,87,4821,15,0.2746596569544148
Mississippi,87,5429,0,0.2744238732258941
Mississippi,87,5529,0,0.3452876750886593
Mississippi,87,5530,0,0.46901055024392874
Mississippi,87,6066,58,0.638336235436742
Mississippi,87,6067,13,0.4298930607928938
Mississippi,87,6166,0,0.5264128934554476
Mississippi,87,6543,0,0.1463345703753559
Mississippi,87,6931,0,0.31326784530072593
Mississippi,87,8238,18,0.33580329016150984
Mississippi,880,3942,128,0.968967426833252
Mississippi,880,3943,51,0.8683259445906727
Mississippi,880,4042,0,0.1853413792362693
Mississippi,880,5619,0,0.19896718139898265
Mississippi,880,7444,0,0.21866741020031571
Mississippi,880,8146,14,0.1259480001354686
Mississippi,880,8246,0,0.04540144020993127
Mississippi,881,3842,82,0.9625850051593382
Mississippi,881,3843,72,0.96403332083412
Mississippi,881,7244,0,0.10360020866920326
Mississippi,881,7344,0,0.12298716643359656
Mississippi,881,8046,0,0.27954987840503986
Mississippi,882,3642,28,0.9148018387542566
Mississippi,882,3643,77,0.9672734096366127
Mississippi,882,5219,0,0.1882713569685925
Mississippi,882,5291,0,0.043549559340748466
Mississippi,882,5319,0,0.13393634895778245
Mississippi,882,7144,0,0.2691624035306862
Mississippi,882,7845,0,0.30172626843505884
Mississippi,882,7846,0,0.12211045364727095
Mississippi,883,3443,96,0.9670660988786307
Mississippi,883,5191,0,0.11811815244657875
Mississippi,883,6944,46,0.3318986811791327
Mississippi,883,7645,0,0.5776702556371421
Mississippi,884,3243,84,0.974331158896468
Mississippi,884,4819,0,0.15951503470603295
Mississippi,884,4919,0,0.36145041885708235
Mississippi,884,4991,0,0.04347642362419086
Mississippi,884,6744,0,0.24160479829148693
Mississippi,884,7445,0,0.24277268753931872
Mississippi,884,7545,0,0.6091608138205523
Mississippi,884,9034,0,0.04326870775046131
Mississippi,885,3043,18,0.5462622719668959
Mississippi,885,3143,52,0.9648403758927501
Mississippi,885,4619,0,0.11677063945129994
Mississippi,885,4719,0,0.3930844455257334
Mississippi,885,6543,0,0.06213991928815074
Mississippi,885,6544,0,0.09919602951575018
Mississippi,885,6644,0,0.11791115957309217
Mississippi,885,7345,31,0.6640092056996183
Mississippi,886,2943,34,0.9473428454905298
Mississippi,886,4519,0,0.2797422402570855
Mississippi,886,6443,0,0.18548490049388452
Mississippi,886,6444,0,0.15368939361212156
Mississippi,887,2743,34,0.9538328229361976
Mississippi,887,4319,0,0.7149012359211228
Mississippi,887,6243,0,0.15743728867491594
Mississippi,887,6944,0,0.07786907910145281
Mississippi,887,6945,0,0.39386772202446857
Mississippi,887,7045,0,0.07664880675768942
Mississippi,887,7683,0,0.18456702892340127
Mississippi,887,7684,0,0.1227852798093872
Mississippi,887,8268,0,0.11671292627697019
Mississippi,888,2543,41,0.962277696211788
Mississippi,888,6043,0,0.24714070821686837
Mississippi,888,7169,0,0.3032090487211215
Mississippi,888,7945,0,0.2936998824079296
Mississippi,888,8068,0,0.3294998203393614
Mississippi,889,2343,19,0.6189338759162232
Mississippi,889,3919,0,0.6213258346114509
Mississippi,889,5843,0,0.17416525365350854
Mississippi,889,5943,0,0.04042862326166732
Mississippi,889,6644,71,0.8167683382921511
Mississippi,889,6663,0,0.07406769273044289
Mississippi,889,7745,12,0.18716994076500815
Mississippi,88,3247,0,0.13208364989738938
Mississippi,88,4621,28,0.7349106394525323
Mississippi,88,4889,0,0.13874130397587148
Mississippi,88,5329,0,0.5401214130908105
Mississippi,88,5429,0,0.2627681639123918
Mississippi,88,5484,0,0.32544716852146566
Mississippi,88,6066,0,0.5464623680331202
Mississippi,88,6442,0,0.23019955120081
Mississippi,88,6443,0,0.08340817262461747
Mississippi,88,6830,0,0.22943568910923462
Mississippi,890,2243,16,0.2224486218916095
Mississippi,890,3442,0,0.15838445520219888
Mississippi,890,3443,0,0.1539191648479529
Mississippi,890,3719,0,0.38925396914720467
Mississippi,890,5643,0,0.1384019973941709
Mississippi,890,5743,0,0.19067002954761011
Mississippi,890,6444,88,0.7661093920880867
Mississippi,890,6463,0,0.16651614856201657
Mississippi,890,7545,0,0.5530852361308527
Mississippi,890,7767,0,0.024228263846207458
Mississippi,890,7768,0,0.2628503343145751
Mississippi,891,2044,9,0.28222611684971
Mississippi,891,3519,0,0.09929016190838788
Mississippi,891,5443,0,0.012700678611532124
Mississippi,891,5543,0,0.19263406892132123
Mississippi,891,6363,0,0.14169454651986554
Mississippi,891,6668,0,0.21828401392078395
Mississippi,891,6669,0,0.14666275817879584
Mississippi,891,6768,0,0.09489129177758937
Mississippi,891,7083,0,0.1778865302654336
Mississippi,891,7345,23,0.3635682826565368
Mississippi,891,7567,22,0.27528750098858523
Mississippi,891,7568,15,0.40592142938682607
Mississippi,892,5343,0,0.3996922338831352
Mississippi,892,6044,90,0.47254097183245314
Mississippi,892,6144,0,0.2524546234980213
Mississippi,892,6163,0,0.20092488573198325
Mississippi,892,6568,0,0.2547182885621521
Mississippi,892,7145,0,0.3526455710186192
Mississippi,892,7245,0,0.16998114595239802
Mississippi,893,2943,0,0.3008150961993766
Mississippi,893,5143,0,0.4719124513009908
Mississippi,893,5521,0,0.24419046454948362
Mississippi,893,5844,0,0.5985379627562285
Mississippi,893,5944,0,0.4967703062353399
Mississippi,893,5963,0,0.07768678347266987
Mississippi,893,6368,72,0.23613769348308364
Mississippi,893,7045,30,0.8594877450637374
Mississippi,893,7332,0,0.07184731171615043
Mississippi,894,2919,0,0.14169925773100156
Mississippi,894,5644,0,0.17986025571021927
Mississippi,894,5744,0,0.873234000603416
Mississippi,894,5863,0,0.18952329074858687
Mississippi,894,6582,0,0.28490612335085924
Mississippi,894,6844,17,0.5086062601197209
Mississippi,894,6845,21,0.6412500558858719
Mississippi,894,7276,0,0.2204991252472641
Mississippi,895,2543,0,0.28628476677790315
Mississippi,895,4743,0,0.3821882454125327
Mississippi,895,5221,0,0.1237790516158035
Mississippi,895,5544,273,0.7242261438603461
Mississippi,895,5663,0,0.1518606092855451
Mississippi,895,6068,64,0.5085243566323283
Mississippi,895,6644,35,0.8315766032356671
Mississippi,895,7075,0,0.2422259962246624
Mississippi,896,2619,0,0.10617082935292868
Mississippi,896,4543,0,0.16992065885998536
Mississippi,896,4643,0,0.03086942933176904
Mississippi,896,5344,367,0.7479731026266819
Mississippi,896,5444,0,0.044165080747258924
Mississippi,896,5463,0,0.16329180538329044
Mississippi,896,5868,50,0.18956379168568785
Mississippi,896,6444,79,0.9509314181822427
Mississippi,897,4343,0,0.11605385026604456
Mississippi,897,4443,0,0.05735042125463825
Mississippi,897,5363,0,0.1812264727438633
Mississippi,897,5668,0,0.19316725095335788
Mississippi,897,5768,0,0.1253716769969927
Mississippi,897,6082,0,0.2784909697598919
Mississippi,897,6182,0,0.22161498282442094
Mississippi,897,6244,54,0.9308556249373521
Mississippi,897,6344,68,0.9561169170900141
Mississippi,897,6775,65,0.47110510946398465
Mississippi,898,2043,0,0.10346820708986212
Mississippi,898,4143,0,0.06134505454810639
Mississippi,898,4243,0,0.1938757328281577
Mississippi,898,5163,0,0.15693550181556284
Mississippi,898,6044,0,0.19309861029158448
Mississippi,898,6144,97,0.9609752722057284
Mississippi,898,6968,0,0.532936576052013
Mississippi,899,1920,0,0.02632130992934172
Mississippi,899,2020,0,0.21533968497902112
Mississippi,899,4043,0,0.18754809150112234
Mississippi,899,5944,156,0.9373396510431851
Mississippi,899,6475,0,0.18564243103074465
Mississippi,899,7020,17,0.23176441550539478
Mississippi,89,3148,0,0.16251089348354594
Mississippi,89,5229,0,0.43298392292381604
Mississippi,89,5484,0,0.24659284748755037
Mississippi,89,6065,43,0.6876922708575844
Mississippi,89,6066,63,0.7539376122044207
Mississippi,89,6342,0,0.12271186281048763
Mississippi,89,7936,16,0.4211558624564298
Mississippi,8,3746,18,0.38761464773988646
Mississippi,8,3846,162,0.9699315560896904
Mississippi,8,5789,0,0.06028162319298104
Mississippi,8,5889,0,0.05670746577414833
Mississippi,8,6587,0,0.2470132991862702
Mississippi,8,7873,0,0.17434960568069818
Mississippi,8,8736,0,0.046864601214249145
Mississippi,8,8737,0,0.0498947685052702
Mississippi,900,1820,0,0.02994914911883473
Mississippi,900,3123,0,0.18307643753606684
Mississippi,900,3843,0,0.19987052516497497
Mississippi,900,5682,0,0.6426555257657576
Mississippi,900,5744,0,0.9236040289320516
Mississippi,900,7372,29,0.36675515507052575
Mississippi,901,3643,0,0.28021143663494796
Mississippi,901,4662,0,0.11158793958260886
Mississippi,901,4663,0,0.14174473691585315
Mississippi,901,5482,0,0.7209162458812354
Mississippi,901,5544,155,0.9111003351289242
Mississippi,901,8230,0,0.08573665471594348
Mississippi,902,1344,0,0.21568364195508044
Mississippi,902,3443,0,0.20945332199498715
Mississippi,902,4144,0,0.04459404556067658
Mississippi,902,4244,0,0.20574047930765632
Mississippi,902,4462,0,0.10136785297969339
Mississippi,902,4463,0,0.12577568872391617
Mississippi,902,5282,0,0.26864357806069883
Mississippi,902,5344,257,0.9380311209649242
Mississippi,902,5382,0,0.47918532628037336
Mississippi,903,3243,0,0.4349327577710743
Mississippi,903,3343,0,0.16730877525187168
Mississippi,903,4044,0,0.2731342972844644
Mississippi,903,5144,300,0.9577693185096725
Mississippi,903,5182,15,0.6120298964196199
Mississippi,903,5244,0,0.10002534074180638
Mississippi,904,3043,0,0.21010433502447312
Mississippi,904,3143,0,0.41115528067931245
Mississippi,904,3844,0,0.2871612561431282
Mississippi,904,4568,0,0.26131363728972984
Mississippi,904,4944,102,0.7620935741748547
Mississippi,904,5044,110,0.7620935741748547
Mississippi,904,5967,0,0.2679969766273098
Mississippi,904,5968,0,0.32627485736163464
Mississippi,905,2943,31,0.7145083234951594
Mississippi,905,2944,0,0.10762991336760915
Mississippi,905,3644,0,0.22140844642018698
Mississippi,905,4744,65,0.7590013661301301
Mississippi,905,4844,249,0.96567038653431
Mississippi,905,5475,0,0.2777599469332724
Mississippi,906,1923,0,0.03702739824874445
Mississippi,906,2743,15,0.4477098776006468
Mississippi,906,2744,14,0.3100603699279951
Mississippi,906,3444,0,0.3086624231878736
Mississippi,906,3544,0,0.07491203149773636
Mississippi,906,4168,0,0.16529538488142437
Mississippi,906,4268,0,0.18980484663502342
Mississippi,906,4644,273,0.9668577074530958
Mississippi,906,5567,0,0.3718115845925628
Mississippi,906,5568,0,0.16852727399007122
Mississippi,907,1428,0,0.01793705256879246
Mississippi,907,2543,0,0.2818007123994118
Mississippi,907,2544,0,0.24578153553355178
Mississippi,907,3244,0,0.2684243940069413
Mississippi,907,3344,0,0.13805690402492513
Mississippi,907,4068,0,0.2332552699762538
Mississippi,907,4444,261,0.9751212705451852
Mississippi,907,5367,0,0.285430099141108
Mississippi,907,5368,0,0.0779863034051354
Mississippi,907,5378,0,0.08170187944882563
Mississippi,907,5467,0,0.3229236313035158
Mississippi,907,5468,0,0.09668960254093636
Mississippi,907,6528,17,0.25903826252107165
Mississippi,908,2343,0,0.15615218171834758
Mississippi,908,2344,0,0.1312690969924346
Mississippi,908,3868,0,0.2980654414244122
Mississippi,908,4244,213,0.9709202374326175
Mississippi,908,5168,0,0.110600970752589
Mississippi,908,5219,0,0.08573069103008131
Mississippi,908,5267,0,0.21348843358934855
Mississippi,908,5268,0,0.3581572859796304
Mississippi,908,5319,0,0.07103164340811023
Mississippi,908,6328,0,0.26657221266340964
Mississippi,908,6428,0,0.2546598865805076
Mississippi,908,6829,0,0.2160453542011875
Mississippi,908,6930,0,0.1773584557504293
Mississippi,909,2143,0,0.2006453770871365
Mississippi,909,3668,0,0.20246145045260538
Mississippi,909,4044,192,0.9565867727523101
Mississippi,909,5067,0,0.17726399877958327
Mississippi,909,5068,0,0.2732806959758608
Mississippi,909,5119,0,0.2856468370493372
Mississippi,909,6228,34,0.3720982282015858
Mississippi,909,6629,0,0.13120920500445457
Mississippi,909,6729,0,0.21806385955305738
Mississippi,909,6730,0,0.20647391383250244
Mississippi,90,3048,18,0.24122023785769184
Mississippi,90,5029,0,0.3791089113524523
Mississippi,90,5129,0,0.35522788540783606
Mississippi,90,5483,45,0.4736329993332881
Mississippi,90,5484,0,0.17598229503607205
Mississippi,90,5965,0,0.5621110501804419
Mississippi,90,6065,0,0.12273981173438174
Mississippi,90,6141,0,0.05832793657508786
Mississippi,90,6241,0,0.06189542485325705
Mississippi,90,6242,0,0.058351835233374075
Mississippi,90,7835,43,0.38307485692295734
Mississippi,910,2043,0,0.13550397178728643
Mississippi,910,2744,0,0.4427177544568893
Mississippi,910,3844,120,0.9702481178618894
Mississippi,910,3944,0,0.3232533963098205
Mississippi,910,3982,16,0.444429495201451
Mississippi,910,4919,33,0.7242422844523755
Mississippi,910,6028,31,0.42401478798578546
Mississippi,911,2544,0,0.2381128396094133
Mississippi,911,3644,63,0.9689347400308869
Mississippi,911,3744,41,0.9634681933577274
Mississippi,911,3782,0,0.47124392348337013
Mississippi,911,4719,40,0.3988800932896979
Mississippi,911,5828,53,0.5798641687561013
Mississippi,912,1643,0,0.2800431012830053
Mississippi,912,2344,22,0.18687152805883872
Mississippi,912,3544,89,0.9547990847174834
Mississippi,912,4519,0,0.4069213738336759
Mississippi,912,5628,49,0.4728840963164764
Mississippi,912,923,0,0.06469129055941886
Mississippi,913,3344,70,0.9056800177449236
Mississippi,913,3382,19,0.10943357802083456
Mississippi,913,3482,25,0.1849062771892098
Mississippi,913,5072,0,0.3113675365068563
Mississippi,913,5428,43,0.3419751279431216
Mississippi,913,5528,12,0.08153961477894846
Mississippi,913,6181,0,0.2359684719092667
Mississippi,914,2044,0,0.21558505298582126
Mississippi,914,3144,39,0.9660677024181115
Mississippi,914,3282,18,0.268147011834637
Mississippi,914,4972,0,0.21426635567754998
Mississippi,914,5228,0,0.2713211642743955
Mississippi,914,5328,0,0.26078906736632207
Mississippi,914,5981,0,0.31430900210374785
Mississippi,914,6081,0,0.11654336305182009
Mississippi,915,1844,0,0.17071662741789212
Mississippi,915,2944,41,0.9646719343532508
Mississippi,915,3082,16,0.2658415690514357
Mississippi,915,3675,0,0.4209102443293465
Mississippi,915,4019,28,0.4344606307902688
Mississippi,915,4772,31,0.2198318410651165
Mississippi,915,5028,0,0.08862853465125096
Mississippi,915,5128,0,0.2541996938149559
Mississippi,915,5781,0,0.16589250869861774
Mississippi,915,5881,0,0.2914940564457419
Mississippi,916,2744,39,0.8457636443001706
Mississippi,916,3819,26,0.6503401578585151
Mississippi,916,4572,0,0.2343643431580328
Mississippi,916,4928,0,0.2567140767697968
Mississippi,916,5429,0,0.23272640535344813
Mississippi,916,5430,0,0.2323930974916114
Mississippi,917,2544,29,0.913985523861137
Mississippi,917,2644,0,0.2657296793078098
Mississippi,917,2682,0,0.49578868791505193
Mississippi,917,3619,0,0.413537610581816
Mississippi,917,8335,0,0.11990881717589699
Mississippi,918,2344,15,0.4085256485667178
Mississippi,918,2444,20,0.7430630359815353
Mississippi,918,2482,11,0.25015203239808775
Mississippi,918,3419,41,0.6621697709105402
Mississippi,918,4528,0,0.1760956863593221
Mississippi,919,2244,20,0.8327501671523876
Mississippi,919,3219,0,0.2832447171281059
Mississippi,91,4122,9,0.38857864138491355
Mississippi,91,4929,0,0.35020510271587285
Mississippi,91,4988,0,0.02892450669281573
Mississippi,91,4989,0,0.1335089521825467
Mississippi,91,5483,0,0.31133352685711657
Mississippi,91,5965,91,0.5618633218929661
Mississippi,91,6041,0,0.09295957123806946
Mississippi,91,6141,0,0.07445197918441004
Mississippi,91,7734,0,0.3728408980566661
Mississippi,920,1668,0,0.22870416818894784
Mississippi,920,2044,21,0.927801524715482
Mississippi,920,3019,20,0.27476421449964317
Mississippi,920,3872,0,0.45053451579356835
Mississippi,921,1468,0,0.13207657523303495
Mississippi,921,1844,0,0.6545189161409705
Mississippi,921,1982,0,0.1300326623294328
Mississippi,921,3928,47,0.6134379904250864
Mississippi,921,7535,0,0.12066476002708164
Mississippi,921,7635,0,0.04715823448885482
Mississippi,921,8045,21,0.6883055819311918
Mississippi,922,1268,0,0.13624058375993595
Mississippi,922,1644,0,0.14438017504995315
Mississippi,922,2375,0,0.1348054913451534
Mississippi,922,6728,0,0.1597343845321019
Mississippi,922,7845,17,0.4440532550468167
Mississippi,923,3528,28,0.19869028905918568
Mississippi,923,3628,30,0.11133467739531634
Mississippi,923,7135,0,0.06750306570800471
Mississippi,923,7645,0,0.46875043713794623
Mississippi,923,7745,16,0.5498250206453618
Mississippi,924,2368,0,0.15527356590472055
Mississippi,924,3328,15,0.21754178744917238
Mississippi,924,3428,36,0.5185873221703391
Mississippi,924,3829,0,0.06340470086819791
Mississippi,924,3929,0,0.0949182431866237
Mississippi,924,3930,0,0.07089423558413846
Mississippi,924,7545,41,0.9408985204101826
Mississippi,925,2167,0,0.4393841935817703
Mississippi,925,2168,0,0.23745774821050672
Mississippi,925,7345,44,0.9598421787144641
Mississippi,926,3028,48,0.7260976404631425
Mississippi,926,6635,0,0.12794169890799473
Mississippi,926,7145,44,0.958755448750532
Mississippi,927,2828,40,0.47358651538120716
Mississippi,927,6435,0,0.14498486598672525
Mississippi,927,6945,78,0.9586830757053999
Mississippi,928,1667,0,0.14767096589667925
Mississippi,928,2628,0,0.4495904842710755
Mississippi,928,6235,0,0.20909480210001177
Mississippi,928,6745,77,0.9516077301509054
Mississippi,929,2428,0,0.3152459282956214
Mississippi,929,6545,72,0.9502238592860613
Mississippi,92,2849,0,0.15403889682846472
Mississippi,92,4022,16,0.3957754473031106
Mississippi,92,4729,0,0.47509882493294686
Mississippi,92,4829,0,0.5617528132638281
Mississippi,92,5864,38,0.8532346219361379
Mississippi,92,5865,6,0.48362568257567473
Mississippi,92,5940,0,0.04402981229620138
Mississippi,92,5941,0,0.09653117607320429
Mississippi,92,5964,0,0.6127532072742409
Mississippi,92,5965,0,0.1454556073493588
Mississippi,92,6041,0,0.055729784938113515
Mississippi,92,6228,0,0.3165492096234431
Mississippi,92,7633,0,0.26483565535990317
Mississippi,92,7634,0,0.2934300275092784
Mississippi,930,1267,23,0.2063876599389588
Mississippi,930,2228,0,0.41375085472892636
Mississippi,930,2730,0,0.16684112859460729
Mississippi,930,6345,102,0.9406887431743551
Mississippi,930,7027,0,0.1820499754388144
Mississippi,930,8233,0,0.08571297978407694
Mississippi,930,8433,10,0.09491584236628511
Mississippi,931,1067,22,0.1521950321180201
Mississippi,931,1068,21,0.2652782120386763
Mississippi,931,2529,0,0.09225249424949829
Mississippi,931,2530,0,0.08678306123901221
Mississippi,931,6145,101,0.9288238852222691
Mississippi,931,6245,22,0.623585688107671
Mississippi,931,8033,14,0.35003805848156966
Mississippi,931,8233,0,0.14489238938648955
Mississippi,932,4870,0,0.13256188969148902
Mississippi,932,5945,119,0.7836208417947238
Mississippi,932,6045,53,0.8052109490013117
Mississippi,932,7833,20,0.2558225020781199
Mississippi,932,8033,0,0.26223048280650857
Mississippi,933,1628,10,0.054447813894598344
Mississippi,933,4670,0,0.48152286382156534
Mississippi,933,5745,0,0.7744839242307524
Mississippi,933,5845,0,0.8415523732861259
Mississippi,933,7833,0,0.3119630656467337
Mississippi,934,5035,0,0.13442060003583312
Mississippi,934,5545,122,0.744175457197645
Mississippi,934,5645,141,0.7661989163607724
Mississippi,934,7433,20,0.4236281518787417
Mississippi,935,1228,0,0.1145122896538572
Mississippi,935,5345,0,0.846735186982873
Mississippi,935,5445,0,0.8938138212162164
Mississippi,935,7233,0,0.25408757575334034
Mississippi,936,5145,129,0.842425869138385
Mississippi,936,5245,266,0.8622153143962491
Mississippi,936,6031,0,0.6061341060786479
Mississippi,936,7033,0,0.42052755877690573
Mississippi,936,7233,23,0.18184517304510953
Mississippi,937,4945,0,0.3751569640605634
Mississippi,937,5045,0,0.7146239352399667
Mississippi,937,5627,0,0.1717647423343372
Mississippi,937,6833,0,0.5534764367000063
Mississippi,937,7033,0,0.17379865301457678
Mississippi,937,7531,0,0.05105697552956046
Mississippi,938,3773,0,0.14114775151698014
Mississippi,938,4745,182,0.8605765560718992
Mississippi,938,4845,202,0.8605765560718992
Mississippi,938,6633,0,0.41037697948932933
Mississippi,938,7331,15,0.09561016756366567
Mississippi,939,3573,0,0.1505500048772793
Mississippi,939,4545,173,0.9256636281167756
Mississippi,939,4645,141,0.9256636281167756
Mississippi,939,5227,0,0.15889896483199534
Mississippi,939,5629,0,0.162353657121881
Mississippi,939,6433,0,0.4353250767930594
Mississippi,93,3822,0,0.6789570194381952
Mississippi,93,4629,0,0.5459312079959469
Mississippi,93,4988,0,0.27898585139678683
Mississippi,93,4989,20,0.5290337974969678
Mississippi,93,5483,0,0.06003518114001132
Mississippi,93,5583,0,0.1155976196091625
Mississippi,93,5840,0,0.15370393981171274
Mississippi,93,5864,0,0.5238195443813829
Mississippi,93,5940,0,0.030326214631787037
Mississippi,93,7433,27,0.5142416821696145
Mississippi,940,3935,0,0.12251574167363173
Mississippi,940,4345,120,0.9406764805138385
Mississippi,940,4445,0,0.9406764805138385
Mississippi,940,5027,0,0.3298496732548072
Mississippi,940,5668,0,0.11862137621852066
Mississippi,940,6233,0,0.4499349761702737
Mississippi,940,6931,0,0.21590594799895438
Mississippi,941,3735,0,0.1558300187350156
Mississippi,941,4145,87,0.9589285242737877
Mississippi,941,4245,0,0.9455050774077888
Mississippi,941,6015,0,0.0649421682590216
Mississippi,941,6033,0,0.3477628419199566
Mississippi,941,6731,19,0.19449812748222522
Mississippi,941,6831,14,0.2123174006407202
Mississippi,942,3535,0,0.08556927067245414
Mississippi,942,3945,37,0.9158838952719796
Mississippi,942,4045,82,0.9517892521665139
Mississippi,942,5128,0,0.10940616346433686
Mississippi,942,5833,65,0.4918754301905212
Mississippi,942,6531,0,0.15472935900671012
Mississippi,942,6631,0,0.11227027760969581
Mississippi,943,3745,0,0.8068452672747799
Mississippi,943,3845,109,0.9472580376862838
Mississippi,943,5633,0,0.48803684394571323
Mississippi,943,6431,0,0.1350589313613034
Mississippi,944,3235,0,0.07232925408006342
Mississippi,944,3545,0,0.1683096048291264
Mississippi,944,3645,102,0.9498997054094117
Mississippi,944,5433,76,0.5197158323013409
Mississippi,944,5434,7,0.1335684145870371
Mississippi,944,6131,0,0.267749208090778
Mississippi,944,6231,0,0.3505174098546636
Mississippi,945,3445,78,0.9289540527115514
Mississippi,945,5233,0,0.33880576778432187
Mississippi,945,5931,0,0.10999411749911606
Mississippi,945,6031,0,0.21009936406675983
Mississippi,946,3145,0,0.10136773841062659
Mississippi,946,3245,61,0.9597617208864072
Mississippi,946,3827,0,0.1774558983050238
Mississippi,946,5033,0,0.3294462635451888
Mississippi,946,5720,0,0.19173153276586402
Mississippi,946,5731,0,0.0939748937358934
Mississippi,946,5831,0,0.18019251912205958
Mississippi,947,3045,56,0.9396673110086796
Mississippi,947,4022,0,0.13165441093809724
Mississippi,947,4128,0,0.10941076286432558
Mississippi,947,4833,0,0.6008140311288441
Mississippi,948,2845,63,0.9615243174098175
Mississippi,948,5431,0,0.13678992014681807
Mississippi,949,2645,51,0.922328257021241
Mississippi,949,4433,0,0.11215511459608983
Mississippi,949,5231,0,0.14541962065912428
Mississippi,94,3622,16,0.3963679275824896
Mississippi,94,4429,62,0.5161715356920127
Mississippi,94,4529,70,0.6006007056803111
Mississippi,94,5582,10,0.27892368385215877
Mississippi,94,5583,23,0.2536965631629676
Mississippi,94,5740,0,0.0968148505218695
Mississippi,94,5764,29,0.42916177509162795
Mississippi,94,5864,126,0.85302608289915
Mississippi,94,5927,0,0.5450123968448214
Mississippi,950,2445,27,0.9638684118840736
Mississippi,950,3027,0,0.16231261193347848
Mississippi,950,4233,0,0.5787446374897544
Mississippi,950,4234,0,0.22757539018499723
Mississippi,950,5031,0,0.1327310849486732
Mississippi,951,2245,28,0.8502295254919727
Mississippi,951,2827,19,0.21037187797843174
Mississippi,951,2927,17,0.11115212808895394
Mississippi,951,4033,0,0.6635374145926548
Mississippi,952,2045,18,0.5216472802969875
Mississippi,952,2627,0,0.07689252496460619
Mississippi,952,2727,0,0.10764273570184707
Mississippi,952,3833,0,0.6273312189452327
Mississippi,952,4531,0,0.10939194082408354
Mississippi,952,4631,0,0.2007978217650348
Mississippi,952,8433,0,0.05111904081608428
Mississippi,953,1845,0,0.8032532394565319
Mississippi,953,3633,0,0.4092785244411974
Mississippi,953,4331,0,0.20860031558240866
Mississippi,953,4431,0,0.358473435054311
Mississippi,953,5967,0,0.17530480087332573
Mississippi,953,8233,0,0.3314024502712724
Mississippi,954,4131,0,0.26356387605661935
Mississippi,954,4231,0,0.3387845542160115
Mississippi,954,670,0,0.04517063697197309
Mississippi,954,7833,0,0.12728947276285466
Mississippi,954,8033,0,0.1640568213792213
Mississippi,955,2027,10,0.061068094087804926
Mississippi,955,3233,0,0.18053716600554973
Mississippi,955,4031,0,0.25271334295782727
Mississippi,955,7633,16,0.11276962958897925
Mississippi,955,7832,0,0.24560857936525776
Mississippi,955,7833,23,0.4132391131224329
Mississippi,956,3033,0,0.5425742037255334
Mississippi,956,3731,0,0.11246997453175614
Mississippi,956,3831,0,0.14709800115574845
Mississippi,956,7632,0,0.05743531819380774
Mississippi,956,7633,0,0.2986647013855877
Mississippi,957,2833,22,0.5084515659712613
Mississippi,957,3530,0,0.0919737526938405
Mississippi,957,3531,0,0.12335070012413366
Mississippi,957,3631,0,0.10161655691669766
Mississippi,957,7233,0,0.0588680133100291
Mississippi,957,7432,0,0.20126985939104164
Mississippi,957,7433,0,0.324091040917751
Mississippi,958,2633,0,0.38703206783366995
Mississippi,958,3331,0,0.174065431994145
Mississippi,958,7232,0,0.2171352843255027
Mississippi,958,7233,0,0.13470642506498348
Mississippi,959,2433,0,0.3380186807527544
Mississippi,959,3131,0,0.03242849918826811
Mississippi,959,7032,0,0.09214746828397224
Mississippi,959,7033,0,0.11366287452980399
Mississippi,95,3423,9,0.3523137005949269
Mississippi,95,4329,0,0.45799012956689744
Mississippi,95,5088,0,0.05905555882245644
Mississippi,95,5089,0,0.09242968401300419
Mississippi,95,5582,0,0.15067007647070743
Mississippi,95,5583,0,0.05554731706166352
Mississippi,95,5639,0,0.027842264324706226
Mississippi,95,5640,0,0.12629997955977712
Mississippi,95,5763,130,0.5843016880488657
Mississippi,95,5764,70,0.5780322452976813
Mississippi,95,5827,0,0.4464919370212928
Mississippi,95,6837,0,0.18803813633736008
Mississippi,95,7131,35,0.5834945042527643
Mississippi,960,2233,0,0.15891319980236984
Mississippi,960,2433,0,0.14494932165900246
Mississippi,960,2931,0,0.27542218808557806
Mississippi,960,6832,0,0.16742349453144142
Mississippi,960,6833,0,0.10071135965764345
Mississippi,960,7219,0,0.09715143952434876
Mississippi,961,6632,0,0.2706472707311075
Mississippi,962,2531,0,0.11597423791562148
Mississippi,962,6432,0,0.2694626173303682
Mississippi,962,6433,0,0.27319890908045374
Mississippi,962,6819,0,0.08447547323419584
Mississippi,963,6232,0,0.17742942357084912
Mississippi,963,6233,0,0.13665124166119272
Mississippi,964,5344,97,0.8183777434313825
Mississippi,964,5733,0,0.15148857507223082
Mississippi,964,5833,0,0.2807694530488836
Mississippi,964,6032,0,0.27908916986494403
Mississippi,964,6033,0,0.13134673608308328
Mississippi,964,6617,0,0.14774005096789114
Mississippi,965,3814,0,0.08865452516139466
Mississippi,965,5144,387,0.9030455718272242
Mississippi,965,5533,0,0.5139172756659787
Mississippi,965,5633,0,0.4231164210640055
Mississippi,965,5832,0,0.2513243245876011
Mississippi,965,5833,0,0.22621254521084505
Mississippi,965,6219,0,0.27461326444913564
Mississippi,966,4944,224,0.9048904439034242
Mississippi,966,5333,0,0.23365193356121372
Mississippi,966,5433,0,0.4090138217950035
Mississippi,966,5632,0,0.3535307187023932
Mississippi,966,5633,0,0.4300665535843004
Mississippi,966,6012,0,0.06377197307414434
Mississippi,966,6019,0,0.1998701271918802
Mississippi,967,4030,0,0.09614398241916532
Mississippi,967,4744,367,0.9627719943397093
Mississippi,967,5067,0,0.16040328457582742
Mississippi,967,5133,0,0.4576727867543255
Mississippi,967,5167,0,0.14570193059683073
Mississippi,967,5233,0,0.4031323920463176
Mississippi,967,5432,56,0.5641614093347395
Mississippi,967,5433,61,0.34331287902342145
Mississippi,967,5812,0,0.1416646905912457
Mississippi,967,5819,0,0.258545135086099
Mississippi,968,4223,0,0.05887675940758488
Mississippi,968,4544,342,0.966749484270201
Mississippi,968,4933,0,0.47275876785350784
Mississippi,968,5033,0,0.13783724019244337
Mississippi,968,5232,27,0.11232889589751961
Mississippi,968,5233,73,0.36659877556310766
Mississippi,968,5612,0,0.1849529566760333
Mississippi,968,7021,7,0.2604389513843553
Mississippi,968,7022,16,0.4323553572994528
Mississippi,969,4344,220,0.9662066939356919
Mississippi,969,4733,0,0.5099207670558144
Mississippi,969,6822,0,0.23961172617059467
Mississippi,969,7744,10,0.6003332528039217
Mississippi,96,3323,20,0.8475262109514499
Mississippi,96,4129,45,0.5821176824544433
Mississippi,96,4229,10,0.5809358159750176
Mississippi,96,5088,0,0.08202350044417715
Mississippi,96,5089,0,0.06870749547331319
Mississippi,96,5439,0,0.03954407065400051
Mississippi,96,5539,0,0.2493453525314992
Mississippi,96,5540,0,0.03696144250320122
Mississippi,96,5626,0,0.10827156460789918
Mississippi,96,5627,0,0.491648100996905
Mississippi,96,5663,0,0.28455965592694926
Mississippi,96,5763,0,0.7761476007502655
Mississippi,96,6636,0,0.19155796939629458
Mississippi,96,6736,0,0.11657240957629356
Mississippi,970,4144,209,0.9573175421081744
Mississippi,970,4533,0,0.2700027122856957
Mississippi,970,4832,0,0.18904977152015887
Mississippi,970,4833,0,0.17174394276494656
Mississippi,970,6621,17,0.5578439160521527
Mississippi,970,7544,17,0.9040451163733602
Mississippi,971,3944,175,0.9330463367696957
Mississippi,971,4333,0,0.47549362860878797
Mississippi,971,4532,0,0.024563647711876777
Mississippi,971,4632,0,0.1596288735583974
Mississippi,971,4633,0,0.05364498066320736
Mississippi,971,4764,0,0.5250781920574805
Mississippi,971,5317,0,0.23096601010379653
Mississippi,971,6421,26,0.6615691004760605
Mississippi,971,6422,19,0.523603955448198
Mississippi,971,7344,41,0.956874130676947
Mississippi,972,3423,0,0.09728762874091684
Mississippi,972,3424,0,0.041489542485675754
Mississippi,972,3744,134,0.9577766323099133
Mississippi,972,4132,0,0.0713664228907155
Mississippi,972,4133,76,0.2956195251102822
Mississippi,972,4332,0,0.06621984733455942
Mississippi,972,4432,0,0.3584973085677747
Mississippi,972,4433,0,0.11632549000678648
Mississippi,972,5117,0,0.19218256637308379
Mississippi,972,6221,23,0.7568213482777294
Mississippi,972,7144,31,0.9578387498968364
Mississippi,973,3544,126,0.9369058525391815
Mississippi,973,4132,0,0.07654442596302473
Mississippi,973,4232,34,0.3606919560165333
Mississippi,973,4233,23,0.10230153665909165
Mississippi,973,6944,33,0.958208127963869
Mississippi,974,3344,105,0.9262307919918971
Mississippi,974,3733,0,0.2532329954879034
Mississippi,974,3932,0,0.0609451554941124
Mississippi,974,4032,0,0.3154921266243903
Mississippi,974,6744,74,0.9612563975056045
Mississippi,975,3144,53,0.9597562364946112
Mississippi,975,3533,40,0.3213823962866868
Mississippi,975,3732,0,0.051815347749086124
Mississippi,975,3832,0,0.16136823866662328
Mississippi,975,4517,0,0.12987939398646128
Mississippi,975,6544,64,0.9576479851865359
Mississippi,975,8543,0,0.08862156574435576
Mississippi,975,9143,0,0.0532483040333557
Mississippi,976,2944,30,0.9438101162254477
Mississippi,976,3333,50,0.2317201601635802
Mississippi,976,6344,106,0.9627307560059926
Mississippi,976,8343,0,0.17746155115994336
Mississippi,976,8943,0,0.11346883156062286
Mississippi,977,2744,60,0.9453758113824196
Mississippi,977,4117,0,0.3377952913700158
Mississippi,977,6144,93,0.9635666247658606
Mississippi,977,8143,0,0.12405679910154063
Mississippi,977,8743,0,0.3328484505031226
Mississippi,978,2544,53,0.8270303421271004
Mississippi,978,2933,25,0.1846777291802569
Mississippi,978,3232,0,0.17026584702912195
Mississippi,978,3817,0,0.35454567613723864
Mississippi,978,3917,0,0.3764174807489279
Mississippi,978,5944,142,0.9679358559973773
Mississippi,978,7943,0,0.277728546197967
Mississippi,978,8543,0,0.17072166675203373
Mississippi,979,2344,14,0.5925698342579425
Mississippi,979,3032,0,0.03770597513964824
Mississippi,979,3419,0,0.1327822235394414
Mississippi,979,3617,0,0.3069219416364225
Mississippi,979,5744,193,0.9482846016771598
Mississippi,979,7743,0,0.18882632564889665
Mississippi,979,8343,0,0.2273660842098131
Mississippi,97,3124,0,0.254125831936998
Mississippi,97,4029,0,0.3745196869545568
Mississippi,97,5088,0,0.10089598004553016
Mississippi,97,5339,0,0.11958795603483412
Mississippi,97,5426,24,0.6627134977899926
Mississippi,97,5439,0,0.05105863938307946
Mississippi,97,5526,0,0.06325421256524283
Mississippi,97,5663,217,0.8119758771958909
Mississippi,97,6536,0,0.4888930568132753
Mississippi,980,2144,19,0.11524227824928734
Mississippi,980,4621,39,0.6763989864877925
Mississippi,980,5544,230,0.9627574767687982
Mississippi,980,7543,0,0.14166615714623007
Mississippi,980,8143,0,0.7409381564453438
Mississippi,981,1944,0,0.37962142724098086
Mississippi,981,3019,0,0.09780524753779496
Mississippi,981,4421,32,0.6525738341727069
Mississippi,981,5344,296,0.9606102621824213
Mississippi,981,7243,0,0.11664806515427006
Mississippi,981,7343,0,0.17064955574844481
Mississippi,981,7843,10,0.23003864570511642
Mississippi,981,7943,16,0.2842098882870335
Mississippi,982,1744,0,0.24226816503815563
Mississippi,982,4221,0,0.48121594404136797
Mississippi,982,5144,333,0.9553508873366156
Mississippi,982,7143,0,0.19139332778599918
Mississippi,982,7643,0,0.2587084516919171
Mississippi,982,7743,0,0.46194431567715327
Mississippi,983,1544,0,0.3431037555931447
Mississippi,983,4021,16,0.34024019173576564
Mississippi,983,4944,211,0.9305780500065688
Mississippi,983,6843,0,0.17221408888559406
Mississippi,983,6943,0,0.179671276762755
Mississippi,983,7543,27,0.43673322304442497
Mississippi,984,4744,328,0.9773794594152534
Mississippi,984,6643,0,0.13146791923473167
Mississippi,984,6743,0,0.1274305787686832
Mississippi,984,7243,0,0.39730685620230216
Mississippi,984,7343,0,0.3238344088646488
Mississippi,985,4544,315,0.970607675557706
Mississippi,985,6443,0,0.15109445817009817
Mississippi,985,6543,0,0.13894907305548002
Mississippi,985,7043,0,0.5562195191662824
Mississippi,985,7143,0,0.6252650556113126
Mississippi,986,4344,262,0.9676818316591854
Mississippi,986,6243,0,0.1144621536828142
Mississippi,986,6343,0,0.11076163189126305
Mississippi,986,6843,0,0.5295599713189668
Mississippi,986,6943,0,0.6697946973112907
Mississippi,987,4144,209,0.9711648138693054
Mississippi,987,6043,0,0.056889405819062266
Mississippi,987,6143,0,0.06461222150593426
Mississippi,987,6643,0,0.5836413070709078
Mississippi,987,6743,0,0.6552426131737538
Mississippi,988,3944,169,0.9659665453425994
Mississippi,988,5843,0,0.07992235658291164
Mississippi,988,5943,0,0.050947895254104474
Mississippi,988,6443,23,0.5656789079187263
Mississippi,988,6543,53,0.5100322749859195
Mississippi,989,2523,0,0.01703964096146455
Mississippi,989,3744,121,0.968677295761101
Mississippi,989,5643,0,0.11820937669453613
Mississippi,989,5743,0,0.06561840715206294
Mississippi,989,6243,0,0.8569463159323575
Mississippi,989,6343,0,0.7697430313280105
Mississippi,98,2924,14,0.6782903646071277
Mississippi,98,3829,33,0.5039097811706154
Mississippi,98,3830,49,0.5355276277234553
Mississippi,98,5188,20,0.24033609976772535
Mississippi,98,5226,2,0.16983890083296924
Mississippi,98,5239,0,0.20730214122705104
Mississippi,98,5326,27,0.745605351044289
Mississippi,98,5562,0,0.15175312020726625
Mississippi,98,5563,0,0.15930618670831342
Mississippi,98,5662,46,0.75803434032076
Mississippi,98,5663,128,0.7841385350682857
Mississippi,98,6435,0,0.28269866444858704
Mississippi,98,6729,0,0.5097554054884997
Mississippi,990,3544,107,0.9659665453425994
Mississippi,990,5443,0,0.03903157588604013
Mississippi,990,5543,0,0.012233436030367766
Mississippi,990,6043,0,0.5969151607634982
Mississippi,990,6143,0,0.3530764425945103
Mississippi,991,3344,81,0.9725818957466047
Mississippi,991,5243,0,0.34135863977560066
Mississippi,991,5343,0,0.06403997325897583
Mississippi,991,5843,0,0.7017037421871648
Mississippi,991,5943,0,0.6648547237257427
Mississippi,992,3144,64,0.9462990618433722
Mississippi,992,5643,0,0.8381955915978218
Mississippi,992,5743,0,0.6386718989123409
Mississippi,993,2944,57,0.9711390107853459
Mississippi,993,5443,0,0.7984426817781776
Mississippi,993,5543,0,0.31456916337047897
Mississippi,993,7843,22,0.8210555806529254
Mississippi,994,2744,51,0.9581252138679889
Mississippi,994,4643,0,0.24168864590335937
Mississippi,994,5243,295,0.8632224241693176
Mississippi,994,5343,140,0.33569078354026055
Mississippi,994,7643,29,0.8020864160123198
Mississippi,995,2544,39,0.9447512979696584
Mississippi,995,4443,0,0.19383668930652426
Mississippi,995,5043,426,0.8703261590405311
Mississippi,995,5143,0,0.21990986677883564
Mississippi,995,7443,23,0.9558791655449189
Mississippi,996,2344,30,0.9534367757969295
Mississippi,996,4243,0,0.0675490384660494
Mississippi,996,4843,279,0.6107851238195681
Mississippi,996,4943,0,0.11214491115037374
Mississippi,996,7243,38,0.9508095204763156
Mississippi,997,2144,24,0.8919151484388533
Mississippi,997,4643,0,0.8610860977858653
Mississippi,997,4743,0,0.06385627766379591
Mississippi,997,7043,56,0.9642700595624775
Mississippi,998,4443,0,0.7332687594752308
Mississippi,998,6843,65,0.9630952790432293
Mississippi,999,1744,0,0.21726242851133096
Mississippi,999,3643,0,0.20378485477362246
Mississippi,999,4243,0,0.7489510468106673
Mississippi,999,6643,76,0.967880772888417
Mississippi,99,2725,0,0.1759799744496078
Mississippi,99,3630,27,0.31731237970386533
Mississippi,99,3730,73,0.6122750808437156
Mississippi,99,5126,32,0.7187346030624919
Mississippi,99,5128,33,0.7097314828649317
Mississippi,99,5139,0,0.17131698363075168
Mississippi,99,5188,0,0.17165444242060465
Mississippi,99,5228,0,0.12589659858861316
Mississippi,99,5328,0,0.16573753807726976
Mississippi,99,5562,216,0.85058616173178
Mississippi,99,5563,0,0.14948700681342553
Mississippi,99,5581,0,0.30830519073458623
Mississippi,99,6235,0,0.5422886982484825
Mississippi,99,6528,0,0.4515811655881856
Mississippi,9,3746,19,0.4355995268359801
Mississippi,9,3846,156,0.9723521893202488
Mississippi,9,6587,0,0.1953784516501674
Mississippi,9,8737,0,0.10818819473955352
Mississippi,9,9153,8,0.12539562029052947
