frame,accepted,directional,reason,errorM,yawErrorDeg,x,y,psi,matchingMs,rank
1,0,0,insufficientComponents,0.640312423976002,2,484201.572914107,4977500.52147539,-2.10588080737395,12.688,0
2,1,0,accepted,0.0434494474940557,0.0369388797646576,484201.049482543,4977500.88506423,-2.14014508105942,65.282,3
3,1,0,accepted,0.0466019550070782,0.0793099640165168,484201.047871406,4977500.88251969,-2.13938592957041,14.714,3
4,1,0,accepted,0.047848465265989,0.0821181815273071,484201.047372352,4977500.88156708,-2.13934150371648,8.275,3
5,1,0,accepted,0.0521172013269313,0.0859724602554176,484201.04462364,4977500.87852374,-2.13927764816677,8.779,3
6,1,0,accepted,0.0469824694852393,0.0537933235417545,484201.04529437,4977500.88462125,-2.13982408825025,8.61,3
7,1,0,accepted,0.0457484634005275,-0.0139657284123157,484201.043540096,4977500.88758518,-2.14100018718083,7.366,3
8,1,0,accepted,0.0442960191196781,-0.0308359747334151,484201.044594637,4977500.88675559,-2.14129845562261,7.785,3
9,1,0,accepted,0.0474654598997037,-0.00218821076642799,484201.040260177,4977500.88170118,-2.14078050526929,12.359,3
10,1,0,accepted,0.0443013425594763,0.0291096071966274,484201.040034055,4977500.87739641,-2.14024414110716,8.187,3
11,1,0,accepted,0.0370419341353863,0.041959708968903,484201.038252244,4977500.87357121,-2.14002979488982,7.43,3
12,1,0,accepted,0.0247179455468064,0.0613045440762049,484201.036457004,4977500.87164877,-2.13965948286245,7.533,3
13,1,0,accepted,0.00899173460703174,0.0300316341887043,484201.035777383,4977500.86692235,-2.14024729188264,7.026,3
14,1,0,accepted,0.00953075735686905,-0.026055603983667,484201.026061304,4977500.86030099,-2.14115477474471,7.984,3
15,1,0,accepted,0.00983272114238311,-0.02644128749868,484201.012133421,4977500.83550221,-2.14110150399407,8.185,3
16,1,0,accepted,0.0104794483815882,-0.0540495243084365,484200.990803224,4977500.80530973,-2.14147060874989,8.892,3
17,1,0,accepted,0.00774097082701591,-0.0438301376858833,484200.969782106,4977500.76819997,-2.14111987743384,8.168,3
18,1,0,accepted,0.00919706209719671,-0.0559012267021741,484200.943427325,4977500.72972921,-2.14115283360625,8.242,3
19,1,0,accepted,0.0113846030806378,-0.0828337609392612,484200.917098191,4977500.68734491,-2.14134450279221,7.558,3
20,1,0,accepted,0.0136768362944049,-0.107855073037072,484200.885726227,4977500.63957223,-2.14132277711118,7.451,3
21,1,0,accepted,0.0193144720295578,-0.144634703438591,484200.851861198,4977500.58981463,-2.14132668271426,8.183,3
22,1,0,accepted,0.0200314401606148,-0.157347932019931,484200.814397479,4977500.52910075,-2.14084521255236,8.359,3
23,1,0,accepted,0.0176587137059939,-0.170447388891765,484200.766612088,4977500.45860494,-2.14016663535587,7.55,3
24,1,0,accepted,0.0125670868390708,-0.123707835048392,484200.719268281,4977500.37856797,-2.13807565543814,7.441,3
25,1,0,accepted,0.0136064352537747,-0.0931478723059704,484200.671161662,4977500.29572072,-2.13615290367343,7.215,3
26,1,0,accepted,0.0183092843084175,-0.128643772918242,484200.615523487,4977500.206174,-2.13464835697007,7.903,3
27,1,0,accepted,0.0204652122262922,-0.0926960534509957,484200.550508787,4977500.10667847,-2.13244971483448,6.857,3
28,1,0,accepted,0.0255584592122483,-0.0804707405453612,484200.48427228,4977499.99936496,-2.13192961052742,7.341,3
29,1,0,accepted,0.0351971784620811,-0.116190880133718,484200.417829974,4977499.88933013,-2.13040434668449,7.447,3
30,1,0,accepted,0.0360444246960997,-0.108605008776014,484200.344641685,4977499.76971938,-2.12765399804442,7.299,3
31,1,0,accepted,0.0333273091638332,-0.0323136406364677,484200.270034008,4977499.63990983,-2.12553973028385,7.677,3
32,1,0,accepted,0.0373994582632835,0.0330951937106875,484200.200332401,4977499.50597371,-2.12337667387555,6.81,3
33,1,0,accepted,0.0349103139903054,0.038891148095953,484200.115493703,4977499.36836916,-2.1214865710506,7.191,3
34,1,0,accepted,0.031307736348644,0.0194631437391004,484200.027190643,4977499.22879973,-2.11981635598529,7.309,3
35,1,0,accepted,0.0309429003989701,0.0436709984261945,484199.941069037,4977499.08236028,-2.11753057369005,8.341,3
36,1,0,accepted,0.0356408050966056,0.0426115303239738,484199.855299074,4977498.93550018,-2.11624234132861,7.126,3
37,1,0,accepted,0.0405380395171443,0.0554886777833449,484199.765843032,4977498.78213829,-2.11493307534368,7.229,3
38,1,0,accepted,0.0461586935681186,0.0750021707497352,484199.678030508,4977498.62752515,-2.11314558226839,8.436,3
39,1,0,accepted,0.036134156129579,0.046058054502069,484199.572075147,4977498.46300525,-2.11231332686273,8.033,3
40,1,0,accepted,0.0391001464718357,0.0719090435008912,484199.476770169,4977498.30153467,-2.11101879367692,7.328,3
41,1,0,accepted,0.040914168407368,0.115176215735855,484199.377816563,4977498.13264371,-2.10990746756287,7.39,3
42,1,0,accepted,0.0371548657306787,0.127657724371929,484199.273734203,4977497.96002534,-2.10980813031085,7.603,3
43,1,0,accepted,0.0343921743363729,0.12687253294966,484199.169608271,4977497.78871337,-2.10979406617857,7.465,3
44,1,0,accepted,0.0296873195827059,0.141718198566905,484199.064239347,4977497.61771685,-2.10973581425535,7.439,3
45,1,0,accepted,0.0259268147523589,0.138161810216354,484198.962298011,4977497.44719375,-2.10999313526796,7.469,3
46,1,0,accepted,0.025899656700996,0.125544216777962,484198.862455993,4977497.27585446,-2.11012736661871,7.201,3
47,1,0,accepted,0.0240697140457377,0.137290358637629,484198.761828908,4977497.11193032,-2.1109059901176,8.282,3
48,1,0,accepted,0.019708996702161,0.127874753337539,484198.661308967,4977496.94659723,-2.11194680209483,7.447,3
49,1,0,accepted,0.00956113121866582,0.145588502954191,484198.560752062,4977496.77568788,-2.11239172873441,7.68,3
50,1,0,accepted,0.00225051144320851,0.145527403774713,484198.46525187,4977496.61150968,-2.1130383356828,7.344,3
51,1,0,accepted,0.0115656981509958,0.1806329635284,484198.3725089,4977496.44785778,-2.11308673039437,7.901,3
52,1,0,accepted,0.012359551067449,0.164410262000887,484198.28322446,4977496.29525276,-2.11340454862884,7.865,3
53,1,0,accepted,0.0133811426184278,0.180015228706738,484198.203154824,4977496.14284238,-2.11344720752873,7.373,3
54,1,0,accepted,0.0168774032560292,0.188940339384289,484198.112177581,4977495.98831689,-2.11403811954859,8.096,3
55,1,0,accepted,0.0124898973812461,0.188655231071229,484198.022479225,4977495.83816537,-2.11437194235923,7.279,3
56,1,0,accepted,0.00727689188652965,0.214478624223024,484197.934764532,4977495.68705761,-2.11405569897983,7.629,3
57,1,0,accepted,0.00705966529629849,0.251116128179784,484197.844457356,4977495.52664191,-2.11393434458012,7.256,3
58,1,0,accepted,0.011416648746295,0.273415194444687,484197.759236262,4977495.37323674,-2.11393296128015,7.805,3
59,1,0,accepted,0.0120532190246246,0.251579579370573,484197.660830246,4977495.21094484,-2.11416862922849,7.706,3
60,1,0,accepted,0.0144591018951199,0.24563832109856,484197.564791191,4977495.04254392,-2.11386697695376,7.502,3
61,1,0,accepted,0.0138403575507522,0.198763302777897,484197.457205424,4977494.87390114,-2.11355438749856,14.735,3
62,1,0,accepted,0.0241480513956621,0.16722603078333,484197.360734024,4977494.70920002,-2.11262185859534,7.65,3
63,1,0,accepted,0.0145672638994293,0.199640028719762,484197.259019538,4977494.51856007,-2.10953915427674,7.005,3
64,1,0,accepted,0.00793289300264136,0.211279226385807,484197.148417721,4977494.33883375,-2.10796303471458,7.5,3
65,1,0,accepted,0.00419954221635982,0.219834772043866,484197.037919029,4977494.1581899,-2.10710410187752,7.375,3
66,1,0,accepted,0.0115895250563602,0.217877172518134,484196.924491768,4977493.97221951,-2.10526082537439,7.342,3
67,1,0,accepted,0.0194664043763278,0.185515909499931,484196.81057851,4977493.78379566,-2.10253566083824,6.459,3
68,1,0,accepted,0.0276601727684881,0.164647413038529,484196.693020521,4977493.59343566,-2.09857055527566,6.933,3
69,1,0,accepted,0.0294398582820884,0.125006259791386,484196.579866161,4977493.40136688,-2.09363213502214,7.799,3
70,1,0,accepted,0.0318843073956624,0.063892710328306,484196.461519908,4977493.19831986,-2.08748294165743,6.546,3
71,1,0,accepted,0.0407426257315796,0.0388876864817102,484196.329893943,4977492.98347969,-2.07944757901833,6.835,3
72,1,0,accepted,0.0499802294259051,0.0637149305854667,484196.187053374,4977492.74266585,-2.06913529216398,7.413,3
73,1,0,accepted,0.0435397983345379,0.0495696674562925,484196.060988786,4977492.49967508,-2.05790654466348,8.225,3
74,1,0,accepted,0.048526017800525,0.0623636575860939,484195.914636927,4977492.23634828,-2.04422585422896,7.806,3
75,1,0,accepted,0.0563336576515642,0.0824946312112121,484195.756125868,4977491.94857597,-2.02821946796357,8.648,3
76,1,0,accepted,0.0437462317753629,0.0297526886575262,484195.625673557,4977491.66622586,-2.01254023260481,8.556,3
77,1,0,accepted,0.050023474886997,-0.0250766208943548,484195.476030364,4977491.3650358,-1.99731989665183,8.155,3
78,1,0,accepted,0.0537902297882863,-0.0818579855374081,484195.319630933,4977491.03831188,-1.97884720557556,7.729,3
79,1,0,accepted,0.0380644023209284,-0.107012483057884,484195.186731153,4977490.68485243,-1.95924756863064,8.124,3
80,1,0,accepted,0.0377214115584701,-0.153859873893856,484195.038057017,4977490.32442596,-1.93760204726399,8.043,3
81,1,0,accepted,0.0392593836033551,-0.164497809213921,484194.889814031,4977489.95208254,-1.91336886634359,7.694,3
82,1,0,accepted,0.0528315590970482,-0.109768112829571,484194.742527243,4977489.57707128,-1.88689968069133,8.009,3
83,1,0,accepted,0.0577106122635752,-0.143087510815996,484194.596948446,4977489.17492676,-1.86042449852488,8.401,3
84,1,0,accepted,0.065707065137302,-0.0795732648211364,484194.4630404,4977488.77168879,-1.8326949308131,8.415,3
85,1,0,accepted,0.0698042326509307,-0.0910362232656965,484194.34713354,4977488.34634171,-1.80588263579531,8.184,3
86,1,0,accepted,0.074575836895818,-0.0888603836367151,484194.233446195,4977487.90720222,-1.77991248636692,8.268,3
87,1,0,accepted,0.104651685423704,-0.064901833321877,484194.110434199,4977487.47767746,-1.75205807411777,9.123,3
88,1,0,accepted,0.102778250493299,-0.0522559184834892,484194.034779567,4977487.01839449,-1.72489687220686,10.11,3
89,1,0,accepted,0.101756594905511,-0.0406295269329428,484193.945783935,4977486.5453861,-1.69686216604724,8.662,3
90,1,0,accepted,0.0932737076391146,-0.0392248662842134,484193.886902881,4977486.06154924,-1.66856503134549,8.302,3
91,1,0,accepted,0.0940402695152165,-0.0202583445460929,484193.827290564,4977485.5750454,-1.63836601310661,9.577,3
92,1,0,accepted,0.0533651122447813,-0.0500746840830231,484193.821109388,4977485.03880391,-1.60894926954284,10.529,3
93,1,0,accepted,0.0499790728901128,-0.0791975677393416,484193.793025331,4977484.52630406,-1.57970624676852,9.39,3
94,1,0,accepted,0.0322026911140595,-0.141960849420643,484193.763967799,4977483.99812456,-1.55094694659195,9.312,3
95,1,0,accepted,0.0303293414589817,-0.221233859504104,484193.765012592,4977483.47043691,-1.52170062345196,10.384,3
96,1,0,accepted,0.0448262607733469,-0.322782858891554,484193.785891027,4977482.95029087,-1.49209896042004,8.719,3
97,1,0,accepted,0.0528770392198545,-0.345430374942283,484193.811986642,4977482.42885635,-1.46140481631539,8.24,3
98,1,0,accepted,0.0462966917310111,-0.41140275662257,484193.856252717,4977481.88341265,-1.43104682633613,10.396,3
99,1,0,accepted,0.0253787298685483,-0.354573299024944,484193.932482065,4977481.31525074,-1.39978033405406,8.444,3
100,1,0,accepted,0.0289732420988104,-0.398167505049544,484194.041713389,4977480.75737849,-1.36991948247208,9.053,3
101,1,0,accepted,0.0109805015420698,-0.319913837905063,484194.138639043,4977480.17426606,-1.33964952789254,8.713,3
102,1,0,accepted,0.0278752199020783,-0.293481779207558,484194.283086227,4977479.60847712,-1.31213602601022,8.532,3
103,1,0,accepted,0.0281874765983382,-0.168101753702238,484194.407626079,4977479.02311358,-1.28405566739248,8.332,3
104,1,0,accepted,0.0312723022189244,-0.167361899107135,484194.571739899,4977478.4500178,-1.25898460967163,8.73,3
105,1,0,accepted,0.0365514766861686,-0.140928792186451,484194.751461101,4977477.86919383,-1.23479256453841,8.646,3
106,1,0,accepted,0.0491893398110831,-0.0656034282846017,484194.955310033,4977477.27716817,-1.21246913371341,9.26,3
107,1,0,accepted,0.0504589424355664,-0.00114038601014742,484195.168931916,4977476.69522473,-1.19299294975711,8.305,3
108,1,0,accepted,0.0491165780018085,0.019941280407504,484195.405895065,4977476.10852956,-1.17643758279209,8.406,3
109,1,0,accepted,0.0441241295931674,0.100440833019932,484195.662644627,4977475.5060815,-1.16076697159207,8.559,3
110,1,0,accepted,0.0461426909616266,0.216698499250061,484195.931836274,4977474.91442939,-1.14712010638616,9.482,3
111,1,0,accepted,0.0487350520420138,0.280378760917685,484196.201074746,4977474.30458429,-1.135639219802,8.132,3
112,1,0,accepted,0.0610457032613863,0.442145511515359,484196.479559811,4977473.67910202,-1.12406286726639,8.83,3
113,1,0,accepted,0.0506803193934504,0.330863567670127,484196.776727695,4977473.06704908,-1.11858485398555,8.722,3
114,1,0,accepted,0.0465988384038259,0.368293170262581,484197.078824561,4977472.44532462,-1.1119429616577,9.202,3
115,1,0,accepted,0.0495470617275225,0.405324156496874,484197.399468835,4977471.80465084,-1.10635579061115,9.175,3
116,1,0,accepted,0.0402701913121943,0.395076309688455,484197.733623158,4977471.1644811,-1.10284710126919,8.61,3
117,1,0,accepted,0.0112245650917504,0.146531619331553,484198.09348124,4977470.5409316,-1.10419667995278,9.674,3
118,1,0,accepted,0.0580782295659515,0.206426779860128,484198.488677911,4977469.86722535,-1.10174706256149,9.066,3
119,1,0,accepted,0.0543222013004894,0.24442390985075,484198.836756072,4977469.18208661,-1.10116307918088,8.217,3
120,1,0,accepted,0.0363572256127093,0.204091066610337,484199.18215708,4977468.51341307,-1.10307639044724,7.864,3
121,1,0,accepted,0.0366104203121591,0.225452384903493,484199.542167527,4977467.80899429,-1.10494586188512,8.387,3
122,1,0,accepted,0.0338276248945241,0.204588236211539,484199.904652211,4977467.10247125,-1.10662075975486,8.339,3
123,1,0,accepted,0.0383616940911861,0.150463868294331,484200.279159687,4977466.39976333,-1.10964369056139,8.295,3
124,1,0,accepted,0.0471935444372563,0.186037417167791,484200.658438892,4977465.66923335,-1.11135381141815,8.039,3
125,1,0,accepted,0.0500132092451446,0.14582647419274,484201.043301701,4977464.94023506,-1.11548676472791,9.288,3
126,1,0,accepted,0.0471744871827384,0.126189699398668,484201.422634054,4977464.19891592,-1.11998996883614,8.427,3
127,1,0,accepted,0.0541560233634317,0.145419232908654,484201.81336588,4977463.444566,-1.12474122210343,7.887,3
128,1,0,accepted,0.0419320273620278,0.181285067574873,484202.194478725,4977462.68467785,-1.12995795003323,8.952,3
129,1,0,accepted,0.0344636001480214,0.125335706730503,484202.582879901,4977461.90498849,-1.13645151719957,8.203,3
130,1,0,accepted,0.0398248268227667,0.18222173942378,484202.963120297,4977461.11033081,-1.14208184482702,8.313,3
131,1,0,accepted,0.0494957740435026,0.222750943422906,484203.364428311,4977460.30942058,-1.14719548987019,9.8,3
132,1,0,accepted,0.0650496024441607,0.355526986798587,484203.771695857,4977459.49029421,-1.15198581671357,9.363,3
133,1,0,accepted,0.0592564336963869,0.257980641653879,484204.151582948,4977458.67473845,-1.16047217447391,8.072,3
134,1,0,accepted,0.0618841838601326,0.302603404421567,484204.534346978,4977457.8299371,-1.1665465827222,7.838,3
135,1,0,accepted,0.0600390538441974,0.222979891325855,484204.911083199,4977456.98600157,-1.17478105090041,7.795,3
136,1,0,accepted,0.0513956907216829,0.215200967110805,484205.264682486,4977456.12509461,-1.18184532323987,9.346,3
137,1,0,accepted,0.0464664106535662,0.190826139594937,484205.623899942,4977455.25249411,-1.18919443396918,8.364,3
138,1,0,accepted,0.0586399260301392,0.287949328279376,484205.992170455,4977454.36297321,-1.19445290045908,9.767,3
139,1,0,accepted,0.0560699071830382,0.336520785049846,484206.424020225,4977453.49099299,-1.20030278890921,11.482,3
140,1,0,accepted,0.037702060178195,0.115909789056342,484206.789916595,4977452.64603036,-1.21125295972416,10.051,3
141,1,0,accepted,0.0463522974902052,-0.0398836324314091,484207.156657502,4977451.75614221,-1.22081700257314,10.736,3
142,1,0,accepted,0.0516520854597689,-0.044196845077436,484207.523518891,4977450.84194167,-1.22756155532615,9.158,3
143,1,0,accepted,0.0444451350623721,0.00627561294292665,484207.883481631,4977449.91114944,-1.23374349846142,11.481,3
144,1,0,accepted,0.0198549884433968,0.053896898306483,484208.237368559,4977448.93600066,-1.23956332321512,9.626,3
145,1,0,accepted,0.0279596457509396,0.0566122790275271,484208.578387532,4977447.97084597,-1.24714876616162,8.05,3
146,1,0,accepted,0.0369996123885788,-0.0433288158252923,484208.92024434,4977447.01117356,-1.25479393552854,7.887,3
147,1,0,accepted,0.050569244482522,0.269742537493659,484209.293762165,4977446.03763785,-1.25703163777824,9.557,3
148,1,0,accepted,0.0442872120411228,0.140329713822276,484209.646840215,4977445.08461971,-1.26563046156935,8.156,3
149,1,0,accepted,0.0341124849717001,0.0737885741791749,484209.980573585,4977444.11450726,-1.27365391211618,8.463,3
150,1,0,accepted,0.0394775473271176,0.0528619211639124,484210.291020097,4977443.1404675,-1.28043064103098,15.623,3
151,0,0,inconsistentClasses,0.0595608792191817,0.0852029748329918,484210.595045597,4977442.14982591,-1.28703859729815,9.708,3
152,1,0,accepted,0.0665916693733707,0.060387646418694,484210.896233037,4977441.16718519,-1.29446419029402,7.047,3
153,1,0,accepted,0.0885896652314083,0.0888156710814183,484211.190745125,4977440.17718113,-1.30060795960751,8.212,3
154,1,0,accepted,0.103469259162132,0.0557933890172841,484211.488946428,4977439.18177556,-1.30740632593523,7.092,3
155,1,0,accepted,0.127187546157133,0.100572502511677,484211.773253639,4977438.18929646,-1.3138165362644,7.221,3
156,1,0,accepted,0.14570124416242,0.115689915149695,484212.05866784,4977437.17755736,-1.32022478936955,7.423,3
157,1,0,accepted,0.171429453697745,0.299473544772349,484212.328842462,4977436.16516115,-1.32400485995199,8.267,3
158,1,0,accepted,0.208858683796607,0.541204473318756,484212.590166114,4977435.12754481,-1.32674583822318,14.855,3
159,1,0,accepted,0.116570545105371,-0.0398828665423791,484213.151785743,4977434.08205492,-1.34331020207024,13.021,3
160,1,0,accepted,0.0916609791650654,0.0345076194656383,484213.390069257,4977433.07250858,-1.34837142394588,9.543,3
161,1,0,accepted,0.073405120547226,0.0677423701186151,484213.631585914,4977432.06013493,-1.35464329779079,10.035,3
162,1,0,accepted,0.0531256100085647,0.0221140768503678,484213.857017415,4977431.07295582,-1.36207351122984,9.045,3
163,1,0,accepted,0.0839569944167021,0.0911376344066416,484214.075316599,4977430.0575679,-1.36726212534342,9.454,3
164,1,0,accepted,0.100684365347129,-0.0408624785806291,484214.308598748,4977429.06331923,-1.37599676587054,9.809,3
165,1,0,accepted,0.132397576795677,0.0478496357558876,484214.526746458,4977428.03510039,-1.38051188445046,9.06,3
166,1,0,accepted,0.155435897554355,0.0853689799597736,484214.749681233,4977426.9915518,-1.38612748548391,10.194,3
167,1,0,accepted,0.0494033658177226,-0.0737846641165053,484215.177567502,4977425.91394151,-1.39508222659568,13.186,3
168,1,0,accepted,0.0301553653153634,0.0665142841568648,484215.36649272,4977424.8744874,-1.39942393004923,9.639,3
169,1,0,accepted,0.0314265819194709,0.0375537868904652,484215.56609822,4977423.84590781,-1.40654010818409,9.558,3
170,1,0,accepted,0.0592343268061121,-0.0221605823967775,484215.751679289,4977422.81726952,-1.41426935913886,10.184,3
171,1,0,accepted,0.082624678679884,-0.0720050828046827,484215.937615484,4977421.78050058,-1.42234027761919,9.386,3
172,1,0,accepted,0.0957799494040934,-0.0227778671978513,484216.126541762,4977420.72326466,-1.42871985928502,10.026,3
173,1,0,accepted,0.0993712299850336,-0.00166711752130586,484216.318137975,4977419.66616605,-1.43593608579207,11.521,3
174,1,0,accepted,0.0341443355882787,0.244200064310767,484216.599182017,4977418.57171806,-1.43898191119704,9.994,3
175,1,0,accepted,0.0569134560795497,0.122773414638841,484216.728396297,4977417.54091553,-1.44842936650594,8.689,3
176,1,0,accepted,0.0924585604931678,0.0663172967768449,484216.867118562,4977416.49112682,-1.45674955679562,9.433,3
177,1,0,accepted,0.127616985629168,0.0531526043236253,484217.001149449,4977415.45380446,-1.46442131675666,8.991,3
178,1,0,accepted,0.232864848319194,0.445054383137423,484217.078498762,4977414.45369794,-1.46492035658907,9.523,3
179,1,0,accepted,0.0925185299049033,0.196484484125666,484217.340688903,4977413.28848897,-1.47671314044499,11.018,3
180,1,0,accepted,0.0562794037746158,-0.145985682571581,484217.628296296,4977412.17762192,-1.48974627249786,12.743,3
181,1,0,accepted,0.0334203794361116,-0.0317996614068161,484217.731596009,4977411.06828397,-1.4954811049114,10.144,3
182,1,0,accepted,0.0500689297867943,0.0775886453421015,484217.812481806,4977409.96123465,-1.50028747821669,8.904,3
183,1,0,accepted,0.103313603742475,0.26531497526047,484217.867408984,4977408.85128385,-1.50414200991363,8.463,3
184,1,0,accepted,0.152275946032512,0.43281447112365,484217.936779526,4977407.74382346,-1.50797263016411,8.024,3
185,1,0,accepted,0.136719666648394,0.23934834194669,484218.054495355,4977406.6554465,-1.5180712116558,8.137,3
186,1,0,accepted,0.117781300760181,0.126593297088634,484218.173070179,4977405.55187274,-1.52684895779093,9.447,3
187,1,0,accepted,0.0473686728201863,-0.513570522077619,484218.391598402,4977404.45388665,-1.54491726117503,10.887,3
188,1,0,accepted,0.144519104211894,-0.811288429828764,484218.586932026,4977403.32103114,-1.55613534405702,9.722,3
189,1,0,accepted,0.0309259316469275,-0.274466525559597,484218.551798133,4977402.221062,-1.55216562676244,7.378,3
190,1,0,accepted,0.0191796114473352,-0.220678162586986,484218.592738886,4977401.10753916,-1.55592124826908,7.34,3
191,1,0,accepted,0.0233631949771144,-0.25185586508888,484218.635110484,4977399.97870745,-1.56091906169034,7.71,3
192,1,0,accepted,0.052566602285372,-0.26100259963939,484218.659296613,4977398.84182027,-1.56467004684215,7.673,3
193,1,0,accepted,0.0666740912347188,0.0237241676181362,484218.69722239,4977397.69186981,-1.5627428242139,8.97,3
194,1,0,accepted,0.0882615196179682,0.0356164793514247,484218.72450015,4977396.53191597,-1.56511099229816,8.236,3
195,1,0,accepted,0.0353239525193612,-0.0835281657204747,484218.845456056,4977395.35727764,-1.56944397677662,9.918,3
196,1,0,accepted,0.0334592182859372,-0.0976726722999615,484218.882990533,4977394.19885145,-1.57210871580726,12.953,3
197,1,0,accepted,0.0376075957111775,-0.0896530778982561,484218.909604279,4977393.0395426,-1.57404708175607,17.062,3
198,1,0,accepted,0.0444620855274807,-0.128604635725408,484218.934873089,4977391.87050931,-1.57655629426544,11.063,3
199,1,0,accepted,0.0594936730739598,-0.0880868617766432,484218.951562977,4977390.69993831,-1.5776024445192,10.955,3
200,1,0,accepted,0.0341419697084685,-0.115821364277078,484219.011784816,4977389.52906759,-1.57986484481443,12.124,3
201,1,0,accepted,0.0476981029095584,-0.0801431459280987,484219.037861164,4977388.34983198,-1.58061892732706,14.768,3
202,1,0,accepted,0.0728042622534041,-0.115152557865623,484219.13418371,4977387.18614876,-1.58255490272615,11.377,3
203,1,0,accepted,0.0621993294480678,-0.0701197995500061,484219.135480603,4977386.05303922,-1.58298975154298,10.691,3
204,1,0,accepted,0.0529873422995187,-0.113550674870242,484219.133625565,4977384.8296424,-1.58330063965745,9.296,3
205,1,0,accepted,0.0595895892350034,-0.0982975396346779,484219.13166906,4977383.60008108,-1.58267506555041,8.451,3
206,1,0,accepted,0.0756618556632607,-0.157843620921699,484219.13585731,4977382.36533867,-1.58253030015188,8.789,3
207,1,0,accepted,0.0852271699921943,-0.168220412546427,484219.148567858,4977381.12455191,-1.5812556078197,8.067,3
208,1,0,accepted,0.10543763746047,-0.1951661348962,484219.152487485,4977379.89496587,-1.57959089811897,8.303,3
209,1,0,accepted,0.0990405983540941,-0.101075541675696,484219.185806128,4977378.65152791,-1.57516422126738,9.908,3
210,1,0,accepted,0.0520160448759243,0.0319122548061447,484219.266715694,4977377.41886292,-1.56976068430327,10.445,3
211,1,0,accepted,0.0486005659738553,-0.0213004264310615,484219.31572222,4977376.18017964,-1.56703846923493,7.602,3
212,1,0,accepted,0.046267041215777,-0.014383066241847,484219.34885847,4977374.91647444,-1.56304948713128,9.065,3
213,1,0,accepted,0.0478058705465416,0.00811643554988328,484219.391637519,4977373.65182807,-1.55858907312281,8.556,3
214,1,0,accepted,0.0542101337649039,0.0638695201997706,484219.434807563,4977372.38878313,-1.55364670697748,8.5,3
215,1,0,accepted,0.0205184041735255,0.16323858408329,484219.513323881,4977371.10389224,-1.54730802540541,8.895,3
216,1,0,accepted,0.0272273397156979,0.131596559837881,484219.560698467,4977369.82230727,-1.5428255252168,8.401,3
217,1,0,accepted,0.0384250593720424,0.146487360970367,484219.611941446,4977368.54402606,-1.53765119183157,8.697,3
218,1,0,accepted,0.0562038142030722,0.143266439325825,484219.662523233,4977367.25076474,-1.5323560317223,8.707,3
219,1,0,accepted,0.0674645160765123,0.12667842323384,484219.72646427,4977365.95102792,-1.52740728991919,7.198,3
220,1,0,accepted,0.0756929706388966,0.145054342048696,484219.798145993,4977364.67450123,-1.52160255008397,8.041,3
221,1,0,accepted,0.0821776029468227,0.164352934755451,484219.878620542,4977363.39503028,-1.51574421323861,8.776,3
222,1,0,accepted,0.100680852893482,0.185781074363211,484219.956644736,4977362.10494304,-1.50975460972977,8.019,3
223,1,0,accepted,0.110040014580875,0.239990483989124,484220.051885448,4977360.81777285,-1.5026272659995,9.106,3
224,1,0,accepted,0.084669648557389,0.178644585306851,484220.191164931,4977359.52017893,-1.49737020182537,8.033,3
225,1,0,accepted,0.0694867991456098,0.135480459834806,484220.329039924,4977358.2202524,-1.49157313190017,7.86,3
226,1,0,accepted,0.0615626316537725,0.0768479253731695,484220.467227387,4977356.91181405,-1.48612871142917,8.737,3
227,1,0,accepted,0.0578341139768008,0.0536552568223952,484220.610383056,4977355.59380278,-1.4798229285365,8.463,3
228,1,0,accepted,0.0527526386062662,0.0113114007150616,484220.755764118,4977354.31603435,-1.47368521248218,8.02,3
229,1,0,accepted,0.0569406841996744,0.0167755837306177,484220.902793175,4977353.00586633,-1.46679258700342,7.972,3
230,1,0,accepted,0.0637068139666702,0.0558226587638162,484221.05724005,4977351.70037171,-1.45969411943102,7.688,3
231,1,0,accepted,0.0659051230364161,0.0443215327548649,484221.22530599,4977350.39098094,-1.45304794060534,9.579,3
232,1,0,accepted,0.0701574627776979,0.0646997450665127,484221.403106451,4977349.07176362,-1.44641929343817,8.47,3
233,1,0,accepted,0.0553617470669603,-0.01385614000348,484221.608415929,4977347.76247048,-1.44124512638946,7.696,3
234,1,0,accepted,0.049950644921768,-0.10089904627927,484221.8134005,4977346.45079907,-1.43619218090053,7.713,3
235,1,0,accepted,0.0434350469789984,-0.0900058050343698,484222.025951045,4977345.14838169,-1.42953058431431,8.505,3
236,1,0,accepted,0.0530914290035419,-0.0380006101254129,484222.235371402,4977343.82468792,-1.42206706792998,8.041,3
237,1,0,accepted,0.0660105505258533,-0.0335137680887738,484222.449549553,4977342.49955788,-1.41532518073114,8.078,3
238,1,0,accepted,0.070589834095872,-0.0710494582830667,484222.6755812,4977341.19185384,-1.40938550737886,8.124,3
239,1,0,accepted,0.0572145938484718,-0.153295392170844,484222.930288853,4977339.87291805,-1.40390370950484,7.574,3
240,1,0,accepted,0.0740810349583536,-0.167289930495566,484223.167668464,4977338.54046578,-1.39802164899006,7.604,3
241,1,0,accepted,0.0933538693804002,-0.204244355947732,484223.404668747,4977337.23684407,-1.39179410857364,7.806,3
242,1,0,accepted,0.111221610215628,-0.22047024146733,484223.656703565,4977335.91353005,-1.38598224615551,7.306,3
243,1,0,accepted,0.118994353583385,-0.166364438213848,484223.927758678,4977334.58932171,-1.37897474867948,8.152,3
244,1,0,accepted,0.141929542500479,-0.12366816723039,484224.194369734,4977333.26071813,-1.37253531794774,7.78,3
245,1,0,accepted,0.150618521792345,-0.0407950219227859,484224.486021967,4977331.929239,-1.36623564717531,9.451,3
246,1,0,accepted,0.124264649711375,-0.0234920227539324,484224.818788146,4977330.61549371,-1.36223898747103,9.731,3
247,1,0,accepted,0.0856057062393091,-0.851581416090026,484225.237798927,4977329.21977824,-1.37393452161165,7.812,3
248,1,0,accepted,0.0764783012787684,-0.124531245327768,484225.495871988,4977327.97902471,-1.35931636937717,10.189,3
249,1,0,accepted,0.0936106564366907,-0.150487537253198,484225.801173904,4977326.63259258,-1.35757255826982,8.863,3
250,1,0,accepted,0.110628512796118,-0.263662731917969,484226.116148474,4977325.27442451,-1.35740806135058,7.677,3
251,1,0,accepted,0.113655893377217,-0.356031283861868,484226.443395782,4977323.93024471,-1.35733493308782,8.05,3
252,1,0,accepted,0.0952948475449018,-0.541483824191501,484226.804425618,4977322.57770379,-1.35903794363545,9.356,3
253,1,0,accepted,0.0651835548114283,-0.31574830568769,484227.15687228,4977321.25462851,-1.35383046896275,10.334,3
254,1,0,accepted,0.0679376276105995,-0.350861061415555,484227.480136831,4977319.9385937,-1.3526814684324,9.03,3
255,1,0,accepted,0.0750846467709371,-0.376634300204274,484227.809132538,4977318.59007081,-1.35130939630403,8.371,3
256,1,0,accepted,0.0269771771377613,0.0373050101851947,484228.240759066,4977317.29130137,-1.34287850514925,10.053,3
257,1,0,accepted,0.014564831928577,0.0301391552535868,484228.573962581,4977315.94051666,-1.34158683353474,7.88,3
258,1,0,accepted,0.00613262020741343,0.0566383100963185,484228.909165794,4977314.56543189,-1.34088092081969,8.086,3
259,1,0,accepted,0.0208175119420012,0.0191006303970722,484229.240642744,4977313.21310714,-1.34001651687596,7.643,3
260,1,0,accepted,0.0353605716515133,0.0220826168293194,484229.581014843,4977311.84060131,-1.33931042622999,7.366,3
261,1,0,accepted,0.047218783472712,0.0221591828478611,484229.91605047,4977310.50032979,-1.33844372229912,7.169,3
262,1,0,accepted,0.061638237282574,0.0183079933650453,484230.256994211,4977309.13427098,-1.33748032943954,7.907,3
263,1,0,accepted,0.0372035912262346,-0.19752948150093,484230.640323797,4977307.79788248,-1.3409872855579,9.016,3
264,1,0,accepted,0.0379840175909201,-0.179185061534304,484231.00635276,4977306.44780758,-1.33932404031962,9.458,3
265,1,0,accepted,0.04288373157051,-0.138244831248354,484231.359708342,4977305.052673,-1.33833834162407,7.502,3
266,1,0,accepted,0.0615628527712099,0.0683092998512212,484231.699620295,4977303.66606182,-1.3343294705357,7.348,3
267,1,0,accepted,0.0532065559734804,0.194797237822439,484232.069156063,4977302.30135584,-1.33153780635981,8.878,3
268,1,0,accepted,0.039065502920253,0.159573202992968,484232.449308768,4977300.92352805,-1.33121641369707,10.422,3
269,1,0,accepted,0.0399602544114525,0.126224563238116,484232.817602171,4977299.53448096,-1.3309760258745,7.252,3
270,1,0,accepted,0.0394023292898401,0.142668247443751,484233.190680901,4977298.14385984,-1.3303588274809,8.686,3
271,1,0,accepted,0.0419604144765544,0.176097260462608,484233.569980809,4977296.73849906,-1.32949890838071,8.279,3
272,1,0,accepted,0.0515248106491492,0.126742903921106,484233.93387916,4977295.34754946,-1.33025276217449,7.566,3
273,1,0,accepted,0.0232376924870504,0.220665547996501,484234.331400284,4977293.97165547,-1.32904865457577,10.204,3
274,1,0,accepted,0.0313117244345555,0.232004894198124,484234.6930497,4977292.59397987,-1.32915236822613,9.05,3
275,1,0,accepted,0.0395246723126026,0.229511416168569,484235.062819405,4977291.19036863,-1.33024155606984,8.108,3
276,1,0,accepted,0.0489875036940645,0.190524864976475,484235.434547893,4977289.78022444,-1.33182628937728,7.842,3
277,1,0,accepted,0.0607550205277184,0.169402637290481,484235.801232187,4977288.36635556,-1.33330799863548,7.681,3
278,1,0,accepted,0.0873314555611268,0.138730755932209,484236.151795081,4977286.94871345,-1.33464156711507,7.69,3
279,1,0,accepted,0.119859084705453,0.114488822616262,484236.506675653,4977285.50641674,-1.33715219115878,8.75,3
280,1,0,accepted,0.141592517654499,-0.153916344489864,484236.881395074,4977284.07310954,-1.34294110911146,9.138,3
281,1,0,accepted,0.132207165582555,-0.24585537789681,484237.264130699,4977282.66001931,-1.34648266352213,8.343,3
282,1,0,accepted,0.142545117239999,-0.374405298996074,484237.628451312,4977281.23411675,-1.35110292440251,8.055,3
283,1,0,accepted,0.148171039384321,-0.747251779635374,484238.013302909,4977279.80311306,-1.35955260394523,9.013,3
284,1,0,accepted,0.135794896482362,-0.898974716308021,484238.379191678,4977278.39022007,-1.36562394629778,9.006,3
285,1,0,accepted,0.0786765224359751,0.262684641282199,484238.713108972,4977277.1184393,-1.34883795562908,8.199,3
286,1,0,accepted,0.0565689355498822,0.159653736829833,484239.094701784,4977275.65854135,-1.35431524254341,7.789,3
287,1,0,accepted,0.040045460539337,-0.0139691891418937,484239.458307153,4977274.22966331,-1.35995951931828,7.659,3
288,1,0,accepted,0.0489205995566947,-0.0798304810031821,484239.810551496,4977272.77338879,-1.36462013438481,7.714,3
289,1,0,accepted,0.00706901921556411,-0.0675795109291159,484240.192862762,4977271.36975352,-1.3673062155049,10.29,3
290,1,0,accepted,0.0236025920230222,-0.0690843038707664,484240.504932866,4977269.91417025,-1.37087826695022,8.21,3
291,1,0,accepted,0.0206976966358934,0.0303801319343184,484240.843164306,4977268.47448792,-1.37254184345757,9.389,3
292,1,0,accepted,0.00583472412026378,-0.0172547589894968,484241.189294243,4977267.02991952,-1.37671956554938,8.259,3
293,1,0,accepted,0.031569113806436,0.107757248530837,484241.502323388,4977265.62823024,-1.37828697445707,7.73,3
294,1,0,accepted,0.0338212917260361,0.120644463087967,484241.809782092,4977264.16162443,-1.38187039441512,6.843,3
295,1,0,accepted,0.0512365971732495,-0.0510219286769186,484242.120379313,4977262.6636612,-1.38781741619585,7.238,3
296,1,0,accepted,0.0682568622607556,-0.0878639676540095,484242.417072611,4977261.20373876,-1.39148060670163,7.453,3
297,1,0,accepted,0.0822171843946814,-0.109922852598027,484242.713412313,4977259.74594335,-1.39503290948887,7.488,3
298,1,0,accepted,0.098986695476393,-0.0968805891801323,484243.000021152,4977258.2903045,-1.39811579675911,7.447,3
299,1,0,accepted,0.0806420835490417,-0.19949550400754,484243.311446935,4977256.84648813,-1.40335653525311,7.415,3
300,1,0,accepted,0.0755089378872608,-0.183178946493785,484243.606481919,4977255.41556625,-1.4062894081272,7.898,3
301,1,0,accepted,0.0747672306460302,0.0107106600568442,484243.890191798,4977253.98065467,-1.40583256842222,9.05,3
302,1,0,accepted,0.065844326687472,0.064221224185208,484244.179258616,4977252.55579567,-1.40821190764334,7.206,3
303,1,0,accepted,0.0374364290816854,0.0837671617933202,484244.484533257,4977251.11793868,-1.41080920467786,8.389,3
304,1,0,accepted,0.0265502819429668,0.0455230619012952,484244.769744873,4977249.68273705,-1.41466610437847,8.415,3
305,1,0,accepted,0.0242430237107727,-0.0194880370545915,484245.039948748,4977248.25459505,-1.41902482229816,8.481,3
306,1,0,accepted,0.0282152565125057,-0.0302622419214402,484245.300735676,4977246.82412905,-1.42195503777227,7.249,3
307,1,0,accepted,0.0409631549680736,-0.0768485711111232,484245.544432354,4977245.38437212,-1.42600212011483,6.916,3
308,1,0,accepted,0.021937961104526,-0.00696026554963911,484245.81745485,4977243.95663132,-1.42795712816982,8.518,3
309,1,0,accepted,0.0317587145635521,0.0103976089884934,484246.048207035,4977242.52190821,-1.43078733762825,7.342,3
310,1,0,accepted,0.0290048546077815,0.0734387591075934,484246.292458405,4977241.10410391,-1.43292520069057,7.701,3
311,1,0,accepted,0.0420979073250058,0.0299358465744181,484246.511934796,4977239.64802881,-1.43644730443869,6.97,3
312,1,0,accepted,0.0501990243367055,0.0178107208796936,484246.732537868,4977238.20938177,-1.43906953770753,7.544,3
313,1,0,accepted,0.0538445974512558,-0.0353118308272608,484246.948889967,4977236.80303669,-1.44178794835015,8.681,3
314,1,0,accepted,0.0656949118861751,0.0331848585911742,484247.163676623,4977235.36797957,-1.44344661676164,9.401,3
315,1,0,accepted,0.10722494949974,-0.0195424976644769,484247.350148109,4977233.92870475,-1.44674912605695,8.48,3
316,1,0,accepted,0.0767310101933857,0.109746693874612,484247.590529539,4977232.54524065,-1.4477133678464,9.344,3
317,1,0,accepted,0.107768254692424,0.248250359539441,484247.778460909,4977231.12793714,-1.44776465746946,7.834,3
318,1,0,accepted,0.153677330356103,0.728934131285767,484247.988037398,4977229.85024649,-1.44150796729857,8.633,3
319,1,0,accepted,0.128118609117832,0.653043624587896,484248.202346018,4977228.40406477,-1.4449813281948,7.057,3
320,1,0,accepted,0.0870113164264381,-0.0348263990188253,484248.491294712,4977226.9817682,-1.45879647097243,8.44,3
321,1,0,accepted,0.0677636423176221,-0.132799115745083,484248.68617352,4977225.54455317,-1.46271452038188,7.502,3
322,1,0,accepted,0.0412154796202781,0.00517213520347668,484248.859065357,4977224.08232366,-1.46255323937215,7.169,3
323,1,0,accepted,0.0415175954623467,-0.0636020882289582,484249.047164301,4977222.63175729,-1.46598497590618,8.09,3
324,1,0,accepted,0.0473863142504342,0.0699795236388529,484249.263129489,4977221.260615,-1.46591138216225,8.743,3
325,1,0,accepted,0.025799908542358,-0.0298825410240453,484249.447652887,4977219.78989619,-1.46982215108911,6.556,3
326,1,0,accepted,0.0230394600598626,-0.0914346856870721,484249.629177303,4977218.37091889,-1.47269396014328,7.645,3
327,1,0,accepted,0.0620705397170631,0.199727626749955,484249.848325976,4977217.02409739,-1.46929959892622,9.174,3
328,1,0,accepted,0.0532451067099684,0.169341779281091,484250.011470863,4977215.56850956,-1.47189910404542,7.236,3
329,1,0,accepted,0.04186709604478,0.0819515017080358,484250.180231045,4977214.11637159,-1.47424695941756,6.808,3
330,1,0,accepted,0.0336317095484714,0.0946995722863382,484250.336675042,4977212.67101805,-1.47633333040554,6.707,3
331,1,0,accepted,0.04125001680348,0.0706447159698529,484250.488609508,4977211.22870299,-1.47824387254749,6.592,3
332,1,0,accepted,0.0643374959372791,-0.0386088869253969,484250.634925012,4977209.7665808,-1.48028451205454,7.297,3
333,1,0,accepted,0.0966029810822595,-0.00406063592915905,484250.777778465,4977208.31254765,-1.48207620595277,7.066,3
334,1,0,accepted,0.119940473705699,0.0216497622381655,484250.927344371,4977206.8622426,-1.48323527399168,7.968,3
335,1,0,accepted,0.106687912650105,0.0980046955011433,484251.122262831,4977205.41836927,-1.48277672680568,13.343,3
336,1,0,accepted,0.0930690637309311,-0.0116044534439518,484251.298250309,4977203.99033655,-1.48616659093057,8.928,3
337,1,0,accepted,0.0902219436277867,0.111090727997431,484251.425078818,4977202.58501573,-1.48580943662991,6.97,3
338,1,0,accepted,0.0230212209911662,-0.315618667767665,484251.633894607,4977201.19808866,-1.49413762602413,9.67,3
339,1,0,accepted,0.0174842224080669,-0.296565643198293,484251.794128801,4977199.7877327,-1.49589382766036,9.335,3
340,1,0,accepted,0.0431619096717868,-0.237678642562223,484251.924711292,4977198.33405895,-1.49666971991145,8.248,3
341,1,0,accepted,0.0259469313429533,-0.486592305286908,484252.08857386,4977196.93456844,-1.50267837071677,7.68,3
342,1,0,accepted,0.0428074693302058,-0.454229739571927,484252.219847735,4977195.50029045,-1.50352231154071,7.505,3
343,1,0,accepted,0.0515942985314062,-0.435221957118908,484252.358815215,4977194.05929343,-1.50460760369348,8.949,3
344,1,0,accepted,0.0762476089743705,-0.510273369507497,484252.483862797,4977192.60785866,-1.50696006458769,7.758,3
345,1,0,accepted,0.0999380560349747,-0.482083956282364,484252.605190921,4977191.16028565,-1.50756080924055,7.63,3
346,1,0,accepted,0.0960363637551243,-0.266616073499997,484252.74597268,4977189.75065338,-1.50491214660777,10.364,3
347,1,0,accepted,0.0622027741571408,-0.0342268882568674,484252.911949246,4977188.34775432,-1.50140861868423,8.824,3
348,1,0,accepted,0.0729554360977185,0.00117656779545237,484253.037517941,4977186.9178314,-1.50170044407357,8.064,3
349,1,0,accepted,0.060991242775647,0.0448143604645895,484253.181554239,4977185.51430375,-1.50144889847029,8.331,3
350,1,0,accepted,0.0448203752994706,0.06134008124418,484253.329857155,4977184.11053885,-1.50156921066311,9.001,3
351,1,0,accepted,0.0428010589720824,0.0385979852740963,484253.464871006,4977182.67493059,-1.50189444880803,7.733,3
352,1,0,accepted,0.0412163467147516,0.0229210025620861,484253.5975643,4977181.27033332,-1.50204980584485,8.55,3
353,1,0,accepted,0.0414769396682604,0.0469398709321333,484253.730432765,4977179.85591848,-1.50177557327294,7.772,3
354,1,0,accepted,0.0638659235023448,0.015846153781789,484253.846564254,4977178.41954004,-1.50225658076044,6.866,3
355,1,0,accepted,0.066282748631149,0.0393083499661862,484253.97462789,4977177.01230186,-1.50190248916876,8.512,3
356,1,0,accepted,0.0769726466266874,0.0271354424831619,484254.097715528,4977175.60347777,-1.50221770581195,8.15,3
357,1,0,accepted,0.081297727869097,0.0668324574455424,484254.223367405,4977174.18842725,-1.50164207891926,8.056,3
358,1,0,accepted,0.0757573894925007,0.104966827117086,484254.350487821,4977172.75546053,-1.5010844320101,7.028,3
359,1,0,accepted,0.0624372298208578,0.126802044237119,484254.478667983,4977171.35066016,-1.50047627273015,7.137,3
360,1,0,accepted,0.0533984718777348,0.112811235869886,484254.604391156,4977169.93948508,-1.50057406248876,8.915,3
361,1,0,accepted,0.0377911956303513,0.108836372275092,484254.730742525,4977168.55578247,-1.50034716634406,6.885,3
362,1,0,accepted,0.0324120813633859,0.0926953520106902,484254.851810162,4977167.1324003,-1.5002679954623,6.994,3
363,1,0,accepted,0.0311620578269184,0.0743670225893286,484254.972104543,4977165.69834698,-1.50031780838092,7.128,3
364,1,0,accepted,0.0209007745813514,0.018633077366268,484255.096857439,4977164.30105344,-1.5011218577748,6.759,3
365,1,0,accepted,0.0439834810271976,-0.0676138106215952,484255.200678589,4977162.86587146,-1.50206735029071,8.536,3
366,1,0,accepted,0.051941585980532,-0.0537184276750828,484255.32002457,4977161.43758226,-1.50124459839031,8.033,3
367,1,0,accepted,0.0299651837260732,0.0547566320762233,484255.458105004,4977160.03584191,-1.49866794634551,7.824,3
368,1,0,accepted,0.0323337525256271,0.0815562707598848,484255.576398239,4977158.60423153,-1.49756286431951,7.099,3
369,1,0,accepted,0.050317439700256,0.0607646144733449,484255.693504633,4977157.16939225,-1.49722444295535,6.754,3
370,1,0,accepted,0.0702136900764968,0.0636441987593408,484255.813778767,4977155.73915067,-1.49642847206371,6.69,3
371,1,0,accepted,0.0986058902458149,0.0664770086126587,484255.928217344,4977154.2863018,-1.49564175067315,6.675,3
372,1,0,accepted,0.123891197218642,0.103110193339088,484256.043824206,4977152.87346815,-1.49434208335919,6.695,3
373,1,0,accepted,0.262761810551445,1.11928550551373,484256.052405555,4977151.47919885,-1.47464103846045,8.751,3
374,1,0,accepted,0.193337530378362,1.17926745166663,484256.270650503,4977150.06022639,-1.47232062117829,8.025,3
375,1,0,accepted,0.131488104105662,0.779982111873283,484256.489840559,4977148.62817608,-1.47731614902615,8.034,3
376,1,0,accepted,0.0928879068066567,0.334610740270758,484256.687647984,4977147.17638601,-1.48305776607318,8.328,3
377,1,0,accepted,0.112983393478722,-0.053485057484186,484256.883635203,4977145.78696617,-1.48848403783213,7.641,3
378,1,0,accepted,0.0372658629458543,-0.668091560271824,484257.022007844,4977144.2877621,-1.49735839276647,8.235,3
379,1,0,accepted,0.0524626745847511,-0.565135627420544,484257.149353062,4977142.84574597,-1.49414825764809,7.936,3
380,1,0,accepted,0.0739352560913262,-0.676702964185542,484257.285201341,4977141.41532914,-1.4944034400665,7.294,3
381,1,0,accepted,0.108464723972747,-0.773035590646669,484257.413551015,4977139.9617792,-1.49464944617914,6.926,3
382,1,0,accepted,0.135623515613205,-0.860852520628985,484257.544917162,4977138.55630943,-1.49468599332844,6.756,3
383,1,0,accepted,0.173810918345698,-0.864365986823556,484257.670115939,4977137.13310517,-1.49329424815111,7.116,3
384,1,0,accepted,0.0693470687241488,0.0433740430893206,484257.942903341,4977135.70860961,-1.47651822127625,9.247,3
385,1,0,accepted,0.0834407236346971,0.0708221979275607,484258.092049281,4977134.32097852,-1.47473892751637,9.106,3
386,1,0,accepted,0.101834644982386,-0.0261750454763731,484258.249732839,4977132.87925373,-1.47456117513793,7.231,3
387,1,0,accepted,0.0914007364727568,0.0548594046889548,484258.435502398,4977131.45912873,-1.47205634204027,7.867,3
388,1,0,accepted,0.0980565803008104,0.00391326137855802,484258.602676672,4977130.04473843,-1.47156623785856,7.261,3
389,1,0,accepted,0.0932250278631395,-0.0323028717602212,484258.77777325,4977128.6311437,-1.47060583217375,8.385,3
390,1,0,accepted,0.0338512853701637,-0.0435245320518006,484258.986077115,4977127.28249419,-1.46930023804097,9.572,3
391,1,0,accepted,0.0481642664318514,-0.0688377994171169,484259.143998462,4977125.87457941,-1.46822965940226,11.5,3
392,1,0,accepted,0.0684371559395171,0.0406525621460105,484259.297392071,4977124.49556979,-1.46536267839246,6.865,3
393,1,0,accepted,0.0750333457641569,-0.0165339294073177,484259.466236061,4977123.10034454,-1.46483497436892,6.826,3
394,1,0,accepted,0.0838893661254993,-0.0265181180444889,484259.635085122,4977121.69832334,-1.46366904853628,6.648,3
395,1,0,accepted,0.0948583323255935,-0.0593591734485533,484259.806023527,4977120.28194622,-1.4631121076515,7.101,3
396,1,0,accepted,0.085016226488848,-0.0907449117722159,484259.992134798,4977118.90699135,-1.46267172408855,7.767,3
397,1,0,accepted,0.0841741495294512,-0.122401964929766,484260.175733975,4977117.50129248,-1.46210784998241,7.598,3
398,1,0,accepted,0.0281778748661571,0.0191161209060911,484260.412284111,4977116.13920376,-1.45819847337476,8.768,3
399,1,0,accepted,0.0210049899178964,0.101473708476905,484260.63716811,4977114.75927255,-1.45576563926489,7.906,3
400,1,0,accepted,0.0186203833457626,0.110792748689285,484260.813206731,4977113.37449163,-1.45439101017304,7.172,3
401,1,0,accepted,0.0439857791249784,0.166799523906404,484260.989804622,4977112.00870331,-1.45176909278325,7.656,3
402,1,0,accepted,0.0551762521815027,0.12017416872431,484261.172740295,4977110.62609906,-1.45096056502915,8.401,3
403,1,0,accepted,0.0550475219499097,0.149739722472043,484261.350858226,4977109.2433832,-1.44899054651137,6.719,3
404,1,0,accepted,0.0653108693226995,0.155681881657364,484261.530350399,4977107.8400329,-1.44689399750697,6.622,3
405,1,0,accepted,0.0764426258621964,0.126674909650644,484261.707188825,4977106.487379,-1.44527343613431,6.797,3
406,1,0,accepted,0.0867740006640045,0.145649769624731,484261.889527752,4977105.10780181,-1.44268399061007,8.015,3
407,1,0,accepted,0.0513043497986911,-0.133990993157886,484262.123867345,4977103.74971038,-1.44530581610227,8.329,3
408,1,0,accepted,0.0263217742208475,-0.505211624078632,484262.343655964,4977102.37295939,-1.44952099899622,7.579,3
409,1,0,accepted,0.0300275513398177,-0.661039371279566,484262.5429813,4977100.9945675,-1.45012078249174,6.983,3
410,1,0,accepted,0.0231569413906513,-0.963563136184248,484262.760140348,4977099.63293765,-1.45312103486329,8.294,3
411,1,0,accepted,0.0873573238677657,-0.750446840505593,484262.921126007,4977098.24705365,-1.44714773383106,7.637,3
412,1,0,accepted,0.100649183364019,-0.783606819509988,484263.119957792,4977096.90310495,-1.44616903163951,7.669,3
413,1,0,accepted,0.114770756889035,-0.851060923703653,484263.320630185,4977095.54716294,-1.44552658645007,7.262,3
414,1,0,accepted,0.136182466717549,-0.928470563814472,484263.517069484,4977094.20087627,-1.44458051554359,7.237,3
415,1,0,accepted,0.160012968389385,-1.01882736204733,484263.705750467,4977092.85927801,-1.44445761014724,6.79,3
416,1,0,accepted,0.191825928029627,-1.09751464029344,484263.89250801,4977091.51947911,-1.44364214123185,7.297,3
417,1,0,accepted,0.22256573065213,-1.15373282770393,484264.075923295,4977090.18665671,-1.44246428921602,7.242,3
418,1,0,accepted,0.262877147296821,-1.18796012744052,484264.253058071,4977088.87834543,-1.44140427862387,7.073,3
419,1,0,accepted,0.305123543078323,-1.27378012694682,484264.434286231,4977087.55593527,-1.44049479431634,7.178,3
420,1,0,accepted,0.335574518960084,-1.20973873660741,484264.634636932,4977086.22428512,-1.43741508990663,8.251,3
421,1,0,accepted,0.380458603016757,-1.20854396376404,484264.822902615,4977084.89411764,-1.43555444199817,7.583,3
422,1,0,accepted,0.043380089794202,0.157614038867519,484265.379397279,4977083.67696057,-1.41008907948886,10.042,3
423,1,0,accepted,0.05078931917597,0.189676116284544,484265.610716962,4977082.34811941,-1.40794354489634,7.379,3
424,1,0,accepted,0.0305803345574483,0.283533890012119,484265.866343814,4977081.05720941,-1.40456971817276,8.047,3
425,1,0,accepted,0.0352623008161204,-0.307987134257305,484266.167099797,4977079.71700351,-1.4133407809256,8.247,3
426,1,0,accepted,0.0376488416422458,-0.306421681048461,484266.387540946,4977078.38902942,-1.41110048440549,7.419,3
427,1,0,accepted,0.0620742533604811,-0.211595860306629,484266.60199226,4977077.05418193,-1.4083576202406,8.145,3
428,1,0,accepted,0.100098563476329,0.0412390646795676,484266.816956042,4977075.71486523,-1.40234207268662,8.854,3
429,1,0,accepted,0.117078138864686,0.172421139316012,484267.047134428,4977074.39925838,-1.39878950063027,7.994,3
430,1,0,accepted,0.0482362913815198,-0.0267120575714106,484267.360185649,4977073.10257109,-1.40048222607839,8.366,3
431,1,0,accepted,0.0316967416524716,-0.165160850615723,484267.603743268,4977071.84043475,-1.40101605044516,8.793,3
432,1,0,accepted,0.0322027510713714,-0.230690643432895,484267.853858426,4977070.54161058,-1.40039885013995,8.353,3
433,1,0,accepted,0.0440258289906302,-0.20571474144223,484268.099085279,4977069.22566157,-1.39862269064715,8.243,3
434,1,0,accepted,0.0581623689573755,-0.197122829903043,484268.347285533,4977067.90302813,-1.39664898389355,8.694,3
435,1,0,accepted,0.0792765644852359,-0.242261634269606,484268.598077086,4977066.56609826,-1.39598911259002,9.167,3
436,1,0,accepted,0.0241102964210043,0.0998366676738137,484268.92793241,4977065.27470685,-1.38806356034671,10.582,3
437,1,0,accepted,0.0362247030666458,0.0662417559023857,484269.201622854,4977063.96440224,-1.38691985918425,8.083,3
438,1,0,accepted,0.0412500935407684,-0.0347305557205073,484269.476934497,4977062.65127348,-1.38641007422386,8.781,3
439,1,0,accepted,0.0402928793245006,-0.0192078812783254,484269.7360431,4977061.33040914,-1.38421418813875,8.763,3
440,1,0,accepted,0.0417282908415387,0.0190943591680472,484269.97944414,4977060.02132429,-1.38131579442528,8.593,3
441,1,0,accepted,0.047031124834811,0.00858456184424488,484270.250601944,4977058.71929884,-1.37917268744884,8.875,3
442,1,0,accepted,0.0478933160058734,-0.0373248418193421,484270.521053179,4977057.41629478,-1.37795099872856,8.446,3
443,1,0,accepted,0.0561876641148919,-0.0435488409695919,484270.784121971,4977056.10951123,-1.3756302571898,8.454,3
444,1,0,accepted,0.0500686401795596,-0.0525499208591775,484271.068067224,4977054.83048113,-1.37383475780068,9.373,3
445,1,0,accepted,0.0581605751344716,0.00239750032627569,484271.345770364,4977053.52526108,-1.37051180652322,9.009,3
446,1,0,accepted,0.0634701120028779,0.0131467357908649,484271.627487346,4977052.22583239,-1.36737309979183,9.265,3
447,1,0,accepted,0.0761246908121936,-0.0120280298687066,484271.908672377,4977050.91647804,-1.36519369047371,8.946,3
448,1,0,accepted,0.0703845983243415,0.0461731213939524,484272.212603451,4977049.60713081,-1.36125533977502,8.645,3
449,1,0,accepted,0.0708612553832798,0.0452761701172158,484272.515153851,4977048.3067926,-1.358135423487,9.796,3
450,1,0,accepted,0.0343212067399237,-0.284619972038822,484272.85885179,4977047.02965843,-1.3606137797027,8.587,3
451,1,0,accepted,0.0358844280526922,-0.350937776905842,484273.149124817,4977045.75072789,-1.35852760131654,8.354,3
452,1,0,accepted,0.0413768886173634,-0.457394787151825,484273.442013878,4977044.48442483,-1.35735636689711,7.118,3
453,1,0,accepted,0.0535816362407679,-0.489955056648804,484273.743559136,4977043.2386459,-1.35436904118677,8.323,3
454,1,0,accepted,0.0619053050446906,-0.431557146957552,484274.054687187,4977041.97690591,-1.35003838561313,9.21,3
455,1,0,accepted,0.0673983777833126,-0.391998171372714,484274.358505601,4977040.69076677,-1.34538273235233,9.004,3
456,1,0,accepted,0.0393980680296878,0.00137046591092872,484274.709121618,4977039.41321741,-1.33437387779356,10.749,3
457,1,0,accepted,0.0365103251532293,0.0472883777296824,484275.032736772,4977038.16259125,-1.32970284396945,9.216,3
458,1,0,accepted,0.0307588465995953,0.129587828110679,484275.368521149,4977036.91693707,-1.32405355131976,9.092,3
459,1,0,accepted,0.0321557531533111,0.191603959727977,484275.702501956,4977035.67576915,-1.3191663694947,7.603,3
460,1,0,accepted,0.0402464047651865,0.0950098048656505,484276.028828371,4977034.42755721,-1.31664399531137,9.305,3
461,1,0,accepted,0.0455576906886467,0.0434455437942107,484276.371620148,4977033.16782554,-1.31332541448844,8.653,3
462,1,0,accepted,0.052528607695364,0.00701928431389824,484276.707450882,4977031.9472597,-1.30972625728186,7.535,3
463,1,0,accepted,0.0629527471861999,-0.0590651197621213,484277.051363059,4977030.70614855,-1.30637870108135,7.348,3
464,1,0,accepted,0.0789395996510066,0.0243272908687192,484277.426681431,4977029.58750402,-1.30039812105842,8.395,3
465,1,0,accepted,0.0665204732530185,0.0846717749872908,484277.781993315,4977028.35696283,-1.29537610743925,8.126,3
466,1,0,accepted,0.060257553535909,0.121035419322053,484278.145371992,4977027.1396739,-1.29074751642599,8.483,3
467,1,0,accepted,0.0476678248440498,0.135565446044626,484278.510847393,4977025.92187311,-1.28604462722253,7.431,3
468,1,0,accepted,0.0539169518028608,0.148903278326897,484278.870049278,4977024.71058547,-1.28174619296163,7.277,3
469,1,0,accepted,0.0434189820655873,0.0277221622795569,484279.252833848,4977023.49580628,-1.27946450830486,7.557,3
470,1,0,accepted,0.0488051494342347,0.00316816729297281,484279.621144062,4977022.32711152,-1.27566265955838,7.225,3
471,1,0,accepted,0.0529065099886273,-0.0154253716768595,484279.999883899,4977021.14725793,-1.27167279933913,7.139,3
472,1,0,accepted,0.0590844551746089,-0.0237185579449939,484280.378664936,4977019.95951295,-1.26753929236572,7.038,3
473,1,0,accepted,0.0582395363344999,-0.00579752978899671,484280.766727165,4977018.77423316,-1.26290016570436,8.103,3
474,1,0,accepted,0.0414316992572431,-0.408235653807586,484281.198250968,4977017.55150053,-1.26600644807149,8.135,3
475,1,0,accepted,0.0503976398476662,-0.45464476410072,484281.596300853,4977016.36757359,-1.26278171726371,7.406,3
476,1,0,accepted,0.0608267508941244,-0.585959248645806,484281.998730441,4977015.182826,-1.26084428146935,6.684,3
477,1,0,accepted,0.0713510512693901,-0.704383052378746,484282.395956352,4977014.02524793,-1.25905908923522,7.027,3
478,1,0,accepted,0.0433769549633155,-0.436339163140077,484282.80473007,4977012.90661002,-1.25063588634184,9.269,3
479,1,0,accepted,0.0588645937718487,-0.465252093476414,484283.206958906,4977011.74525583,-1.24712779374515,8.753,3
480,1,0,accepted,0.073263185766819,-0.518335962213907,484283.614215616,4977010.58898636,-1.24400478121658,8.153,3
481,1,0,accepted,0.0842996002226638,-0.470271386036681,484284.034236166,4977009.42305436,-1.23935677626412,9.09,3
482,1,0,accepted,0.0515795502899806,-0.0791225937341637,484284.49961375,4977008.27709454,-1.22875149370448,11.675,3
483,1,0,accepted,0.0485686424880527,-0.0422872851936539,484284.932215308,4977007.14669938,-1.22428307085881,9.011,3
484,1,0,accepted,0.051133217764511,-0.0608155209927825,484285.366714409,4977006.00212437,-1.22060585809285,8.629,3
485,1,0,accepted,0.0599882740448963,-0.0820353717979886,484285.801070626,4977004.85792633,-1.21704402396532,8.879,3
486,1,0,accepted,0.06822612807943,-0.0997801666574921,484286.24135854,4977003.71261411,-1.21305451192371,8.439,3
487,1,0,accepted,0.0598399526111627,0.00878654896915318,484286.698056808,4977002.5825051,-1.2079301894247,9.167,3
488,1,0,accepted,0.0708829434752187,0.00299055992126132,484287.139511106,4977001.44937175,-1.20389337356666,9.343,3
489,1,0,accepted,0.0820826254312814,-0.0317650907626417,484287.591815692,4977000.30408062,-1.19999140894629,9.039,3
490,1,0,accepted,0.0797281578562287,0.0920222333543707,484288.050332652,4976999.1953189,-1.1953924580611,10.197,3
491,1,0,accepted,0.0981332211451064,0.116598684242742,484288.500502025,4976998.06261502,-1.1912756785327,8.42,3
492,1,0,accepted,0.0828047724182316,0.129953300186982,484288.980852469,4976996.95250323,-1.18720323797891,8.693,3
493,1,0,accepted,0.0590616389535813,0.0419230335502396,484289.473077986,4976995.84843467,-1.18498035539718,8.881,3
494,1,0,accepted,0.0537015107688621,-0.0299635466231723,484289.956986493,4976994.73315096,-1.18275321468493,8.05,3
495,1,0,accepted,0.0712989580718282,-0.0720089416893776,484290.419514454,4976993.61602046,-1.17952738506498,8.12,3
496,1,0,accepted,0.0701045446388179,-0.076941401549289,484290.904879501,4976992.50226155,-1.17647886625371,8.155,3
497,1,0,accepted,0.0646216343937384,-0.08907843753373,484291.404033966,4976991.37678092,-1.17337552068293,8.139,3
498,1,0,accepted,0.062953019029016,0.0229904403936234,484291.897402495,4976990.26906791,-1.16813778267954,9.463,3
499,1,0,accepted,0.0475854124440637,0.0846546368258874,484292.407368555,4976989.16721244,-1.16332214133872,8.551,3
500,1,0,accepted,0.0447887478939091,0.0710504472011657,484292.908697634,4976988.0788289,-1.15998484889997,7.67,3
501,1,0,accepted,0.0342275270077531,-0.0177688069058348,484293.423716926,4976986.97916429,-1.1580581876864,8.132,3
502,1,0,accepted,0.0221886163188658,-0.0822335494501035,484293.950689325,4976985.85799502,-1.15592171560941,8.721,3
503,1,0,accepted,0.00864185240447142,-0.161234749762698,484294.463354815,4976984.75802901,-1.15438486375783,8.208,3
504,1,0,accepted,0.0398361758077244,-0.280364427027871,484294.989378078,4976983.62365611,-1.1515331772913,7.84,3
505,1,0,accepted,0.0556008700528207,-0.285627666337471,484295.51092799,4976982.50700347,-1.14868671310496,7.811,3
506,1,0,accepted,0.0527304043760556,0.00786611946496342,484296.064985638,4976981.42654577,-1.14033089494914,10.047,3
507,1,0,accepted,0.0587936715661068,0.149385422470154,484296.600724501,4976980.32637538,-1.13543576759146,8.748,3
508,1,0,accepted,0.0550555464502637,0.179352157127578,484297.128037646,4976979.23750128,-1.1325897278789,10.373,3
509,1,0,accepted,0.0445824175719948,0.146572876655891,484297.653803463,4976978.15606133,-1.13095826591862,9.451,3
510,1,0,accepted,0.019649873978016,0.0645481056102572,484298.163089133,4976977.08998339,-1.13050754200601,9.396,3
511,1,0,accepted,0.0210280825129794,0.0575817198178671,484298.682148628,4976975.99162796,-1.12851987611063,8.724,3
512,1,0,accepted,0.0506715640880126,0.126341893225872,484299.194066268,4976974.91714497,-1.12574205920635,10.073,3
513,1,0,accepted,0.0515310477969581,0.103974707088266,484299.72982459,4976973.82001524,-1.12472986535203,10.672,3
514,1,0,accepted,0.056444072455184,0.102941856448869,484300.265668842,4976972.71959919,-1.1236868580972,10.247,3
515,1,0,accepted,0.0501826989040815,0.0357081850193271,484300.821064627,4976971.58350288,-1.12405926688682,10.87,3
516,1,0,accepted,0.0465216755413866,0.0199249238905808,484301.363001821,4976970.49135441,-1.12413427587197,11.269,3
517,1,0,accepted,0.02855720645987,-0.100441083443424,484301.932311403,4976969.38737962,-1.12630641779178,11.863,3
518,1,0,accepted,0.0339378269303365,-0.117908049673359,484302.478187438,4976968.27737007,-1.12643340907052,10.53,3
519,1,0,accepted,0.0454907744609821,-0.0526036105896917,484303.017387402,4976967.16769046,-1.1252021658431,10.224,3
520,1,0,accepted,0.0482942662542353,0.0118866602853542,484303.563397722,4976966.06760116,-1.12417762520336,10.203,3
521,1,0,accepted,0.0505592918620426,0.0473051175054167,484304.108310249,4976964.96958368,-1.12407986573091,10.409,3
522,1,0,accepted,0.0450175460771744,0.0843819569498503,484304.664396506,4976963.87139374,-1.1247456057624,10.224,3
523,1,0,accepted,0.0421230177913132,0.0705130514844541,484305.215802588,4976962.77454233,-1.12582004456575,10.675,3
524,1,0,accepted,0.0395536006926744,0.0639554373748663,484305.768938238,4976961.67226469,-1.12731851680924,10.643,3
525,1,0,accepted,0.0532198387628422,0.0864112247309981,484306.303440774,4976960.58617858,-1.12856850367659,9.489,3
526,1,0,accepted,0.0544156701735038,-0.0128240105283693,484306.845872579,4976959.48330761,-1.13080286506291,9.643,3
527,1,0,accepted,0.0516414567285204,-0.00468596795157822,484307.396698239,4976958.38844111,-1.13277057089912,10.114,3
528,1,0,accepted,0.0533195872117981,-0.0125620475370182,484307.94397283,4976957.27518229,-1.13448085323679,9.393,3
529,1,0,accepted,0.0481739168937228,0.0070049471292085,484308.478270507,4976956.16949017,-1.13638251852734,8.56,3
530,1,0,accepted,0.0408597974534062,-0.031715348651372,484309.025774447,4976955.06333153,-1.13991832345077,9.047,3
531,1,0,accepted,0.0367907789080146,-0.0475354950238543,484309.56641181,4976953.94896203,-1.14321610993522,8.689,3
532,1,0,accepted,0.0286709436648564,0.0396651822799257,484310.097881729,4976952.82006918,-1.14492759238666,9.358,3
533,1,0,accepted,0.0253421487565677,0.0831487358689574,484310.639314032,4976951.68757409,-1.14801170893645,9.811,3
534,1,0,accepted,0.0226306377604779,0.106023130382812,484311.170288907,4976950.57530606,-1.15167355014772,8.955,3
535,1,0,accepted,0.0163046993851339,0.11579229623986,484311.699624683,4976949.46272127,-1.1551427557967,8.948,3
536,1,0,accepted,0.011374494303782,0.0485926407270045,484312.213921433,4976948.35188168,-1.15981896508328,9.295,3
537,1,0,accepted,0.00591034274196145,0.0605202217136593,484312.726305295,4976947.24349004,-1.1635135908171,9.216,3
538,1,0,accepted,0.00506426925435457,0.0290809361984704,484313.225435734,4976946.1184594,-1.16723407479266,8.903,3
539,1,0,accepted,0.0104179847579293,0.0669779965134942,484313.722195229,4976944.98390259,-1.1703277052838,8.142,3
540,1,0,accepted,0.0160196103962225,0.168183864673044,484314.220107629,4976943.85207301,-1.172747391956,9.114,3
541,1,0,accepted,0.0157527102928687,0.185247856773658,484314.713875139,4976942.72371795,-1.17614704520826,8.621,3
542,1,0,accepted,0.0222099823519778,0.205003116877903,484315.189145342,4976941.61224493,-1.17969169823563,8.546,3
543,1,0,accepted,0.0362063119999054,0.164770073869575,484315.673635884,4976940.44866248,-1.18388604511177,7.358,3
544,1,0,accepted,0.0426823490084143,0.158426459779776,484316.147417404,4976939.31859714,-1.18746606967429,7.17,3
545,1,0,accepted,0.0529720365554825,0.152008194894497,484316.615463616,4976938.1853767,-1.19103147710862,7.221,3
546,1,0,accepted,0.150547321714762,0.607645873225475,484316.9871245,4976937.05274814,-1.1868067181269,11.043,3
547,1,0,accepted,0.176888683507102,0.728772155326265,484317.430158982,4976935.9180544,-1.18828414837907,8.517,3
548,1,0,accepted,0.191855618162651,0.794016010933326,484317.879199285,4976934.78443162,-1.19074636580288,8.231,3
549,1,0,accepted,0.207672484824928,0.844826118626201,484318.330402387,4976933.63586333,-1.19359974561046,7.934,3
550,1,0,accepted,0.204179024817957,0.811981250626751,484318.784025779,4976932.50898049,-1.1977529762263,8.504,3
551,1,0,accepted,0.175934379139459,0.686867962413912,484319.265829819,4976931.36653925,-1.20409215501577,8.439,3
552,1,0,accepted,0.180396893500387,0.79288403043369,484319.711990533,4976930.21016273,-1.20594672592282,7.917,3
553,1,0,accepted,0.158550720903924,0.760697566250624,484320.179421016,4976929.04924763,-1.2102125321208,7.734,3
554,1,0,accepted,0.0875049403596356,0.526128529473286,484320.692786295,4976927.91026361,-1.21809493116682,8.458,3
555,1,0,accepted,0.0646868962208146,0.427538082028601,484321.151858282,4976926.7662695,-1.22337840647371,8.215,3
556,1,0,accepted,0.0394324825249922,0.308049632804459,484321.601625939,4976925.629908,-1.22884662172679,8.992,3
557,1,0,accepted,0.0248947434963481,0.287435020961005,484322.045658877,4976924.46900046,-1.23301738156116,8.251,3
558,1,0,accepted,0.0262536762094921,0.427081334894885,484322.480829885,4976923.28734186,-1.234306255561,8.943,3
559,1,0,accepted,0.0392550168434935,0.201117052825988,484322.931650571,4976922.10190921,-1.24168980475742,8.404,3
560,1,0,accepted,0.0387104141033301,0.145279580283741,484323.355755302,4976920.94366791,-1.24656221514087,8.45,3
561,1,0,accepted,0.0311572132669734,0.0496273814378523,484323.764841432,4976919.79429728,-1.25168775087514,8.223,3
562,1,0,accepted,0.0278543603821386,-0.00616849864686659,484324.176026951,4976918.62860362,-1.25603238204935,7.501,3
563,1,0,accepted,0.0231515292675432,-0.0430865838460761,484324.567548796,4976917.47634644,-1.26053573583429,7.437,3
564,1,0,accepted,0.0246816334977716,-0.0540186429355356,484324.957468593,4976916.30246388,-1.26395207809082,7.368,3
565,1,0,accepted,0.0337918981817846,-0.0827672257415298,484325.3424366,4976915.13190383,-1.26780591939778,7.262,3
566,1,0,accepted,0.0284270922393749,-0.0739966096112874,484325.732855819,4976913.97008925,-1.27073975655585,8.189,3
567,1,0,accepted,0.0389582133096748,-0.0703939304695775,484326.098044937,4976912.79197418,-1.27408690498466,8.305,3
568,1,0,accepted,0.0759161992634967,0.15149262653398,484326.436918958,4976911.62036418,-1.27342605458888,8.278,3
569,1,0,accepted,0.094227023818553,0.232373159047535,484326.796669898,4976910.45263238,-1.27525901130593,8.057,3
570,1,0,accepted,0.0933663948139871,0.273548300753459,484327.170664021,4976909.29214723,-1.27752821176729,8.452,3
571,1,0,accepted,0.106378329920275,0.32340944408001,484327.528892036,4976908.12518153,-1.2796815610171,7.929,3
572,1,0,accepted,0.0824887869928701,0.0916474232427018,484327.925007765,4976906.94754241,-1.28673031370113,8.382,3
573,1,0,accepted,0.0406715488686903,-0.0694245684757621,484328.332036355,4976905.77861319,-1.29242563382712,9.823,3
574,1,0,accepted,0.0338263999236732,-0.131684442281977,484328.702162956,4976904.601608,-1.29625235082401,8.638,3
575,1,0,accepted,0.0274117251632955,-0.154663885693356,484329.06540101,4976903.43877617,-1.29938036185789,8.905,3
576,1,0,accepted,0.0548535044286853,-0.10726235799501,484329.394662473,4976902.28504522,-1.30111871700534,8.078,3
577,1,0,accepted,0.0482550735327225,-0.167016511574101,484329.74909333,4976901.08837068,-1.30472099876196,9.254,3
578,1,0,accepted,0.0706578431932802,-0.128291968224904,484330.075095475,4976899.91482605,-1.30605361544332,7.933,3
579,1,0,accepted,0.0926859284484337,-0.0137043003435334,484330.39944304,4976898.7279148,-1.30636793596827,8.005,3
580,1,0,accepted,0.0385846915626872,-0.0493246480993585,484330.797748981,4976897.56901109,-1.30862967360351,8.869,3
581,1,0,accepted,0.0233634654860964,0.198514471155783,484331.17097523,4976896.3989007,-1.3058136140746,11.37,3
582,1,0,accepted,0.0383668879375097,0.288659349175768,484331.515883987,4976895.22545627,-1.30571192187109,9.909,3
583,1,0,accepted,0.0479608681604178,0.307637818410701,484331.845996793,4976894.07911809,-1.30744884100768,10.281,3
584,1,0,accepted,0.0579090999771278,0.262429731670455,484332.192149216,4976892.90736517,-1.30975676027862,9.839,3
585,1,0,accepted,0.0630981123862663,0.284005039405919,484332.523785039,4976891.73580478,-1.31105210068891,8.38,3
586,1,0,accepted,0.0418124361874059,0.28608335549878,484332.846278357,4976890.53527057,-1.31252051926411,9.07,3
587,1,0,accepted,0.0354382912572419,0.206469330641172,484333.170327072,4976889.3492089,-1.31530350768115,8.853,3
588,1,0,accepted,0.0305664953092199,0.126988213435603,484333.486894963,4976888.16672637,-1.31817118452584,7.112,3
589,1,0,accepted,0.0296336679377659,0.0200489519350395,484333.79420719,4976886.9633681,-1.32136333537376,7.093,3
590,1,0,accepted,0.042873586955245,-0.0589844030057166,484334.105402789,4976885.78949907,-1.32425948641244,6.865,3
591,1,0,accepted,0.0593508045393759,-0.104079661475494,484334.411647237,4976884.61208776,-1.32649829032374,6.682,3
592,1,0,accepted,0.0805800564853466,-0.155513002881082,484334.711972586,4976883.43070073,-1.32885348013133,6.882,3
593,1,0,accepted,0.100436875403677,-0.194676821716751,484335.012202627,4976882.25125456,-1.33087640493235,7.162,3
594,1,0,accepted,0.119217769346209,-0.213775193096325,484335.309142825,4976881.0834093,-1.33275909334974,6.713,3
595,1,0,accepted,0.138510726239424,-0.218709888662457,484335.606420577,4976879.90500095,-1.33438114311933,7.057,3
596,1,0,accepted,0.15942469880627,-0.222737339335307,484335.895745082,4976878.73890701,-1.33601762094061,6.555,3
597,0,1,acceptedDirectional,0.222729559435938,0.0488642491449813,484336.149162922,4976877.56086745,-1.33277378094607,16.91,2
598,0,1,acceptedDirectional,0.253902148082063,-0.0321531748432203,484336.444618046,4976876.40263707,-1.3351623164597,7.411,2
599,1,0,accepted,0.460452876563158,2.2111217223882,484336.571427171,4976875.44473812,-1.29728755087314,8.394,3
600,1,0,accepted,0.214000217502864,1.17991407632987,484337.145166673,4976874.26665666,-1.31697294490392,8.131,3
601,1,0,accepted,0.147108591356556,0.807962640100836,484337.531405679,4976873.10249239,-1.32501079466222,8.773,3
602,0,0,notConverged,0.163826188795601,0.795465555671523,484337.822580893,4976871.95814917,-1.32689253007234,10.224,2
603,0,1,acceptedDirectional,0.170339057741741,0.922986775590861,484338.139603554,4976870.84803825,-1.3265070200786,7.875,2
604,0,1,acceptedDirectional,0.183750862511351,0.910476860719793,484338.419202493,4976869.68734617,-1.32882827671588,7.377,2
605,1,0,accepted,0.0390919563646247,-0.498917934959645,484338.938033675,4976868.51446782,-1.35516435525277,8.142,3
606,1,0,accepted,0.00456952871206178,-0.497601467814633,484339.205660367,4976867.36931156,-1.35735989133075,6.374,3
607,1,0,accepted,0.0367771918607296,-0.541447913703414,484339.473767367,4976866.21580088,-1.36068467630836,7.099,3
608,1,0,accepted,0.0480755242080997,-0.532789891463362,484339.734153407,4976865.08346471,-1.36306416753026,6.843,3
609,1,0,accepted,0.0560126519156233,-0.639470404432491,484339.997908359,4976863.95640358,-1.36765451190236,7.019,3
610,1,0,accepted,0.0477404064519002,-0.807305009332453,484340.278180309,4976862.82007061,-1.3738043685306,7.459,3
611,1,0,accepted,0.0484036774201662,-1.01241487972293,484340.550789476,4976861.6708087,-1.38086294349658,6.749,3
612,1,0,accepted,0.0695568817778807,-1.22286558803561,484340.79560218,4976860.59773969,-1.3879928883657,7.645,3
613,1,0,accepted,0.0755388030660465,-1.02004895319167,484341.044213591,4976859.46527089,-1.3884849373715,7.687,3
614,1,0,accepted,0.093370285897626,-1.05454695245912,484341.285093377,4976858.3298567,-1.39361629624511,7.794,3
615,1,0,accepted,0.12225415212848,-1.02106192773775,484341.511731674,4976857.18715007,-1.39850962329365,6.815,3
616,1,0,accepted,0.0504360448912628,-0.117373769771914,484341.80764889,4976856.11303652,-1.38907253897177,7.471,3
617,1,0,accepted,0.0478142824039396,-0.0817111244103909,484342.043977881,4976854.99548894,-1.395293002822,6.941,3
618,1,0,accepted,0.0460842891973095,-0.0672388289133525,484342.277241542,4976853.85429386,-1.40219252531878,6.484,3
619,1,0,accepted,0.0495706363018338,-0.0114492938222278,484342.49114484,4976852.73328915,-1.40930363093789,6.63,3
620,1,0,accepted,0.0472963898491988,0.0304890264372009,484342.706480949,4976851.62718704,-1.41667679640001,6.998,3
621,1,0,accepted,0.0499249430361115,0.0827179801313338,484342.914860624,4976850.5277751,-1.4247154720896,6.609,3
622,1,0,accepted,0.0635075263902378,0.155296062472712,484343.110333572,4976849.41621477,-1.43338063747112,6.501,3
623,1,0,accepted,0.0683481427629561,0.296957917746506,484343.307596589,4976848.3039192,-1.44243918962895,6.754,3
624,1,0,accepted,0.0665121877339456,0.3309382328881,484343.490167317,4976847.1733246,-1.45347283797435,6.177,3
625,1,0,accepted,0.0584027387561225,0.443999279884623,484343.679210106,4976846.04051479,-1.46366507456397,7.076,3
626,0,1,acceptedDirectional,0.0737779647176826,0.189025225851392,484343.866828306,4976844.93459373,-1.48033998947965,7.977,2
627,0,1,acceptedDirectional,0.119973952657732,-0.168398634032498,484344.069546994,4976843.80902227,-1.49857057978575,8.299,2
628,0,1,acceptedDirectional,0.12023923309666,-0.302278506773178,484344.18858477,4976842.68389115,-1.51294551500705,7.894,2
629,0,1,acceptedDirectional,0.0782451500935436,0.164718980528859,484344.188272533,4976841.54071918,-1.51726023067787,7.586,2
630,1,0,accepted,0.120283064924811,0.547536510119032,484344.180286443,4976840.37376529,-1.52228938643544,7.352,3
631,1,0,accepted,0.155837495467627,0.725504603243887,484344.22163772,4976839.25726092,-1.53168921678936,7.895,3
632,1,0,accepted,0.0245412290783068,0.291527515517167,484344.405742047,4976838.07877922,-1.55187163048821,8.466,3
633,1,0,accepted,0.0322084411629943,0.252154825522614,484344.445369773,4976836.9535778,-1.56354178457801,7.177,3
634,1,0,accepted,0.0395922892800001,0.277151360385002,484344.468697032,4976835.83721004,-1.57443428235114,8.164,3
635,1,0,accepted,0.041912397741799,0.254600277083276,484344.47947128,4976834.70492411,-1.5850370834197,7.061,3
636,0,1,acceptedDirectional,0.0468706711921168,0.269781213652789,484344.488325254,4976833.58357255,-1.59425911168189,7.455,2
637,0,1,acceptedDirectional,0.0482078392292448,0.25581960010243,484344.47552105,4976832.45082107,-1.60296887232056,6.849,2
638,1,0,accepted,0.032965924782573,0.192516382537652,484344.459515007,4976831.29502568,-1.6112982840297,7.193,3
639,1,0,accepted,0.0503006165350807,0.250046624001306,484344.415677553,4976830.16700231,-1.61644046517073,7.313,3
640,1,0,accepted,0.0395332048667809,0.0595639737833264,484344.386171683,4976828.9987022,-1.6250915515323,7.586,3
641,1,0,accepted,0.0414556234661951,0.0374590187312162,484344.344455618,4976827.86614032,-1.63048576314086,6.875,3
642,1,0,accepted,0.0177222523855949,-0.234659007410843,484344.324329432,4976826.72247515,-1.64001061421399,8.097,3
643,1,0,accepted,0.0169344222662801,-0.319603130757196,484344.27178551,4976825.58171009,-1.64609899944129,7.89,3
644,1,0,accepted,0.0199659157433177,-0.411047286064754,484344.212101972,4976824.43311324,-1.65155080959945,7.36,3
645,1,0,accepted,0.0654467654534355,-0.0902648849216021,484344.110428947,4976823.25297496,-1.64951246077734,8.058,3
646,1,0,accepted,0.0342110434354779,-0.133134552330119,484344.064470414,4976822.1327224,-1.65390960092895,10.757,3
647,1,0,accepted,0.0388250959146034,-0.149041098458984,484343.98908048,4976820.97866271,-1.65766672958345,8.339,3
648,1,0,accepted,0.0501476198323707,-0.0359061970667916,484343.90404469,4976819.81716521,-1.65868395561293,9.726,3
649,1,0,accepted,0.0237346887570753,0.173297868516978,484343.857403218,4976818.65139274,-1.65736919905859,9.542,3
650,1,0,accepted,0.0248232254652554,0.140417339208089,484343.769059677,4976817.48623128,-1.65959287645554,8.289,3
651,1,0,accepted,0.0282321673795259,0.107691834464827,484343.677271703,4976816.31773092,-1.6617723701514,8.944,3
652,1,0,accepted,0.0215898272770491,0.0118913939647574,484343.59231114,4976815.15267469,-1.66402237753295,9.556,3
653,1,0,accepted,0.027105672764027,-0.0470047781108153,484343.490854958,4976813.98005563,-1.66557344922386,6.782,3
654,1,0,accepted,0.045522948487363,-0.14955414252621,484343.381129841,4976812.81585924,-1.66785508017408,8.823,3
655,1,0,accepted,0.0246394119809998,0.00494380409094277,484343.309351893,4976811.63015877,-1.66562243554102,9.226,3
656,1,0,accepted,0.0300521836449217,0.0172822437355762,484343.210115768,4976810.44365049,-1.66586724275416,7.124,3
657,1,0,accepted,0.0508836731498092,-0.0353273492366525,484343.096189998,4976809.26162263,-1.66693699046995,6.961,3
658,1,0,accepted,0.0583090839083958,0.0150344543975715,484342.992177629,4976808.05752468,-1.66628221427917,7.249,3
659,1,0,accepted,0.138695021918597,0.38866162299929,484342.825732252,4976806.90328368,-1.65999619853744,8.198,3
660,1,0,accepted,0.171931297862112,0.630319330344929,484342.696304755,4976805.71281505,-1.65621630652631,7.561,3
661,1,0,accepted,0.114644342083315,0.0847898435908842,484342.650299439,4976804.48360222,-1.66604179785066,8.332,3
662,1,0,accepted,0.0957587243876502,-0.135645895473158,484342.569600133,4976803.26880235,-1.6704117722714,7.408,3
663,1,0,accepted,0.109882298445525,-0.208239343874354,484342.459126342,4976802.06887622,-1.67259858890843,7.465,3
664,1,0,accepted,0.15267921375425,-0.233809806505956,484342.320905292,4976800.87225759,-1.67316930032347,6.555,3
665,1,0,accepted,0.145187042838465,-0.368765729530498,484342.223036149,4976799.63639408,-1.67627598552625,7.892,3
666,1,0,accepted,0.147910270542133,-0.313444348363036,484342.117597599,4976798.3945143,-1.67604927389221,7.461,3
667,1,0,accepted,0.182284622735751,-0.22539238747775,484341.983530764,4976797.15437916,-1.67550614582694,7.451,3
668,1,0,accepted,0.216706477250085,-0.227089253130031,484341.849729993,4976795.91521847,-1.67632742317718,7.056,3
669,1,0,accepted,0.154566700494265,-1.1050101397455,484341.89460872,4976794.58404286,-1.69239173782895,8.411,3
670,1,0,accepted,0.0821918696431225,-0.459700753900101,484341.787447621,4976793.45113253,-1.68150397255834,8.888,3
671,1,0,accepted,0.0346317259639544,-0.734580796442747,484341.724009939,4976792.2837187,-1.68671107045896,7.985,3
672,1,0,accepted,0.0147704274014624,-0.351475320231982,484341.631454576,4976791.04365877,-1.68076674540463,9.8,3
673,1,0,accepted,0.0278556378578722,-0.288210221539669,484341.512051833,4976789.8013448,-1.68039282383453,7.319,3
674,1,0,accepted,0.0344589156388175,-0.22683809424055,484341.396975887,4976788.57460684,-1.67987636226784,6.75,3
675,1,0,accepted,0.0510498934725595,-0.229108195233116,484341.270422231,4976787.3441475,-1.68022172887819,6.903,3
676,1,0,accepted,0.0616968792956928,-0.278808375576361,484341.148304157,4976786.12132221,-1.68150367615323,6.757,3
677,1,0,accepted,0.0794452975583224,-0.320197602668532,484341.020067207,4976784.87940113,-1.68283879137646,8.094,3
678,1,0,accepted,0.094210018116251,-0.308105634406522,484340.894280646,4976783.63759322,-1.68336287221341,7.321,3
679,1,0,accepted,0.11386658491776,-0.34153305566749,484340.761498019,4976782.38235339,-1.68453614891532,7.223,3
680,1,0,accepted,0.0516245009730986,-0.104905356087167,484340.713860801,4976781.16132534,-1.68123850573245,11.135,3
681,1,0,accepted,0.0352334122238675,0.120552967188257,484340.670722706,4976779.89943848,-1.67751639800335,9.468,3
682,1,0,accepted,0.0306965852605435,0.0106526586092334,484340.557009535,4976778.66137446,-1.68013304227353,7.896,3
683,1,0,accepted,0.0254488159644049,-0.0132732373607653,484340.441142902,4976777.42428555,-1.68077837751693,8.621,3
684,1,0,accepted,0.0201355865172135,-0.0243672877210951,484340.320420325,4976776.18712613,-1.68138867549782,8.837,3
685,1,0,accepted,0.0162263447172675,-0.0023907623519835,484340.186320236,4976774.95390303,-1.68110858345078,8.178,3
686,1,0,accepted,0.0366253818217527,-0.0784117936967437,484340.084142542,4976773.7123152,-1.68264593170478,8.498,3
687,1,0,accepted,0.0295623598489703,-0.0155412481741535,484339.943313731,4976772.48245897,-1.68183538262686,7.42,3
688,1,0,accepted,0.0355173991369104,-0.00874744243911881,484339.816824501,4976771.23378891,-1.68210371513221,6.948,3
689,1,0,accepted,0.0411213840310878,-0.00162773155750784,484339.687183418,4976769.98482321,-1.68218710324053,7.197,3
690,1,0,accepted,0.0319415176850257,-0.102327412829722,484339.572261095,4976768.72103875,-1.68416775413306,8.906,3
691,1,0,accepted,0.0425844457778483,-0.0785238855016329,484339.431772687,4976767.46025734,-1.68407826106671,9.04,3
692,1,0,accepted,0.0497847375053057,-0.119539131672218,484339.299668268,4976766.19875495,-1.68465563296408,8.843,3
693,1,0,accepted,0.0506461308089043,-0.12380384796905,484339.175059806,4976764.95434835,-1.6849451759093,10.324,3
694,1,0,accepted,0.045500967255638,-0.12418764743942,484339.055817517,4976763.69149025,-1.68551944455988,8.57,3
695,1,0,accepted,0.032061078316993,-0.288914212208823,484338.952141454,4976762.45069583,-1.68929465364528,7.618,3
696,1,0,accepted,0.0313778268192924,-0.377146432823406,484338.82566572,4976761.17831556,-1.69164473883155,7.584,3
697,1,0,accepted,0.0465175213583173,-0.417556409094792,484338.691894756,4976759.90858498,-1.69292075715283,6.853,3
698,1,0,accepted,0.0667189723089713,-0.460636147997996,484338.55242758,4976758.65266784,-1.69434025066242,6.475,3
699,1,0,accepted,0.0772889175181134,-0.556271236467616,484338.415455763,4976757.39602061,-1.6967886956526,6.631,3
700,1,0,accepted,0.0928390713284352,-0.558766476382421,484338.277736102,4976756.16462592,-1.69779312772567,6.829,3
701,1,0,accepted,0.110895112208884,-0.563830531646987,484338.135851992,4976754.92064487,-1.69859975211739,6.503,3
702,1,0,accepted,0.124204515295941,-0.578029254585077,484337.996498549,4976753.6777947,-1.69970441249766,6.254,3
703,1,0,accepted,0.143492835080091,-0.610252919166847,484337.851270156,4976752.4309341,-1.70066040687518,6.24,3
704,1,0,accepted,0.155771068512193,-0.491976087988668,484337.711863331,4976751.18134338,-1.6998285746522,6.772,3
705,1,0,accepted,0.0119383469126295,0.191478179460653,484337.744252647,4976749.98170589,-1.68815739925074,8.73,3
706,1,0,accepted,0.00763294145148041,0.15143124911234,484337.604492613,4976748.74892988,-1.6893509246405,6.766,3
707,1,0,accepted,0.0173156959515262,0.153497825834918,484337.459436854,4976747.5126573,-1.69028534449325,5.98,3
708,1,0,accepted,0.0280934097352606,0.156422676376099,484337.315416128,4976746.27532366,-1.69112870597429,6.633,3
709,0,1,acceptedDirectional,0.0347469702840056,0.165426022548664,484337.175193203,4976745.04730446,-1.69181998117241,7.047,2
710,0,1,acceptedDirectional,0.0452534568542071,0.171553600865707,484337.029004978,4976743.81690519,-1.69311189815709,6.89,2
711,1,0,accepted,0.0335909174295548,0.00194257161640625,484336.910399333,4976742.56342252,-1.69787655965549,7.054,3
712,1,0,accepted,0.039532318072516,-0.0400814582847243,484336.766610889,4976741.31925378,-1.70069987186099,7.132,3
713,1,0,accepted,0.032091645571338,-0.061484087288414,484336.628260626,4976740.12164717,-1.70402074398568,6.963,3
714,1,0,accepted,0.0187844102709062,-0.29808432613264,484336.506180513,4976738.89291072,-1.71052089372767,7.339,3
715,1,0,accepted,0.023739862608417,-0.331303115989109,484336.353610718,4976737.65079548,-1.714864696064,7.53,3
716,1,0,accepted,0.0094912578458901,-0.389077645253622,484336.220104062,4976736.43759037,-1.71989537947802,7.91,3
717,1,0,accepted,0.0329063078065354,-0.0570348741862158,484336.040741145,4976735.25161933,-1.71879625955758,7.48,3
718,1,0,accepted,0.0344644395464857,-0.00159776962102087,484335.879401597,4976734.02479142,-1.72330954714646,7.025,3
719,1,0,accepted,0.0305832716014897,-0.0227669563261354,484335.721653004,4976732.80193342,-1.72940516631984,6.529,3
720,1,0,accepted,0.0462485394413112,-0.0299596797245864,484335.549277296,4976731.62324229,-1.73590686096421,6.758,3
721,1,0,accepted,0.0344475074879353,-0.0843397280519575,484335.38178184,4976730.40917217,-1.74284525012878,6.537,3
722,1,0,accepted,0.0214601385819359,0.0125820423566353,484335.219836889,4976729.20630991,-1.74701318949234,8.546,3
723,1,0,accepted,0.0277984864637562,-0.130718351569157,484335.013402399,4976727.96452647,-1.75553916462168,6.816,3
724,1,0,accepted,0.0321991828906293,-0.0887402989188589,484334.817836154,4976726.75992859,-1.76106961562107,7.335,3
725,1,0,accepted,0.0406952283478676,-0.066292483809315,484334.602086322,4976725.57151802,-1.76734943767797,7.77,3
726,1,0,accepted,0.0488305209529653,-0.0177621206990394,484334.388594088,4976724.38502319,-1.77325107027432,7.946,3
727,1,0,accepted,0.0503482776468419,-0.0116914922984861,484334.162184704,4976723.18748086,-1.77924901182343,8.624,3
728,1,0,accepted,0.0506556850668196,0.0438715483390503,484333.932204673,4976722.01109162,-1.78465639800329,7.543,3
729,1,0,accepted,0.052582073735802,0.0925999058346359,484333.694324388,4976720.85152584,-1.79022111758457,7.202,3
730,1,0,accepted,0.0489561024315013,0.079325904398024,484333.457486213,4976719.69411046,-1.79531846270898,7.372,3
731,1,0,accepted,0.0551555764319613,0.154540575363987,484333.204235072,4976718.53032307,-1.80032071086605,6.928,3
732,1,0,accepted,0.0690279387645276,0.146509236386588,484332.936396301,4976717.35460244,-1.80545515504568,7.114,3
733,1,0,accepted,0.048076687651814,0.119433938906271,484332.696641639,4976716.18610197,-1.81067909600032,7.702,3
734,1,0,accepted,0.0253009494156671,0.0646501292149562,484332.459505742,4976715.03066474,-1.81614033057873,9.289,3
735,1,0,accepted,0.00591309193921307,-0.0124297333963291,484332.223106938,4976713.88287244,-1.82127965872149,9.062,3
736,1,0,accepted,0.00936167902297294,-0.0451329286324764,484331.940561414,4976712.71830665,-1.82544313893033,9.069,3
737,1,0,accepted,0.0184650272666976,-0.0142547782117338,484331.656290866,4976711.57873679,-1.82821998667615,8.865,3
738,1,0,accepted,0.0350778137596462,0.0499542438388844,484331.364346542,4976710.43988499,-1.83042820653459,8.578,3
739,1,0,accepted,0.0319430089794059,0.00723380769826073,484331.093538214,4976709.31085472,-1.83416923768786,10.104,3
740,1,0,accepted,0.0478383227229147,0.0761011091469655,484330.798418476,4976708.15859537,-1.83554004748174,9.601,3
741,1,0,accepted,0.0591069387905989,0.12435565508059,484330.504307766,4976707.02705602,-1.83668632147979,9.493,3
742,1,0,accepted,0.0570065186290011,0.111852849464899,484330.220798633,4976705.90107482,-1.83882962850133,9.196,3
743,1,0,accepted,0.0555629008169429,0.103786113345646,484329.934558819,4976704.77853532,-1.84026242487097,9.537,3
744,1,0,accepted,0.0577747274671991,0.10392183621981,484329.645673016,4976703.66546314,-1.84137617976536,8.869,3
745,1,0,accepted,0.0509426996711125,-0.000548419746736327,484329.368823538,4976702.55481061,-1.84439253894472,8.364,3
746,1,0,accepted,0.0553222113242049,0.0292946136080594,484329.069302124,4976701.41864337,-1.84499619593224,8.283,3
747,1,0,accepted,0.0564767471003739,0.0495226047298942,484328.778610428,4976700.29774435,-1.84559223768758,8.654,3
748,1,0,accepted,0.0390013171883844,-0.309751460580221,484328.514640745,4976699.15464817,-1.85251024874431,7.105,3
749,1,0,accepted,0.0618326680151946,-0.0401520398373385,484328.196294637,4976698.0470461,-1.8487857675046,7.81,3
750,1,0,accepted,0.0517926410329228,-0.0445732685314083,484327.906791039,4976696.96548888,-1.84904593123817,8.409,3
751,1,0,accepted,0.0545458315193504,-0.0133984489750761,484327.610161494,4976695.86399099,-1.84905770120885,8.421,3
752,1,0,accepted,0.0504254713495925,0.0192247946143588,484327.320287044,4976694.75637941,-1.84928018951178,7.875,3
753,1,0,accepted,0.0237094840285248,0.0568780440081571,484327.054773513,4976693.67169828,-1.84865886352194,9.25,3
754,1,0,accepted,0.015611670656496,0.0883045345374602,484326.769513449,4976692.57605467,-1.84906468512637,8.326,3
755,1,0,accepted,0.015567889280788,0.0845247149347457,484326.476995355,4976691.48275793,-1.84937981198501,8.638,3
756,1,0,accepted,0.0144098946283616,0.0726435183022506,484326.187360837,4976690.40060284,-1.84992782209347,7.643,3
757,1,0,accepted,0.0227090450408011,0.0386937642037762,484325.890451065,4976689.32230224,-1.85066074756389,8.132,3
758,1,0,accepted,0.0344241444727161,0.0624288925938468,484325.587312473,4976688.23511479,-1.85078596801673,7.92,3
759,1,0,accepted,0.0423038243280716,0.0656741371975665,484325.288734552,4976687.15299414,-1.85023158397545,8.356,3
760,1,0,accepted,0.0408806327303222,0.0858700309281333,484325.003872066,4976686.08497989,-1.8484237782133,8.412,3
761,1,0,accepted,0.041333024585354,0.111034956697411,484324.715978144,4976685.00663237,-1.84660946678344,9.327,3
762,1,0,accepted,0.0321598956911427,0.100890308679907,484324.440425233,4976683.93918672,-1.84378413941332,9.941,3
763,1,0,accepted,0.0180850109486439,0.151533104477439,484324.176147881,4976682.8799943,-1.83933513358379,8.998,3
764,1,0,accepted,0.0278315242521972,0.0720269176752687,484323.893297244,4976681.83822264,-1.83638423578567,8.586,3
765,1,0,accepted,0.0388956861386559,0.0182938960433118,484323.616166088,4976680.80230991,-1.83282576463219,8.177,3
766,1,0,accepted,0.0513853956260124,-0.0148406416721005,484323.341879284,4976679.76587485,-1.8288782784796,8.238,3
767,1,0,accepted,0.06118029572815,-0.0284886927616905,484323.079549041,4976678.75130509,-1.82420448965264,6.651,3
768,1,0,accepted,0.083378687410966,-0.0631800664856412,484322.808809948,4976677.73789589,-1.8192348643775,7.102,3
769,1,0,accepted,0.105195152186836,-0.0670909855537114,484322.543843223,4976676.7198445,-1.81345126674168,6.891,3
770,1,0,accepted,0.0784439694086551,-0.56118895740433,484322.33803866,4976675.66347283,-1.81481198619659,7.848,3
771,1,0,accepted,0.129490605488634,0.153635805080855,484322.059225079,4976674.68868008,-1.7948342992273,8.154,3
772,1,0,accepted,0.131737429401706,0.255922746638358,484321.844485465,4976673.68870222,-1.78494247186868,7.433,3
773,1,0,accepted,0.125394843577645,0.162479987314955,484321.647627632,4976672.72962083,-1.77811117005077,7.772,3
774,1,0,accepted,0.117174774424756,0.221185363799315,484321.463187779,4976671.75947285,-1.76762824976573,7.44,3
775,1,0,accepted,0.108800076174937,0.19052435625711,484321.301715411,4976670.85830711,-1.75922883821881,7.519,3
776,1,0,accepted,0.0604255952071348,-0.225767315431374,484321.19852545,4976669.99307787,-1.75611789288367,6.994,3
777,1,0,accepted,0.0634443575065635,-0.292623409566525,484321.032714527,4976669.0448393,-1.74602895851763,7.059,3
778,1,0,accepted,0.0610389670181714,-0.261360782050184,484320.863960856,4976668.10932274,-1.73418703551327,6.98,3
779,1,0,accepted,0.152244005732991,0.254525284906851,484320.663962018,4976667.06123041,-1.71336901271967,8.545,3
780,1,0,accepted,0.0883165763953084,-0.00211100347026617,484320.568579297,4976666.21111327,-1.70556072385286,7.918,3
781,1,0,accepted,0.0744754552660583,-0.0504763680564555,484320.457076888,4976665.32133686,-1.69376864527939,7.393,3
782,1,0,accepted,0.0626819718107367,-0.148546560577602,484320.354030378,4976664.44793117,-1.68214625613289,7.06,3
783,1,0,accepted,0.0573771396281815,-0.166282764427573,484320.266367056,4976663.57777507,-1.6685245531122,7.159,3
784,1,0,accepted,0.0626673707221338,-0.212039585770627,484320.18471081,4976662.73206572,-1.65451970517715,7.554,3
785,1,0,accepted,0.0591779546280111,-0.180271501691476,484320.124297706,4976661.8737165,-1.63876438601179,7.138,3
786,1,0,accepted,0.0576034162261909,-0.112724719229263,484320.076589254,4976661.02553256,-1.62199343073318,7.288,3
787,1,0,accepted,0.0433181871291189,-0.0334317101076121,484320.051458831,4976660.17821956,-1.60369040686168,8.108,3
788,1,0,accepted,0.0509623619681237,-0.0373025769187944,484320.020779731,4976659.35797795,-1.5864802394827,7.622,3
789,1,0,accepted,0.0428211484816036,-0.051258299166952,484320.010942343,4976658.52635354,-1.56839411008321,7.485,3
790,1,0,accepted,0.034259065126132,0.0196964315021059,484320.023410539,4976657.70064523,-1.54818183492726,7.879,3
791,1,0,accepted,0.0422864001659709,-0.0476022197466535,484320.041146865,4976656.91178407,-1.52982146494731,6.779,3
792,1,0,accepted,0.0468032949490892,-0.0542551707414776,484320.063468498,4976656.0997078,-1.50971568211471,7.941,3
793,1,0,accepted,0.0627060109751703,-0.106696937812382,484320.101776232,4976655.30830511,-1.48954086549412,7.827,3
794,1,0,accepted,0.0681014346818375,-0.123208159637503,484320.16112664,4976654.51415149,-1.46830118699037,6.708,3
795,1,0,accepted,0.0765839538963074,-0.125113793757082,484320.227706324,4976653.70956394,-1.44584631558303,6.722,3
796,1,0,accepted,0.0831012077838774,-0.130684573547339,484320.320741992,4976652.93493136,-1.42313662948438,6.972,3
797,1,0,accepted,0.0816580535242534,-0.180654398220985,484320.432627754,4976652.16044895,-1.40033106703567,7.096,3
798,1,0,accepted,0.0724636661692899,-0.190418817974366,484320.551618959,4976651.39051549,-1.37676155397197,7.958,3
799,1,0,accepted,0.0578676712568076,-0.222265445763859,484320.69534534,4976650.62538799,-1.35323101537274,8.602,3
800,1,0,accepted,0.0473638606419095,-0.240627727982946,484320.853308661,4976649.87101622,-1.329415843852,7.69,3
801,1,0,accepted,0.0441910778660226,-0.249902652246848,484321.00991545,4976649.12810275,-1.30592350653888,7.173,3
802,1,0,accepted,0.0280541088923108,-0.208145908634035,484321.20217527,4976648.38242299,-1.28147990295867,7.272,3
803,1,0,accepted,0.0185445062749056,-0.221550372753982,484321.410416399,4976647.64240025,-1.25780447100864,7.569,3
804,1,0,accepted,0.0202070986014885,-0.199808692564272,484321.62484048,4976646.92807336,-1.23412246778655,6.755,3
805,1,0,accepted,0.0351567508723723,-0.146272528756791,484321.867306605,4976646.19767013,-1.20965427170913,7.227,3
806,1,0,accepted,0.0582441241322869,-0.0830607805898927,484322.141790528,4976645.48577244,-1.18536886372244,7.366,3
807,1,0,accepted,0.0498555334787908,0.20289037077375,484322.388783251,4976644.80094133,-1.15725338840108,6.875,3
808,1,0,accepted,0.0562985083344655,0.260317068618867,484322.696464449,4976644.09833046,-1.13324423129671,8.232,3
809,1,0,accepted,0.0692864109187231,0.293415879062719,484323.019815234,4976643.40756671,-1.1103451806463,7.719,3
810,1,0,accepted,0.0593377773976263,0.155726019474433,484323.35132477,4976642.73746162,-1.08985616557311,8.217,3
811,1,0,accepted,0.061630101990407,0.163914741348248,484323.68966367,4976642.07215053,-1.06714602142878,7.781,3
812,1,0,accepted,0.0563406180630216,0.139945209482962,484324.03737338,4976641.42223556,-1.04525861740572,6.723,3
813,1,0,accepted,0.0530523657997688,0.0939190994554305,484324.402373653,4976640.77886,-1.0236820368762,6.725,3
814,1,0,accepted,0.0368767882049261,0.208543307472511,484324.783268928,4976640.16430408,-0.999256331789076,7.54,3
815,1,0,accepted,0.037586729356461,0.242393800127358,484325.185401454,4976639.56825503,-0.976370868234012,6.828,3
816,1,0,accepted,0.0482375621124864,0.178580613390845,484325.598494997,4976638.94433008,-0.954725747299176,7.419,3
817,1,0,accepted,0.0716348398527732,0.170411246979771,484326.021747498,4976638.36090867,-0.932721522942819,9.624,3
818,1,0,accepted,0.0450825730001908,0.16443768118181,484326.476054555,4976637.73201995,-0.910412401478242,6.955,3
819,1,0,accepted,0.0357969625526453,0.0819316982407343,484326.936780507,4976637.12321054,-0.889182242119303,6.68,3
820,1,0,accepted,0.0327800297941963,0.0993252686617621,484327.411605756,4976636.52988151,-0.866404376612885,6.979,3
821,1,0,accepted,0.0371215664325187,0.0637122799762375,484327.896328481,4976635.94565609,-0.844282447798674,8.338,3
822,1,0,accepted,0.0497063098438529,0.0702606017080018,484328.386399446,4976635.40383372,-0.821481331020611,6.916,3
823,1,0,accepted,0.0542789355171746,0.00955950950816703,484328.899334443,4976634.82611111,-0.799344340169338,7.263,3
824,1,0,accepted,0.0497967498174003,0.0415396349110863,484329.432977331,4976634.27204837,-0.776010929803807,7.186,3
825,1,0,accepted,0.05269160720209,0.0118924612874033,484329.978193849,4976633.73096612,-0.753363544362585,6.821,3
826,1,0,accepted,0.0639803889290189,0.039276128356892,484330.533192088,4976633.19234593,-0.730028545929348,8.625,3
827,1,0,accepted,0.063949479556452,0.0444703022364713,484331.110428014,4976632.66458638,-0.706848001463737,7.024,3
828,1,0,accepted,0.0381341225736383,0.10655612548691,484331.707156174,4976632.16408857,-0.682679228942143,6.87,3
829,1,0,accepted,0.0375419504994069,0.155319816153834,484332.29424355,4976631.66255002,-0.659198698926575,8.419,3
830,1,0,accepted,0.0267786565358725,0.10926030123326,484332.901867558,4976631.17992097,-0.63750090373547,7.564,3
831,1,0,accepted,0.0245794533520459,0.10234335464648,484333.518163297,4976630.70732432,-0.615234247106691,6.87,3
832,1,0,accepted,0.0394930716887946,0.133863352138756,484334.131557272,4976630.23223496,-0.591900314918385,6.823,3
833,1,0,accepted,0.0321403042614504,0.0837146969222754,484334.783913278,4976629.76854861,-0.570475163243485,7.085,3
834,1,0,accepted,0.01635033956032,0.0408542670597549,484335.453850643,4976629.33260083,-0.549246846847574,7.194,3
835,1,0,accepted,0.0164920188376135,0.065477408134927,484336.120887246,4976628.90195118,-0.526858121427724,6.78,3
836,1,0,accepted,0.0297694603831047,0.0685787381756511,484336.793437791,4976628.48787532,-0.504738935180028,8.046,3
837,1,0,accepted,0.0250312184060367,0.0219776904958399,484337.476983203,4976628.08826606,-0.484053577555163,7.698,3
838,1,0,accepted,0.0282170268037166,0.0266801354159896,484338.158156726,4976627.70044483,-0.462399615310353,6.653,3
839,1,0,accepted,0.012515056133591,-0.0281104654789796,484338.880246979,4976627.31227039,-0.441938523365322,8.002,3
840,1,0,accepted,0.0242321491892299,-0.0283607342061177,484339.594515701,4976626.93365606,-0.420857512915013,8.7,3
841,1,0,accepted,0.0326957276572106,-0.0125197492786385,484340.332772342,4976626.57566975,-0.400067729973884,8.424,3
842,1,0,accepted,0.0403752698894674,0.0696636895477684,484341.077526643,4976626.24044299,-0.379057515536972,7.717,3
843,1,0,accepted,0.0327957427763218,0.0127743316140627,484341.808456509,4976625.9270481,-0.3609710426109,6.647,3
844,1,0,accepted,0.0230866057065229,-0.0147604583578276,484342.546285439,4976625.62077005,-0.342817229317508,6.801,3
845,1,0,accepted,0.014546500979883,-0.0634863316471473,484343.305709974,4976625.33966023,-0.325725229160907,6.741,3
846,1,0,accepted,0.0290539189887347,-0.0586357550569605,484344.095390904,4976625.06750823,-0.308042584813882,6.53,3
847,1,0,accepted,0.0382687433269446,-0.0784824808986506,484344.883359571,4976624.80782702,-0.291532558259506,6.859,3
848,1,0,accepted,0.0285202819289663,-0.183652062105364,484345.684038829,4976624.55251685,-0.277125112338404,7.892,3
849,1,0,accepted,0.027747425786201,-0.200965119759145,484346.505605061,4976624.33830847,-0.261936700885038,7.256,3
850,1,0,accepted,0.0238467894692738,-0.213558717555117,484347.308267589,4976624.12664934,-0.248036380324014,6.992,3
851,1,0,accepted,0.0180166529664117,-0.218416292362469,484348.146714325,4976623.90467983,-0.234217818192092,6.602,3
852,1,0,accepted,0.0185025513575598,-0.227287044676171,484348.990502272,4976623.70761789,-0.221450626380109,7.068,3
853,1,0,accepted,0.0224768665582554,-0.218860250428517,484349.848944247,4976623.52047957,-0.209663708024772,7.063,3
854,1,0,accepted,0.0530297095591886,-0.293724991715276,484350.718541584,4976623.38480598,-0.199942274923126,6.615,3
855,1,0,accepted,0.0524147749450074,-0.0972449465071496,484351.596916065,4976623.18533411,-0.186490259721702,8.194,3
856,1,0,accepted,0.0431409913081791,-0.0139422794695128,484352.448889219,4976623.05166257,-0.176108623998118,8.326,3
857,1,0,accepted,0.0434706154386299,0.0754026061109277,484353.331392687,4976622.89238126,-0.166234821450271,8.236,3
858,1,0,accepted,0.0189311202769138,0.0953093814324675,484354.229318133,4976622.74341591,-0.158279561030818,7.978,3
859,1,0,accepted,0.018056216383762,0.0618172129717947,484355.150626347,4976622.62086591,-0.1514427051349,8.38,3
860,1,0,accepted,0.0271219054671071,0.0923311812782668,484356.070066996,4976622.48538729,-0.144029862223705,8.162,3
861,1,0,accepted,0.0223413155165255,0.0264646953575711,484356.998096474,4976622.38200764,-0.137962352256551,9.023,3
862,1,0,accepted,0.0516185114482664,0.109420644942929,484357.929334078,4976622.25141943,-0.129489591315589,8.524,3
863,1,0,accepted,0.0595366118927492,0.0514793446421372,484358.856646766,4976622.15123971,-0.124711265891993,8.131,3
864,1,0,accepted,0.0721849901808107,0.0843315985742125,484359.798370938,4976622.04941267,-0.119199332188208,8.138,3
865,1,0,accepted,0.0768997503761442,0.0705638502952892,484360.753969743,4976621.9604027,-0.114953962533361,8.344,3
866,1,0,accepted,0.105128169553171,0.156098479874178,484361.700899883,4976621.85104266,-0.108970416022068,6.833,3
867,1,0,accepted,0.117408233791838,0.131863879945383,484362.665812917,4976621.7589136,-0.104489589448652,8.162,3
868,1,0,accepted,0.123563545104453,0.128302745041214,484363.624362489,4976621.67726582,-0.100126745978284,8.626,3
869,1,0,accepted,0.123195765132675,0.0580615541248227,484364.603305221,4976621.60404111,-0.0968462397974782,8.333,3
870,1,0,accepted,0.106284241599167,-0.0531987235974686,484365.584082892,4976621.55029442,-0.0942770122483458,7.086,3
871,1,0,accepted,0.0958217855044012,-0.142974662889693,484366.587084915,4976621.4909561,-0.0915468834986017,6.912,3
872,1,0,accepted,0.0970659780338571,-0.0283330020505737,484367.568349568,4976621.43345037,-0.0851389756602376,7.491,3
873,1,0,accepted,0.101314463045865,0.00992880057415259,484368.563938998,4976621.37018551,-0.0799007020131027,8.096,3
874,1,0,accepted,0.102195785177415,0.0901240979557381,484369.566035079,4976621.32004162,-0.074428430276407,8.267,3
875,1,0,accepted,0.098123191424428,0.148842832129289,484370.575565002,4976621.27552759,-0.0690399375689458,8.412,3
876,1,0,accepted,0.0979154791969627,0.150266457799796,484371.566883819,4976621.233804,-0.0645479637925996,8.364,3
877,1,0,accepted,0.0941170263231721,0.0593237464918538,484372.598172583,4976621.18494719,-0.06187570535805,8.331,3
878,1,0,accepted,0.0780900495882886,-0.0108840225848636,484373.605536452,4976621.14954741,-0.0585283993186627,8.279,3
879,1,0,accepted,0.0676178781711042,-0.0210872000330467,484374.630981647,4976621.10922313,-0.0541845162385653,8.217,3
880,1,0,accepted,0.0584633713650472,0.00260269071747491,484375.65544833,4976621.07333074,-0.0492567918225993,7.916,3
881,1,0,accepted,0.0447335930672483,0.00813871793232001,484376.666458647,4976621.05018208,-0.044048398341201,6.831,3
882,1,0,accepted,0.0422933974494374,-0.0640172956062081,484377.697391946,4976621.01680668,-0.0392566276012565,7.335,3
883,1,0,accepted,0.0475062205952546,-0.187733347427334,484378.723754037,4976620.98228628,-0.0353009297863165,7.129,3
884,1,0,accepted,0.0474916867394149,-0.174545375878353,484379.746075716,4976620.96092455,-0.0288144884324977,7.38,3
885,1,0,accepted,0.0477884898099973,-0.145080618777756,484380.766307482,4976620.94681238,-0.0221134269246404,6.504,3
886,1,0,accepted,0.040712821649194,-0.0953511547254638,484381.798301325,4976620.94639482,-0.0149462441999208,6.584,3
887,1,0,accepted,0.0406425386311453,-0.0844105877365169,484382.840926751,4976620.94365914,-0.00867292628525412,6.668,3
888,1,0,accepted,0.0456957736786732,-0.091107882141051,484383.902339081,4976620.94553583,-0.00250630305055164,7.026,3
889,1,0,accepted,0.0505327939959822,-0.0492828982981104,484384.931056082,4976620.95451976,0.00378211195278095,7.017,3
890,1,0,accepted,0.060586212099302,-0.059213618814243,484385.988511177,4976620.96602709,0.00968486433647714,7.365,3
891,1,0,accepted,0.0792114210374981,-0.105875954625493,484387.044281137,4976620.97254954,0.0150964720664504,6.61,3
892,0,1,acceptedDirectional,0.027554324915723,-0.731261663658204,484388.098752951,4976621.06493609,0.0100626016627207,7.805,2
893,0,1,acceptedDirectional,0.0284092443023439,-1.05348618623489,484389.15722625,4976621.10710525,0.0101189239900747,7.799,2
894,0,1,acceptedDirectional,0.0354780394803329,-1.32152219926804,484390.217271259,4976621.14427321,0.0108250015396964,6.867,2
895,1,0,accepted,0.326958917231509,1.59975333577271,484391.13656958,4976620.90113877,0.0674685672901846,8.454,3
896,0,1,acceptedDirectional,0.303967222593461,1.68109737621175,484392.173799801,4976620.98733439,0.0742040973343489,7.426,2
897,0,1,acceptedDirectional,0.286069736951151,1.70998720928431,484393.24232242,4976621.06523086,0.0800128559778267,6.869,2
898,1,0,accepted,0.120630156183424,0.20776472836636,484394.307651587,4976621.45191553,0.0591135425447396,8.947,3
899,1,0,accepted,0.132471248128845,0.123466107914753,484395.360122356,4976621.54227406,0.0627315436039849,7.924,3
900,1,0,accepted,0.129683626543819,0.246668537928906,484396.415114362,4976621.59315073,0.0705144540625094,7.787,3
901,1,0,accepted,0.125748015401955,0.194984518359926,484397.491054507,4976621.67887972,0.0747527510330974,7.528,3
902,1,0,accepted,0.0304634547592787,-0.118859754968468,484398.639010797,4976621.76155238,0.0744476867196132,6.899,3
903,1,0,accepted,0.0506028198700424,0.0954567110264799,484399.716370841,4976621.82666878,0.0837723161574752,7.297,3
904,1,0,accepted,0.0551573185551711,0.141608808029306,484400.799199755,4976621.92545569,0.0891795524409712,6.736,3
905,1,0,accepted,0.0476516270274512,0.049645235042664,484401.880762823,4976622.04713608,0.0910868694335036,6.307,3
906,1,0,accepted,0.0491784250389568,-0.0803101584255177,484402.97322433,4976622.16930126,0.0912284635916705,6.914,3
907,1,0,accepted,0.0620991746895112,-0.103940696962672,484404.066001667,4976622.28808389,0.0913881829244359,6.589,3
908,1,0,accepted,0.040116265138116,-0.0507805985512244,484405.128222021,4976622.42021835,0.0917068739154403,11.215,3
909,1,0,accepted,0.0417157759968011,-0.107979562967864,484406.19702178,4976622.53772546,0.0895938644697221,8.146,3
910,1,0,accepted,0.0430869768959408,-0.134564803663221,484407.282370039,4976622.65641624,0.088364461715024,8.388,3
911,1,0,accepted,0.0461036396925224,-0.0492538859948116,484408.366112738,4976622.77019815,0.0888965575777641,8.152,3
912,1,0,accepted,0.0657008787609708,-0.186116765438149,484409.473617175,4976622.87229509,0.0860768042111206,7.1,3
913,1,0,accepted,0.0532951311661176,-0.199974167528999,484410.551747201,4976622.99579925,0.085669192559706,8.106,3
914,1,0,accepted,0.0542071299170572,-0.253770558742782,484411.640319469,4976623.10901708,0.0851180600172907,8.283,3
915,1,0,accepted,0.0582045630261391,-0.258377681273366,484412.721641128,4976623.21972779,0.0855972618328977,7.598,3
916,1,0,accepted,0.0643278205790552,-0.243831310995017,484413.816694283,4976623.33117984,0.0865661925797948,7.902,3
917,1,0,accepted,0.0714808991181848,-0.200281671271671,484414.911526167,4976623.44383751,0.0878971580043832,8.038,3
918,1,0,accepted,0.0945175108725489,-0.223934654368187,484416.016601148,4976623.54797673,0.0879071148429215,7.356,3
919,1,0,accepted,0.123504430932977,-0.230892549562045,484417.139903224,4976623.64658957,0.0883398827506131,7.87,3
920,1,0,accepted,0.150542789565604,-0.259615667630324,484418.245621677,4976623.74657587,0.0885078129034368,8.308,3
921,1,0,accepted,0.178967637202603,-0.286608022806495,484419.359359553,4976623.84806991,0.0887356811732261,8.073,3
922,1,0,accepted,0.214635416908433,-0.470345623187846,484420.402620933,4976623.94656112,0.0860050559046229,6.369,3
923,1,0,accepted,0.23687638214866,-0.481739107394279,484421.514721387,4976624.05655473,0.0864790313351251,6.414,3
924,1,0,accepted,0.248908450527646,-0.509748470632919,484422.63089808,4976624.17577029,0.0864342188436734,6.165,3
925,1,0,accepted,0.013520014510532,0.0254508435965167,484423.820385338,4976624.53792533,0.0963484624315833,8.143,3
926,1,0,accepted,0.0147262700343918,0.0522160961701955,484424.934306143,4976624.66971192,0.0970383527188929,6.44,3
927,1,0,accepted,0.0242006442415012,0.0510451324933615,484426.058861922,4976624.79240274,0.0977012948818137,7.268,3
928,1,0,accepted,0.0347226675234304,0.0527811732599348,484427.191651938,4976624.91900082,0.098147421836312,6.842,3
929,1,0,accepted,0.065325436107638,0.0691288834894703,484428.336874132,4976625.02952148,0.099016651270364,6.803,3
930,0,1,acceptedDirectional,0.114727872656343,0.0628069122094079,484429.513032509,4976625.13603128,0.0993337249349369,7.77,2
931,0,1,acceptedDirectional,0.144740792984994,0.0608611445292009,484430.670463138,4976625.25299323,0.0998934102480347,7.124,2
932,0,1,acceptedDirectional,0.180595424392848,0.0448566452006073,484431.835455796,4976625.36677105,0.100163959655215,7.085,2
933,1,0,accepted,0.179936008143371,-0.440073034936046,484433.011211958,4976625.55989217,0.0922451138729882,7.44,3
934,1,0,accepted,0.194426965917871,-0.707039023126468,484434.180629815,4976625.71497993,0.0884992345064509,7.695,3
935,1,0,accepted,0.176118571020747,-1.06623327860132,484435.303821678,4976625.88782284,0.0826099662250899,7.631,3
936,1,0,accepted,0.135746758135743,-1.28213277593632,484436.411908125,4976626.05081996,0.0793312603054045,7.788,3
937,1,0,accepted,0.0839433824552948,-1.47612762765782,484437.508815985,4976626.2102704,0.0759454420889852,6.701,3
938,1,0,accepted,0.067187720924287,-1.78227912262329,484438.644169985,4976626.35298891,0.0704654016564852,6.786,3
939,1,0,accepted,0.0505966909923112,-1.92845653726387,484439.784827456,4976626.4848328,0.0680401406822685,6.497,3
940,1,0,accepted,0.0778633814154811,-1.76030822963327,484440.947728885,4976626.59412234,0.0710327592513968,7.271,3
941,1,0,accepted,0.100078922190877,-1.76825776606383,484442.110166742,4976626.71141525,0.0708944052004311,6.316,3
942,1,0,accepted,0.149141804056349,-1.93032596138074,484443.296203114,4976626.81206198,0.0683038589192837,6.669,3
943,1,0,accepted,0.193138877347067,-2.08324678703981,484444.468305985,4976626.90934112,0.0657493069266846,6.514,3
944,1,0,accepted,0.0174355066207766,0.231658225624735,484445.516813147,4976627.22670417,0.105978347810865,8.358,3
945,1,0,accepted,0.0182907854426434,0.190421359033385,484446.676344284,4976627.36869617,0.105666815644585,6.703,3
946,1,0,accepted,0.010924200514563,0.172883795092202,484447.854336666,4976627.50516258,0.105862949091671,6.48,3
947,1,0,accepted,0.0138284218337019,0.151303471753027,484449.032671661,4976627.64440937,0.105755234391819,6.896,3
948,1,0,accepted,0.0166659195122738,0.140040669107702,484450.198472652,4976627.78295769,0.105778937530607,6.841,3
949,1,0,accepted,0.0280013742770673,0.13629110653293,484451.387405128,4976627.9156052,0.105798665928331,6.631,3
950,1,0,accepted,0.0446040708292021,0.125576026035767,484452.571308468,4976628.04420387,0.106125554179707,6.611,3
951,1,0,accepted,0.0551061364937672,0.0395042222613033,484453.743756117,4976628.16439515,0.105133216287872,7.325,3
952,1,0,accepted,0.0696645937452827,0.0493393042134788,484454.930658149,4976628.29271723,0.105559198419521,7.271,3
953,1,0,accepted,0.0882071989480925,0.0678429731293822,484456.113437719,4976628.42004207,0.105634055643817,7.498,3
954,1,0,accepted,0.102238737000141,0.0693343555557017,484457.293989334,4976628.55168084,0.105283919835316,7.218,3
955,1,0,accepted,0.243040184647845,0.693934708574296,484458.448747445,4976628.5431908,0.116389794049694,7.072,3
956,1,0,accepted,0.27836784917948,0.875039396330728,484459.620481015,4976628.65554113,0.119954219501345,7.828,3
957,1,0,accepted,0.333222530613969,1.31103798811522,484460.770406665,4976628.75042137,0.127907472137354,9.071,3
958,1,0,accepted,0.370726144800182,1.57403405255438,484461.935433055,4976628.86796705,0.132721673899592,8.499,3
959,1,0,accepted,0.380614319715822,1.76484267170555,484463.113703017,4976629.01611796,0.136332788469821,8.341,3
960,1,0,accepted,0.353717269062964,1.74984864192387,484464.301069121,4976629.19720176,0.136360248681843,7.123,3
961,1,0,accepted,0.14412395007362,0.759370027870716,484465.511712738,4976629.55781147,0.119115864478743,9.148,3
962,1,0,accepted,0.138780274978769,0.765978273861623,484466.724092957,4976629.7155214,0.120081509097217,6.477,3
963,1,0,accepted,0.145498638715101,0.77933739645794,484467.908523068,4976629.86105136,0.120633174218185,6.241,3
964,1,0,accepted,0.152257559856175,0.796404395694145,484469.119345909,4976630.00737679,0.121255420671415,6.294,3
965,1,0,accepted,0.105497231120791,0.479690426802628,484470.330222062,4976630.21229362,0.116455124623504,6.985,3
966,1,0,accepted,0.098484884973457,0.42242430717436,484471.52607733,4976630.37613664,0.116080731028162,6.725,3
967,1,0,accepted,0.0882585794441403,0.283162968834587,484472.724326173,4976630.54649385,0.114010948561404,7.042,3
968,1,0,accepted,0.0999030766849271,0.283170467918019,484473.91677371,4976630.6999988,0.114299228848425,6.542,3
969,1,0,accepted,0.0706335975745621,0.129610029096705,484475.086254113,4976630.87819607,0.111918312869695,7.605,3
970,1,0,accepted,0.0781446648413245,0.0915973534033453,484476.289639321,4976631.0412732,0.111509399965291,7.221,3
971,1,0,accepted,0.0830888342096796,0.200300355153219,484477.481357071,4976631.19140312,0.113286841101759,7.711,3
972,1,0,accepted,0.0493661831265617,0.0975209345958025,484478.640950046,4976631.36855056,0.111490649200705,7.547,3
973,1,0,accepted,0.0328885345005699,0.0265940300149053,484479.812627308,4976631.53514532,0.109829411168373,6.797,3
974,1,0,accepted,0.0357439130348814,-0.00304758470833254,484480.996952129,4976631.68978791,0.109142537497069,7.658,3
975,1,0,accepted,0.0266851938317909,-0.014078997766302,484482.171787024,4976631.85519412,0.108617151467011,7.722,3
976,1,0,accepted,0.0307081073856766,-0.00154489792259571,484483.355651145,4976632.01054848,0.108314739548829,6.219,3
977,1,0,accepted,0.0348587647445304,0.0244435627985086,484484.543568178,4976632.16593405,0.107970415956575,6.96,3
978,1,0,accepted,0.0383638710597576,0.0733582734591592,484485.736345211,4976632.32262995,0.10809845922525,6.848,3
979,1,0,accepted,0.0542745131566765,0.0745348730873879,484486.94108456,4976632.46827029,0.107285942252385,6.413,3
980,1,0,accepted,0.0722551911847867,0.107266435164516,484488.148258981,4976632.61169995,0.106747860183613,6.9,3
981,1,0,accepted,0.0895416593746345,0.09326578848906,484489.348669876,4976632.7553162,0.10546161402939,6.648,3
982,1,0,accepted,0.100858638805235,-0.00751320901279557,484490.54141762,4976632.89768646,0.105044888113114,6.35,3
983,1,0,accepted,0.069620866945235,-1.7297839223904,484491.740241152,4976633.19721109,0.0744623656600773,10.823,3
984,1,0,accepted,0.0795668057464577,-2.0254470170789,484492.980591167,4976633.32984178,0.0672236152429321,6.604,3
985,1,0,accepted,0.102835324109204,-2.27493831492926,484494.18956698,4976633.44274718,0.0635665119648856,6.175,3
986,1,0,accepted,0.030520423242309,-0.0117203821386653,484495.247559598,4976633.60224594,0.102491192479461,7.92,3
987,1,0,accepted,0.0274829453052422,0.206949348726784,484496.4397696,4976633.74142099,0.105479702672971,7.15,3
988,1,0,accepted,0.0216883743604589,0.299797196148252,484497.628782385,4976633.89357715,0.106491912220918,6.866,3
989,1,0,accepted,0.0216184187719687,0.259390766554736,484498.817787873,4976634.04432025,0.105971793690179,6.816,3
990,1,0,accepted,0.0214524793392743,0.262382349628323,484499.996384988,4976634.19448108,0.105338675216315,6.776,3
991,1,0,accepted,0.0311625181150398,0.197571255335656,484501.177690053,4976634.33571553,0.104065868094796,6.534,3
992,1,0,accepted,0.0346328290138243,0.164446421918294,484502.359462379,4976634.48326705,0.103151781633494,6.868,3
993,1,0,accepted,0.0413947450092696,0.182001290357586,484503.527123268,4976634.62656283,0.102835158231351,6.576,3
994,1,0,accepted,0.0440124931568773,0.136518369358188,484504.707509707,4976634.77401505,0.10151153613627,6.552,3
995,1,0,accepted,0.0564930028049487,0.123530676223444,484505.868069429,4976634.90786354,0.101086432143419,6.943,3
996,1,0,accepted,0.0507347732771081,0.0427370979086179,484507.042094269,4976635.06189136,0.0996127174669829,6.626,3
997,1,0,accepted,0.0656244724225923,0.0755877010442486,484508.214722866,4976635.19446527,0.0997784963964752,6.519,3
998,1,0,accepted,0.0845023429624794,0.100694160820116,484509.385752011,4976635.32294256,0.099711592270671,6.461,3
999,1,0,accepted,0.0776632756419564,0.0954542359459816,484510.549454027,4976635.47717968,0.0996855556301749,7.81,3
1000,1,0,accepted,0.0810253979406493,0.150394659826543,484511.69113976,4976635.61613906,0.0999970037101682,7.295,3
1001,1,0,accepted,0.0539305009609581,0.0870846898322156,484512.782294923,4976635.82982389,0.0987144322408046,7.944,3
1002,1,0,accepted,0.0736011035899733,0.161441538831834,484513.923604916,4976635.94849674,0.0999486868840091,7.018,3
1003,1,0,accepted,0.09236972789308,0.265342528473177,484515.063701821,4976636.07481503,0.10134324631444,7.517,3
1004,1,0,accepted,0.102591873685499,0.312868224263544,484516.213602828,4976636.20049357,0.102517818376683,6.506,3
1005,1,0,accepted,0.101782850600634,0.289937885244145,484517.365514037,4976636.34233311,0.102696338105939,6.262,3
1006,1,0,accepted,0.100953249353138,0.298148718659693,484518.50643015,4976636.49257847,0.103138059155871,8.328,3
1007,1,0,accepted,0.094821378276951,0.232790794649147,484519.643510132,4976636.65177869,0.102659698543597,7.206,3
1008,1,0,accepted,0.0841626553015815,0.189160676323248,484520.780409375,4976636.80359423,0.102359996450886,6.699,3
1009,1,0,accepted,0.0695670394920967,0.17864214547472,484521.929842726,4976636.94158521,0.102486949266594,6.946,3
1010,1,0,accepted,0.0518405400993223,0.160600766762251,484523.083269752,4976637.08030104,0.10256407496326,6.687,3
1011,1,0,accepted,0.0360188658195689,-0.132679203877983,484524.261870327,4976637.22590463,0.0974442811869812,6.515,3
1012,1,0,accepted,0.0572750358080848,0.0737197036828439,484525.416358777,4976637.35518882,0.100596957178529,6.514,3
1013,1,0,accepted,0.0632476957226183,0.00284405679330466,484526.545622929,4976637.49204822,0.100461030133649,7.152,3
1014,1,0,accepted,0.070345235588622,0.0331636971941731,484527.678264558,4976637.63022003,0.100917075791481,6.936,3
1015,1,0,accepted,0.0680130537380565,0.0603665243433452,484528.797760904,4976637.76968734,0.101677733455291,7.189,3
1016,1,0,accepted,0.0657983788367378,0.0655812301283104,484529.917817306,4976637.9114964,0.10210285736482,7.533,3
1017,1,0,accepted,0.071359520668425,0.0523224680402951,484531.043681056,4976638.04684699,0.102100704964327,6.672,3
1018,1,0,accepted,0.0633617038469419,0.0594226075231408,484532.162051059,4976638.19013111,0.102258923576743,6.967,3
1019,1,0,accepted,0.0506734014922102,0.0393904718144039,484533.278512156,4976638.33315516,0.102726593603462,6.859,3
1020,1,0,accepted,0.0447036542008812,0.0684754831443576,484534.400339102,4976638.47558871,0.104450289941841,7.409,3
1021,1,0,accepted,0.00557794366892377,0.201628996913497,484535.484549295,4976638.65526978,0.108144746490796,7.584,3
1022,1,0,accepted,0.01665475276728,0.255065792703366,484536.598493551,4976638.80268627,0.110266794280018,7.928,3
1023,1,0,accepted,0.0147360123750175,0.288816450431958,484537.722434989,4976638.93782383,0.111603128633356,7.106,3
1024,1,0,accepted,0.0203788997942537,0.274962704928046,484538.848325013,4976639.06910424,0.112342249376043,7.703,3
1025,1,0,accepted,0.0296650758292075,0.264538358985489,484539.972940206,4976639.20592262,0.113130946720835,7.057,3
1026,1,0,accepted,0.041276684652552,0.288212397110316,484541.085995834,4976639.34141881,0.114343190073046,6.59,3
1027,1,0,accepted,0.0210940996285329,-0.0584595122379465,484542.209330642,4976639.54311483,0.109394402204404,6.629,3
1028,1,0,accepted,0.0156162806530035,-0.055571702354137,484543.326548452,4976639.67133068,0.110540560952874,6.249,3
1029,1,0,accepted,0.0216520786004875,-0.0669454016435517,484544.452463267,4976639.82349442,0.110484411084312,7.39,3
1030,1,0,accepted,0.0481829175027595,-0.134579078323631,484545.581460347,4976639.9618506,0.111193965294642,6.506,3
1031,1,0,accepted,0.0590752826080001,-0.196383383549294,484546.703151717,4976640.1200137,0.110618237181458,7.394,3
1032,1,0,accepted,0.0980451205321124,-0.0837155587544263,484547.829606772,4976640.24227517,0.113297622621934,6.373,3
1033,1,0,accepted,0.17916651019171,1.02314765432725,484548.890390382,4976640.31500957,0.133367720510676,7.773,3
1034,1,0,accepted,0.0864269606390999,0.442948879084367,484550.01172886,4976640.5717655,0.124083309830798,7.61,3
1035,1,0,accepted,0.0754614456869678,0.200517993127953,484551.1407929,4976640.75346361,0.120817442091598,7.001,3
1036,1,0,accepted,0.0770778833345847,-0.0103061627336582,484552.291707799,4976640.92551675,0.118613255318615,7.305,3
1037,1,0,accepted,0.0765753140799244,-0.190230857025386,484553.42684548,4976641.09074609,0.117171907824118,6.861,3
1038,1,0,accepted,0.0559240366033082,-0.502452502785785,484554.47760645,4976641.26897348,0.11337218431,7.027,3
1039,1,0,accepted,0.0551131851755283,-0.550477732795498,484555.607417358,4976641.4090444,0.114241189777489,6.302,3
1040,1,0,accepted,0.108018733693227,-0.402711700525065,484556.762771244,4976641.52504774,0.118251568668908,7.992,3
1041,1,0,accepted,0.101147297650954,-0.482524716495761,484557.880075364,4976641.67525956,0.117632708013635,7.31,3
1042,1,0,accepted,0.11710118797385,-0.479119709793136,484559.022734367,4976641.82506878,0.117951377785468,6.951,3
1043,1,0,accepted,0.123996182699651,-0.474110151960743,484560.155922718,4976641.97699939,0.11778540366398,8.206,3
1044,1,0,accepted,0.114721674428606,-0.427015662072428,484561.28106869,4976642.13533225,0.118154153699584,8.569,3
1045,1,0,accepted,0.0979945198422122,-0.332858018193187,484562.398713813,4976642.30016925,0.119945675975228,7.512,3
1046,1,0,accepted,0.100460990534269,-0.324629489068503,484563.528630174,4976642.44890957,0.12026580807712,7.285,3
1047,1,0,accepted,0.103218512676788,-0.348435522453014,484564.664968236,4976642.5942284,0.120313856050601,6.7,3
1048,1,0,accepted,0.0201509144056694,0.0277228842579698,484565.745858912,4976642.82198849,0.127570462780795,7.835,3
1049,1,0,accepted,0.0186782776434369,0.0355419422367032,484566.890841584,4976642.98367306,0.128388848359734,6.939,3
1050,1,0,accepted,0.020576437323968,0.0362265813445787,484568.032473039,4976643.14174357,0.129248034176544,6.855,3
1051,1,0,accepted,0.027513957039422,0.080678647354443,484569.180176046,4976643.30310685,0.130046633732161,6.887,3
1052,1,0,accepted,0.0375997710091124,0.0881015679337062,484570.343947446,4976643.46652527,0.130525493039769,6.704,3
1053,0,1,acceptedDirectional,0.0474423569958664,0.135191693271567,484571.466787206,4976643.62811548,0.131322376168692,7.321,2
1054,0,1,acceptedDirectional,0.0601647081313811,0.18814123540949,484572.618693717,4976643.78880869,0.131914462837713,7.605,2
1055,0,1,acceptedDirectional,0.0705014196229742,0.213259331611913,484573.771487012,4976643.95202511,0.132300396887024,7.332,2
1056,0,1,acceptedDirectional,0.0784529146963581,0.24570075235816,484574.935443762,4976644.11653767,0.132702553297439,7.274,2
1057,0,1,acceptedDirectional,0.083929119534364,0.295552873906378,484576.113463401,4976644.28235367,0.13309194502579,6.916,2
1058,0,1,acceptedDirectional,0.0891298411816121,0.311834185643423,484577.280511313,4976644.44206895,0.133240445885191,7.475,2
1059,1,0,accepted,0.0235246660200067,-0.659123247710733,484578.471060589,4976644.72065991,0.116242769883424,7.43,3
1060,1,0,accepted,0.0199670599787553,-0.579070097905568,484579.654525924,4976644.861564,0.117298974871969,7.524,3
1061,1,0,accepted,0.0231169176152104,-0.699058851105566,484580.830083467,4976645.02648207,0.115085787929462,7.353,3
1062,1,0,accepted,0.024188043821683,-0.716356246308863,484582.007639162,4976645.18710864,0.114877813604743,7.858,3
1063,1,0,accepted,0.0263835588526943,-0.579243343324036,484583.186241754,4976645.35401471,0.116831281329562,7.994,3
1064,1,0,accepted,0.0282331110956621,-0.526044914497661,484584.363931613,4976645.51911155,0.117899693201453,7.496,3
1065,1,0,accepted,0.0273014879613788,-0.517659981182178,484585.561194078,4976645.69122808,0.117788446017336,7.789,3
1066,1,0,accepted,0.0258642586927798,-0.411990303396821,484586.720746337,4976645.85951213,0.119462900145515,7.265,3
1067,1,0,accepted,0.0283513654779426,-0.365852224726649,484587.916168027,4976646.02950028,0.120158098805484,7.358,3
1068,1,0,accepted,0.0391966168203681,-0.325784471262422,484589.107256994,4976646.19476879,0.12066453379991,7.538,3
1069,1,0,accepted,0.0517715512809098,-0.303813465922309,484590.310079186,4976646.36018394,0.120822706543569,7.701,3
1070,1,0,accepted,0.0592763226609772,-0.279100519501582,484591.500880276,4976646.52820907,0.12137357044635,7.576,3
1071,1,0,accepted,0.0807343263012158,-0.318573937737422,484592.703451278,4976646.68318163,0.120959904013451,7.137,3
1072,1,0,accepted,0.100199855574877,-0.327385767482998,484593.900109063,4976646.83985028,0.121152254922544,7.003,3
1073,1,0,accepted,0.0338244680823319,0.0164322573519945,484595.089444642,4976647.08258686,0.127571433846811,7.719,3
1074,1,0,accepted,0.0360902738099744,0.0315247963826967,484596.289828929,4976647.25854158,0.128480883906954,7.358,3
1075,1,0,accepted,0.035126312655995,0.0561895270475251,484597.488903178,4976647.43824119,0.129156400552286,7.402,3
1076,1,0,accepted,0.0149054564295947,0.170258480808188,484598.679001998,4976647.65687311,0.131430731900883,9.304,3
1077,1,0,accepted,0.015677679200061,0.138158738632178,484599.892597617,4976647.84441433,0.131488466360148,7.63,3
1078,1,0,accepted,0.0161299743386489,0.105298412249514,484601.092445365,4976648.0249372,0.131430635769461,8.498,3
1079,1,0,accepted,0.0173114747849462,-0.00880103263910255,484602.297197555,4976648.21425002,0.129940621372242,8.504,3
1080,1,0,accepted,0.0444028117640827,-0.00495411742046267,484603.509585642,4976648.38429122,0.130348899216146,8.574,3
1081,1,0,accepted,0.0688439324897531,-0.0184274221892443,484604.720801815,4976648.55933118,0.131065745975186,7.822,3
1082,1,0,accepted,0.0760071212682153,0.0136721155141242,484605.918953208,4976648.74997535,0.131908928190488,7.945,3
1083,1,0,accepted,0.0977997740803923,0.0265121425110411,484607.142731171,4976648.93277941,0.13262744624582,7.811,3
1084,1,0,accepted,0.146368692187282,0.316319752236913,484608.34726859,4976649.08420913,0.137932024560712,7.315,3
1085,1,0,accepted,0.112789636042084,-0.318291247693379,484609.572315891,4976649.33262928,0.127188654656381,8.119,3
1086,1,0,accepted,0.137088709853175,-0.435261618463843,484610.784005579,4976649.51842705,0.125095194095349,7.504,3
1087,1,0,accepted,0.207808650953966,-0.26919754116664,484612.028768541,4976649.66890252,0.128095872214915,7.416,3
1088,1,0,accepted,0.211003631068786,-0.411776276743164,484613.25365246,4976649.8816915,0.125885697911842,7.256,3
1089,1,0,accepted,0.0576546802240409,-0.100217609119914,484614.32108961,4976650.17195394,0.131458966546493,9.885,3
1090,1,0,accepted,0.0741163210346257,-0.228329590313082,484615.542441952,4976650.36156532,0.129385848992696,6.889,3
1091,1,0,accepted,0.0926667867293481,-0.328871514097184,484616.759915523,4976650.54776353,0.127966851013475,7.786,3
1092,1,0,accepted,0.102143535273968,-0.415876795616103,484617.948958828,4976650.73300023,0.126588817841189,7.911,3
1093,1,0,accepted,0.123235560465631,-0.504505043569211,484619.157138905,4976650.91286324,0.124872250232949,6.98,3
1094,1,0,accepted,0.147480719804084,-0.57741940622442,484620.359973595,4976651.08798635,0.123831775646901,6.797,3
1095,1,0,accepted,0.174909956668757,-0.67597617368476,484621.561484204,4976651.25771453,0.121944515923082,6.905,3
1096,1,0,accepted,0.207258947911425,-0.715598084405138,484622.775989542,4976651.42694372,0.121352917405254,7.423,3
1097,1,0,accepted,0.241061983888535,-0.627648289683696,484624.009445507,4976651.60811009,0.12286820637981,9.552,3
1098,1,0,accepted,0.265205064757805,-0.661819393629851,484625.224665386,4976651.77639687,0.122244991746236,7.844,3
1099,1,0,accepted,0.241324166901695,-0.513889503107863,484626.367935965,4976651.98116058,0.124742217899922,10.897,3
1100,1,0,accepted,0.271311952034694,-0.547886405245379,484627.571122523,4976652.14673039,0.124329770766087,7.971,3
1101,1,0,accepted,0.059198299919466,0.313908730507251,484628.647744296,4976652.52861721,0.13915719101989,10.726,3
1102,1,0,accepted,0.0853531278628999,0.339883888011182,484629.846977458,4976652.69788407,0.139186466491504,8.76,3
1103,0,1,acceptedDirectional,0.10622555292816,0.342712706492091,484631.044170655,4976652.87247098,0.139628949413801,9.06,2
1104,0,1,acceptedDirectional,0.120114817679009,0.386174871596158,484632.232971598,4976653.05302456,0.140111152084069,8.658,2
1105,1,0,accepted,0.209992393354024,1.13062540808674,484633.362358148,4976653.16253112,0.152873950374949,10.514,3
1106,1,0,accepted,0.144633099281147,0.818813884460307,484634.543159083,4976653.43017739,0.147028575576835,9.179,3
1107,1,0,accepted,0.069459836089468,0.240930338713794,484635.736127551,4976653.7117305,0.136622823821955,8.112,3
1108,1,0,accepted,0.0657807135363953,0.101401397059883,484636.921372812,4976653.9137548,0.133751588790738,8.116,3
1109,1,0,accepted,0.0597680713427849,0.0414632387947685,484638.125378895,4976654.09292307,0.132376623086392,7.346,3
1110,1,0,accepted,0.0347555119532344,-0.102185704345992,484639.338913847,4976654.29307342,0.129456579273848,7.083,3
1111,1,0,accepted,0.0281008710597753,-0.266815196507019,484640.570231571,4976654.4877139,0.126352978060501,6.825,3
1112,1,0,accepted,0.0481028779569813,-0.43658369126657,484641.769167472,4976654.67154962,0.122876137142067,6.887,3
1113,1,0,accepted,0.0550727579719221,-0.583655005959183,484642.944297031,4976654.84704152,0.119791424613797,6.767,3
1114,1,0,accepted,0.0565185998493626,-0.282817476567132,484644.09509311,4976655.01888091,0.125023561343579,7.019,3
1115,1,0,accepted,0.0526231762932569,-0.190530940628508,484645.264766492,4976655.20707809,0.125858046954009,7.884,3
1116,1,0,accepted,0.0529188773790644,-0.204806375284018,484646.436219481,4976655.39072095,0.125832647478431,6.912,3
1117,1,0,accepted,0.0237953038741509,-0.00264399437793695,484647.578458181,4976655.61757594,0.128906496479908,8.058,3
1118,1,0,accepted,0.0220199486991404,0.0278958614975089,484648.738053752,4976655.7949348,0.128897303184225,6.865,3
1119,1,0,accepted,0.022793866240558,0.0539293673909283,484649.908456809,4976655.97059535,0.12910872161594,7.606,3
1120,1,0,accepted,0.029922911410898,0.0634504258816336,484651.066256454,4976656.14225615,0.128969846800649,6.681,3
1121,1,0,accepted,0.0344179177607465,0.0971253892208845,484652.211256397,4976656.31826321,0.129539784589158,6.89,3
1122,1,0,accepted,0.0462919533626743,0.110301948512466,484653.367863344,4976656.4843454,0.129657591201761,7.922,3
1123,1,0,accepted,0.0463720876212712,0.182214202398604,484654.513304907,4976656.66126346,0.1304875098235,9.493,3
1124,1,0,accepted,0.0720818345510954,0.131242641206719,484655.645948653,4976656.81420357,0.129227920130829,9.078,3
1125,1,0,accepted,0.093749969640173,0.0754373110480297,484656.776463809,4976656.96783545,0.127981414892851,8.767,3
1126,1,0,accepted,0.111602640603319,0.0199087398930008,484657.918110703,4976657.1248437,0.126701652420187,8.496,3
1127,1,0,accepted,0.132674381854363,-0.0550378342454887,484659.063940535,4976657.27967699,0.125165978005289,7.564,3
1128,1,0,accepted,0.153028653457977,-0.11821830840367,484660.21588483,4976657.43791636,0.12393809703064,7.439,3
1129,1,0,accepted,0.174428093602932,-0.179577883696924,484661.363074845,4976657.59359624,0.122476573287367,6.523,3
1130,1,0,accepted,0.167937084671235,-0.258611549320561,484662.475039357,4976657.7723792,0.120782321796192,6.292,3
1131,1,0,accepted,0.197865462628445,-0.285414286367807,484663.600240628,4976657.91688691,0.120157819082474,6.523,3
1132,1,0,accepted,0.227861636029681,-0.183941156990704,484664.702180134,4976658.05405943,0.121701884633953,6.812,3
1133,1,0,accepted,0.252320384589679,-0.119576861321282,484665.80455863,4976658.19771153,0.122836202184322,6.501,3
1134,1,0,accepted,0.163678685554383,-0.0378164697538051,484666.898956726,4976658.45566956,0.124739757383957,8.841,3
1135,1,0,accepted,0.10061342608591,0.352323799292529,484667.982456802,4976658.68539997,0.13168222079762,6.976,3
1136,1,0,accepted,0.113553266464971,0.287101093367836,484669.107369235,4976658.84961879,0.130857096212509,6.145,3
1137,1,0,accepted,0.127203005989715,0.204499547795756,484670.20809692,4976659.00952368,0.129653030654332,6.041,3
1138,1,0,accepted,0.0694933121104891,-0.134152792571137,484671.262370186,4976659.22902102,0.123888390478788,8.571,3
1139,1,0,accepted,0.0784733263558606,-0.126061919475585,484672.323801347,4976659.37834787,0.124300607718079,6.426,3
1140,1,0,accepted,0.0224861314907951,0.222549847185676,484673.370859014,4976659.61445881,0.130471496378291,9.876,3
1141,1,0,accepted,0.0288002772803423,0.0401048750964252,484674.451289058,4976659.81307368,0.127479648361058,6.77,3
1142,1,0,accepted,0.01707682783452,-0.00621989183199449,484675.564028587,4976659.94796027,0.126694627631123,7.803,3
1143,1,0,accepted,0.0276299555987125,0.133918337629701,484676.609624757,4976660.1038898,0.129130827975551,7.182,3
1144,1,0,accepted,0.0682586336906765,0.243386882826572,484677.679929746,4976660.22921186,0.130916147275142,6.153,3
1145,1,0,accepted,0.0880913938558194,0.155420917083957,484678.720472971,4976660.38006861,0.1296860581507,6.49,3
1146,1,0,accepted,0.0980514636614596,0.0343955776885795,484679.776150039,4976660.53564095,0.127660935379066,8.335,3
1147,1,0,accepted,0.184092085476758,0.0164967525250883,484680.729509435,4976660.66022695,0.127397069188739,5.989,3
1148,1,0,accepted,0.171460367531388,-0.0442300114728344,484681.825262328,4976660.81017511,0.126397222723753,6.39,3
1149,0,0,insufficientOverlap,0.195635950089314,-0.0474126773456022,484682.885142156,4976660.9439499,0.12648612157345,10.14,2
1150,0,1,acceptedDirectional,0.180000225819206,-0.338969901490693,484683.942698603,4976661.12495871,0.121466357352997,7.026,2
1151,1,0,accepted,0.356338824579195,1.32966172701664,484684.966837959,4976661.10425447,0.150534430882637,8.006,3
1152,1,0,accepted,0.33423300713296,1.28837378539243,484685.998325181,4976661.29068917,0.149655721758596,6.68,3
1153,1,0,accepted,0.167480844882194,0.729007438232739,484687.06202217,4976661.61797439,0.139843049688599,8.319,3
1154,1,0,accepted,0.161406704568223,0.688395101722033,484688.096527243,4976661.78656903,0.138473720889227,6.05,3
1155,1,0,accepted,0.225981393085487,0.939506556597949,484689.104855091,4976661.88601891,0.142982708277986,6.989,3
1156,1,0,accepted,0.304939999736358,1.32631124517684,484690.096105373,4976661.97507543,0.149392887424993,6.422,3
1157,1,0,accepted,0.324287098786367,1.51072103014286,484691.096150911,4976662.10997236,0.152501447198882,6.153,3
1158,0,1,acceptedDirectional,0.322701976044006,1.51466430779062,484692.108124739,4976662.27116819,0.152329535378594,6.8,2
1159,0,1,acceptedDirectional,0.311183126377984,1.5934049166243,484693.115742114,4976662.44213254,0.153355362302006,7.051,2
1160,0,1,acceptedDirectional,0.301278938232492,1.65029901116759,484694.123610455,4976662.60896779,0.153892570634464,6.718,2
1161,0,1,acceptedDirectional,0.292032092211289,1.69558000414078,484695.133160062,4976662.77292736,0.153964356490043,6.325,2
1162,0,1,acceptedDirectional,0.288804768836575,1.69510253171716,484696.135340273,4976662.93416258,0.153258993248579,6.096,2
1163,1,0,accepted,0.0210215171902927,-0.0657174618533422,484697.252413196,4976663.33062088,0.121751525111835,7.332,3
1164,1,0,accepted,0.034190683251027,-0.130344380146323,484698.245255224,4976663.469299,0.119664187954433,6.292,3
1165,1,0,accepted,0.0574959899055313,-0.211463964497044,484699.254521359,4976663.60356912,0.117243963035993,6.423,3
1166,1,0,accepted,0.0936706301154368,-0.209560113671206,484700.269092348,4976663.72817811,0.116238684892344,5.503,3
1167,1,0,accepted,0.0988352110285524,-0.00825436329894186,484701.243246577,4976663.8632036,0.118770126422775,13.877,3
1168,1,0,accepted,0.112453293911485,0.210049707542384,484702.215691566,4976663.98984865,0.121583424863808,5.81,3
1169,1,0,accepted,0.127718063891634,0.191101174042796,484703.202452566,4976664.12154565,0.120316547767063,5.893,3
1170,1,0,accepted,0.126783935502296,0.103019829369913,484704.182430583,4976664.26715458,0.117614891958137,5.894,3
