frame,accepted,directional,reason,errorM,yawErrorDeg,x,y,psi,matchingMs,rank
1,0,0,insufficientComponents,0.640312423976002,2,484201.572914107,4977500.52147539,-2.10588080737395,11.807,0
2,1,0,accepted,0.0431301652754862,0.0122546536511163,484201.054234993,4977500.88276052,-2.14057590207841,64.289,3
3,1,0,accepted,0.0442949155174965,0.0577375078212325,484201.055326893,4977500.88114114,-2.13976243995876,13.65,3
4,1,0,accepted,0.0442349035415136,0.0642464601123139,484201.055509759,4977500.88132207,-2.13965342409817,7.383,3
5,1,0,accepted,0.0426998009902959,0.0238873818733228,484201.053129644,4977500.88440922,-2.1403612372009,7.413,3
6,1,0,accepted,0.04004527828831,0.0140157734554016,484201.053058598,4977500.88778532,-2.14051833746763,8.419,3
7,1,0,accepted,0.0376053635462108,-0.0130781763314856,484201.054752144,4977500.88962355,-2.14098469647474,7.544,3
8,1,0,accepted,0.0371580393986838,-0.0180420859704104,484201.056360535,4977500.88764623,-2.14107516013956,7.792,3
9,1,0,accepted,0.0477366684832294,0.0105204461465774,484201.044244264,4977500.87835715,-2.14055869736265,11.979,3
10,1,0,accepted,0.04347792860864,0.0522365942925033,484201.045925012,4977500.87440856,-2.13984049903627,7.899,3
11,1,0,accepted,0.035917148207895,0.0616119025439715,484201.044024433,4977500.87105098,-2.1396867994067,7.304,3
12,1,0,accepted,0.0241310424619408,0.07512012546923,484201.040507239,4977500.8692607,-2.13941835547907,6.768,3
13,1,0,accepted,0.00789425306267929,0.0423119870280996,484201.039533755,4977500.86541314,-2.14003295929229,6.833,3
14,1,0,accepted,0.00977663472168626,-0.00435222187339007,484201.032796262,4977500.86046403,-2.14077597926807,6.969,3
15,1,0,accepted,0.00988989910545733,-0.00187355725844804,484201.017226094,4977500.83472932,-2.14067271621163,7.227,3
16,1,0,accepted,0.00916202035949915,-0.019757754735224,484200.996528913,4977500.80408494,-2.1408721044645,7.589,3
17,1,0,accepted,0.00479605084854217,-0.0086842845163275,484200.97321683,4977500.76530468,-2.14050646657761,7.083,3
18,1,0,accepted,0.00526187724717532,-0.0182634926008238,484200.945006155,4977500.72609911,-2.1404959312232,7.805,3
19,1,0,accepted,0.00669820140979351,-0.0638726133357362,484200.913570936,4977500.68124402,-2.14101356833657,7.401,3
20,1,0,accepted,0.0109261132615394,-0.0946194911657966,484200.879313544,4977500.63470113,-2.14109177262911,7.423,3
21,1,0,accepted,0.015789801173432,-0.128745815043005,484200.843384594,4977500.58478592,-2.14104936929728,7.439,3
22,1,0,accepted,0.0153256560254474,-0.125282404796332,484200.808091912,4977500.52439601,-2.14028556352592,7.019,3
23,1,0,accepted,0.0177619351734502,-0.134595239291416,484200.766044181,4977500.45868859,-2.13954089730143,6.617,3
24,1,0,accepted,0.0180601496879131,-0.105372162765078,484200.721671928,4977500.38372392,-2.13775563758623,6.917,3
25,1,0,accepted,0.0230199114410966,-0.106943256710881,484200.672562744,4977500.30554774,-2.13639367855287,6.161,3
26,1,0,accepted,0.0215803665715403,-0.120841824178417,484200.616045191,4977500.21018783,-2.13451218727648,6.652,3
27,1,0,accepted,0.0215923561643945,-0.103834614154818,484200.548511676,4977500.11058621,-2.1326441193927,6.791,3
28,1,0,accepted,0.0236390535507976,-0.111430062152617,484200.478118404,4977500.00250061,-2.13246995262365,8.04,3
29,1,0,accepted,0.0292311228403128,-0.147709355386367,484200.406907928,4977499.89067916,-2.13095444785286,7.884,3
30,1,0,accepted,0.0287640402440875,-0.150035994460904,484200.33309144,4977499.77027242,-2.12837710515697,6.799,3
31,1,0,accepted,0.0277754769359278,-0.0800505766635596,484200.259559002,4977499.64277676,-2.12637289699234,6.63,3
32,1,0,accepted,0.029464110655848,-0.0606457337376827,484200.18820198,4977499.51104833,-2.12501276170339,6.63,3
33,1,0,accepted,0.0296355512632915,-0.0452434195474681,484200.105588678,4977499.37622284,-2.12295499627072,6.775,3
34,1,0,accepted,0.0332886554751989,-0.0141654688465377,484200.025589194,4977499.23620032,-2.12040328599778,6.395,3
35,1,0,accepted,0.0341042859190306,0.0438926738178804,484199.942475225,4977499.08726703,-2.11752670472459,7.547,3
36,1,0,accepted,0.0369362121995727,0.0360343059677216,484199.854222558,4977498.9408932,-2.11635713554927,6.482,3
37,1,0,accepted,0.0319889214055148,0.0436427867610603,484199.755681371,4977498.78335118,-2.11513982514485,7.085,3
38,1,0,accepted,0.0376857813369084,0.0298130789161229,484199.666242191,4977498.63195976,-2.11393428070688,7.562,3
39,1,0,accepted,0.0341094729780409,-0.000564780153923209,484199.564998737,4977498.47085851,-2.11312704883409,6.806,3
40,1,0,accepted,0.0381298796227216,0.020235410930323,484199.469701975,4977498.31053984,-2.11192066870174,7.156,3
41,1,0,accepted,0.0407316661288277,0.0738936721902273,484199.373280399,4977498.1403617,-2.11062798387134,7.244,3
42,1,0,accepted,0.0375345244045044,0.0986397939877487,484199.271295908,4977497.96624106,-2.11031458873817,6.829,3
43,1,0,accepted,0.0304012342067486,0.0896577786238432,484199.163013915,4977497.79321492,-2.11044358617187,6.466,3
44,1,0,accepted,0.028004332810043,0.12365068997378,484199.05979166,4977497.62219998,-2.11005115176793,6.784,3
45,1,0,accepted,0.023642211654546,0.121632242678086,484198.957291871,4977497.45180735,-2.11028163064543,7.223,3
46,1,0,accepted,0.0189155584695502,0.112969207401683,484198.85417945,4977497.27888867,-2.1103468419358,7.619,3
47,1,0,accepted,0.0247038386815984,0.142739533470373,484198.761453331,4977497.11486487,-2.11081088407525,7.428,3
48,1,0,accepted,0.01906610437623,0.135197507792381,484198.659532608,4977496.9487287,-2.11181899591927,6.551,3
49,1,0,accepted,0.0157046610246132,0.132475058473716,484198.563467292,4977496.7840865,-2.11262060151688,6.94,3
50,1,0,accepted,0.0103057564594871,0.136282440331941,484198.468810684,4977496.62160902,-2.1131996907341,6.77,3
51,1,0,accepted,0.00932374608218905,0.1737702325582,484198.371208491,4977496.45175562,-2.11320650764548,7.421,3
52,1,0,accepted,0.0102775557749249,0.125132458503959,484198.279771036,4977496.30724801,-2.11409007562281,6.642,3
53,1,0,accepted,0.00943409721539641,0.135439125328533,484198.192034016,4977496.15427569,-2.11422520730038,8.731,3
54,1,0,accepted,0.0119753553525596,0.153408886145058,484198.104026833,4977495.99808267,-2.11465826039563,6.522,3
55,1,0,accepted,0.0122733078431253,0.142952069748734,484198.012522292,4977495.84728303,-2.11516961300287,7.253,3
56,1,0,accepted,0.00534959759020448,0.193817836700523,484197.928647578,4977495.69523305,-2.11441629774815,6.498,3
57,1,0,accepted,0.00140861016311047,0.236078231146072,484197.840390133,4977495.53276452,-2.11419680539593,9.001,3
58,1,0,accepted,0.026053960486558,0.191830746307663,484197.752445807,4977495.39596028,-2.11535687851856,6.995,3
59,1,0,accepted,0.0298766517870498,0.180139116458584,484197.65294347,4977495.23320002,-2.11541550052545,6.811,3
60,1,0,accepted,0.0329646909401922,0.199607516401256,484197.562789346,4977495.06485693,-2.11467036605307,7.423,3
61,1,0,accepted,0.0497361603648777,0.13486116769747,484197.458364447,4977494.90994022,-2.11466969015477,17.584,3
62,1,0,accepted,0.0498847062922872,0.138771073466301,484197.354497649,4977494.73631952,-2.11311849128904,6.999,3
63,1,0,accepted,0.00737598973291016,0.226828775257825,484197.243778301,4977494.51906946,-2.10906462113016,9.133,3
64,1,0,accepted,0.00472971217367505,0.232230402554053,484197.136652808,4977494.338105,-2.10759736770828,6.255,3
65,1,0,accepted,0.0103744518651907,0.236411343678314,484197.028499963,4977494.15733799,-2.1068147861238,6.751,3
66,1,0,accepted,0.0146618679411819,0.2298798580396,484196.921432189,4977493.97280504,-2.10505133899296,6.227,3
67,1,0,accepted,0.017991576958123,0.174141426426892,484196.812086183,4977493.78748796,-2.10273418301858,6.309,3
68,1,0,accepted,0.0259681955171554,0.171644980245987,484196.694705254,4977493.59326414,-2.09844842468826,6.672,3
69,1,0,accepted,0.0271253672081359,0.133312236775868,484196.58189556,4977493.40020232,-2.09348716837617,6.449,3
70,1,0,accepted,0.0292170795193585,0.0527698470284066,484196.466090728,4977493.19958306,-2.08767707224426,6.108,3
71,1,0,accepted,0.0442347873417272,0.0483434515223662,484196.321508858,4977492.97358522,-2.07928254478508,6.416,3
72,1,0,accepted,0.052229463947346,0.00318791691616153,484196.186649703,4977492.74826539,-2.07019168783891,6.73,3
73,1,0,accepted,0.0477887617249433,-0.00357304780761041,484196.058186336,4977492.50349648,-2.05883406001829,7.01,3
74,1,0,accepted,0.0546487838085018,0.00173033518051187,484195.908833948,4977492.23837878,-2.04528410534136,6.793,3
75,1,0,accepted,0.0593906716029466,0.00817023162782834,484195.7545981,4977491.95391562,-2.02951667345087,6.643,3
76,1,0,accepted,0.0508294878149263,-0.0101295271458205,484195.617879285,4977491.667459,-2.01323630858357,6.944,3
77,1,0,accepted,0.0538759034492006,-0.0711429929332133,484195.47289252,4977491.36734816,-1.99812390651836,7.253,3
78,1,0,accepted,0.0601861730420035,-0.124313192307123,484195.313196194,4977491.04092708,-1.97958818871831,7.167,3
79,1,0,accepted,0.0393737809687947,-0.0881839050566281,484195.176228801,4977490.6777332,-1.95891894795105,7.249,3
80,1,0,accepted,0.0350894599306915,-0.143453525676435,484195.033591043,4977490.31824364,-1.93742042222448,7.63,3
81,1,0,accepted,0.0333649074490164,-0.192346369042459,484194.890553296,4977489.94588112,-1.91385491540454,7.116,3
82,1,0,accepted,0.0457542347218555,-0.129379529757289,484194.744258186,4977489.57015008,-1.8872419644877,7.56,3
83,1,0,accepted,0.0473031405110087,-0.168266656790804,484194.599836102,4977489.16485971,-1.86086395752498,7.325,3
84,1,0,accepted,0.0606556839498507,-0.119055806634438,484194.468294101,4977488.76805018,-1.8333840311648,7.592,3
85,1,0,accepted,0.0650525401390637,-0.0984737639289423,484194.34523179,4977488.34109956,-1.80601244536814,8.486,3
86,1,0,accepted,0.0700944746295954,-0.102088359459986,484194.231546134,4977487.90212002,-1.78014335809841,8.289,3
87,1,0,accepted,0.0865200811770988,-0.132669138968585,484194.115606079,4977487.46018877,-1.75324083672651,8.724,3
88,1,0,accepted,0.087428139692136,-0.113546962260376,484194.029667161,4977487.0005813,-1.72596660272275,8.111,3
89,1,0,accepted,0.0883595683368914,-0.151883727508939,484193.946848768,4977486.53109181,-1.69880391815397,7.964,3
90,1,0,accepted,0.0733537157256599,-0.139664880471959,484193.889508081,4977486.04125498,-1.67031804029381,9.921,3
91,1,0,accepted,0.0718143661267747,-0.127370139235956,484193.825333779,4977485.55072856,-1.64023546659167,9.098,3
92,1,0,accepted,0.0353178820327528,-0.0590184015198068,484193.813525186,4977485.02230688,-1.60910536685948,9.182,3
93,1,0,accepted,0.0281425982024673,-0.0537518512684066,484193.780163769,4977484.50814236,-1.57926213523557,8.794,3
94,1,0,accepted,0.0139919662540896,-0.127627858202541,484193.753337824,4977483.98084304,-1.55069678870354,8.702,3
95,1,0,accepted,0.0175763193217867,-0.211062754460292,484193.758514262,4977483.45903162,-1.52152310418038,9.36,3
96,1,0,accepted,0.0299400442836714,-0.288862482151491,484193.77912725,4977482.93679933,-1.49150693816241,8.791,3
97,1,0,accepted,0.0411661951080173,-0.331748232218565,484193.805865682,4977482.41756473,-1.46116601787614,8.85,3
98,1,0,accepted,0.0372025675368466,-0.411276285438429,484193.852458906,4977481.87404924,-1.43104461899756,10.281,3
99,1,0,accepted,0.0154906539949073,-0.351577929589449,484193.929873167,4977481.30560304,-1.3997280549951,9.009,3
100,1,0,accepted,0.0131081181843239,-0.364426613443808,484194.031100652,4977480.74281348,-1.369330592821,7.827,3
101,1,0,accepted,0.0157740574305137,-0.287380589171016,484194.132861328,4977480.16107542,-1.33908171558576,8.682,3
102,1,0,accepted,0.0304105256059081,-0.239905218937416,484194.279835033,4977479.59782198,-1.31120093863161,8.118,3
103,1,0,accepted,0.0386065999866426,-0.137670893982933,484194.406892827,4977479.01264091,-1.28352454869617,8.132,3
104,1,0,accepted,0.0360810432940418,-0.154312970052199,484194.57158046,4977478.44520555,-1.25875686289576,8.542,3
105,1,0,accepted,0.0442828862099106,-0.116078469904531,484194.750245605,4977477.86154291,-1.23435884459441,8.517,3
106,1,0,accepted,0.0536799816998205,-0.0256847855891499,484194.952748032,4977477.2728798,-1.21177242196544,8.257,3
107,1,0,accepted,0.0422116079913876,-0.0621436947148412,484195.167766029,4977476.70411728,-1.19405765834862,8.704,3
108,1,0,accepted,0.0404868498009544,-0.0306651136901297,484195.406708551,4977476.11720979,-1.17732083099165,8.404,3
109,1,0,accepted,0.0326227740430876,0.0298257190673907,484195.662715876,4977475.51792442,-1.16199943783221,7.577,3
110,1,0,accepted,0.0333302373750371,0.122579371784501,484195.932051354,4977474.92731036,-1.14876279504954,7.897,3
111,1,0,accepted,0.0332257770018528,0.165151886138845,484196.204266284,4977474.3200664,-1.13765030815368,7.241,3
112,1,0,accepted,0.0308037267619588,0.205205224157908,484196.48067178,4977473.71018435,-1.1281982554114,7.626,3
113,1,0,accepted,0.0276319278993549,0.145345551159014,484196.785104406,4977473.08857846,-1.12182275419543,7.841,3
114,1,0,accepted,0.0226958135646477,0.14182879538494,484197.087227384,4977472.4692627,-1.11589551063779,8.327,3
115,1,0,accepted,0.0213578116344966,0.151190639549016,484197.408126478,4977471.83303713,-1.11079125722156,8.32,3
116,1,0,accepted,0.0160235744413995,0.141602062675237,484197.741503491,4977471.1886273,-1.10727106144858,9.371,3
117,1,0,accepted,0.00686821497112304,0.0306939153455239,484198.092886042,4977470.54786075,-1.10621842928528,8.61,3
118,1,0,accepted,0.0448643722868245,0.103724943295636,484198.475858645,4977469.87054773,-1.10353954775739,8.664,3
119,1,0,accepted,0.0415304003003285,0.145158243662121,484198.82565326,4977469.18844732,-1.10289559189006,9.474,3
120,1,0,accepted,0.0298381312924143,0.100921406193432,484199.1779284,4977468.51991192,-1.10487704070968,8.242,3
121,1,0,accepted,0.0376232358752116,0.124364791862696,484199.547062146,4977467.81413801,-1.1067101732166,7.201,3
122,1,0,accepted,0.0319735420666669,0.0732568508084737,484199.908493809,4977467.11020122,-1.10891292484135,7.501,3
123,1,0,accepted,0.0309616704595122,0.0555395571440006,484200.276534735,4977466.41062036,-1.11130043233115,7.303,3
124,1,0,accepted,0.0398362522188009,0.0502444078651926,484200.656376088,4977465.67929657,-1.11372384653167,8.554,3
125,1,0,accepted,0.040308331567675,0.0177512357872016,484201.035622638,4977464.9464803,-1.11772209932836,7.235,3
126,1,0,accepted,0.0300333980031283,-0.0158725233693939,484201.408236974,4977464.20883815,-1.12246942236614,7.517,3
127,1,0,accepted,0.0309242072868887,-0.0241108720679712,484201.791871492,4977463.45338125,-1.12770008061652,7.062,3
128,1,0,accepted,0.0307301601452025,0.050483657556677,484202.183696407,4977462.68784495,-1.1322408653043,7.421,3
129,1,0,accepted,0.0168965173818221,-0.004034774474438,484202.566182318,4977461.91051075,-1.13870945805149,7.365,3
130,1,0,accepted,0.0243839435906642,0.0583290872314495,484202.942336476,4977461.1138913,-1.1442441795268,7.066,3
131,1,0,accepted,0.0300853568310296,0.080176393182998,484203.327123694,4977460.30656236,-1.14968388520143,7.495,3
132,1,0,accepted,0.0348817689402309,0.118108041020815,484203.703602317,4977459.48540635,-1.156129559024,7.164,3
133,1,0,accepted,0.0422230172261349,0.0989410615695004,484204.073612891,4977458.66427411,-1.16324793878737,7.398,3
134,1,0,accepted,0.0568135747941825,0.179913501736751,484204.450155425,4977457.81635634,-1.168687925483,8.62,3
135,1,0,accepted,0.0552377893098121,0.145936406231807,484204.834484178,4977456.97384793,-1.17612571338251,7.903,3
136,1,0,accepted,0.0546617422269955,0.13113405876731,484205.215457044,4977456.12006662,-1.18331256758244,7.689,3
137,1,0,accepted,0.0522523073954458,0.0764379336792335,484205.600793596,4977455.24971248,-1.19119088478786,8.945,3
138,1,0,accepted,0.0560211224917847,0.0512362336111421,484205.979685995,4977454.36897015,-1.19858432334363,7.754,3
139,1,0,accepted,0.0354322591858471,0.0609624770260628,484206.365616445,4977453.49571504,-1.20511218866545,9.189,3
140,1,0,accepted,0.0283033817753977,-0.000892069497730761,484206.763657233,4977452.65112369,-1.21329153672837,10.389,3
141,1,0,accepted,0.0408337931567156,-0.0467963166121956,484207.138820422,4977451.75815582,-1.22093765167225,9.925,3
142,1,0,accepted,0.0464986722109842,-0.0185655064578372,484207.503946741,4977450.84386875,-1.22711420407554,8.932,3
143,1,0,accepted,0.0319380978324372,0.0429234957343598,484207.864802518,4977449.90526003,-1.23310387224283,9.28,3
144,1,0,accepted,0.0107370001021891,-0.00541131659135339,484208.228024031,4977448.93646661,-1.24059844683857,8.457,3
145,1,0,accepted,0.0220678643938769,0.0230328907534242,484208.575899232,4977447.97642964,-1.24773483704781,7.583,3
146,1,0,accepted,0.0284917450181174,-0.0274644911957391,484208.925734214,4977447.01994475,-1.25451705083015,7.729,3
147,1,0,accepted,0.0494442970847726,0.201413205466048,484209.277809902,4977446.03441927,-1.25822420959781,7.789,3
148,1,0,accepted,0.0456157535625989,0.13968115978364,484209.627117621,4977445.07406935,-1.2656417809727,7.448,3
149,1,0,accepted,0.0422919168395015,0.109140644234851,484209.965521594,4977444.10126646,-1.27303690209632,7.38,3
150,0,0,inconsistentClasses,0.0577389530295799,0.0934605112595588,484210.273174668,4977443.1260977,-1.27972206196214,15.104,3
151,0,0,inconsistentClasses,0.0807044628920398,0.125801564928638,484210.57790204,4977442.13567179,-1.28633001822931,8.662,3
152,1,0,accepted,0.0587777080479714,0.105245066655389,484210.92087327,4977441.15290992,-1.29368128061694,6.594,3
153,1,0,accepted,0.0738083875794574,0.143726556188449,484211.220941942,4977440.15962779,-1.29964958386721,6.468,3
154,1,0,accepted,0.0794682425096651,0.129043104472735,484211.527390319,4977439.16224916,-1.30612787722438,7.268,3
155,1,0,accepted,0.0927351331827184,0.206222394611531,484211.825255607,4977438.16049187,-1.31197259779288,6.714,3
156,1,0,accepted,0.102119158919943,0.254981630235356,484212.13054986,4977437.13355232,-1.31779369032056,7.235,3
157,1,0,accepted,0.123568442578534,0.39412503093615,484212.421966541,4977436.11248403,-1.32235287987652,8.138,3
158,1,0,accepted,0.11236681702946,0.269008895698832,484212.746796649,4977435.09665265,-1.33149654726201,12.237,3
159,1,0,accepted,0.100921735289442,0.230278806133266,484213.041218327,4977434.07453874,-1.33859499136935,9.209,3
160,1,0,accepted,0.0924715892564148,0.188186915240223,484213.321048548,4977433.0682923,-1.34568921424246,8.852,3
161,1,0,accepted,0.0826810469398172,0.140470999424507,484213.599349092,4977432.05513273,-1.35337394374894,9.577,3
162,1,0,accepted,0.0550772144894649,0.0113495900686824,484213.869760706,4977431.06173786,-1.36226138696647,7.143,3
163,1,0,accepted,0.0479199574644089,0.0187162463807504,484214.129326774,4977430.03802363,-1.36852611701334,7.464,3
164,1,0,accepted,0.0393195915421221,-0.145777999385098,484214.376175154,4977429.04218802,-1.37782788714502,8.461,3
165,1,0,accepted,0.0489422892902241,-0.0630802504453353,484214.620612717,4977428.00311031,-1.38244797620353,8.299,3
166,1,0,accepted,0.0474127020939942,-0.0147826564244924,484214.867948715,4977426.95263308,-1.38787546129007,10.774,3
167,1,0,accepted,0.043819180313209,-0.0454621223830543,484215.102598444,4977425.92602727,-1.3945879049899,10.192,3
168,1,0,accepted,0.045110313957247,0.0569228073574592,484215.334470057,4977424.87752979,-1.3995913328995,9.57,3
169,1,0,accepted,0.0401559946760982,0.0693290455235223,484215.559203547,4977423.84026316,-1.40598552530027,10.373,3
170,1,0,accepted,0.0388348626970822,0.0469102000900232,484215.773293346,4977422.80308406,-1.41306384656754,10.156,3
171,1,0,accepted,0.0489036477816314,0.0332887690534115,484215.971679637,4977421.76180239,-1.42050255322216,9.233,3
172,1,0,accepted,0.0502450387010303,0.101821885338953,484216.174184118,4977420.70353168,-1.42654518335608,9.645,3
173,1,0,accepted,0.0520089124828024,0.13344140404909,484216.367733637,4977419.64751331,-1.43357799724317,9.87,3
174,1,0,accepted,0.0552693552022135,0.18673051359028,484216.555009713,4977418.58140196,-1.43998494407676,11.062,3
175,1,0,accepted,0.0991015132829876,0.0529708844929423,484216.686517913,4977417.54900226,-1.44964765048321,7.959,3
176,1,0,accepted,0.113753487151238,0.0692365015512121,484216.845180726,4977416.48924725,-1.45669860706077,8.334,3
177,1,0,accepted,0.131475663813657,0.111803225344689,484216.994569712,4977415.4451772,-1.4633976703115,8.951,3
178,1,0,accepted,0.477598339265545,2.13564936340909,484216.835501702,4977414.51221353,-1.43541390786564,9.296,3
179,1,0,accepted,0.07995072454333,0.314971001122894,484217.349997196,4977413.2504168,-1.47464516060417,10.268,3
180,1,0,accepted,0.0626620435210602,0.179244083178224,484217.510476828,4977412.1682984,-1.48406994226004,9.511,3
181,1,0,accepted,0.0770859993699183,0.258783189390282,484217.645249035,4977411.04671527,-1.49040947741516,9.255,3
182,1,0,accepted,0.104383170616656,0.310586250203469,484217.7599419,4977409.93360048,-1.4962209028626,8.947,3
183,1,0,accepted,0.140167524158147,0.446461726248249,484217.842577025,4977408.82152146,-1.5009804026796,8.475,3
184,1,0,accepted,0.166252107939092,0.527087716445756,484217.936198699,4977407.7190251,-1.5063272516367,7.943,3
185,1,0,accepted,0.102297972530443,0.155383186981747,484218.09690499,4977406.65258431,-1.51953668006688,7.844,3
186,1,0,accepted,0.0717875712303069,-0.0108582674207019,484218.228938273,4977405.55354438,-1.52924794015363,8.843,3
187,1,0,accepted,0.0483947582527198,-0.3518369744352,484218.39144664,4977404.45265395,-1.54209447825774,8.339,3
188,1,0,accepted,0.0530732275047561,-0.402067405280049,484218.474621724,4977403.32485426,-1.54899308981026,8.418,3
189,1,0,accepted,0.0323101165794974,-0.195053918631066,484218.501855538,4977402.2189876,-1.55077961530394,6.52,3
190,1,0,accepted,0.0354240019951536,-0.120103388761049,484218.566786467,4977401.10313754,-1.55416588732137,6.652,3
191,1,0,accepted,0.0352487396235706,-0.112263730840778,484218.624824605,4977399.97274142,-1.55848271933783,6.594,3
192,1,0,accepted,0.045355376931827,-0.0945427230236792,484218.666940165,4977398.84071034,-1.56176477392274,7.089,3
193,1,0,accepted,0.0536638998150094,0.0757747711255994,484218.710158762,4977397.6937577,-1.56183436980505,7.801,3
194,1,0,accepted,0.0626188491343826,0.105756419862243,484218.749503243,4977396.53768698,-1.5638868193991,6.54,3
195,1,0,accepted,0.0310228734685647,-0.0984961799575278,484218.849520428,4977395.36069217,-1.56970521790754,7.639,3
196,1,0,accepted,0.0258024565487128,-0.10863994476062,484218.898852428,4977394.2024222,-1.57230013082167,8.491,3
197,1,0,accepted,0.0199361723864208,-0.0835963176998214,484218.93706835,4977393.04255591,-1.5739413713486,7.572,3
198,1,0,accepted,0.0146632708745342,-0.117419282037013,484218.975936661,4977391.87219015,-1.57636107301558,7.527,3
199,1,0,accepted,0.0121662968538017,-0.105409424110766,484218.998736117,4977390.70377547,-1.57790478026681,7.897,3
200,1,0,accepted,0.0201108101557141,-0.158836801823235,484219.04661096,4977389.53584199,-1.5806156058288,6.984,3
201,1,0,accepted,0.0386058234895987,-0.134953350697421,484219.066195368,4977388.35678971,-1.58157554586398,7.129,3
202,1,0,accepted,0.0565454711887019,-0.109805514069642,484219.0848605,4977387.17384322,-1.58246157920666,6.886,3
203,1,0,accepted,0.0617324330840078,-0.0865489706260255,484219.103252594,4977386.04734943,-1.58327649467163,7.033,3
204,1,0,accepted,0.0605578800671426,-0.14151329723162,484219.11797631,4977384.82911573,-1.58378867948515,6.688,3
205,1,0,accepted,0.0635453060975559,-0.13212319824867,484219.131160093,4977383.60584854,-1.58326543466488,6.791,3
206,1,0,accepted,0.0699669793271677,-0.0977312322127848,484219.142594498,4977382.36644769,-1.58148114104767,7.26,3
207,1,0,accepted,0.0609872827675895,-0.0711615890564553,484219.173168449,4977381.12382944,-1.57956161178169,6.811,3
208,1,0,accepted,0.0617455527802882,-0.0744164635521319,484219.197385278,4977379.90007156,-1.57748341878332,7.094,3
209,1,0,accepted,0.0592381763510472,-0.0682587880911624,484219.227523431,4977378.66015642,-1.57459146086751,8.364,3
210,1,0,accepted,0.0669336514128985,-0.0857426966056231,484219.252304664,4977377.42297353,-1.57181415058668,8.067,3
211,1,0,accepted,0.0616638179100003,-0.0799235223964716,484219.301835186,4977376.18455837,-1.56806163527723,8.165,3
212,1,0,accepted,0.0604171021968619,-0.0601156044179614,484219.336312168,4977374.92315199,-1.56384767049774,6.698,3
213,1,0,accepted,0.0544780580469117,-0.0112623558540855,484219.386681249,4977373.656363,-1.55892729683786,6.991,3
214,1,0,accepted,0.0597900939262813,0.0522727075147945,484219.430033939,4977372.39169958,-1.55384910954157,8.052,3
215,1,0,accepted,0.0287103946895941,0.129117340221109,484219.502090791,4977371.09655889,-1.54790355345568,7.112,3
216,1,0,accepted,0.0364496634540735,0.102947542220255,484219.551976321,4977369.81156831,-1.54332554490169,6.703,3
217,1,0,accepted,0.0440929359718872,0.113048271852692,484219.607148303,4977368.53643114,-1.53823481403554,6.844,3
218,1,0,accepted,0.0600022896000489,0.105789766565607,484219.660363351,4977367.24433801,-1.53301012305466,6.034,3
219,1,0,accepted,0.0682729623966597,0.0751128992749852,484219.726954284,4977365.94673814,-1.52830727809279,6.332,3
220,1,0,accepted,0.0651405720834466,0.152420042024432,484219.807748153,4977364.68028064,-1.52147399436768,6.809,3
221,1,0,accepted,0.0742483470651634,0.156574125054632,484219.886359161,4977363.39700761,-1.51587997907978,7.226,3
222,1,0,accepted,0.0887378173519342,0.181425803951339,484219.968426202,4977362.10750993,-1.50983062353827,7.943,3
223,1,0,accepted,0.0971172478158315,0.227334726379675,484220.064833804,4977360.81895931,-1.50284815063912,7.895,3
224,1,0,accepted,0.0658489338121717,0.094965871581911,484220.209981236,4977359.51533913,-1.4988306708937,7.816,3
225,1,0,accepted,0.0558586577867089,0.0375692654766279,484220.342385557,4977358.2148864,-1.49328200461628,7.448,3
226,1,0,accepted,0.0539835346522968,0.00469902227056736,484220.474950812,4977356.9084172,-1.48738794734001,7.189,3
227,1,0,accepted,0.0545086113331221,-0.00630857587785248,484220.613694772,4977355.59319598,-1.48086949484924,7.104,3
228,1,0,accepted,0.0498598718851022,-0.016531090647332,484220.758937279,4977354.32012053,-1.47417115562841,7.32,3
229,1,0,accepted,0.0547497217001059,-0.000661581720937782,484220.904854579,4977353.01197259,-1.46709692295276,6.813,3
230,1,0,accepted,0.0553566917644885,0.031174069796493,484221.065745505,4977351.70994427,-1.46012431846447,6.746,3
231,1,0,accepted,0.0571416152720963,0.0202242949190513,484221.234220488,4977350.39966853,-1.45346851674621,6.16,3
232,1,0,accepted,0.054176949118233,0.0409150695557562,484221.417676498,4977349.08215053,-1.44683441433735,6.358,3
233,1,0,accepted,0.0399119263068111,-0.0218546859698855,484221.621484381,4977347.77505863,-1.44138472735195,7.143,3
234,1,0,accepted,0.0412258708495294,-0.0850701100966476,484221.820586062,4977346.45737599,-1.43591591384705,6.225,3
235,1,0,accepted,0.0407936097257357,-0.0637907475804421,484222.028325991,4977345.15011484,-1.42907304524814,6.248,3
236,1,0,accepted,0.0492509370988453,-0.0163068137661337,484222.238715296,4977343.82764426,-1.42168843975625,6.317,3
237,1,0,accepted,0.0588943991302642,0.000191874281434886,484222.45572051,4977342.50452737,-1.41473690629528,6.957,3
238,1,0,accepted,0.0698578388722348,0.00538539878079105,484222.675641592,4977341.19675964,-1.4080514674598,6.936,3
239,1,0,accepted,0.0471449636499197,-0.0704803785661423,484222.939836319,4977339.87692659,-1.40245831484735,6.547,3
240,1,0,accepted,0.057420963289998,-0.0802636589608089,484223.18335317,4977338.54947168,-1.39650275401604,8.126,3
241,1,0,accepted,0.0680795533129196,-0.0890652216231108,484223.429351629,4977337.2495757,-1.38978385345008,6.805,3
242,1,0,accepted,0.07489284273882,-0.089823028666957,484223.692860749,4977335.93263846,-1.38370202213359,8.206,3
243,1,0,accepted,0.0865509685048105,-0.0695018844158934,484223.95909704,4977334.60853356,-1.37728417819381,7.046,3
244,1,0,accepted,0.102421113606487,-0.0150178382577836,484224.23155511,4977333.28358487,-1.37063901197379,7,3
245,1,0,accepted,0.113522240931228,0.0665066242925897,484224.520738998,4977331.94820916,-1.36436288015604,8.604,3
246,1,0,accepted,0.0976893155956294,0.123981777876995,484224.843811857,4977330.64858176,-1.35966508408959,9.374,3
247,1,0,accepted,0.0857273742488647,0.0952817688636612,484225.182486976,4977329.34530788,-1.35740864146829,7.37,3
248,1,0,accepted,0.0809482263850738,0.0398087932199452,484225.493041907,4977328.00645298,-1.35644809461166,8.998,3
249,1,0,accepted,0.0775345268146166,0.0393431062313102,484225.813682672,4977326.66805578,-1.35425938851984,9.582,3
250,1,0,accepted,0.0738181027949323,0.0419429416306472,484226.140660947,4977325.32279327,-1.35207423613438,7.906,3
251,1,0,accepted,0.0572254003730524,-0.0668940457574612,484226.48680919,4977323.97052899,-1.35228853629278,7.544,3
252,1,0,accepted,0.0339654301408558,-0.162862043358679,484226.845639556,4977322.62418027,-1.35242974694016,7.646,3
253,1,0,accepted,0.0351216294966582,-0.157357773949087,484227.179080732,4977321.2751421,-1.35106603267993,9.657,3
254,1,0,accepted,0.0391078695883653,-0.144055377314998,484227.50332306,4977319.95602016,-1.349072028333,10.155,3
255,1,0,accepted,0.0449179078128779,-0.205473336277095,484227.836113592,4977318.60356862,-1.34832207393262,8.356,3
256,1,0,accepted,0.0282724918882578,-0.0809710969879412,484228.189469223,4977317.27305169,-1.34494281264586,8.405,3
257,1,0,accepted,0.0298428817281448,-0.0663543368580487,484228.531547483,4977315.92747171,-1.34327096267883,7.549,3
258,1,0,accepted,0.0360273679130066,-0.0131943791079026,484228.877584143,4977314.55916006,-1.34209973117183,7.91,3
259,1,0,accepted,0.0427445457168055,-0.0479008804283622,484229.218600474,4977313.2103348,-1.34118591384367,7.305,3
260,1,0,accepted,0.0474766016307554,-0.0436623012682453,484229.567832289,4977311.84406156,-1.34045789151725,7.91,3
261,1,0,accepted,0.048307919049553,-0.0386115165263691,484229.913995548,4977310.50688063,-1.33950437109194,6.78,3
262,1,0,accepted,0.0520797294631931,-0.0521749989990252,484230.265226403,4977309.14745551,-1.33871048972295,8.009,3
263,1,0,accepted,0.042644954849811,-0.143136696296852,484230.637295881,4977307.80366884,-1.34003795236675,7.458,3
264,1,0,accepted,0.048951667641711,-0.159911226197965,484230.98961058,4977306.4441836,-1.33898764843351,6.988,3
265,1,0,accepted,0.0525279354309777,-0.14033278760234,484231.350250019,4977305.0551635,-1.33837478333709,6.74,3
266,1,0,accepted,0.0535560330789897,-0.00491881427140507,484231.713173721,4977303.69019593,-1.33560754223217,6.838,3
267,1,0,accepted,0.0449324681638654,0.0609864996943144,484232.081700228,4977302.32299472,-1.33387324431467,7.126,3
268,1,0,accepted,0.0386468625963569,0.0469997990342399,484232.450651753,4977300.93549074,-1.33318119024633,7.333,3
269,1,0,accepted,0.0342364141105428,0.0280710772058318,484232.821284236,4977299.54503162,-1.33268912737808,6.805,3
270,1,0,accepted,0.0349171675102225,0.0686802402028736,484233.193543731,4977298.14968723,-1.33165016181424,6.707,3
271,1,0,accepted,0.0359313724267319,0.102979150418194,484233.574428443,4977296.74256992,-1.33077506014382,7.35,3
272,1,0,accepted,0.0486593755466369,0.0781253790514826,484233.935981882,4977295.34951362,-1.33110129805764,7.265,3
273,1,0,accepted,0.0543341047756189,0.132722699126647,484234.305449033,4977293.95446079,-1.33058354684213,7.803,3
274,1,0,accepted,0.0540991758368725,0.194493424444901,484234.674449969,4977292.58061908,-1.32980706688059,6.67,3
275,1,0,accepted,0.0606264588481564,0.183508037204047,484235.046354674,4977291.17699456,-1.33104446649981,6.171,3
276,1,0,accepted,0.0699227358335392,0.143435464821946,484235.418228451,4977289.76705883,-1.33264815445277,6.494,3
277,1,0,accepted,0.0791246716579919,0.140742103280332,484235.786580037,4977288.35514587,-1.33380821931934,6.59,3
278,1,0,accepted,0.0972272562149579,0.128522371308564,484236.143735564,4977286.94292821,-1.33481973703806,7.345,3
279,1,0,accepted,0.123088553276238,0.134904204467104,484236.503520528,4977285.50503461,-1.33679587552743,7.179,3
280,1,0,accepted,0.265912403406666,1.08710408603882,484236.703061207,4977284.11760245,-1.32128121651422,7.131,3
281,1,0,accepted,0.229965239336897,1.05427397082874,484237.102819188,4977282.73026776,-1.32379112568506,6.893,3
282,1,0,accepted,0.187484548598185,0.850357313811537,484237.510977347,4977281.32650689,-1.32972678425369,7.53,3
283,1,0,accepted,0.135817679070484,0.457037941152413,484237.92810131,4977279.91941215,-1.33853378316956,8.463,3
284,1,0,accepted,0.0824023148811131,0.0315738262264135,484238.345689456,4977278.51737067,-1.34938281038092,7.715,3
285,1,0,accepted,0.111958525907636,0.37251689166469,484238.704119637,4977277.16973011,-1.34692102123503,6.69,3
286,1,0,accepted,0.077927753356124,0.218275084560425,484239.0935861,4977275.70208883,-1.35329210701356,6.702,3
287,1,0,accepted,0.0368292002871678,0.021659365392815,484239.466283162,4977274.26926887,-1.35933768373392,6.838,3
288,1,0,accepted,0.0196120179484986,-0.0382379607417162,484239.822996721,4977272.81302449,-1.36389420796205,6.643,3
289,1,0,accepted,0.024906277755474,-0.0981859718716417,484240.165141044,4977271.35385047,-1.36784039902073,7.303,3
290,1,0,accepted,0.038322022267616,-0.123213504702694,484240.491704154,4977269.90766906,-1.37182299972621,6.639,3
291,1,0,accepted,0.0475685063740161,-0.0235257867010971,484240.818793023,4977268.46300379,-1.37348267922407,6.477,3
292,1,0,accepted,0.0468389680588902,-0.0283311213810367,484241.151486558,4977267.01276882,-1.37691288454226,6.499,3
293,1,0,accepted,0.04731425177759,0.102479143117073,484241.472661776,4977265.61156158,-1.37837909477481,6.357,3
294,1,0,accepted,0.0488482935168032,0.144242724504399,484241.793986788,4977264.15995739,-1.38145852705566,6.959,3
295,1,0,accepted,0.0348561284970943,-0.0568528319280741,484242.13808993,4977262.66896957,-1.38791918465595,6.754,3
296,1,0,accepted,0.0370402171292438,-0.115456971684507,484242.451798956,4977261.21384772,-1.39196219547247,7.092,3
297,1,0,accepted,0.0469906465460423,-0.155535640146812,484242.75231368,4977259.75827176,-1.39582900281261,7.441,3
298,1,0,accepted,0.0585692029195157,-0.160240449374589,484243.04185966,4977258.30418842,-1.39922163493311,6.354,3
299,1,0,accepted,0.0489375750443237,-0.205542418752331,484243.340253058,4977256.86002211,-1.403462073825,6.687,3
300,1,0,accepted,0.0627512008369326,-0.175144038250889,484243.617251631,4977255.42246373,-1.40614917252327,6.378,3
301,1,0,accepted,0.0646585715741254,-0.0423180805013686,484243.898485219,4977253.98955304,-1.40675809454314,7.961,3
302,1,0,accepted,0.0550302259584338,0.000497315498346267,484244.190106429,4977252.56095234,-1.40932409966216,6.41,3
303,1,0,accepted,0.0310753882009693,0.0121364933439383,484244.490636902,4977251.12353392,-1.41205939568771,7.667,3
304,1,0,accepted,0.0286104076887235,-0.00569000129796432,484244.768409318,4977249.68584614,-1.41555994095133,7.435,3
305,1,0,accepted,0.0257444676426397,-0.0480544732300868,484245.039777847,4977248.25809361,-1.41952340066498,6.898,3
306,1,0,accepted,0.0265861623828377,-0.0430363590473141,484245.302953374,4977246.82477814,-1.42217798817515,5.965,3
307,1,0,accepted,0.0348733986761946,-0.0787558444458512,484245.551326218,4977245.38619235,-1.42603540831426,5.83,3
308,1,0,accepted,0.0408879826030818,-0.0614618402285134,484245.794433511,4977243.94992732,-1.42890836009549,7.201,3
309,1,0,accepted,0.0523599211395774,-0.0335848331185102,484246.027299575,4977242.51601782,-1.43155497605608,6.008,3
310,1,0,accepted,0.043067901935488,0.0371453305374594,484246.276610112,4977241.09962087,-1.43355864051596,6.304,3
311,1,0,accepted,0.0496914765724226,0.0214233688129755,484246.504732664,4977239.64478101,-1.43659587520313,7.227,3
312,1,0,accepted,0.0473214224227342,0.0280743225119375,484246.73569672,4977238.20796346,-1.43889040406593,6.541,3
313,1,0,accepted,0.0426773196804047,-0.0240123126907987,484246.95970421,4977236.80584911,-1.44159073455478,7.952,3
314,1,0,accepted,0.0529758729289907,0.0276757359670364,484247.173665257,4977235.37670392,-1.44354276909033,7.331,3
315,1,0,accepted,0.0687945450536222,0.0252039158308095,484247.383685963,4977233.94747993,-1.445968153813,8.163,3
316,1,0,accepted,0.0631643859868705,0.090342926826011,484247.600468692,4977232.56490668,-1.44805202746869,6.455,3
317,1,0,accepted,0.0895031996767814,0.315930899858363,484247.787082671,4977231.18213824,-1.44658340920136,6.227,3
318,1,0,accepted,0.158727901279455,0.675509513367045,484247.960901631,4977229.82733476,-1.44244040278287,6.162,3
319,1,0,accepted,0.101576040494079,0.275870978238777,484248.223759182,4977228.38807971,-1.45156423272205,6.717,3
320,1,0,accepted,0.0829942551042135,0.115452191872431,484248.447241994,4977226.96004107,-1.45617361476612,6.403,3
321,1,0,accepted,0.075532634202163,0.0245159341093195,484248.657847673,4977225.54170816,-1.45996885479898,5.854,3
322,1,0,accepted,0.0795414587159265,0.129328813511978,484248.849114933,4977224.12649485,-1.46038629654733,6.017,3
323,1,0,accepted,0.0651882708598731,0.0532414048363688,484249.056105868,4977222.69303262,-1.46394567224266,6.238,3
324,1,0,accepted,0.0466766107087085,-0.0101384456653376,484249.254468784,4977221.25588747,-1.46730970451662,6.319,3
325,1,0,accepted,0.0291119820643597,-0.110020741359799,484249.441628836,4977219.78703285,-1.47122082654159,6.422,3
326,1,0,accepted,0.0280770069036285,-0.180097781589244,484249.621127718,4977218.36344691,-1.47424142309178,6.294,3
327,1,0,accepted,0.0414730228775686,-0.159731636659475,484249.795389812,4977216.9372904,-1.47557334659951,6.041,3
328,1,0,accepted,0.0436777723011452,-0.0975996667398215,484249.963546143,4977215.50417323,-1.47655811118852,6.407,3
329,1,0,accepted,0.0419115426510385,0.0101484995245338,484250.143052631,4977214.08742119,-1.47550015821848,6.385,3
330,1,0,accepted,0.0492625303899339,0.0825379821964051,484250.310429251,4977212.65964729,-1.47654559019489,6.479,3
331,1,0,accepted,0.0534016379841828,0.114332533716513,484250.477629249,4977211.23430439,-1.4774813762848,6.257,3
332,1,0,accepted,0.0536219446188323,0.0624421774500114,484250.644299405,4977209.79068446,-1.47852083826855,6.371,3
333,1,0,accepted,0.0555453261528925,0.143818994443027,484250.805967948,4977208.36015762,-1.47949521950615,6.808,3
334,1,0,accepted,0.0591298174879165,0.162163518868127,484250.972792341,4977206.90326041,-1.48078284629414,7.039,3
335,1,0,accepted,0.0733046621739846,0.110372772890946,484251.141762051,4977205.44548045,-1.48256086313309,7.617,3
336,1,0,accepted,0.0631183229144106,-0.00029447085379802,484251.319318604,4977204.01362248,-1.48596919449603,7.205,3
337,1,0,accepted,0.0642799745868139,0.127772480015444,484251.444433933,4977202.60293679,-1.4855182851322,7.031,3
338,1,0,accepted,0.0192063425394321,-0.444520108922073,484251.662965427,4977201.21878156,-1.49638738058284,6.509,3
339,1,0,accepted,0.0227646054336167,-0.336765527681691,484251.79380115,4977199.79793988,-1.49659544800352,6.13,3
340,1,0,accepted,0.0375053918880533,-0.192710418225961,484251.927895201,4977198.34389063,-1.49588487633801,6.506,3
341,1,0,accepted,0.0269244367665923,-0.299894692682478,484252.087829805,4977196.93700362,-1.49941988267121,6.532,3
342,1,0,accepted,0.03309901942677,-0.203638387407714,484252.230265289,4977195.49666929,-1.49914866736842,7.182,3
343,1,0,accepted,0.0446277484877681,-0.215440452041445,484252.368115097,4977194.05468506,-1.50077169279489,6.284,3
344,1,0,accepted,0.0634371663497327,-0.262986668311912,484252.500800227,4977192.60486815,-1.50264409745543,6.334,3
345,1,0,accepted,0.0724999846461409,-0.206858282571654,484252.636791225,4977191.16233119,-1.50275721504828,6.81,3
346,1,0,accepted,0.076769826970608,-0.139389281846105,484252.767448894,4977189.75214327,-1.50269162019666,6.259,3
347,1,0,accepted,0.0551307283491025,-0.0267457029940728,484252.918153041,4977188.35120656,-1.50127804736944,7.061,3
348,1,0,accepted,0.0547650903654953,0.0140973907867295,484253.053412928,4977186.92750406,-1.5014749331703,7.739,3
349,1,0,accepted,0.0389235162855447,0.040364232828548,484253.201994951,4977185.5267194,-1.50152656784967,6.971,3
350,1,0,accepted,0.0420785612737116,0.0425009844284636,484253.333187374,4977184.11564058,-1.50189801493064,7.885,3
351,1,0,accepted,0.0457877315057271,0.0448758996914151,484253.461815375,4977182.68151073,-1.50178487853129,7.898,3
352,1,0,accepted,0.0536011404890671,0.0386758996385806,484253.584297673,4977181.2751592,-1.50177483101756,6.973,3
353,1,0,accepted,0.0587557232264057,0.0511057059924195,484253.711431325,4977179.86198972,-1.50170286573505,7.294,3
354,1,0,accepted,0.0610539376418112,0.0284190050850643,484253.843064315,4977178.43992217,-1.50203714310884,7.001,3
355,1,0,accepted,0.0677234667750843,0.0383787984953857,484253.970627662,4977177.03718698,-1.50191871290249,7.801,3
356,1,0,accepted,0.071166215753706,0.0355881132184286,484254.101722206,4977175.63070725,-1.50207017887704,8.093,3
357,1,0,accepted,0.0744186804122293,0.0750943089725654,484254.230451906,4977174.21988737,-1.5014978824078,7.388,3
358,1,0,accepted,0.0631277280845261,0.111672697075937,484254.35762313,4977172.79110723,-1.50096739250011,6.831,3
359,1,0,accepted,0.049225781385073,0.130059569460348,484254.48751039,4977171.38705268,-1.50041941818954,6.517,3
360,1,0,accepted,0.0398560028597453,0.115567967873891,484254.61423146,4977169.97681866,-1.5005259484387,7.643,3
361,1,0,accepted,0.0400554576568623,0.120948620822494,484254.738411762,4977168.57547376,-1.50013576772709,6.014,3
362,1,0,accepted,0.0306872066734987,0.104785869219955,484254.859317942,4977167.15116496,-1.50005697612873,6.013,3
363,1,0,accepted,0.0218502219764449,0.0878474011633546,484254.979128837,4977165.71390317,-1.50008253139039,7.102,3
364,1,0,accepted,0.0164765011416774,0.0395564921020844,484255.100471068,4977164.30637752,-1.50075667529689,6.313,3
365,1,0,accepted,0.0207773521981185,0.025138010144109,484255.215309522,4977162.88465183,-1.50044852563113,7.307,3
366,1,0,accepted,0.0302166657102423,0.0265370811134643,484255.334318828,4977161.45421909,-1.49984387551909,5.933,3
367,1,0,accepted,0.0325884992177248,0.0352016257980297,484255.453336017,4977160.03520378,-1.49900924559031,5.963,3
368,1,0,accepted,0.0363863785780095,0.0732356075135906,484255.571947221,4977158.60418687,-1.49770808728911,6.495,3
369,1,0,accepted,0.0501665538512213,0.0724542782343173,484255.693538106,4977157.171453,-1.49702041983427,6.373,3
370,1,0,accepted,0.0654597283244957,0.093978740417722,484255.81905641,4977155.74294641,-1.49589903443468,7.283,3
371,1,0,accepted,0.0904778538610554,0.108485388831749,484255.937058907,4977154.29207857,-1.49490856612489,6.447,3
372,1,0,accepted,0.110346852244265,0.166759772631792,484256.058789121,4977152.88098942,-1.49323118863302,6.307,3
373,1,0,accepted,0.265217787829169,1.17325727547729,484256.050550927,4977151.48213441,-1.47369905337145,7.588,3
374,1,0,accepted,0.177860348458706,0.795877968693953,484256.282575226,4977150.04743126,-1.47901202997368,7.33,3
375,1,0,accepted,0.13241564316075,0.418564667430159,484256.48355153,4977148.62032572,-1.48362407340583,8.671,3
376,1,0,accepted,0.108736675167857,0.207669388300976,484256.671413388,4977147.18331871,-1.48527331062199,7.55,3
377,1,0,accepted,0.109070868755008,-0.0746751038533369,484256.865968021,4977145.77957975,-1.48885387390992,7.324,3
378,1,0,accepted,0.0443356602752602,-0.571546881435728,484257.014027024,4977144.2896714,-1.4956733702455,8.022,3
379,1,0,accepted,0.0474900643188576,-0.423754326315784,484257.156140523,4977142.8576373,-1.49168068844306,7.057,3
380,1,0,accepted,0.0530990679217008,-0.411988379177165,484257.305938041,4977141.42246857,-1.48978329898005,7.007,3
381,1,0,accepted,0.0705607448831425,-0.419333451627425,484257.450401453,4977139.97073402,-1.48847617928191,6.481,3
382,1,0,accepted,0.0779462429239687,-0.402548553992729,484257.601924563,4977138.56509267,-1.48668708013568,7.389,3
383,1,0,accepted,0.0867007044142651,-0.297625585020127,484257.756393535,4977137.14674358,-1.48340276213556,7.174,3
384,1,0,accepted,0.0702721220946294,0.0806722045378771,484257.94172614,4977135.70929489,-1.47586724555403,6.968,3
385,1,0,accepted,0.0722570581619605,0.127289735883267,484258.102997016,4977134.32368209,-1.47375338305855,7.528,3
386,1,0,accepted,0.0725491681392685,0.0483969337052631,484258.276358832,4977132.89166904,-1.47325964857149,7.028,3
387,1,0,accepted,0.0596827763170685,0.0569810612761138,484258.457489866,4977131.48795356,-1.47201931214722,6.129,3
388,1,0,accepted,0.0563458049520353,0.00113346469582123,484258.629870724,4977130.08080507,-1.47161475446321,6.408,3
389,1,0,accepted,0.0574183059316823,-0.0359653673194072,484258.800006071,4977128.66172281,-1.4706697547801,6.202,3
390,1,0,accepted,0.0504273870371108,-0.0104857391029416,484258.969169234,4977127.29030496,-1.46872360232313,8.303,3
391,1,0,accepted,0.0551177828632667,-0.0236760263286493,484259.136880476,4977125.89189233,-1.46744143776583,9.981,3
392,1,0,accepted,0.0680258012461649,0.0352032896215373,484259.301379304,4977124.51289641,-1.46545778613985,7.145,3
393,1,0,accepted,0.0696364114817067,0.00260714791673655,484259.477446054,4977123.12607501,-1.46450089954723,5.987,3
394,1,0,accepted,0.0733640267219378,0.0105592134343493,484259.651009424,4977121.72632712,-1.46302192702412,6.319,3
395,1,0,accepted,0.0669346534852466,-0.0242999341103992,484259.830006545,4977120.30684898,-1.46250020849181,5.743,3
396,1,0,accepted,0.0543358713878763,-0.027050314206132,484260.02202557,4977118.92412835,-1.46156004364529,6.19,3
397,1,0,accepted,0.0491428323469595,-0.0379165781735974,484260.210058105,4977117.51531237,-1.46063330181369,6.307,3
398,1,0,accepted,0.0432362419129896,-0.0272349488886199,484260.397372241,4977116.14292674,-1.4590074521545,6.326,3
399,1,0,accepted,0.0344733485236968,0.0217075213048894,484260.593479566,4977114.74945908,-1.4571578218628,6.607,3
400,1,0,accepted,0.0396292861634963,0.0341993911819529,484260.774974102,4977113.36160269,-1.4557278164467,6.462,3
401,1,0,accepted,0.0522433522500934,0.107448005271939,484260.954207204,4977111.98130561,-1.45280497219948,6.34,3
402,1,0,accepted,0.0627027067492554,0.0739563735243566,484261.141555643,4977110.60467193,-1.4517672177284,6.003,3
403,1,0,accepted,0.071378539886098,0.10739716694839,484261.323284745,4977109.23025573,-1.44972956351896,6.046,3
404,1,0,accepted,0.0860459903581963,0.139944180199337,484261.507396197,4977107.84041896,-1.44716867221411,6.483,3
405,1,0,accepted,0.0959439398020194,0.142396428383325,484261.686865215,4977106.48867136,-1.44499904386901,6.756,3
406,1,0,accepted,0.109260397157912,0.191390545878817,484261.873220596,4977105.13022252,-1.44188566346202,6.218,3
407,1,0,accepted,0.116381742470954,0.278692522035917,484262.079289352,4977103.80149068,-1.43810312999344,6.253,3
408,1,0,accepted,0.0846736635750154,-0.0335844372003791,484262.306879335,4977102.42781438,-1.44128955174328,6.023,3
409,1,0,accepted,0.0629983320742232,-0.268847013251569,484262.528361696,4977101.04725408,-1.44327573454299,6.662,3
410,1,0,accepted,0.0464473605437707,-0.454361684525406,484262.749201101,4977099.68787875,-1.44423379297591,7.292,3
411,1,0,accepted,0.0492632363516962,-0.122116430378997,484262.934513446,4977098.32513065,-1.43618129938395,16.852,3
412,1,0,accepted,0.0436458231969852,-0.069583483438282,484263.147100963,4977096.97795391,-1.43370697348898,17.767,3
413,1,0,accepted,0.0421509871546473,-0.0721989524220074,484263.36423292,4977095.61528901,-1.43193288063263,16.555,3
414,1,0,accepted,0.0444157260492929,-0.112308423793553,484263.581273897,4977094.26848132,-1.4303357989701,13.608,3
415,1,0,accepted,0.0457721921202284,-0.123589650234658,484263.796097223,4977092.93041797,-1.42883276448809,12.242,3
416,1,0,accepted,0.0470386079093553,-0.146338787836577,484264.01305106,4977091.60030339,-1.42704099084102,8.756,3
417,1,0,accepted,0.049498101244372,-0.145213738743956,484264.228467199,4977090.27128153,-1.42486231054445,7.62,3
418,1,0,accepted,0.0556670444999758,-0.116810917676422,484264.442413317,4977088.97190786,-1.42270919813335,9.109,3
419,1,0,accepted,0.0570495783102295,-0.0925198590505103,484264.667405795,4977087.65816817,-1.41987791331856,12.269,3
420,1,0,accepted,0.0607806158937758,-0.0402230043293852,484264.892611512,4977086.32967323,-1.4170031897245,7.177,3
421,1,0,accepted,0.0635454182161627,0.0256090565650601,484265.12230815,4977085.00442422,-1.41401440832,6.836,3
422,1,0,accepted,0.0529178573745378,0.141689843873346,484265.370459654,4977083.6714289,-1.41036700912224,6.364,3
423,1,0,accepted,0.0601518389518441,0.182309275808971,484265.601833988,4977082.34462332,-1.40807212051811,6.017,3
424,1,0,accepted,0.0739229113569091,0.184067576626639,484265.823706547,4977081.04653963,-1.40630573283616,6.154,3
425,1,0,accepted,0.0307402498693441,-0.246142699860788,484266.121861075,4977079.71337519,-1.41226139192135,7.415,3
426,1,0,accepted,0.0481977129287337,-0.189596481060391,484266.357991672,4977078.38509965,-1.40906150001639,7.385,3
427,1,0,accepted,0.067919428118648,-0.0895086424120559,484266.594523441,4977077.05167359,-1.40622679631374,8.012,3
428,1,0,accepted,0.0945124925218307,0.0525046909411162,484266.825656098,4977075.71542106,-1.40214545041605,7.633,3
429,1,0,accepted,0.106621751155622,0.17492958387109,484267.064210674,4977074.39849964,-1.39874572001368,7.095,3
430,1,0,accepted,0.0134948277174581,-0.0898210482400826,484267.371432946,4977073.13958562,-1.40158368575316,9.254,3
431,1,0,accepted,0.0187015046766714,-0.0928242450504567,484267.616084635,4977071.86624441,-1.39975353850833,8.298,3
432,1,0,accepted,0.0208737107093043,-0.0909894909744266,484267.871102373,4977070.5625605,-1.39796060506072,7.993,3
433,1,0,accepted,0.0219685251235962,-0.0406866634438346,484268.122120526,4977069.24330148,-1.39574240732784,7.188,3
434,1,0,accepted,0.0226012625916857,-0.00755101027278214,484268.378423934,4977067.92064561,-1.39334033147201,7.652,3
435,1,0,accepted,0.032348081828316,-0.0123186560159718,484268.642956208,4977066.58698404,-1.39197585052765,7.384,3
436,1,0,accepted,0.0357082384322173,-0.0619381738886853,484268.905866145,4977065.26967847,-1.39088706397887,8.234,3
437,1,0,accepted,0.0439630860449024,-0.0830124718573056,484269.181115906,4977063.95573461,-1.38952483688118,8.981,3
438,1,0,accepted,0.0407292242941383,-0.130080341787689,484269.454060092,4977062.64690662,-1.3880742419318,8.197,3
439,1,0,accepted,0.04455519310628,-0.0952797940360643,484269.709593979,4977061.32950098,-1.38554189348466,8.424,3
440,1,0,accepted,0.0598010739451999,-0.00635266144218633,484269.945463172,4977060.03480851,-1.38175992871975,8.162,3
441,1,0,accepted,0.0554928614978858,0.00183536001346394,484270.229753248,4977058.72595578,-1.37929048324267,8.285,3
442,1,0,accepted,0.0534748599058926,-0.0223302395025364,484270.507476007,4977057.42286148,-1.37768929354811,7.734,3
443,1,0,accepted,0.0595026228193849,0.0249955106771282,484270.775874465,4977056.13031125,-1.37443393256992,7.779,3
444,1,0,accepted,0.0470276294641835,0.0174769352215635,484271.069526792,4977054.83604166,-1.37261255859725,8.273,3
445,1,0,accepted,0.0420761572363117,0.0637302490649748,484271.362047771,4977053.52774832,-1.36944134811843,7.637,3
446,1,0,accepted,0.0395342606653605,0.082904339696524,484271.651536174,4977052.22896204,-1.36615559992538,8.102,3
447,1,0,accepted,0.0487335282592464,0.0810409765189717,484271.936377351,4977050.9214432,-1.36356932988069,7.79,3
448,1,0,accepted,0.0555492926429998,0.110224936137342,484272.229531948,4977049.6077971,-1.36013742471587,7.647,3
449,1,0,accepted,0.0682031610281984,0.0874679066900652,484272.518809493,4977048.30652731,-1.35739903876667,7.82,3
450,1,0,accepted,0.0137067443562043,-0.299168061541226,484272.859989373,4977047.05313153,-1.36086769176439,7.085,3
451,1,0,accepted,0.0207874559124504,-0.344364396436951,484273.153648583,4977045.77598723,-1.35841287418437,7.19,3
452,1,0,accepted,0.03562391659913,-0.390043293879047,484273.446840642,4977044.49183657,-1.35618086158337,6.454,3
453,1,0,accepted,0.0431244231166756,-0.330805563714216,484273.755682579,4977043.23938508,-1.35159135853218,7.475,3
454,1,0,accepted,0.0406662970415626,-0.236403117123327,484274.077002985,4977041.97129277,-1.34663230524399,7.726,3
455,1,0,accepted,0.034322469860714,-0.142635166816661,484274.392868993,4977040.68969596,-1.34103052689016,8.194,3
456,1,0,accepted,0.04241218792937,-0.0229447807288606,484274.706381755,4977039.41465424,-1.33479825890586,7.798,3
457,1,0,accepted,0.0327963051044266,0.0688747712353096,484275.038189344,4977038.16916428,-1.32932609032914,7.713,3
458,1,0,accepted,0.0253089530548769,0.129189525368937,484275.375391935,4977036.91888136,-1.32406050301402,7.641,3
459,1,0,accepted,0.0288945058353532,0.197626499222257,484275.707089307,4977035.67734988,-1.3190612563512,6.712,3
460,1,0,accepted,0.0318056911098252,0.106229986012325,484276.038943408,4977034.43592796,-1.31644816620769,7.943,3
461,1,0,accepted,0.0281318651002635,0.0606074729158914,484276.384935717,4977033.18249116,-1.31302588231927,8.071,3
462,1,0,accepted,0.0381309326338917,0.0197562789546585,484276.725706298,4977031.97933666,-1.30950395478857,7.039,3
463,1,0,accepted,0.0511976440476938,-0.0551685184385419,484277.075550718,4977030.74977265,-1.30631069255861,7.623,3
464,1,0,accepted,0.0913406157391192,-0.00831370806231755,484277.436581056,4977029.60454956,-1.3009678139609,7.26,3
465,1,0,accepted,0.0713986969108776,0.0661350258631185,484277.791081853,4977028.36788174,-1.29569963474409,6.936,3
466,1,0,accepted,0.0642479312196758,0.0990591034619305,484278.145166341,4977027.14468476,-1.29113107549521,6.36,3
467,1,0,accepted,0.0532251895772921,0.11469474910339,484278.507686295,4977025.9269883,-1.28640888960134,6.024,3
468,1,0,accepted,0.0610471479272241,0.138254374859382,484278.868512106,4977024.72331136,-1.28193205138887,6.274,3
469,1,0,accepted,0.0517193155206013,0.0160369201486535,484279.251740175,4977023.51477864,-1.27966845425394,6.267,3
470,1,0,accepted,0.0565445996778394,-0.00396136900431635,484279.620376806,4977022.34323841,-1.27578709344091,6.19,3
471,1,0,accepted,0.0607007315695618,-0.0221332132690641,484279.999687453,4977021.16238456,-1.27178987326061,6.19,3
472,1,0,accepted,0.0644307737820478,-0.021608804449689,484280.380794345,4977019.97657882,-1.26750247022083,6.065,3
473,1,0,accepted,0.0624566070122236,-0.0107917747259059,484280.767274541,4977018.79171833,-1.26298733172216,6.49,3
474,1,0,accepted,0.0601872153307544,0.0530849548200497,484281.165656039,4977017.60442404,-1.25795488454363,6.098,3
475,1,0,accepted,0.0499536622055732,0.0175659932615296,484281.576392771,4977016.42843933,-1.2545400847844,5.787,3
476,1,0,accepted,0.0403704522815024,-0.0664201021145707,484281.988909707,4977015.24840686,-1.25177661276937,5.991,3
477,1,0,accepted,0.0322724037487129,-0.16045436272518,484282.396979008,4977014.08987578,-1.2495657427047,5.798,3
478,1,0,accepted,0.0284599293259015,-0.29314580193516,484282.816944313,4977012.91598944,-1.24813669072182,7.677,3
479,1,0,accepted,0.0428558028678214,-0.260480747329678,484283.222131791,4977011.75064269,-1.24355385954115,7.53,3
480,1,0,accepted,0.0491262815887416,-0.220713075058871,484283.638793273,4977010.59332029,-1.23881028190644,7.996,3
481,1,0,accepted,0.0547708414368197,-0.183837445745345,484284.065046392,4977009.42753545,-1.23435756091658,7.615,3
482,1,0,accepted,0.051094923281184,-0.0765451473375012,484284.498885335,4977008.27932695,-1.22870650877856,7.912,3
483,1,0,accepted,0.0500447662377114,-0.0493034033338505,484284.930028223,4977007.14717686,-1.22440552522106,7.939,3
484,1,0,accepted,0.0509891609668412,-0.0613188182842835,484285.366262006,4977006.00310031,-1.2206146422877,9.436,3
485,1,0,accepted,0.0596922163792356,-0.0754322058903053,484285.801239981,4977004.85819343,-1.21692877697918,8.823,3
486,1,0,accepted,0.066810206952623,-0.0892133276609082,484286.243187588,4977003.71266071,-1.21287008579169,8.327,3
487,1,0,accepted,0.0564582606349149,0.0272511005937753,484286.701725942,4977002.58351862,-1.20760792220395,8.046,3
488,1,0,accepted,0.0582048592320525,0.0557545578878029,484287.152204946,4977001.45338026,-1.20297246807563,8.403,3
489,1,0,accepted,0.0605401912508258,0.0523363591448985,484287.613523405,4977000.31002816,-1.1985235617397,8.081,3
490,1,0,accepted,0.0577306354994913,0.139323559305717,484288.06988152,4976999.20553835,-1.19456689418269,8.495,3
491,1,0,accepted,0.0680927006844535,0.153729962645842,484288.526167647,4976998.07919704,-1.1906276154691,7.682,3
492,1,0,accepted,0.046890872494374,0.0401962530369755,484289.012974601,4976996.96972066,-1.18876979397854,8.725,3
493,1,0,accepted,0.0592065842068342,0.0422545881398302,484289.471797398,4976995.85881223,-1.18497456867794,7.302,3
494,1,0,accepted,0.0541628452029196,-0.0383599692897103,484289.957625528,4976994.74785593,-1.18289975990585,7.658,3
495,1,0,accepted,0.0671335875511974,-0.0955639782061247,484290.425010781,4976993.63693909,-1.17993849800762,8.073,3
496,1,0,accepted,0.0605208649655044,-0.0905437942012632,484290.915066626,4976992.52762563,-1.17671627279164,8.426,3
497,1,0,accepted,0.0499936803565765,-0.0893700388790592,484291.414489728,4976991.40686961,-1.17338061008651,8.246,3
498,1,0,accepted,0.0431089037894945,-0.0799583970054935,484291.912443652,4976990.29485737,-1.16993457885325,7.876,3
499,1,0,accepted,0.0341267449925363,-0.0531670414229849,484292.419605458,4976989.18361389,-1.16572758340479,7.891,3
500,1,0,accepted,0.0377074861267532,-0.061873013800768,484292.921529122,4976988.09314419,-1.1623048009476,7.227,3
501,1,0,accepted,0.0307456596834374,-0.122410217739659,484293.430133523,4976986.98429864,-1.15988452483938,7.765,3
502,1,0,accepted,0.0198559397478175,-0.166340301165154,484293.950853309,4976985.85277405,-1.15738965535,7.619,3
503,1,0,accepted,0.0154786583953601,-0.210436093501927,484294.459780775,4976984.7504506,-1.15524358920248,7.383,3
504,1,0,accepted,0.0377967891238009,-0.289071674725743,484294.986779244,4976983.62537723,-1.15168514743241,8.374,3
505,1,0,accepted,0.0494305976306629,-0.263993240531404,484295.508945898,4976982.51296026,-1.14830912114287,7.703,3
506,1,0,accepted,0.0386530666991863,-0.126978586457492,484296.042029549,4976981.42690349,-1.14268437904637,7.489,3
507,1,0,accepted,0.044230375944725,0.00486632878282172,484296.567617348,4976980.32004948,-1.1379581016083,7.839,3
508,1,0,accepted,0.0394659042375297,0.0280181538254135,484297.086745436,4976979.22955037,-1.13523100450675,7.522,3
509,1,0,accepted,0.0287260165410829,0.0498267901056039,484297.612489208,4976978.14607672,-1.13264680366734,8.686,3
510,1,0,accepted,0.020431555271579,0.025976993976634,484298.128700205,4976977.07723462,-1.13118073490017,9.037,3
511,1,0,accepted,0.0341153763359317,0.0123826324562788,484298.65694506,4976975.97857374,-1.12930874900399,8.279,3
512,1,0,accepted,0.053537028174655,0.0804803124806147,484299.180457116,4976974.90363111,-1.12654249479053,8.494,3
513,1,0,accepted,0.0560179175417106,0.0630385684860068,484299.718064466,4976973.80970553,-1.12544433575369,8.316,3
514,1,0,accepted,0.0611268595782454,0.0655894536068633,484300.256685198,4976972.71187626,-1.12433878051032,8.824,3
515,1,0,accepted,0.0593439508693515,0.0139681602938262,484300.811732739,4976971.58314954,-1.12443870189774,8.731,3
516,1,0,accepted,0.0544917149434089,0.0153004821869768,484301.35464797,4976970.49672352,-1.12421498760576,9.986,3
517,1,0,accepted,0.0372407771182666,-0.0574016424884567,484301.922990244,4976969.3948476,-1.1255552378389,9.172,3
518,1,0,accepted,0.037153046019809,-0.0805189223479777,484302.472013635,4976968.2859246,-1.12578084569425,8.963,3
519,1,0,accepted,0.0429205517391142,-0.0432581877116349,484303.016956452,4976967.17639497,-1.12503905744388,9.437,3
520,1,0,accepted,0.0449511846893176,0.032888862539922,484303.564346157,4976966.07803193,-1.12381106762385,9.926,3
521,1,0,accepted,0.048226822469294,0.074658073659348,484304.108241611,4976964.97903408,-1.12360246658587,9.126,3
522,1,0,accepted,0.0448598009976452,0.112637580747708,484304.663693632,4976963.87985035,-1.12425245209492,9.648,3
523,1,0,accepted,0.0453290060193661,0.0931677796689339,484305.212199028,4976962.78240632,-1.12542464496779,9.516,3
524,1,0,accepted,0.0465740377469629,0.0718754947866327,484305.763337289,4976961.68230079,-1.12718028573046,9.753,3
525,1,0,accepted,0.0583147234197472,0.0217933364244711,484306.308311792,4976960.60525238,-1.12969629858322,10.776,3
526,1,0,accepted,0.0629201122214838,-0.0569818384719775,484306.845478237,4976959.50141398,-1.13157356455106,9.343,3
527,1,0,accepted,0.0623475512001878,-0.0523234488505981,484307.387400584,4976958.39376925,-1.13360200178817,9.348,3
528,1,0,accepted,0.0630996211953587,-0.10466143104353,484307.9385968,4976957.28414797,-1.13608829071804,9.12,3
529,1,0,accepted,0.0560809386218964,-0.122272813507627,484308.475733755,4976956.18070544,-1.13863884110006,8.423,3
530,1,0,accepted,0.0456227234673591,-0.11022426285034,484309.020803951,4976955.06439723,-1.1412885624957,9.03,3
531,1,0,accepted,0.0384597115731035,-0.120907117962083,484309.562761273,4976953.94615391,-1.14449668633303,8.51,3
532,1,0,accepted,0.0301799163998934,-0.0705696618551156,484310.09640548,4976952.82673408,-1.14685155336724,9.483,3
533,1,0,accepted,0.0202841131772986,-0.00140006790203228,484310.638997204,4976951.69637561,-1.14948736394088,9.198,3
534,1,0,accepted,0.0168757853348853,0.0580020175380841,484311.169759407,4976950.58225491,-1.15251167667733,8.015,3
535,1,0,accepted,0.0122183932233187,0.0372234493868522,484311.695923019,4976949.4672882,-1.15651404086378,8.187,3
536,1,0,accepted,0.0142171279858493,-0.0381378227209214,484312.205448616,4976948.35044245,-1.16133269723223,8.004,3
537,1,0,accepted,0.0122215447033967,-0.0450240274415617,484312.711154992,4976947.23650715,-1.1653556854714,8.851,3
538,1,0,accepted,0.0228523176740505,-0.105931042993629,484313.208947654,4976946.10705251,-1.16959047835919,7.579,3
539,1,0,accepted,0.0255730417586535,-0.0396065891072279,484313.710270815,4976944.97454147,-1.17218795723476,8.021,3
540,1,0,accepted,0.0352005196699149,0.0572063865606129,484314.204667153,4976943.84007809,-1.17468431434462,8.55,3
541,1,0,accepted,0.0255756167400064,0.112341512905637,484314.704487303,4976942.71982312,-1.17741950095435,8.059,3
542,1,0,accepted,0.0273309379196665,0.156057762652176,484315.183656078,4976941.61230045,-1.18054595582042,7.354,3
543,1,0,accepted,0.0484747190633468,0.100262898108275,484315.663120023,4976940.44131754,-1.18501190771996,6.458,3
544,1,0,accepted,0.047963702119453,0.132255993556394,484316.142340942,4976939.31686836,-1.18792283047667,6.685,3
545,1,0,accepted,0.0549008152476449,0.143112216933339,484316.613537371,4976938.18573639,-1.19118674121422,6.723,3
546,1,0,accepted,0.163648541707294,0.666894265280224,484316.97408815,4976937.05086492,-1.18577263860903,6.209,3
547,1,0,accepted,0.182589604110939,0.77059287659077,484317.424458691,4976935.91830109,-1.18755423909745,6.171,3
548,1,0,accepted,0.192288757052326,0.84098051876079,484317.878829599,4976934.78805135,-1.18992668050971,5.957,3
549,1,0,accepted,0.198782631627406,0.883019735712271,484318.339724848,4976933.64383672,-1.19293314123906,6.003,3
550,1,0,accepted,0.201643829850504,0.912441494671659,484318.786987884,4976932.52015102,-1.19599961420036,5.837,3
551,1,0,accepted,0.183731593435025,0.839258665505397,484319.25839566,4976931.37785725,-1.20143243549739,6.06,3
552,1,0,accepted,0.170691756760497,0.81242574867131,484319.721484672,4976930.21748667,-1.20560565859807,6.028,3
553,1,0,accepted,0.130812768315919,0.64973188762012,484320.206758915,4976929.05394747,-1.21214924856962,5.976,3
554,1,0,accepted,0.0665470686734723,0.313729252339476,484320.71364203,4976927.9167305,-1.22180199788166,6.921,3
555,1,0,accepted,0.0459015320813951,0.139389869905438,484321.171675538,4976926.77130846,-1.228407541509,6.682,3
556,1,0,accepted,0.0282969424662591,-0.00246978180726541,484321.612487468,4976925.6272193,-1.23426620790313,7.236,3
557,1,0,accepted,0.0229117963021938,-0.0121238578411529,484322.049002766,4976924.45397631,-1.23824567029984,6.75,3
558,1,0,accepted,0.0459581134817308,0.0157978157758728,484322.46950246,4976923.27101361,-1.24148450712881,7.336,3
559,1,0,accepted,0.0521263513249273,0.0880113965661804,484322.900130983,4976922.08953831,-1.24366387086178,7.161,3
560,1,0,accepted,0.0492821515819381,0.0943870206573976,484323.320524594,4976920.92889516,-1.24745045787112,7.029,3
561,1,0,accepted,0.0374206726319902,0.0451007613706432,484323.736392252,4976919.78171729,-1.2517667552993,6.893,3
562,1,0,accepted,0.0300183541939781,0.0126350323576516,484324.148451531,4976918.61704961,-1.25570419852232,6.792,3
563,1,0,accepted,0.0272358406544363,-0.0153145396444522,484324.548549722,4976917.4669795,-1.26005102222296,6.23,3
564,1,0,accepted,0.0291451126586574,-0.0197300352282433,484324.949804503,4976916.29701769,-1.2633536289904,6.636,3
565,1,0,accepted,0.0356449216937565,-0.0536857284305439,484325.342639133,4976915.13005501,-1.26729835151829,6.078,3
566,1,0,accepted,0.0312252110174958,-0.0650315949813939,484325.730979596,4976913.9672095,-1.27058328753307,6.5,3
567,1,0,accepted,0.0394830907065369,-0.0505078299088673,484326.10188795,4976912.78921727,-1.2737398270545,7.649,3
568,1,0,accepted,0.0665360387158907,0.122979345219546,484326.448188574,4976911.62027931,-1.27392370522836,7.379,3
569,1,0,accepted,0.0737966011987419,0.150884016222636,484326.817341535,4976910.45666554,-1.27668126515286,7.619,3
570,1,0,accepted,0.0826586728308467,0.192749088918697,484327.181190721,4976909.29440178,-1.27893842404682,7.182,3
571,1,0,accepted,0.0711810418913754,0.12190420344431,484327.563558655,4976908.13155018,-1.28319849092621,8.032,3
572,1,0,accepted,0.0279169869824424,-0.160417219072533,484327.978856209,4976906.95647705,-1.29112967163739,9.185,3
573,1,0,accepted,0.00285066994743759,-0.255659042952648,484328.374267136,4976905.78464151,-1.29567603858747,9.901,3
574,1,0,accepted,0.0155842020866045,-0.30308700259107,484328.750149302,4976904.61044553,-1.29924388984775,8.916,3
575,1,0,accepted,0.0233838754443057,-0.321426079017034,484329.110388535,4976903.44919249,-1.30229091119924,7.819,3
576,1,0,accepted,0.032860454415707,-0.278473783824064,484329.444881179,4976902.29701273,-1.30410692010309,8.043,3
577,1,0,accepted,0.0227750986362048,-0.163953739574416,484329.778740124,4976901.100706,-1.30466754330633,8.76,3
578,1,0,accepted,0.0422872396444276,-0.124160968912033,484330.106189678,4976899.92750129,-1.30598151590391,9.027,3
579,1,0,accepted,0.0598356146213713,-0.0379766012006434,484330.431959126,4976898.73544435,-1.30679156753526,7.533,3
580,1,0,accepted,0.0372949867987208,0.00621711082061653,484330.805351987,4976897.5808148,-1.307660287038,8.425,3
581,1,0,accepted,0.0394208574377294,-0.0067723283670135,484331.147281338,4976896.40289211,-1.30939654463715,7.996,3
582,1,0,accepted,0.0453657956065194,0.0655237802089206,484331.49392274,4976895.22608201,-1.30960637222788,8.093,3
583,1,0,accepted,0.052371516460201,0.150217155720106,484331.825033666,4976894.078692,-1.3101963498823,8.121,3
584,1,0,accepted,0.054892510495049,0.202556959524219,484332.164186826,4976892.90246235,-1.31080173728487,7.961,3
585,1,0,accepted,0.05778493545923,0.237608168565447,484332.496771088,4976891.7292474,-1.3118618788477,7.759,3
586,1,0,accepted,0.0406574546466721,0.213712029849438,484332.824588258,4976890.5302887,-1.31378363718073,9.431,3
587,1,0,accepted,0.0359293198642456,0.175132037405348,484333.152306727,4976889.34455426,-1.31585044662677,9.788,3
588,1,0,accepted,0.0350558333708905,0.122071250914201,484333.472686813,4976888.162172,-1.31825700171104,7.184,3
589,1,0,accepted,0.0389420673054952,-0.0324028887250973,484333.785634763,4976886.95885516,-1.32227879269201,6.686,3
590,1,0,accepted,0.0458016616101971,-0.0595784723412821,484334.102791709,4976885.78696315,-1.32426985487834,6.732,3
591,1,0,accepted,0.0551383725603769,-0.0679281230521835,484334.415568391,4976884.6148533,-1.32586732694859,6.405,3
592,1,0,accepted,0.0605282997625682,-0.041001228025643,484334.730677409,4976883.44288657,-1.32685487262781,7.353,3
593,1,0,accepted,0.0688498649403957,-0.0386509650864602,484335.041210498,4976882.26998334,-1.32815324001591,6.757,3
594,1,0,accepted,0.079187211368244,-0.0294679027584147,484335.347023777,4976881.10704917,-1.32954232429792,5.978,3
595,1,0,accepted,0.086989939922933,0.000684407845867453,484335.655906258,4976879.93537642,-1.33055199028517,6.631,3
596,1,0,accepted,0.0895356326710433,0.0448187906374631,484335.961034345,4976878.77791638,-1.33134788553869,6.371,3
597,0,1,acceptedDirectional,0.330130158760359,1.98629899471553,484336.037635604,4976877.57381933,-1.29895916559332,16.22,2
598,1,0,accepted,0.411313989378938,2.20818462491429,484336.389790122,4976876.1860985,-1.29606104549705,8.081,3
599,1,0,accepted,0.352433738785816,1.70328211858515,484336.67471483,4976875.41298663,-1.30615102403152,6.898,3
600,1,0,accepted,0.350817003204522,1.71939077207737,484336.995953347,4976874.2551911,-1.30755730032535,5.983,3
601,1,0,accepted,0.33420925250509,1.67850390863388,484337.334923431,4976873.11458816,-1.30981698325183,5.921,3
602,1,0,accepted,0.305728837135608,1.52998016242995,484337.67926201,4976871.97897555,-1.31407283178041,6.154,3
603,0,1,acceptedDirectional,0.308389494344171,1.56329210107599,484337.987476185,4976870.840104,-1.31533158393083,6.558,2
604,0,1,acceptedDirectional,0.309601000521879,1.60809791534253,484338.29319195,4976869.70405979,-1.31665249238148,6.314,2
605,1,0,accepted,0.0868247768866977,0.229957001223604,484338.821075897,4976868.53626676,-1.34244308778111,6.076,3
606,1,0,accepted,0.0762808770673673,0.085543217316441,484339.131301816,4976867.3957819,-1.34718209655971,6.046,3
607,1,0,accepted,0.0904704354612892,0.0921312870316872,484339.412582402,4976866.25422422,-1.34962663318338,6.42,3
608,1,0,accepted,0.0906496276073292,0.0964391404618157,484339.690703934,4976865.13157067,-1.35208204917403,6.4,3
609,1,0,accepted,0.0850703262374869,0.049132629457292,484339.9675096,4976864.01655581,-1.35563612172176,6.76,3
610,1,0,accepted,0.0722494892880274,-0.0150785047251761,484340.255209058,4976862.88952486,-1.35997740760364,6.23,3
611,1,0,accepted,0.0599791206288676,-0.119618969483481,484340.539828071,4976861.74755262,-1.36528071531457,6.147,3
612,1,0,accepted,0.035435320361738,-0.185013909015952,484340.796456153,4976860.68139083,-1.36987895941946,6.114,3
613,1,0,accepted,0.0197593376646807,-0.200527181800389,484341.06351313,4976859.53555695,-1.37418158416895,6.24,3
614,1,0,accepted,0.0186529681994769,-0.253664610788092,484341.317816443,4976858.39968564,-1.37963826246187,5.792,3
615,1,0,accepted,0.037251315168581,-0.202119236380447,484341.559206944,4976857.25768356,-1.38421637694432,6.141,3
616,1,0,accepted,0.0497827892271027,-0.147764726943155,484341.805874165,4976856.11440742,-1.38960296123724,5.872,3
617,1,0,accepted,0.0494516342485089,-0.128794472991095,484342.04087975,4976854.99504598,-1.39611476227759,6.26,3
618,1,0,accepted,0.0553276715412159,-0.135539481459262,484342.268571669,4976853.84920613,-1.40338459658697,5.905,3
619,1,0,accepted,0.0524237593962392,-0.0322678645842044,484342.489034538,4976852.73126278,-1.40966698354324,5.964,3
620,1,0,accepted,0.0556057567271276,-0.0281579148931577,484342.698794792,4976851.62298623,-1.41770037862245,5.472,3
621,1,0,accepted,0.0574138970410395,0.0302435923096778,484342.906707412,4976850.52415726,-1.42563132293005,6.243,3
622,1,0,accepted,0.0697049653251206,0.110635666298622,484343.102145246,4976849.4129766,-1.43416010842961,6.086,3
623,1,0,accepted,0.0799448136138777,0.205071689715344,484343.28948366,4976848.29724814,-1.44404290684534,5.709,3
624,1,0,accepted,0.0782589686327598,0.252510356797943,484343.472695886,4976847.16888595,-1.45484166263747,5.868,3
625,1,0,accepted,0.0764004360291712,0.298649261978137,484343.637924334,4976846.02012808,-1.46620191094427,5.346,3
626,0,1,acceptedDirectional,0.177448990448665,0.919972345522647,484343.683072725,4976844.83104651,-1.46758255558341,6.39,2
627,0,1,acceptedDirectional,0.209550645244467,1.10711376761563,484343.78923842,4976843.67103338,-1.47630868872697,6.131,2
628,0,1,acceptedDirectional,0.180968415750594,0.968186691987996,484343.931438861,4976842.55057576,-1.49077171425666,5.819,2
629,0,1,acceptedDirectional,0.194008516203543,1.00552341431038,484344.020276267,4976841.41191938,-1.50258542494302,6.349,2
630,1,0,accepted,0.138866803872199,0.624032155783353,484344.162422742,4976840.37898701,-1.52095428555516,6.676,3
631,1,0,accepted,0.157333343024814,0.733530668696655,484344.220259889,4976839.25784382,-1.53154913552123,5.771,3
632,1,0,accepted,0.054046179254468,0.408730216999937,484344.383260664,4976838.09790641,-1.54982605745511,6.888,3
633,1,0,accepted,0.0580427672234624,0.361361977818704,484344.424811735,4976836.96975309,-1.56163576020371,6.041,3
634,1,0,accepted,0.0606901386602046,0.356055039026604,484344.451815052,4976835.85042684,-1.57305715336691,6.94,3
635,1,0,accepted,0.0639697367426278,0.361622269726715,484344.464775502,4976834.72137909,-1.58316919727603,6.933,3
636,0,1,acceptedDirectional,0.0651714275607519,0.337944358367451,484344.461402446,4976833.58516135,-1.59306944037811,6.724,2
637,0,1,acceptedDirectional,0.0663516979829609,0.336491463358686,484344.454161392,4976832.45635801,-1.60156088269302,7.286,2
638,1,0,accepted,0.179228786314703,1.05512720181423,484344.332630705,4976831.36827568,-1.59624288507,7.69,3
639,1,0,accepted,0.098562821504828,0.537830484828743,484344.38086038,4976830.20193004,-1.61141768926519,6.631,3
640,1,0,accepted,0.0684259043061104,0.283282745260444,484344.374548282,4976829.04118924,-1.62118692237151,5.988,3
641,1,0,accepted,0.0483099180920791,0.125401016743394,484344.349294401,4976827.89914902,-1.62895088572477,7.293,3
642,1,0,accepted,0.0429859502948308,0.0776767618327837,484344.305998306,4976826.75801749,-1.63455932666894,5.779,3
643,1,0,accepted,0.0461313370557856,0.0772588173673178,484344.254114109,4976825.62009939,-1.63917245177064,6.297,3
644,1,0,accepted,0.0388843094571393,0.0407866531441054,484344.201517849,4976824.47137878,-1.643664819688,6.645,3
645,1,0,accepted,0.0368184020545276,0.192697331433432,484344.128169062,4976823.28977801,-1.6445738384432,6.773,3
646,1,0,accepted,0.0263241401410942,0.0173146142294593,484344.072322003,4976822.15015593,-1.6512837676156,8.356,3
647,1,0,accepted,0.0221246837647008,0.0297148391881309,484344.004799525,4976820.99569278,-1.65454684991402,7.58,3
648,1,0,accepted,0.0277235643498498,0.0943216672848314,484343.923501296,4976819.83195008,-1.65641105060215,7.639,3
649,1,0,accepted,0.0260226441918933,0.137438784187131,484343.847482048,4976818.66039644,-1.6579950581469,7.793,3
650,1,0,accepted,0.022614857578336,0.151545263422653,484343.766000932,4976817.49548589,-1.65939865753908,7.799,3
651,1,0,accepted,0.0201478485515155,0.1642239085088,484343.681899913,4976816.32599987,-1.66078569932635,7.939,3
652,1,0,accepted,0.00868197480899188,0.0900557733830867,484343.603536417,4976815.15913686,-1.66265815175432,7.234,3
653,1,0,accepted,0.0159454248535458,0.0393046046858664,484343.503392906,4976813.98354926,-1.66406706631869,6.099,3
654,1,0,accepted,0.0275629030250777,-0.0355572555364109,484343.399478981,4976812.81662933,-1.66586545915908,6.031,3
655,1,0,accepted,0.0320044613034392,-0.0158640965472189,484343.302198943,4976811.6319224,-1.66598560191758,5.848,3
656,1,0,accepted,0.0268066612454807,0.0529963146415739,484343.213517104,4976810.44448775,-1.66524391462756,6.299,3
657,1,0,accepted,0.0435678163479213,0.0196247642331575,484343.103564383,4976809.26068991,-1.66597789515897,5.964,3
658,1,0,accepted,0.0314807725144204,0.148535275725503,484343.0192716,4976808.05520836,-1.66395218539288,7.851,3
659,1,0,accepted,0.252545681096039,1.34064331640689,484342.725135759,4976806.95736774,-1.64338098356876,7.575,3
660,1,0,accepted,0.237295776748697,1.42251409032918,484342.641433219,4976805.75147391,-1.64238989964754,7.392,3
661,1,0,accepted,0.198496698374449,1.12443196335726,484342.58188259,4976804.53940325,-1.64789661981832,6.713,3
662,1,0,accepted,0.152047948187916,0.866777466359403,484342.528439227,4976803.31776665,-1.65291618410851,7.49,3
663,1,0,accepted,0.128617339459317,0.641007525422034,484342.454067046,4976802.1034801,-1.65777643487696,6.73,3
664,1,0,accepted,0.176838348021367,0.670625337755467,484342.313115944,4976800.91236668,-1.65738392918535,6.475,3
665,1,0,accepted,0.129609891541575,0.471799121872339,484342.250267038,4976799.66735102,-1.66160536129274,5.923,3
666,1,0,accepted,0.0722223402474754,0.230491919892639,484342.192935186,4976798.38711136,-1.66655579509014,6.707,3
667,1,0,accepted,0.0913976828717816,0.325275277998162,484342.07612274,4976797.1489479,-1.66589518198011,6.238,3
668,1,0,accepted,0.106675571482616,0.348417563553391,484341.964305872,4976795.90933138,-1.66628293435838,6.009,3
669,1,0,accepted,0.0533936643185333,-0.0192125931555097,484341.920221791,4976794.68938836,-1.67344099563088,7.14,3
670,1,0,accepted,0.0194327754288818,-0.256236820646336,484341.839019377,4976793.48709039,-1.67795285701401,7.007,3
671,1,0,accepted,0.0143649568729857,-0.419203618908273,484341.746604364,4976792.27519459,-1.68120670032534,6.058,3
672,1,0,accepted,0.0177833084523279,-0.342663212845633,484341.628297098,4976791.04399003,-1.6806129451167,7.216,3
673,1,0,accepted,0.0263146894564722,-0.24370833470168,484341.514296521,4976789.79968695,-1.67961611938586,5.859,3
674,1,0,accepted,0.0271121844919675,-0.141614985680904,484341.406248875,4976788.57075601,-1.67838893842469,5.916,3
675,1,0,accepted,0.0316573998993286,-0.128794984277066,484341.290147327,4976787.34442317,-1.67847093306376,6.035,3
676,1,0,accepted,0.0365063642589946,-0.142732746771968,484341.173752458,4976786.11727629,-1.67912870839887,5.825,3
677,1,0,accepted,0.0487083331865419,-0.146353736095945,484341.05185102,4976784.87573916,-1.67980464352037,6.345,3
678,1,0,accepted,0.0557059678367498,-0.104770503577401,484340.935404884,4976783.62979554,-1.67981400469546,6.204,3
679,1,0,accepted,0.0589849988765484,-0.060532542021402,484340.823305757,4976782.36379674,-1.6796317647524,6.998,3
680,1,0,accepted,0.0430578523383886,-0.0522720543370781,484340.724875051,4976781.1555427,-1.68031988132071,7.445,3
681,1,0,accepted,0.034973657864351,-0.050611964127999,484340.619608418,4976779.91056836,-1.68050378961877,7.433,3
682,1,0,accepted,0.0228755079278762,0.00356879227792576,484340.533886966,4976778.65956326,-1.68025667906478,7.682,3
683,1,0,accepted,0.0155656477090042,-0.0286252630173371,484340.422438402,4976777.4197835,-1.68104632091149,8.923,3
684,1,0,accepted,0.00436328224399501,-0.0382258858182072,484340.302377,4976776.18043816,-1.68163055366433,12.396,3
685,1,0,accepted,0.0180784024451344,-0.00664981480330814,484340.171303441,4976774.95141387,-1.68118291793907,9.395,3
686,1,0,accepted,0.0210150337492594,-0.0846165496740734,484340.066549137,4976773.70238923,-1.68275422512587,9.174,3
687,1,0,accepted,0.0320435053659493,-0.0191366373670439,484339.932605625,4976772.48096634,-1.68189813400617,6.233,3
688,1,0,accepted,0.0387903527784477,-0.0141376076072977,484339.809200911,4976771.23357049,-1.68219779126162,6.461,3
689,1,0,accepted,0.0446358788453926,-0.00842149601962947,484339.684077811,4976769.98695341,-1.682305676799,6.533,3
690,1,0,accepted,0.0305371421631172,-0.0915423871440979,484339.569046919,4976768.71713178,-1.68397951992493,7.731,3
691,1,0,accepted,0.039866694206444,-0.0711536902780217,484339.436202358,4976767.46158862,-1.68394962689355,7.796,3
692,1,0,accepted,0.0457333199355901,-0.109503370115232,484339.310051109,4976766.20622777,-1.68448047588197,7.511,3
693,1,0,accepted,0.0471922147224324,-0.125526455820684,484339.188983075,4976764.97092227,-1.68497524108804,7.259,3
694,1,0,accepted,0.0426741345956809,-0.132111421227414,484339.06613661,4976763.71105831,-1.68565774050167,8.449,3
695,1,0,accepted,0.0450738689635594,-0.0585016973669287,484338.950364541,4976762.46814085,-1.68527319662349,6.261,3
696,1,0,accepted,0.029627382877994,-0.117400897109319,484338.831806097,4976761.1981083,-1.68711132401598,6.1,3
697,1,0,accepted,0.0247021429185177,-0.101040888819755,484338.709257935,4976759.9316856,-1.68739651919037,5.798,3
698,1,0,accepted,0.0336237809954004,-0.131221843252204,484338.579149685,4976758.67605528,-1.68859088644144,6.136,3
699,1,0,accepted,0.0345327412444654,-0.189564837596131,484338.454273113,4976757.42031947,-1.69038846160417,6.344,3
700,1,0,accepted,0.038773697378594,-0.162418671322039,484338.328571821,4976756.18972723,-1.69087555354431,5.984,3
701,1,0,accepted,0.0492642028507107,-0.16556025528599,484338.194615983,4976754.94419882,-1.69164862448206,6.005,3
702,1,0,accepted,0.0516253827637141,-0.159545403123599,484338.066875261,4976753.70121363,-1.69240049142323,5.444,3
703,1,0,accepted,0.0583201774352731,-0.169715341186645,484337.934057077,4976752.45406102,-1.69297157566066,5.522,3
704,1,0,accepted,0.0502478198040754,-0.00177111745734265,484337.814830935,4976751.20462131,-1.69127288390679,6.051,3
705,1,0,accepted,0.0318595426140306,0.121778063990674,484337.704036356,4976749.96961462,-1.68937389575471,6.547,3
706,1,0,accepted,0.0285322681234594,0.130271045482181,484337.577811118,4976748.74007,-1.68972023986424,5.864,3
707,1,0,accepted,0.0339607123702667,0.160374755228058,484337.442367737,4976747.50871781,-1.69016531943292,5.97,3
708,1,0,accepted,0.0381520943363076,0.187226211626551,484337.305593537,4976746.27782596,-1.69059108286291,5.518,3
709,0,1,acceptedDirectional,0.0404732898596707,0.225484650060535,484337.174571781,4976745.06127782,-1.6907717603781,6.333,2
710,0,1,acceptedDirectional,0.0490223850704075,0.243787363994889,484337.03475059,4976743.83812206,-1.69185118115938,6.679,2
711,1,0,accepted,0.0154647757951618,0.0561720781324374,484336.922041062,4976742.58129148,-1.69693007621505,6.158,3
712,1,0,accepted,0.00373319209733564,-0.0757936142151467,484336.797076134,4976741.34012043,-1.70132316656496,6.424,3
713,1,0,accepted,0.00534229893874451,-0.101936504786905,484336.658072377,4976740.13771863,-1.70472677186142,5.435,3
714,1,0,accepted,0.0128831427021238,-0.296562774495497,484336.527394982,4976738.90590017,-1.71049433764186,7.523,3
715,1,0,accepted,0.0168668875391524,-0.375519335932023,484336.38391699,4976737.66867459,-1.71563641468479,6.696,3
716,1,0,accepted,0.010924071345648,-0.385160649066288,484336.228404352,4976736.44882668,-1.71982701499776,6.475,3
717,1,0,accepted,0.0354743806187574,-0.062721522922099,484336.043718674,4976735.25832562,-1.71889551030143,6.1,3
718,1,0,accepted,0.0331398750978659,-0.0250943812633195,484335.888019465,4976734.03498281,-1.72371964038268,5.681,3
719,1,0,accepted,0.0296880665294844,-0.0173228988362869,484335.729847087,4976732.81191216,-1.72931014959198,6.179,3
720,1,0,accepted,0.0473538479628253,-0.00220168934022948,484335.561457612,4976731.63453922,-1.73542239263826,6.315,3
721,1,0,accepted,0.0399243408180519,-0.00095294875300975,484335.392045293,4976730.42389741,-1.74138987627738,5.842,3
722,1,0,accepted,0.0241080837449561,-0.0745042532603237,484335.20790409,4976729.2027014,-1.74853313208423,5.381,3
723,1,0,accepted,0.0228764056506666,-0.142740559405421,484335.014243084,4976727.97124596,-1.75574899173178,5.764,3
724,1,0,accepted,0.0246929974665742,-0.0858817445146898,484334.821602635,4976726.76643741,-1.76101972443487,6.103,3
725,1,0,accepted,0.0352592371005967,-0.114918147256195,484334.60370798,4976725.57838244,-1.76819811560609,7.286,3
726,1,0,accepted,0.0411167749114748,-0.0477021846367658,484334.392713359,4976724.39198525,-1.77377362296829,6.941,3
727,1,0,accepted,0.0450601238463986,-0.0440621873901683,484334.164223148,4976723.19407916,-1.77981398703394,7.4,3
728,1,0,accepted,0.0445899116207394,0.0111112609021504,484333.935915372,4976722.01776642,-1.78522817288297,6.599,3
729,1,0,accepted,0.0467228023473609,0.0806557612642005,484333.699494421,4976720.85610261,-1.79042958223366,7.062,3
730,1,0,accepted,0.0430832523745686,0.0745764684340381,484333.463443825,4976719.69792622,-1.79540135600417,6.55,3
731,1,0,accepted,0.0414213195470693,0.163083254283482,484333.218655874,4976718.53386072,-1.80017161299197,6.476,3
732,1,0,accepted,0.0467277999832642,0.150330596888321,484332.958648044,4976717.36090236,-1.80538845972301,6.436,3
733,1,0,accepted,0.0274657608543104,0.10940744391292,484332.718175977,4976716.19184236,-1.81085409135039,5.862,3
734,1,0,accepted,0.0181440702937106,0.0335670438966476,484332.46597264,4976715.03561837,-1.81668283275921,7.556,3
735,1,0,accepted,0.00219414524801852,-0.0286914225212831,484332.21983373,4976713.88818693,-1.82156347873865,7.474,3
736,1,0,accepted,0.00506809981847974,-0.0505399153875586,484331.942261077,4976712.72982428,-1.82553750865182,8.021,3
737,1,0,accepted,0.0184412938059062,-0.0119350914152907,484331.65938875,4976711.5937443,-1.82817950050394,7.943,3
738,1,0,accepted,0.0309780744272197,0.03744819686142,484331.376069466,4976710.45659028,-1.83064647823076,8.403,3
739,1,0,accepted,0.0329624767266947,0.0249213117991686,484331.101090256,4976709.32602196,-1.83386053250484,8.407,3
740,1,0,accepted,0.0437911097763833,0.0927154392284359,484330.802128908,4976708.17325933,-1.83525007271881,9.73,3
741,1,0,accepted,0.0523060843562362,0.129094379228053,484330.511005208,4976707.0400074,-1.83660361514107,7.978,3
742,1,0,accepted,0.0504569943265644,0.100948540489903,484330.22754046,4976705.91067126,-1.8390199445956,8.646,3
743,1,0,accepted,0.0535317357489852,0.10823168326595,484329.937131903,4976704.78304127,-1.84018483503874,9.272,3
744,1,0,accepted,0.0552388478706316,0.0901961669942663,484329.648842174,4976703.6675836,-1.84161573788539,8.79,3
745,1,0,accepted,0.0470434635139778,-0.0221212495918035,484329.370063041,4976702.5483724,-1.84476905585449,8.412,3
746,1,0,accepted,0.0505258894069586,0.00759518812503207,484329.072315653,4976701.41057511,-1.84537492235271,7.548,3
747,1,0,accepted,0.0539673646269554,0.0165167191677261,484328.781805043,4976700.28808861,-1.84616829906318,8.553,3
748,1,0,accepted,0.0394594239901727,-0.405755798326752,484328.528377619,4976699.14463641,-1.85418584053419,5.826,3
749,1,0,accepted,0.0522759325930245,-0.01815015515682,484328.212621584,4976698.03963016,-1.84840176217528,6.583,3
750,1,0,accepted,0.0426171478017037,-0.0186974112824358,484327.918361883,4976696.95453822,-1.8485943123324,6.83,3
751,1,0,accepted,0.0414026891700544,0.0172033785935812,484327.624876971,4976695.8528474,-1.84852359856065,7.715,3
752,1,0,accepted,0.0396433699186365,0.0339349550233543,484327.332565104,4976694.74952466,-1.84902344877915,6.548,3
753,1,0,accepted,0.0293601561429602,0.0105149745772413,484327.048741573,4976693.66534935,-1.84946805173484,7.32,3
754,1,0,accepted,0.0198806910966846,0.06936605250664,484326.764694317,4976692.57288314,-1.84939522399313,6.852,3
755,1,0,accepted,0.0212027546403561,0.0618472517860128,484326.471127211,4976691.48060069,-1.84977560838295,7.085,3
756,1,0,accepted,0.01918915093547,0.0599981673386518,484326.182005164,4976690.39993749,-1.85014852510286,6.633,3
757,1,0,accepted,0.0242370056107362,0.0521471648051866,484325.888202428,4976689.32140035,-1.8504259414278,6.39,3
758,1,0,accepted,0.034710849787368,0.0808580963662303,484325.586817026,4976688.23449281,-1.85046431773238,6.446,3
759,1,0,accepted,0.0325779790044424,0.128899566830875,484325.298265839,4976687.15082303,-1.84912809205737,6.975,3
760,1,0,accepted,0.033782358760362,0.144283323647843,484325.01097898,4976686.08367973,-1.84740427392841,7.517,3
761,1,0,accepted,0.0310264067623618,0.174668320025338,484324.726610109,4976685.00603855,-1.84549885507925,6.401,3
762,1,0,accepted,0.0286114303884432,0.126353602343889,484324.444216694,4976683.93966973,-1.84333972110048,6.299,3
763,1,0,accepted,0.0255063856707702,0.124739715868666,484324.169047816,4976682.88298625,-1.83980276643278,6.121,3
764,1,0,accepted,0.0338571818973537,0.0498000615675567,484323.887863613,4976681.84107519,-1.83677216760711,6.039,3
765,1,0,accepted,0.0454410858297469,-0.00419960480868082,484323.610578592,4976680.80583636,-1.83321835028236,5.948,3
766,1,0,accepted,0.0572195573708812,-0.0341462979339868,484323.337767231,4976679.77006787,-1.82921522574563,6.046,3
767,1,0,accepted,0.064524703416409,-0.040081454539583,484323.078663465,4976678.75596442,-1.82440682151506,6.695,3
768,1,0,accepted,0.0840658217063146,-0.0683558515436754,484322.811742323,4976677.74517521,-1.81932519886814,6.157,3
769,1,0,accepted,0.101945309807603,-0.0607379225452377,484322.550282604,4976676.72847358,-1.81334038487459,5.865,3
770,1,0,accepted,0.131613349019666,0.0695188054624691,484322.284681004,4976675.71935788,-1.80380405911668,5.85,3
771,1,0,accepted,0.136804997356849,0.378551809056928,484322.051928712,4976674.70057041,-1.79090877441749,6.519,3
772,1,0,accepted,0.13149264950156,0.43095810463354,484321.843479507,4976673.69773228,-1.78188752856425,6.791,3
773,1,0,accepted,0.109474350956121,0.320509898635111,484321.663153263,4976672.75152683,-1.7753530277816,6.876,3
774,1,0,accepted,0.0870264185536538,0.273947971970467,484321.492169099,4976671.78652089,-1.76670736853121,7.051,3
775,1,0,accepted,0.0672305819196544,0.205226708244558,484321.340623313,4976670.89276074,-1.75897223376884,7.012,3
776,1,0,accepted,0.0534738338980682,-0.0906997777270775,484321.222146146,4976669.9975642,-1.75376051963817,6.221,3
777,1,0,accepted,0.0556813601139659,-0.145559121542824,484321.055066329,4976669.04804075,-1.74346220247951,6.972,3
778,1,0,accepted,0.0389283012949564,-0.0712625040821025,484320.886255494,4976668.10354115,-1.73086919466036,5.697,3
779,1,0,accepted,0.0824454585072214,0.164306439521876,484320.71252589,4976667.11160436,-1.71494362861898,7.505,3
780,1,0,accepted,0.060724944635184,0.0900555571758622,484320.596016814,4976666.21975898,-1.70395211390935,7.521,3
781,1,0,accepted,0.0539634838231867,0.0980646969604155,484320.480362765,4976665.32225569,-1.69117611462043,6.524,3
782,1,0,accepted,0.0449411492039358,-0.0256926331789731,484320.372579724,4976664.44499311,-1.68000205060078,6.58,3
783,1,0,accepted,0.0449162344947071,-0.0566713354216156,484320.279078046,4976663.57299824,-1.66661147277823,6.053,3
784,1,0,accepted,0.050085042229694,-0.113036741202023,484320.195520905,4976662.72448054,-1.65279177957059,6.235,3
785,1,0,accepted,0.0493663033912165,-0.103209334403975,484320.131693497,4976661.8664823,-1.6374193974639,6.9,3
786,1,0,accepted,0.0438331282860244,-0.0147952168573962,484320.088718251,4976661.01883339,-1.62028423848195,6.438,3
787,1,0,accepted,0.0342162381951859,0.0282669936076607,484320.058282763,4976660.1721951,-1.60261356133763,6.387,3
788,1,0,accepted,0.0431185832744579,0.0235926885578413,484320.028482834,4976659.35469299,-1.58541741660126,6.477,3
789,1,0,accepted,0.0328565153979947,0.0271321803719466,484320.02209199,4976658.52437498,-1.56702593811304,6.48,3
790,1,0,accepted,0.0371511969067424,0.0397222737345965,484320.023727469,4976657.70488402,-1.54783231804482,6.765,3
791,1,0,accepted,0.0482761430813455,-0.0544260123663571,484320.036299551,4976656.91571837,-1.529940562596,6.359,3
792,1,0,accepted,0.0556631667933615,-0.0710291321278298,484320.063106274,4976656.1112453,-1.51000844296951,7.016,3
793,1,0,accepted,0.0614879548271286,-0.0942698587948686,484320.105858426,4976655.3104054,-1.48932397204886,7.097,3
794,1,0,accepted,0.0657227964329681,-0.110875774439766,484320.163378198,4976654.51307499,-1.46808594626404,6.848,3
795,1,0,accepted,0.0804455544975601,-0.14424371177104,484320.229516877,4976653.71920692,-1.44618019563801,6.949,3
796,1,0,accepted,0.0868246127747565,-0.150810695845952,484320.321951509,4976652.94346847,-1.42348789658415,6.674,3
797,1,0,accepted,0.0874154286120047,-0.19577336780955,484320.431429026,4976652.16889004,-1.4005949428345,6.37,3
798,1,0,accepted,0.0749250274564561,-0.193852820419325,484320.552661138,4976651.39639739,-1.37682148862116,7.436,3
799,1,0,accepted,0.0597796242506538,-0.223369343848138,484320.696274508,4976650.62961543,-1.35325028202892,7.462,3
800,1,0,accepted,0.0419581534662314,-0.207839792028474,484320.856754036,4976649.86673446,-1.32884358641466,6.057,3
801,1,0,accepted,0.0341980960182921,-0.206712550601674,484321.017227139,4976649.11986627,-1.3051696970609,6.377,3
802,1,0,accepted,0.0252684541881845,-0.191993482440039,484321.204923613,4976648.38196824,-1.2811979899394,6.011,3
803,1,0,accepted,0.0162955666789931,-0.181479583695189,484321.416998882,4976647.63590099,-1.25710510380569,6.046,3
804,1,0,accepted,0.0200448528595034,-0.142770573379892,484321.634703047,4976646.92186209,-1.23312696480763,6.346,3
805,1,0,accepted,0.0415232166220234,-0.0897096772762464,484321.877702298,4976646.19166367,-1.20866706371647,5.991,3
806,1,0,accepted,0.0576661548907428,-0.0261344682790747,484322.144528184,4976645.48783762,-1.1843753121416,6.816,3
807,1,0,accepted,0.0286941705166323,0.332796093445884,484322.368576336,4976644.82492893,-1.15498610582326,5.659,3
808,1,0,accepted,0.0232347996793081,0.344053582216284,484322.672485945,4976644.13549339,-1.13178275343029,7.307,3
809,1,0,accepted,0.021623767796092,0.374348946225584,484322.991971222,4976643.45658733,-1.10893263215057,6.909,3
810,1,0,accepted,0.0149594499362639,0.251093155791208,484323.327705957,4976642.78557523,-1.08819169504618,7.698,3
811,1,0,accepted,0.0232245899677005,0.239894196098586,484323.670045348,4976642.11535866,-1.06581992977952,6.994,3
812,1,0,accepted,0.0334438035307295,0.146575784705596,484324.024989515,4976641.45100273,-1.04514289203678,6.139,3
813,1,0,accepted,0.0335495731668018,0.13553095457503,484324.391228717,4976640.8125904,-1.0229557729965,5.743,3
814,1,0,accepted,0.0372513957132702,0.184545240038118,484324.776124805,4976640.18805021,-0.999675177079922,6.24,3
815,1,0,accepted,0.0447353464121981,0.194037808042674,484325.18123759,4976639.57572246,-0.977214839508958,6.337,3
816,1,0,accepted,0.0509628406440913,0.197945024302362,484325.598298626,4976638.94983117,-0.954387774571061,6.25,3
817,1,0,accepted,0.0666990499096043,0.215558065061565,484326.02295384,4976638.35485678,-0.931933562320493,7.239,3
818,1,0,accepted,0.0522013627614339,0.180407639112675,484326.472098711,4976637.73924755,-0.910133673130943,5.707,3
819,1,0,accepted,0.0412428705600041,0.160861264448349,484326.938020509,4976637.14073016,-0.88780466131181,5.837,3
820,1,0,accepted,0.0289486656520331,0.128100829306445,484327.415388511,4976636.53160132,-0.865902148335528,6.316,3
821,1,0,accepted,0.0359844356211977,0.0932310157581948,484327.897111649,4976635.95749765,-0.843767248668252,8.229,3
822,1,0,accepted,0.0468574482954215,0.107494690335617,484328.392249123,4976635.4098572,-0.82083147358008,6.18,3
823,1,0,accepted,0.0463455047264526,0.0269788419106051,484328.907418763,4976634.82204155,-0.799040315465416,6.386,3
824,1,0,accepted,0.0446244910114592,0.0792799589838001,484329.437815907,4976634.27447252,-0.775352236887969,6.363,3
825,1,0,accepted,0.0498540762181801,0.0457873115610983,484329.979839674,4976633.74083902,-0.752771967625838,7.136,3
826,1,0,accepted,0.0680167035028549,0.0271705704768166,484330.531775388,4976633.18545502,-0.730239827772146,7.282,3
827,1,0,accepted,0.0670772252126842,0.0448594966313424,484331.103205767,4976632.67262084,-0.706841208740116,6.108,3
828,1,0,accepted,0.0247781079177345,0.165472918062305,484331.719339978,4976632.16981017,-0.681650936926988,6.297,3
829,1,0,accepted,0.0544298558495538,0.0962425801029719,484332.276156294,4976631.6694891,-0.66022979120864,7.095,3
830,1,0,accepted,0.0548855027399648,0.00327436897885898,484332.873375957,4976631.18183064,-0.639350707214105,8.29,3
831,1,0,accepted,0.064268295371368,-0.0236297281096035,484333.478435182,4976630.70820726,-0.617432892169672,6.257,3
832,1,0,accepted,0.077154273340005,0.0111212370248436,484334.094176159,4976630.22765033,-0.594042568957985,6.338,3
833,1,0,accepted,0.0773578432073062,-0.063485632157829,484334.736546506,4976629.78115987,-0.573044293645952,6.46,3
834,1,0,accepted,0.0734617778567564,-0.124481639235514,484335.395071429,4976629.33952473,-0.552132502784195,6.164,3
835,1,0,accepted,0.0856000249930445,-0.101336253937925,484336.048054345,4976628.90864976,-0.529769569068204,6.522,3
836,1,0,accepted,0.0970039977604783,-0.0452007068929268,484336.726089952,4976628.48512847,-0.506724761117567,7.397,3
837,1,0,accepted,0.0986223257452281,-0.0861421097279153,484337.402520974,4976628.09478079,-0.485940624055666,7.687,3
838,1,0,accepted,0.0543060767807208,-0.0602762228628753,484338.132206215,4976627.70888146,-0.463917290067863,6.144,3
839,1,0,accepted,0.033052468325543,-0.0750845313276194,484338.855482047,4976627.31628032,-0.442758375477429,6.47,3
840,1,0,accepted,0.0180642406903293,-0.00764747531657139,484339.610896918,4976626.94540659,-0.420495998348573,7.388,3
841,1,0,accepted,0.0424028194272177,0.0122678224762411,484340.354496814,4976626.58224634,-0.399635105233187,7.024,3
842,1,0,accepted,0.0483640507533225,0.0848517022395665,484341.093225674,4976626.24771239,-0.378792434708666,6.435,3
843,1,0,accepted,0.0480570434394879,0.0622115685291762,484341.828748538,4976625.92980562,-0.360108200053642,6.805,3
844,1,0,accepted,0.0287461550461726,0.111818882725529,484342.552471364,4976625.61772938,-0.340608003050599,6.238,3
845,1,0,accepted,0.00962817969807581,0.0173831097776311,484343.29880841,4976625.33958366,-0.324313791143795,5.772,3
846,1,0,accepted,0.0271887696578092,0.0446652230795624,484344.093348116,4976625.06958408,-0.306239642624869,5.695,3
847,1,0,accepted,0.0434036771182356,0.0461975156358194,484344.887968476,4976624.81083904,-0.289356481808604,5.882,3
848,1,0,accepted,0.0446120723508688,0.00438140482909238,484345.699290081,4976624.56456939,-0.273843309236458,6.141,3
849,1,0,accepted,0.0369477601712067,-0.10721276493882,484346.514182928,4976624.34221377,-0.260300413611925,6.146,3
850,1,0,accepted,0.0390846189803846,-0.12436056001697,484347.320198766,4976624.13669017,-0.24647957878826,6.229,3
851,1,0,accepted,0.0388718965726034,-0.150993218948079,484348.158490795,4976623.92522109,-0.233041063569197,5.964,3
852,1,0,accepted,0.0394853526746684,-0.189661496802129,484349.001019171,4976623.73104576,-0.22079393668684,5.949,3
853,1,0,accepted,0.0499448999260993,-0.218169556925096,484349.857978987,4976623.55771327,-0.209651653149015,6.113,3
854,1,0,accepted,0.104728964734352,-0.359373644717476,484350.728677153,4976623.43889252,-0.201088060067514,6.03,3
855,1,0,accepted,0.0682839445440624,-0.136890216947608,484351.598261635,4976623.22043099,-0.187182200223731,8.57,3
856,1,0,accepted,0.0658055485171927,-0.0482510862389104,484352.454090166,4976623.07549376,-0.176707425638674,6.394,3
857,1,0,accepted,0.0427903806569177,0.111404870923522,484353.331680486,4976622.89015072,-0.165606463391116,8.227,3
858,1,0,accepted,0.022712885039771,0.12098102566511,484354.233092709,4976622.74854639,-0.157831506314558,8.514,3
859,1,0,accepted,0.0182330661609594,0.0761543058837435,484355.151437694,4976622.62442028,-0.151192475658422,7.978,3
860,1,0,accepted,0.0147408716682286,0.0785374613613027,484356.073971145,4976622.50117599,-0.144270608052354,9.966,3
861,1,0,accepted,0.00866226753832846,-0.0177542652468261,484357.004636735,4976622.40853299,-0.138734118710907,8.121,3
862,1,0,accepted,0.00687516024934254,-0.0587976256921636,484357.945770844,4976622.30745628,-0.132425554000183,8.055,3
863,1,0,accepted,0.00288509747757168,-0.088305224554072,484358.873341297,4976622.20781334,-0.127150966867948,8.272,3
864,1,0,accepted,0.00597778247324234,-0.0925700385234388,484359.817929503,4976622.1147515,-0.122286848207731,7.779,3
865,1,0,accepted,0.014715452026262,-0.093580786194593,484360.772781765,4976622.02145701,-0.117818826889599,7.759,3
866,1,0,accepted,0.0529692682435139,0.0502309412078505,484361.716783621,4976621.90103508,-0.110818153142778,6.907,3
867,1,0,accepted,0.0654600254134435,0.0397464589405103,484362.680730954,4976621.80896661,-0.106097341743633,7.439,3
868,1,0,accepted,0.0702219353225823,0.044365629338139,484363.63940195,4976621.72936677,-0.10159172501193,7.321,3
869,1,0,accepted,0.0766080971859734,-0.018874767121612,484364.614346045,4976621.65066953,-0.0981890319176005,7.662,3
870,1,0,accepted,0.0674186222859394,-0.103720221715851,484365.592790035,4976621.58995392,-0.0951587787335517,6.485,3
871,1,0,accepted,0.0579139378441077,-0.14437167107377,484366.591843173,4976621.53033079,-0.0915712658910912,7.045,3
872,1,0,accepted,0.0667496367527797,-0.0633181999798825,484367.574412668,4976621.46521006,-0.0857495825535659,6.536,3
873,1,0,accepted,0.0723211482781424,0.00810596097120827,484368.566881455,4976621.40157706,-0.0799325165659099,7.641,3
874,1,0,accepted,0.0787948719685645,0.06422361543487,484369.565637707,4976621.34882971,-0.0748804789742514,7.896,3
875,1,0,accepted,0.0807183209344148,0.0786418917093185,484370.57377529,4976621.29814608,-0.0702651751172706,8.262,3
876,1,0,accepted,0.0859128067981351,0.0728161288145993,484371.56353167,4976621.25166904,-0.0658997270401441,7.882,3
877,1,0,accepted,0.0825760398827288,-0.0103710977150111,484372.594964362,4976621.1996117,-0.0630921098611243,7.772,3
878,1,0,accepted,0.0715050209833294,-0.0600509216815984,484373.600975362,4976621.15954657,-0.0593865235908966,7.371,3
879,1,0,accepted,0.0625655024047154,-0.0702571941045844,484374.626371387,4976621.11630823,-0.0550426945282998,7.357,3
880,1,0,accepted,0.0538647891835344,-0.0122561429671484,484375.651486186,4976621.07852518,-0.0495161273934022,7.667,3
881,1,0,accepted,0.0416147070151166,-0.0112990264189036,484376.662973054,4976621.05489431,-0.0443876509792908,5.615,3
882,1,0,accepted,0.0386019726478054,-0.0572225247863132,484377.694309533,4976621.02152,-0.0391380364785309,5.76,3
883,1,0,accepted,0.0435631845401941,-0.167262599206454,484378.72048905,4976620.98624841,-0.0349436478295154,6.441,3
884,1,0,accepted,0.0432819915624335,-0.151890341954162,484379.742991997,4976620.96502941,-0.0284190834983695,5.612,3
885,1,0,accepted,0.0469297389261045,-0.130487811460212,484380.763059889,4976620.94869866,-0.0218587343898401,6.069,3
886,1,0,accepted,0.0383961592018418,-0.0717503315783261,484381.795281031,4976620.94995918,-0.0145343321298223,6.625,3
887,1,0,accepted,0.0321382742516806,-0.0322165098350742,484382.83724429,4976620.95305927,-0.00776196777583153,6.067,3
888,1,0,accepted,0.0321181492460728,-0.0228634407562531,484383.898678844,4976620.95932075,-0.00131521285220264,6.129,3
889,1,0,accepted,0.0301219805788264,0.0484216785615188,484384.925205522,4976620.97561821,0.00548737851324934,5.879,3
890,1,0,accepted,0.0289314711837381,0.0736782182881294,484385.979997763,4976620.99651677,0.0120042644429375,6.142,3
891,1,0,accepted,0.0356403516948233,0.0723225980955777,484387.032632982,4976621.01454557,0.0182066235337217,6.596,3
892,1,0,accepted,0.167270337472904,0.824019933693156,484388.085264785,4976620.91221873,0.0372073863321786,6.204,3
893,1,0,accepted,0.358277239344461,0.932245141190683,484389.451351893,4976620.95706973,0.0447764737136486,6.719,3
894,1,0,accepted,0.580282803107217,0.987522028454233,484390.746214943,4976621.01173196,0.0511254258876197,5.919,3
895,1,0,accepted,0.222260479909508,1.03530499394396,484391.174996428,4976620.99856749,0.0576170852678506,6.181,3
896,1,0,accepted,0.217796206916169,1.09627442936011,484392.234685326,4976621.05576454,0.0639970113705719,5.865,3
897,0,1,acceptedDirectional,0.207821897818845,1.14339809463344,484393.300110818,4976621.12691006,0.0701240104212094,5.879,2
898,1,0,accepted,0.161405342844672,0.856990160865469,484394.354340901,4976621.2529144,0.0704446639295333,6.602,3
899,1,0,accepted,0.112335762031923,0.532406827507597,484395.426036366,4976621.38612536,0.0698689056063549,6.089,3
900,1,0,accepted,0.104732163113374,0.444181878797392,484396.48558635,4976621.48502755,0.0739617121772783,6.152,3
901,1,0,accepted,0.0938940272055444,0.342223293438861,484397.559175779,4976621.59272482,0.0773225524448282,6.183,3
902,1,0,accepted,0.0295475668770185,-0.180187628324553,484398.649251216,4976621.74465104,0.0733773134063034,6.155,3
903,1,0,accepted,0.0421631254837434,-0.144052447059868,484399.72571305,4976621.8315689,0.0795920927601888,6.082,3
904,1,0,accepted,0.0504220812051897,-0.114111698106046,484400.794338031,4976621.93154883,0.084716387644043,5.756,3
905,1,0,accepted,0.0479778546241995,-0.162981379680232,484401.872993452,4976622.04726411,0.0873758349292196,5.469,3
906,1,0,accepted,0.0458114797036728,-0.252908826081641,484402.962375931,4976622.16991336,0.0882160485565158,5.629,3
907,1,0,accepted,0.0545836087287481,-0.270309441649203,484404.052573403,4976622.28892458,0.0884845005572461,5.483,3
908,1,0,accepted,0.041592611704972,-0.0852729846888669,484405.125128981,4976622.41842056,0.0911048682104692,6.93,3
909,1,0,accepted,0.0380326167804849,-0.0430323962145407,484406.199315685,4976622.54210212,0.0907274063694094,6.954,3
910,1,0,accepted,0.0333541192625315,-0.0477477454578739,484407.281792225,4976622.6666537,0.0898797052276028,7.294,3
911,1,0,accepted,0.0317192405208596,0.0401306621719555,484408.359527643,4976622.78332113,0.0904566122436816,5.641,3
912,1,0,accepted,0.0424407772083148,-0.0773727166144985,484409.463120424,4976622.89305214,0.0879747459050428,5.805,3
913,1,0,accepted,0.03108863391266,-0.109157313706047,484410.544678,4976623.01688478,0.0872542456752189,6.607,3
914,1,0,accepted,0.022670590767103,-0.142654156286605,484411.631935459,4976623.13995715,0.0870574070931221,6.934,3
915,1,0,accepted,0.0235494872631479,-0.144750671160611,484412.714335427,4976623.25456635,0.0875804272785621,6.638,3
916,1,0,accepted,0.0210862808491561,-0.118135736946232,484413.810103817,4976623.37669719,0.0887599942021304,7.184,3
917,1,0,accepted,0.0243850588632263,-0.0795151529388563,484414.909866144,4976623.49201663,0.0900049313754609,7.572,3
918,1,0,accepted,0.0373350743525712,-0.0767326624019673,484416.021761554,4976623.60496296,0.0904762742682263,8.056,3
919,1,0,accepted,0.0537414995849466,-0.0521564779504522,484417.141175784,4976623.71637441,0.0914594156923157,6.959,3
920,1,0,accepted,0.06098080483776,-0.0358174885339099,484418.247887367,4976623.83611947,0.0924138279886372,6.622,3
921,1,0,accepted,0.0702525886242477,-0.0375802920379098,484419.367138905,4976623.95652642,0.0930820350039079,7.283,3
922,1,0,accepted,0.0639655076176962,-0.147744874117639,484420.433984253,4976624.0949037,0.091635501145298,5.742,3
923,1,0,accepted,0.0723266753688212,-0.102808287363126,484421.551854792,4976624.21736909,0.0930926217819508,5.289,3
924,1,0,accepted,0.0695362590891976,-0.115818695661215,484422.668684381,4976624.35169498,0.09330959043857,5.155,3
925,1,0,accepted,0.022944057852174,0.0074778271732585,484423.819332331,4976624.52699744,0.0960347741184825,6.015,3
926,1,0,accepted,0.0202750068508502,0.0386177708271462,484424.933392561,4976624.66409396,0.0968010171688993,6.033,3
927,1,0,accepted,0.0213017976875029,0.0465080500431967,484426.053900356,4976624.79507318,0.0976221078546238,5.613,3
928,1,0,accepted,0.0236169624114654,0.0577129839650059,484427.18271197,4976624.92807366,0.0982334981712006,5.915,3
929,1,0,accepted,0.0389891480950387,0.090301001002156,484428.31480868,4976625.04962516,0.0993861744305795,6.088,3
930,0,1,acceptedDirectional,0.0622615603315588,0.124737829380816,484429.468617162,4976625.16966936,0.100414623348358,5.947,2
931,0,1,acceptedDirectional,0.0710078945159136,0.152987209007656,484430.603347557,4976625.29806173,0.101501313400088,6.59,2
932,0,1,acceptedDirectional,0.0777010566135348,0.171388280706763,484431.733676709,4976625.42738931,0.10237235330273,6.573,2
933,1,0,accepted,0.142338375063566,0.597259986691092,484432.864069937,4976625.50060894,0.110349990540043,5.481,3
934,1,0,accepted,0.117083193606274,0.38306358093143,484434.023617387,4976625.66894589,0.107525114131825,6.257,3
935,1,0,accepted,0.0891387209999096,0.196022403609712,484435.145020832,4976625.83612777,0.10464048388168,5.493,3
936,1,0,accepted,0.0693462378419064,0.105831880634467,484436.270586418,4976625.99832695,0.103555813463877,6.131,3
937,1,0,accepted,0.052599724066369,-0.0596037166641157,484437.395620385,4976626.16804864,0.100668448269052,6.047,3
938,1,0,accepted,0.0534617990593183,-0.110420051827922,484438.53327795,4976626.3222148,0.0996448470711974,5.581,3
939,1,0,accepted,0.0474725130788686,-0.172171462233875,484439.693404781,4976626.47328969,0.0986930978451776,5.652,3
940,1,0,accepted,0.0310023948782031,-0.0343982991907632,484440.860136033,4976626.61535949,0.101155570130485,5.865,3
941,1,0,accepted,0.0213289782645745,-0.0626985988163657,484442.019778089,4976626.76668778,0.100662028256472,6.623,3
942,1,0,accepted,0.0114821701314438,-0.087884259253726,484443.193706788,4976626.9118521,0.100460532897449,5.514,3
943,1,0,accepted,0.0104738613989805,-0.131711285598381,484444.356152392,4976627.05572885,0.0998100268963961,5.504,3
944,1,0,accepted,0.00375024410474639,0.15631874382672,484445.519586203,4976627.21329984,0.104663425796743,7.864,3
945,1,0,accepted,0.0130439808278812,0.132782307799066,484446.675747054,4976627.36185682,0.10466082442282,6.605,3
946,1,0,accepted,0.00710959001990071,0.12896886078669,484447.853750863,4976627.50116248,0.105096488897243,6.003,3
947,1,0,accepted,0.0128017459945403,0.114936539137488,484449.031275072,4976627.64497644,0.105120511678827,6.428,3
948,1,0,accepted,0.016103770990436,0.111885218141538,484450.197934932,4976627.78266345,0.105287532208864,6.568,3
949,1,0,accepted,0.0252983078447539,0.109111777099355,484451.38553634,4976627.91865413,0.105324297141231,6.133,3
950,1,0,accepted,0.0373877307519753,0.106771194022303,484452.567184457,4976628.05259249,0.105797347945788,6.344,3
951,1,0,accepted,0.0486380085320821,0.0371557773955513,484453.740379393,4976628.17009687,0.105092228192663,6.861,3
952,1,0,accepted,0.0586176320144905,0.0619616364086361,484454.925768078,4976628.30305505,0.105779499675607,7.495,3
953,1,0,accepted,0.0719247901503471,0.0895255124005187,484456.106357688,4976628.43522403,0.106012487344291,6.969,3
954,1,0,accepted,0.0830024648366806,0.116661146144991,484457.287940696,4976628.57107736,0.106109928155501,7.001,3
955,1,0,accepted,0.210861443332027,0.682274123713428,484458.447499478,4976628.57548281,0.116186278451163,6.624,3
956,1,0,accepted,0.269587909447891,0.977650236302361,484459.614794517,4976628.66403807,0.121745116507087,7.473,3
957,1,0,accepted,0.299671667638751,1.19988107857336,484460.77712598,4976628.78371788,0.125967418079507,6.786,3
958,1,0,accepted,0.254092709537524,1.03122785889154,484461.961417239,4976628.98280341,0.123247918619958,6.668,3
959,1,0,accepted,0.249993002935671,1.07875679509474,484463.145405628,4976629.14354637,0.124358330971531,6.302,3
960,1,0,accepted,0.215880087924091,0.950414148557466,484464.336912799,4976629.33135428,0.122407484618586,6.046,3
961,1,0,accepted,0.186899052808856,0.826293205450504,484465.517070395,4976629.51377326,0.120283894273408,6.701,3
962,1,0,accepted,0.132721634770966,0.54810624946906,484466.737781667,4976629.72134924,0.116278924923581,5.676,3
963,1,0,accepted,0.132119522423492,0.497239457438572,484467.925505041,4976629.87431969,0.115709636369207,5.1,3
964,1,0,accepted,0.149088774812631,0.582758568287734,484469.133418704,4976630.01258096,0.117526597550026,5.386,3
965,1,0,accepted,0.0937784357918203,0.323357328328321,484470.317746286,4976630.22089823,0.113726597325283,6.281,3
966,1,0,accepted,0.070819340866223,0.20258440833383,484471.498057998,4976630.39633843,0.112243800966143,6.138,3
967,1,0,accepted,0.0458065332084905,0.0461809370447934,484472.677533076,4976630.576262,0.109874831838606,6.581,3
968,1,0,accepted,0.0384417254590946,-0.000251812154580784,484473.855780659,4976630.73748204,0.109352576887649,6.662,3
969,1,0,accepted,0.0253380837304763,-0.0611242702886708,484475.03696429,4976630.90731071,0.108589371348936,6.215,3
970,1,0,accepted,0.0245405789054838,-0.100988134588921,484476.239793215,4976631.06820758,0.108148149108266,6.242,3
971,1,0,accepted,0.0450808443392215,0.139022732861037,484477.447765103,4976631.21218538,0.112217344834967,6.743,3
972,1,0,accepted,0.0265494559891493,0.095600427795429,484478.619970862,4976631.38207821,0.111457130033732,6.809,3
973,1,0,accepted,0.0209671712555343,0.051169368343973,484479.797459099,4976631.54498986,0.110258331737006,5.942,3
974,1,0,accepted,0.0233330994967859,0.0357987725834047,484480.980328022,4976631.70065025,0.109820534334216,5.999,3
975,1,0,accepted,0.0234561722709673,0.0304666779104943,484482.16041891,4976631.85885818,0.109394620175097,6.288,3
976,1,0,accepted,0.0286596627228079,0.0496555808466538,484483.344102437,4976632.01513868,0.10920835648195,5.732,3
977,1,0,accepted,0.0316615639614104,0.0840534204851292,484484.531184323,4976632.1697869,0.109010804239852,5.441,3
978,1,0,accepted,0.029843300474484,0.139828408390286,484485.722175174,4976632.33155922,0.109258581934043,5.796,3
979,1,0,accepted,0.0343409041582768,0.17641588371085,484486.915366246,4976632.4868436,0.109064101333023,5.222,3
980,1,0,accepted,0.0430686126015259,0.284238006809771,484488.104143814,4976632.64579311,0.109836596791252,5.658,3
981,1,0,accepted,0.0487744633278129,0.341106875964779,484489.281182237,4976632.80373209,0.109787257027565,5.613,3
982,1,0,accepted,0.0641251810390304,0.292364115320981,484490.451042298,4976632.95634779,0.11027873477481,5.795,3
983,1,0,accepted,0.132885975609656,0.900858639257924,484491.580528362,4976633.07558299,0.120375739803939,5.939,3
984,1,0,accepted,0.114297410132991,0.925985879390687,484492.801537854,4976633.25581838,0.118735836937999,5.933,3
985,1,0,accepted,0.0877986832763693,0.74275246263697,484494.003268779,4976633.43158889,0.116235151840484,5.108,3
986,1,0,accepted,0.0404470626436913,0.171442147578339,484495.238883466,4976633.6243718,0.105687981689305,5.918,3
987,1,0,accepted,0.0252043974754393,0.341004593603892,484496.431844746,4976633.75552057,0.107819408075644,5.975,3
988,1,0,accepted,0.0172778083923267,0.319580269403872,484497.622222978,4976633.90134835,0.106837191985392,6.836,3
989,1,0,accepted,0.0156706604612871,0.274914050253227,484498.812146819,4976634.04999073,0.106242726101438,6.06,3
990,1,0,accepted,0.0238341767099846,0.29144525034786,484499.993285546,4976634.19171482,0.105845918524051,5.838,3
991,1,0,accepted,0.0307654306013992,0.243495910530043,484501.17314709,4976634.33537335,0.104867404535782,6.963,3
992,1,0,accepted,0.0356638940317784,0.203424582582403,484502.354734381,4976634.48162026,0.103832078873454,6.231,3
993,1,0,accepted,0.0402629784335817,0.235080583575587,484503.520243673,4976634.62628992,0.103761566662637,6.644,3
994,1,0,accepted,0.0385124249713269,0.184931746917065,484504.702103949,4976634.77884503,0.102356508976683,6.953,3
995,1,0,accepted,0.0419542781789392,0.141296739745368,484505.863288044,4976634.9218251,0.101396508446995,5.987,3
996,1,0,accepted,0.0222757070526503,-0.00435401098895258,484507.037387433,4976635.09055953,0.0987908225683051,6.332,3
997,1,0,accepted,0.0314572527495615,0.0302968280868446,484508.208163797,4976635.22887727,0.0989880215422661,6.072,3
998,1,0,accepted,0.0385449873322256,0.0506469225175639,484509.375578623,4976635.36816832,0.0988381031807613,6.154,3
999,1,0,accepted,0.0327699151279796,0.0193260388242286,484510.533816791,4976635.51936412,0.098356867936793,6.767,3
1000,1,0,accepted,0.0355621739615262,0.0427990198004108,484511.667429752,4976635.6657534,0.0981191055309216,6.655,3
1001,1,0,accepted,0.0493275929374736,-0.00656860648127837,484512.787536083,4976635.82799548,0.0970798738647882,7.016,3
1002,1,0,accepted,0.0700787717165609,0.0338705812782198,484513.924212909,4976635.95451582,0.0977221536447766,5.658,3
1003,1,0,accepted,0.0882691456827069,0.100264413596124,484515.05894371,4976636.08962351,0.0984620896868503,6.871,3
1004,1,0,accepted,0.09930112063581,0.130945329152548,484516.19850369,4976636.22554833,0.0993426648722355,6.38,3
1005,1,0,accepted,0.101051727540828,0.117476473454027,484517.344622048,4976636.3712508,0.0996863186375638,5.874,3
1006,1,0,accepted,0.103809512379907,0.10603347058689,484518.48672739,4976636.51727307,0.0997850155337149,6.353,3
1007,1,0,accepted,0.100370334475689,0.0853601268007634,484519.633574397,4976636.65810091,0.100086547971229,5.613,3
1008,1,0,accepted,0.0887133985983174,0.0709345469346626,484520.777797036,4976636.79875536,0.100296561231166,6.873,3
1009,1,0,accepted,0.0751799572549003,0.0678160979830373,484521.926824343,4976636.93607406,0.100552669840892,5.902,3
1010,1,0,accepted,0.0590420018652316,0.0647710129384703,484523.080749399,4976637.07302289,0.100891530237659,5.94,3
1011,1,0,accepted,0.0368472400857077,-0.278711922602482,484524.262517748,4976637.22527557,0.0948955294295999,6.366,3
1012,1,0,accepted,0.0396697888393305,0.0329733558757687,484525.398246011,4976637.36450828,0.099885799251133,5.541,3
1013,1,0,accepted,0.0429415403691053,-0.0254576667045141,484526.528801804,4976637.50453691,0.0999670718746228,5.561,3
1014,1,0,accepted,0.0471578556730008,-0.0117503260126613,484527.662303669,4976637.64713537,0.100133178206205,5.814,3
1015,1,0,accepted,0.0461904634743754,0.020216103810046,484528.783671701,4976637.78659991,0.100976976420925,5.781,3
1016,1,0,accepted,0.0463588454262642,0.0220483876060318,484529.905950761,4976637.92753795,0.101343065930054,5.65,3
1017,1,0,accepted,0.0508076523555433,0.0170829895417057,484531.032076895,4976638.06504642,0.101485660037841,5.698,3
1018,1,0,accepted,0.0465646443187605,0.0410735248220467,484532.152351643,4976638.20427337,0.101938671668888,5.58,3
1019,1,0,accepted,0.0375326686417656,0.0449186994632701,484533.271029188,4976638.34396815,0.102823079377735,6.432,3
1020,1,0,accepted,0.0408892011472277,0.0492920797332724,484534.397843278,4976638.47865106,0.104115476390579,5.656,3
1021,1,0,accepted,0.0431548871258779,0.0608034885123914,484535.503942787,4976638.61369042,0.105686877698402,5.698,3
1022,1,0,accepted,0.0608419744988361,0.02217331229728,484536.623652942,4976638.73679228,0.106202053693795,7.022,3
1023,1,0,accepted,0.059566481545492,0.102645073505166,484537.7423753,4976638.8814329,0.108353825133012,7.502,3
1024,1,0,accepted,0.0698171235243834,0.117015452641975,484538.866891591,4976639.0160907,0.109585549779173,7.157,3
1025,1,0,accepted,0.0672679639858681,0.170515241568552,484539.984093092,4976639.16457054,0.11148993374892,5.98,3
1026,1,0,accepted,0.0725775242487821,0.227398086797295,484541.093538563,4976639.30621104,0.113281780125754,6.214,3
1027,1,0,accepted,0.313642588005564,1.48126004133085,484542.13747721,4976639.22585729,0.136267577971517,5.796,3
1028,0,1,acceptedDirectional,0.309233631197714,1.48220231744191,484543.252229908,4976639.38675347,0.137379780749944,5.663,2
1029,1,0,accepted,0.25845507404007,1.37112285724206,484544.375727354,4976639.59388725,0.135583437070288,5.508,3
1030,1,0,accepted,0.228358618875667,1.16677024570627,484545.506311908,4976639.78116077,0.133906795717567,5.778,3
1031,1,0,accepted,0.191910437283873,1.02544404993873,484546.627880626,4976639.97672913,0.131943148787016,5.24,3
1032,1,0,accepted,0.208615169140095,1.1302070160277,484547.750780389,4976640.12264128,0.134484568416169,5.253,3
1033,1,0,accepted,0.211688075718633,1.17004908874595,484548.887787452,4976640.28258233,0.135931634217184,5.475,3
1034,1,0,accepted,0.135505561562858,0.796023447214823,484549.985969894,4976640.52301248,0.130245623549732,6.516,3
1035,1,0,accepted,0.103107361144592,0.569338147251358,484551.094902469,4976640.72322729,0.127254568128764,7.569,3
1036,1,0,accepted,0.0876271470859456,0.361220170301554,484552.229910281,4976640.91445981,0.12509761308794,7.232,3
1037,1,0,accepted,0.0785566608132336,0.147148529740423,484553.349273908,4976641.09569276,0.123060288951541,7.031,3
1038,1,0,accepted,0.0814763857730759,-0.0519676255320166,484554.444374343,4976641.27451623,0.121234628648521,5.705,3
1039,1,0,accepted,0.0747734189871828,-0.0994191777222688,484555.571809046,4976641.4250296,0.122113646682805,5.592,3
1040,1,0,accepted,0.0333224964361827,-0.0379888453924201,484556.670576627,4976641.55708821,0.124617183348247,7.01,3
1041,1,0,accepted,0.0274149884173508,-0.0817808221188913,484557.80770599,4976641.71400175,0.124627008427776,6.212,3
1042,1,0,accepted,0.0362061281937789,-0.088442609582458,484558.955829593,4976641.87091151,0.124769979496288,6.358,3
1043,1,0,accepted,0.0511315835213279,-0.104297784439186,484560.100918176,4976642.02700103,0.124239847091826,5.81,3
1044,1,0,accepted,0.0521444054384356,-0.0791921598522068,484561.237530973,4976642.18584061,0.124224819029145,6.045,3
1045,1,0,accepted,0.0537428188405723,-0.0818911276765113,484562.369047883,4976642.34008071,0.124325874528236,5.963,3
1046,1,0,accepted,0.0577427054444017,-0.0891361571474597,484563.501726716,4976642.48860564,0.124375942085634,5.832,3
1047,1,0,accepted,0.054336278785588,-0.0973393860056254,484564.637841346,4976642.64124047,0.124696310370645,5.857,3
1048,1,0,accepted,0.0229744151855043,0.0298885847561504,484565.743848814,4976642.81208273,0.1276082613851,6.282,3
1049,1,0,accepted,0.0234776958509918,0.0429302405705572,484566.88887373,4976642.97430574,0.128517798491779,5.564,3
1050,1,0,accepted,0.0272696020736234,0.0541076331690847,484568.028750531,4976643.1339836,0.129560117404602,5.553,3
1051,1,0,accepted,0.0331481910217577,0.100611142707807,484569.175450257,4976643.29740358,0.130394521404216,5.976,3
1052,1,0,accepted,0.0418360525915851,0.120661923912054,484570.335377904,4976643.46335599,0.131093778457213,5.904,3
1053,0,1,acceptedDirectional,0.0535576424074188,0.173981923005004,484571.456917584,4976643.62582799,0.131999393395146,6.254,2
1054,0,1,acceptedDirectional,0.0662602066656992,0.234497945937847,484572.604295229,4976643.78923721,0.132723540066827,6.771,2
1055,0,1,acceptedDirectional,0.0766267363088236,0.267657780857643,484573.752259296,4976643.95595066,0.133249828934341,6.158,2
1056,0,1,acceptedDirectional,0.0838422332941533,0.303779211653033,484574.910887067,4976644.12400436,0.13371621363662,6.469,2
1057,0,1,acceptedDirectional,0.0879708444277456,0.355159313954575,484576.082405985,4976644.29397011,0.134132273660023,5.901,2
1058,1,0,accepted,0.0801651004465807,0.295509453459907,484577.243828719,4976644.46785034,0.132955525559082,5.839,3
1059,1,0,accepted,0.0212811187155865,-0.457719271777193,484578.455733734,4976644.71785074,0.119757932390072,6.699,3
1060,1,0,accepted,0.0076437491850853,-0.342713995257345,484579.633002228,4976644.85985426,0.121424167070362,6.195,3
1061,1,0,accepted,0.00596288624261681,-0.476062656198999,484580.812449481,4976645.03074412,0.11897780575,6.65,3
1062,1,0,accepted,0.0174517618980878,-0.472402489069087,484582.001105829,4976645.1906067,0.119135609891188,6.92,3
1063,1,0,accepted,0.0246470086114361,-0.413951125934649,484583.183397241,4976645.35401041,0.119716174750929,6.561,3
1064,1,0,accepted,0.0293559331999174,-0.405477239042805,484584.363117002,4976645.51743781,0.120003996109617,6.661,3
1065,1,0,accepted,0.0260493166165911,-0.415543401474814,484585.563609035,4976645.69388797,0.119570716554105,7.154,3
1066,1,0,accepted,0.0229647077712055,-0.256968572164167,484586.731284502,4976645.86502735,0.122168539767667,6.72,3
1067,1,0,accepted,0.0246426879468736,-0.2422158508836,484587.923012711,4976646.03663958,0.122315960604271,6.849,3
1068,1,0,accepted,0.0270472798120059,-0.188381307605851,484589.111588706,4976646.20854646,0.123062671408374,7.534,3
1069,1,0,accepted,0.0339420151817234,-0.152367792845578,484590.31143129,4976646.37899859,0.123465932176657,7.062,3
1070,1,0,accepted,0.0427645410211243,-0.152487539136573,484591.502569877,4976646.54553672,0.123583383829483,6.804,3
1071,1,0,accepted,0.0519187566097986,-0.157068734300537,484592.702987205,4976646.71228048,0.123778701572528,6.793,3
1072,1,0,accepted,0.0568699443153303,-0.120450285866985,484593.896305381,4976646.88303841,0.124763960415943,6.414,3
1073,1,0,accepted,0.0368430308685236,0.020700967600884,484595.095095903,4976647.08081327,0.127645936895467,6.891,3
1074,1,0,accepted,0.0347780939515647,0.0447059973944264,484596.293886859,4976647.26012145,0.128710939263976,6.831,3
1075,1,0,accepted,0.0307990347418491,0.0777125754907824,484597.491227565,4976647.44247289,0.129532048612688,6.996,3
1076,1,0,accepted,0.0331106742931814,0.103944157378076,484598.69288129,4976647.61969743,0.130273328615795,6.914,3
1077,1,0,accepted,0.0274659503004354,0.0828130021470669,484599.90378173,4976647.81062001,0.130522501031541,7.51,3
1078,1,0,accepted,0.0340677947616533,0.0631222938012294,484601.099613821,4976648.00083088,0.130694523636828,8.076,3
1079,1,0,accepted,0.0313504569363905,-0.00472067329235304,484602.296341958,4976648.20010574,0.130011837077507,8.077,3
1080,1,0,accepted,0.0462712877611653,-0.00449439594959749,484603.500835094,4976648.38231765,0.130356922869455,7.444,3
1081,1,0,accepted,0.0645805343223981,-0.00435207853966575,484604.707380591,4976648.56236799,0.13131140706522,6.762,3
1082,1,0,accepted,0.0748745603629333,0.0292920123203739,484605.906854607,4976648.74954945,0.132181546818579,7.886,3
1083,1,0,accepted,0.0896744891637243,0.071745747413226,484607.123711807,4976648.93699526,0.13341692158391,6.773,3
1084,1,0,accepted,0.118185188717838,0.378495664654855,484608.313323229,4976649.10818185,0.139017198947836,7.094,3
1085,1,0,accepted,0.0955437277411693,0.158344950651145,484609.509329583,4976649.33326002,0.135507525651682,6.101,3
1086,1,0,accepted,0.0873145686603664,0.0899399137232771,484610.695616798,4976649.54204155,0.134261690068533,6.491,3
1087,1,0,accepted,0.0882446600383582,0.0866734399273221,484611.892557321,4976649.74234556,0.134306992547307,6.069,3
1088,1,0,accepted,0.0615331239205164,-0.00711892262066428,484613.094239018,4976649.96725304,0.132948301083689,6.065,3
1089,1,0,accepted,0.0454837271662745,-0.123470800563617,484614.303570455,4976650.1800559,0.131053121794204,6.402,3
1090,1,0,accepted,0.0388431779167896,-0.215936081215029,484615.509781852,4976650.38458274,0.129602156532333,6.122,3
1091,1,0,accepted,0.0420498508345244,-0.293240577473814,484616.718584169,4976650.58153864,0.128588728173122,6.109,3
1092,1,0,accepted,0.0472182673198986,-0.279514277003554,484617.897011066,4976650.76963275,0.12896879276729,6.331,3
1093,1,0,accepted,0.0580585160368127,-0.244471534321199,484619.093523818,4976650.95736895,0.129410691134842,6.529,3
1094,1,0,accepted,0.072426711559533,-0.231089547931962,484620.294889723,4976651.14151388,0.12987637197207,6.773,3
1095,1,0,accepted,0.074630059499799,-0.0949935253394491,484621.503533022,4976651.34102758,0.132084576033664,6.862,3
1096,1,0,accepted,0.0843724272023708,-0.0801492074607235,484622.710915676,4976651.53171923,0.132443592536034,6.062,3
1097,1,0,accepted,0.0815896523399428,-0.0192491051149976,484623.910028183,4976651.73391793,0.133486775316982,7.487,3
1098,1,0,accepted,0.0843557659142963,0.0371378152251438,484625.118253145,4976651.92528761,0.134444096371305,6.346,3
1099,1,0,accepted,0.0847810187921494,0.087833015032099,484626.279790531,4976652.11400779,0.135244257024855,7.147,3
1100,1,0,accepted,0.0930842777922552,0.108001835238567,484627.47105986,4976652.3000647,0.135777180087644,6.459,3
1101,1,0,accepted,0.0948958688217893,0.268325266672093,484628.663328109,4976652.49386676,0.138361609491503,6.329,3
1102,1,0,accepted,0.111767259130722,0.354881399275142,484629.852707334,4976652.67197157,0.139448222442665,5.874,3
1103,1,0,accepted,0.297970513877676,1.45035770839498,484630.989876677,4976652.68205824,0.158961001640265,6.112,3
1104,1,0,accepted,0.26955685577265,1.35036029609703,484632.174813698,4976652.90841939,0.156939362341349,6.419,3
1105,1,0,accepted,0.210165705864297,1.02135516559007,484633.373503781,4976653.1600383,0.15096682486893,5.774,3
1106,1,0,accepted,0.143347521323885,0.619570664811014,484634.574743047,4976653.42117125,0.143551125381681,5.846,3
1107,1,0,accepted,0.078972136408807,0.16570132253483,484635.775449782,4976653.67663773,0.135309829796596,5.92,3
1108,1,0,accepted,0.0577948836133112,-0.0498033445815108,484636.954790363,4976653.89170173,0.131112568204468,5.95,3
1109,1,0,accepted,0.057708339767712,-0.148467313314445,484638.144083109,4976654.0816274,0.129061709601955,6.463,3
1110,1,0,accepted,0.0314160563855546,-0.371534389425589,484639.348480687,4976654.29266231,0.124755557883292,5.95,3
1111,1,0,accepted,0.0286405852616702,-0.460892144550198,484640.571424898,4976654.48750323,0.122965696314926,5.726,3
1112,1,0,accepted,0.036719973656369,-0.416156557847742,484641.75491712,4976654.67296134,0.12323265787697,6.738,3
1113,1,0,accepted,0.0389403586749574,-0.411733583863242,484642.925219303,4976654.85326121,0.122792019484082,6.172,3
1114,1,0,accepted,0.0399926006189402,-0.144367232878281,484644.066467167,4976655.03749708,0.127439973946138,6.729,3
1115,1,0,accepted,0.0373637224456205,-0.0790771292103949,484645.244194204,4976655.22380812,0.127803282927152,6.356,3
1116,1,0,accepted,0.0393329464094194,-0.0923160963869735,484646.421184111,4976655.40393949,0.127795973221672,5.855,3
1117,1,0,accepted,0.0454479875870052,-0.0471033049486059,484647.593677214,4976655.58295784,0.128130535127283,6.655,3
1118,1,0,accepted,0.0405451451351093,-0.0401455683676485,484648.751515052,4976655.76941541,0.127709756205313,5.858,3
1119,1,0,accepted,0.0389541201066014,-0.00800622138457724,484649.91802704,4976655.95328502,0.128027741667646,5.912,3
1120,1,0,accepted,0.0426717961773641,0.0214476426227196,484651.072643935,4976656.12956459,0.12823675993778,6.328,3
1121,1,0,accepted,0.0422927737129115,0.0570659678223866,484652.216553033,4976656.30910979,0.12884061578931,5.61,3
1122,1,0,accepted,0.0515534586606805,0.0758471961144711,484653.371192474,4976656.4788297,0.129056242329456,5.739,3
1123,1,0,accepted,0.062994117388095,0.114382073820738,484654.519808052,4976656.64534917,0.12930361584118,5.694,3
1124,1,0,accepted,0.0752470038997695,0.128486940373178,484655.647424617,4976656.81085441,0.129179824078084,7.161,3
1125,1,0,accepted,0.0929642342528278,0.114590520351624,484656.771379978,4976656.96919248,0.128664767307922,7.869,3
1126,1,0,accepted,0.106300615108891,0.102716743245227,484657.904605555,4976657.13061128,0.128146924725686,6.339,3
1127,1,0,accepted,0.116339182509063,0.0865108496831493,484659.039793321,4976657.29458581,0.127636468591709,8.235,3
1128,1,0,accepted,0.123888369193925,0.0575158844365343,484660.183353749,4976657.46093447,0.127005237304036,7.888,3
1129,1,0,accepted,0.119652076707806,0.0163892457593737,484661.328861668,4976657.64131871,0.125896844922061,6.367,3
1130,1,0,accepted,0.0815654887216276,-0.0560283929767698,484662.436452178,4976657.85074743,0.124318064883473,6.048,3
1131,1,0,accepted,0.0787504936756895,-0.108888524111816,484663.556030804,4976658.02751505,0.123238774848434,5.726,3
1132,1,0,accepted,0.0919218391079245,-0.0103395533706756,484664.655949769,4976658.18230243,0.124731804203864,6.03,3
1133,1,0,accepted,0.098199868212647,0.0364474150669093,484665.760306172,4976658.34572279,0.125559339520338,5.667,3
1134,1,0,accepted,0.0975138136173286,0.00427827432885833,484666.882400663,4976658.51992648,0.125474449265984,7.651,3
1135,1,0,accepted,0.117419313533103,0.147078054234624,484667.988909366,4976658.66983456,0.128100006770651,5.863,3
1136,1,0,accepted,0.121783015279775,0.107377338822734,484669.113098291,4976658.84325104,0.127720324951651,5.428,3
1137,1,0,accepted,0.127548558683593,0.0746825035565816,484670.211353172,4976659.01100325,0.127387295807151,5.901,3
1138,1,0,accepted,0.0790404147755282,-0.0380327754914733,484671.261397987,4976659.21742421,0.125566001253902,5.642,3
1139,1,0,accepted,0.0554461830535304,-0.0719700484412177,484672.311543907,4976659.40018343,0.125244688966193,5.914,3
1140,1,0,accepted,0.0575845902576928,-0.027966014852975,484673.385623427,4976659.56653494,0.126099169757245,6.956,3
1141,1,0,accepted,0.0414817228144698,-0.0669618337463092,484674.470626029,4976659.75165694,0.125610981772478,5.608,3
1142,1,0,accepted,0.0655900828297455,-0.109174710290429,484675.579077124,4976659.90175056,0.12489772706823,6.009,3
1143,1,0,accepted,0.0667212011067863,0.0197054712986395,484676.620107113,4976660.06345304,0.127137437409934,6.007,3
1144,1,0,accepted,0.106440183581056,0.142338498991969,484677.673439452,4976660.19132617,0.129152520273409,5.612,3
1145,1,0,accepted,0.0980264237295519,0.164500905940621,484678.724306418,4976660.36885634,0.129844533852294,6.629,3
1146,1,0,accepted,0.0843527502051072,0.152007523623498,484679.786856814,4976660.54728611,0.129713651075308,7.656,3
1147,1,0,accepted,0.151024933164694,0.226142159426788,484680.741019715,4976660.69563126,0.131056071800857,5.71,3
1148,1,0,accepted,0.122988970268586,0.265846411595349,484681.836150309,4976660.86042833,0.1318090772391,5.642,3
1149,0,1,acceptedDirectional,0.300207048606482,1.43362534456984,484682.916949224,4976660.82772493,0.152335111403098,5.817,2
1150,0,1,acceptedDirectional,0.304951551716985,1.46037644467315,484683.976463045,4976660.98757765,0.152870875477285,5.423,2
1151,1,0,accepted,0.273914096377084,1.11181160536174,484684.970018957,4976661.18841095,0.146732228983889,5.146,3
1152,1,0,accepted,0.29236338260853,1.17150113196531,484685.999164778,4976661.33384473,0.147615909150751,5.017,3
1153,1,0,accepted,0.284307910038206,1.1731661056135,484687.03657506,4976661.50361383,0.147595080835663,5.41,3
1154,1,0,accepted,0.297249725681389,1.24167690924498,484688.062101787,4976661.65499657,0.148130310121888,5.156,3
1155,1,0,accepted,0.311931150947835,1.32114353699829,484689.07899787,4976661.80404408,0.149643530133341,5.003,3
1156,1,0,accepted,0.368466388597374,1.61142436554776,484690.078870888,4976661.91375004,0.1543690501161,5.477,3
1157,1,0,accepted,0.385499199036127,1.7795203104494,484691.080456889,4976662.05066144,0.157192879667222,5.274,3
1158,0,1,acceptedDirectional,0.380528755364331,1.7818370360204,484692.089559419,4976662.21638472,0.15699257915774,5.764,2
1159,0,1,acceptedDirectional,0.368082863872989,1.83901421080304,484693.101634239,4976662.38655339,0.157642053158924,6.248,2
1160,0,1,acceptedDirectional,0.356928959428965,1.87856473474936,484694.113081575,4976662.55325755,0.157876559080413,6.079,2
1161,0,1,acceptedDirectional,0.345101100839042,1.91854290160634,484695.121014607,4976662.72063412,0.157855793160604,5.644,2
1162,0,1,acceptedDirectional,0.3384869193628,1.91636453422415,484696.116709608,4976662.88808073,0.157120743701882,6.08,2
1163,1,0,accepted,0.0723930420362858,0.248587537251656,484697.229686413,4976663.28273592,0.127237182201695,5.731,3
1164,1,0,accepted,0.0515320994355071,0.0184872162308232,484698.22786665,4976663.4519354,0.122261789342213,5.42,3
1165,1,0,accepted,0.0604145631635276,-0.0526846191068425,484699.236943839,4976663.59380442,0.120015185397214,4.924,3
1166,1,0,accepted,0.0890821812566605,-0.0314595888169572,484700.248327627,4976663.72068915,0.11934712545058,4.881,3
1167,1,0,accepted,0.109208035868786,-0.00371468752530458,484701.245038836,4976663.8523535,0.118849358711998,10.082,3
1168,1,0,accepted,0.117261048666827,0.27297176023219,484702.211168962,4976663.98284933,0.122681621855358,5.828,3
1169,1,0,accepted,0.12455669447081,0.255768459306851,484703.194609368,4976664.12126272,0.121445204813247,5.393,3
1170,1,0,accepted,0.12536226899772,0.230837602739613,484704.175202101,4976664.26485148,0.119845732946006,5.263,3
