frame,accepted,directional,reason,errorM,yawErrorDeg,x,y,psi,matchingMs,rank
1,0,0,insufficientComponents,0.640312423976002,2,484201.572914107,4977500.52147539,-2.10588080737395,24.809,0
2,1,0,accepted,0.0433968797007361,0.0380307340336953,484201.04961859,4977500.88503928,-2.14012602460748,76.193,3
3,1,0,accepted,0.0465228640503644,0.0807048298785767,484201.04804295,4977500.88250387,-2.13936158456849,15.684,3
4,1,0,accepted,0.0477595806624486,0.0835100552360888,484201.047549081,4977500.88156006,-2.13931721093749,9.758,3
5,1,0,accepted,0.0520060835559076,0.0875360637926875,484201.044827406,4977500.87852296,-2.13925035813685,9.474,3
6,1,0,accepted,0.0468002649148511,0.0558535477256478,484201.045566629,4977500.88464634,-2.13978813055491,9.356,3
7,1,0,accepted,0.0455449381769745,-0.0124987702964559,484201.043795154,4977500.88763519,-2.14097458393172,8.908,3
8,1,0,accepted,0.0441119863739727,-0.0294745643559481,484201.044835102,4977500.88679714,-2.14127469452905,8.52,3
9,1,0,accepted,0.0472034734355727,-0.000434481895876157,484201.04059937,4977500.88175848,-2.14074989692631,11.738,3
10,1,0,accepted,0.0441546682682871,0.0304823316659987,484201.040253293,4977500.87741049,-2.14022018254545,8.269,3
11,1,0,accepted,0.0367551486774102,0.0446622494535083,484201.038651622,4977500.87362004,-2.1399826266602,8.591,3
12,1,0,accepted,0.0244368386530678,0.0639017880775097,484201.036831803,4977500.87168451,-2.13961415240315,8.259,3
13,1,0,accepted,0.00913107893601458,0.0286434354037901,484201.035643835,4977500.86686549,-2.14027152052211,8.994,3
14,1,0,accepted,0.0095718021629863,-0.0286921731295926,484201.025748703,4977500.86022619,-2.14120079155726,9.219,3
15,1,0,accepted,0.00981104957523148,-0.0307400046241937,484201.011636066,4977500.83541606,-2.14117653076152,8.809,3
16,1,0,accepted,0.0104605435845657,-0.0544930956588481,484200.990745283,4977500.80527168,-2.14147835053042,8.626,3
17,1,0,accepted,0.00770108553446477,-0.0426874230671158,484200.969956272,4977500.7682036,-2.14109993330133,8.69,3
18,1,0,accepted,0.00912473565668455,-0.0537579304222332,484200.943739432,4977500.72975372,-2.14111542602932,9.266,3
19,1,0,accepted,0.0113831360821139,-0.0813176869645061,484200.917316357,4977500.68735306,-2.14131804230964,9.056,3
20,1,0,accepted,0.0136824597299656,-0.104943869448562,484200.886109593,4977500.63957405,-2.14127196702336,8.25,3
21,1,0,accepted,0.0193154678108752,-0.142457821356274,484200.852138509,4977500.58979042,-2.1412886889545,8.909,3
22,1,0,accepted,0.0200312925209526,-0.156462221190729,484200.814519937,4977500.52907932,-2.14082975398217,7.955,3
23,1,0,accepted,0.0176316547459926,-0.169871930215009,484200.766685976,4977500.45857909,-2.14015659170726,8.714,3
24,1,0,accepted,0.012553571424969,-0.123011677309822,484200.719363335,4977500.37854255,-2.13806350519349,7.861,3
25,1,0,accepted,0.0135300454680078,-0.0942710957793632,484200.67103201,4977500.29571202,-2.13617250762128,8.182,3
26,1,0,accepted,0.0180853580420542,-0.130872585388091,484200.615240917,4977500.20614777,-2.13468725708607,8.451,3
27,1,0,accepted,0.0201358891310514,-0.0959173325236401,484200.550103214,4977500.10667349,-2.13250593676042,8.317,3
28,1,0,accepted,0.0250485114338352,-0.0843910509008123,484200.483671628,4977499.99929077,-2.13199803285082,8.124,3
29,1,0,accepted,0.0347486473602081,-0.119916428457169,484200.417264769,4977499.88928293,-2.13046936976918,8.016,3
30,1,0,accepted,0.0357515015090952,-0.110874259933568,484200.344287526,4977499.76968121,-2.12769360394868,8.864,3
31,1,0,accepted,0.033215084866069,-0.033385925486451,484200.269896008,4977499.63990981,-2.125558445185,8.101,3
32,1,0,accepted,0.0373046379586574,0.0325047439396543,484200.200239268,4977499.50595133,-2.12338697916812,7.505,3
33,1,0,accepted,0.0347834056658918,0.0382561274956867,484200.11537306,4977499.36832971,-2.1214976542509,7.963,3
34,1,0,accepted,0.0308508627460065,0.0175875155761573,484200.02675086,4977499.22867087,-2.11984909187227,8.157,3
35,1,0,accepted,0.0307378689695776,0.0430106568976842,484199.940881001,4977499.08227625,-2.11754209882391,9.325,3
36,1,0,accepted,0.0352925469208305,0.0416190151202168,484199.854977986,4977498.93536464,-2.11625966398679,8.719,3
37,1,0,accepted,0.0410548412649802,0.0569721854373632,484199.766341496,4977498.78228483,-2.11490718325064,8.326,3
38,1,0,accepted,0.0458022831993724,0.0739829889815606,484199.677700195,4977498.62739111,-2.11316337034592,9.198,3
39,1,0,accepted,0.0355486529760326,0.0445264367735451,484199.571530152,4977498.46279094,-2.11234005863497,8.065,3
40,1,0,accepted,0.0383994897068793,0.0699959434393108,484199.476105527,4977498.30130246,-2.11105218357191,8.012,3
41,1,0,accepted,0.0403643475332624,0.113568598596706,484199.377287336,4977498.13248325,-2.10993552577506,8.077,3
42,1,0,accepted,0.0370895514879514,0.127529241650013,484199.273680771,4977497.95998059,-2.10981037275738,9.868,3
43,1,0,accepted,0.034348105834643,0.126822708621828,484199.1695745,4977497.78867698,-2.10979493577713,9.415,3
44,1,0,accepted,0.0293684225063103,0.141169298798872,484199.063960715,4977497.61755762,-2.10974539436357,8.668,3
45,1,0,accepted,0.0256211943734288,0.137622587463541,484198.962029321,4977497.44703946,-2.11000254648039,9.121,3
46,1,0,accepted,0.0262581449942405,0.126346252459501,484198.862810791,4977497.27590799,-2.11011336845535,9.076,3
47,1,0,accepted,0.0236521713825655,0.136626542407097,484198.76145034,4977497.11173651,-2.11091757589645,8.724,3
48,1,0,accepted,0.0193197394670445,0.12729082412224,484198.660962961,4977496.94641522,-2.11195699358223,8.665,3
49,1,0,accepted,0.00951356839643601,0.145542266018359,484198.560710943,4977496.77564441,-2.11239253572118,8.463,3
50,1,0,accepted,0.00213358983829133,0.145066253301713,484198.464981089,4977496.611364,-2.1130463842769,8.53,3
51,1,0,accepted,0.0121133509820733,0.179507063715033,484198.371892774,4977496.44758444,-2.11310638105316,7.825,3
52,1,0,accepted,0.0127169259236543,0.163622831278078,484198.282823181,4977496.29508917,-2.11341829188758,7.82,3
53,1,0,accepted,0.0135305519560239,0.178543403937369,484198.202463815,4977496.14261348,-2.11347289571696,7.748,3
54,1,0,accepted,0.0172320524464683,0.187067819923047,484198.11129187,4977495.98806319,-2.11407080117849,8.276,3
55,1,0,accepted,0.0122087202006166,0.190813984209819,484198.023398183,4977495.83834185,-2.11433426500922,7.413,3
56,1,0,accepted,0.00738179394419157,0.213377907601844,484197.934244384,4977495.68691012,-2.114074910109,9.089,3
57,1,0,accepted,0.00703811686249209,0.248208081719465,484197.842995997,4977495.52623309,-2.11398509956565,7.918,3
58,1,0,accepted,0.00894440679113983,0.269328907644047,484197.756878492,4977495.37248257,-2.114004280439,7.924,3
59,1,0,accepted,0.00944076340667276,0.247554279077651,484197.658131888,4977495.21004211,-2.11423888397198,8.248,3
60,1,0,accepted,0.0193061508666863,0.251744288604407,484197.569593019,4977495.04425588,-2.11376040771677,7.739,3
61,1,0,accepted,0.0138654796053091,0.198703749032026,484197.45720439,4977494.87392706,-2.11355542690751,14.805,3
62,1,0,accepted,0.0241480868613943,0.167225898900586,484197.360733955,4977494.70920008,-2.11262186089713,6.971,3
63,1,0,accepted,0.0145670813781105,0.199638551286186,484197.259019341,4977494.51856005,-2.10953918006282,7.439,3
64,1,0,accepted,0.00793270433394619,0.211278092404683,484197.14841754,4977494.3388337,-2.10796305450629,7.168,3
65,1,0,accepted,0.00419953291584071,0.219833784485657,484197.037918924,4977494.15818988,-2.10710411911366,8.019,3
66,1,0,accepted,0.0115895251124101,0.217877173563799,484196.924491768,4977493.97221951,-2.10526082535614,7.346,3
67,1,0,accepted,0.0194664049223305,0.185515911564518,484196.810578509,4977493.78379566,-2.10253566080221,7.06,3
68,1,0,accepted,0.0276601726511231,0.164647411937268,484196.693020522,4977493.59343566,-2.09857055529488,7.239,3
69,1,0,accepted,0.0294398581947732,0.125006257551792,484196.579866162,4977493.40136689,-2.09363213506123,7.629,3
70,1,0,accepted,0.0318843079525507,0.0638927124522041,484196.461519908,4977493.19831986,-2.08748294162036,8.265,3
71,1,0,accepted,0.0407433441159923,0.0388924271583591,484196.329892219,4977492.98347838,-2.07944749627792,8.672,3
72,1,0,accepted,0.0499808227630157,0.063715554825835,484196.18705267,4977492.74266556,-2.06913528126893,8.403,3
73,1,0,accepted,0.0435398452138987,0.0495698353546699,484196.060988708,4977492.49967502,-2.05790654173311,10.693,3
74,1,0,accepted,0.0485260330513307,0.062363653489285,484195.91463691,4977492.23634828,-2.04422585430046,8.625,3
75,1,0,accepted,0.056333658006603,0.0824946296674726,484195.756125868,4977491.94857598,-2.02821946799051,9.649,3
76,1,0,accepted,0.0437464910118839,0.0297544267250652,484195.625672959,4977491.6662255,-2.01254020226981,8.431,3
77,1,0,accepted,0.050023284862495,-0.0250779329079816,484195.4760308,4977491.36503597,-1.99731991955079,9.952,3
78,1,0,accepted,0.053790166390621,-0.0818585144085262,484195.319631129,4977491.03831198,-1.9788472148061,8.506,3
79,1,0,accepted,0.0380643725891692,-0.107012777747777,484195.18673125,4977490.68485245,-1.95924757377395,8.811,3
80,1,0,accepted,0.0377213299266763,-0.153860719939556,484195.038057268,4977490.32442601,-1.93760206203027,9.134,3
81,1,0,accepted,0.0392593399238317,-0.164498205033836,484194.889814146,4977489.95208255,-1.91336887325195,8.6,3
82,1,0,accepted,0.0528315455077415,-0.109768341382742,484194.742527316,4977489.57707129,-1.88689968468033,9.02,3
83,1,0,accepted,0.0577174753312255,-0.143085563951913,484194.596954431,4977489.17493654,-1.86042446454569,8.715,3
84,1,0,accepted,0.0657071669034921,-0.079573383196649,484194.463040368,4977488.77168889,-1.83269493287914,9.901,3
85,1,0,accepted,0.0700546575686913,-0.0887412677116547,484194.34721012,4977488.34661027,-1.80584258126471,10.572,3
86,1,0,accepted,0.0746345513204325,-0.090264212344983,484194.233530419,4977487.90728118,-1.77993698780002,10.612,3
87,1,0,accepted,0.104749107823955,-0.0704205225263338,484194.111549456,4977487.47822722,-1.75215439341479,11.038,3
88,1,0,accepted,0.10272956960463,-0.0493254988384757,484194.033858155,4977487.01809159,-1.72484572673559,9.586,3
89,1,0,accepted,0.101873443272539,-0.0404821465327419,484193.945715222,4977486.54548359,-1.69685959377401,10.118,3
90,1,0,accepted,0.0933075878631616,-0.0391753955460495,484193.886511837,4977486.06144954,-1.66856416791822,11.39,3
91,1,0,accepted,0.0938954884243042,-0.0141501193989992,484193.825317952,4977485.57428642,-1.63825940446634,12.206,3
92,1,0,accepted,0.0516308022398487,-0.0427959146788954,484193.819391356,4977485.03755916,-1.60882223105125,13.211,3
93,1,0,accepted,0.0480221546853334,-0.071599897846524,484193.791308074,4977484.52497263,-1.57957364241341,12.134,3
94,1,0,accepted,0.0303138344821762,-0.134285447130979,484193.762052302,4977483.99664808,-1.55081298555058,11.126,3
95,1,0,accepted,0.0285907929649538,-0.214871133848413,484193.763472118,4977483.46911528,-1.52158957293987,10.734,3
96,1,0,accepted,0.0428215609133427,-0.314832839757886,484193.784177231,4977482.9487432,-1.49196020641056,9.817,3
97,1,0,accepted,0.0515526348943073,-0.334406961495786,484193.810692562,4977482.42767335,-1.46121242145594,9.843,3
98,1,0,accepted,0.0452242677080142,-0.400699676436022,484193.855278728,4977481.88231408,-1.43086002234677,11.954,3
99,1,0,accepted,0.024333963245136,-0.344410793613034,484193.931799736,4977481.31429157,-1.39960296487437,10.693,3
100,1,0,accepted,0.0278110330044017,-0.380525446498229,484194.040946041,4977480.75645267,-1.36961157046353,11.846,3
101,1,0,accepted,0.0107035595578321,-0.299320748005346,484194.138155935,4977480.1733142,-1.33929011067063,10.512,3
102,1,0,accepted,0.0279519751177901,-0.269429270879232,484194.28279359,4977479.60746136,-1.31171623054652,10.98,3
103,1,0,accepted,0.0289148450504668,-0.141925118855021,484194.4074854,4977479.02237444,-1.2835987989273,10.194,3
104,1,0,accepted,0.0323635540507804,-0.138068777552886,484194.571887696,4977478.44892968,-1.25847334825232,10.714,3
105,1,0,accepted,0.037767899183239,-0.112947116213414,484194.751759979,4977477.86794852,-1.23430419216246,11.332,3
106,1,0,accepted,0.050110480430256,-0.0419340379686079,484194.955875429,4977477.27621321,-1.21205602492045,10.852,3
107,1,0,accepted,0.0504532678361977,-0.00118023362528719,484195.168933795,4977476.69523011,-1.19299364522919,9.93,3
108,1,0,accepted,0.0491164241689427,0.0199412043804282,484195.405895095,4977476.10852971,-1.17643758411901,11.107,3
109,1,0,accepted,0.0441238435848991,0.100440763408939,484195.662644722,4977475.50608178,-1.16076697280701,9.282,3
110,1,0,accepted,0.0461426930727342,0.216698562556394,484195.931836291,4977474.91442939,-1.14712010528125,10.135,3
111,1,0,accepted,0.0487350873449975,0.280380028920717,484196.201075418,4977474.30458423,-1.13563919767117,9.64,3
112,1,0,accepted,0.0610930125486461,0.467249895080689,484196.481964195,4977473.67861202,-1.12362471311649,10.365,3
113,1,0,accepted,0.050674464268267,0.33082480518325,484196.776728903,4977473.06705485,-1.11858553051857,9.934,3
114,1,0,accepted,0.0465988294174643,0.368293166840508,484197.078824524,4977472.44532466,-1.11194296171743,10.564,3
115,1,0,accepted,0.0495470145856262,0.405323941804293,484197.399468763,4977471.80465093,-1.10635579435824,10.085,3
116,1,0,accepted,0.0402780723100564,0.395096923085438,484197.733624824,4977471.16447119,-1.10284674149754,8.781,3
117,1,0,accepted,0.00777759959067794,0.0984207808052139,484198.091217428,4977470.54353144,-1.10503637249096,12.079,3
118,1,0,accepted,0.058538655012556,0.187323880534046,484198.489802328,4977469.86937281,-1.10208047105141,10.926,3
119,1,0,accepted,0.0498989215155676,0.205954497306587,484198.833512948,4977469.18529812,-1.10183449709108,10.24,3
120,1,0,accepted,0.0354979425046397,0.192918006570326,484199.181646912,4977468.51430014,-1.10327139713246,9.42,3
121,1,0,accepted,0.0356239354774841,0.216799561432277,484199.541340491,4977467.80954636,-1.10509688214429,11.356,3
122,1,0,accepted,0.032801137086592,0.196924313184881,484199.903532873,4977467.10282519,-1.1067545204453,9.538,3
123,1,0,accepted,0.0373319841360199,0.142797940301751,484200.278161833,4977466.40013102,-1.10977748624508,9.891,3
124,1,0,accepted,0.046078370411633,0.181285552443576,484200.657000807,4977465.66923588,-1.1114367471032,10.934,3
125,1,0,accepted,0.0457589166903574,0.13454864259246,484201.038211024,4977464.93998482,-1.11568360002182,10.185,3
126,1,0,accepted,0.0467951296483242,0.125460469608051,484201.422153423,4977464.19879226,-1.12000269629699,10.594,3
127,1,0,accepted,0.0541033781869099,0.14579939475342,484201.813226747,4977463.44436678,-1.12473458702755,11.459,3
128,1,0,accepted,0.043163089095677,0.184424056276074,484202.19576134,4977462.68460161,-1.12990316434521,10.777,3
129,1,0,accepted,0.0420127126720977,0.135394726956799,484202.590925269,4977461.906044,-1.1362759541771,10.948,3
130,1,0,accepted,0.0416962443420732,0.18533934579874,484202.965860852,4977461.11071288,-1.14202743233099,11.155,3
131,1,0,accepted,0.0797854758124257,0.291240363256111,484203.399769362,4977460.31497864,-1.14600012399132,16.538,3
132,1,0,accepted,0.0668558051642129,0.352334383006335,484203.774082871,4977459.49111504,-1.15204153816145,10.718,3
133,1,0,accepted,0.0600108297102442,0.256266297476048,484204.152584593,4977458.67513808,-1.16050209542432,9.945,3
134,1,0,accepted,0.0617777193498817,0.30112651701693,484204.53427262,4977457.83001846,-1.16657235927009,10.058,3
135,1,0,accepted,0.0597947645627697,0.220602608343626,484204.910855433,4977456.98610392,-1.1748225423157,10.251,3
136,1,0,accepted,0.0512228620532024,0.212914238826231,484205.264520306,4977456.1252002,-1.18188523417753,10.564,3
137,1,0,accepted,0.0462994216926112,0.188823366457471,484205.624356341,4977455.25271315,-1.1892293889546,12.883,3
138,1,0,accepted,0.0584731567087653,0.280922750419196,484205.991650934,4977454.36321745,-1.19457553737789,11.371,3
139,1,0,accepted,0.0550105054691709,0.332078812868344,484206.422458431,4977453.49081522,-1.20038031594906,14.758,3
140,1,0,accepted,0.0368353459922418,0.111014849861381,484206.78913936,4977452.64561885,-1.21133839252979,12.858,3
141,1,0,accepted,0.0455410249417361,-0.045172770579079,484207.155942756,4977451.75565307,-1.22090931544841,12.905,3
142,1,0,accepted,0.0507755588456598,-0.0472717486078118,484207.522750574,4977450.84138435,-1.22761522251694,11.455,3
143,1,0,accepted,0.0436416574687834,0.00531636100907777,484207.882739684,4977449.91066968,-1.23376024056602,13.72,3
144,1,0,accepted,0.0195266588180072,0.0548107538455758,484208.236981998,4977448.9357801,-1.23954737342708,10.604,3
145,1,0,accepted,0.027917374583068,0.0587044041574715,484208.578302526,4977447.97087357,-1.24711225168974,10.692,3
146,1,0,accepted,0.0366546428494754,-0.0401084272824125,484208.920584067,4977447.01150712,-1.25473772914528,10.672,3
147,1,0,accepted,0.0505689319190059,0.269742491318404,484209.293762134,4977446.03763818,-1.25703163858415,12.58,3
148,1,0,accepted,0.0442851379637641,0.140281336173684,484209.646850739,4977445.08463099,-1.26563130591861,11.248,3
149,1,0,accepted,0.0341129396668602,0.0737846450174907,484209.980575338,4977444.11450782,-1.27365398069299,11.738,3
150,1,0,accepted,0.0394771695268897,0.0528604785361639,484210.291022389,4977443.14046768,-1.28043066620958,15.091,3
151,0,0,inconsistentClasses,0.059559612848481,0.0852015322052434,484210.595047864,4977442.14982609,-1.28703862247675,10.671,3
152,1,0,accepted,0.066582475252328,0.0603989072206846,484210.896244183,4977441.16718465,-1.29446399375595,9.459,3
153,1,0,accepted,0.0885894719784242,0.0888157842963664,484211.190745336,4977440.17718113,-1.30060795763154,12.084,3
154,1,0,accepted,0.103468072489942,0.0557945126183756,484211.488947681,4977439.18177556,-1.30740630632469,10.61,3
155,1,0,accepted,0.12718603324799,0.100575486454989,484211.77325525,4977438.18929624,-1.31381648418476,10.972,3
156,1,0,accepted,0.145697194815518,0.115697960518545,484212.058672185,4977437.17755635,-1.32022464895137,10.282,3
157,1,0,accepted,0.171425346843962,0.299471601669704,484212.328846949,4977436.16516044,-1.32400489386552,11.68,3
158,1,0,accepted,0.193707682258371,0.534797490661566,484212.609651594,4977435.12037923,-1.32685766116566,18.743,3
159,1,0,accepted,0.117690008676696,-0.0478289072787908,484213.153894169,4977434.08243475,-1.34344888664358,17.39,3
160,1,0,accepted,0.0919028786697197,0.0313831160919593,484213.390875069,4977433.07262001,-1.34842595681724,12.041,3
161,1,0,accepted,0.0734049217162033,0.0677445450182918,484213.631586089,4977432.06013514,-1.35464325983163,11.402,3
162,1,0,accepted,0.053125609162422,0.0221140671477804,484213.857017416,4977431.07295582,-1.36207351139919,10.094,3
163,1,0,accepted,0.0839569933891196,0.091137630286093,484214.0753166,4977430.0575679,-1.36726212541534,9.769,3
164,1,0,accepted,0.100684364124033,-0.0408624821703812,484214.308598749,4977429.06331923,-1.37599676593319,10.634,3
165,1,0,accepted,0.132397576853879,0.047849636046972,484214.526746457,4977428.03510039,-1.38051188444538,10.395,3
166,1,0,accepted,0.155435897267128,0.0853689799677886,484214.749681233,4977426.9915518,-1.38612748548377,11.878,3
167,1,0,accepted,0.0525581537730953,-0.0586244490209781,484215.180287467,4977425.91224877,-1.39481763092695,15.83,3
168,1,0,accepted,0.0310742191709522,0.0748791316390493,484215.368850969,4977424.87332475,-1.39927793591923,11.971,3
169,1,0,accepted,0.0298382405742309,0.0472037089437488,484215.568592687,4977423.84462852,-1.4063716852717,10.675,3
170,1,0,accepted,0.0567555816292994,-0.0135556018157381,484215.754093721,4977422.81611545,-1.41411917389565,10.44,3
171,1,0,accepted,0.0801750243920574,-0.0645794320550443,484215.939969383,4977421.77949883,-1.4222106755645,10.665,3
172,1,0,accepted,0.0935321652460262,-0.0165573281065023,484216.128752474,4977420.72243223,-1.42861129039663,11.153,3
173,1,0,accepted,0.0981579357407646,0.000521947915010527,484216.319340208,4977419.66580574,-1.43589787939267,14.921,3
174,1,0,accepted,0.0341411403862497,0.2441831732935,484216.599188181,4977418.57172027,-1.43898220600091,11.999,3
175,1,0,accepted,0.0569134652427482,0.122773447669079,484216.728396287,4977417.54091553,-1.44842936592945,9.619,3
176,1,0,accepted,0.0924585606072565,0.0663172974334767,484216.867118562,4977416.49112682,-1.45674955678416,10.936,3
177,1,0,accepted,0.127616985873556,0.0531526039268065,484217.001149449,4977415.45380446,-1.46442131676358,10.436,3
178,1,0,accepted,0.232864848268989,0.445054382895968,484217.078498762,4977414.45369794,-1.46492035659328,11.058,3
179,1,0,accepted,0.0925185325150066,0.196484498112283,484217.340688901,4977413.28848897,-1.47671314020087,13.801,3
180,1,0,accepted,0.056279404202752,-0.145985685328817,484217.628296296,4977412.17762192,-1.48974627254599,14.389,3
181,1,0,accepted,0.0334203778290192,-0.0317996530307999,484217.731596007,4977411.06828397,-1.49548110476521,12.111,3
182,1,0,accepted,0.0500689297867943,0.0775886456027798,484217.812481806,4977409.96123465,-1.50028747821214,9.864,3
183,1,0,accepted,0.103313603742475,0.26531497526047,484217.867408984,4977408.85128385,-1.50414200991363,9.66,3
184,1,0,accepted,0.152275946032512,0.43281447112365,484217.936779526,4977407.74382346,-1.50797263016411,9.051,3
185,1,0,accepted,0.136719666648394,0.23934834194669,484218.054495355,4977406.6554465,-1.5180712116558,9.435,3
186,1,0,accepted,0.117781300760181,0.126593297088634,484218.173070179,4977405.55187274,-1.52684895779093,9.953,3
187,1,0,accepted,0.0473762488355487,-0.513613202841152,484218.391608797,4977404.45388355,-1.54491800609488,12.742,3
188,1,0,accepted,0.144519152475354,-0.811288718546732,484218.586932077,4977403.32103114,-1.55613534909609,11.065,3
189,1,0,accepted,0.0309259328453501,-0.274466522152905,484218.551798133,4977402.22106199,-1.55216562670298,8.257,3
190,1,0,accepted,0.0191796105118737,-0.220678161453068,484218.592738886,4977401.10753916,-1.55592124824929,8.027,3
191,1,0,accepted,0.023363194131698,-0.251855867220577,484218.635110484,4977399.97870745,-1.56091906172755,8.482,3
192,1,0,accepted,0.0525666027031061,-0.261002597458649,484218.659296613,4977398.84182027,-1.56467004680409,9.038,3
193,1,0,accepted,0.0666740914498836,0.0237241686454808,484218.69722239,4977397.69186981,-1.56274282419597,11.022,3
194,1,0,accepted,0.0882615194927192,0.0356164795842031,484218.72450015,4977396.53191597,-1.5651109922941,8.542,3
195,1,0,accepted,0.0353225256543232,-0.0835369540715041,484218.845464776,4977395.35727652,-1.56944413016228,12.641,3
196,1,0,accepted,0.0334573516893759,-0.0976786431542472,484218.882995126,4977394.19885107,-1.57210882001833,10.75,3
197,1,0,accepted,0.0376077530081357,-0.0896542712143456,484218.909604052,4977393.03954264,-1.57404710258336,10.591,3
198,1,0,accepted,0.0444629644006075,-0.128610244099663,484218.934871974,4977391.87050974,-1.57655639215004,10.926,3
199,1,0,accepted,0.0594974526323858,-0.0880933082223364,484218.951559139,4977390.69993892,-1.5776025570309,10.973,3
200,1,0,accepted,0.0343913049241774,-0.115955522626662,484219.011491652,4977389.52901035,-1.57986718631935,10.017,3
201,1,0,accepted,0.0479327884147072,-0.0801319702087447,484219.037470957,4977388.34973213,-1.58061873227396,12.653,3
202,1,0,accepted,0.0725121049956537,-0.115107703539849,484219.133808278,4977387.18600239,-1.58255411987048,10.294,3
203,1,0,accepted,0.0620491409025761,-0.0701702340278787,484219.135177206,4977386.05291985,-1.58299063179067,9.709,3
204,1,0,accepted,0.0529987248480298,-0.113590802463033,484219.133359957,4977384.82953762,-1.58330134001607,9.758,3
205,1,0,accepted,0.0597088503765146,-0.0983158029628835,484219.131461121,4977383.59999755,-1.58267538430562,9.345,3
206,1,0,accepted,0.0757986581464074,-0.157645886133657,484219.135673985,4977382.3652544,-1.58252684902878,9.38,3
207,1,0,accepted,0.0853314495884234,-0.167971282554226,484219.148452644,4977381.12449954,-1.58125125968107,9.082,3
208,1,0,accepted,0.105496759325155,-0.194850178265146,484219.152425273,4977379.89493097,-1.57958538363547,9.293,3
209,1,0,accepted,0.0991446761854405,-0.10123518589765,484219.185699495,4977378.65149715,-1.57516700758468,10.38,3
210,1,0,accepted,0.0508964435945663,0.0322336536532457,484219.268060446,4977377.41918101,-1.56975507483518,11.511,3
211,1,0,accepted,0.0482666555723815,-0.0207376940964678,484219.316301086,4977376.18025642,-1.56702864770288,9.894,3
212,1,0,accepted,0.0455710652769021,-0.010263415750654,484219.350108577,4977374.91704962,-1.56297758566617,9.171,3
213,1,0,accepted,0.0470366382331993,0.0124748299436693,484219.39301934,4977373.65241772,-1.55851300479053,9.096,3
214,1,0,accepted,0.0553258833132486,0.0591023724215113,484219.433155315,4977372.38836933,-1.55372990940214,9.716,3
215,1,0,accepted,0.0205168099819419,0.163234526248144,484219.513325153,4977371.10389127,-1.54730809622799,9.999,3
216,1,0,accepted,0.0272271305855177,0.131596072293568,484219.560698634,4977369.82230693,-1.54282553372606,10.8,3
217,1,0,accepted,0.0384250545734677,0.146487359803511,484219.611941451,4977368.54402605,-1.53765119185194,11.576,3
218,1,0,accepted,0.0562037890001723,0.143266402794075,484219.662523267,4977367.2507647,-1.5323560323599,9.905,3
219,1,0,accepted,0.0674605944928041,0.126681069686714,484219.726467767,4977365.95102998,-1.52740724372988,9.073,3
220,1,0,accepted,0.0756953392214844,0.145067409113936,484219.798143697,4977364.67450064,-1.52160232202066,9.402,3
221,1,0,accepted,0.0821775957165623,0.164352932344883,484219.878620549,4977363.39503028,-1.51574421328068,10.708,3
222,1,0,accepted,0.100677832377308,0.18578302908357,484219.956647674,4977362.10494415,-1.50975457561347,8.832,3
223,1,0,accepted,0.110040020878669,0.239990489733473,484220.051885442,4977360.81777285,-1.50262726589924,8.421,3
224,1,0,accepted,0.0846696481791714,0.178644581840288,484220.191164931,4977359.52017893,-1.49737020188587,9.226,3
225,1,0,accepted,0.0694769289233587,0.135469955542886,484220.329049945,4977358.22025359,-1.49157331523465,9.248,3
226,1,0,accepted,0.0615623587596457,0.0768472966866402,484220.46722766,4977356.91181403,-1.48612872240182,10.56,3
227,1,0,accepted,0.0578343114920254,0.0536553113467078,484220.610382857,4977355.59380275,-1.47982292758487,9.799,3
228,1,0,accepted,0.052752691773678,0.0113114113034334,484220.755764065,4977354.31603434,-1.47368521229737,9.248,3
229,1,0,accepted,0.0569395187438571,0.016775674484565,484220.902794324,4977353.00586659,-1.46679258541946,8.748,3
230,1,0,accepted,0.0637048659711352,0.0558231806810714,484221.057241963,4977351.70037233,-1.45969411032184,8.92,3
231,1,0,accepted,0.0659051373278799,0.0443215236174875,484221.225305976,4977350.39098093,-1.45304794076482,10.278,3
232,1,0,accepted,0.0701553028685992,0.0647009723729101,484221.40310847,4977349.0717645,-1.44641927201763,9.786,3
233,1,0,accepted,0.053979129026994,-0.016965320031873,484221.609724374,4977347.76291832,-1.44129939181799,9.314,3
234,1,0,accepted,0.0457370373699489,-0.0960212496978401,484221.816960138,4977346.4534958,-1.43610704728994,8.821,3
235,1,0,accepted,0.0434511048870738,-0.0899795351789091,484222.025936069,4977345.14837455,-1.42953012581883,10.168,3
236,1,0,accepted,0.0530846438958605,-0.0379930018294174,484222.235377793,4977343.82469047,-1.42206693514017,9.475,3
237,1,0,accepted,0.0660041819388437,-0.033522332323786,484222.449556051,4977342.49955817,-1.41532533020524,9.546,3
238,1,0,accepted,0.0705878186398847,-0.0710513265811142,484222.675583195,4977341.19185413,-1.40938553998681,10.651,3
239,1,0,accepted,0.054606432527097,-0.148367071983392,484222.932669372,4977339.87443546,-1.40381769409097,8.66,3
240,1,0,accepted,0.0732200552063285,-0.165819442919347,484223.16845111,4977338.54099702,-1.39799598414025,8.434,3
241,1,0,accepted,0.093356107812898,-0.204234465800234,484223.404666671,4977337.23684254,-1.39179393595801,9.165,3
242,1,0,accepted,0.111221604972407,-0.220470268375764,484223.65670357,4977335.91353006,-1.38598224662515,8.417,3
243,1,0,accepted,0.118994584886029,-0.16636564089489,484223.927758439,4977334.58932175,-1.37897476967022,10.007,3
244,1,0,accepted,0.141930450146223,-0.123671913082446,484224.194368874,4977333.26071778,-1.37253538332519,9.008,3
245,1,0,accepted,0.150618759941161,-0.0407968504025025,484224.486021671,4977331.92923928,-1.3662356790883,10.632,3
246,1,0,accepted,0.124264657205365,-0.0234920208687159,484224.818788138,4977330.61549371,-1.36223898743812,11.816,3
247,1,0,accepted,0.0856110749729677,-0.851562456218513,484225.237788957,4977329.21977505,-1.37393419069947,10.435,3
248,1,0,accepted,0.0764783012711575,-0.124531261837544,484225.495871989,4977327.97902471,-1.35931636966532,11.521,3
249,1,0,accepted,0.0936106613515647,-0.15048752432264,484225.8011739,4977326.63259257,-1.35757255804414,10.189,3
250,1,0,accepted,0.110630150187482,-0.263670469390984,484226.116147967,4977325.27442192,-1.35740819639496,10.882,3
251,1,0,accepted,0.113653927778341,-0.356083180506171,484226.443398814,4977323.93024343,-1.35733583885513,11.029,3
252,1,0,accepted,0.0999056505756333,-0.583006625909821,484226.801477645,4977322.5741074,-1.35976265324009,9.609,3
253,1,0,accepted,0.0671327781738815,-0.32978829482679,484227.155302894,4977321.25347078,-1.35407551300018,15.518,3
254,1,0,accepted,0.0700309145745705,-0.362508773576605,484227.478331494,4977319.93753239,-1.35288475935993,14.876,3
255,1,0,accepted,0.0775539381296237,-0.389525893716941,484227.806890056,4977318.58903566,-1.35153439705666,12.446,3
256,1,0,accepted,0.0269895406144399,0.037308408182479,484228.240770999,4977317.29130539,-1.34287844584301,14.334,3
257,1,0,accepted,0.0145645006202577,0.0301385062355779,484228.573962265,4977315.94051656,-1.34158684486224,10.104,3
258,1,0,accepted,0.0061325714227157,0.0566386059559296,484228.909165987,4977314.56543186,-1.34088091565597,8.967,3
259,1,0,accepted,0.0208175114511839,0.0191006290150703,484229.240642745,4977313.21310714,-1.34001651690008,8.86,3
260,1,0,accepted,0.0353605713755484,0.0220826182841433,484229.581014843,4977311.84060131,-1.3393104262046,8.031,3
261,1,0,accepted,0.0472187831870512,0.0221591828272511,484229.91605047,4977310.5003298,-1.33844372229948,8.289,3
262,1,0,accepted,0.0616382373609719,0.0183079931397476,484230.256994211,4977309.13427097,-1.33748032944347,10.192,3
263,1,0,accepted,0.0372035914271846,-0.197529484583727,484230.640323797,4977307.79788248,-1.3409872856117,10.731,3
264,1,0,accepted,0.0379840175909201,-0.179185064237203,484231.00635276,4977306.44780758,-1.33932404036679,12.338,3
265,1,0,accepted,0.0428837311188961,-0.138244831089314,484231.359708342,4977305.052673,-1.3383383416213,9.302,3
266,1,0,accepted,0.0615628529458292,0.0683093014320841,484231.699620295,4977303.66606182,-1.33432947050811,9.326,3
267,1,0,accepted,0.0532030682598889,0.194838245340656,484232.069159488,4977302.30135731,-1.3315370906436,13.692,3
268,1,0,accepted,0.0390655042695011,0.159573218558628,484232.449308766,4977300.92352805,-1.3312164134254,9.9,3
269,1,0,accepted,0.0399602551752113,0.126224563582494,484232.817602171,4977299.53448096,-1.33097602586849,8.42,3
270,1,0,accepted,0.0394043097462026,0.142658120610137,484233.190679379,4977298.14385828,-1.33035900422749,8.791,3
271,1,0,accepted,0.0419662927935037,0.176070056331513,484233.569977908,4977296.73849349,-1.32949938318236,10.105,3
272,1,0,accepted,0.0515330632931543,0.126697665795102,484233.933875221,4977295.34754109,-1.33025355172874,10.002,3
273,1,0,accepted,0.0229169384364115,0.221142271649939,484234.33168074,4977293.97181711,-1.3290403341784,12.254,3
274,1,0,accepted,0.0301012565951114,0.236372608837162,484234.693937134,4977292.59489189,-1.3290761372249,10.891,3
275,1,0,accepted,0.0391973256249403,0.230164307053533,484235.063087795,4977291.19055695,-1.33023016097424,10.392,3
276,1,0,accepted,0.0486342368146703,0.191305766888038,484235.434834766,4977289.78043453,-1.33181266006779,9.434,3
277,1,0,accepted,0.0604318684856594,0.170212332407671,484235.801478965,4977288.36656496,-1.33329386678975,9.189,3
278,1,0,accepted,0.0869825625133568,0.139527832355999,484236.15206757,4977286.94893149,-1.33462765550708,8.704,3
279,1,0,accepted,0.119517640950284,0.11511137632202,484236.506940893,4977285.50663382,-1.33714132554684,9.069,3
280,1,0,accepted,0.140802411835618,-0.161102025138782,484236.882867767,4977284.07310355,-1.34306652289778,10.703,3
281,1,0,accepted,0.131706411469121,-0.25107291580123,484237.265099894,4977282.66005727,-1.34657372673741,10.094,3
282,1,0,accepted,0.1421396406003,-0.377119675738787,484237.629023489,4977281.23427216,-1.35115029921381,9.676,3
283,1,0,accepted,0.147993276288068,-0.746145016991327,484238.013325637,4977279.80329333,-1.35953328729305,10.104,3
284,1,0,accepted,0.135689942069437,-0.897656930738707,484238.37916072,4977278.39034454,-1.36560094660076,9.995,3
285,1,0,accepted,0.078676539397727,0.262683326172493,484238.713108648,4977277.11843826,-1.34883797858207,8.929,3
286,1,0,accepted,0.0565689324678687,0.159653748246778,484239.094701788,4977275.65854136,-1.35431524234415,8.409,3
287,1,0,accepted,0.0400454609199791,-0.0139691890632958,484239.458307153,4977274.22966331,-1.35995951931691,8.949,3
288,1,0,accepted,0.0489205990402133,-0.0798304782638467,484239.810551496,4977272.77338879,-1.364620134337,9.021,3
289,1,0,accepted,0.00707426379544359,-0.0675796576861173,484240.192867127,4977271.36975652,-1.3673062180663,12.138,3
290,1,0,accepted,0.0235989278160583,-0.0690777805371865,484240.504935761,4977269.91417257,-1.37087815309657,8.794,3
291,1,0,accepted,0.0206850670095897,0.0304061434957247,484240.84317291,4977268.47449805,-1.37254138947018,10.926,3
292,1,0,accepted,0.00583479103847525,-0.0172546443836157,484241.189294176,4977267.02991948,-1.37671956354913,10.354,3
293,1,0,accepted,0.031569113654,0.1077572483169,484241.502323388,4977265.62823024,-1.3782869744608,10.791,3
294,1,0,accepted,0.0338136876678317,0.120671519717316,484241.809793695,4977264.16163651,-1.38186992218786,7.493,3
295,1,0,accepted,0.0512366323015328,-0.0510218324549871,484242.120379262,4977262.6636612,-1.38781741451646,8.391,3
296,1,0,accepted,0.0682497383558552,-0.0878864446686751,484242.417081218,4977261.20373927,-1.39148099899954,8.919,3
297,1,0,accepted,0.0822163543757324,-0.109923204389651,484242.713413158,4977259.74594363,-1.39503291562879,9.552,3
298,1,0,accepted,0.0989835780231902,-0.0968875687067387,484243.000024414,4977258.29030532,-1.39811591857483,8.917,3
299,1,0,accepted,0.0806388749970909,-0.199500237275545,484243.311449861,4977256.84648948,-1.40335661786422,8.973,3
300,1,0,accepted,0.0755089425139493,-0.183178921428698,484243.606481915,4977255.41556625,-1.40628940768973,8.897,3
301,1,0,accepted,0.0747672303661377,0.0107106620468282,484243.890191798,4977253.98065467,-1.40583256838749,9.794,3
302,1,0,accepted,0.0658443262476868,0.0642212266973373,484244.179258616,4977252.55579567,-1.40821190759949,8.337,3
303,1,0,accepted,0.0374364294283609,0.0837671636223172,484244.484533257,4977251.11793868,-1.41080920464594,9.533,3
304,1,0,accepted,0.0265502818859103,0.0455230615656449,484244.769744874,4977249.68273705,-1.41466610438433,9.553,3
305,1,0,accepted,0.0242430232989719,-0.0194880383300448,484245.039948748,4977248.25459505,-1.41902482232042,8.717,3
306,1,0,accepted,0.0282152562426423,-0.0302622455014217,484245.300735676,4977246.82412905,-1.42195503783475,8.051,3
307,1,0,accepted,0.040961627649435,-0.076841333418957,484245.544434269,4977245.38437351,-1.42600199379327,7.293,3
308,1,0,accepted,0.021937964142217,-0.00696023753241281,484245.81745484,4977243.95663131,-1.42795712768083,9.517,3
309,1,0,accepted,0.0317587144308493,0.0103976073408897,484246.048207035,4977242.52190821,-1.430787337657,7.441,3
310,1,0,accepted,0.0290048543474963,0.073438758365252,484246.292458405,4977241.1041039,-1.43292520070353,9.246,3
311,1,0,accepted,0.0420889856759278,0.0299632213144111,484246.511943609,4977239.64803025,-1.43644682665935,7.676,3
312,1,0,accepted,0.0501990233355375,0.01781072129384,484246.732537869,4977238.20938178,-1.4390695377003,8.66,3
313,1,0,accepted,0.0538445969099167,-0.0353118288382182,484246.948889967,4977236.80303669,-1.44178794831543,10.452,3
314,1,0,accepted,0.0656949119383096,0.0331848584663184,484247.163676623,4977235.36797957,-1.44344661676382,10.651,3
315,1,0,accepted,0.107224948406697,-0.0195424968157268,484247.35014811,4977233.92870476,-1.44674912604214,10.607,3
316,1,0,accepted,0.0767310103151854,0.109746694758603,484247.590529539,4977232.54524065,-1.44771336783097,11.589,3
317,1,0,accepted,0.107768254352124,0.248250359261028,484247.778460908,4977231.12793714,-1.44776465747431,9.864,3
318,1,0,accepted,0.153677322766238,0.728934078813409,484247.988037405,4977229.85024648,-1.44150796821439,11.015,3
319,1,0,accepted,0.128118607439019,0.653043627268633,484248.202346018,4977228.40406477,-1.44498132814801,8.583,3
320,1,0,accepted,0.0871766111226985,-0.0297548666389696,484248.490819336,4977226.98189113,-1.45870795603428,11.118,3
321,1,0,accepted,0.0678675424762799,-0.129011210674993,484248.685889275,4977225.54460687,-1.46264840896665,9.338,3
322,1,0,accepted,0.0412088481295609,0.00512818252261564,484248.859073492,4977224.08232432,-1.46255400649115,8.181,3
323,1,0,accepted,0.0415176075876576,-0.0635986662272135,484249.047164223,4977222.63175786,-1.46598491618098,10.38,3
324,1,0,accepted,0.0518094066670185,0.0797313450929692,484249.266111951,4977221.26606677,-1.46574118076981,12.175,3
325,1,0,accepted,0.0258193414172174,-0.0297454273052645,484249.447604463,4977219.78987009,-1.46981975800327,8.473,3
326,1,0,accepted,0.0335453426683583,-0.0241562801151347,484249.638230492,4977218.3907268,-1.47151973045055,13.55,3
327,1,0,accepted,0.0619904692740987,0.200196178646082,484249.848165428,4977217.02407702,-1.46929142115292,9.927,3
328,1,0,accepted,0.0532451091663775,0.169341762435576,484250.011470868,4977215.56850956,-1.47189910433943,8.166,3
329,1,0,accepted,0.0418670969741326,0.0819515033711478,484250.180231045,4977214.11637159,-1.47424695938854,8.126,3
330,1,0,accepted,0.0336317088125496,0.0946995726473566,484250.336675042,4977212.67101805,-1.47633333039924,8.013,3
331,1,0,accepted,0.0412500164345419,0.0706447152781968,484250.488609508,4977211.22870299,-1.47824387255956,8.315,3
332,1,0,accepted,0.0643374959372791,-0.0386088871596511,484250.634925012,4977209.7665808,-1.48028451205863,8.189,3
333,1,0,accepted,0.0966029810822595,-0.00406063592918449,484250.777778465,4977208.31254765,-1.48207620595278,9.424,3
334,1,0,accepted,0.119940473705699,0.0216497622381655,484250.927344371,4977206.8622426,-1.48323527399168,11.206,3
335,1,0,accepted,0.106687912650105,0.0980046955011433,484251.122262831,4977205.41836927,-1.48277672680568,15.579,3
336,1,0,accepted,0.0930690637309311,-0.0116044534439518,484251.298250309,4977203.99033655,-1.48616659093057,10.234,3
337,1,0,accepted,0.0902219436277867,0.111090727997431,484251.425078818,4977202.58501573,-1.48580943662991,7.949,3
338,1,0,accepted,0.0230212209911662,-0.315618667767665,484251.633894607,4977201.19808866,-1.49413762602413,11.657,3
339,1,0,accepted,0.0174842224080669,-0.296565643198293,484251.794128801,4977199.7877327,-1.49589382766036,11.502,3
340,1,0,accepted,0.0431619096717868,-0.237678642562223,484251.924711292,4977198.33405895,-1.49666971991145,10.258,3
341,1,0,accepted,0.0259469313429533,-0.486592305286908,484252.08857386,4977196.93456844,-1.50267837071677,9.052,3
342,1,0,accepted,0.0428074693302058,-0.454229739571927,484252.219847735,4977195.50029045,-1.50352231154071,9.156,3
343,1,0,accepted,0.0515935172414463,-0.435221296709284,484252.358815908,4977194.05929383,-1.50460759216716,12.75,3
344,1,0,accepted,0.0761354327820181,-0.509784019839376,484252.483968618,4977192.60789824,-1.50695152382479,10.127,3
345,1,0,accepted,0.0998110461426484,-0.481508361996108,484252.60531379,4977191.16032576,-1.5075507632251,10.426,3
346,1,0,accepted,0.0954848906350654,-0.263129280418619,484252.746530389,4977189.75077625,-1.50485129058817,13.509,3
347,1,0,accepted,0.0621954587484714,-0.0341916545269127,484252.911956089,4977188.34775694,-1.50140800373964,10.103,3
348,1,0,accepted,0.0729457228073952,0.00120731672210494,484253.037526981,4977186.91783496,-1.50169990740355,10.598,3
349,1,0,accepted,0.0609587631989278,0.0446436830160879,484253.181584967,4977185.51431491,-1.50145187735373,11.115,3
350,1,0,accepted,0.0516471391574021,0.0543773707175291,484253.322994591,4977184.10687648,-1.50169073288666,11.418,3
351,1,0,accepted,0.0517971302715924,0.0280683524295469,484253.456455821,4977182.6698979,-1.50207822557019,10.838,3
352,1,0,accepted,0.0547780232877747,0.0119124347975648,484253.585523922,4977181.26301782,-1.50224194159827,10.719,3
353,1,0,accepted,0.0422634183427179,0.0451253684976485,484253.729746929,4977179.85549151,-1.50180724231471,10.485,3
354,1,0,accepted,0.0644662761118311,0.0149612499149314,484253.846039435,4977178.41924758,-1.50227202524648,8.098,3
355,1,0,accepted,0.0662807352373615,0.0393055287563485,484253.974629763,4977177.01230262,-1.50190253840816,10.439,3
356,1,0,accepted,0.0772657467299522,0.026458584841082,484254.097451706,4977175.603325,-1.50222951920638,10.928,3
357,1,0,accepted,0.0816354155895344,0.0656638303557786,484254.223064322,4977174.1882181,-1.5016624753097,9.623,3
358,1,0,accepted,0.0765198550463332,0.104715682002586,484254.349809941,4977172.75510513,-1.50108881531925,8.575,3
359,1,0,accepted,0.0627365335767175,0.126437584898434,484254.47840538,4977171.35051448,-1.5004826337456,8.094,3
360,1,0,accepted,0.0537750377289616,0.112204789459821,484254.604066337,4977169.93929325,-1.50058464697535,9.724,3
361,1,0,accepted,0.0380101384264261,0.108390443544381,484254.730491326,4977168.55564429,-1.50035494926864,8.547,3
362,1,0,accepted,0.0324896950340904,0.0923711375493778,484254.851734072,4977167.13234113,-1.50027365407213,7.864,3
363,1,0,accepted,0.0310191937777657,0.0745490961332126,484254.972230121,4977165.69841661,-1.5003146305981,8.605,3
364,1,0,accepted,0.0203563704933641,0.0196184978864493,484255.09731693,4977164.30142988,-1.5011046589422,8.173,3
365,1,0,accepted,0.0414198787126639,-0.0565457045979972,484255.202571685,4977162.8676006,-1.50187417539864,9.625,3
366,1,0,accepted,0.0306140706552805,0.0469402604247807,484255.337655318,4977161.45210756,-1.49948777286223,11.614,3
367,1,0,accepted,0.0292846005488098,0.0572967517536694,484255.458904021,4977160.03626343,-1.49862361289375,9.151,3
368,1,0,accepted,0.0320199702841422,0.0822392400616579,484255.576684175,4977158.60436131,-1.4975509442565,8.018,3
369,1,0,accepted,0.0501771028300309,0.061069023663606,484255.693641264,4977157.16944565,-1.49721913001271,7.743,3
370,1,0,accepted,0.070213920078521,0.0636443694507668,484255.813778537,4977155.73915068,-1.49642846908458,8.101,3
371,1,0,accepted,0.0986058904198944,0.0664770088801688,484255.928217344,4977154.2863018,-1.49564175066848,7.875,3
372,1,0,accepted,0.123891197218642,0.103110193275821,484256.043824206,4977152.87346815,-1.49434208336029,8.529,3
373,1,0,accepted,0.262761810551445,1.11928550551373,484256.052405555,4977151.47919885,-1.47464103846045,11.116,3
374,1,0,accepted,0.193337530378362,1.17926745166663,484256.270650503,4977150.06022639,-1.47232062117829,10.812,3
375,1,0,accepted,0.131488104105662,0.779982111873283,484256.489840559,4977148.62817608,-1.47731614902615,10.18,3
376,1,0,accepted,0.0928879068066567,0.334610740270758,484256.687647984,4977147.17638601,-1.48305776607318,10.26,3
377,1,0,accepted,0.112983393478722,-0.053485057484186,484256.883635203,4977145.78696617,-1.48848403783213,9.13,3
378,1,0,accepted,0.0372658629458543,-0.668091560271824,484257.022007844,4977144.2877621,-1.49735839276647,9.067,3
379,1,0,accepted,0.0524626745847511,-0.565135627420544,484257.149353062,4977142.84574597,-1.49414825764809,8.556,3
380,1,0,accepted,0.0739352560913262,-0.676702964185542,484257.285201341,4977141.41532914,-1.4944034400665,8.243,3
381,1,0,accepted,0.108464723972747,-0.773035590646669,484257.413551015,4977139.9617792,-1.49464944617914,7.915,3
382,1,0,accepted,0.135623515613205,-0.860852520628985,484257.544917162,4977138.55630943,-1.49468599332844,7.963,3
383,1,0,accepted,0.173810918345698,-0.864365986823556,484257.670115939,4977137.13310517,-1.49329424815111,9.494,3
384,1,0,accepted,0.0693470687241488,0.0433740430893206,484257.942903341,4977135.70860961,-1.47651822127625,12.831,3
385,1,0,accepted,0.0834407236346971,0.0708221979275607,484258.092049281,4977134.32097852,-1.47473892751637,10.938,3
386,1,0,accepted,0.101834644982386,-0.0261750454763731,484258.249732839,4977132.87925373,-1.47456117513793,8.793,3
387,1,0,accepted,0.0914007364727568,0.0548594046889548,484258.435502398,4977131.45912873,-1.47205634204027,10.544,3
388,1,0,accepted,0.0980565803008104,0.00391326137855802,484258.602676672,4977130.04473843,-1.47156623785856,8.893,3
389,1,0,accepted,0.0932250278631395,-0.0323028717602212,484258.77777325,4977128.6311437,-1.47060583217375,9.677,3
390,1,0,accepted,0.0338512853701637,-0.0435245320518006,484258.986077115,4977127.28249419,-1.46930023804097,10.71,3
391,1,0,accepted,0.0481642664318514,-0.0688377994171169,484259.143998462,4977125.87457941,-1.46822965940226,12.812,3
392,1,0,accepted,0.0684371559395171,0.0406525621460105,484259.297392071,4977124.49556979,-1.46536267839246,7.705,3
393,1,0,accepted,0.0750333457641569,-0.0165339294073177,484259.466236061,4977123.10034454,-1.46483497436892,8.726,3
394,1,0,accepted,0.0838893661254993,-0.0265181180444889,484259.635085122,4977121.69832334,-1.46366904853628,8.161,3
395,1,0,accepted,0.0948583323255935,-0.0593591734485533,484259.806023527,4977120.28194622,-1.4631121076515,8.246,3
396,1,0,accepted,0.085016226488848,-0.0907449117722159,484259.992134798,4977118.90699135,-1.46267172408855,9.887,3
397,1,0,accepted,0.0841741495294512,-0.122401964929766,484260.175733975,4977117.50129248,-1.46210784998241,9.077,3
398,1,0,accepted,0.0286713775894618,0.0189528841752096,484260.411792698,4977116.13898251,-1.45820132239317,11.062,3
399,1,0,accepted,0.0210034684703773,0.101465360859396,484260.637165161,4977114.75927246,-1.4557657849583,9.289,3
400,1,0,accepted,0.0186205312195812,0.110792349551962,484260.81320645,4977113.37449177,-1.4543910171393,8.131,3
401,1,0,accepted,0.0439864184586282,0.166802914176721,484260.989805736,4977112.00870439,-1.45176903361187,8.43,3
402,1,0,accepted,0.0551765564240227,0.120178028991579,484261.172741257,4977110.62609989,-1.45096049765478,9.389,3
403,1,0,accepted,0.0550462444203919,0.149748475501194,484261.350860199,4977109.24338337,-1.44899039374219,8.774,3
404,1,0,accepted,0.065310131245658,0.155685188144582,484261.530352035,4977107.84003423,-1.44689393979788,8.173,3
405,1,0,accepted,0.0764420564053822,0.126674982182278,484261.70719014,4977106.48738069,-1.44527343486839,8.02,3
406,1,0,accepted,0.0867740036057419,0.14564977112178,484261.889527747,4977105.1078018,-1.44268399058394,7.464,3
407,1,0,accepted,0.051304350204911,-0.133990993346315,484262.123867345,4977103.74971039,-1.44530581610556,9.364,3
408,1,0,accepted,0.0267677657387783,-0.499412459162682,484262.343226406,4977102.37321675,-1.44941978447457,9.304,3
409,1,0,accepted,0.0301461063440954,-0.657159827773754,484262.542807939,4977100.99477407,-1.45005307168409,8.227,3
410,1,0,accepted,0.0237392814866483,-0.961379546193792,484262.759797725,4977099.63246114,-1.45308292402844,9.954,3
411,1,0,accepted,0.0873522367462665,-0.750460761242383,484262.921128633,4977098.24705817,-1.44714797679375,8.928,3
412,1,0,accepted,0.100649234780057,-0.783606691359155,484263.119957765,4977096.9031049,-1.44616902940285,9.155,3
413,1,0,accepted,0.114770758032945,-0.851060920075811,484263.320630185,4977095.54716294,-1.44552658638675,8.635,3
414,1,0,accepted,0.136182465933546,-0.928470565002346,484263.517069484,4977094.20087627,-1.44458051556432,8.809,3
415,1,0,accepted,0.160012968485066,-1.01882736107583,484263.705750467,4977092.85927801,-1.44445761013029,8.678,3
416,1,0,accepted,0.191825831917812,-1.09751438660863,484263.892508094,4977091.51947916,-1.44364213680422,9.071,3
417,1,0,accepted,0.222565730353967,-1.15373282694283,484264.075923295,4977090.18665672,-1.44246428920273,8.628,3
418,1,0,accepted,0.262877147242573,-1.18796012762754,484264.253058071,4977088.87834543,-1.44140427862713,8.531,3
419,1,0,accepted,0.305123543188882,-1.27378012658972,484264.434286231,4977087.55593527,-1.44049479431011,8.685,3
420,1,0,accepted,0.33557436713221,-1.2097382591838,484264.634637072,4977086.22428518,-1.43741508157401,9.198,3
421,1,0,accepted,0.380601742134061,-1.20919792542216,484264.82276815,4977084.89406811,-1.43556585578229,9.592,3
422,1,0,accepted,0.0433800640859349,0.157613567672897,484265.379397291,4977083.67696076,-1.41008908771276,13.245,3
423,1,0,accepted,0.0507893196124503,0.189676117740144,484265.610716962,4977082.34811941,-1.40794354487094,9.091,3
424,1,0,accepted,0.0305802318828685,0.283534360455481,484265.866343917,4977081.05720944,-1.40456970996198,9.297,3
425,1,0,accepted,0.0352623194697495,-0.307985395131621,484266.167099779,4977079.71700345,-1.41334075057213,9.937,3
426,1,0,accepted,0.0376489000617732,-0.306420145326259,484266.387540993,4977078.38902937,-1.41110045760208,9.218,3
427,1,0,accepted,0.0620742983410381,-0.211593372613724,484266.60199237,4977077.05418182,-1.40835757682217,9.813,3
428,1,0,accepted,0.100098476663794,0.0412463821184811,484266.816956546,4977075.71486494,-1.40234194497321,11.08,3
429,1,0,accepted,0.117077652803377,0.172431152750142,484267.047135497,4977074.39925803,-1.39878932586287,9.445,3
430,1,0,accepted,0.0482347362671512,-0.0267015489254383,484267.360187934,4977073.10257158,-1.40048204266791,10.303,3
431,1,0,accepted,0.0316950851721712,-0.165149052991762,484267.603744803,4977071.84043539,-1.40101584453778,10.34,3
432,1,0,accepted,0.0322012820532255,-0.230680140005094,484267.853859824,4977070.5416111,-1.40039866682055,10.408,3
433,1,0,accepted,0.0440241784360146,-0.205705100963198,484268.099086842,4977069.22566217,-1.39862252238905,9.919,3
434,1,0,accepted,0.0581604353417481,-0.197113928930392,484268.347287362,4977067.90302878,-1.39664882854227,10.848,3
435,1,0,accepted,0.0792747154843665,-0.242254190228077,484268.598078885,4977066.56609893,-1.39598898266698,12.419,3
436,1,0,accepted,0.0241102915541874,0.0998367014072601,484268.927932439,4977065.27470686,-1.38806355975795,12.708,3
437,1,0,accepted,0.0362247049255351,0.0662417598641101,484269.201622854,4977063.96440224,-1.3869198591151,10.525,3
438,1,0,accepted,0.0412500944979834,-0.0347305539645231,484269.476934498,4977062.65127347,-1.38641007419321,11.644,3
439,1,0,accepted,0.0402928774855232,-0.0192078814347069,484269.7360431,4977061.33040914,-1.38421418814148,15.042,3
440,1,0,accepted,0.041728289455831,0.0190943574184877,484269.97944414,4977060.02132429,-1.38131579445582,17.822,3
441,1,0,accepted,0.0470311254854785,0.00858456426168271,484270.250601945,4977058.71929884,-1.37917268740665,17.261,3
442,1,0,accepted,0.0478933167629089,-0.0373248430428761,484270.521053179,4977057.41629478,-1.37795099874992,15.129,3
443,1,0,accepted,0.0561876641148919,-0.0435488408113911,484270.784121971,4977056.10951123,-1.37563025718704,10.514,3
444,1,0,accepted,0.0500686401795596,-0.0525499208591775,484271.068067224,4977054.83048113,-1.37383475780068,11.74,3
445,1,0,accepted,0.0581605751344716,0.00239750032627569,484271.345770364,4977053.52526108,-1.37051180652322,12.766,3
446,1,0,accepted,0.0634726868428837,0.0131370014086666,484271.627484509,4977052.22583305,-1.36737326968885,13.167,3
447,1,0,accepted,0.0762022758625693,-0.0125036713913774,484271.908593134,4977050.91646822,-1.36520199198434,11.72,3
448,1,0,accepted,0.0705193653064878,0.0452487487634078,484272.212461004,4977049.60711244,-1.36127147312094,11.366,3
449,1,0,accepted,0.0710546123550695,0.0432336125327161,484272.514884779,4977048.30682156,-1.35817107284201,13.001,3
450,1,0,accepted,0.0344281419044465,-0.290548947050205,484272.858694542,4977047.02960167,-1.36071725983792,10.635,3
451,1,0,accepted,0.0358793029421483,-0.358145622861098,484273.148946237,4977045.75091412,-1.35865340196044,9.821,3
452,1,0,accepted,0.0416666591178948,-0.463955392682501,484273.44162755,4977044.48484906,-1.35747087106455,9.546,3
453,1,0,accepted,0.0540957119213563,-0.497030609672416,484273.743120393,4977043.23892558,-1.35449253288343,10.097,3
454,1,0,accepted,0.0623409170140556,-0.436705471212837,484274.054268203,4977041.97705797,-1.35012824082235,12.025,3
455,1,0,accepted,0.0678044054164219,-0.395879876596674,484274.358100532,4977040.69081699,-1.34545048088908,10.921,3
456,1,0,accepted,0.0383022583209744,0.0107496419500751,484274.710293855,4977039.41337437,-1.33421018029055,13.976,3
457,1,0,accepted,0.0346621124966445,0.0601800639033949,484275.034666799,4977038.16302227,-1.32947784159958,11.148,3
458,1,0,accepted,0.0281179584567885,0.148057462938708,484275.371679689,4977036.91772702,-1.32373119538037,10.465,3
459,1,0,accepted,0.0290577209482066,0.211054206692132,484275.706498343,4977035.67669396,-1.31882689864485,9.284,3
460,1,0,accepted,0.0359122366551884,0.114785520434845,484276.033276168,4977034.42900201,-1.31629884396275,10.435,3
461,1,0,accepted,0.0405769858707019,0.0614115279388624,484276.376353242,4977033.16949297,-1.31301184891175,10.65,3
462,1,0,accepted,0.0471903560625462,0.0227633122529358,484276.712557154,4977031.94885438,-1.3094514721568,9.927,3
463,1,0,accepted,0.0576903100841526,-0.0454780767258607,484277.056488357,4977030.70746991,-1.30614156244475,8.669,3
464,1,0,accepted,0.0807885865829249,0.0281040103561607,484277.431513107,4977029.59168229,-1.30033220486844,12.602,3
465,1,0,accepted,0.0672612438579592,0.0871589438908119,484277.784989216,4977028.35987972,-1.29533269815283,9.617,3
466,1,0,accepted,0.0602820282605379,0.120809972922426,484278.145701095,4977027.13999068,-1.29075145120795,10.222,3
467,1,0,accepted,0.047640969163751,0.135529446676689,484278.510936995,4977025.92195584,-1.28604525553003,9.006,3
468,1,0,accepted,0.0538880402885668,0.148931530701655,484278.870101939,4977024.71064043,-1.28174569986467,8.778,3
469,1,0,accepted,0.0434191094922302,0.0277225979061371,484279.252833677,4977023.49580608,-1.27946450070174,10.102,3
470,1,0,accepted,0.0488051491662872,0.00316816570235197,484279.621144063,4977022.32711152,-1.27566265958614,9.456,3
471,1,0,accepted,0.0529065104129885,-0.0154253715283276,484279.999883899,4977021.14725793,-1.27167279933653,10.481,3
472,1,0,accepted,0.0590844558996512,-0.0237185590879453,484280.378664935,4977019.95951295,-1.26753929238567,8.468,3
473,1,0,accepted,0.0582395363922083,-0.00579752961711953,484280.766727164,4977018.77423316,-1.26290016570136,10.209,3
474,1,0,accepted,0.0414316992914854,-0.408235652264598,484281.198250968,4977017.55150053,-1.26600644804456,10.082,3
475,1,0,accepted,0.0503976398476662,-0.45464476410011,484281.596300853,4977016.36757359,-1.2627817172637,8.152,3
476,1,0,accepted,0.0608267508941244,-0.585959248645806,484281.998730441,4977015.182826,-1.26084428146935,8.044,3
477,1,0,accepted,0.0713510512693901,-0.704383052378746,484282.395956352,4977014.02524793,-1.25905908923522,9.457,3
478,1,0,accepted,0.0433769549633155,-0.436339163140077,484282.80473007,4977012.90661002,-1.25063588634184,13.655,3
479,1,0,accepted,0.0588645937718487,-0.465252093476414,484283.206958906,4977011.74525583,-1.24712779374515,11.664,3
480,1,0,accepted,0.073263185766819,-0.518335962213907,484283.614215616,4977010.58898636,-1.24400478121658,12.219,3
481,1,0,accepted,0.0861299922260047,-0.495272780474114,484284.032199095,4977009.42317965,-1.23979313291465,12.801,3
482,1,0,accepted,0.052351465814587,-0.0838192858003249,484284.499076338,4977008.2764933,-1.22883346644498,14.296,3
483,1,0,accepted,0.0482883202321022,-0.0407790419702931,484284.932484303,4977007.14680922,-1.22425674704864,11.483,3
484,1,0,accepted,0.0507967690815459,-0.060319108610877,484285.367100645,4977006.00214902,-1.22059719406234,10.89,3
485,1,0,accepted,0.059401870772533,-0.0807985066805233,484285.801684987,4977004.85808684,-1.21702243659662,10.053,3
486,1,0,accepted,0.0679895127783017,-0.101309804594973,484286.241557112,4977003.71274578,-1.21308120914208,9.414,3
487,1,0,accepted,0.059839069158832,0.00879040456802985,484286.698057228,4977002.58250595,-1.20793012213181,9.494,3
488,1,0,accepted,0.0708808636584242,0.00299566542097959,484287.139512249,4977001.44937379,-1.20389328445888,10.589,3
489,1,0,accepted,0.0820807600698111,-0.0317611436366631,484287.591816793,4977000.30408246,-1.19999134005595,10.624,3
490,1,0,accepted,0.079726329170348,0.0920254579476739,484288.050333856,4976999.1953207,-1.19539240178133,12.286,3
491,1,0,accepted,0.0981332263326371,0.116598688072054,484288.500502021,4976998.06261502,-1.19127567846587,10.236,3
492,1,0,accepted,0.0828047719780586,0.129953297729392,484288.980852469,4976996.95250323,-1.1872032380218,11.771,3
493,1,0,accepted,0.0590616399694491,0.0419230409803461,484289.473077985,4976995.84843467,-1.1849803552675,11.811,3
494,1,0,accepted,0.0537015099556177,-0.029963550436861,484289.956986494,4976994.73315096,-1.18275321475149,11.685,3
495,1,0,accepted,0.0712989603910172,-0.0720089262347826,484290.419514451,4976993.61602046,-1.17952738479524,11.468,3
496,1,0,accepted,0.070104545884049,-0.0769413933083701,484290.9048795,4976992.50226155,-1.17647886610988,10.746,3
497,1,0,accepted,0.0646216350271317,-0.0890784362351477,484291.404033966,4976991.37678092,-1.17337552066026,9.748,3
498,1,0,accepted,0.062984106538576,0.017173990386323,484291.897534195,4976990.2686741,-1.16823929888294,12.707,3
499,1,0,accepted,0.0476335616813718,0.0695249442417853,484292.407623186,4976989.16609149,-1.16358620428913,12.291,3
500,1,0,accepted,0.044524975505763,0.05603358481122,484292.908805002,4976988.07762077,-1.16024694259199,9.886,3
501,1,0,accepted,0.0339172515937544,-0.0359031113382234,484293.423589195,4976986.97782311,-1.1583746910063,10.303,3
502,1,0,accepted,0.0216451402582361,-0.106788826520137,484293.950230455,4976985.85600205,-1.15635028604302,10.249,3
503,1,0,accepted,0.0103981909859587,-0.187373346157827,484294.462387644,4976984.75568265,-1.15484106832677,8.692,3
504,1,0,accepted,0.0398334003217071,-0.280461241016275,484294.989394531,4976983.62366155,-1.15153486701416,10.453,3
505,1,0,accepted,0.055601409078231,-0.285634804783965,484295.510928703,4976982.50700303,-1.14868683769436,10.645,3
506,1,0,accepted,0.0527311516903119,0.00788215981944649,484296.064987101,4976981.42654626,-1.14033061499214,13.343,3
507,1,0,accepted,0.0587959934004272,0.149422085579167,484296.600729032,4976980.32637747,-1.13543512769949,11.879,3
508,1,0,accepted,0.0550562982923042,0.179359339398961,484297.128038756,4976979.23750156,-1.13258960252462,12.846,3
509,1,0,accepted,0.0445782981869437,0.146549967027495,484297.653801823,4976978.15606759,-1.13095866576707,10.54,3
510,1,0,accepted,0.0196485346324476,0.0645499770362403,484298.163087676,4976977.08998296,-1.13050750934347,11.335,3
511,1,0,accepted,0.0210281070977822,0.0575813064540119,484298.682148855,4976975.99162809,-1.12851988332519,11.016,3
512,1,0,accepted,0.0506715633251708,0.126341892364374,484299.194066268,4976974.91714497,-1.12574205922139,9.437,3
513,1,0,accepted,0.0515310469728964,0.103974707982294,484299.72982459,4976973.82001524,-1.12472986533643,11.592,3
514,1,0,accepted,0.0564440731894267,0.102941855391411,484300.265668842,4976972.71959919,-1.12368685811566,11.968,3
515,1,0,accepted,0.0501826986276248,0.0357081860908814,484300.821064627,4976971.58350287,-1.12405926686812,12.903,3
516,1,0,accepted,0.0465216754836636,0.0199249252235894,484301.363001821,4976970.49135441,-1.1241342758487,14.201,3
517,1,0,accepted,0.028557206915524,-0.100441082290333,484301.932311403,4976969.38737962,-1.12630641777165,12.784,3
518,1,0,accepted,0.0339378277582908,-0.117908046395975,484302.478187438,4976968.27737007,-1.12643340901332,13.555,3
519,1,0,accepted,0.045490784726385,-0.0526036687879265,484303.017387398,4976967.16769044,-1.12520216685885,15.806,3
520,1,0,accepted,0.048294274184434,0.0118864996639841,484303.563397725,4976966.06760113,-1.12417762800673,15.603,3
521,1,0,accepted,0.0505592968606087,0.0473050608914797,484304.108310249,4976964.96958366,-1.12407986671901,15.003,3
522,1,0,accepted,0.0450175443878076,0.0843818963441646,484304.664396509,4976963.87139373,-1.12474560682017,14.745,3
523,1,0,accepted,0.042123011745536,0.070513028562171,484305.215802594,4976962.77454233,-1.12582004496582,14.484,3
524,1,0,accepted,0.0395535998433883,0.0639554322471125,484305.768938238,4976961.67226469,-1.12731851689874,17.649,3
525,1,0,accepted,0.0524434186357232,0.0800650436556296,484306.3045491,4976960.5869607,-1.12867926543128,18.743,3
526,1,0,accepted,0.0544031041421916,-0.0130183348157437,484306.845889173,4976959.4833175,-1.13080625666154,16.166,3
527,1,0,accepted,0.0516414600403524,-0.00468587603240292,484307.396698228,4976958.3884411,-1.13277056929483,16.028,3
528,1,0,accepted,0.0533195862837822,-0.0125620522930034,484307.94397283,4976957.27518228,-1.1344808533198,13.016,3
529,1,0,accepted,0.0481739166843102,0.00700494382752557,484308.478270507,4976956.16949017,-1.13638251858497,15.24,3
530,1,0,accepted,0.0408597973228541,-0.0317153420857911,484309.025774447,4976955.06333153,-1.13991832333617,15.632,3
531,1,0,accepted,0.0367907790999128,-0.0475354918279057,484309.56641181,4976953.94896203,-1.14321610987944,12.803,3
532,1,0,accepted,0.0286709436513363,0.0396651796744917,484310.097881729,4976952.82006917,-1.14492759243213,13.355,3
533,1,0,accepted,0.0253806636070197,0.082265738257434,484310.639268983,4976951.68756422,-1.14802712015206,14.553,3
534,1,0,accepted,0.0228422774245358,0.101709781332756,484311.169986219,4976950.57521334,-1.15174883229043,12.828,3
535,1,0,accepted,0.016064361816793,0.116768467577172,484311.699943398,4976949.46297074,-1.1551257183928,13.959,3
536,1,0,accepted,0.010063698609137,0.0669576604669486,484312.217561924,4976948.35472893,-1.15949843502163,12.042,3
537,1,0,accepted,0.00998622172094204,0.0782943928566614,484312.730213591,4976947.24660249,-1.16320337300884,13.327,3
538,1,0,accepted,0.00416241462793379,0.0400673579774932,484313.227706194,4976946.12048134,-1.1670423255596,10.657,3
539,1,0,accepted,0.00741449260161085,0.076565488281414,484313.724403719,4976944.98594335,-1.17016037198544,11.393,3
540,1,0,accepted,0.0128239145673342,0.177377976823313,484314.222486432,4976943.8543206,-1.17258692442718,12.889,3
541,1,0,accepted,0.0130079347404574,0.192424255652622,484314.715861166,4976942.72561582,-1.17602179341939,11.08,3
542,1,0,accepted,0.0203839462810353,0.209856272516442,484315.19057162,4976941.6135887,-1.17960699469062,10.961,3
543,1,0,accepted,0.0353065225166349,0.166834478635901,484315.674396879,4976940.44930242,-1.1838500144515,9.161,3
544,1,0,accepted,0.0421315431647491,0.159307871393892,484316.147921157,4976939.31897037,-1.18745068613956,9.278,3
545,1,0,accepted,0.0527394392596996,0.152519337598681,484316.615697188,4976938.18555009,-1.19102255598548,9.309,3
546,1,0,accepted,0.15130282841934,0.61086030452108,484316.986370676,4976937.05268753,-1.18675061571721,13.909,3
547,1,0,accepted,0.177636363005555,0.732197257739292,484317.42941122,4976935.91801026,-1.18822436906475,11.408,3
548,1,0,accepted,0.191855057320222,0.794011914991509,484317.879199839,4976934.78443076,-1.19074643729055,9.671,3
549,1,0,accepted,0.208909319277211,0.854566623726721,484318.329173392,4976933.63612381,-1.19342974172565,10.028,3
550,1,0,accepted,0.206506823737029,0.832799311592986,484318.78170595,4976932.50966232,-1.19738963251856,10.066,3
551,1,0,accepted,0.17796744431401,0.707315088248192,484319.263799406,4976931.36730882,-1.20373528534739,10.436,3
552,1,0,accepted,0.182923164729716,0.818068399029598,484319.709420357,4976930.21104997,-1.20550717577078,10.967,3
553,1,0,accepted,0.167073842473847,0.863391593307625,484320.170202709,4976929.05336241,-1.20842018322653,10.209,3
554,1,0,accepted,0.0895023196538953,0.553085285269294,484320.6907323,4976927.91143538,-1.21762444702252,12.393,3
555,1,0,accepted,0.0663433866107137,0.453178887568484,484321.150318554,4976926.76754093,-1.22293088999418,9.684,3
556,1,0,accepted,0.0407004330448384,0.334787914841265,484321.600613848,4976925.63145466,-1.22837995066892,9.499,3
557,1,0,accepted,0.0255628602264806,0.309497524933873,484322.045370841,4976924.47053421,-1.2326323182256,10.097,3
558,1,0,accepted,0.0210883699703783,0.486936754384256,484322.482324268,4976923.29235718,-1.23326158141574,10.705,3
559,1,0,accepted,0.039277145910003,0.201283410919393,484322.931629012,4976922.10187737,-1.24168690126095,10.341,3
560,1,0,accepted,0.0387100202685342,0.14527041814044,484323.35575899,4976920.94367078,-1.24656237505044,10.676,3
561,1,0,accepted,0.0311570065364029,0.0496087088449284,484323.764846462,4976919.79430177,-1.25168807677337,10.595,3
562,1,0,accepted,0.0278537441491898,-0.0061873854671451,484324.176031033,4976918.62860948,-1.25603271168654,9.411,3
563,1,0,accepted,0.0236165899105025,-0.0434408636613666,484324.56881941,4976917.47687005,-1.26054191918354,24.592,3
564,1,0,accepted,0.0246809038093912,-0.0540162425246467,484324.957469487,4976916.30246491,-1.26395203619575,11.33,3
565,1,0,accepted,0.0337345412149119,-0.0826255940954711,484325.342578515,4976915.13196447,-1.26780344745923,10.198,3
566,1,0,accepted,0.0283719208866478,-0.0736652067683525,484325.733071565,4976913.97016197,-1.27073397248509,19.674,3
567,1,0,accepted,0.0389582047446022,-0.0703939455282698,484326.098044941,4976912.79197418,-1.27408690524749,18.895,3
568,1,0,accepted,0.0759160304136674,0.151491884590329,484326.436919109,4976911.62036426,-1.27342606753824,12.159,3
569,1,0,accepted,0.0942403608038278,0.232608038233491,484326.796658953,4976910.4526241,-1.27525491189079,11.709,3
570,1,0,accepted,0.0933663272246788,0.273548551218743,484327.170664102,4976909.29214719,-1.27752820739584,12.86,3
571,1,0,accepted,0.106425100325162,0.324238338051992,484327.528848408,4976908.12516252,-1.27966709408813,10.533,3
572,1,0,accepted,0.08248079245898,0.093565699493126,484327.925023562,4976906.94749212,-1.2866968334646,12.052,3
573,1,0,accepted,0.0406868056344601,-0.0677912294304584,484328.332029569,4976905.77856801,-1.29239712668298,13.088,3
574,1,0,accepted,0.0336325902320891,-0.12578893297726,484328.70237187,4976904.60142273,-1.29614945477556,14.923,3
575,1,0,accepted,0.0271163464149385,-0.148605756952685,484329.065687201,4976903.43869687,-1.29927462756486,11.873,3
576,1,0,accepted,0.0542132299085696,-0.0975838984087278,484329.395346667,4976902.28502377,-1.30094979601904,11.502,3
577,1,0,accepted,0.0472905691319748,-0.158280128817116,484329.750055268,4976901.08819224,-1.30456852011814,12.658,3
578,1,0,accepted,0.0688803116421477,-0.115546577435009,484330.07686635,4976899.91459038,-1.30583116640958,11.32,3
579,1,0,accepted,0.0905719085335564,0.00189739875333583,484330.401583825,4976898.72770107,-1.30609563495013,11.132,3
580,1,0,accepted,0.0376670471762663,-0.0269595145800555,484330.798783822,4976897.56924511,-1.30823932838595,12.674,3
581,1,0,accepted,0.0232594451523469,0.195030641163825,484331.17043808,4976896.39866257,-1.30587441837854,14.392,3
582,1,0,accepted,0.038281763231271,0.288146377871058,484331.515725806,4976895.22536556,-1.30572087490933,16.82,3
583,1,0,accepted,0.0479102528059422,0.307407941339591,484331.845911375,4976894.07906553,-1.30745285311944,13.612,3
584,1,0,accepted,0.0578991713236709,0.262419713298425,484332.192135232,4976892.90735766,-1.3097569351322,12.605,3
585,1,0,accepted,0.0630981372079438,0.28400492661312,484332.523785055,4976891.7358048,-1.31105210265752,10.701,3
586,1,0,accepted,0.0418124361591842,0.286083351461142,484332.846278357,4976890.53527057,-1.31252051933458,12.019,3
587,1,0,accepted,0.0354382912555543,0.206469330263411,484333.170327073,4976889.3492089,-1.31530350768774,10.806,3
588,1,0,accepted,0.030566493541705,0.126988215694573,484333.486894963,4976888.16672637,-1.31817118448641,8.569,3
589,1,0,accepted,0.0296336679028343,0.0200489503148268,484333.79420719,4976886.9633681,-1.32136333540204,9.555,3
590,1,0,accepted,0.0428735869109177,-0.0589844039858618,484334.105402788,4976885.78949907,-1.32425948642955,8.309,3
591,1,0,accepted,0.0593508045200604,-0.104079662526667,484334.411647237,4976884.61208776,-1.32649829034208,8.371,3
592,1,0,accepted,0.0805800564260339,-0.155513003455516,484334.711972585,4976883.43070073,-1.32885348014136,8.104,3
593,1,0,accepted,0.100436875301359,-0.194676822411524,484335.012202626,4976882.25125456,-1.33087640494448,8.11,3
594,1,0,accepted,0.119217769107819,-0.213775194722288,484335.309142825,4976881.0834093,-1.33275909337812,7.882,3
595,1,0,accepted,0.138510726296698,-0.218709888524942,484335.606420577,4976879.90500095,-1.33438114311693,8.038,3
596,1,0,accepted,0.15942469880627,-0.222737339204396,484335.895745082,4976878.73890701,-1.33601762093832,8.021,3
597,0,1,acceptedDirectional,0.222729559435938,0.0488642491449813,484336.149162922,4976877.56086745,-1.33277378094607,20.658,2
598,0,1,acceptedDirectional,0.253902148082063,-0.0321531748432203,484336.444618046,4976876.40263707,-1.3351623164597,8.939,2
599,1,0,accepted,0.460452876563158,2.2111217223882,484336.571427171,4976875.44473812,-1.29728755087314,10.219,3
600,1,0,accepted,0.214000217502864,1.17991407632987,484337.145166673,4976874.26665666,-1.31697294490392,8.723,3
601,1,0,accepted,0.147108591356556,0.807962640100836,484337.531405679,4976873.10249239,-1.32501079466222,8.366,3
602,0,0,notConverged,0.163826188795601,0.795465555671523,484337.822580893,4976871.95814917,-1.32689253007234,11.569,2
603,0,1,acceptedDirectional,0.170339057741741,0.922986775590861,484338.139603554,4976870.84803825,-1.3265070200786,9.544,2
604,0,1,acceptedDirectional,0.183750862511351,0.910476860719793,484338.419202493,4976869.68734617,-1.32882827671588,8.954,2
605,1,0,accepted,0.0390919563646247,-0.498917934959645,484338.938033675,4976868.51446782,-1.35516435525277,8.589,3
606,1,0,accepted,0.00456952871206178,-0.497601467814633,484339.205660367,4976867.36931156,-1.35735989133075,7.51,3
607,1,0,accepted,0.0367771918607296,-0.541447913703414,484339.473767367,4976866.21580088,-1.36068467630836,7.908,3
608,1,0,accepted,0.0480755242080997,-0.532789891463362,484339.734153407,4976865.08346471,-1.36306416753026,7.548,3
609,1,0,accepted,0.0560126519156233,-0.639470404432491,484339.997908359,4976863.95640358,-1.36765451190236,8.094,3
610,1,0,accepted,0.0477404064519002,-0.807305009332453,484340.278180309,4976862.82007061,-1.3738043685306,8.613,3
611,1,0,accepted,0.0484036774201662,-1.01241487972293,484340.550789476,4976861.6708087,-1.38086294349658,8.593,3
612,1,0,accepted,0.0695568817778807,-1.22286558803561,484340.79560218,4976860.59773969,-1.3879928883657,8.691,3
613,1,0,accepted,0.0722046817907901,-0.99899719340666,484341.045895747,4976859.46814958,-1.38811751484992,11.016,3
614,1,0,accepted,0.0915139551448032,-1.03811440301723,484341.286098496,4976858.33141812,-1.39332949415285,8.594,3
615,1,0,accepted,0.119744796556409,-1.00276097303057,484341.513380261,4976857.18906152,-1.39819021137775,7.891,3
616,1,0,accepted,0.0513412112244635,-0.133532554780948,484341.807256837,4976856.11221525,-1.3893545629733,9.147,3
617,1,0,accepted,0.0501705195367139,-0.105850911032074,484342.042316695,4976854.99362376,-1.39571432157927,8.34,3
618,1,0,accepted,0.048899863747852,-0.0909739631567125,484342.275152624,4976853.85231276,-1.40260678155973,8.406,3
619,1,0,accepted,0.0521054950071303,-0.0286858302855573,484342.489175507,4976852.73164378,-1.40960446525081,7.627,3
620,1,0,accepted,0.0494516110839111,0.0168633432635642,484342.704533445,4976851.62574003,-1.41691460943423,8.841,3
621,1,0,accepted,0.051410318236092,0.0724167802188352,484342.913130189,4976850.52663584,-1.42489526194498,7.65,3
622,1,0,accepted,0.0647991574357585,0.145186341387713,484343.108360186,4976849.41508571,-1.43355708539052,8.691,3
623,1,0,accepted,0.069233688717975,0.28869454290521,484343.305673514,4976848.30291029,-1.44258341272726,9.163,3
624,1,0,accepted,0.067213048529237,0.325226488349206,484343.488520568,4976847.17245229,-1.45357252672259,7.721,3
625,1,0,accepted,0.0630924968022046,0.391222653772822,484343.663541028,4976846.0344654,-1.46458620045772,8.156,3
626,0,1,acceptedDirectional,0.0772444971290203,0.504138557139502,484343.789369766,4976844.89697096,-1.47484022433174,10.657,2
627,0,1,acceptedDirectional,0.0803018982443645,0.471024049938181,484343.921459557,4976843.75045231,-1.48741054863852,8.438,2
628,0,1,acceptedDirectional,0.0625868865438742,0.331374641365345,484344.05271059,4976842.62766126,-1.5018861812564,10.254,2
629,0,1,acceptedDirectional,0.10522262874112,0.561030765465143,484344.10384934,4976841.48573027,-1.51034328516628,10.024,2
630,1,0,accepted,0.121125304422649,0.551867051711539,484344.179536957,4976840.37417077,-1.52221380422626,8.795,3
631,1,0,accepted,0.155998846379081,0.726012873482996,484344.221479881,4976839.25730094,-1.5316803458002,9.788,3
632,1,0,accepted,0.0249475103855147,0.292741554089399,484344.405201136,4976838.07878956,-1.55185044151788,12.078,3
633,1,0,accepted,0.0324904973768629,0.253397078897228,484344.44498399,4976836.95362296,-1.56352010316648,10.048,3
634,1,0,accepted,0.0397848039436496,0.277965025919793,484344.468385846,4976835.83720357,-1.57442008120855,10.598,3
635,1,0,accepted,0.0420733630795424,0.255428005983244,484344.479271258,4976834.70495677,-1.58502263682508,9.996,3
636,0,1,acceptedDirectional,0.0469927770572063,0.27064209755175,484344.488114649,4976833.58359788,-1.59424408642338,10.613,2
637,0,1,acceptedDirectional,0.0483522414134496,0.256769884048883,484344.475361774,4976832.45088791,-1.60295228673686,9.24,2
638,1,0,accepted,0.0329664189204662,0.192517845932247,484344.459514124,4976831.29502535,-1.61129825848865,9.908,3
639,1,0,accepted,0.0503006119601127,0.25004660520022,484344.415677558,4976830.16700231,-1.61644046549887,10.407,3
640,1,0,accepted,0.0395332048951676,0.0595639736352525,484344.386171683,4976828.9987022,-1.62509155153488,10.103,3
641,1,0,accepted,0.0414556238130514,0.0374590163450114,484344.344455618,4976827.86614032,-1.63048576318251,8.285,3
642,1,0,accepted,0.0177222523351522,-0.23465900768633,484344.324329432,4976826.72247515,-1.6400106142188,10.423,3
643,1,0,accepted,0.0169344215533846,-0.319603129793336,484344.27178551,4976825.58171009,-1.64609899942447,9.495,3
644,1,0,accepted,0.0199659158906936,-0.411047284920658,484344.212101972,4976824.43311324,-1.65155080957948,9.445,3
645,1,0,accepted,0.0654467653270748,-0.090264883833776,484344.110428947,4976823.25297497,-1.64951246075835,9.107,3
646,1,0,accepted,0.0342110433235023,-0.133134552472378,484344.064470414,4976822.1327224,-1.65390960093143,11.875,3
647,1,0,accepted,0.0388250961928197,-0.149041097723856,484343.98908048,4976820.97866271,-1.65766672957062,9.452,3
648,1,0,accepted,0.050147621137202,-0.0359061949198154,484343.904044689,4976819.81716521,-1.65868395557546,11.819,3
649,1,0,accepted,0.0237346885847803,0.173297867523322,484343.857403218,4976818.65139274,-1.65736919907593,12.315,3
650,1,0,accepted,0.0248232251656734,0.140417337782209,484343.769059678,4976817.48623128,-1.65959287648043,9.908,3
651,1,0,accepted,0.0282321681974869,0.10769183528653,484343.677271703,4976816.31773092,-1.66177237013706,10.811,3
652,1,0,accepted,0.0215898272770491,0.0118913939879755,484343.59231114,4976815.15267469,-1.66402237753254,11.45,3
653,1,0,accepted,0.027105672764027,-0.0470047781108153,484343.490854958,4976813.98005563,-1.66557344922386,8.501,3
654,1,0,accepted,0.045522948487363,-0.14955414252621,484343.381129841,4976812.81585924,-1.66785508017408,11.315,3
655,1,0,accepted,0.0246394119809998,0.00494380409094277,484343.309351893,4976811.63015877,-1.66562243554102,11.571,3
656,1,0,accepted,0.0300521836449217,0.0172822437355762,484343.210115768,4976810.44365049,-1.66586724275416,7.953,3
657,1,0,accepted,0.0508836731498092,-0.0353273492366525,484343.096189998,4976809.26162263,-1.66693699046995,8.083,3
658,1,0,accepted,0.0583090839083958,0.0150344543975715,484342.992177629,4976808.05752468,-1.66628221427917,8.356,3
659,1,0,accepted,0.138695021918597,0.38866162299929,484342.825732252,4976806.90328368,-1.65999619853744,9.564,3
660,1,0,accepted,0.171931297862112,0.630319330344929,484342.696304755,4976805.71281505,-1.65621630652631,9.466,3
661,1,0,accepted,0.114644342083315,0.0847898435908842,484342.650299439,4976804.48360222,-1.66604179785066,11.114,3
662,1,0,accepted,0.0957587243876502,-0.135645895473158,484342.569600133,4976803.26880235,-1.6704117722714,9.659,3
663,1,0,accepted,0.109882298445525,-0.208239343874354,484342.459126342,4976802.06887622,-1.67259858890843,8.583,3
664,1,0,accepted,0.15267921375425,-0.233809806505956,484342.320905292,4976800.87225759,-1.67316930032347,7.58,3
665,1,0,accepted,0.145187042838465,-0.368765729530498,484342.223036149,4976799.63639408,-1.67627598552625,8.828,3
666,1,0,accepted,0.147910270542133,-0.313444348363036,484342.117597599,4976798.3945143,-1.67604927389221,9.113,3
667,1,0,accepted,0.182284622735751,-0.22539238747775,484341.983530764,4976797.15437916,-1.67550614582694,7.991,3
668,1,0,accepted,0.216706477250085,-0.227089253130031,484341.849729993,4976795.91521847,-1.67632742317718,8.221,3
669,1,0,accepted,0.154566700494265,-1.1050101397455,484341.89460872,4976794.58404286,-1.69239173782895,11.041,3
670,1,0,accepted,0.0821918696431225,-0.459700753900101,484341.787447621,4976793.45113253,-1.68150397255834,10.422,3
671,1,0,accepted,0.0346317259639544,-0.734580796442747,484341.724009939,4976792.2837187,-1.68671107045896,9.278,3
672,1,0,accepted,0.0147704274014624,-0.351475320231982,484341.631454576,4976791.04365877,-1.68076674540463,12.661,3
673,1,0,accepted,0.0278556378578722,-0.288210221539669,484341.512051833,4976789.8013448,-1.68039282383453,8.337,3
674,1,0,accepted,0.0344589156388175,-0.22683809424055,484341.396975887,4976788.57460684,-1.67987636226784,7.721,3
675,1,0,accepted,0.0510498934725595,-0.229108195233116,484341.270422231,4976787.3441475,-1.68022172887819,8.368,3
676,1,0,accepted,0.0616968792956928,-0.278808375576361,484341.148304157,4976786.12132221,-1.68150367615323,8.349,3
677,1,0,accepted,0.0794452975583224,-0.320197602668532,484341.020067207,4976784.87940113,-1.68283879137646,9.446,3
678,1,0,accepted,0.094210018116251,-0.308105634406522,484340.894280646,4976783.63759322,-1.68336287221341,8.131,3
679,1,0,accepted,0.113866142345403,-0.341531719430466,484340.761498464,4976782.38235338,-1.68453612559358,9.161,3
680,1,0,accepted,0.0515182281033167,-0.104283222548572,484340.713982029,4976781.16127608,-1.68122764745381,13.829,3
681,1,0,accepted,0.0352340516829141,0.120554058900916,484340.670723753,4976779.89943845,-1.67751637894937,10.858,3
682,1,0,accepted,0.0300279936394471,0.0111054992712145,484340.556616372,4976778.66193259,-1.68012513871299,9.332,3
683,1,0,accepted,0.0247784753248906,-0.0127926965505041,484340.440695339,4976777.42493501,-1.68076999049761,9.824,3
684,1,0,accepted,0.0197541311713532,-0.0233477694147911,484340.319920995,4976776.18784022,-1.68137088154659,9.348,3
685,1,0,accepted,0.016717735678353,-0.00172393503456017,484340.185978664,4976774.95446021,-1.68109694511855,7.827,3
686,1,0,accepted,0.0370446323635658,-0.0771222420599325,484340.083849713,4976773.71299512,-1.68262342478284,9.274,3
687,1,0,accepted,0.0299159648821801,-0.015127764762419,484339.943153212,4976772.48278757,-1.68182816597992,8.077,3
688,1,0,accepted,0.035517368215091,-0.0087436606726589,484339.816821976,4976771.23378788,-1.68210364912794,7.023,3
689,1,0,accepted,0.0411213836654336,-0.00162775427105743,484339.687183427,4976769.98482322,-1.68218710363696,8.094,3
690,1,0,accepted,0.0319415167039327,-0.102327410064166,484339.572261095,4976768.72103875,-1.68416775408479,9.807,3
691,1,0,accepted,0.0425844465519113,-0.0785238838988878,484339.431772687,4976767.46025734,-1.68407826103874,9.248,3
692,1,0,accepted,0.0497847367012839,-0.119539129397879,484339.299668269,4976766.19875495,-1.68465563292439,9.541,3
693,1,0,accepted,0.0506461305141417,-0.123803847959813,484339.175059806,4976764.95434835,-1.68494517590914,9.966,3
694,1,0,accepted,0.0455009672996465,-0.124187647532737,484339.055817518,4976763.69149025,-1.68551944456151,10.274,3
695,1,0,accepted,0.0320610777682466,-0.28891421296666,484338.952141454,4976762.45069583,-1.6892946536585,8.098,3
696,1,0,accepted,0.0313778270501798,-0.377146433009304,484338.825665719,4976761.17831556,-1.6916447388348,7.889,3
697,1,0,accepted,0.0465175209011931,-0.417556408932406,484338.691894756,4976759.90858499,-1.69292075715,7.483,3
698,1,0,accepted,0.066704346033473,-0.460563052677934,484338.552439903,4976758.65267591,-1.69433897490842,7.466,3
699,1,0,accepted,0.0772725981190908,-0.556210077352748,484338.415470244,4976757.39602878,-1.69678762822468,7.326,3
700,1,0,accepted,0.0928224009765527,-0.55872080589493,484338.277751273,4976756.16463366,-1.69779233062529,7.171,3
701,1,0,accepted,0.110895088013157,-0.563830431243517,484338.135852017,4976754.92064486,-1.69859975036502,7.231,3
702,1,0,accepted,0.124166107525348,-0.577903338108413,484337.996534999,4976753.67780859,-1.69970221484056,7.082,3
703,1,0,accepted,0.143464568581887,-0.610169132469346,484337.851297198,4976752.43094323,-1.70065894452143,7.598,3
704,1,0,accepted,0.155707352267249,-0.491655793964854,484337.711925916,4976751.18135538,-1.69982298446691,7.672,3
705,1,0,accepted,0.0119382327277649,0.191478230108493,484337.744252544,4976749.98170583,-1.68815739836677,10.982,3
706,1,0,accepted,0.00763294138230913,0.151431250199136,484337.604492613,4976748.74892988,-1.68935092462153,8.711,3
707,1,0,accepted,0.0173156957811826,0.15349782311763,484337.459436854,4976747.5126573,-1.69028534454068,7.328,3
708,1,0,accepted,0.0280934097352606,0.156422676497813,484337.315416128,4976746.27532366,-1.69112870597216,7.457,3
709,0,1,acceptedDirectional,0.0347469703410548,0.165426022597289,484337.175193203,4976745.04730446,-1.69181998117156,8.909,2
710,0,1,acceptedDirectional,0.0452534571974141,0.171553605159366,484337.029004977,4976743.81690519,-1.69311189808215,8.929,2
711,1,0,accepted,0.0335892354945902,0.00193693314298506,484336.910401403,4976742.56342256,-1.69787665806541,8.113,3
712,1,0,accepted,0.0395245432710326,-0.0401098872845388,484336.766618618,4976741.31925654,-1.70070036804064,8.42,3
713,1,0,accepted,0.0320935602063165,-0.0614735847084973,484336.628258745,4976740.12164674,-1.70402056068108,8.317,3
714,1,0,accepted,0.0187865019338022,-0.298084596332719,484336.506179896,4976738.89290868,-1.71052089844355,8.901,3
715,1,0,accepted,0.0237408728136942,-0.331309217211557,484336.353611189,4976737.65079392,-1.71486480255042,8.823,3
716,1,0,accepted,0.0094882754397726,-0.389066639522995,484336.220103835,4976736.4375934,-1.71989518739178,10.5,3
717,1,0,accepted,0.0329069061041585,-0.0570196575830419,484336.040739158,4976735.2516178,-1.71879599397775,9.252,3
718,1,0,accepted,0.0344648537450023,-0.00159180511655989,484335.879400903,4976734.02479086,-1.72330944304622,8.726,3
719,1,0,accepted,0.0305746619136805,-0.0228494523392801,484335.721665507,4976732.80194075,-1.72940660614689,8.954,3
720,1,0,accepted,0.0462447950987947,-0.0299818334430057,484335.549284186,4976731.62324456,-1.73590724761954,7.512,3
721,1,0,accepted,0.0343372353725119,-0.0826142124246039,484335.382211658,4976730.40952353,-1.74281513419979,7.754,3
722,1,0,accepted,0.0214536439787731,0.012602568982997,484335.219825558,4976729.2063006,-1.74701283123513,9.779,3
723,1,0,accepted,0.0277984259913284,-0.130718693247165,484335.013402429,4976727.96452653,-1.75553917058509,7.558,3
724,1,0,accepted,0.03219918269989,-0.0887402949020728,484334.817836154,4976726.75992859,-1.76106961555096,8.094,3
725,1,0,accepted,0.0406952266086627,-0.0662924865127864,484334.602086322,4976725.57151802,-1.76734943772516,9.762,3
726,1,0,accepted,0.0488305181038517,-0.0177621227823027,484334.388594089,4976724.38502319,-1.77325107031068,10.695,3
727,1,0,accepted,0.0503482774096168,-0.0116914866699348,484334.162184704,4976723.18748086,-1.7792490117252,10.141,3
728,1,0,accepted,0.050655685119036,0.0438715457951154,484333.932204673,4976722.01109162,-1.78465639804769,9.303,3
729,1,0,accepted,0.0525820743795644,0.0925999034160149,484333.694324387,4976720.85152584,-1.79022111762679,8.252,3
730,1,0,accepted,0.0489561021589093,0.0793258996296982,484333.457486213,4976719.69411046,-1.7953184627922,7.44,3
731,1,0,accepted,0.0551555766058061,0.154540579616643,484333.204235072,4976718.53032307,-1.80032071079183,7.633,3
732,1,0,accepted,0.0690279389333514,0.14650923297155,484332.936396301,4976717.35460244,-1.80545515510528,8.114,3
733,1,0,accepted,0.0480766882025339,0.119433944242898,484332.696641638,4976716.18610197,-1.81067909590718,7.734,3
734,1,0,accepted,0.0253009484146986,0.0646501298267168,484332.459505743,4976715.03066474,-1.81614033056805,10.312,3
735,1,0,accepted,0.00591309226116212,-0.0124297369824936,484332.223106938,4976713.88287244,-1.82127965878408,10.06,3
736,1,0,accepted,0.00936168005675315,-0.0451329224705461,484331.940561413,4976712.71830665,-1.82544313882279,11.784,3
737,1,0,accepted,0.0184650265474426,-0.0142547816103982,484331.656290867,4976711.57873679,-1.82821998673547,13.98,3
738,1,0,accepted,0.0350778137141523,0.0499542483116348,484331.364346542,4976710.43988499,-1.83042820645653,12.162,3
739,1,0,accepted,0.0319430091936073,0.00723380528907961,484331.093538214,4976709.31085472,-1.83416923772991,11.682,3
740,1,0,accepted,0.0478383225680266,0.0761011083026045,484330.798418476,4976708.15859537,-1.83554004749648,10.866,3
741,1,0,accepted,0.0591069393037701,0.124355655964925,484330.504307766,4976707.02705602,-1.83668632146435,10.884,3
742,1,0,accepted,0.0570065188032187,0.111852850678268,484330.220798633,4976705.90107482,-1.83882962848015,10.323,3
743,1,0,accepted,0.0555629007386412,0.103786113046839,484329.934558819,4976704.77853532,-1.84026242487619,10.65,3
744,1,0,accepted,0.0577747271837352,0.1039218379339,484329.645673016,4976703.66546314,-1.84137617973544,10.866,3
745,1,0,accepted,0.0509426997222083,-0.000548420356092437,484329.368823538,4976702.55481061,-1.84439253895535,10.34,3
746,1,0,accepted,0.0553222116579195,0.0292946137126361,484329.069302124,4976701.41864337,-1.84499619593041,9.748,3
747,1,0,accepted,0.0564767471754811,0.0495226042627344,484328.778610428,4976700.29774435,-1.84559223769573,9.865,3
748,1,0,accepted,0.0390013164689815,-0.30975146032565,484328.514640745,4976699.15464818,-1.85251024873987,8.945,3
749,1,0,accepted,0.0618326693653006,-0.0401520344776459,484328.196294635,4976698.04704609,-1.84878576741106,8.872,3
750,1,0,accepted,0.0517926413688422,-0.0445732667992019,484327.906791038,4976696.96548888,-1.84904593120794,9.317,3
751,1,0,accepted,0.0545458318103874,-0.0133984480985661,484327.610161494,4976695.86399099,-1.84905770119356,8.712,3
752,1,0,accepted,0.0504254716689963,0.0192247952211068,484327.320287044,4976694.75637941,-1.84928018950119,9.285,3
753,1,0,accepted,0.0237094834067295,0.0568780396420697,484327.054773514,4976693.67169828,-1.84865886359814,10.532,3
754,1,0,accepted,0.0156077051737776,0.0883109494061868,484326.769517619,4976692.57605486,-1.84906457316579,9.045,3
755,1,0,accepted,0.0155678115555872,0.084524777332216,484326.476995434,4976691.48275793,-1.84937981089597,8.67,3
756,1,0,accepted,0.0144097412843201,0.0726436416907244,484326.187361004,4976690.40060283,-1.84992781993994,8.102,3
757,1,0,accepted,0.0227090452395774,0.0386937643230342,484325.890451065,4976689.32230224,-1.8506607475618,7.807,3
758,1,0,accepted,0.0344241445947863,0.0624288912280658,484325.587312473,4976688.23511479,-1.85078596804056,8.255,3
759,1,0,accepted,0.0423038239957248,0.065674137005232,484325.288734553,4976687.15299414,-1.85023158397881,8.196,3
760,1,0,accepted,0.0408770467741732,0.0858869515792134,484325.003875567,4976686.08497902,-1.84842348289223,9.508,3
761,1,0,accepted,0.0413351596454506,0.111026623957494,484324.715976024,4976685.00663272,-1.84660961221719,9.265,3
762,1,0,accepted,0.0353533389445904,0.082384452583689,484324.437336367,4976683.94000131,-1.8441071275331,9.509,3
763,1,0,accepted,0.0219070363349722,0.134432091177048,484324.171827375,4976682.8806857,-1.83963360257131,9.62,3
764,1,0,accepted,0.0300212755013646,0.0616138364948379,484323.890753964,4976681.83853981,-1.83656597833754,8.644,3
765,1,0,accepted,0.0413438576532619,0.00746053450612637,484323.613195097,4976680.80255509,-1.83301484246007,7.696,3
766,1,0,accepted,0.0539443188473252,-0.0252321229170137,484323.338842242,4976679.76612991,-1.82905964404148,8.64,3
767,1,0,accepted,0.0638821161404908,-0.0381488657497732,484323.07640413,4976678.7513591,-1.82437309147759,7.749,3
768,1,0,accepted,0.0862622646008339,-0.0726586053012307,484322.805717207,4976677.73803414,-1.81940029608811,7.823,3
769,1,0,accepted,0.108276413887367,-0.076993102054675,484322.540692598,4976676.72004255,-1.81362409127753,7.703,3
770,1,0,accepted,0.0782431606493815,-0.61398655571155,484322.33951765,4976675.65993408,-1.8157334781242,9.215,3
771,1,0,accepted,0.13134680457481,0.147770981490298,484322.057361576,4976674.68881026,-1.79493665970901,9.237,3
772,1,0,accepted,0.133095983594762,0.251279042607643,484321.843065634,4976673.68894181,-1.7850235197935,8.771,3
773,1,0,accepted,0.125397522092087,0.162446687993384,484321.647624916,4976672.72962104,-1.77811175123357,9.29,3
774,1,0,accepted,0.117172661302067,0.22120624851139,484321.463189887,4976671.75947305,-1.76762788525874,9.103,3
775,1,0,accepted,0.108799178546199,0.190527528771476,484321.301716276,4976670.85830735,-1.75922878284799,9.145,3
776,1,0,accepted,0.0604264693663929,-0.225778055176984,484321.198525285,4976669.99307886,-1.75611808032759,8.823,3
777,1,0,accepted,0.0634437932360945,-0.292616968155471,484321.032714888,4976669.04483886,-1.7460288460938,9.246,3
778,1,0,accepted,0.0610379367635413,-0.261349646161044,484320.863961665,4976668.10932206,-1.73418684115534,8.455,3
779,1,0,accepted,0.15225269931361,0.254557206209406,484320.663957114,4976667.06122293,-1.71336845558784,10.963,3
780,1,0,accepted,0.0883205112867808,-0.00212626446017976,484320.568575073,4976666.21111265,-1.70556099020738,10.114,3
781,1,0,accepted,0.0744730153617577,-0.05049786625225,484320.457077798,4976665.32134056,-1.69376902049369,8.251,3
782,1,0,accepted,0.0626816363896528,-0.148548666349093,484320.354030645,4976664.44793174,-1.68214629288553,8.401,3
783,1,0,accepted,0.0573771462546806,-0.166282735006259,484320.266367049,4976663.57777505,-1.6685245525987,7.627,3
784,1,0,accepted,0.0626673710301999,-0.212039588024444,484320.18471081,4976662.73206572,-1.65451970521649,7.916,3
785,1,0,accepted,0.0591779538700286,-0.180271503993155,484320.124297706,4976661.8737165,-1.63876438605196,7.871,3
786,1,0,accepted,0.05484443946289,-0.0918192297317559,484320.07919492,4976661.02444783,-1.62162856110971,10.074,3
787,1,0,accepted,0.043321098895261,-0.0334302070229897,484320.051468178,4976660.17823485,-1.6036903806279,9.266,3
788,1,0,accepted,0.0509545671138078,-0.0372550424453759,484320.020787106,4976659.3579745,-1.58647940984963,9.695,3
789,1,0,accepted,0.0428148738088143,-0.0512233224664377,484320.010948402,4976658.52635127,-1.56839349962462,8.742,3
790,1,0,accepted,0.034257147577361,0.0197042536180779,484320.023413239,4976657.70064524,-1.54818169840558,9.914,3
791,1,0,accepted,0.0422830318494397,-0.0475858122219026,484320.041154602,4976656.91178514,-1.52982117858199,7.664,3
792,1,0,accepted,0.0468032769923666,-0.0542551275530182,484320.063468529,4976656.0997078,-1.50971568136093,8.186,3
793,1,0,accepted,0.0627060255367501,-0.106696968278902,484320.101776202,4976655.3083051,-1.48954086602586,8.198,3
794,1,0,accepted,0.0681017545781736,-0.123199466685354,484320.161124524,4976654.51414968,-1.46830103526973,7.64,3
795,1,0,accepted,0.0765840053947941,-0.125113924482523,484320.22770627,4976653.70956395,-1.44584631786462,7.555,3
796,1,0,accepted,0.083100960374008,-0.130682470505794,484320.32074249,4976652.93493171,-1.42313659277938,8.247,3
797,1,0,accepted,0.0816579086338882,-0.180653261426545,484320.432628066,4976652.16044918,-1.40033104719486,7.858,3
798,1,0,accepted,0.0724637247546166,-0.190419323522795,484320.551618828,4976651.39051539,-1.37676156279546,8.3,3
799,1,0,accepted,0.0578707099889511,-0.222285724017792,484320.695341668,4976650.62538815,-1.35323136929504,8.72,3
800,1,0,accepted,0.0473635763887421,-0.240627268714107,484320.853309231,4976649.87101644,-1.32941583583624,8.071,3
801,1,0,accepted,0.0441975350344208,-0.249925884813512,484321.009907349,4976649.12810102,-1.30592391202367,9.371,3
802,1,0,accepted,0.028054209104887,-0.208146337903399,484321.202175165,4976648.38242297,-1.28147991045084,8.469,3
803,1,0,accepted,0.0185445008417995,-0.221550349654733,484321.410416404,4976647.64240025,-1.25780447060548,8.895,3
804,1,0,accepted,0.0202117723985021,-0.199827291102535,484321.624835543,4976646.92807197,-1.23412279239228,7.474,3
805,1,0,accepted,0.035157639745145,-0.146279591059242,484321.867305139,4976646.19766939,-1.20965439496956,8.202,3
806,1,0,accepted,0.0582438271651421,-0.0830635232954604,484322.141789932,4976645.48577248,-1.18536891159169,7.454,3
807,1,0,accepted,0.0492055536580443,0.20927838894864,484322.388502505,4976644.80155897,-1.15714189645125,7.947,3
808,1,0,accepted,0.0558902743240539,0.264881469040568,484322.696436402,4976644.09873997,-1.13316456748097,9.099,3
809,1,0,accepted,0.0705318240715859,0.286676993021403,484323.020479601,4976643.40644745,-1.11046279639564,9.344,3
810,1,0,accepted,0.060691565046512,0.14806780772777,484323.351770188,4976642.73617272,-1.0899898265829,9.137,3
811,1,0,accepted,0.0686311131021015,0.118924415861138,484323.691250676,4976642.06526608,-1.06793125074007,9.172,3
812,1,0,accepted,0.0608296651384947,0.115333449160539,484324.038297712,4976641.41760921,-1.04568817365806,8.226,3
813,1,0,accepted,0.0593576367262933,0.0616657447314355,484324.403097247,4976640.77195999,-1.02424496411095,7.956,3
814,1,0,accepted,0.0389350153846405,0.191870495620655,484324.7832538,4976640.16094326,-0.999547327251456,8.649,3
815,1,0,accepted,0.0371841970415503,0.234616916917001,484325.18520348,4976639.56676213,-0.976506600451576,8.639,3
816,1,0,accepted,0.048103065402306,0.177468852236054,484325.598435297,4976638.94387602,-0.954745151191823,7.436,3
817,1,0,accepted,0.0718834600157946,0.168935215638531,484326.021693664,4976638.36121348,-0.932747284549587,9.726,3
818,1,0,accepted,0.0452294074325305,0.168059877428843,484326.476235075,4976637.73264985,-0.910349182227578,7.399,3
819,1,0,accepted,0.0357700499830555,0.0826627867017777,484326.936801906,4976637.12317394,-0.889169482218535,7.592,3
820,1,0,accepted,0.032779853418104,0.0993254901927009,484327.411605917,4976636.52988179,-0.866404372746441,7.67,3
821,1,0,accepted,0.0371215412722995,0.063712419479615,484327.896328508,4976635.94565609,-0.84428244536388,8.336,3
822,1,0,accepted,0.0497065217341303,0.0702634879625745,484328.3863998,4976635.40383534,-0.821481280645966,8.463,3
823,1,0,accepted,0.0542789320389094,0.00955952580864335,484328.899334447,4976634.8261111,-0.799344339884841,7.908,3
824,1,0,accepted,0.0497967497029119,0.0415396340350852,484329.432977331,4976634.27204837,-0.776010929819096,8.044,3
825,1,0,accepted,0.0526916076848941,0.0118924601147582,484329.978193848,4976633.73096612,-0.753363544383051,7.216,3
826,1,0,accepted,0.0639803891465985,0.0392761277682222,484330.533192088,4976633.19234593,-0.730028545939622,8.563,3
827,1,0,accepted,0.0639533471194474,0.0444624015210099,484331.110426174,4976632.6645818,-0.706848139357235,7.785,3
828,1,0,accepted,0.0402778184929992,0.100159513267297,484331.70632995,4976632.16037281,-0.682790870886349,7.982,3
829,1,0,accepted,0.0402901734957172,0.151057167143254,484332.29264664,4976631.65847361,-0.659273096186666,8.897,3
830,1,0,accepted,0.0307566240106894,0.105849489380395,484332.899101541,4976631.17488967,-0.637560433632468,8.929,3
831,1,0,accepted,0.0290665062647114,0.0936685562607136,484333.513791133,4976630.70104626,-0.615385650900469,7.779,3
832,1,0,accepted,0.0441047091825919,0.129359363499502,484334.127836286,4976630.22690423,-0.591978924349613,7.547,3
833,1,0,accepted,0.0373114070299925,0.0847248527825575,484334.779891361,4976629.76476884,-0.570457532697765,7.378,3
834,1,0,accepted,0.0224287461125412,0.0411960705895107,484335.449016696,4976629.32874278,-0.549240881250585,7.244,3
835,1,0,accepted,0.0270430760699272,0.0660596926189139,484336.111909094,4976628.8963024,-0.526847958646295,7.558,3
836,1,0,accepted,0.0347084582256143,0.0632557369510948,484336.788989948,4976628.48496305,-0.504831839077484,9.587,3
837,1,0,accepted,0.0285348483569967,0.0183426325126743,484337.473750554,4976628.08681999,-0.48411702128547,9.074,3
838,1,0,accepted,0.028154026282409,0.0268096704369977,484338.158221905,4976627.70042688,-0.462397354497739,8.14,3
839,1,0,accepted,0.012516537374693,-0.0281149971607539,484338.880245439,4976627.31226972,-0.44193860245809,8.587,3
840,1,0,accepted,0.0242322649702875,-0.0283609144182321,484339.594515684,4976626.93365594,-0.420857516060308,9.385,3
841,1,0,accepted,0.0326958147640804,-0.0125202545648241,484340.332772337,4976626.57566965,-0.400067738792792,9.067,3
842,1,0,accepted,0.0403752696173753,0.0696636918714213,484341.077526643,4976626.24044299,-0.379057515496417,7.664,3
843,1,0,accepted,0.0327957429411572,0.0127743317816906,484341.80845651,4976625.9270481,-0.360971042607974,7.475,3
844,1,0,accepted,0.0230866057305657,-0.0147604569631702,484342.546285439,4976625.62077005,-0.342817229293167,7.176,3
845,1,0,accepted,0.0145465009312497,-0.0634863316335123,484343.305709974,4976625.33966023,-0.325725229160669,7.039,3
846,1,0,accepted,0.0290539191811366,-0.0586357536055303,484344.095390905,4976625.06750823,-0.308042584788549,6.922,3
847,1,0,accepted,0.0382687431552871,-0.0784824834598272,484344.883359571,4976624.80782702,-0.291532558304207,7.496,3
848,1,0,accepted,0.0285202823924208,-0.183652059023403,484345.68403883,4976624.55251685,-0.277125112284614,7.902,3
849,1,0,accepted,0.0277474267340085,-0.200965117644445,484346.505605062,4976624.33830847,-0.261936700848129,8.154,3
850,1,0,accepted,0.023846788502508,-0.213558719104276,484347.308267589,4976624.12664934,-0.248036380351052,7.509,3
851,1,0,accepted,0.0180166529664117,-0.218416292614552,484348.146714325,4976623.90467983,-0.234217818196492,7.079,3
852,1,0,accepted,0.0185025513575598,-0.227287044676171,484348.990502272,4976623.70761789,-0.221450626380109,7.477,3
853,1,0,accepted,0.0224768665582554,-0.218860250428517,484349.848944247,4976623.52047957,-0.209663708024772,7.659,3
854,1,0,accepted,0.0530297095591886,-0.293724991715276,484350.718541584,4976623.38480598,-0.199942274923126,7.422,3
855,1,0,accepted,0.0524141858368929,-0.0972171216812484,484351.596915354,4976623.18533488,-0.186489774086876,9.178,3
856,1,0,accepted,0.0431445322597165,-0.0139464227880324,484352.448889793,4976623.05166668,-0.176108696312668,8.608,3
857,1,0,accepted,0.0434722996080758,0.0753998742719397,484353.331393064,4976622.89238429,-0.166234869129856,9.144,3
858,1,0,accepted,0.0189311200459921,0.09530939030861,484354.229318133,4976622.74341591,-0.1582795608759,8.991,3
859,1,0,accepted,0.0180562157934137,0.0618172156802851,484355.150626347,4976622.62086591,-0.151442705087628,10.13,3
860,1,0,accepted,0.027121906454379,0.0923311785134662,484356.070066997,4976622.48538729,-0.14402986227196,10.172,3
861,1,0,accepted,0.0223413145781348,0.0264646971663017,484356.998096474,4976622.38200764,-0.137962352224982,10.794,3
862,1,0,accepted,0.0516185121959281,0.109420642984367,484357.929334079,4976622.25141943,-0.129489591349773,10.038,3
863,1,0,accepted,0.0595366119309947,0.0514793455821947,484358.856646766,4976622.15123971,-0.124711265875586,9.438,3
864,1,0,accepted,0.0721849902616113,0.0843315999141993,484359.798370938,4976622.04941267,-0.119199332164821,9.918,3
865,1,0,accepted,0.0768997510550206,0.0705638497031423,484360.753969743,4976621.96040269,-0.114953962543696,9.895,3
866,1,0,accepted,0.10512816953142,0.156098479525179,484361.700899883,4976621.85104266,-0.108970416028159,8.163,3
867,1,0,accepted,0.11740823466114,0.131863880211067,484362.665812917,4976621.7589136,-0.104489589444015,9.461,3
868,1,0,accepted,0.123563545979541,0.128302743649025,484363.624362489,4976621.67726582,-0.100126746002582,9.214,3
869,1,0,accepted,0.123195765203521,0.0580615545982125,484364.603305221,4976621.60404111,-0.0968462397892159,9.941,3
870,1,0,accepted,0.106339899889725,-0.053666145527314,484365.584090199,4976621.55022915,-0.0942851703000176,7.789,3
871,1,0,accepted,0.0960450010967631,-0.144616200627276,484366.58711246,4976621.49070847,-0.0915755337369183,8.309,3
872,1,0,accepted,0.0975511833313359,-0.0324432020538015,484367.568486043,4976621.4328331,-0.0852107121832094,9.273,3
873,1,0,accepted,0.101917788703876,0.00543828339938551,484368.564067504,4976621.36946334,-0.0799790763229198,9.701,3
874,1,0,accepted,0.103168166446885,0.086596392427116,484369.566059983,4976621.31890841,-0.0744900003529223,10.254,3
875,1,0,accepted,0.098984210375634,0.146822117138673,484370.575643504,4976621.27447908,-0.0690752056987764,10.467,3
876,1,0,accepted,0.0986144760212168,0.149575487956207,484371.566909548,4976621.23294588,-0.0645600234914022,10.974,3
877,1,0,accepted,0.0948384696918732,0.0587447760864657,484372.598237835,4976621.18412636,-0.0618858102978956,9.913,3
878,1,0,accepted,0.0786544476019988,-0.0113289922862993,484373.605606831,4976621.14889024,-0.0585361655050244,10.029,3
879,1,0,accepted,0.0680993492689111,-0.0212583166991859,484374.631040436,4976621.10870083,-0.0541875027877945,11.284,3
880,1,0,accepted,0.0587904190456314,0.00251629588141527,484375.655488543,4976621.07299822,-0.0492582996969453,9.283,3
881,1,0,accepted,0.044892366755418,0.0081190531798229,484376.666470642,4976621.05001114,-0.0440487415558787,7.739,3
882,1,0,accepted,0.0423551039159837,-0.0640330388145688,484377.697399597,4976621.01674163,-0.0392569023720772,7.967,3
883,1,0,accepted,0.0474999223807728,-0.18769987660463,484378.723751463,4976620.98229251,-0.0353003456102569,7.371,3
884,1,0,accepted,0.0474874408291201,-0.174525813073937,484379.746074301,4976620.96092871,-0.0288141469971497,7.435,3
885,1,0,accepted,0.0477863713192095,-0.145070684270591,484380.766306788,4976620.94681475,-0.0221132535347808,7.691,3
886,1,0,accepted,0.0407120675673197,-0.0953478953261542,484381.798301107,4976620.94639567,-0.0149461873126712,7.606,3
887,1,0,accepted,0.0406422851817852,-0.0844096835984659,484382.840926694,4976620.9436594,-0.00867291050506823,7.959,3
888,1,0,accepted,0.0456957736786948,-0.0911078796438601,484383.902339081,4976620.94553583,-0.00250630300696744,7.506,3
889,1,0,accepted,0.0505327949298424,-0.0492828960317663,484384.931056082,4976620.95451976,0.00378211199233612,7.691,3
890,1,0,accepted,0.0605862129518624,-0.0592136166272702,484385.988511176,4976620.96602709,0.00968486437464701,7.648,3
891,1,0,accepted,0.0792114218984363,-0.105875952504634,484387.044281136,4976620.97254954,0.0150964721034663,7.407,3
892,0,1,acceptedDirectional,0.0275543247662574,-0.731261663658344,484388.098752951,4976621.06493609,0.0100626016627183,9.404,2
893,0,1,acceptedDirectional,0.0284092441363936,-1.05348618624645,484389.15722625,4976621.10710525,0.0101189239898731,9.289,2
894,0,1,acceptedDirectional,0.0354780393207145,-1.3215221992873,484390.217271258,4976621.14427321,0.0108250015393602,8.399,2
895,1,0,accepted,0.326958917923051,1.59975334601561,484391.136569581,4976620.90113877,0.0674685674689569,9.376,3
896,0,1,acceptedDirectional,0.303967223560489,1.68109738430279,484392.173799801,4976620.98733439,0.0742040974755643,8.505,2
897,0,1,acceptedDirectional,0.28606973772736,1.70998721933196,484393.24232242,4976621.06523086,0.0800128561531913,7.771,2
898,1,0,accepted,0.120630156164813,0.207764728930289,484394.307651587,4976621.45191553,0.0591135425545821,10.327,3
899,1,0,accepted,0.132471247289377,0.123466106074688,484395.360122357,4976621.54227406,0.0627315435718697,8.564,3
900,1,0,accepted,0.129683625140352,0.246668533252435,484396.415114364,4976621.59315073,0.0705144539808896,8.741,3
901,1,0,accepted,0.125319236750985,0.179779934274687,484397.491660494,4976621.68063097,0.0744873809794137,9.38,3
902,1,0,accepted,0.0307158552203189,-0.129678008791311,484398.638544769,4976621.7630457,0.0742588725710881,8.973,3
903,1,0,accepted,0.0497133704604145,0.0854247435733509,484399.716032864,4976621.82788578,0.0835972252949652,7.431,3
904,1,0,accepted,0.0544810658261824,0.138180674142967,484400.798606462,4976621.92626125,0.0891197202174554,8.052,3
905,1,0,accepted,0.0476577357012555,0.0496869089463289,484401.880768769,4976622.0471301,0.0910875967803347,7.111,3
906,1,0,accepted,0.0491783478927123,-0.0803105769722848,484402.97322426,4976622.16930132,0.0912284562866514,7.742,3
907,1,0,accepted,0.062099175063127,-0.10394069400855,484404.066001668,4976622.28808389,0.0913881829759951,7.086,3
908,1,0,accepted,0.0399162396446342,-0.0491263474401818,484405.128112761,4976622.42040492,0.0917357460439828,11.255,3
909,1,0,accepted,0.0407731937377981,-0.0974716444740928,484406.196808332,4976622.53864379,0.0897772622449697,8.976,3
910,1,0,accepted,0.0417161456952149,-0.12417358684408,484407.282029049,4976622.65774943,0.0885458226618066,9.172,3
911,1,0,accepted,0.0474905666732248,-0.0600104272794626,484408.366044022,4976622.76872882,0.0887088205162202,7.546,3
912,1,0,accepted,0.064335405086276,-0.179779495766546,484409.473349413,4976622.8736901,0.0861874104324769,7.724,3
913,1,0,accepted,0.0551939950890845,-0.207836288496403,484410.552286016,4976622.9939784,0.0855319726626347,8.987,3
914,1,0,accepted,0.0558013660955613,-0.259503451617163,484411.640748117,4976623.10746963,0.0850180021609687,8.808,3
915,1,0,accepted,0.0582035052261933,-0.258386029059645,484412.721639999,4976623.21972878,0.0855971161365418,8.658,3
916,1,0,accepted,0.0643278241131679,-0.24383128006758,484413.816694287,4976623.33117984,0.0865661931195804,8.108,3
917,1,0,accepted,0.0714808991181848,-0.200281669722971,484414.911526167,4976623.44383751,0.0878971580314131,8.687,3
918,1,0,accepted,0.0945175108725489,-0.223934654368188,484416.016601148,4976623.54797673,0.0879071148429215,7.61,3
919,1,0,accepted,0.123504430932977,-0.230892549562045,484417.139903224,4976623.64658957,0.0883398827506131,8.231,3
920,1,0,accepted,0.150542789565604,-0.259615667630324,484418.245621677,4976623.74657587,0.0885078129034368,7.792,3
921,1,0,accepted,0.178967637202603,-0.286608022806495,484419.359359553,4976623.84806991,0.0887356811732261,8.54,3
922,1,0,accepted,0.214635416908433,-0.470345623187846,484420.402620933,4976623.94656112,0.0860050559046229,6.639,3
923,1,0,accepted,0.23687638214866,-0.481739107394279,484421.514721387,4976624.05655473,0.0864790313351251,6.285,3
924,1,0,accepted,0.248908450527646,-0.509748470632919,484422.63089808,4976624.17577029,0.0864342188436734,6.361,3
925,1,0,accepted,0.0126031546506203,0.0267749841220513,484423.82027233,4976624.53898763,0.096371573043513,8.169,3
926,1,0,accepted,0.0140598773338594,0.0533439051646575,484424.934068064,4976624.67056406,0.0970580366991798,7.032,3
927,1,0,accepted,0.0233596738089911,0.0519650306748171,484426.058497338,4976624.79319946,0.0977173501338632,7.114,3
928,1,0,accepted,0.0339035932728824,0.0535380040474288,484427.191215039,4976624.9197111,0.0981606310254342,7.171,3
929,1,0,accepted,0.064284037440844,0.0699708621757369,484428.336209832,4976625.03035412,0.0990313465706709,6.931,3
930,0,1,acceptedDirectional,0.113212674057571,0.0640239139742045,484429.511890946,4976625.13705913,0.0993549656227352,7.699,2
931,0,1,acceptedDirectional,0.1430384379758,0.0620795697896806,484430.669115783,4976625.25408806,0.0999146757805195,7.669,2
932,0,1,acceptedDirectional,0.178490054104678,0.0464193578162873,484431.833689436,4976625.36802777,0.100191234135621,7.452,2
933,1,0,accepted,0.177887112416459,-0.433059652559337,484433.009145304,4976625.56035675,0.0923675204871631,8.328,3
934,1,0,accepted,0.192241407100198,-0.698837171102614,484434.178436047,4976625.71535618,0.0886423838290285,7.8,3
935,1,0,accepted,0.174376376872736,-1.05364592231732,484435.301974986,4976625.88751685,0.0828296570363673,8.948,3
936,1,0,accepted,0.134544609635662,-1.26919626029976,484436.410635457,4976626.0503315,0.0795570450969981,7.888,3
937,1,0,accepted,0.0830047677335818,-1.46407908569067,484437.50786985,4976626.20990372,0.0761557288163767,7.834,3
938,1,0,accepted,0.0662056040328163,-1.77297812731207,484438.643187864,4976626.35303543,0.0706277346483785,7.527,3
939,1,0,accepted,0.0499322031921502,-1.92059596748225,484439.784168868,4976626.48493105,0.0681773335060405,8.257,3
940,1,0,accepted,0.0773665621765481,-1.75410583652473,484440.947251259,4976626.59429991,0.0711410114326439,8.913,3
941,1,0,accepted,0.0996402572415169,-1.76357188939776,484442.10979433,4976626.71165889,0.0709761891765964,7.7,3
942,1,0,accepted,0.148694577451579,-1.926830698313,484443.295876277,4976626.81236955,0.068364862768039,7.257,3
943,1,0,accepted,0.192741142540568,-2.08074967076242,484444.468050198,4976626.90964709,0.0657928898275301,7.343,3
944,1,0,accepted,0.0174333104715495,0.231657489160021,484445.516814994,4976627.22670232,0.105978334957131,9.486,3
945,1,0,accepted,0.0183055215668607,0.190447663731679,484446.676337416,4976627.3687092,0.105667274748179,7.512,3
946,1,0,accepted,0.0109347541028324,0.172904703845373,484447.854330112,4976627.505177,0.105863314018256,7.619,3
947,1,0,accepted,0.0138284857009443,0.151319468286775,484449.032665314,4976627.64442473,0.105755513584001,7.496,3
948,1,0,accepted,0.0166597399692989,0.140060323617275,484450.198464486,4976627.78297746,0.105779280566512,7.283,3
949,1,0,accepted,0.0280014287340719,0.136291082003835,484451.387405165,4976627.91560514,0.105798665500217,7.253,3
950,1,0,accepted,0.0446040704705912,0.125576027430027,484452.571308467,4976628.04420387,0.106125554204042,6.96,3
951,1,0,accepted,0.0551061364152398,0.0395042275710684,484453.743756117,4976628.16439515,0.105133216380544,8.456,3
952,1,0,accepted,0.0696645936353054,0.0493393060881367,484454.930658149,4976628.29271723,0.10555919845224,8.491,3
953,1,0,accepted,0.0882071983124739,0.0678429756448965,484456.113437719,4976628.42004207,0.105634055687721,8.137,3
954,1,0,accepted,0.102238737032832,0.0693343537135816,484457.293989334,4976628.55168084,0.105283919803165,8.186,3
955,1,0,accepted,0.243040185564727,0.693934713949316,484458.448747445,4976628.5431908,0.116389794143506,8.908,3
956,1,0,accepted,0.278685284937758,0.876275488534539,484459.620441706,4976628.65522069,0.11997579338016,9.107,3
957,1,0,accepted,0.333629649632094,1.31277027971495,484460.770349824,4976628.7500166,0.127937706329374,10.523,3
958,1,0,accepted,0.370725381709012,1.57402760798383,484461.935434035,4976628.86796771,0.132721561420617,9.447,3
959,1,0,accepted,0.380614322932893,1.76484270157376,484463.113703008,4976629.01611796,0.13633278899112,9.256,3
960,1,0,accepted,0.353717269053322,1.74984864191823,484464.301069121,4976629.19720176,0.136360248681744,8.784,3
961,1,0,accepted,0.144123950052154,0.759370027890863,484465.511712738,4976629.55781147,0.119115864479095,9.602,3
962,1,0,accepted,0.138780274978769,0.765978273861635,484466.724092957,4976629.7155214,0.120081509097217,6.772,3
963,1,0,accepted,0.145498638715101,0.779337396457933,484467.908523068,4976629.86105136,0.120633174218185,6.962,3
964,1,0,accepted,0.152257559856175,0.796404395694147,484469.119345909,4976630.00737679,0.121255420671415,7.116,3
965,1,0,accepted,0.105473212537136,0.479488212416021,484470.330230175,4976630.21232174,0.116451595316663,7.102,3
966,1,0,accepted,0.098287775962528,0.415303667067401,484471.526458897,4976630.37652326,0.115956452413446,7.479,3
967,1,0,accepted,0.0882413395271627,0.276392701886039,484472.724685401,4976630.54673206,0.113892785111913,7.508,3
968,1,0,accepted,0.100167405750813,0.274238551932985,484473.917276035,4976630.70008387,0.114143337505975,7.384,3
969,1,0,accepted,0.0711090443945002,0.119091812008603,484475.086849606,4976630.87807601,0.111734735350068,7.994,3
970,1,0,accepted,0.0788987129006693,0.0828410875607231,484476.290265959,4976631.04084956,0.111356574296158,7.91,3
971,1,0,accepted,0.083074889069125,0.200268716228287,484477.481345023,4976631.19141067,0.113286288898347,9.121,3
972,1,0,accepted,0.0493629035762291,0.0975150508906886,484478.640947235,4976631.36855248,0.111490546510679,9.216,3
973,1,0,accepted,0.0328845018425177,0.0265882391817432,484479.812623708,4976631.53514824,0.109829310099268,7.908,3
974,1,0,accepted,0.035742399389527,-0.00304937928327421,484480.996950789,4976631.68978905,0.109142506175828,8.725,3
975,1,0,accepted,0.0266835821604873,-0.0140787529242025,484482.171785586,4976631.85519549,0.108617155740312,9.221,3
976,1,0,accepted,0.0307046451090221,-0.00153835887634813,484483.355648195,4976632.01055196,0.108314853676716,7.362,3
977,1,0,accepted,0.0348587598232195,0.02444362207127,484484.543568169,4976632.16593406,0.10797041699108,8.958,3
978,1,0,accepted,0.0383694617086236,0.0733432454895255,484485.736349887,4976632.32262509,0.1080981969377,7.624,3
979,1,0,accepted,0.0542782544236286,0.0745248879895948,484486.94108754,4976632.46826732,0.107285767979552,7.514,3
980,1,0,accepted,0.0722564998387139,0.107262238396008,484488.148260082,4976632.6116989,0.106747786936185,8.542,3
981,1,0,accepted,0.0895447659499158,0.0932559104944667,484489.348672425,4976632.75531387,0.105461441625861,8.073,3
982,1,0,accepted,0.100859688007012,-0.00751757331802918,484490.541418583,4976632.89768571,0.105044811941618,7.249,3
983,1,0,accepted,0.0696208715217088,-1.72978403007653,484491.740241141,4976633.19721111,0.0744623637805999,10.938,3
984,1,0,accepted,0.0795668033644526,-2.02544700175628,484492.980591165,4976633.32984178,0.0672236155103621,7.676,3
985,1,0,accepted,0.102835324166924,-2.27493831490528,484494.18956698,4976633.44274718,0.0635665119653041,6.946,3
986,1,0,accepted,0.0314334067531995,-0.108553593212989,484495.247194484,4976633.60036377,0.100801134120936,9.532,3
987,1,0,accepted,0.0329131413853568,0.0822993859369971,484496.439625232,4976633.73510634,0.103304150409801,8.111,3
988,1,0,accepted,0.0244373934287689,0.286859699609003,484497.629805605,4976633.89062359,0.106266110309343,8.443,3
989,1,0,accepted,0.0232373145587564,0.255290263341343,484498.818299725,4976634.04276998,0.105900226408116,7.805,3
990,1,0,accepted,0.0220000751140325,0.258907582186575,484499.996416276,4976634.19392918,0.105278029083715,7.893,3
991,1,0,accepted,0.0317165255447833,0.195073727965225,484501.177771041,4976634.33516527,0.104022278019024,8.072,3
992,1,0,accepted,0.0358915820233033,0.16053874225041,484502.359702368,4976634.48203137,0.103083579757176,8.355,3
993,1,0,accepted,0.041394276820287,0.181998419920425,484503.527122731,4976634.62656316,0.102835108132772,6.793,3
994,1,0,accepted,0.044012496574873,0.136518385454229,484504.707509711,4976634.77401504,0.101511536417198,7.21,3
995,1,0,accepted,0.0564930037104471,0.123530675949603,484505.868069429,4976634.90786354,0.10108643213864,7.224,3
996,1,0,accepted,0.0507347741001073,0.0427370969390767,484507.042094269,4976635.06189136,0.0996127174500612,6.973,3
997,1,0,accepted,0.0656244724615503,0.0755877033330577,484508.214722866,4976635.19446527,0.0997784964364225,6.699,3
998,1,0,accepted,0.0845023429802152,0.100694161514903,484509.385752011,4976635.32294256,0.0997115922827974,8.889,3
999,1,0,accepted,0.0776632763849672,0.0954542319196077,484510.549454026,4976635.47717968,0.0996855555599014,8.917,3
1000,1,0,accepted,0.0810253034525236,0.150394216819857,484511.69113921,4976635.61613911,0.099996995978243,8.874,3
1001,1,0,accepted,0.0539304992190235,0.0870846916172311,484512.782294926,4976635.82982388,0.098714432271959,8.702,3
1002,1,0,accepted,0.0736011037384194,0.161441538363368,484513.923604916,4976635.94849674,0.0999486868758328,7.793,3
1003,1,0,accepted,0.0923697270462158,0.265342529654846,484515.063701822,4976636.07481503,0.101343246335064,8.308,3
1004,1,0,accepted,0.102591872774722,0.312868223394607,484516.213602828,4976636.20049357,0.102517818361517,7.923,3
1005,1,0,accepted,0.101778028812936,0.289478012917064,484517.365569892,4976636.34228788,0.102688311819693,7.265,3
1006,1,0,accepted,0.100947318497711,0.298113222449758,484518.50635694,4976636.49266784,0.103137439630136,9.258,3
1007,1,0,accepted,0.0948646698361886,0.232779589553278,484519.643205354,4976636.65217874,0.102659502977781,8.895,3
1008,1,0,accepted,0.0843580329594915,0.188892612573319,484520.779804093,4976636.80438502,0.102355317855845,8.34,3
1009,1,0,accepted,0.0696711454769009,0.178690728685468,484521.92914352,4976636.94247167,0.102487797203582,7.905,3
1010,1,0,accepted,0.0516576955557251,0.160898443518025,484523.08227401,4976637.08144966,0.102569270402755,7.822,3
1011,1,0,accepted,0.0347874414866319,-0.130635125436934,484524.260590621,4976637.22672556,0.0974799570859466,8.831,3
1012,1,0,accepted,0.056610908346877,0.0732081244687246,484525.415972655,4976637.35573006,0.100588028436858,8.522,3
1013,1,0,accepted,0.0628138767103817,0.0020639718303255,484526.54541248,4976637.49244192,0.100447415082599,8.181,3
1014,1,0,accepted,0.0705977060287174,0.030886850179204,484527.678446245,4976637.63004468,0.100877337314506,8.359,3
1015,1,0,accepted,0.0684699557515876,0.0584212325280448,484528.798032508,4976637.76931094,0.101643781708202,9.012,3
1016,1,0,accepted,0.0669425933805295,0.062015089969447,484529.918420021,4976637.91046283,0.10204061647746,8.93,3
1017,1,0,accepted,0.0726548194572659,0.0489924850559047,484531.044347468,4976638.04565945,0.102042585797214,7.695,3
1018,1,0,accepted,0.0649014555050585,0.0561413678947008,484532.16279944,4976638.18871131,0.10220165514168,8.507,3
1019,1,0,accepted,0.0531072292793758,0.0331685644182403,484533.27959527,4976638.33095826,0.102618000833645,8.845,3
1020,1,0,accepted,0.0462218063784251,0.0649161905368383,484534.400959104,4976638.47420283,0.104388168566798,9.318,3
1021,1,0,accepted,0.00574195464686329,0.202413706279535,484535.484425381,4976638.65554651,0.108158442252905,8.462,3
1022,1,0,accepted,0.0171417072554319,0.25714659191686,484536.598235516,4976638.80336443,0.110303111077366,9.567,3
1023,1,0,accepted,0.0148684584210321,0.290900059692242,484537.722172531,4976638.9385532,0.111639494475273,8.641,3
1024,1,0,accepted,0.0200195378843537,0.276351933501789,484538.848112071,4976639.06971154,0.112366495988717,8.519,3
1025,1,0,accepted,0.0294168269246083,0.265114279087816,484539.972852669,4976639.20625834,0.113140998422849,7.097,3
1026,1,0,accepted,0.0411384915806286,0.288347444772931,484541.085965342,4976639.34159213,0.114345547099406,7.018,3
1027,1,0,accepted,0.0210940588087308,-0.0584599741959462,484542.209330744,4976639.54311487,0.109394394141716,8.053,3
1028,1,0,accepted,0.0156162814583481,-0.0555717013339081,484543.32654845,4976639.67133068,0.110540560970681,6.907,3
1029,1,0,accepted,0.0216520778451678,-0.0669454018638918,484544.452463268,4976639.82349442,0.110484411080466,7.7,3
1030,1,0,accepted,0.0481829168094505,-0.134579080928419,484545.581460347,4976639.9618506,0.11119396524918,7.272,3
1031,1,0,accepted,0.0590752825703127,-0.196383383589654,484546.703151717,4976640.1200137,0.110618237180753,9.767,3
1032,1,0,accepted,0.0980451219816923,-0.0837155531382179,484547.829606772,4976640.24227517,0.113297622719955,7.503,3
1033,1,0,accepted,0.179166510188616,1.02314765437187,484548.890390382,4976640.31500957,0.133367720511454,8.906,3
1034,1,0,accepted,0.0864269606390999,0.442948879121715,484550.01172886,4976640.5717655,0.12408330983145,7.905,3
1035,1,0,accepted,0.0754614456869678,0.200517993127955,484551.1407929,4976640.75346361,0.120817442091598,7.915,3
1036,1,0,accepted,0.0770778833345847,-0.0103061627336559,484552.291707799,4976640.92551675,0.118613255318615,7.531,3
1037,1,0,accepted,0.0765753140799244,-0.190230857025386,484553.42684548,4976641.09074609,0.117171907824118,7.755,3
1038,1,0,accepted,0.0559240366033082,-0.502452502785785,484554.47760645,4976641.26897348,0.11337218431,7.753,3
1039,1,0,accepted,0.0551131851755283,-0.550477732795498,484555.607417358,4976641.4090444,0.114241189777489,7.038,3
1040,1,0,accepted,0.108018733693227,-0.402711700525065,484556.762771244,4976641.52504774,0.118251568668908,8.734,3
1041,1,0,accepted,0.101147297650954,-0.482524716495761,484557.880075364,4976641.67525956,0.117632708013635,8.515,3
1042,1,0,accepted,0.11710118797385,-0.479119709793136,484559.022734367,4976641.82506878,0.117951377785468,7.31,3
1043,1,0,accepted,0.123996182699651,-0.474110151960743,484560.155922718,4976641.97699939,0.11778540366398,8.565,3
1044,1,0,accepted,0.114767816230919,-0.427383577758958,484561.281094583,4976642.13528934,0.118147732359485,8.991,3
1045,1,0,accepted,0.0980705863943138,-0.333469063100674,484562.398751849,4976642.30008946,0.119935011229715,9.184,3
1046,1,0,accepted,0.100569542441932,-0.325449492656107,484563.528679217,4976642.44879232,0.120251496314638,8.572,3
1047,1,0,accepted,0.103411187309832,-0.349620861338922,484564.665050203,4976642.59403124,0.12029316798429,7.604,3
1048,1,0,accepted,0.020148585808428,0.0277273287974884,484565.745856909,4976642.82199007,0.127570540352643,9.32,3
1049,1,0,accepted,0.0186770807591897,0.035544431835881,484566.890840731,4976642.98367397,0.128388891811437,9.44,3
1050,1,0,accepted,0.0205756734152965,0.0362279865185922,484568.032472557,4976643.1417442,0.129248058701457,8.7,3
1051,1,0,accepted,0.0275087354377603,0.0806774389372485,484569.180173327,4976643.30311183,0.130046612641303,7.526,3
1052,1,0,accepted,0.0375997828530624,0.0881015631732491,484570.343947457,4976643.46652525,0.130525492956684,7.376,3
1053,0,1,acceptedDirectional,0.0474423613013714,0.135191720640787,484571.466787203,4976643.62811547,0.131322376646375,8.548,2
1054,0,1,acceptedDirectional,0.0601647120483667,0.188141259512535,484572.618693716,4976643.78880869,0.131914463258391,9.288,2
1055,0,1,acceptedDirectional,0.0705035723320195,0.21324343939712,484573.771498062,4976643.95201826,0.132300119515551,10.271,2
1056,0,1,acceptedDirectional,0.0784528580285239,0.245700515651648,484574.935443661,4976644.11653776,0.132702549166131,10.242,2
1057,0,1,acceptedDirectional,0.0839290813323838,0.295552592482985,484576.113463416,4976644.2823537,0.133091940114025,9.638,2
1058,0,1,acceptedDirectional,0.0891298068695826,0.311833912663635,484577.280511326,4976644.44206898,0.133240441120795,9.326,2
1059,1,0,accepted,0.0235246682345777,-0.65912323908394,484578.471060591,4976644.72065991,0.11624277003399,8.942,3
1060,1,0,accepted,0.0199670590324097,-0.579070106184917,484579.654525923,4976644.861564,0.117298974727467,8.799,3
1061,1,0,accepted,0.0231169172692367,-0.6990588487982,484580.830083467,4976645.02648208,0.115085787969733,10.018,3
1062,1,0,accepted,0.0241880430055749,-0.716356251045815,484582.007639161,4976645.18710864,0.114877813522067,9.561,3
1063,1,0,accepted,0.0263835591156893,-0.579243341059587,484583.186241754,4976645.35401471,0.116831281369084,11.464,3
1064,1,0,accepted,0.0282331131493257,-0.526044900907944,484584.363931614,4976645.51911155,0.117899693438639,9.466,3
1065,1,0,accepted,0.0273014871796123,-0.517659983180957,484585.561194078,4976645.69122808,0.117788445982451,10.61,3
1066,1,0,accepted,0.0258642586927798,-0.411990303187019,484586.720746337,4976645.85951213,0.119462900149177,8.651,3
1067,1,0,accepted,0.0283513654779426,-0.365852224726406,484587.916168027,4976646.02950028,0.120158098805488,8.365,3
1068,1,0,accepted,0.0391966168203681,-0.325784471262421,484589.107256994,4976646.19476879,0.12066453379991,8.808,3
1069,1,0,accepted,0.0517149398935642,-0.303635819264953,484590.310063228,4976646.3602385,0.120825807062645,9.839,3
1070,1,0,accepted,0.059276346369124,-0.27910016334342,484591.500880291,4976646.52820904,0.121373576662483,8.821,3
1071,1,0,accepted,0.0807343253850253,-0.318573938620007,484592.703451278,4976646.68318163,0.120959903998047,8.53,3
1072,1,0,accepted,0.100199855568277,-0.327385769545497,484593.900109063,4976646.83985028,0.121152254886546,8.106,3
1073,1,0,accepted,0.0338244671715368,0.0164322581983194,484595.089444642,4976647.08258687,0.127571433861582,8.626,3
1074,1,0,accepted,0.0360886724781092,0.0315226683185498,484596.289828737,4976647.25854318,0.128480846765228,9.03,3
1075,1,0,accepted,0.0351222128505961,0.0561709430533697,484597.488903257,4976647.4382453,0.1291560762004,8.903,3
1076,1,0,accepted,0.0149059408056141,0.170247254055866,484598.679002216,4976647.65687565,0.131430535957091,11.776,3
1077,1,0,accepted,0.0156812769550138,0.138118655414224,484599.892597349,4976647.84442241,0.131487766776019,9.142,3
1078,1,0,accepted,0.016129984618633,0.105298283814453,484601.092445374,4976648.02493717,0.131430633527847,9.483,3
1079,1,0,accepted,0.0173096241084063,-0.00881133657064791,484602.297197446,4976648.21425196,0.12994044153471,9.435,3
1080,1,0,accepted,0.0443981779834265,-0.00498187179583406,484603.509585534,4976648.38429587,0.130348414810914,8.712,3
1081,1,0,accepted,0.0688409591470797,-0.0184471303707359,484604.72080172,4976648.55933419,0.131065402002529,9.319,3
1082,1,0,accepted,0.0760136095837722,0.0136982290123526,484605.918954696,4976648.74996903,0.131909383957012,9.558,3
1083,1,0,accepted,0.0977998163553889,0.026512519240986,484607.142731167,4976648.93277937,0.132627452820998,8.419,3
1084,1,0,accepted,0.146368692883781,0.316319750649988,484608.347268589,4976649.08420913,0.137932024533014,8.228,3
1085,1,0,accepted,0.112789637171852,-0.318291241189078,484609.57231589,4976649.33262928,0.127188654769903,8.042,3
1086,1,0,accepted,0.137088710781547,-0.435261615363558,484610.784005581,4976649.51842705,0.125095194149459,7.829,3
1087,1,0,accepted,0.207808651018602,-0.269197539084151,484612.02876854,4976649.66890252,0.128095872251261,7.656,3
1088,1,0,accepted,0.211003630923987,-0.41177628091562,484613.253652461,4976649.8816915,0.125885697839019,8.195,3
1089,1,0,accepted,0.0576546811795418,-0.100217601851699,484614.321089608,4976650.17195394,0.131458966673347,10.155,3
1090,1,0,accepted,0.0741163207110656,-0.228329601296965,484615.542441953,4976650.36156532,0.129385848800991,7.74,3
1091,1,0,accepted,0.092666786874341,-0.328871512417862,484616.759915523,4976650.54776353,0.127966851042784,7.23,3
1092,1,0,accepted,0.102144177647736,-0.415872514093448,484617.948958926,4976650.73299951,0.126588892567856,9.419,3
1093,1,0,accepted,0.123234544574727,-0.504515717673433,484619.157138887,4976650.91286445,0.124872063934685,7.839,3
1094,1,0,accepted,0.14748088341687,-0.577423618273986,484620.359973853,4976651.08798632,0.123831702132768,8.149,3
1095,1,0,accepted,0.175046907260427,-0.676364270058773,484621.561563464,4976651.2576019,0.12193774236354,7.548,3
1096,1,0,accepted,0.207384133005932,-0.715916332476804,484622.776056304,4976651.42683755,0.121347362928565,7.679,3
1097,1,0,accepted,0.241063322427734,-0.627651872228474,484624.009447093,4976651.60810956,0.122868143852608,8.288,3
1098,1,0,accepted,0.26520342541271,-0.66181703446046,484625.224666118,4976651.77639921,0.122245032921509,8.795,3
1099,1,0,accepted,0.241323931841916,-0.51388909726237,484626.367936006,4976651.98116086,0.124742224983262,11.489,3
1100,1,0,accepted,0.271312357080237,-0.547887158790565,484627.571122564,4976652.14672996,0.124329757614243,8.371,3
1101,1,0,accepted,0.0591983008599995,0.313908730712987,484628.647744295,4976652.52861721,0.139157191023481,11.818,3
1102,1,0,accepted,0.0853531287020711,0.339883884143466,484629.846977457,4976652.69788406,0.139186466424,7.262,3
1103,0,1,acceptedDirectional,0.106225552634918,0.342712700831514,484631.044170653,4976652.87247098,0.139628949315005,9.048,2
1104,0,1,acceptedDirectional,0.120095291457914,0.386219803951898,484632.232945202,4976653.0530427,0.140111936301618,8.919,2
1105,1,0,accepted,0.210270173844107,1.13304301403425,484633.362143485,4976653.16229648,0.152916145558749,12.515,3
1106,1,0,accepted,0.144773127911529,0.820338412364564,484634.542943913,4976653.4301223,0.147055183608303,9.616,3
1107,1,0,accepted,0.0695951362394747,0.241769781930121,484635.735909814,4976653.71179238,0.136637474869963,9.249,3
1108,1,0,accepted,0.0658868049231143,0.101975111804125,484636.921230289,4976653.9138005,0.133761602001992,9.203,3
1109,1,0,accepted,0.0598061275228273,0.0416131549683189,484638.125244425,4976654.09301224,0.132379239617222,8.34,3
1110,1,0,accepted,0.0347452838802727,-0.102239761862292,484639.33887807,4976654.29310638,0.129455635792203,8.067,3
1111,1,0,accepted,0.0281014414208986,-0.266812103240309,484640.570231999,4976654.48771342,0.12635303204819,7.413,3
1112,1,0,accepted,0.0481098550319127,-0.436110886774074,484641.769162823,4976654.6715321,0.12288438913718,9.295,3
1113,1,0,accepted,0.0550501772111994,-0.582424344938666,484642.944258737,4976654.84703727,0.11981290370058,6.942,3
1114,1,0,accepted,0.0565127622611461,-0.282821414923774,484644.095090227,4976655.01888624,0.125023492606289,8.181,3
1115,1,0,accepted,0.052550470102552,-0.190324303299175,484645.264717677,4976655.20714402,0.125861653455764,9.578,3
1116,1,0,accepted,0.0527924580086,-0.204582594189795,484646.43614796,4976655.39083673,0.125836553195329,8.052,3
1117,1,0,accepted,0.0237952678620515,-0.00264258608021633,484647.578458055,4976655.61757629,0.12890652105934,9.17,3
1118,1,0,accepted,0.0220213576628409,0.0276370243850083,484648.738080354,4976655.79490396,0.128892785624385,7.667,3
1119,1,0,accepted,0.0228652642026941,0.0534768364230011,484649.908519933,4976655.97049865,0.129100823460583,7.277,3
1120,1,0,accepted,0.0300715200683354,0.0627987167351373,484651.06635486,4976656.14209865,0.128958472330278,8.21,3
1121,1,0,accepted,0.0345314540838688,0.0965408035849486,484652.211324764,4976656.31812298,0.129529581645051,7.371,3
1122,1,0,accepted,0.0464103270805085,0.109833597673463,484653.367912378,4976656.48422086,0.129649416937566,8.352,3
1123,1,0,accepted,0.0462992355324898,0.182355143396601,484654.513276788,4976656.66133416,0.130489969707967,8.682,3
1124,1,0,accepted,0.0720819397195245,0.131242809614208,484655.6459487,4976656.81420345,0.129227923070094,9.505,3
1125,1,0,accepted,0.0937499686878962,0.075437309499249,484656.776463809,4976656.96783545,0.12798141486582,10.221,3
1126,1,0,accepted,0.11160264153103,0.0199087402916055,484657.918110703,4976657.1248437,0.126701652427144,9.835,3
1127,1,0,accepted,0.132674380977281,-0.055037837277793,484659.063940535,4976657.27967699,0.125165977952366,9.402,3
1128,1,0,accepted,0.153028653492156,-0.118218309465064,484660.21588483,4976657.43791636,0.123938097012115,8.334,3
1129,1,0,accepted,0.174428093493132,-0.179577883394104,484661.363074845,4976657.59359624,0.122476573292652,6.998,3
1130,1,0,accepted,0.16793708461081,-0.258611548398808,484662.475039357,4976657.7723792,0.120782321812279,7.246,3
1131,1,0,accepted,0.197865463434255,-0.2854142855307,484663.600240628,4976657.91688691,0.120157819097084,7.391,3
1132,1,0,accepted,0.227861635944087,-0.183941159466684,484664.702180133,4976658.05405943,0.121701884590739,7.297,3
1133,1,0,accepted,0.25232038543549,-0.119576858122133,484665.804558629,4976658.19771153,0.122836202240158,7.09,3
1134,1,0,accepted,0.16367868553659,-0.0378164707484847,484666.898956726,4976658.45566956,0.124739757366596,9.996,3
1135,1,0,accepted,0.100954516390429,0.351238519916151,484667.982536621,4976658.68506725,0.131663279099198,8.145,3
1136,1,0,accepted,0.114075552924298,0.286299472322329,484669.107474873,4976658.84909113,0.130843105285911,7.101,3
1137,1,0,accepted,0.127811264035635,0.204428156837484,484670.208217077,4976659.00889429,0.129651784647054,6.979,3
1138,1,0,accepted,0.0696559914399354,-0.134999441174867,484671.26244216,4976659.22887389,0.123873613673046,7.555,3
1139,1,0,accepted,0.0784727583546671,-0.126066169128736,484672.323800392,4976659.37834827,0.12430053354764,7.451,3
1140,1,0,accepted,0.0224854398817435,0.222542668698365,484673.370857897,4976659.6144629,0.130471371090052,11.611,3
1141,1,0,accepted,0.0287944343803553,0.0401030213747309,484674.451291787,4976659.81306809,0.127479616007511,8.25,3
1142,1,0,accepted,0.0170768207536058,-0.00621993546628179,484675.564028589,4976659.94796028,0.126694626869561,7.212,3
1143,1,0,accepted,0.0275290782192106,0.134242484090209,484676.609572257,4976660.10401329,0.129136485398546,8.506,3
1144,1,0,accepted,0.0679927746658152,0.244571858120314,484677.68000682,4976660.22947589,0.130936828995572,7.111,3
1145,1,0,accepted,0.0876989090024421,0.157502873298271,484678.720607923,4976660.38043812,0.129722395141523,7.538,3
1146,1,0,accepted,0.0976816601293656,0.0370304300686436,484679.776280598,4976660.53598883,0.127706922228402,10.888,3
1147,1,0,accepted,0.183617731637363,0.0202822569692473,484680.729689525,4976660.66070574,0.127463138705138,7.418,3
1148,1,0,accepted,0.170993268338493,-0.0399118474991452,484681.825379646,4976660.81064324,0.126472588902735,7.75,3
1149,0,0,insufficientOverlap,0.19508834632453,-0.0430945133719098,484682.885249389,4976660.94449791,0.126561487752432,12.111,2
1150,0,1,acceptedDirectional,0.17830210865989,-0.341600040042976,484683.942646927,4976661.12683273,0.121420452775476,9.377,2
1151,1,0,accepted,0.357152258131613,1.32328167224025,484684.96842133,4976661.10307413,0.150423077920331,10.032,3
1152,1,0,accepted,0.361471772225172,1.36181515847989,484685.997825034,4976661.26277086,0.150937515526158,6.773,3
1153,1,0,accepted,0.273310485132254,1.0935110319666,484687.046259856,4976661.51238776,0.146204837534606,8.688,3
1154,1,0,accepted,0.190787080045932,0.793967124958921,484688.091862206,4976661.75722082,0.140316300292703,9.563,3
1155,1,0,accepted,0.23482487848121,0.953741103312683,484689.107736768,4976661.87582712,0.143231147985687,7.744,3
1156,1,0,accepted,0.317077038966804,1.37360564696954,484690.094414912,4976661.96276899,0.150218330454036,8.42,3
1157,1,0,accepted,0.337672833526439,1.56711478812526,484691.093839097,4976662.096617,0.153485703953248,7.424,3
1158,0,1,acceptedDirectional,0.335215477268821,1.57099494905897,484692.105734182,4976662.2587198,0.153312690538487,7.829,2
1159,0,1,acceptedDirectional,0.323250914653333,1.64615459066588,484693.114863151,4976662.42949859,0.154276017793385,8.735,2
1160,0,1,acceptedDirectional,0.314127392902437,1.69090282976624,484694.128345858,4976662.59324479,0.154601240957893,7.292,2
1161,0,1,acceptedDirectional,0.301874857043893,1.75254978361933,484695.130160975,4976662.76351672,0.154958666716079,8.273,2
1162,0,1,acceptedDirectional,0.297872314037416,1.75138586994711,484696.132444386,4976662.92552898,0.154241322814705,7.357,2
1163,1,0,accepted,0.0211018290432545,-0.0653644160386882,484697.252420161,4976663.33054072,0.121757686923711,8.03,3
1164,1,0,accepted,0.0341908009297055,-0.13034372416175,484698.245255224,4976663.46929888,0.119664199403523,7.147,3
1165,1,0,accepted,0.0574959901126038,-0.211463963692198,484699.25452136,4976663.60356912,0.117243963050041,7.441,3
1166,1,0,accepted,0.0936706304088535,-0.209560108376794,484700.269092348,4976663.72817811,0.116238684984749,6.407,3
1167,1,0,accepted,0.0988352109996152,-0.00825436333870277,484701.243246577,4976663.8632036,0.118770126422081,15.127,3
1168,1,0,accepted,0.1124532939348,0.210049707326985,484702.215691566,4976663.98984865,0.121583424860048,6.698,3
1169,1,0,accepted,0.127718064610867,0.191101176835504,484703.202452566,4976664.12154565,0.120316547815805,6.529,3
1170,1,0,accepted,0.12678393538531,0.103019832059401,484704.182430582,4976664.26715458,0.117614892005078,6.502,3
