frame,time,wheelSpeedMps,yawRateDegPerS,steeringDeg,lateralVelocityInputMps,inspvaVelocityLateralMps,inspvaIncrementLateralMps,inputSlipDeg,inspvaVelocitySlipDeg,inspvaIncrementSlipDeg,referencePositionMinusVelocityLateralM,fusedLateralM,matchLateralM,gnssLateralM,fusedYawDeg,lateralPositionGainPerS,positionGainMinPerS,positionGainMaxPerS,quasiSteadyLateralLagM
1,0,0,-0.073472959449072,0.125532299867785,0.00302607643973004,-0.00101902857935317,NaN,90,-171.805173210245,NaN,0,0.636802709143629,NaN,-0.0717822402922226,1.99999999980355,3.78453713200987,3.78272673691936,3.83632487624673,NaN
2,0.0998559667310051,0,0.0047492171065102,0.125532299867785,0.000324926807284534,-0.00169001784567376,0.000377181059672809,90,-165.186823913394,165.929891842786,0.000172921004191372,0.409314709312193,-0.00572751115700545,-0.0542880336651395,1.41746402247094,5.04491533093519,4.9641563533385,5.09048590470395,-1.03578056241804e-05
3,0.200121057709047,0,0.00511846104169817,0.125136945660606,0.000783784925542619,-0.00266940893184354,-0.000721268343401551,90,-157.883030751029,-152.844959367271,0.000319152129350576,0.254751849032034,-0.0102170237624444,-0.0397084174466568,0.929774681212159,5.3964962141714,5.30474309593866,5.43454424296996,0.00027889452882258
4,0.299872987759305,0,-0.0715111174282323,0.125532299867785,0.00824888365773494,-0.00129271331759705,-0.00037637486979317,90,-168.069592564141,-167.897763720705,0.000479222680404677,0.154585761230768,-0.00784110956576382,-0.029474193442087,0.5899027157816,5.7058651822146,5.57486390747914,5.74780876704559,0.00151164779609819
5,0.39948784948268,0,0.00674113186924332,0.125532299867785,0.0105086011554487,-0.00101295397502369,0.00068387131255599,90,-171.186980296868,162.756721787342,0.000662185790908786,0.0916220187029186,-0.00194666887172217,-0.0237828554681133,0.40137396928214,5.94585626893518,5.79909427720841,5.99122308162477,0.00165236584917519
6,0.499382309785561,0,-0.073472959449072,0.125532299867785,0.0145724609280468,-0.00349146168163065,-0.00091732998636039,90,-148.852476810403,-159.920402004567,0.000795532692502332,0.0533868558620006,0.00140650187455096,-0.0210650325550902,0.311241165544846,5.93887108534623,5.73858113676045,5.99031045196735,0.00260820460518619
7,0.599357398516022,0,-0.0696765768114721,0.137691973664515,0.0138515321493863,-0.00204623948881941,-0.000662487441328234,90,-149.615915075222,-86.1329279883443,0.00100611653471199,0.0302270105667311,0.00289300225646137,-0.0193085018467191,0.250700227706295,5.94423356992599,5.69473818030055,5.99832758060513,0.00244169738957536
8,0.699386846412172,0,-0.073472959449072,0.0823224203654153,0.0171729281913812,-0.00218153032813794,0.00142270983431686,90,-8.46723867963503,5.63717552333661,0.00135988015426625,0.0163129729862134,0.00382255618660072,-0.0182389186944253,0.215495894637448,5.91767183136649,5.69164074681414,5.96645554780554,0.00266155657256637
9,0.799663381425096,0,-0.0706545153482707,0.137684384964408,0.0198778878791087,-0.00116882734653363,0.00180756858322775,90,-1.75956450075494,2.93344860412777,0.00170911799792556,0.0073464644741975,-0.00268670450503298,-0.0175145780316728,0.194280029637213,5.72020127609932,5.55674066610479,5.76584037304519,0.00315903556949719
10,0.900221075567739,0,-0.0726085207962237,0.137877972196737,0.0103099418422406,0.000485985164049164,0.00308650030301906,90,0.3143051900178,2.64405638075353,0.00205382186903471,0.00237933217161499,0.00351229742120078,-0.0177161263891831,0.201769106867284,5.72999185297884,5.57025469736286,5.76950314614853,0.00126063731407686
11,1.00122898844631,0,0.00199931475914476,0.1255843250753,-0.00155686795383881,-0.00241980387782816,0.000996272869047883,-90,-1.10850109793656,0.504343171854965,0.00225211880827696,-0.00087560908513291,0.00479470447234595,-0.0177574295012917,0.204153809481722,5.73379213928274,5.56940858495359,5.77390180999533,-0.000445279626618288
12,1.09968202053745,0,0.00674113186924332,0.125532299867785,0.000240815695110411,-0.000328246354620407,0.00119622279257561,90,-0.110915385676361,0.446349260304797,0.0025051675081242,-0.00370078572392258,0.00108809962011127,-0.0186143813517393,0.225487473860235,5.73171032917329,5.58693304423883,5.77120022637631,-0.000166687959194722
13,1.19983423171688,0,-0.073472959449072,0.180621841980292,0.00974840948376292,-0.000198184001858656,0.00242686956789278,90,-0.0516629839071411,0.692997697434334,0.00277458544370942,-0.00494377032931625,0.00727229218301688,-0.019442572345441,0.251706327360486,5.61314742659029,5.48438011754208,5.65637265323765,0.00130435553521843
14,1.30036955797316,0.0912603342607388,0.00644961047250849,0.305485581190328,0.00809672350607225,-0.000267617325286157,0.00187638271710848,5.07007338963467,-0.0564031363449389,0.429287971418991,0.00298664293655312,-0.00536676852872111,0.00722851995425421,-0.0191658389093103,0.240476577416252,5.93916682234588,5.7140178051309,5.98074898820125,0.00104734232511537
15,1.40021434076099,0.199473839924763,0.0861143631292277,0.477930273654834,0.00382358989932291,0.000624687692379167,0.00219457257414084,1.0981326594618,0.11012844699175,0.414593600809163,0.00318793375190915,-0.00505251376866629,0.012343738891009,-0.019603875823237,0.255211564944325,5.88442513494397,5.7006977755764,5.92240338618732,0.000276835423652235
16,1.50082093214358,0.265823759347654,0.00463032788560572,0.702984380604084,0.0088233074784308,-0.000361003630726692,0.00216316155021889,1.90108193541521,-0.0542195583683388,0.346509456424246,0.00339229788476417,-0.00511829586002524,0.0101208123936325,-0.0200559729723978,0.263923330053716,5.89005659667442,5.70475950520552,5.93023953497634,0.00113074396126725
17,1.59970233526769,0.335775553396021,0.0893876313180906,0.970758113900236,0.00717352952730896,-0.000928604662962712,0.000163116794253349,1.22388436903799,-0.120251382928047,0.0225124318142965,0.00347218624103329,-0.00478872599755412,0.0113568334585928,-0.0200398979161571,0.257445165437934,5.89105786986481,5.7067990248539,5.93000168663866,0.00119000914401414
18,1.69951356622597,0.413143711259611,0.0904148831228216,1.22425085819945,0.0113564520236608,0.000694899787979542,9.13651115325492e-05,1.57454403224462,0.0791389544998478,0.0110855169639334,0.00349296869090851,-0.00507778429023785,0.00616677157234612,-0.0197203775165857,0.245319854031907,5.88458376344142,5.68635681900976,5.92565965306031,0.00191433878163376
19,1.79962520309991,0.470123113192773,0.167169314505874,1.45263882535589,0.0139554086214519,0.00154561330728087,0.00112671823161363,1.70030202470031,0.157103972424067,0.12102151040457,0.00349361558066905,-0.00540136969376784,0.00130450217955483,-0.0178542478338507,0.187801659348471,5.91385785082481,5.71799214642471,5.95442509938705,0.00216925917285094
20,1.89961953861631,0.540982671566948,0.253613140702978,1.63781990620848,0.0154842210869914,-0.000884631728374163,0.000657629838729518,1.63949496208442,-0.0811824545096291,0.0634380672003713,0.00352632763252289,-0.00511849742611666,0.00394888942737069,-0.0180558588513222,0.201476011517142,5.91688980379384,5.76934080948853,5.9499290541857,0.00250580824384379
21,1.99971192870431,0.608468965797048,0.327597497142504,1.79251674082839,0.015255374704654,-0.00209329572731065,-0.0018750237332284,1.43620391415252,-0.173557775811466,-0.163533356102215,0.00348768596386642,-0.00487559326865681,-0.000151084117656857,-0.0164164812831714,0.160091080872899,5.94703160729476,5.81993756511185,5.97727202625999,0.00288049561009056
22,2.09959052341338,0.69353276880698,0.410662329279105,1.93413640266779,0.0156876391409735,-0.00053529544487535,-0.001848145471826,1.29580360361443,-0.0399810509676284,-0.145476868112594,0.00343436578749381,-0.0038507738111352,0.0035276010170395,-0.0151038840098828,0.117717781334807,5.93876782628421,5.8229951505133,5.96180820198221,0.00295276480336348
23,2.20015810104069,0.770589978093393,0.569481450082707,2.0394070875943,0.0124580371252585,-0.00844896169255727,-0.00495592952978703,0.92621340891249,-0.568766104151671,-0.350894730111337,0.00338772244833771,-0.00255726411412451,0.010948809890205,-0.0172457598123641,0.163353390343666,5.86096161869179,5.77703256830286,5.87338087468861,0.00297117909789903
24,2.30030302965247,0.864577238142811,0.726369365578331,2.10741412386862,0.00709283865510135,-0.0182778514180112,-0.0143693719682018,0.470033890670291,-1.11644162350813,-0.92060838813061,0.00328698011387516,-0.00341389564604708,NaN,-0.0184029427899817,0.155175043088165,3.78265974746689,3.78142281926603,3.83499903557213,0.0056738411742361
25,2.39968927076991,0.971045434052134,0.731041267661346,2.13787789082641,0.00847161323723158,-0.0187679036418198,-0.018249354635928,0.499848259507412,-1.04051658324301,-1.06036977790608,0.00331416452616814,-0.00434290855361553,NaN,-0.021073619811303,0.147992695403971,3.78265810961206,3.7814231251178,3.8349987210015,0.00706407163926849
26,2.50014813006584,1.10820405510969,1.20881843685295,2.13787789082641,-0.0101248530253096,-0.0693670573312424,-0.0404139827382514,-0.523455228088517,-3.41311970134502,-2.12318758734295,0.00368119074240058,-0.00572323196198153,NaN,-0.0261615291008377,0.12373088808754,3.78265181821251,3.78142353543153,3.83499829893338,0.00800737978766838
27,2.59939028038044,1.18985671307314,0.495135950012616,2.13787789082641,0.00853613556895805,-0.0218518798750346,-0.0514440156576919,0.41103785496314,-0.993538285543166,-2.4332674526519,0.003102157746595,-0.00716111343530653,NaN,-0.0305374491766676,0.118257698106635,3.78110466030896,3.77987828135259,3.8334113248724,0.0158631290628567
28,2.69970764979056,1.26695852457974,0.325296222253359,2.13787789082641,0.0499110663314847,0.0177350739887221,0.00282203978413803,2.25596610723676,0.75107054619504,0.123514446641431,0.0035917509225539,-0.0102558569679039,NaN,-0.0322894152271144,0.141835347742583,3.77726262169162,3.77602355570847,3.82949439643234,0.0124664423058459
29,2.80056496957375,1.30124913374208,1.44958601672814,2.13787789082641,0.0416672640420584,-0.0054030116650069,0.00475837329513793,1.8340399694922,-0.22272507646308,0.198976074611454,0.00344977832294482,-0.00796253471927558,0.00645178991722921,-0.0267901823842887,0.0418376564487608,5.82967621098989,5.72254693630657,5.8934091725546,0.00633120767107806
30,2.9001767101967,1.38069734235038,1.13451641911141,2.13170521276816,0.0526793049037989,0.0101390011567024,-0.00352097372409928,2.18501072291,0.404632852513858,-0.142767474838532,0.00286316792317971,-0.00374371723598244,0.00767049181072523,-0.0197576820877287,-0.0173911953883064,5.8560794488698,5.74145707532476,5.89608614186783,0.00959691191326727
31,3.00015361956907,1.44266356794908,0.408921059728008,2.13141117705838,0.0713003425462562,0.0385348962869497,0.028839112057631,2.82941045991888,1.48939213919529,1.13116753188691,0.00331328029898311,-0.00151543821172029,0.00976818334849157,-0.016575383643492,-0.00325596362307946,5.81682835865045,5.78238711999683,5.83806888646531,0.00729972209434017
32,3.09918665615537,1.52686615418501,0.960243977114083,2.08263745471202,0.038461343928688,-0.00742651051274523,0.016427381917682,1.44295998676781,-0.274924945072729,0.622007825008833,0.00339975486019527,0.00157688759566955,0.021437322911201,-0.0158839187181897,0.0148930141371924,5.81316880010883,5.72489185618524,5.87589887635667,0.00379035303612609
33,3.19946891318574,1.56109627808558,1.29016659296229,1.96509668398414,0.0172877983782197,0.000609602626113204,-0.00851801518169889,0.634475534782363,0.0218110483285948,-0.309941787953387,0.00288735652677537,0.00505831693503147,0.0184420216452381,-0.0125751716972941,0.0268484242967604,5.87220328609951,5.71883172096786,5.936410006597,0.00439457087955474
34,3.29970045233424,1.5956195919593,1.13227333688723,1.73141377270136,0.0438208912054196,0.0254760890477117,0.0151076148421582,1.57313258792634,0.879863615938038,0.529872737227154,0.00309431150215727,0.00723495197480164,0.0202529490517287,-0.00798777570219807,0.0296751228102343,5.81216084116799,5.698221585926,5.90160983568456,0.00494020677471329
35,3.39939100074286,1.65107931318853,0.892702767547261,1.53976772724026,0.0356396046235903,0.0168217173180212,0.0203483120310572,1.23657407078757,0.559954600943368,0.68827775171289,0.00301450013118232,0.00857987835458216,0.0219475221365884,-0.00368982976949545,0.0348696983410727,5.81335474188823,5.6318193540847,5.92920695191181,0.00263037321331028
36,3.49943137249049,1.70932192846246,0.656917248369633,1.50843641314685,0.0162903240957699,0.00957188146832122,0.00933654205354326,0.546028542368263,0.310685163725388,0.306813723730959,0.00262831855188443,0.00967095983939683,0.0202797738483501,-0.00026697604273819,0.0420663340094346,5.85150774886853,5.63520706598423,5.9558381414079,0.00118837440548059
37,3.60100134353679,1.76220845504945,0.577324675533186,1.33303472298895,0.00494435498636074,0.00119646379179306,0.00931645525780241,0.160758466988601,0.0376825022566595,0.297750022388087,0.00302772038453042,0.00976261410587843,0.0201020610131108,0.000840850242765964,0.0419793674798486,5.82042634736933,5.63993064040434,5.94172157847996,-0.000751164950900502
38,3.69993060353405,1.80456421283513,0.963515895870967,1.0210035651535,-0.0159048016400726,0.00332233228147227,0.00648182928407282,-0.504972007324468,0.102499201731129,0.202286820152125,0.00344544238322895,0.00978434013714884,0.0236991318372503,0.00217076400316329,0.0415664128562833,5.77911698520622,5.59561071672257,5.91026526859478,-0.00387371132673941
39,3.8000713706786,1.85126433965869,0.571282298686947,0.693594110762067,-0.00671564505756794,0.0134378609650315,0.0111653375504781,-0.207845212836896,0.404001772318318,0.340222198963371,0.00372435854636378,0.00865291676504839,0.0180136483112097,0.00337785918745447,0.0380858878987669,5.80904685974551,5.63910136325327,5.94077391691708,-0.0030781267632655
40,3.89960404342418,1.87861545064106,0.33336039303618,0.385254477175517,-0.0153989098361243,-0.00423472622747312,0.0103465081064866,-0.469639905717407,-0.125185502979416,0.309314668261849,0.00429616785275278,0.00573721388750858,NaN,0.00292548707422497,0.0347860176559883,3.76662496254942,3.76541606755149,3.81861339515009,-0.00683514238836913
41,4.00033287790665,1.91424516348963,0.0858638981563279,0.112592671509139,-0.0243603884734127,-0.0109084327187408,0.000866561272670009,-0.729097889336865,-0.318287961264673,0.025454117021391,0.00514613193527395,0.00254057944135043,NaN,0.000488316714404961,0.0354927236329151,3.76662522629355,3.76541612154277,3.81861333956758,-0.00669749397152172
42,4.10035244231813,1.92978853471257,-0.073472959449072,-0.116360674328375,-0.0274037862458554,-0.00122842100928555,0.00169984086650516,-0.813568813333168,-0.0354678577241875,0.0494075847370669,0.00592311068991214,0.00148315558403527,0.0261048066989692,-0.00287921381979226,0.0649865833269766,5.70677711620008,5.53895832595121,5.85986813209541,-0.00509983595289587
43,4.20032284939796,1.94712189296089,0.00548879647886176,-0.300807710379931,-0.0258490488931093,0.0133634902441284,0.00857896718270209,-0.76058638888291,0.384765275477651,0.247659536265792,0.00617417962581678,-2.84957903475581e-05,0.0209910940048903,-0.0037103268883161,0.0748797027908839,5.69801969521383,5.56329673555432,5.84506056358042,-0.0060421019788208
44,4.30057831698303,1.95034269073194,-0.155907136026136,-0.392986227809618,-0.0133394980901647,0.0279840924091961,0.0227604075001149,-0.391872170723411,0.810921300590869,0.659167892456091,0.00638337430595685,-0.00178672018944951,0.0185509922915946,-0.00342803126770378,0.0960708600312487,5.57573327728134,5.45946149697844,5.69664223366137,-0.00647446780450758
45,4.39962409806272,1.93746158805596,-0.0764717148554388,-0.392986227809618,-0.0184012801981092,0.00228478147365296,0.0171991489795352,-0.544157365360141,0.0666114205948174,0.500965098043221,0.00658787532247616,-0.0028814238946194,0.0161579171215586,-0.00352412765759618,0.10892169721008,5.56994378957004,5.44483980762758,5.69185494763653,-0.00639152395834008
46,4.49971830879264,1.91101387933685,-0.150891352086783,-0.392986227809618,-0.027296845436131,-0.00493200964008067,-0.00324627357523373,-0.818354957763581,-0.145685055707474,-0.0953008841006109,0.00639542823812005,-0.00318234992347462,0.0164697995554928,-0.00574073797821579,0.100704648926337,5.60296590165958,5.5000914169621,5.71196256435332,-0.00429247157363096
47,4.59934903610982,1.89626955344992,-0.634971598677279,-0.392986227809618,-0.0174431290746601,0.010074684168593,0.0135591181827642,-0.527029234020932,0.298322118745382,0.401726491088363,0.00749014884263292,-0.00554995922159905,0.0126982399350788,-0.00837238338633733,0.124132788284952,5.47036414514132,5.3404149323092,5.56575405594826,-0.00566730960405259
48,4.69972882752839,1.84399209947423,-0.554757507358964,-0.392986227809618,-0.00071546029608775,0.0340161168832676,0.0402309567801065,-0.0222304929232995,1.03141326988899,1.20720643911066,0.00931561118625772,-0.00750248706186218,0.00778184914845986,-0.00622721607720934,0.117459769476857,5.46061175084594,5.33018425786419,5.56144871278636,-0.00749850363740858
49,4.80060955556475,1.8306514436384,-0.23433174049735,-0.392986227809618,0.0133775318843896,0.056409073663382,0.0680239072891083,0.418682910458754,1.74677303997252,2.08354070063409,0.0116168329498746,-0.00789080418053897,0.00475769302145865,-8.47861417739848e-05,0.12630977204291,5.58345450700833,5.44274068552605,5.70187333016218,-0.00978719811115624
50,4.90102601991328,1.783067890907,-0.230031306189551,-0.392986227809618,0.0167660005400392,0.0668538162440157,0.0839207265194976,0.538730334237178,2.11562027613335,2.62925069869434,0.0138550437975809,-0.00711556470830169,0.000963590301220901,0.00853349303239823,0.140367253867465,5.6236220609912,5.47819731411932,5.74060732348545,-0.011941543235148
51,4.99962886482469,1.7688297400103,-0.153687050767387,-0.392986227809618,-0.00264649641367303,0.0412595538102442,0.0760361229430557,-0.0857250183119321,1.32885748400682,2.43049582012108,0.0160222789056449,-0.00536165485025312,-0.000512247962436472,0.0147219805686641,0.162588365192479,5.60539572391278,5.45819072040077,5.71767951896185,-0.0140369428372499
52,5.09975610720074,1.72520783520778,-0.0703866542356058,-0.392986227809618,-0.0293506725047735,-0.00240281372097717,0.0354302362547261,-0.974669491253178,-0.0787716510926726,1.1548069115364,0.017624501642132,-0.00238014207822268,0.00257016868494672,0.016366580625825,0.153948376358042,5.67727059043129,5.60325407247114,5.81240867166702,-0.0114105726911597
53,5.19959360742091,1.71744228556978,-0.311163198565416,-0.392986227809618,-0.0447699352840017,0.00463226167560904,0.0187829313057441,-1.49323652501224,0.152821155628673,0.618077225219864,0.019388451295174,-0.000673519220357603,0.00521314720544711,0.0151399272069209,0.153145212372744,5.62906197812108,5.57731841982072,5.79031436868649,-0.0112901344552186
54,5.29954944936544,1.75771055548299,-0.548428235378472,-0.392986227809618,-0.0321929656909994,0.033813913861529,0.0364466908152245,-1.04927108272383,1.10343554126569,1.19603669191837,0.0211100510390207,-0.000661240010300497,0.0067614229030111,0.0138137511552139,0.156708635630063,5.63420934041497,5.54862554218642,5.78856551133413,-0.0121826599544078
55,5.40013159212805,1.79905837426381,0.00350041085530359,-0.392986227809618,-0.0487662271275048,0.0172810343461388,0.0405789204445881,-1.55270946420175,0.549783641185976,1.30968346658615,0.0226219461207951,-0.00124611793910966,0.00423325271664175,0.0147397731807337,0.154352018129236,5.58155658858129,5.51512570898246,5.76126884188519,-0.0160072098444499
56,5.49980081301712,1.82608847174842,-0.150811939013755,-0.392986227809618,-0.0486982173515575,0.0267354610616886,0.0401925146628013,-1.52760460374231,0.836732686162292,1.27154673345819,0.0244343578410262,-0.00169149013940768,0.00260351679088507,0.0168211683838477,0.165537118485663,5.61236620622022,5.52810649063246,5.79223358982716,-0.0158383699046297
57,5.60016655948378,1.86051008222237,-0.233901142085702,-0.257019500553597,-0.0503038540397259,0.0309382927860894,0.0516237074901356,-1.54876694049588,0.949436239039975,1.59947052412367,0.0267213751004169,-0.00374475804805122,NaN,0.0168206488543974,0.249910740625118,3.7487079827321,3.74754229694018,3.79969958189062,-0.0271900510787654
58,5.69954447766676,1.88499874114668,-0.0767413899903958,0.0433625522261378,-0.0628478751346082,0.0179424537520271,0.0505506871762287,-1.90959522398521,0.540423341715998,1.53247004367354,0.0293161637396154,-0.00610950638973519,NaN,0.0161144594464898,0.332570903351638,3.74008345576596,3.73900157227143,3.79032056481695,-0.0303197946388106
59,5.79959629344927,1.91174865808826,0.164119163248232,0.511407036362377,-0.0708817693114796,0.0261432545411897,0.043133696600667,-2.12337890487891,0.770520935914278,1.28187634948126,0.0314263408235269,-0.007994138923975,NaN,0.0155977331163561,0.406371180322821,3.74010478169603,3.73900338443483,3.79031870246428,-0.0304845646223964
60,5.89969804683854,1.9337579513029,0.247383405824189,0.957319664908881,-0.0631906241241931,0.0296707042433695,0.0519631295077038,-1.87162420200924,0.862367751864179,1.51885182917416,0.0338344036298763,-0.0100758392665507,NaN,0.0150021003436144,0.486802345694484,3.74012860006943,3.73900566416838,3.79031635965689,-0.0307887150270071
61,6.00006145247989,1.96864396780844,0.728667953734081,1.18689911398908,-0.0749525157061131,0.0199286275874222,0.0469302845965886,-2.18037880429442,0.572772232715485,1.3536577241666,0.0360555078896709,-0.0113208051650426,-0.0130560099920512,0.0197684637436888,0.389755317062549,5.5344731548605,5.28336772978037,5.646924774917,-0.0220224756525671
62,6.10028778979435,2.01062449735779,0.972462418823067,1.19343348334289,-0.087516405113604,-0.0105134059941078,0.0311468598494194,-2.49233884592347,-0.298476094801326,0.887857130013932,0.0387054169835741,-0.0117493121677443,-0.012374140563936,0.0198966288950545,0.327588369610946,5.38651396963218,5.24467225253831,5.50712416645659,-0.0220296959465838
63,6.200692810108,2.04373640133985,1.12995615467895,1.20620084592167,-0.105550970021389,-0.0307751344198401,-0.0126980349382593,-2.95647555728515,-0.861031525666373,-0.357349636965594,0.0395032588971464,-0.0119715982189959,NaN,0.0125350751064261,0.395348708487616,3.74011028798474,3.73901009406057,3.79031180744378,-0.0248262558944916
64,6.30006812737395,2.06910650865265,0.57164020575257,1.30437534781006,-0.0888702244310047,0.00485949976048372,0.00517621709615321,-2.45940026267591,0.134601624513291,0.143858437187694,0.0413053343215252,-0.0151249583503645,NaN,0.00681957673581332,0.498471464709271,3.74014215357003,3.73901404347945,3.79030774891214,-0.0251451516187397
65,6.40010797893818,2.06574558805094,0.566189711741582,1.69332264860169,-0.0556242637727561,0.0394186710805009,0.0564203360978369,-1.5424288646148,1.07892228326334,1.54710731922288,0.0447348255507227,-0.0203516268244976,NaN,0.00385608654040458,0.615599331357351,3.74017741214759,3.739017450485,3.79030424793051,-0.0299570281095991
66,6.49936235356276,2.106873182707,1.20668907076708,2.43748153769522,-0.0567577991230151,0.0284781484496687,0.0546195031766263,-1.54313796749252,0.772741514882367,1.48924550552656,0.0467865220000917,-0.0198238121707255,-0.00854465578034278,0.0108063410444665,0.487425224911338,5.97842078323085,5.89584824966299,6.04984748569169,-0.0186298867774662
67,6.59974552617345,2.15674546847564,2.16892355853569,3.37851071538305,-0.0787286073873831,0.0185482068280294,0.0387223751906481,-2.090564251244,0.491819335372751,1.03723162656655,0.048313269503204,-0.0170448554704419,-0.0125613926569922,0.0183417370213807,0.38226411807669,6.0312455499126,5.88080421548644,6.10700663425382,-0.0194737524125068
68,6.6999136029467,2.23013235063565,2.73531126679878,4.30721536972748,-0.07986896628848,0.0106742598905704,0.0375467109018293,-2.05108890080101,0.272539885411637,0.968581442433874,0.0506106721785151,-0.0145944264982308,-0.0202580233985967,0.0238785560942257,0.314987410309574,5.97242754526699,5.76728485834858,6.04414208929666,-0.0196596235450958
69,6.79977034995281,2.3043327563852,3.45511412385915,5.17037539196618,-0.0942728007737768,-0.00545721495033091,0.0275207127854172,-2.34272724790088,-0.133313063745449,0.681514100682521,0.0530983224641979,-0.012556419558029,-0.0246627891098356,0.0273207777813157,0.247487483444843,5.92245798320849,5.72021257074683,5.98421921707072,-0.0205646901851404
70,6.90044560554469,2.39799218800263,4.17366990949498,5.99638817043789,-0.110560488345301,-0.0253530546316232,0.00152564409509121,-2.63977779608618,-0.592528535792657,0.036218757992967,0.0548028329559225,-0.00975431606107791,-0.026045834317218,0.0300600497700315,0.165087315951343,5.79909330525434,5.58738662980978,5.86075307780609,-0.0193282167643061
71,6.99951947652819,2.53469548071807,5.04741552324582,6.70654300852405,-0.123509895121607,-0.0297693450749399,-0.011457877532961,-2.78968533840444,-0.662292898826888,-0.259655698530788,0.0563982514338915,-0.00897897625918086,-0.0441082348437026,0.0310397468502776,0.109534480101455,5.62844605018377,5.56112640927455,5.63648304612808,-0.0199081623221719
72,7.09941471710617,2.73083277301504,6.00437305972228,7.37879155977684,-0.126824496665032,-0.0349059542959889,-0.0178350537902265,-2.65900241494101,-0.733824738097873,-0.383663071200174,0.0578469917398516,-0.00912569521129723,-0.0560787717532412,0.0320607560753197,0.045573881531592,5.50752382241132,5.49960473733484,5.53060500920069,-0.0197891913660553
73,7.19946159114635,2.86203487314507,6.89000182635574,8.03386060529311,-0.131952135665169,-0.0471410150649132,-0.0290622834404184,-2.63971296113038,-0.936247292588848,-0.590325427775443,0.0590436725336824,-0.0080648018652428,-0.0559932046288707,0.0333499550550986,-0.00956760675636788,5.47188760114423,5.47183368185396,5.53082123194268,-0.018803356304913
74,7.29997480960797,3.02139915631998,7.93843942998622,8.57463908245706,-0.143331797619675,-0.0618110297111776,-0.0488872521315998,-2.71601152269016,-1.15926885721508,-0.938727113613216,0.0596054178194003,-0.00717160921968403,-0.0595165064918118,0.0332858917913053,-0.0449884517412047,5.51434541304316,5.51192447580592,5.63259110183959,-0.0171270637607655
75,7.40095775368317,3.20431388678339,9.13717440961394,8.84225681571967,-0.169239505128232,-0.100348702891612,-0.0782113745040529,-3.02333301440078,-1.78213184673806,-1.42027935746323,0.0598950865661514,-0.00624581822984363,-0.059434473390727,0.030736746505141,-0.0576241409479252,5.59622394831682,5.59082718496208,5.66940291610719,-0.016265991401498
76,7.50037000397079,3.35970665340124,9.5198714360297,9.00811413812185,-0.163130767279684,-0.0859153430466393,-0.0976242402188592,-2.77981697956998,-1.45261600970526,-1.68391898365881,0.0594485051405746,-0.00440154971984338,-0.0479873783598439,0.0268690326083212,-0.0515171033708163,5.5684249344497,5.54198908876967,5.65305335467794,-0.0117639238800835
77,7.59933749744821,3.47354606523823,9.92637208090219,9.30166917956847,-0.166171480234233,-0.0609948301703134,-0.0781572171577025,-2.73889308684624,-0.987447425952496,-1.28698006188658,0.058983147066114,-0.00411314094438152,-0.0485459770336734,0.0282038106347631,-0.0526517686935626,5.45280901317553,5.44444834355029,5.59866648063431,-0.0161410867066613
78,7.69972847280996,3.69197021252817,11.2930744312066,9.70289995428304,-0.161809689037342,-0.0362766079724994,-0.112539796003551,-2.50952269407992,-0.559469909198486,-1.77668731323663,0.052567754453304,0.000482581562873163,-0.0543565958035666,0.0372150297700689,-0.101971104720158,5.31921874775886,5.31164799813377,5.51205586306985,-0.00926261832238989
79,7.80006196790559,3.8616368956681,11.9369362061164,10.1920896934858,-0.149406847662626,-0.034007175780157,-0.0851853811849127,-2.21567031471238,-0.506537345694662,-1.29402865998064,0.0475467162641928,0.0059602335104489,-0.0427954734736553,0.0467292937327587,-0.0625642807494775,5.2643571513099,5.25914956381206,5.62729162281965,-0.0121992989137779
80,7.89999050022142,3.98419847743087,13.2906558709881,10.5874986179393,-0.181126295181923,-0.0999002941917126,-0.117567712724442,-2.60294056046477,-1.44196613101623,-1.72267837540824,0.0424889357541178,0.0134233391497394,-0.0288526142718888,0.0565877917318221,-0.106004694249803,5.24146388116246,5.23752881503456,5.55150043291592,-0.0121261128376572
81,8.00000434261545,4.13358520571052,14.4105756200898,10.7916431006477,-0.236670265046486,-0.11804535208908,-0.164184344059158,-3.2769177598704,-1.65391765179599,-2.33091679680078,0.0369670194026137,0.0224565641420338,-0.0179166406598083,0.0646581331513496,-0.163355203656551,5.18218614626831,5.15198988056695,5.53490022022634,-0.0139875178045321
82,8.09993287493128,4.24564524502265,14.892354750907,10.8107169707834,-0.242219864286461,-0.138529634065579,-0.176367961670672,-3.26526294799781,-1.88493788274138,-2.435166007337,0.0321624087430238,0.0268193191422382,-0.0272078485121065,0.0648668470607226,-0.158184586457615,5.11238883981875,5.0800574080054,5.39595078523238,-0.0128808478148003
83,8.2007657460945,4.35151992010836,15.3797581936297,10.811177852516,-0.288794011692462,-0.180103569341808,-0.217823125958124,-3.79693742917024,-2.37953492060225,-2.92293449552146,0.0262630279206691,0.0274139979430057,-0.0275914019598698,0.0606087831425452,-0.184608379866537,5.15414491896157,5.13352403784643,5.43134643875089,-0.0137696721474096
84,8.29939407999269,4.40624846886763,15.4527939046493,10.8292360589996,-0.312989758882639,-0.163764400155005,-0.234449508016817,-4.06307582648371,-2.1155886328304,-3.06230351372887,0.0200972260179321,0.025895382479815,-0.0273589021662907,0.0563801024065526,-0.182903298509209,5.11792370819988,5.10204239458269,5.30923804695519,-0.0153461159923088
85,8.39974266040703,4.51842799076832,15.2144611508418,10.8292360589996,-0.28253284315206,-0.13610597712003,-0.215625099179441,-3.57799023357379,-1.72404436877857,-2.75794695361929,0.0135053367475052,0.0219649833618498,-0.0283206735936051,0.0535893674860364,-0.160378306850128,5.11403417810102,5.09943349286958,5.30809032255828,-0.0130831632410919
86,8.49977158811978,4.54122862331918,15.5315973809583,10.8292360589996,-0.280003996818771,-0.0968880680729363,-0.162797373388291,-3.52828813003343,-1.20652155750617,-2.04342443430446,0.00887396230507656,0.0168944335571107,-0.0282854888761504,0.0545241300355926,-0.108022882634047,5.05879237861202,5.05334817680575,5.22184194623608,-0.0231688938107078
87,8.59983068646994,4.63967021424676,15.6963282619226,10.798665077891,-0.261973780443158,-0.0667450258797533,-0.170462620344138,-3.23171049819777,-0.820688443519774,-2.10388608447185,4.11613161275387e-06,0.0148564329195177,-0.0470410396018251,0.0607930999471186,-0.119457643945325,5.01439527699241,4.82241604317989,5.3542082921399,-0.0182496901508547
88,8.70036081089219,4.6952601215535,15.8479376717859,10.730470680368,-0.258236825156825,-0.0207012485336623,-0.167625173937069,-3.14806590904803,-0.247851850751541,-2.0550001478154,-0.0124517710370599,0.0173824995842332,-0.0435299734341052,0.0718517062023291,-0.0466379372594352,5.04979708706147,4.82679684920832,5.36858712272658,-0.0179436222203701
89,8.79990622813116,4.79114362352498,15.9317458979901,10.730470680368,-0.26158397342274,-0.0690808365226248,-0.160348820838785,-3.12509774383348,-0.817554321757231,-1.93399823593632,-0.0239450637524778,0.0192905469696528,-0.0518416053533983,0.0786798189846144,-0.0192123114747096,5.09819574236458,4.891985086299,5.39546143124721,-0.0198570548680035
90,8.89980484990127,4.85972578188062,16.7314648464286,10.7243031150625,-0.327648850183321,-0.17057902306292,-0.225526149976996,-3.85711655109421,-1.98473169825499,-2.66928477077689,-0.034503970475192,0.0231611685988001,-0.0377312396345496,0.0768373312889946,0.0183394501815195,5.12231367243206,4.87554071298307,5.40250559442726,-0.0199368306466553
91,8.99986524870995,4.94952682583525,16.8975369323259,10.6872634565502,-0.371850115098479,-0.215200850257215,-0.303343665920703,-4.29646985237328,-2.46205594896286,-3.53283331027204,-0.0455560146749164,0.0256732494071763,-0.0271631304253993,0.0661382306986022,0.00928201835422792,5.12755030505838,4.87038037475868,5.39343051190374,-0.0133604635941248
92,9.09968688333631,5.01518943044152,16.9000487698877,10.6317109645518,-0.379308225264635,-0.219715183283889,-0.322471386551695,-4.3251534041504,-2.47940453692214,-3.699143603184,-0.0560386209040924,0.026579987768771,0.00593763885799082,0.0553795722583979,-0.00180403561432051,5.16556343471131,5.05824323811599,5.16920237514872,-0.0110030279235389
93,9.19970228628056,5.06658526518865,16.9045144495484,10.6193595240033,-0.351683747609099,-0.173719562611879,-0.290750928282907,-3.97066766275617,-1.928290090386,-3.28276943223554,-0.0654434248312051,0.0240159914813534,0.00875219308319066,0.0474612102291963,-0.00889366161001441,5.15754285655555,5.01187182851505,5.19237146705445,-0.0118143117800258
94,9.29955903328667,5.15341556142656,17.1327022692777,10.6193595240033,-0.314370367002986,-0.177891519790967,-0.262816943737379,-3.49085030353692,-1.94389503469596,-2.92130722249317,-0.074132100440885,0.0180220081681835,-0.00254434854698967,0.0402524828625097,-0.0335779592302873,5.13060093521379,4.99691517367377,5.21132327105156,-0.0100482231841052
95,9.39990345223378,5.24964119222212,17.6882186896065,10.6193595240033,-0.327279129949173,-0.185752962071263,-0.283017681041727,-3.56738199602686,-2.00181522756503,-3.09956313146141,-0.0842864980788816,0.0146102249406714,-0.00449558156459772,0.0362153014195872,-0.0585075612429524,5.17648260740392,4.95256949452599,5.3688170034202,-0.00855048732205505
96,9.50034826657781,5.32593173556354,17.9279362057714,10.6010368839962,-0.300798891653592,-0.178403842667747,-0.28518356003193,-3.23252682076757,-1.89306825404514,-3.07392014303818,-0.0946428764981959,0.0130417236747053,0.00411020629863113,0.033926828649631,-0.107541045284829,5.15363988588077,4.88713193311372,5.37825536691678,-0.00302996172946488
97,9.59934567060095,5.41252784980212,17.9288609635614,10.4857125614374,-0.271709288087466,-0.158029284874037,-0.277707551112271,-2.8738398097567,-1.65067982923064,-2.95908368010321,-0.105482200008923,0.014000391496636,0.0183915415682845,0.0348833095396417,-0.200915900638387,5.16343667551779,4.9092019057834,5.41917381255438,0.00116168036944184
98,9.69944638362341,5.48594742215443,17.932148918024,10.1502540404744,-0.248851750981994,-0.154541281995527,-0.27819353097276,-2.59725193036387,-1.58847811269505,-2.94645456693398,-0.117685302510794,0.0155309284890449,0.0118268346159932,0.037606478477684,-0.292760685281146,5.32824547854564,4.99219597155155,5.61789141935411,0.00550683712094574
99,9.79979808513818,5.59099475117611,17.8474255726161,9.68441220685284,-0.266841848937708,-0.147185636418533,-0.257430737422896,-2.7324867081942,-1.48580552422409,-2.68415809415654,-0.128379510205553,0.0175844402793437,0.0140413216701671,0.0397089507907228,-0.29794024382602,5.34062143413768,4.98651369814222,5.56475081186033,-0.00176217536308708
100,9.89962752251559,5.66856661767646,17.1384370842027,9.182142708172,-0.27071132401716,-0.135078548318838,-0.258669259135052,-2.7341728252589,-1.34799199876838,-2.65738228152833,-0.140113179434775,0.0185470664277199,0.0221283077172281,0.0386425842226608,-0.339388378554467,5.08117258745549,4.86143118782987,5.16164382939045,-0.00236993817368794
101,10.0009886399253,5.77629760631239,16.2423837661676,8.7540986336139,-0.274057777427257,-0.12658474894119,-0.254917863220607,-2.71637451623078,-1.24348661452846,-2.57573662935539,-0.152690696800818,0.0176343689482213,0.0165904101412979,0.0389058276267879,-0.336326093817985,5.22031865398362,4.93952143495775,5.32636364831648,-0.00366642641480202
102,10.1003847645274,5.87098850756549,15.3699396047062,8.2999754041702,-0.243992431374113,-0.0989683976162121,-0.212253558834301,-2.3797860432113,-0.957893154050532,-2.10971007724282,-0.162578323652144,0.0149209871258911,0.0225484560978647,0.0379369532848459,-0.313900574812291,5.38093301134563,5.00102820356406,5.48966371486447,-0.00589839577502474
103,10.2004789752573,5.97125108355894,14.8094143311562,7.76818537188314,-0.225538737978444,-0.103637101273887,-0.191800349199157,-2.16307733562112,-0.98843824713294,-1.87865255656896,-0.171636609472483,0.00917278257240579,-0.00362897747355597,0.0367594348088914,-0.268775648690767,5.44875268508928,5.05592431498446,5.54896544278913,-0.0061919471719856
104,10.3001175053256,6.06400283112564,14.3311244915066,7.19848259953159,-0.243320105704539,-0.105541108919128,-0.190971782500929,-2.29777933066469,-0.989144559603607,-1.83728987484647,-0.180243652472419,0.00503588653144372,0.000793312091802546,0.0353522920120929,-0.257292337593744,5.42392650929572,5.04091633886776,5.51375706150124,-0.00965137029675699
105,10.3999947995761,6.18095556870159,13.290003583103,6.49508454664914,-0.23294206850002,-0.0879024033576496,-0.179890773947166,-2.15828828362197,-0.81123653603708,-1.70391508823918,-0.188550348936637,8.77844365591487e-05,-0.00762326156804351,0.0341133185560694,-0.234976568773472,5.63153719155887,5.17934121268304,5.73490243447208,-0.00942039318010237
106,10.4997714383381,6.28871216510956,11.8640058598343,5.6659321490165,-0.201044785704288,-0.0322275785939579,-0.131032757167824,-1.83107376659218,-0.293091207698075,-1.21984330951529,-0.195631274107719,-0.00608029209088295,-0.0140702365418901,0.0345674698553481,-0.169152962479632,5.67229104230177,5.22823196864643,5.76552267065054,-0.0123428131621494
107,10.5995790280125,6.39657924663334,10.3337998150698,4.75969867382392,-0.160300694968893,0.00394377831959503,-0.0803885594276833,-1.43555343295981,0.0352408249389196,-0.737894377175135,-0.202243193495489,-0.0119844707073668,-0.0196776581723587,0.0374983003393579,-0.12149219968628,5.65435583768299,5.23943128446909,5.67798386901084,-0.0141328451613608
108,10.6995980722406,6.51214720334355,9.05112996979123,3.97206920065745,-0.171734194139738,0.00373735213557014,-0.0777531066676694,-1.51061764682378,0.032830852788776,-0.703445882698,-0.210404114573511,-0.0155159613350543,-0.0216848504627537,0.0395343595585243,-0.0695117041460247,5.76050777470503,5.3156993496468,5.77272009685874,-0.016314722789673
109,10.8019038427115,6.65447170315682,7.52500188561281,3.34920915581772,-0.16010323018851,0.00818970476065539,-0.0670692612602436,-1.37824163882932,0.0707416102582926,-0.59688439369982,-0.217875790394263,-0.0183579650287067,-0.019392062484749,0.0370875414379765,-0.0145605767478701,5.76237305872291,5.28360247324587,5.77158781246944,-0.0161450791158747
110,10.8997838927834,6.74954587024257,6.65426900687032,2.89605568671735,-0.151030633694612,0.0116927386479824,-0.0586233989612817,-1.28186017566654,0.0992665045075821,-0.511916655116854,-0.224586898898175,-0.0198182037491965,-0.0117827451732766,0.0334512238780635,0.0467352683778249,5.70829642692183,5.35386046011385,5.71075075346602,-0.0161882333751123
111,10.9997142457411,6.85848906386102,5.77137807227833,2.45755508892421,-0.11737420321533,0.0452932112490689,-0.0363692479625031,-0.980447731094203,0.378313201697256,-0.312474546254632,-0.231068603727297,-0.020874561315338,-0.0157412544684381,0.0317362363796244,0.0982410542585813,5.70944995693756,5.33669574165617,5.7120449843219,-0.0141878737643366
112,11.0996526615416,7.00093734610091,4.88998129741392,2.01299219981599,-0.0807949571263668,0.071502311729128,0.00119815962094387,-0.661197825761998,0.587043055960081,0.0101073409239428,-0.23678504132242,-0.0239103095076642,-0.0254749609733897,0.0303064783678781,0.153420938951536,5.89433129239892,5.44022978814305,5.93395417089414,-0.0139105036143872
113,11.1999827754452,7.09834503160261,4.00816354227307,1.64119076638286,-0.0784299982080162,0.0774187579381125,0.0210444970113617,-0.633038407062763,0.625448325735217,0.174677401922378,-0.242144278481401,-0.02423895930687,-0.0175443459343362,0.0333839909152505,0.146785724300734,5.56786800936595,5.32270794556354,5.59833089911994,-0.0178658141773561
114,11.3000715242493,7.20200215970761,3.37891909212489,1.28347360266704,-0.072487275514632,0.0877666508864254,0.0431420234713695,-0.576655578425834,0.698330182584366,0.351788526762995,-0.246092847776249,-0.0246675520229893,-0.0222005982622914,0.0343320874852664,0.175475010487062,5.59976296391856,5.36601496886964,5.64143962752328,-0.020648963131305
115,11.3999537602422,7.34063139842737,2.57358824110921,0.974354577980999,-0.06703110910787,0.102915642530013,0.0538927112519016,-0.52318291109655,0.806607987303921,0.433193814300746,-0.250232810188033,-0.024180998954329,-0.0170885656575313,0.0353060978632851,0.171654547088104,5.5187827459379,5.282658239293,5.54585631509769,-0.0219113210152687
116,11.5003078025823,7.47041919236801,1.7707505893412,0.695332132600943,-0.0418725735349839,0.101999637296864,0.0686316156258267,-0.321146184026553,0.787739431261944,0.542530156068458,-0.253627388461588,-0.0235579363497793,-0.0124064721179795,0.0338548007964663,0.166257393340811,5.44392045082989,5.21704057133942,5.4591710671718,-0.0202986414219122
117,11.5996230386651,7.58062631107679,1.37405618677,0.383609667488165,-0.0501454013135533,0.0834803227307508,0.0696347136569792,-0.379002714769762,0.636054274177016,0.542300982245023,-0.255922093444573,-0.0220981865408463,0.00315101484190486,0.0309183848358093,0.127766575719595,5.36498700057138,5.13561646747372,5.37833934019351,-0.0223262637836356
118,11.699571598042,7.69001345141873,0.653122255075309,-0.00481376817206879,-0.0248623767593816,0.127672354612686,0.120397663819266,-0.185240806489443,0.959828304378879,0.91972153370417,-0.25444072334802,-0.0199789404589196,0.0333738339131273,0.029487209992176,0.135487831526655,5.37203399370855,5.04745006119403,5.38009491193377,-0.0270400449343338
119,11.7999612729452,7.80719108383208,-0.395789958894562,-0.310579516556715,0.014678598987278,0.145553006169111,0.159372261365262,0.107723862670434,1.07793050720166,1.20081915522777,-0.252155896413069,-0.0208944063194037,0.0210056383898408,0.0292431829864746,0.149789165758102,5.38964302805372,5.17384195217171,5.40392570931088,-0.026846613333172
120,11.8996081259479,7.91587517279866,-0.861743108407399,-0.422881876572462,0.0135973060540653,0.129202668421417,0.173969041073979,0.0984183639086239,0.944283628403954,1.29149466730259,-0.24850969810894,-0.0209759407264203,0.0206575566086854,0.0278001668021217,0.144552727806265,5.46892177141044,5.29979416363337,5.48756433407822,-0.029324196198651
121,12.0001507347719,8.01378838205481,-0.9445763724125,-0.423850434983036,-0.00333600601856035,0.109084350800504,0.154564864066495,-0.0238512729735695,0.786679848876203,1.13164081817752,-0.244948342723903,-0.0201986321658284,0.0232547683441737,0.0243709848987972,0.165897525100354,5.48849843833248,5.31113325509262,5.50751557530704,-0.0287694114991912
122,12.100458480789,8.13275709853721,-1.02580684700032,-0.46096364967349,0.0106519951568493,0.12849539164444,0.146018404377666,0.0750439253862425,0.914805970828955,1.05479502296218,-0.242217109935753,-0.0189135117063864,0.0202683297647333,0.0222654491070281,0.123533727002671,5.47807175881846,5.25659518949144,5.49250360521973,-0.0247105943807522
123,12.1993926825286,8.22755985232384,-1.02743173077052,-0.594884518564155,0.0265253930309063,0.14018490431397,0.164779770412736,0.184719143020015,0.985714602030274,1.17526604161065,-0.239205590189037,-0.0180962578169089,0.0216029714476754,0.0212983222172939,0.136180095511753,5.42591241272061,5.11395713710342,5.43562649414072,-0.0254803923958861
124,12.2993550267657,8.34895877075738,-1.42286254560577,-0.778912282739848,0.0343600502736373,0.147248335026181,0.174193377299642,0.235798834800282,1.02191702613092,1.22602555628695,-0.23615906205164,-0.0174753510178638,0.0186744252411574,0.020767230526066,0.128992370626972,5.37842471795413,5.10246658734321,5.39681476157867,-0.0259989373020722
125,12.3995475521589,8.43939875178569,-2.06524732937969,-0.952334495402202,0.0337723178660612,0.16219572245261,0.186002147508727,0.229281848866947,1.11103320145497,1.29304964883369,-0.233025027957541,-0.0168737370301188,0.0261193169438969,0.0190028550572351,0.120500940143222,5.34413930427286,5.08368129566625,5.36880115150576,-0.0284853782761524
126,12.4997273330587,8.52380921059044,-2.94689203938855,-1.08917605174308,0.065627396607862,0.15361315893139,0.196325394626116,0.441128896212367,1.04057834617153,1.34688147370654,-0.229176025210459,-0.0167465316350811,0.0194717952741997,0.0181668957769756,0.0795192161445182,5.52175022746282,5.24688655558203,5.55830447772307,-0.0236696686076487
127,12.5997471575619,8.62665968180005,-2.79082671686509,-1.17629571162844,0.0411211866026863,0.186111945305043,0.225021925174051,0.273112964136664,1.24748706673185,1.52462644334344,-0.223658994397709,-0.0166066693904137,0.022748054970385,0.02010299106151,0.0595108041322665,5.55061555192378,5.30572012571279,5.58165961743974,-0.0331315935775135
128,12.6998691981039,8.74575199757228,-3.27039300824538,-1.27410832330044,0.0888449579092234,0.200974667723958,0.30305548794709,0.582027254340125,1.33194119536123,2.02115927709263,-0.212694411328471,-0.0199220562478385,0.0221333521030821,0.0208985358309923,0.0705779375190376,5.49402294920651,5.22605097338665,5.52167962743887,-0.0389897406724164
129,12.800947335742,8.85779942453694,-3.27002494865075,-1.36206625875165,0.065878885299787,0.172930020988446,0.294891172241291,0.426123048338018,1.13338003949453,1.945078779293,-0.201784155627009,-0.023405575541479,0.0102627723556174,0.0193437125278201,0.0303952091093412,5.46661936894742,5.2998614013262,5.50266636587472,-0.0418928539715762
130,12.8995621448717,8.91346272701159,-3.3555259693657,-1.39913759437446,0.0438933710017311,0.218763579496065,0.281623105205157,0.282144510592752,1.41502015174656,1.83455733045566,-0.193325341685242,-0.0264064563147567,-8.8595905763527e-05,0.0167805360815882,0.0735728683625429,5.42023402807782,5.33032730565639,5.44450801669273,-0.0438596807761328
131,12.9997192977935,9.03512007096682,-3.83542998144006,-1.41150474831996,0.0945724277275935,0.200940765902663,0.299373695883255,0.59970460226856,1.28552491403658,1.93065131637647,-0.184359120797923,-0.0282400892265632,0.00628708900898663,0.015457862100396,0.0215078459786063,5.26647860171552,5.23356948190602,5.30346040163147,-0.0388877053614059
132,13.100463737778,9.13365186356834,-3.91530083309615,-1.41150474831996,0.0958485452098936,0.190395928931994,0.296133905207057,0.601239856556215,1.20629317995311,1.88732360428481,-0.174237774440658,-0.0286487990005728,0.00521283275453773,0.0144387711312772,0.0111180322776737,5.13576301295938,5.11678127197343,5.35503751005327,-0.0389981701826527
133,13.2001410215099,9.26163486854532,-3.99137918140943,-1.41150474831996,0.0940411173067317,0.201681907435664,0.294901595796571,0.581751930037651,1.26353920254981,1.86041797169972,-0.164383411273765,-0.0312429105820304,-0.0129777223111122,0.0114234454173865,-0.00107030226376672,5.1464786540393,5.1388361453584,5.41322367112647,-0.0390287207996462
134,13.3004430455096,9.34650090139708,-3.91470871762378,-1.41150474831996,0.100058757868865,0.203556684856484,0.296800728396181,0.613355264435334,1.26299822669336,1.85420319214737,-0.154936822995888,-0.0350619257211901,-0.0331035675966634,0.00959583003252165,0.0138145846346679,5.37144794779365,5.37054604627687,5.59572131576614,-0.0366273623871063
135,13.4001770292324,9.458818017941,-3.83333053413994,-1.41150474831996,0.0898478024042889,0.192977288124923,0.298725590694878,0.544227095470726,1.18648230326676,1.84811611369948,-0.144917686199371,-0.039035916187635,-0.0402431967518065,0.0063378519693987,0.0403172542687612,5.38485467740966,5.37681915436938,5.62042117772386,-0.0387898654288417
136,13.4996605446463,9.52519959723378,-3.75186200418896,-1.41150474831996,0.0898236653666773,0.186683574528892,0.286930052581304,0.540289400430281,1.13672802992587,1.7564655643728,-0.135257874531622,-0.0403994119030486,-0.0394041274520861,0.00420449729554557,0.0687079988288448,5.35835297123963,5.3399123625805,5.60360366499275,-0.036784883017706
137,13.6000036631349,9.61965964425789,-3.91241938122119,-1.40533018602687,0.0991733407911145,0.208299650752203,0.315972845264946,0.590666695063551,1.25463252969983,1.91222596826345,-0.123369098167716,-0.0419582281847494,-0.0327012559637169,0.00359099260242748,0.0701838244613685,5.31982036103504,5.3077317024817,5.56736732231844,-0.0407531626559756
138,13.6996395922862,9.66572815735942,-4.07699359446454,-1.38148806876995,0.113281884375611,0.208295924838863,0.370682110222223,0.671473127830254,1.24252614138391,2.21188805422872,-0.107189785323141,-0.0458151822593765,-0.0297434502966648,0.00347560414820105,0.0416293550170133,5.28777843482467,5.28126517973617,5.3142627498769,-0.0486783304216012
139,13.7999483786701,9.77906585183095,-3.9925042781439,-1.3806405147955,0.104491688523816,0.218118079734498,0.372326834901397,0.612195991052087,1.29021273424255,2.2032752234281,-0.0912286680239404,-0.0479432673598434,-0.0250797494033308,0.00371148073642092,0.0187783807768603,5.37340318340219,5.27810862189801,5.37931846857913,-0.0498446026169955
140,13.9004548347475,9.86476372253039,-4.1553124324587,-1.3744677313331,0.119191622356701,0.242397434926508,0.379939034190464,0.692246140796659,1.42449862867207,2.2321398047475,-0.0761847333456095,-0.0452283676765978,0.00754744039753417,0.00309499495206842,0.0217227276565884,5.34270406535971,5.24283220454413,5.39252484519878,-0.048804389807843
141,13.9999211841091,9.92830685466989,-3.99094957235746,-1.36212205900415,0.0980942094575106,0.204100337055226,0.367244900686568,0.566078527113856,1.19037093001762,2.14179259612637,-0.0618619754412074,-0.0411511444627203,0.0238556127981583,0.000795856411509204,-0.0110052865390248,5.49566009058185,5.38598684736135,5.59449532734955,-0.0489751343410618
142,14.1000968035417,9.99529022756926,-3.91229018682559,-1.3559491701376,0.0965186953276483,0.197882103286734,0.345951053869637,0.553254771233346,1.14713533667626,2.00483395522069,-0.0473405343075978,-0.0377266207555463,0.0230834831312717,-0.00116401642185007,-0.0343569494349817,5.68373562244623,5.52063686987747,5.82094916747917,-0.0438852851559334
143,14.1999249404606,10.0577038081672,-3.99211713447344,-1.33813076593995,0.109858428869254,0.210051127608484,0.371386142443283,0.625806260686665,1.21157551904947,2.13979704558229,-0.0306273548437753,-0.0388224306675489,0.0136055073197854,-0.005891820791749,-0.0157889590709576,5.79247515477034,5.65828646176707,5.96969585159021,-0.0451495615580932
144,14.2999491865227,10.1156463560038,-3.83279659379076,-1.31353451427636,0.113173053872549,0.230599470983276,0.363914068213669,0.640993920341067,1.32557101805924,2.08598351648829,-0.0162649964897867,-0.039528793784716,0.0102922986237587,-0.00695047362990259,-0.0308068924832658,5.76712202124866,5.54512836633272,5.87673519813364,-0.0434776676160618
145,14.4000938550428,10.129385103957,-3.9925042781439,-1.30656648082179,0.124842259745515,0.225975606371361,0.383466993441616,0.706121089439554,1.28833670517182,2.18615493352115,-0.000724601431289537,-0.0426020347852847,-0.000400597982319797,-0.00832612892320016,0.00615192468526679,5.68316850704541,5.42650152391568,5.78292262917738,-0.0455071380296898
146,14.5004263097716,10.197224786876,-3.75375507634268,-1.30632982191145,0.0940080422303536,0.212357700215112,0.348757347835974,0.528193855505742,1.20787556212047,1.98143847960783,0.0122775510621967,-0.0438701080253334,-0.00538820539056504,-0.00785234671850384,-0.0547843377994178,5.60284243984769,5.38293073809732,5.72874697156746,-0.045467868914862
147,14.601482339615,10.232164189879,-4.06615852804969,-1.30039359195524,0.126015645032892,0.24340113288739,0.40553578169526,0.705598490486683,1.37681970427255,2.28824014336248,0.0302307980000632,-0.0481966705770891,-0.00129716438963691,-0.00991583954269621,0.0163773887552407,5.2981724402767,5.15032987017473,5.31650960628001,-0.0527578405220368
148,14.7016392324451,10.283006783998,-3.83207609550727,-1.29422080849284,0.109275097894861,0.214655295275781,0.427815799750631,0.6088458737449,1.2096917603525,2.39610344056175,0.050140744913865,-0.0530116245627605,0.000110491325570273,-0.0113740332059392,0.00538376491557686,5.31677053334076,5.23395958240222,5.35322766606841,-0.0599124411817746
149,14.8023940760978,10.3311072142036,-3.78185400313894,-1.29422080849284,0.103594993286952,0.243548566246694,0.440173863306053,0.574513151604192,1.36787692747401,2.45765296349297,0.0714072644768824,-0.0575530361154703,-0.00707684650155948,-0.0128844316269669,0.0244037254540955,5.3670072721808,5.29951521621524,5.41443903171603,-0.0627125794600121
150,14.9013553273743,10.3492135862016,-3.83207609550727,-1.28804791962628,0.119680041984994,0.226203461000146,0.434616434395138,0.662548472476856,1.26843747084671,2.41861751633219,0.0911738264469628,-0.0666594255233967,NaN,-0.0143233611884832,0.0706080603345704,3.71100497540759,3.70949963713134,3.75959545509975,-0.0848655268578704
151,15.0012596711619,10.3948515350581,-3.68264551196974,-1.28804791962629,0.103861756136278,0.235767505483352,0.444598038333745,0.572460534030314,1.31589519416089,2.46622950281803,0.112514648588211,-0.0738838668347583,NaN,-0.0175749008365032,0.160248466336532,3.71103989833283,3.70951154096949,3.75958322769217,-0.0918169277432297
152,15.1027521348811,10.399486410147,-3.76347849437923,-1.28804791962629,0.110232312310422,0.251867243280272,0.438741243483776,0.607300157753104,1.39815289614853,2.42565863086097,0.132297952301039,-0.0736096785062678,-0.0436961167362976,-0.0173194344490598,0.142337853869504,5.86558960085699,5.77141796005386,5.8685206259215,-0.0560061227477213
153,15.2025914557431,10.416955877922,-3.69338713796244,-1.28187513616389,0.108729960665268,0.275487083897723,0.449426178210528,0.59801939276338,1.52303111071241,2.47496069130718,0.150843007771654,-0.0765282095839409,-0.0666152144692433,-0.0147583457124867,0.140220775215672,5.87598252161493,5.74947739247524,5.87626913332715,-0.057981148904375
154,15.3030487544889,10.442594535534,-3.76459164527734,-1.28187513616389,0.11973370958314,0.290363942586207,0.453290639286451,0.656918699070336,1.60465225311383,2.49254418078462,0.167957428134557,-0.077894715452554,-0.0757800532877916,-0.00844058200697516,0.123429310476615,5.91137070568814,5.73529627244407,5.91374950641316,-0.0564263258574446
155,15.4028485414123,10.4863618241144,-3.82039719800166,-1.27626707277019,0.121130955083844,0.317267482958475,0.485843560090296,0.661810449579216,1.75171636693903,2.66603725624999,0.186123768511015,-0.0804371259963691,-0.0860393334801623,-0.00553147736445114,0.174358409453587,5.8431767522766,5.58073825311863,5.84502238398914,-0.0624168359898327
156,15.5039516478537,10.4758063758347,-3.81582328835292,-1.26952946383493,0.102603255449155,0.271245200763926,0.456292156975246,0.56115446603569,1.49655610501418,2.50114099798697,0.202506092773819,-0.0807867829244946,-0.0896780118220144,-0.00664836884014261,0.186882330915367,5.71299385627768,5.3771961542052,5.71543843320938,-0.0619095539788553
157,15.6027745303449,10.5157003436003,-3.774959937611,-1.26952946383493,0.0815762061429167,0.285387970747749,0.463549972550311,0.444466693781777,1.569114685661,2.53468843278729,0.220811389990454,-0.0818696719123745,-0.0899599663547214,-0.00732017129187348,0.238877000984341,5.18166098936508,5.08509686984443,5.22256750948213,-0.0737164718400843
158,15.7027701663198,10.5100326215896,-3.88925646461113,-1.25718379150598,0.112247240494681,0.280696989282349,0.488156068436061,0.61189616315236,1.54134612418315,2.65859201710616,0.241321853711708,-0.0781020184970184,-0.0337127863002694,-0.00532018570615992,0.203646713148909,4.9818692960847,4.97344364758972,5.24151468210155,-0.0754553774096021
159,15.804560955221,10.5420417930407,-3.67164791287064,-1.24483811917703,0.1033790447996,0.267612668480186,0.477517998983443,0.561844964889974,1.46683589236482,2.59773700559578,0.262022351229857,-0.0752519135107135,-0.0271153209458675,-0.00592734877446495,0.14460020628285,5.02851352092081,5.02833975084314,5.28798662389751,-0.0744034897444865
160,15.9043001407779,10.5596632411354,-3.6541378970265,-1.23866523031048,0.09460395976515,0.286423153851669,0.467828526434508,0.513298812902329,1.569231670465,2.54439269506894,0.28105364659235,-0.0737986451094844,-0.0387692565010053,-0.00418571535015484,0.126313793097015,5.05720600162047,5.0513820825641,5.35669275141963,-0.0738005464973677
161,16.0046125684457,10.5719218804323,-3.83207609550727,-1.21435816063879,0.120244715754804,0.312787192101435,0.501885738304527,0.651652341940557,1.71105448160255,2.72601953343314,0.301344901170411,-0.0734415451925344,-0.0330642288064368,-0.000400891181365691,0.115413645397225,5.11925394174377,5.10090048362266,5.39472032785184,-0.074550125251205
162,16.1046407158833,10.5818658727994,-3.89338826476498,-1.18350916088152,0.123959058869189,0.309018673187348,0.504219846889517,0.671148750719586,1.68643372776882,2.73627783988828,0.320682033970712,-0.0720911887773707,-0.0308425608320056,0.00285283353994815,0.0714912660869228,5.18346337148595,5.14333343942,5.57032200960302,-0.0733603694611075
163,16.205523784745,10.5829846589038,-3.45333972994461,-1.18310965212812,0.0820580038307706,0.322597752816027,0.499534368019696,0.444249257526395,1.75918598952425,2.70690603127394,0.339216892319085,-0.0713806236128042,-0.0362408936716361,0.00684181837547242,0.0444273346185717,5.23480565447852,5.17609164741692,5.6302495172505,-0.0797501171474748
164,16.3042265048699,10.613027239965,-3.67164791287064,-1.17693686866572,0.114246541510674,0.336638268697777,0.512428582836712,0.616750685594594,1.83341701883548,2.77496851680058,0.357260793050956,-0.0711088297621959,-0.0448209939798409,0.0134862851177957,0.0199987848688919,5.28013721986314,5.19328122068594,5.53673208326524,-0.0754113055676153
165,16.4042640156088,10.6245745266364,-3.38566394166359,-1.17693686866572,0.0944192546532674,0.307436476751724,0.513736377177872,0.509166966940136,1.67454726191384,2.77910902119746,0.376437884267574,-0.0700394224088813,-0.0338578134512252,0.0164414412185133,-0.0245071410200398,5.33799456008564,5.23580881167056,5.55709733439936,-0.0785533064533279
166,16.5060238535975,10.6367826593174,-3.45532348484961,-1.17693686866572,0.0775222361670562,0.32013473136951,0.49309823291122,0.417571595906873,1.74208012092029,2.66483593688667,0.394684708328733,-0.0692010838712592,-0.0359843608107469,0.0182127153245517,-0.0339150849771518,5.39033072004493,5.27695960626834,5.64088997773291,-0.0770965675999745
167,16.6058980267476,10.6470688988198,-3.47929766819454,-1.17693686866572,0.0879376449991011,0.324225865979451,0.502294521840688,0.473213933590688,1.76125787214621,2.7079101470505,0.412673467440038,-0.069031995645213,-0.0375148207917408,0.0200680422144419,-0.0437680434392637,5.45220342003902,5.35393917844666,5.80368478513105,-0.075998058934973
168,16.7061870461622,10.6757126512123,-3.61632272672907,-1.20468707668068,0.0953715515886233,0.341476908415273,0.496516957696714,0.51183862011656,1.85023279326454,2.672819309139,0.429087327017351,-0.0681637321238895,-0.0367258624971078,0.0207578869987607,-0.00803478187073115,5.5009964302027,5.37573496056709,5.80238682760277,-0.0729223171107038
169,16.8063005036781,10.6847628511979,-3.66678840813543,-1.27262073567294,0.0960309532112372,0.345872404079486,0.503759608375884,0.514940785694151,1.86821233566478,2.70609745910162,0.445113985071196,-0.0681395332147808,-0.0368318279065332,0.0208372915791588,0.00169904013389338,5.54207552411854,5.37567508990237,5.814466731442,-0.0735696677878629
170,16.906330991941,10.7071398816869,-3.93474673625419,-1.3333242839043,0.100546866833138,0.350910070246258,0.502623179512295,0.538028067740281,1.89338706375642,2.69651290014584,0.460541881570153,-0.068551580208912,-0.0409368605105705,0.0210496795181848,-0.00107442463801568,5.5866275486717,5.41644608829458,5.85395851686697,-0.0719712043045999
171,17.0056415463732,10.7193334364813,-4.0152445115301,-1.3497763866752,0.0994363244844497,0.357866362146197,0.514950038004413,0.531480651015172,1.92740748194255,2.75773158641219,0.476487365114566,-0.0706200824942497,-0.0478601835657943,0.0203221724466057,0.0151586560455084,5.62865927871094,5.44122220177508,5.88841872262241,-0.073821081174969
172,17.1057066268325,10.745001254518,-4.13030793410231,-1.34635924573933,0.105677496028619,0.356702812289383,0.509340229159534,0.563488002896933,1.91953106832045,2.72506712244001,0.491702825159758,-0.0723746910765712,-0.0546653283451629,0.0199001229358374,0.021561844304385,5.67704372823011,5.47364118787754,5.92248785878677,-0.0711043903226657
173,17.2057345141785,10.7754947091711,-4.15293246078053,-1.3497763866752,0.106391248541051,0.362046018980242,0.51514754207086,0.565688315274125,1.94368745095224,2.75138092510919,0.507284481902428,-0.0745858952872069,-0.0608301306297922,0.0188437941739109,0.0418675696526999,5.69822679903629,5.4905227388519,5.94728855703753,-0.0717339460056135
174,17.3056854143807,10.8037638131579,-4.0974714602278,-1.34702281338168,0.106570071559808,0.369027578588525,0.513441342331277,0.565156495281131,1.97702353513356,2.73918592582556,0.522067674173933,-0.0763933685805557,-0.0624440358143862,0.0168835237488558,0.0605068227849291,5.60992169445541,5.41438153128557,5.82745182247849,-0.0725270855694122
175,17.4059715727866,10.8098639496497,-4.15293246078053,-1.34714136013794,0.109711106087114,0.370414535923018,0.514223528914164,0.581484425398559,1.98161056037085,2.73833268709179,0.53655927193671,-0.0825661801065382,-0.101869043859849,0.0158618570236389,0.0455486129401387,5.63481647799384,5.43830700440245,5.82387199664816,-0.071788038600162
176,17.5064023421787,10.8325830112849,-4.15293246078053,-1.34603484985567,0.109352826785212,0.368876162748316,0.507454601952323,0.578370147894249,1.97022168657386,2.69909114817784,0.550399561206355,-0.0868377831116703,-0.110096166369495,0.0161669279821631,0.0411229343191773,5.55854202130949,5.37255060479694,5.69888790626752,-0.0716198193053015
177,17.6055979360787,10.839651437474,-4.21024609941421,-1.3497763866752,0.119515236606851,0.374001454044351,0.522015305938706,0.631703078197622,1.99308600196118,2.76707160948177,0.565336086307447,-0.0910377314560846,-0.118863087373899,0.0148358388239394,0.058474151169505,5.45561106555083,5.25509448384595,5.54985963456997,-0.0737772661019444
178,17.7058146500002,10.8613351806662,-4.07271836946222,-1.34671394411414,0.103077989750592,0.373726157685164,0.510108752764177,0.543741296529071,1.98948454606384,2.69228813482152,0.578990107174116,-0.0884011744604404,-0.0752895427695067,0.0153815955777182,0.0474075639753946,4.92923294375687,4.58903329428889,5.23913966186087,-0.0825748686779168
179,17.8054937543739,10.8780497868392,-4.21093033821333,-1.346518721307,0.118187854819435,0.390461400238109,0.521179553080507,0.622482795272838,2.07312183974988,2.7449860845474,0.592854052569412,-0.0844691032968032,-0.0277073168129223,0.0156389728364521,0.0811006972396513,4.76838733611932,4.75891813876568,5.04621058181203,-0.0845132053783704
180,17.9055825031781,10.9003172009016,-4.15293246078053,-1.31641522673279,0.116658705481914,0.387780921622681,0.520225817400914,0.613174476073511,2.05636898384011,2.73548840921079,0.605976153597948,-0.0804404935155407,-0.0185723931214005,0.0174729634556678,0.0415211181401582,4.8036397452569,4.78848097601786,5.01708893373786,-0.0840127764196891
181,18.0058988322214,10.9091551036312,-4.01651181455323,-1.27876616794427,0.106604099885674,0.403832080469808,0.527118922225619,0.559875676474493,2.13097492659973,2.76404473279195,0.619148933648452,-0.078224345758945,-0.0367501341571898,0.0192326600790697,0.0845998619334478,4.85318951790525,4.83457270144693,5.07742438400907,-0.0866471051230344
182,18.1057233278565,10.941677444773,-3.91229018682559,-1.25101090263943,0.105989999681932,0.395455509520604,0.522911346722874,0.554996228736456,2.08294990767988,2.73624808705747,0.631454054827838,-0.0767964788478365,-0.0506168400946861,0.021817537981534,0.0844516852064104,4.89513491904501,4.80456406643041,5.19792906296606,-0.0851705527908675
183,18.2068605063109,11.0033531502524,-3.77900499686372,-1.24447133618612,0.100231581922706,0.398455510674183,0.530962194405444,0.521903433044245,2.09211283242437,2.77018580663531,0.645007112772784,-0.0776197865338996,-0.0737883997260356,0.0244045130416703,0.117042110826861,4.90129692266478,4.79959140676081,5.13078059843298,-0.0878809464676452
184,18.3057330663171,11.0419065752827,-3.72856524122683,-1.24185217005746,0.0967258290947728,0.393278449470351,0.525681105696167,0.501891588200488,2.05849899339804,2.73529368318337,0.657842167698191,-0.0787895116214203,-0.0916076027511858,0.0270408751468436,0.140483071730177,5.0095443697506,4.90220185348943,5.13061672092137,-0.0856276030194638
185,18.4058441830076,11.0987163716363,-3.69556856218982,-1.23866523031048,0.0925068251761913,0.409270705546036,0.535224777567885,0.477544226639716,2.13310805617987,2.77455368982603,0.671252071807088,-0.0755799040368284,-0.0447095974154449,0.0313964865871345,0.0840711406235925,5.04543477074774,4.99779054239475,5.07556934066076,-0.087746244378873
186,18.5062395799283,11.1389657811782,-3.80664543852217,-1.19868974806864,0.0995045748540622,0.41538194542239,0.539111577095747,0.511810580192694,2.15770297222492,2.78383904113997,0.683980727466315,-0.0702072265987217,-0.0158622587762925,0.0370453603159459,-0.00633841423736047,5.09043492975419,5.0370904870093,5.15378776183002,-0.0863594188528234
187,18.6060934659257,11.1714560227756,-3.67164791287064,-1.06045643395788,0.0959801205698289,0.415987625122048,0.534867537262816,0.492247430585476,2.14771139683509,2.74683077536914,0.69588158839644,-0.0617452907163972,0.0251046931505087,0.043138691934084,-0.105305819414079,5.10207865840111,5.00683109787743,5.17763465669324,-0.0860212956478655
188,18.706451669733,11.236891291194,-3.29791549279136,-0.963991649806613,0.0871438405615651,0.405716290521034,0.498801801048609,0.444328778522022,2.0851765330423,2.54812082158829,0.704708076687843,-0.0530274537011962,0.0245371003587412,0.047494102143977,-0.201506601743581,5.30797509025583,5.21327497503349,5.34467554975329,-0.077554614233731
189,18.8072317422808,11.2919828251203,-2.92038356357137,-0.8957734192125,0.0726787810239569,0.389870721976182,0.479245705955584,0.368768707553548,1.99417925437886,2.43684706272708,0.712916835283485,-0.0528364720267245,-0.0283769930421174,0.0463398975631613,-0.199204585274828,5.7277382768649,5.55749659870983,5.72782061596189,-0.0709821058992526
190,18.9057375729874,11.3462678162526,-2.6520673127802,-0.79532023509089,0.0641560492032703,0.379314725811845,0.461708099952804,0.323968351085819,1.93263540898136,2.33844879660145,0.720513149462409,-0.0541544963644457,-0.0349550492635083,0.0438442436172341,-0.170857392078445,5.75917385828118,5.52445620808597,5.76154145689644,-0.0690293539546282
191,19.0057477740976,11.4013353455274,-2.30826108379462,-0.665778516411221,0.0589485027236938,0.371547824429133,0.454310586427398,0.29623462663307,1.88285678605461,2.28976438711508,0.728401885249648,-0.0563986391701904,-0.0388645498624836,0.040307832895046,-0.137577872937955,5.81120533226273,5.50622406007445,5.81454591716326,-0.0680344371087229
192,19.1056367724747,11.4491257327787,-1.98715199518602,-0.560700572624831,0.0608973925739336,0.363652703846361,0.438705212974189,0.304750839105063,1.83415318219154,2.20195629870298,0.735504487368578,-0.0598056520629761,-0.0536714725854351,0.0366740259696669,-0.120687275549186,5.74967706360813,5.44143147826937,5.76525340072243,-0.065709398322828
193,19.2054841561796,11.5087059589949,-1.56375255480705,-0.495142876083416,0.0440769321551497,0.355894786975795,0.42542592518347,0.219434734702894,1.78633510014181,2.12445526105689,0.742059685753371,-0.0643704874497375,-0.068075261571212,0.0317471646417216,-0.057117686778377,5.64303928817102,5.34017279478187,5.66285820746461,-0.067578652841866
194,19.3055840889269,11.546559038086,-1.4838045589855,-0.461350567746313,0.0431277752922408,0.360912384376796,0.418632048845273,0.214005575576811,1.80179548156742,2.08137571208421,0.748088550866062,-0.0690715997680422,-0.0791858900604317,0.0282064297594,0.00409360400650747,5.61107297351349,5.29504191151199,5.61818503202372,-0.0669220085579999
195,19.4060876839956,11.5909539473793,-1.42565335595781,-0.430410336193654,0.0439579395512567,0.364457456677484,0.422842124265102,0.217289478437569,1.81136494655469,2.09187905728541,0.754134566111005,-0.0645666246521125,-0.0150460973000029,0.0291265088559049,-0.0266972139665148,5.52843267123353,5.42042700492392,5.55712304938487,-0.0685337431502637
196,19.5060854007041,11.6421719853929,-1.24042481184068,-0.389894829382712,0.0385141402267377,0.370371614620673,0.42956739548564,0.189542779424998,1.83152371694679,2.11544665038028,0.760349710181566,-0.0601789509174336,-0.00670474809402872,0.0309386498589478,-0.0285137736811816,5.64188155220139,5.5441371203698,5.69064683191771,-0.0693125602940598
197,19.6057821913136,11.7021564106721,-1.00264539519075,-0.356425937848946,0.025590376136591,0.37875294962797,0.425934739232122,0.125294702968467,1.86367963489989,2.08605702156046,0.765471379280936,-0.0563282595375276,-0.00745698623381032,0.0333813601537018,-0.0386940622953097,5.82958592063542,5.74007109729288,5.87593810085709,-0.0686745797293085
198,19.705793952974,11.7669230946463,-0.944368808047923,-0.337430675978296,0.0240291286547151,0.382443992771114,0.408374901089388,0.117003037451124,1.87329970333137,1.99016505684742,0.768249348966857,-0.0520293479310836,-0.00539331358032188,0.036479763304992,-0.0531834416386303,5.85188618215095,5.78666840764857,5.889724057539,-0.065678955548893
199,19.8058806210445,11.8326321420232,-0.887901655296371,-0.316028554357634,0.0192228050292874,0.379458474181248,0.408481908797261,0.0930802729638453,1.85051525934848,1.98080344371276,0.771004802529476,-0.0508178283692159,-0.0153108577750243,0.0382514896673573,-0.0592901117702517,5.82427075820838,5.73413265360895,5.85545032537103,-0.0668339642725872
200,19.9059792533334,11.8758844215908,-0.864154716729608,-0.303577133237912,0.0202720866013309,0.376242641966899,0.407839312832353,0.0978035685431198,1.82381667686979,1.96765416587813,0.774006635864826,-0.0478746452417528,-0.000544866130223904,0.04080320155077,-0.0724374483183683,5.92094926183316,5.79158956515203,6.17624466484792,-0.06545694095528
201,20.0062500663289,11.9387576840526,-0.783940625411293,-0.282285913194774,0.0136452464900179,0.384849017316882,0.409338918446218,0.0654854311105384,1.85574245956217,1.96444921065066,0.776893742287887,-0.0480440167196465,-0.011005144257126,0.0427769099210037,-0.087258763503644,5.94653398859057,5.7889469271799,6.18822229274598,-0.0665419003263759
202,20.1062069486402,11.9959874719602,-0.682353970592465,-0.196190619320277,0.0103774253963052,0.379467523000747,0.405034455454576,0.0495651175437229,1.8204841319746,1.93492924685622,0.779180374449227,-0.0505832208869739,-0.0252187419893963,0.0441811255775927,-0.080372625139972,5.74851132049609,5.54168941259929,5.96249236053618,-0.0686537797448769
203,20.1999057645129,12.0467417542027,-0.474900257005656,-0.055837913068373,0.00174967539214071,0.386186375881841,0.407457353948961,0.00832167044235633,1.84272754421883,1.93716031835121,0.781488214186061,-0.0534324849119343,-0.0348325285386074,0.0447048968939036,-0.0550367267576979,5.80525603673745,5.55517123708017,6.0005394603501,-0.0698862678905767
204,20.2999219477323,12.1325627693914,0.16444118415793,0.0614060229312228,-0.00959581513689064,0.372584588602575,0.387292081139265,-0.0453160312574007,1.77111459374867,1.83396418447059,0.782279002029991,-0.0563366475037837,-0.0424528750319397,0.0449930594979023,-0.0946857774045162,5.85938342194298,5.57912159530435,6.02934201597202,-0.06773543693861
205,20.3998660855502,12.1722801249357,0.48604970573461,0.130493755112368,-0.0228909965023317,0.363634148338819,0.373351372389915,-0.107749405109311,1.71896406056242,1.75794818036799,0.782802909592136,-0.0589747038082397,-0.0504307183432875,0.0461389640080592,-0.0783113481765636,5.90358754182023,5.60360405402406,6.05765987013113,-0.0671189113543788
206,20.5004219590509,12.2370900765018,0.729806378284891,0.229819547079935,-0.0352817870092478,0.365514441306052,0.36651307691516,-0.165193839000706,1.71955535338728,1.7182692368051,0.782997865518997,-0.0629962919315112,-0.0660628960381166,0.0469246203475817,-0.0764783734678041,5.73330203629001,5.35587593934867,5.84557679020941,-0.070080882078281
207,20.6002563381707,12.2884976041988,0.890576019760229,0.32717371648474,-0.0333946971559071,0.361674323481452,0.360931900351984,-0.155704184240624,1.69289579518514,1.68306227472891,0.78273205827744,-0.0652333364701169,-0.064479213762486,0.0465924591208416,-0.0714146512101123,5.80390956708617,5.53167875484365,5.93136853313224,-0.0679415474948313
208,20.6993689628178,12.3466824273505,1.28720520457944,0.401767045388722,-0.0487912625726787,0.352058437305335,0.319641744511941,-0.226418625972635,1.64077691837267,1.48360444815835,0.779042626913697,-0.0654469136005186,-0.0682613255147651,0.0458129802279104,-0.0770171352354867,5.79651450928957,5.5464315155901,5.89833687562648,-0.0635611291051138
209,20.7995359992242,12.4013786567485,1.68861589845342,0.455953734507105,-0.0688583373310964,0.338625722464509,0.30195457630474,-0.318130078831854,1.57145852735033,1.39506651849849,0.774696629262997,-0.0653666449326396,-0.0660527890679272,0.0450312496996036,-0.0834238101753973,5.75615500314121,5.5524774162599,5.84925029548864,-0.0644202446656628
210,20.8995181104306,12.4495477421795,1.84859692227128,0.53000088523279,-0.0650030015012797,0.331602229417443,0.297340310556287,-0.29915655366707,1.53174015831511,1.36792185494042,0.770919938449831,-0.066407845769823,-0.0749383526948085,0.0442852639520424,-0.0873036429627715,5.61849747748472,5.42512134441134,5.67110025376587,-0.06449114082717
211,20.9997954257186,12.4912725322474,2.16981797453759,0.58849522301179,-0.0772345326634063,0.317872725446556,0.285286591045842,-0.354259852347965,1.4608721998479,1.30590776703557,0.766963909477294,-0.0659302086691338,-0.0596216251039354,0.0421932645142142,-0.0975549517532961,5.72417175264422,5.72235523531311,5.92964644748502,-0.0633316293386523
212,21.0996376075894,12.5365106489843,2.1704649869921,0.599466799404606,-0.0743702347240656,0.340024872481749,0.284611865008369,-0.339891274835754,1.55749502465809,1.2978683541409,0.762537213253687,-0.0661760052253579,-0.0548302779943338,0.0408945786148932,-0.0947909476254191,5.62476426619026,5.62472420930125,5.92926218721395,-0.063821714607709
213,21.2000990678024,12.6044552405931,2.25216278384268,0.625581073409536,-0.0736494397280303,0.324781793556035,0.280971071441847,-0.334782738008077,1.48176024606316,1.27652267353765,0.757370253153603,-0.0670107854481102,-0.0528201443214843,0.038270283513033,-0.0868288637608134,5.5600607615931,5.55816925672967,5.93093502811362,-0.0637799704671338
214,21.3002809294358,12.6388826422988,2.41205384848311,0.655247328011837,-0.0889288542080314,0.320598201232699,0.278167278370204,-0.403134049583106,1.45571028339736,1.25935963702579,0.752909884276779,-0.0687057004942913,-0.0612314389551485,0.0343122692970754,-0.0543933088399646,5.51690285679086,5.5128451539614,5.9409859350455,-0.0665402567540898
215,21.3998393512599,12.6846988601265,2.57241956828031,0.70450337597004,-0.0875851457416114,0.293598537096976,0.257185415627513,-0.395608875412065,1.32829679733261,1.15937356966933,0.747940629394025,-0.0658326380616678,-0.0323790332351152,0.0288518427742843,-0.0196455426581048,5.77970878237126,5.55350229157815,5.81840433633262,-0.0596518915314059
216,21.4997998748551,12.7301307142132,2.65380614537365,0.741519363628024,-0.0932534047584835,0.295496740999098,0.24441553005691,-0.41970746955511,1.33131033678363,1.09780184467884,0.742929397530342,-0.0642275914041858,-0.0342461974607583,0.0238993148081996,-0.000199922075903439,5.87493025703047,5.52969224872509,5.92859527302048,-0.0574762456816076
217,21.5994110952946,12.7682621864757,2.73402023669196,0.77828327470973,-0.0860809071640495,0.290339793210001,0.237600575162029,-0.386270103439067,1.30326401713428,1.06357126613773,0.737419134724049,-0.0650263262751181,-0.0432136898038185,0.0187138932356859,0.0296568389390804,5.76014498349617,5.50198077073152,5.82730707706432,-0.0561932873657664
218,21.69960700188,12.8118302988078,2.97253274831286,0.798371758008126,-0.0974754687959603,0.291040360097453,0.208548605699944,-0.435911581695275,1.30303494390984,0.932528181483249,0.729188895573581,-0.067921553033915,-0.0615502901359293,0.0139943379186768,0.0441313453144082,5.64291755433448,5.41709394673336,5.68876997879341,-0.054231533873969
219,21.8004026799298,12.8303325923892,3.05426614178418,0.816890319203631,-0.0961058546162686,0.299249468870831,0.206173679863697,-0.429167118978653,1.33512139573206,0.918672470680733,0.720220979653081,-0.0706203157007066,-0.0651746854588789,0.0112756829295322,0.0626357897035814,5.56700964037995,5.50444075263107,5.64727714517379,-0.0542983673474175
220,21.8996869651001,12.8594319106521,3.03856959384948,0.845366371091482,-0.0941846023643547,0.287681555216844,0.209359766094409,-0.419636245038717,1.27992512838727,0.930274719926231,0.711870600787777,-0.0721892443701704,-0.0637178987583019,0.0103886148474706,0.0477595971920441,5.49208421902411,5.491410374461,5.77927863695079,-0.0552694307576916
221,21.9993491635132,12.9179572415858,3.29211869209169,0.889338822312091,-0.104742865174786,0.298438732074223,0.210141379737181,-0.464562042048946,1.3256864763946,0.931535783918716,0.703606734486972,-0.0739656143784288,-0.075602109913815,0.011153196456203,0.0540836231446384,5.43161078615616,5.43159703731642,5.77561089453859,-0.0579725347247874
222,22.0994041003962,12.9524060043721,3.29898104165936,0.938718465687533,-0.0954999757150849,0.298632547437349,0.220719582806749,-0.422442471264253,1.32082456414147,0.976164012227901,0.695820853820458,-0.0755185413785305,-0.085384468740651,0.0127162363089119,0.0781923242037817,5.28886425252104,5.28662131774375,5.62845907764005,-0.0597896908341146
223,22.1995641143266,12.9625534430183,3.4559470585568,0.983496011879586,-0.104350444374399,0.310693256478167,0.217708750235722,-0.461229412219371,1.37164583807635,0.960104485867047,0.687111524772665,-0.0763528326439479,-0.0970254657169609,0.0150924895920791,0.0869344378429519,5.11827814161256,5.09857099769179,5.45644974303113,-0.0629233475984276
224,22.2996580649649,12.9889789272789,3.61637524119343,0.99590262067551,-0.108555063644347,0.305576265971019,0.223313757004462,-0.478836883288926,1.34516413474712,0.982317531857261,0.678621455363172,-0.0738487416304852,-0.0696749150243808,0.0175873084230992,0.0936289803174101,5.00056107772942,4.93412103220764,5.55043592087015,-0.0663663167972942
225,22.3999691921741,13.0283728691334,3.61715379616419,0.99590262067551,-0.115170491857392,0.300065781085324,0.219148621860247,-0.506480071959934,1.31857503930445,0.961978304271789,0.670228182435555,-0.0702932382105717,-0.0539266115302906,0.0197989463781507,0.0700884393761745,5.00035124516875,4.96435831380261,5.48814718455134,-0.0668591259545323
226,22.4999903171358,13.0579891323899,3.69658933251174,0.99590262067551,-0.13407632480589,0.29761355019219,0.217706826083802,-0.58827875560993,1.30563062037281,0.953870426060432,0.662113184551932,-0.0687277869487406,-0.059180591398409,0.0201293244729419,0.0810982184912936,5.1845671150259,5.17639645274097,5.70880767120885,-0.067851981290811
227,22.6013441519779,13.0884140470807,3.77680342383006,0.99590262067551,-0.130182082750191,0.288929837784064,0.198595128129193,-0.56986567877817,1.2634825543245,0.868714888344261,0.652517351532452,-0.0675103497682862,-0.0558187430956208,0.0183585229369627,0.0730652398084573,5.34910632230057,5.34732780585234,5.80328603830746,-0.0614639513723448
228,22.6994556836645,13.1140170136372,3.77680342383006,0.99590262067551,-0.133115369772836,0.278691528932363,0.163481459036616,-0.58156756521835,1.21624728376947,0.715113431941092,0.640711667027602,-0.0653997998985954,-0.0505209194741923,0.0155667185849807,0.0420253111793019,5.5148493330927,5.49853599003912,5.85987505013796,-0.0537814926383713
229,22.7995103604557,13.1365672646002,3.84333034758469,0.99590262067551,-0.135261429591145,0.274214650383529,0.152011602897271,-0.589928481947724,1.19416424303743,0.663583214432162,0.628260714290342,-0.0652530233399972,-0.0578763451928656,0.0131989157974914,0.0372771043802006,5.48830160358961,5.47265547210863,5.83349742013346,-0.0523427925864217
230,22.8994825881774,13.146838881979,3.77680342383006,0.99590262067551,-0.128240301304016,0.28732040517946,0.167648510117634,-0.558871609098936,1.24827379922654,0.72989836374115,0.616951954096791,-0.0667637856876019,-0.0624596188575575,0.011671036580429,0.0589284085045597,5.59498018038881,5.57788107668787,5.97447206175447,-0.0528846934004846
231,22.9996954007234,13.1889417062074,3.77680342383006,0.99590262067551,-0.121974664866106,0.282554455197798,0.162199735383817,-0.529870737462788,1.22563904931868,0.705039946570778,0.604652064494993,-0.0672248248206534,-0.0628991775497657,0.0118659282642837,0.0514383402580512,5.5214896690145,5.51456933917846,5.92151864298479,-0.0514669803413113
232,23.0996522830347,13.2156389726207,3.77860583729499,0.99590262067551,-0.12583434452272,0.310281961896524,0.184109985912329,-0.545532380469793,1.34145658530229,0.798719245799408,0.593426084702488,-0.0672159308875247,-0.0563521025557885,0.0134154708701744,0.051062097689717,5.43870873651182,5.43227059150767,5.77306579023348,-0.0569885878157607
233,23.1994624736262,13.246543955572,3.69658933251174,0.99590262067551,-0.122121795891079,0.304705636471258,0.187352329051989,-0.528203076348292,1.31556469188468,0.811043286173937,0.581434741670683,-0.0649176174135945,-0.0425817114568712,0.0150448435393422,0.0515680436711033,5.67368371138333,5.6493173127148,5.70012761991739,-0.0545455370242366
234,23.2994674729024,13.2558685571756,3.77398938854968,0.99590262067551,-0.127951405946488,0.301375934582326,0.192746108368782,-0.553026597017606,1.29797407617314,0.831952752916009,0.57040472256133,-0.0648252184417831,-0.0533171650511204,0.0165973493117388,0.0819365919220691,5.74577555022252,5.61464826893556,5.7768201626272,-0.0558144869238496
235,23.3991307116823,13.2824504963004,3.69251333486151,0.99590262067551,-0.129021435050172,0.304035419614828,0.193180878403613,-0.556535197043761,1.30538120734996,0.831596116576957,0.559489126396671,-0.064694916757913,-0.0599261857633666,0.0186045315408041,0.107484432881793,5.51126794222424,5.42647347166549,5.56009330370607,-0.0584624657758427
236,23.499477211363,13.3029036509463,3.77680342383006,0.99590262067551,-0.132313043340077,0.300779885490037,0.195972724877981,-0.569855212457286,1.28925691816227,0.841635086305521,0.548808753960769,-0.0641410985753807,-0.0556529684262302,0.0207798701945254,0.0878638505478182,5.60989111275124,5.58349079224465,5.88044377298491,-0.05851909807516
237,23.5997984821487,13.3540459421094,3.77430354618283,0.99590262067551,-0.13453305440237,0.303977626159134,0.182700161815306,-0.577197015686094,1.3004679696014,0.784203394414968,0.536802445323918,-0.0632303900499239,-0.0609542194218124,0.0235447697665961,0.0633228649852563,5.68953712681935,5.6723835840516,5.85426128697381,-0.0557572978515776
238,23.6996505475041,13.4022454747909,3.77680342383006,0.99590262067551,-0.131023227270145,0.28546594124108,0.161366600821937,-0.560117989718891,1.21711118427259,0.692981602073352,0.523486654887676,-0.0613910546290842,-0.0629835358379473,0.0243135868653654,0.037835463498747,5.6600012632414,5.63890771618268,5.66039949308342,-0.0516589686986456
239,23.8000443838746,13.4273168389473,3.84426549347757,0.989729837213111,-0.148218017609819,0.279088584543489,0.150348201397047,-0.632436253492091,1.18904719913961,0.644248216425678,0.510241790275413,-0.0592002959103183,-0.0483581462054664,0.0230982379700122,-0.00506485669643436,5.86584749277099,5.62286100764433,5.99147757008632,-0.0508990762843418
240,23.9009961169456,13.4749310050349,3.61357953828706,0.989729837213111,-0.12495973766772,0.291556165791857,0.175246496183517,-0.531317032120612,1.23503331948021,0.748474921053969,0.499129439522652,-0.0605897795615432,-0.0587500817969182,0.0224848024918299,-0.0077348120258215,5.80882550715343,5.51191445959335,5.98006087339427,-0.0516810555733753
241,23.9998866232793,13.4574762172062,3.69658933251174,0.983556948346558,-0.128339065046081,0.280155283823954,0.156227179995828,-0.54639248447473,1.18589745350925,0.665286803456846,0.486310407090888,-0.0632506542182492,-0.068151006873146,0.0221665800331088,-0.0511221643044965,5.7424858261867,5.50119752421838,5.96405707010402,-0.0495545402557615
242,24.1000024216204,13.5274915229614,3.61705524267929,0.941694961544353,-0.125634852116746,0.301962731779838,0.17062963051188,-0.532111945468684,1.27592182569763,0.725031042334074,0.474253523839769,-0.0659934261600409,-0.0734052192220884,0.0229886029409089,-0.0403348867347854,5.69642451988978,5.48291107545896,5.97546454387711,-0.0520088489883753
243,24.1998888190806,13.5794073548508,3.69554423862201,0.856788151858179,-0.132156185276694,0.307565469349033,0.177886769116755,-0.557590799893307,1.29827435242473,0.755218288564546,0.461580204282106,-0.0692986639269433,-0.0848833551351927,0.0239893604084466,-0.0226442467505319,5.71095049476284,5.48720708169383,6.04901206716779,-0.0542892036409298
244,24.2997068124231,13.6054318210104,3.29944573863226,0.722995150278822,-0.130171744392248,0.321346798360707,0.199492092400633,-0.548168121373904,1.35245407638125,0.844891976868744,0.450104724357596,-0.0735358255569426,-0.10028162470568,0.0260531457570776,0.00940445650191833,5.63148612904883,5.42797588497224,5.92355199149625,-0.0585394031412738
245,24.4000525318287,13.6122344320704,2.65492856683346,0.554084308254351,-0.106249918921931,0.355341581095591,0.227648435279348,-0.44721153837407,1.49189581334505,0.961248659543507,0.438996879242283,-0.07825317108815,-0.118413233906945,0.030163305193466,0.04366844203537,5.54370204775879,5.36595418316477,5.74480454609149,-0.0602302128297583
246,24.4996023706266,13.6196343981034,1.77583843545817,0.412724107157511,-0.0800457800007513,0.375116575932236,0.267357072044663,-0.336736833207592,1.57005767292508,1.12524329421796,0.429253736775442,-0.0787173557941189,-0.0976331842044238,0.0351711782211536,0.0604657839028931,5.46372006968648,5.32572511078631,5.46515772374831,-0.0635835744903653
247,24.600234450996,13.6458137463513,1.37556647311564,0.342907306239528,-0.0738454830696927,0.380456897907736,0.28389683580178,-0.31005796305468,1.59055060450739,1.19315053787861,0.419805400700242,-0.0735223833925551,-0.0617544587403734,0.039822263782882,0.0476673845533435,5.52681686676565,5.18671528076285,5.63709557944114,-0.0647284553650911
248,24.6993616407784,13.7072143153349,1.29016659296229,0.293980774458203,-0.072323210886334,0.367621832178995,0.289081304651395,-0.302306230603755,1.53349811182278,1.21412584087405,0.411383746924224,-0.0710006464548983,-0.0700523724980353,0.0414887446583143,0.0544761259106012,5.5171084289641,5.40273258523248,5.56845878275321,-0.0655061469592301
249,24.7992974556618,13.7260247667461,1.21350095691447,0.261445890260145,-0.0762912821145467,0.358967513513049,0.270841134501156,-0.318455163899629,1.49336200170428,1.13542393431307,0.402144327230869,-0.0690097438385763,-0.0720104464579433,0.0409959782551559,0.0587808425204308,5.58367683183087,5.40883069248455,5.59995199505133,-0.0621691453625691
250,24.8994780168368,13.7608818801084,1.0524505930865,0.236719036251968,-0.0589036666143369,0.363873545717861,0.273478462938749,-0.245253967858498,1.51151626346268,1.14319092340486,0.393334241640313,-0.0683529553058233,-0.0725511615793257,0.0399795772638471,0.0410102252401615,5.57234923481693,5.45243573741314,5.57557629081843,-0.0596484741976165
251,24.9997353050638,13.8172949052111,0.967558158058414,0.211996805773799,-0.0512148085494003,0.366398624086508,0.275516545351499,-0.212370001542625,1.5177805629921,1.14973100132497,0.38434922963281,-0.0666903901282123,-0.057874688140089,0.0396067081101715,0.00839651050230086,5.5155344914883,5.43443154268363,5.54556104480449,-0.059238384676067
252,25.1003952152452,13.8450763382405,0.728667953734081,0.211952032521487,-0.0303444035374753,0.375546028500317,0.29323786324094,-0.125575578510242,1.55371250634405,1.22050978120001,0.376524485563943,-0.0633272961924442,-0.0332863897944604,0.0387332715175697,-0.0563243941558013,5.79842884277746,5.58430830255128,5.89271689768269,-0.0558051630109197
253,25.2010369190076,13.8785284990146,0.960507382385983,0.211952032521487,-0.0469574642902805,0.361526056851598,0.281698971664813,-0.193857313769847,1.49062957054232,1.16997766932425,0.36778505478765,-0.0609818779940745,-0.0324992619286467,0.0378673097406939,-0.0727964161273583,5.7686751670707,5.55148953991637,5.88518630223379,-0.0569726022763705
254,25.2993757708416,13.8921224321205,0.889096136370711,0.211952032521487,-0.0460534875887904,0.355367761094237,0.282419909094577,-0.189939357181901,1.462679629615,1.16947496933797,0.360308646911229,-0.0608641697234064,-0.0379368098057738,0.0367661325926631,-0.108384835760654,5.71667212726855,5.53480115734065,5.86099140175172,-0.0574588483248055
255,25.3998765049015,13.9151415681382,0.968239262168894,0.211952032521487,-0.0481776831497816,0.34332356279724,0.272089397015677,-0.198371455156227,1.41081068383638,1.1243523303579,0.352544335575029,-0.0611141617929398,-0.0381169746035278,0.0357938506172992,-0.123439154136807,5.71245819489744,5.54932874814225,5.84721207813079,-0.0560646694012625
256,25.4997002202615,13.9554921389746,0.808810604729645,0.181133983319469,-0.0410291447220712,0.370123372903259,0.289400481673987,-0.168449097539235,1.51699679021684,1.19299318025278,0.345823904965786,-0.0609490574672526,-0.0274120288200039,0.0356054514573608,-0.0863664256999308,5.53906777838866,5.52265133146907,5.67168789177014,-0.0596543749988526
257,25.5992607228192,13.9935216496059,0.725556577589464,0.139713958686094,-0.0291999050409233,0.364182623410461,0.298509455048887,-0.119557387674527,1.49108856391245,1.22903831444005,0.338989719316617,-0.0610412963939326,-0.0325591216430663,0.0371385183304609,-0.0792356282242147,5.60995011839439,5.57113519564862,5.67407824868041,-0.0584157351088183
258,25.7002655145973,14.0303610120898,0.567201830484841,0.106888290928582,-0.0330403667036371,0.391520069853422,0.321736146029757,-0.134926682544071,1.59667717236884,1.32165285189688,0.333321815164204,-0.0617372414855113,-0.0376183833706289,0.0385664634192754,-0.025883595509773,5.72156310521462,5.70210890470392,5.83512122042332,-0.0620069212222882
259,25.8000811671146,14.0500617929025,0.41029329221494,0.100840928858843,-0.0295089320039688,0.372823444822675,0.308899705325582,-0.120336465466808,1.51891192526909,1.26654651139258,0.326008117481304,-0.0623106503898077,-0.0451177443362104,0.0392574965349127,-0.0603825725109292,5.82214559761284,5.75244762323695,5.8762106332554,-0.0581243858738784
260,25.9010040300066,14.0682272426435,0.41193204346373,0.0964690693184568,-0.0330398635056036,0.366386390043545,0.312858140829466,-0.134561464032016,1.48859816923307,1.27907938454765,0.320281070326568,-0.0629785231140087,-0.0494455538994319,0.0379691028701689,-0.0505591685006916,5.82327431820882,5.80499280842038,5.91889151243492,-0.0593992289275262
261,25.9996516106908,14.1204935491441,0.406385115266792,0.0946680926943672,-0.0290228642196146,0.361548459711697,0.302913134840569,-0.117763963542157,1.46571055109189,1.2363518193783,0.314258212324025,-0.0633856778792428,-0.050484459567353,0.0366664303482519,-0.0498236599982981,5.75859350145906,5.73878619265364,5.86133832307519,-0.0576418528198041
262,26.0997684493987,14.1463670972322,0.330599614078036,0.0884952565298913,-0.0162960790199791,0.359477087529827,0.30687284630933,-0.0660025383922909,1.45664675334413,1.24947653520693,0.308887952373079,-0.0639032851966683,-0.0512331097581457,0.0361673852057036,-0.060170457017713,5.6582542044494,5.60550708786273,5.72177907799434,-0.0571145999547322
263,26.1998210454563,14.1662345788796,0.40852734236328,0.0839235337492,-0.0232976072699429,0.371709056092113,0.311252418309356,-0.0942278174517504,1.49954994903702,1.26443501948651,0.303451028918775,-0.0612659337643689,-0.0325463909888381,0.0371894387231388,-0.0503934703798384,5.70955935552617,5.57512849344675,5.92262828945708,-0.0585947189174055
264,26.2994249833282,14.2137503502395,0.405334683589799,0.0761495578499009,-0.0187570400495888,0.376768207783933,0.321780308698698,-0.0756097849387448,1.51972194569016,1.30435857451173,0.298225973349982,-0.0607347463634814,-0.0376505159952148,0.040008144361003,-0.100980897634031,5.78983739912983,5.62061677210912,5.96269588513011,-0.0588163924602557
265,26.4005988347126,14.2388369944708,0.325195555459957,0.0699767348609442,-0.0146415330925563,0.388407779204636,0.334470835255632,-0.0589161710649066,1.56285367029809,1.35295089478637,0.293357775133306,-0.0608624386555829,-0.043946570123582,0.0434803617385509,-0.0867221902087824,5.85280090744248,5.65520164211523,6.00068381367273,-0.0596487688320739
266,26.5002774189029,14.2889539737046,0.328706499661835,0.063803885520949,-0.0240962791350865,0.385833894543834,0.339838617143099,-0.0966210535929581,1.55004545619201,1.37165857728107,0.28864475041313,-0.0608350656118373,-0.0411714596583106,0.044301044407467,-0.0550858948448632,5.83058828751301,5.62891043201995,5.98304755761179,-0.0624182120794913
267,26.5994142320783,14.3033619010487,0.330118499071758,0.0515507903159449,-0.0287370506122347,0.373905928970469,0.329806276851082,-0.115113461557722,1.49860304774758,1.32897763708939,0.283681601192569,-0.0597290192899999,-0.0365125956179258,0.0435998052076778,-0.0254723285292964,5.85802886245615,5.69081643703693,6.00061933865582,-0.0612054559446105
268,26.6993536882456,14.3318509536532,0.407952034964683,0.0452853770275212,-0.0353100796534635,0.35779764274694,0.32683030631614,-0.141162118660693,1.43069887126525,1.31344306872834,0.279781815748241,-0.0591061432022058,-0.0360605909319984,0.0423361531691412,-0.0205566628569675,5.92205125097474,5.77696533217837,6.0440299839131,-0.0611511739129237
269,26.7992627136838,14.370671963924,0.410617954243658,0.0287198740360749,-0.0309885886918161,0.364132832677133,0.32241523736137,-0.123551118385156,1.45363054411678,1.29320192761733,0.275930322782565,-0.0585937799684907,-0.0351957975947212,0.0418430490421581,-0.0130288196784568,5.96526653219546,5.81539133088858,6.07935895731175,-0.0592435935839264
270,26.8997337972897,14.3851386199955,0.247383405824189,-0.00241407062003801,-0.0170473597056786,0.378841362891931,0.338970620708721,-0.0678993321884998,1.50938987824454,1.356850006817,0.272663357095711,-0.058763815035207,-0.0375972683507372,0.0411567365851299,0.0217961073139898,5.98762354094001,5.86032100525211,6.08079557617345,-0.0594589786716129
271,27.0002295896073,14.4231267369929,0.0869552231875586,-0.0458430214494953,-0.0119634061683152,0.382663397447814,0.346677203056957,-0.0475245442508112,1.52157069994569,1.38558336631997,0.269238945173386,-0.0581077690160401,-0.0339746748350275,0.0410124711768414,0.0430962070523035,5.97707591353306,5.84534870488261,6.07886521396695,-0.0600026859978894
272,27.1001968755867,14.4535866974442,0.0861094921935429,-0.107382138052478,-0.0200779118208903,0.391413070321553,0.3523916242796,-0.0795912386938098,1.55411831997415,1.40510042879129,0.265775417642778,-0.0591826442515796,-0.0470014912045905,0.0421374593834012,0.0572213218873242,5.98090797474075,5.82856715300437,6.05662294356897,-0.0622764198468771
273,27.2004310156522,14.4694898512425,-0.155527961557103,-0.150618675905845,-0.00872278794955745,0.386471787517109,0.362804096609538,-0.0345401862603841,1.53073986934683,1.44401590007185,0.263155464380959,-0.0604298996304448,-0.051795900051675,0.0431041137807376,0.0893286803340773,5.83748219702542,5.6712770191644,5.88587327614567,-0.0636450565533908
274,27.2993282843701,14.5148477833005,-0.394329324722333,-0.176823711701011,-0.00233206685417328,0.406501981841227,0.367190365635687,-0.00920557963346116,1.60880637504155,1.45908917943756,0.260258118664616,-0.060861138984116,-0.0504452054501096,0.0428664373781732,0.105875543326859,5.99179895235373,5.93946483072498,5.99201398462967,-0.0616713670515768
275,27.3994791950911,14.5214824466906,-0.394444516714188,-0.195455365142233,0.000661261443165637,0.400092070347593,0.377115933055417,0.00260906487757161,1.57982350650354,1.49547966788673,0.257636058353092,-0.0613308102217764,-0.0549428089128211,0.0430126192058496,0.136461443895964,6.04645000475093,5.93052488738883,6.04692685459326,-0.0622604456030327
276,27.4993749558525,14.5359084707482,-0.559392693656593,-0.207801044058945,0.00738956548520979,0.390094181095783,0.375042936445897,0.0291272388730918,1.53688067549436,1.48368087866562,0.255633129441977,-0.0621696917834447,-0.0611715821526303,0.0422876061379143,0.134524279514873,6.05867035811931,5.85906872689964,6.06534383954126,-0.060682187547634
277,27.5995799656474,14.561966800484,-0.703726534092978,-0.236830372881565,0.0137712352286325,0.401128270319431,0.37877926054672,0.054184536530691,1.57664810204049,1.49538883680922,0.253946482208162,-0.0633880741654179,-0.0692652678675955,0.0419870751945699,0.12865874033488,5.94374676918411,5.69906985261856,5.94759775712931,-0.0614104267043314
278,27.6995394488757,14.6226391104911,-0.781926659199669,-0.263282775646145,0.0245955189906445,0.38598656752858,0.382258261923541,0.0963723506730662,1.51880590757392,1.50779132940152,0.25281702431348,-0.0666551403176285,-0.0865593299902057,0.0402103073165825,0.102799727204102,5.91043953286417,5.65249764725972,5.91661668444995,-0.0605137301454761
279,27.8001390177824,14.6676282328583,-0.863995323234814,-0.292564321338578,0.0199021263490927,0.382651579229859,0.387435240898265,0.0777431173756898,1.50163070420555,1.52635413426146,0.253130509422537,-0.0712484281306783,-0.107410650632886,0.0350740624680123,0.141635913854864,5.69223871781545,5.47973138158515,5.69353343087792,-0.0645674106039992
280,27.8993574997521,14.7159126942739,-0.703830982168621,-0.335402662830451,-0.000467056391247846,0.380968850422239,0.370243546620255,-0.00181846417276856,1.49201546011301,1.45648033871382,0.25198288216171,-0.0760243284945892,-0.130891217116984,0.0306879484657525,0.125254078300999,5.16731784121788,5.0574316937912,5.65743393433344,-0.0717413974527508
281,27.9995658907391,14.6761217780408,-1.10489278325914,-0.380568931555794,0.0384550900837104,0.39609461917081,0.392276699309765,0.150128852397164,1.54751687125246,1.53879442102223,0.252358159029886,-0.0789132901801413,-0.126118787446412,0.0294718684142892,0.153921275932849,5.10256543065181,4.95928473905139,5.52646306597555,-0.0693419053679547
282,28.0994650326926,14.6874302308716,-1.18501108200287,-0.403447794590579,0.0363439766735443,0.431847142257055,0.403310979335192,0.141777846173328,1.68366487991809,1.57859634086923,0.25129324402884,-0.0801176831140125,-0.120802755371559,0.0302219417426344,0.177202197372597,5.31034729935414,5.16807848347064,5.47705729798585,-0.069104143660487
283,28.1993477888689,14.7387301570964,-1.42841537123363,-0.446500560423107,0.061674303084445,0.429972563473642,0.421347575689588,0.23975312721652,1.67702921209699,1.647946636223,0.250338137429204,-0.0795862392132626,-0.117481943104339,0.033351084337784,0.192635878900944,5.39026706656148,5.16001270570334,5.41666990951193,-0.0667264289809267
284,28.2997215981784,14.7405817069194,-1.66484319882191,-0.496047967708474,0.066194345245064,0.432137858637561,0.44750466017591,0.257291821454282,1.68331022009171,1.74806657492884,0.251989231298451,-0.0753704153582043,-0.0892642339210352,0.0378619434521255,0.220899012026737,5.50626476316091,5.089332205121,5.5064936743578,-0.0692502687996339
285,28.3995039589577,14.781884876105,-1.82660448786752,-0.522534451561612,0.0529753311785467,0.448923783309321,0.457309541974884,0.205335782667946,1.74521468944963,1.7840932817146,0.253663451690833,-0.0697452177047878,-0.065790491637067,0.0383770477420055,0.278970075560788,5.30594273839297,4.81217843886871,5.30907816098327,-0.0762040283380065
286,28.5009295791095,14.8111982231145,-1.82672381254939,-0.528788702481204,0.0557124770142689,0.441235784868145,0.459740638065006,0.215517657400972,1.71164498123477,1.79093728483536,0.255150437897331,-0.0629818102340461,-0.041270414587884,0.0388422848120866,0.277106229263379,5.39769979782563,4.90048962148633,5.40340583353523,-0.0748519139974203
287,28.5990018369491,14.8316803005468,-1.98272411235082,-0.528788702481204,0.0555522777660458,0.40826110330101,0.437345377931726,0.214601185417543,1.58498108092962,1.70163495171873,0.256385847641577,-0.0573135170726065,-0.0238517756519983,0.0370971896782802,0.189941362031124,5.46597746791388,4.92980332361472,5.4660478638839,-0.0698490073197088
288,28.6990461100723,14.8439818704906,-1.90269643648003,-0.528788702481204,0.0569828250012252,0.400592137518028,0.442673688902058,0.219944982996096,1.55159525997571,1.71820610245638,0.260212247808005,-0.054506600994509,-0.0189175510710313,0.0355639382573014,0.123925954802277,5.61894361930999,5.03250229437237,5.61910797954934,-0.0686411699479191
289,28.7994643950627,14.8650872539785,-1.822424459774,-0.528788702481204,0.0598165357331841,0.407746073167917,0.43267722038242,0.230554754640629,1.57781322682891,1.67739730079222,0.263074983828576,-0.0546867308548665,-0.0272498225758033,0.0338730295148936,0.0483918435361492,5.53291554602386,5.28205982261894,5.54133073379056,-0.0673895492435605
290,28.899460551221,14.8593879323794,-1.90693790386771,-0.528788702481204,0.0795687303393664,0.413589082594554,0.442126025922304,0.3068032732719,1.59834233576131,1.711879630581,0.266220707711389,-0.056778420170758,-0.0422777929514936,0.0333115679156865,0.0421227339841648,5.75421029463588,5.37603240699306,5.76796939687146,-0.0630073071748727
291,28.9992972711661,14.8801986041675,-1.909751720961,-0.528788702481204,0.0831985740673446,0.431835495205547,0.459743572176655,0.320350393769824,1.66891299864385,1.77815920080383,0.269917789569082,-0.0586821814380466,-0.0452585135276365,0.0343684233587671,0.036623864496546,5.64686550412637,5.28642655965898,5.65221005147975,-0.0666821261873786
292,29.1000531551855,14.9062531258906,-1.90644995834431,-0.528788702481204,0.0852167418222314,0.440134045823042,0.465281423233772,0.327547534511415,1.70097825597246,1.79884768291185,0.272869599712644,-0.0602990922040394,-0.0522597624156398,0.0363184531998012,0.0398639140620809,5.72680909982193,5.38002534527318,5.73376908522925,-0.0663658723010966
293,29.1988417055721,14.9381532823119,-1.90227895196499,-0.528788702481204,0.0671990752728775,0.44772907169818,0.477897343638013,0.257742530575549,1.72862850291791,1.8471419649564,0.276225030363424,-0.0599474045704794,-0.0455746431226749,0.0390475810781024,0.0810492156378878,5.81266321540153,5.35640651506871,5.82122256510874,-0.0706557825811977
294,29.2989434589614,14.9334789320381,-1.83094954520273,-0.528788702481204,0.0697270241098689,0.443799833098899,0.483965833285858,0.26752206807764,1.71172455134438,1.8693627065737,0.280049055572136,-0.0593770313635699,-0.0429546575018529,0.0400259274126556,0.11548297547045,5.91655304129675,5.42113223930617,5.93616631503135,-0.0700135376602996
295,29.3993765691788,14.9163354939098,-1.9043423224001,-0.528788702481204,0.0628258300273805,0.423422388092328,0.462652199320562,0.241321577996302,1.63318023705896,1.78679706554953,0.282965742436883,-0.0566503305998713,-0.0259451202324481,0.039735015735561,0.0544203290898743,5.78709951942633,5.60704160780828,5.84826465388911,-0.0690892506602022
296,29.4993602409354,14.8989527092794,-1.67145739034317,-0.528788702481204,0.0554115999354386,0.422035463833534,0.449659339494559,0.213091231047913,1.6300323391025,1.73674999146904,0.2856583440637,-0.0553197728997218,-0.0263238807270667,0.0400163754286426,0.000114801926806479,5.80964902647855,5.67368811961757,5.86774580939418,-0.067860853170693
297,29.5991769338195,14.8652465392523,-1.74650972123108,-0.528788702481204,0.0608334039732507,0.42259200227696,0.451033227226308,0.234471580052988,1.63492337548219,1.74442815894864,0.288525028993157,-0.0554890063672542,-0.0320027899200698,0.0412537704055388,-0.0408915711372005,5.88739791115789,5.76849137970136,5.93316801579902,-0.0662771277126596
298,29.6992024803401,14.8498276545998,-1.82672381254939,-0.528788702481204,0.0668283979379591,0.437326103718787,0.471717162058981,0.257845369923579,1.69458220004789,1.82548256994488,0.292701906673662,-0.0588660442802986,-0.0461257779566644,0.0424006870915114,-0.0642821804756205,5.96197304737743,5.84528717169839,5.9967035132072,-0.0679118742912005
299,29.8001968684502,14.8218999027598,-1.82672381254939,-0.528788702481204,0.0692448472096402,0.441900712574,0.482222144214289,0.26767207042152,1.71450867502407,1.86832116670176,0.297005149900983,-0.0615859888626762,-0.0466541407845977,0.0447076297352991,-0.104304912721947,6.01956971499331,5.85279704515052,6.10611964586996,-0.0686057835622405
300,29.8992148197177,14.7840631957069,-1.74973376528895,-0.528788702481204,0.0623732827824412,0.440061720275797,0.477220575829316,0.24172682483365,1.70930817667151,1.85130108860885,0.300593497024458,-0.0652984782760727,-0.0630974142712927,0.0463391905233801,-0.12527855780326,6.01265880524822,5.89448304826322,6.08600823923023,-0.0689956484284076
301,29.9995691221495,14.7730023689103,-1.74638335820653,-0.528788702481204,0.0617997999739935,0.433752926532598,0.474568826144401,0.239683645210681,1.68955256890341,1.8445300535462,0.304372990860484,-0.0691047823647568,-0.0691641728522868,0.0463145438787827,-0.108642051326575,5.84442234082529,5.61415471794275,5.98394064006805,-0.070626146109783
302,30.0995205425351,14.7568195457986,-1.58806067578207,-0.528788702481204,0.051518310411543,0.442080666278839,0.473207164543696,0.200027502735456,1.72449481702093,1.84316323655299,0.307900313281805,-0.0693624722023074,-0.0539651846040496,0.0454953917954159,-0.0537548500809902,5.83174309427328,5.81020839643555,5.95988356546588,-0.0723092302447698
303,30.1991299423328,14.7581437600424,-1.66977992879815,-0.528788702481204,0.0557963571510992,0.431768425071776,0.467144142709793,0.216618065057815,1.68807316110028,1.82385009912267,0.310910469204537,-0.0667068845899252,-0.0313101438733105,0.0447210545536532,-0.0295825241243049,5.66342764886932,5.66176908218651,5.79779954889787,-0.0726323016840902
304,30.2995227383364,14.7222885238795,-1.66820483445688,-0.528788702481204,0.0529109664399761,0.438303791832042,0.470343364660209,0.205916492522884,1.71750875062757,1.83981991814204,0.314455063374505,-0.0640504402139717,-0.0222258964342616,0.0435739222391353,0.0119955886892348,5.65766528079502,5.65766525540973,5.79045956607187,-0.0737817416730555
305,30.3990020922831,14.6758704943146,-1.74650972123108,-0.528788702481204,0.0669000423332471,0.441717277458328,0.47483728862198,0.261181340231289,1.73203565793999,1.85984164063039,0.317919606360178,-0.0608235360773422,-0.0184719257805029,0.0430156491806953,0.0332150872723093,5.77975678975109,5.76254701749467,5.92681194966949,-0.0705803481233162
306,30.4989594947778,14.6555565726649,-1.74209652712496,-0.528788702481204,0.060203383520169,0.429545252665302,0.46422487669604,0.235363315519859,1.68891526892554,1.82209272058874,0.320777749507078,-0.0579576308260176,-0.0215494804235139,0.0426880544078464,0.0055432355537847,5.99856883292076,5.9420439830237,6.14531264695512,-0.0673529810908495
307,30.599186092184,14.6082255162659,-1.74650972123108,-0.528788702481204,0.0640328453951778,0.431347045860037,0.463036531546067,0.251145376309497,1.69958819099179,1.82189007501528,0.324044172631509,-0.0572721156281063,-0.0321800154456322,0.0435672139824765,-0.00926850912996801,5.96431834285684,5.90454951512518,6.14397867216496,-0.0668984556514754
308,30.6993302405207,14.5926998486899,-1.66629562991276,-0.528788702481204,0.0558589443293723,0.434697776787913,0.439894116341726,0.219319670772277,1.71658720546216,1.73716610455356,0.324732333678133,-0.0562489257012649,-0.0382691876909085,0.0447549119605987,-0.0130615176966883,5.84230710342028,5.80049018454981,6.09178070165146,-0.0657334791229182
309,30.7992322434829,14.5640030624045,-1.82672381254939,-0.528788702481204,0.0654470514155947,0.429252765783602,0.438291371864406,0.257471422569828,1.69842602041253,1.73447067437067,0.32536332477685,-0.0577126571737419,-0.0533461912279567,0.0440906260245997,-0.0198480171947486,5.78323081651331,5.75239977949645,6.09367069334128,-0.0644699013887185
310,30.8991462106634,14.5152738955224,-1.90352684326719,-0.50632778172394,0.0676329832582574,0.41364864444349,0.432811258206811,0.266964060182439,1.63823104073096,1.71527535911087,0.326498402705763,-0.0581671695657481,-0.0403870360749539,0.0374873433928257,-0.000266343415705775,5.73326793130807,5.71723450545699,5.94331113387639,-0.0636946117509
311,31.0002396937119,14.5124454298633,-1.58493251834702,-0.460784119048102,0.0468077864707406,0.386778394654023,0.399997092870946,0.184798580385596,1.53594061129991,1.58859789324764,0.326476523379079,-0.0610816546106023,-0.0557031398581243,0.0291039562522265,-0.0107654698047536,5.64848675584381,5.64104910392629,5.89479835593586,-0.0625281286239723
312,31.1012535886996,14.5134192822029,-1.18567677462656,-0.423308984638425,0.03557294470345,0.376155629124954,0.378963450742974,0.140433861602789,1.49556549448928,1.5083467238267,0.32622362891633,-0.0629129043853296,-0.0494207700125526,0.0228165709107743,-0.00174658001576879,5.61483633554247,5.60987588834517,5.85895745123911,-0.0611577053218503
313,31.1997347106946,14.482106241192,-1.02673135862488,-0.40533190013857,0.0444538653339789,0.372797740585282,0.363052353914064,0.175872958307201,1.48687765320809,1.44731583613151,0.325098547987213,-0.0637210549919174,-0.0445402141673151,0.0215023521777129,-0.0152975416465823,5.52388961888076,5.4957776927966,5.70045700437381,-0.0576764762806102
314,31.2998921237081,14.4675485403348,-1.2665583629463,-0.40533190013857,0.0603728078709646,0.439308324122427,0.404556413239342,0.239092822134019,1.75128086730484,1.61441939058558,0.324948650488437,-0.0657334632326954,-0.0549028185950541,0.0265922650177978,0.026645998649733,5.65906176841929,5.58065308169153,5.77203802290106,-0.0608199060998261
315,31.3999137688531,14.4644686501325,-1.58608153859445,-0.40533190013857,0.0811722996326608,0.448911573648627,0.443024868629032,0.321531434942064,1.79283387440327,1.7700263308094,0.324840118976068,-0.0683252928825525,-0.0690770989955665,0.0354449245692751,0.0167325956554031,5.56585642682114,5.41169952776422,5.64155890681716,-0.0650129182730355
316,31.4994643879262,14.4214543422705,-1.42780076246361,-0.40533190013857,0.061194871198033,0.463544959078146,0.471817872357273,0.243122969466568,1.85253402731727,1.88517482272325,0.326392073903864,-0.0689276260742916,-0.0670733808162396,0.0435031282033132,0.0586916567357504,5.54910307963191,5.22093107785092,5.63545111349536,-0.0739980849637557
317,31.599570042691,14.4299963442242,-1.34366270324674,-0.40533190013857,0.0416958882445114,0.444609854896854,0.458526121970705,0.165557337203844,1.777594958921,1.86335619585504,0.326837415430119,-0.0699069548304125,-0.0828113929608941,0.0484722262304085,0.108526517453173,5.55383313477006,4.82438482715093,5.5787808799826,-0.075052711093642
318,31.699409363553,14.4501870772234,-1.10488612570221,-0.40533190013857,0.0201842159774448,0.418913884441717,0.457969200520223,0.080031464643577,1.67557104816104,1.8025905005919,0.329453937543885,-0.0623389709689345,0.00150205820903621,0.052158755891228,0.0125248605620873,5.0744428291975,4.88297990057966,5.09062342530319,-0.0862725227731086
319,31.7994271073226,14.441982531378,-1.10732789314625,-0.40533190013857,0.0148056485074476,0.404377807687598,0.427386567192996,0.0587385335358797,1.61647245764127,1.70893897340151,0.331028288956447,-0.060372095065897,-0.0307541203757555,0.0503708582172638,0.0187752801793007,5.26654815159359,4.87620807213073,5.2676344142017,-0.078339911989736
320,31.8996547450956,14.4418509469548,-1.26242703158977,-0.40533190013857,0.026263593899518,0.398078641401713,0.411428851299519,0.104196576458675,1.59064079027311,1.64497886921113,0.332050673679891,-0.0579015151983498,-0.0182268721530843,0.0489247957796193,-0.0378074022634297,5.40656451985395,4.88155985170007,5.41961481782958,-0.0712402961225375
321,31.9994495902767,14.432877298735,-1.34299879390027,-0.40533190013857,0.0501895472374194,0.404797044313792,0.420371419226465,0.199242159519131,1.61695604695798,1.67971426047634,0.333940147002331,-0.0567371741522655,-0.0183943621592499,0.0484938515279748,-0.088383529867128,5.5740798997745,4.90457677608231,5.60896125410605,-0.0664112963296456
322,32.0991539235455,14.4460017391879,-1.26522517332118,-0.40533190013857,0.0461906261171794,0.407742889366965,0.422297493049975,0.183200788579852,1.62873988016914,1.6869223547456,0.335538160817007,-0.0572699536131231,-0.0246709861732357,0.0467401282368822,-0.0753855056863794,5.36479746201789,4.67460336799915,5.36934209923811,-0.0701064428984666
323,32.1993474893055,14.4600958737592,-1.18501108200287,-0.40533190013857,0.0441823634688645,0.40267249843163,0.422314026971864,0.175064888919603,1.60736514714654,1.68636569912703,0.337252105324626,-0.056860509566134,-0.0185906260035925,0.0450299581295396,-0.066090133056259,5.50947632467298,4.77846416734835,5.51186986771908,-0.0686329591452494
324,32.2991753661327,14.4738328752482,-1.26865104655562,-0.395428345009573,0.0402343768073014,0.398691575135689,0.418004693329387,0.159270461700561,1.59020140401022,1.66826272876622,0.338981389348593,-0.0563535995475905,-0.0183262257614875,0.0428080315544653,-0.0719003164397103,5.63752967694407,4.85193290246862,5.64033090963451,-0.0670099029486376
325,32.400454814748,14.4743471010773,-1.18533131784549,-0.370010650298868,0.0368658265871065,0.39485376022318,0.412481645815535,0.145930706891559,1.57451950645043,1.64524673087015,0.340572385992527,-0.0578308355415691,-0.0283243906194109,0.0408243752427525,-0.0943464060402881,5.71534490230145,4.88606395084335,5.72900903740682,-0.0657205865348871
326,32.4996701756173,14.4969892935058,-1.02760020574501,-0.32103212025288,0.0371720693142792,0.388037500517992,0.403946109828254,0.146913126356757,1.54695523263708,1.61086814579901,0.341812625572959,-0.0590348236633483,-0.0299128477298591,0.0391505006150037,-0.136337754506001,5.83346194773983,4.98778935220065,5.85507229640509,-0.0628741635412709
327,32.5992015479044,14.5134312337894,-0.787284443209605,-0.28804796031145,0.0267578126453612,0.38075950629999,0.388610659464109,0.105633738282542,1.51868679482026,1.5795425904502,0.342231867245412,-0.060300534094764,-0.037716935106101,0.039886583147004,-0.175167356394447,5.84646551355589,4.99128059941843,5.88221911634444,-0.0618925821044764
328,32.6990611559192,14.5055367332095,-0.860096147745277,-0.28804796031145,0.0358591149758047,0.400516184702744,0.413352356734975,0.141640519591589,1.59509283345876,1.61739367690392,0.344500129433449,-0.0650465101134992,-0.0483387255208256,0.0372036765725325,-0.13411940748565,5.76886602179677,4.92541481702767,5.82632712470791,-0.0654362989767608
329,32.8000225123832,14.4851978956185,-0.944099250003321,-0.281875124146974,0.0351686344364349,0.376858076642173,0.392072419208518,0.139108238608465,1.50272756938944,1.56234888454342,0.344841912756072,-0.0679678728590151,-0.0400643706046433,0.034853208855279,-0.129617549216558,5.59615788678287,4.90198025161378,5.61919141734759,-0.0637765752848087
330,32.9000667855063,14.485760917455,-0.944368808047923,-0.281875124146974,0.0322519038325816,0.397113886941142,0.410234509019264,0.127566299623465,1.57906538829858,1.63237957589594,0.347167794763741,-0.0700199290147538,-0.0473916874735276,0.0360554603844017,-0.0798821187021547,5.67772622021826,5.00074684101652,5.70461504129312,-0.0665728833209137
331,32.9998647517878,14.4914754108372,-0.865911798484522,-0.275702274806978,0.0361441183689582,0.382545077424794,0.401961117174918,0.142904782556688,1.51778666882291,1.59929462944597,0.348378507263607,-0.0730864160800326,-0.0510370153308533,0.0319484639617441,-0.0646303492063511,5.73077476700672,5.06754831515981,5.76857597542231,-0.0638337770508876
332,33.1002856376953,14.5260033592042,-0.782801593679469,-0.275702274806978,0.0214085116726409,0.36377052232962,0.37503419423566,0.0844428055022581,1.45039245562301,1.49366969650133,0.348566936447395,-0.0772832499711285,-0.0522696669181798,0.0266144493313093,-0.118741608213084,5.33273000750384,4.71174188724425,5.37541846449322,-0.0663123169681238
333,33.1997293590788,14.5704911992686,-0.703726534092978,-0.275702274806978,0.017136356530526,0.375101083983325,0.377238205820716,0.0673855424161929,1.49664024958566,1.50203288770858,0.34934283640406,-0.0809924690825766,-0.0570894349944778,0.019740608411175,-0.0321826114477577,5.29703362426149,4.65887572430407,5.34030277712615,-0.0679817941197976
334,33.2994175666621,14.5123408250541,-0.706357137730865,-0.275702274806978,0.018358311838489,0.359983827402246,0.36464742100226,0.0724799147795129,1.43246322064983,1.45188298411635,0.34905423558487,-0.0822278042461608,-0.049939461885669,0.0140121683801011,0.000628546203375061,5.13227374028108,4.67932375621918,5.15625759172759,-0.0674728447249202
335,33.3993864131917,14.5352642964314,-0.792281914367299,-0.269529438642502,0.0268572180645864,0.342786263138052,0.362732273581668,0.105866908366657,1.36293272554004,1.44526244044891,0.350188604910481,-0.0832645988532985,-0.0423527145655549,0.00913150855111093,-0.0157259280154163,4.9944699033376,4.69052855419024,5.03043525879942,-0.0672493902291072
336,33.499631217017,14.5317643957269,-0.868152093222764,-0.263435411853832,0.0426468196939834,0.378387473512516,0.369418778162545,0.168147218511509,1.50667341745023,1.47107546656499,0.35107395797952,-0.0806195495828003,-0.0130768523259827,0.00738922776865141,-0.0613503355509524,4.96475059899804,4.77851894139496,5.06994928983891,-0.0658184035537473
337,33.6000695290685,14.4900309801532,-0.864336032117554,-0.269529438642502,0.0475708611740293,0.384544076677672,0.382283120355327,0.188101722111349,1.53041531775814,1.52174305625364,0.351156050757821,-0.0807258498469663,-0.0466839606608835,0.00910866154214969,-0.0410279578177574,5.42056954879394,5.11287499295641,5.47192953762653,-0.0617485406594903
338,33.7004456792033,14.4999246857322,-0.863855104206184,-0.269361033908335,0.0423677727502001,0.381431282938968,0.384712428168118,0.167413811465574,1.51952873867242,1.5330025628525,0.351329174358129,-0.0769469741330665,-0.0109348486338675,0.0153273827709408,-0.13708378643499,5.11456505624974,4.81147670425295,5.44766800911816,-0.066935243105294
339,33.7996342506273,14.520232179668,-0.860393931181124,-0.263439790784225,0.0418351464696083,0.403580403886157,0.406086393146362,0.165077986762234,1.60913052246292,1.61861994542813,0.352676209685377,-0.0757565076631338,-0.0298272721048119,0.0201443511231323,-0.124876803406151,5.2559897498517,4.89468822714805,5.48399726851823,-0.0693021227233235
340,33.8999656649893,14.5120023019122,-0.704456207317323,-0.267377923284769,0.0307401405310849,0.399907808175092,0.41315656635164,0.121366965298179,1.59519988674337,1.64779173583468,0.353821237970735,-0.0763281792276403,-0.0442062418966304,0.0234061539407985,-0.103984654100354,5.34064019870177,4.90010350387383,5.45622766705895,-0.0716049783532533
341,33.999115222658,14.5211600745128,-0.783940625411293,-0.267274797848323,0.0266546668480676,0.396221954607927,0.410320656430256,0.105170536766595,1.58056331378635,1.63676165297871,0.355036392644714,-0.0746447759066047,-0.0318605357243823,0.0262529406649457,-0.11270766784404,5.31820869815087,5.00704928191251,5.36405989830177,-0.072141958196486
342,34.0991636572484,14.5113039348578,-0.703726534092978,-0.251010916973555,0.0209236243134508,0.392118441575467,0.401885772158595,0.0826138395181754,1.56558477170176,1.60392620405362,0.355808323752073,-0.0733819818576398,-0.03534796617005,0.0278040009498943,-0.110068417488533,5.39531944575178,5.02805645868555,5.45830333272403,-0.0706097482596901
343,34.1993426578731,14.4952990634433,-0.703726534092978,-0.226460014673602,0.0279729385469002,0.385496528410024,0.398008998789701,0.110568903940948,1.53996784090412,1.58962211637115,0.356730122208487,-0.0729611404998432,-0.0421975050281637,0.0291295420140105,-0.110751146849121,5.47081082417309,5.16488637367743,5.52677781448318,-0.0676382481748
344,34.2996883772788,14.493949587482,-0.702171841596256,-0.191709876524595,0.0287776517654597,0.380181317250639,0.38901440004351,0.11376028416791,1.51967917255574,1.55475571900024,0.357349804912116,-0.0734325446936908,-0.0493345101732306,0.0281188452919858,-0.131281427904441,5.63530311972334,5.37159321690425,5.75955520230517,-0.0639249993522504
345,34.4003147356307,14.4841192245202,-0.475559657945917,-0.164591167850455,0.0185392825142901,0.365997082968743,0.379142859605519,0.0733370146098397,1.46548542349436,1.51667154867875,0.357958962621884,-0.0755746946738372,-0.0607052302939346,0.0281191961996461,-0.145247804604307,5.6154221337624,5.4209092357571,5.76044407640523,-0.0642166463182029
346,34.4995763928229,14.4848351192634,-0.474543416040648,-0.158418328392099,0.0215374201025316,0.387913977148312,0.387204448799536,0.0851927104392539,1.55414494748444,1.55076181004071,0.358976287280545,-0.0774801767520616,-0.0624866089204621,0.0287178269766304,-0.117804020892477,5.42091822474432,5.28863689469643,5.60203566865365,-0.0674548136564541
347,34.5995098668811,14.4782814583697,-0.314115233404018,-0.139899810017031,0.0169013769860882,0.360518439338145,0.377036115922765,0.0668848117207694,1.44669612623585,1.51180164246416,0.359258090451484,-0.0782068061111569,-0.0527973324917092,0.0275392995423944,-0.102575229704504,5.35117380595751,5.1498433934354,5.45742718037714,-0.0673001386229944
348,34.700083946801,14.4277572702825,-0.473631474371995,-0.123505978643738,0.0137203543012041,0.37118287125927,0.378655752405054,0.054486511186949,1.48992495020657,1.51948353232941,0.36054595131124,-0.0800085509691742,-0.0545925903497417,0.0273411571089288,-0.0692930248072696,5.1680685212506,4.9757437291993,5.28864837399193,-0.0706134983704784
349,34.7997414635634,14.4079820512738,-0.472692851528237,-0.0890063399782878,0.0208400137323878,0.368663243347635,0.380199901026827,0.0828737844697015,1.4818681800794,1.52712248397229,0.361570116036867,-0.0796295527782145,-0.0415415449279587,0.0262176490588147,-0.0570799922948033,5.26474666946633,5.1110824743016,5.41489830667504,-0.0682577738029828
350,34.8998177279659,14.3979810872202,-0.153687050767387,-0.041174183127735,0.00588980891009614,0.359605751112171,0.366860602011246,0.0234380898140664,1.44637765670247,1.47485612164687,0.361842934419754,-0.0798986062904882,-0.0464150711754169,0.0234457565393073,-0.0346586558211967,5.34122956380414,5.17475553323342,5.50281452573245,-0.0675819656858295
351,35.0006545005047,14.3861331474337,0.00932127365003941,-0.0349615458127432,-0.00598081465717691,0.347891714102982,0.348208399116277,-0.023819841972282,1.40040311788211,1.40125483842143,0.361284265071703,-0.080204355030764,-0.0488154744524979,0.0209747187262801,-0.014804452796983,5.36975412134707,5.12903510591465,5.52339774373511,-0.0659600431918103
352,35.0994230238302,14.3976772206656,0.0899679786294511,-0.0349615458127432,-0.00769966182307574,0.355696382831913,0.347814413896563,-0.0306409205681248,1.4333281346476,1.40105832172726,0.360891202441762,-0.0814152750012334,-0.0552469595025181,0.0199935719295051,0.00329750040523889,5.38247182160506,5.09769109085423,5.53992444417933,-0.0660503366302109
353,35.199082881418,14.3857379139341,0.0111077235659275,-0.0349615458127432,-0.0010656962581606,0.358519746438557,0.357317073215412,-0.00424447449891659,1.44541778492411,1.44031686085216,0.360912032207097,-0.0818465652541809,-0.0517833918649801,0.0197825462975972,0.0330731605531144,5.39421742654715,5.09511202836861,5.54296390217117,-0.0664383248086784
354,35.2995120902599,14.3524932262709,0.00410944146808173,-0.0349615458127432,0.000974746233311473,0.369673613196521,0.363965107425012,0.00389122950965269,1.49052671360039,1.4678236933345,0.36089881849581,-0.0835525932297042,-0.0607264553431983,0.0215693107842719,0.0300056786334945,5.37114654723826,5.06353493933049,5.52110395887465,-0.0675815411103133
355,35.3997472706922,14.3513529111412,-0.0714360675136741,-0.0349615458127432,0.00184293612317419,0.378395491059653,0.376004173166475,0.00735766598755192,1.52757561885452,1.51724081067357,0.361096243815976,-0.0855396361928922,-0.065569553019778,0.0251527478759141,0.0247249344008613,5.31643745233184,4.87018267828072,5.42134058959249,-0.0703781884764186
356,35.4995054429433,14.3464297088131,0.00945018736611715,-0.0349615458127432,-0.00202058764815247,0.380881110852449,0.381569590233743,-0.00806968325637005,1.53849223517663,1.54086171461019,0.361288905704407,-0.0873309998987603,-0.0719299720653725,0.0296112958873613,0.0222666950603821,5.33335544923814,4.89910253140526,5.43162513891725,-0.0719228601080189
357,35.5998870550038,14.3599984795942,0.0882329735006247,-0.0371635244600528,-0.0117462325827246,0.376197448600487,0.340029810276729,-0.0468669549668084,1.52133724793962,1.37329528255313,0.357423263081448,-0.08566237772894,-0.0718961951614728,0.0313989798831424,0.0360867840404346,5.34817137255219,4.72973822331599,5.40703292310493,-0.0657750132437478
358,35.7001180739689,14.3691251180806,0.0860257410435813,-0.0349615458127432,-0.0154393427839723,0.379451312986234,0.206645999635203,-0.0615631663221472,1.53418867505722,0.833265206363809,0.34026587951317,-0.074015271614997,-0.0632570165892612,0.0338119616258165,0.0604091211674139,5.42986681107508,4.64937873116673,5.47105257259665,-0.040900697963014
359,35.7995755802126,14.3439401565895,0.0869552231875586,-0.028788696472748,-0.0126041245881682,0.368700024932362,0.191499069014756,-0.0503462054085843,1.49137243490671,0.772359485028656,0.322107266184224,-0.0633852559264477,-0.0489212336077832,0.0345666946163599,0.0724699223165972,5.44318735117425,4.62353705851743,5.47226278071742,-0.0374969995399651
360,35.8993743267692,14.3408294359438,0.0869552231875586,-0.0164430241437961,-0.0137542865466004,0.361778095394585,0.197830627868015,-0.054952353433596,1.46342779396062,0.798154127725157,0.305400114478133,-0.0551586318117216,-0.0375524870163809,0.035034847138312,0.0862985004722507,5.39428013921257,4.51964831484423,5.4168211335601,-0.0392239388674948
361,35.9994016939318,14.3352453797737,0.0901043893065439,-0.0102701748038009,-0.0110084975707954,0.35721650631564,0.186155380732347,-0.0439992695548716,1.44594452513579,0.751165576163451,0.288061178589355,-0.0476159213747957,-0.0279954421984634,0.0354812801827939,0.0879844942936797,5.42231350373911,4.60549653351971,5.44163537937062,-0.0363615785341778
362,36.0994475276051,14.3371196482861,0.16414343665463,-0.00409733863932493,-0.0124820971794081,0.345110143285187,0.18725212966259,-0.0498824955572764,1.39694794078214,0.756027973863075,0.271662546423393,-0.0422768469177462,-0.0235063479879006,0.0352931269904576,0.0807445408294547,5.40942322667386,4.553086162458,5.43080114760216,-0.0369233869254506
363,36.2000405942192,14.3492497928107,0.166850171630508,-0.00409733863932493,-0.0176143443818277,0.341420264780243,0.17803440550839,-0.0703330905530193,1.38268213252971,0.718918892926122,0.255041473700735,-0.037842645971445,-0.0217162531760182,0.0349551729918433,0.0749593204720395,5.45440766284416,4.70863645504204,5.48202588464063,-0.0358698436171156
364,36.2993449064506,14.3375141747744,0.163689142985854,0.00824833368962697,-0.0124796092358964,0.338061102146188,0.187819021192271,-0.0498711805895109,1.36832117249771,0.758668707064962,0.239954997515876,-0.0343601404381228,-0.0122177803138003,0.0340886951574076,0.0468432238388583,5.45698124027632,4.88045615015852,5.4744292997651,-0.0367050245564019
365,36.3991548369504,14.3369351766515,0.0911206294162467,0.0267668553585741,-0.0107068097252043,0.321230945972778,0.169549282608529,-0.0427884263758005,1.30129696114971,0.684978600530259,0.223975752878416,-0.0329771115152316,-0.0201960948811954,0.0323905503867061,0.0150842342377386,5.34955692114058,4.60085881139026,5.39310299440531,-0.0336955181505576
366,36.4993569857365,14.3351821883476,0.243860331095294,0.0391125408630452,-0.01696188437889,0.314317143953528,0.168199834609299,-0.0677943203782863,1.27327527856932,0.679807351923586,0.208988095597963,-0.0326606095505669,-0.0181788894328759,0.029734032276286,0.000102467834399848,5.34917020937664,4.72380752761943,5.40541868402127,-0.0346150359290523
367,36.5991640552276,14.3260148868165,0.332406028621804,0.0514582131919971,-0.0206561522488551,0.305951136892596,0.186001147302802,-0.0826126130699956,1.23928339040761,0.748196222707308,0.196598745327476,-0.0344093383008582,-0.0222223335778295,0.0304950004753481,-0.0106116728583252,5.32922059322301,4.80233294252903,5.39725979472762,-0.0387781469985416
368,36.6995282411441,14.3157414631008,0.404971785204076,0.0576310493564731,-0.0187508308358998,0.308596814064038,0.32013258814848,-0.0750462599267527,1.24990468323496,1.26847616659416,0.197889289520132,-0.0475082275229614,-0.0383053979710958,0.0275059412711859,0.000291881643834763,5.28541924883837,4.88246424283815,5.37688882338125,-0.0641166581173025
369,36.799819601384,14.3014299169315,0.248909166297588,0.0699350036950679,-0.0078700520886441,0.32991599715723,0.331815783770452,-0.0315297649486374,1.33625506903387,1.31324929171494,0.199148886639548,-0.0576829680329455,-0.0540478267233511,0.0288858094295063,0.00993106387138394,5.27117484958597,4.89198259438838,5.36042290159614,-0.0644421491512043
370,36.8999790951311,14.320668010534,0.249531699884557,0.100836047504245,-0.000935099183935194,0.332126285456642,0.341211644330084,-0.0037412526112649,1.3442724361031,1.35280892839465,0.200169562263374,-0.0654243337871547,-0.0659942142101631,0.0321605843335462,0.015274685649476,5.31594418941551,4.98503834944832,5.38606440449105,-0.0643623656161142
371,37.0009251061846,14.3129845558604,0.490200735770063,0.132058599502734,-0.0204780257890423,0.333818005041468,0.346347098837975,-0.0819747722994542,1.35086922034558,1.37127690552121,0.201519710476202,-0.073756516504545,-0.088563405951513,0.0347300899518488,0.0371126963664077,5.27158123156149,4.94828260637537,5.31013479194225,-0.0695854068283721
372,37.0996455125453,14.3078194269102,0.56823977109745,0.16630104614985,-0.0274883269253716,0.335514507815937,0.344003472823113,-0.110077093787215,1.35640891247621,1.36359547753483,0.202441484272935,-0.0810776279476731,-0.106016213479319,0.0354414486873374,0.0840302136951094,5.15224582715047,4.79956646063508,5.17698310834867,-0.0721028872090801
373,37.1994270930495,14.3279389187464,0.805554707558136,0.203205681349563,-0.0418296463842053,0.305564587157811,0.319264741566288,-0.167271468765745,1.23776022017553,1.26509663598402,0.202314282123343,-0.090023452233009,-0.14785943223393,0.0336489328461171,0.0991672541467842,4.68145058202459,4.52626274673311,4.94560194677544,-0.077133012860798
374,37.2989139896556,14.3124128018862,1.0441678184254,0.218124868685963,-0.050634388648943,0.301559250198222,0.312426197734527,-0.202699901443514,1.21991316543026,1.23937026550369,0.203196161737325,-0.0918636711447028,-0.108633246407434,0.0310472447184047,0.139137046769931,4.5983476384172,4.41391771001003,4.78894969290715,-0.0789545756284836
375,37.3991364255945,14.3088524973383,0.969310227689026,0.218124868685963,-0.0473357280054214,0.297462824057146,0.295266537283966,-0.189541931594763,1.20298589683821,1.17087451086135,0.202770767623645,-0.0899998925135242,-0.0822555774681974,0.0280319610788938,0.123686250806482,4.76385882470311,4.48841790035351,4.80024300472568,-0.0719169643552018
376,37.500005709596,14.2847025236842,0.809938807206978,0.218124868685963,-0.0345333208712485,0.297224404565466,0.294151623423619,-0.138512487794104,1.20356041488459,1.16796801167282,0.202448793788265,-0.085500743616535,-0.0560260714411284,0.0272654649526178,0.0758069838075473,4.88751232119322,4.45306206231273,4.88837472410734,-0.0672499469453253
377,37.5996694685593,14.2852773376697,0.889096136370711,0.218124868685963,-0.0342148401805478,0.312628422673533,0.310025070759411,-0.137229550686896,1.26500437908293,1.2321613749509,0.202956945124494,-0.0767349010909135,-0.0180028980123225,0.027930725792433,0.0298415456366035,5.37693604557343,4.7503905258449,5.38015415200388,-0.0640215743728911
378,37.6991641679164,14.2908648617571,0.813735939540605,0.218124868685963,-0.0286142872080461,0.310131910481406,0.311832350509832,-0.114721937105105,1.25554343169218,1.2499786491852,0.203001935028899,-0.0733584569463142,-0.0296157163398728,0.0305048353525286,-0.0912949664058624,5.11784966432911,4.66752749531391,5.17449469027613,-0.0665214220907574
379,37.7987917741332,14.2805843867013,0.808882045052396,0.218124868685963,-0.0354034774021282,0.304574241846547,0.315949639819466,-0.142043604420307,1.23349412217474,1.26635294488052,0.203858390087585,-0.0735284979880756,-0.0410269381513288,0.0314455326387804,-0.156652768451993,5.11571460943004,4.61927802182504,5.17921580915382,-0.0686811411594243
380,37.8991484173903,14.2574966258653,0.889096136370711,0.217923874465177,-0.0446874595434586,0.30784573886314,0.309754284277494,-0.179582328640325,1.24767545113814,1.24287720311201,0.204214083528379,-0.0760091026910789,-0.053388815417006,0.0317617933186403,-0.232429028772987,5.10576535048538,4.71035877468419,5.20728391519597,-0.0694199046548933
381,38.0002806541024,14.2371743459528,0.730861159292116,0.218124868685963,-0.0286027527198971,0.292135417194992,0.310919015590045,-0.115108150581629,1.18477668104742,1.24745523838303,0.205319300862689,-0.0805903304838527,-0.0692541382598776,0.031352091880693,-0.265156032252303,5.09046116502238,4.71199332777664,5.20456768664027,-0.0666976443397442
382,38.0996528502679,14.2478456665106,0.733403509593937,0.212036545583814,-0.0336669571061105,0.300020439448444,0.308669791966451,-0.135386851193077,1.21638766866916,1.23970309357872,0.206570582006883,-0.0840821681477033,-0.0655941392335844,0.0302920617648633,-0.274323275419843,5.01584317527287,4.64395178551991,5.15475765818932,-0.0682510870276437
383,38.2001694499216,14.2487196254157,0.732316817855906,0.211952032521487,-0.026658760006392,0.305686094225712,0.312813986976854,-0.107197888183856,1.23939734658905,1.25632238918244,0.207571799725436,-0.0877953879881148,-0.0737500619852967,0.0299924010783828,-0.245197060400858,4.9054004937086,4.58365498406755,5.0103516282296,-0.0692038799724173
384,38.3005918963793,14.2250062414554,0.728667953734081,0.211952032521487,-0.0277249805391125,0.312164554007469,0.324448768935285,-0.111671118701817,1.2661203175613,1.30417211934664,0.209130702031579,-0.0901014343051517,-0.0724538839344222,0.0281314230217489,-0.135540849033261,4.79911156613164,4.27413727267457,4.86725275609803,-0.0733831136495686
385,38.3993357109931,14.2373686363702,0.812565009616886,0.211952032521487,-0.0365783278029878,0.329422833959915,0.330883417560988,-0.147202706280078,1.33512373674515,1.32967190230057,0.210126999826001,-0.0925447804435172,-0.0764734065475991,0.0275109607579699,-0.0623403484562399,4.81169668729839,4.35500456086426,4.86815232859989,-0.076368434929404
386,38.4993308267846,14.1990505423929,0.797819291447738,0.211952032521487,-0.0286807772444439,0.309887824219877,0.324256828425217,-0.115732051905444,1.25767316588596,1.30350351863879,0.210587127284851,-0.0929959151435557,-0.0736619509682696,0.0285698618551655,-0.0616872037484832,4.98112814937616,4.53332179319745,5.08156612037804,-0.0708549539553329
387,38.5992034393846,14.1964902001954,0.728667953734081,0.211952032521487,-0.0351450296706138,0.325491304690938,0.315463647174696,-0.141841943249435,1.32018081520063,1.26985623261119,0.210364819110595,-0.0900799137467913,-0.0581122754132451,0.0279089362142326,-0.0244522032200219,5.07359830167504,4.61550743836441,5.2582746477259,-0.0691045400124714
388,38.6990596662073,14.2336404903102,0.813463795487853,0.211952032521487,-0.0315540664883622,0.313661583478049,0.274269676714846,-0.1270168286066,1.27225434555978,1.11153306517683,0.205840656271527,-0.0845177634264305,-0.0561535870430516,0.0256248893444034,-0.0184306687867332,5.18822529252582,4.60283656702724,5.38344236555593,-0.0589457330705701
389,38.7997133341879,14.2086125127825,1.20542072620759,0.211952032521487,-0.0665331724350614,0.287949176573342,0.248866044519673,-0.268290947694841,1.17027280747581,1.00919249685602,0.20061277164037,-0.0805060124045575,-0.054779334598845,0.0221020350367823,-0.0148172618305264,5.25533658962533,4.68387223823009,5.47411759530743,-0.0600150364445486
390,38.8998252311535,14.2342171702935,0.80720163326597,0.211952032521487,-0.0313056552865129,0.31325454254846,0.256622042223924,-0.126011779174738,1.27346354478214,1.04185681818653,0.196209868698562,-0.0793810866210941,-0.0533025671894656,0.0187690275319026,0.002563026293093,5.13995823016243,4.50253421654794,5.28539416077054,-0.0560175169947514
391,39.0001189322188,14.2060176495509,0.65212979019208,0.211952032521487,-0.0261007704109936,0.313282063920579,0.253607436992691,-0.105269635780155,1.27428616405519,1.03016724626451,0.190226259614411,-0.0774329822479087,-0.054198563235143,0.0189631249886773,-0.0160141795058763,5.17533375491239,4.49319764314681,5.31732890993277,-0.0540464094973947
392,39.0997343141256,14.1655217835796,0.644268362092371,0.211952032521487,-0.0130019161795252,0.310881735720036,0.278620120941501,-0.0525892886158928,1.26543223435687,1.13297573814165,0.186892951732118,-0.0778932311763983,-0.0636220516801898,0.0193237604727179,0.00652859148361774,5.3940711028643,4.77230917117852,5.46363668932885,-0.054063439572788
393,39.199413678591,14.1773140562074,0.802095898797244,0.205932964677848,-0.0311770093983682,0.308212399227441,0.270146623342672,-0.125997644532265,1.25638851669168,1.09937734776359,0.182965540501477,-0.0777287100410223,-0.060425760975887,0.0177227996476088,-0.00119015120809671,5.41968760948609,4.84857312024286,5.46277961030995,-0.0555979706678357
394,39.2996998369969,14.1432291808407,0.806682426142022,0.174991473263617,-0.0369181685213437,0.2979009188301,0.263570092147925,-0.14955922811964,1.21548291495243,1.07362921153405,0.17900558440036,-0.0778052084013171,-0.0637418116747506,0.0178079885748568,0.0102590701002451,5.3960827948421,4.86409986248229,5.42757707986839,-0.0556863695561701
395,39.3993760803619,14.1293496658478,0.575957658467598,0.165178364774711,-0.0308323168884265,0.300046550940699,0.261860742132629,-0.125027610478836,1.22519908741825,1.06757543007546,0.175306300702731,-0.0781996943081215,-0.0648274758628469,0.0159344771831491,0.00852783417635516,5.33811185510518,5.02151338052777,5.37894294320543,-0.0548308216398903
396,39.4991449163728,14.1134999164708,0.488025679779135,0.162783221620726,-0.0222616777510514,0.290650310150668,0.261464467249377,-0.0903744025054769,1.18795644590808,1.06696871268901,0.171925737125223,-0.0778903092441173,-0.0547828563308793,0.0131852450911633,-0.00366369026405826,5.27867935247126,5.04620340645748,5.31898914360502,-0.0537494562664807
397,39.6002597269408,14.0923389884713,0.646271035104153,0.165131827512868,-0.0257640157354863,0.294353656034958,0.259156842032159,-0.104749660187984,1.20446353195521,1.05820698605639,0.168554049503511,-0.0776329931527345,-0.0535078753251818,0.0115524270329701,-0.0216837466569279,5.21240497301823,5.03712818620625,5.2683999236526,-0.0546620723528822
398,39.6989949585285,14.1161860906259,0.723591918820809,0.196690566196441,-0.0181300006313755,0.280187566542346,0.266731699508463,-0.07358729482,1.14818931663987,1.08934610199475,0.166526135292335,-0.0775507095060475,-0.0458752021966376,0.00884738964403303,-0.0355049575382437,5.15047705586287,4.938048989961,5.21936434483315,-0.0553078281973076
399,39.799615594863,14.0881518237169,0.806085172693113,0.211952032521487,-0.0276285837596347,0.292366541582703,0.270190049799638,-0.112363866726882,1.19934416924446,1.10419606561633,0.164907450686688,-0.0767113562181861,-0.034882539946069,0.00823392614049171,-0.00916303633997222,5.0377330046317,4.72554201077513,5.0972232458941,-0.0591175898535031
400,39.8994195432536,14.025163679105,0.728667953734081,0.218124868685963,-0.0122024281285378,0.298879661927802,0.279280255662451,-0.0498495041600252,1.22779423005512,1.14271046625135,0.163276370118686,-0.0765041502379324,-0.0398975281549589,0.010322606996257,0.00192421507791095,5.0706669131998,4.63961341001031,5.1329126305155,-0.0574840920889933
401,39.9996620062536,14.0216671390948,0.806523208992195,0.2365554708,-0.023639417128083,0.304255663066257,0.281033832529779,-0.0965960420327611,1.25118733070783,1.15167472724957,0.161218008427946,-0.0757761806113032,-0.0478099581476884,0.0129332050351952,0.013093358806697,5.29969863873118,4.65570170250341,5.33070628114459,-0.0574887876512928
402,40.1002319247062,13.982113176803,0.73070073048408,0.252574713384631,-0.0186021812993693,0.295228623090735,0.284498737613924,-0.0762278087628074,1.21770848955271,1.1679693286078,0.159684980383433,-0.0759431921508564,-0.0535150772869904,0.0138628492749597,0.0177298741866,5.36467446861446,4.72903363546974,5.39145590188445,-0.0564994056371095
403,40.1997060768189,13.9635983104869,0.893635572606691,0.267429978712105,-0.0358779015497461,0.294480743986878,0.276746349852652,-0.147214762789548,1.21596672677481,1.13829291445519,0.15788366924383,-0.0773481102588664,-0.0641981659997349,0.0125623381037724,0.0396562344101864,5.39885242291925,4.68702023101035,5.42836882795226,-0.0579056856740969
404,40.3013010166686,13.9432138792195,1.28411581146936,0.289777412191312,-0.052334921017046,0.277428853251598,0.259931940697031,-0.215054867548855,1.14819123958596,1.07211261655701,0.155239878558506,-0.0802164901474298,-0.075700320270524,0.00942481276715094,0.0556106886404089,5.29636639982929,4.52203415892642,5.32280930774731,-0.0589586969897215
405,40.3995943524548,13.9078961512405,1.28468792527035,0.304544654041742,-0.0510574907319902,0.258855166024886,0.242193329409935,-0.210338469449583,1.07472223859133,1.00130637714533,0.152689296219617,-0.0838199319928701,-0.0874487754423389,0.00432770001020427,0.0625270345773759,5.14282470988928,4.28150931359437,5.17234319914174,-0.0570213524054253
406,40.4997465636342,13.883692736248,1.20995250164397,0.304544654041742,-0.045121354939225,0.26196493519049,0.230322467016783,-0.186207960020415,1.09025520251826,0.954963143168637,0.149675958193942,-0.0874986455465665,-0.0925577603378628,-0.00123955861046675,0.0652072002508654,4.95044853139815,4.04189179740054,4.96804946141558,-0.0556401748667842
407,40.5992818372968,13.821613684678,1.13368064720606,0.304544654041742,-0.0318401461935751,0.261646163039978,0.227234434454961,-0.131989130251062,1.09165738978735,0.944536265339539,0.14623491283541,-0.0843791293278273,-0.0463001810309695,-0.00388112985346483,0.0158849501754784,4.71197705643326,4.30055555280667,4.71807284496799,-0.0549821396720983
408,40.6992556255688,13.778315148679,0.965283013005814,0.304544654041742,-0.0175670741383495,0.246473110080471,0.205944821760807,-0.0730509246065202,1.03121001480199,0.858946924468328,0.141424692527909,-0.0821470151372918,-0.0531070201817041,-0.0068933879977709,-0.0296004046097542,4.88795298376558,4.22448861070294,4.90942819059092,-0.0457270961160039
409,40.8002130806572,13.7510121238739,1.13056415786323,0.304544654041742,-0.0383273499414668,0.251921034438395,0.196965964261563,-0.159696587068363,1.05606956052219,0.823115640048826,0.136151572787996,-0.0793600900242004,-0.0489143167751182,-0.00798489631174697,-0.0733475407457685,5.00539267059206,4.24931396847193,5.03855133203222,-0.0470079631485132
410,40.9002123579159,13.7069667867481,1.13086852131549,0.304544654041742,-0.0210825337532684,0.241958637276037,0.20692801215889,-0.0881259341873597,1.01642566685686,0.867143255383714,0.13215041933636,-0.0747855902998394,-0.0343641855673614,-0.0063356585935598,-0.11685702666691,5.25170041196703,4.22311380257993,5.2796721674901,-0.0434165180848076
411,40.9995575045444,13.6931075852686,1.29294574114465,0.304544654041742,-0.0367783772113572,0.273295380604275,0.211425884838898,-0.153890613300842,1.15116836695837,0.887966201454487,0.127560561888117,-0.0740905442013911,-0.0487694032864184,-0.00505192175411626,-0.14474303213535,4.98275079228641,4.34904594086143,5.0065546539874,-0.0498126983260913
412,41.0988550543915,13.6567590378283,1.20428293839932,0.304544654041742,-0.0258619508572834,0.278910881687223,0.232193403445171,-0.108501501615823,1.17710784181353,0.977328572095494,0.123200433512997,-0.0738283486011834,-0.0453778526418378,-0.00372247588827801,-0.111147386614385,5.03225216398868,4.54614750662534,5.06971766600064,-0.0512802907908959
413,41.1995287494332,13.639632814184,1.13274774397806,0.304544654041742,-0.0288089732988601,0.2967252855688,0.238753802124807,-0.121017196725967,1.25459727962675,1.00739343282961,0.118260950999504,-0.073295060183042,-0.0444834456053471,-0.00261509134528025,-0.0754055117373238,5.06647821231314,4.7170953585684,5.12591579745361,-0.052810406797646
414,41.2993139712213,13.6115574697873,1.12582755841891,0.304544654041742,-0.0299147496263568,0.257098610946392,0.233440176349672,-0.125921382841049,1.09012903933838,0.987152031097514,0.11392311059815,-0.0715948308816189,-0.0352032879877272,-0.00316911626898351,-0.0623726577685533,5.07996216162156,4.87295887571025,5.19421361367657,-0.0518419070058514
415,41.3996836190635,13.575245853838,1.12973841032566,0.304544654041742,-0.0435391472080461,0.270238238361906,0.222940313228324,-0.183761005288211,1.14825910563432,0.945006515854763,0.109835244397063,-0.0700361252387536,-0.0324983083566401,-0.00552474900881885,-0.0238891716997202,5.05960849413087,4.86066992021946,5.20475910342988,-0.0526680000528669
416,41.4996173532134,13.5857445709535,1.12700827613772,0.304544654041742,-0.0333837433731343,0.259203558362816,0.219587334891095,-0.140790498440494,1.10372855514117,0.93319308508186,0.105324878863889,-0.0690291436628176,-0.0290714620675387,-0.00834600512530681,-0.0246319963836776,5.03489670337477,4.85048669429416,5.22695417886111,-0.0502435488089892
417,41.6003563312722,13.536440407651,1.20622025597936,0.304544654041742,-0.0368608630922903,0.239496498021433,0.206986703639192,-0.156020829745303,1.02199644771761,0.881095089546758,0.101057240841252,-0.068961939381645,-0.0305021385712303,-0.0116415283049673,-0.0233455509794401,5.00908048845064,4.85210033001222,5.2190506360623,-0.0486811037063026
418,41.6991454018422,13.4776417758189,1.04495980636493,0.304544654041742,-0.0280082792175135,0.263394643381934,0.234562797787885,-0.11906785379633,1.12393817214601,0.999841598906771,0.0993894073964542,-0.0701392000325638,-0.0268720860978448,-0.0153175494052506,0.00435320310329969,5.01851681233466,4.87992413268756,5.26913929727436,-0.0523204537962379
419,41.7990463644376,13.4718820896018,1.11476340244626,0.304544654041742,-0.0232512229855468,0.253189463986849,0.225158263646939,-0.0988871201490407,1.08184103101268,0.960866810092054,0.0960793098772777,-0.0721350225251526,-0.0338647751704328,-0.0170000096729624,-0.0216276338541237,5.00044089017654,4.85173247961782,5.23517620811014,-0.0496775168606614
420,41.8990776329756,13.4422971387044,1.11932886885325,0.304544654041742,-0.0266146553248501,0.257009869826702,0.2311338315122,-0.113440836413143,1.09931345582468,0.987147078927386,0.0936819769611839,-0.0743449683071656,-0.0406899351871914,-0.0165831306775267,-0.00988850947679724,4.94520040936179,4.79572720511436,5.17939434303656,-0.05212093858706
421,41.9991367313258,13.4674835673483,1.11853294859451,0.304544654041742,-0.0261537313961987,0.264164001252682,0.238673550846823,-0.111267746216637,1.13116853450589,1.0205472088703,0.0914893434470151,-0.0766198991396731,-0.0452452283162257,-0.016978349747425,0.0219526778753669,4.88731549344857,4.75079538695554,5.14061414352483,-0.0541866557618435
422,42.0999532167118,13.4689211109255,1.04952431900734,0.304544654041742,-0.0211987642833716,0.264722858883288,0.248157560874457,-0.0901778777532198,1.1345688736005,1.06224470374949,0.0898474593534675,-0.0797437606374059,-0.055293243884554,-0.0189063158069701,0.0602490199538089,4.82450076025251,4.7481376928838,5.08460723957934,-0.0558309219011773
423,42.200470336549,13.4746773034043,0.970471117989825,0.304544654041742,-0.023149743552347,0.268775394427824,0.247209054089398,-0.0984351066462201,1.1521698960824,1.05852630679751,0.0878833475377084,-0.0828345352818013,-0.0667762412887702,-0.02055690622472,0.0927105455694477,4.6670240402135,4.62299254427104,4.86930981485232,-0.0579295918152969
424,42.2992175323549,13.451360461623,1.04952431900734,0.304544654041742,-0.0291270126380958,0.267300084934707,0.246414955785762,-0.124065687664844,1.14678800052514,1.05562787841796,0.0857481582625094,-0.0859624075604339,-0.0782098819498791,-0.0204473857681009,0.102774813306478,4.46771461113567,4.46133603789277,4.62288403643481,-0.0616740307756175
425,42.3994019949054,13.4243429000232,0.885366218131682,0.304544654041742,-0.0140780961019472,0.271405654070704,0.254491775675804,-0.0600860094629165,1.16350571126785,1.09010090968487,0.0842593075645493,-0.0829692351989165,-0.0244571346652939,-0.0158094443447798,0.00680282311082221,4.3412904313254,4.33986350619731,4.37732120315677,-0.0618640646200113
426,42.4992114052217,13.4327115469738,0.814484589525931,0.304544654041742,-0.0143995429615601,0.274535089420982,0.246947044618818,-0.0614196709060387,1.17830239863997,1.05811591924016,0.0816619346295308,-0.080767443099089,-0.0347328243839407,-0.0110607837175783,-0.0852262694032716,4.41494918432267,4.38828545313309,4.47615976030876,-0.0591958314058088
427,42.5993963879556,13.4169648742827,0.894023104956945,0.304544654041742,-0.0167339251961699,0.287549343395372,0.26038463421171,-0.0714604830722726,1.23330754146952,1.11558325558428,0.0795923551138543,-0.0805772096283205,-0.0503277456612715,-0.00817008534095417,-0.0597415470577488,4.60054827294098,4.56874422064035,4.64010385516511,-0.0602359855754163
428,42.6995972362833,13.4671786419345,0.961013543076497,0.304544654041742,-0.0222001951655962,0.278690120334763,0.254186230151022,-0.0944500974555562,1.19666155695883,1.08974394924143,0.0766931936970166,-0.0810810522942094,-0.0609667886575411,-0.00614651743900466,-0.0569462670517821,4.73190945720676,4.66948152416705,4.73803146253671,-0.0584090688581706
429,42.7993382424821,13.4597895808306,0.965624754878383,0.304544654041742,-0.0271046493413685,0.281100109223539,0.254179160226095,-0.115379211830156,1.20580045346411,1.08967117112007,0.0741282585145325,-0.0837833732119831,-0.0767430931806522,-0.00798164431472401,0.0220146184614003,4.75063057713073,4.49277458109471,4.75073576268498,-0.0592097838382862
430,42.901353490522,13.4312872664268,0.88191087954675,0.304544654041742,-0.0258508882312116,0.260509867738733,0.241942185221063,-0.110275726669063,1.11723284888949,1.03705559464448,0.0711838124808292,-0.0790472385226177,-0.0190359680660704,-0.0102397516531719,0.0123885555597902,4.69834396118639,4.40134109979233,4.71074280485895,-0.0569973326058174
431,42.9995279644004,13.4143800533811,0.731685650914639,0.304544654041742,-0.0227234791222544,0.263549738158052,0.228409254502283,-0.0970569045344929,1.13079666910543,0.979026870070964,0.0678831328256281,-0.075484797234407,-0.0210942237204071,-0.0124223464566684,-0.00116901758190679,4.8431494617941,4.53642799341458,4.86450068588919,-0.0518531867755962
432,43.0992515444552,13.4442331323179,0.965055850048036,0.304544654041742,-0.0180975946471276,0.260677148750753,0.231781228328844,-0.0771271337011703,1.11887491551114,0.993809998773186,0.0648582957423164,-0.0715570452515113,-0.0153113331417649,-0.0133246258738295,-0.0202697232379381,5.10893167090999,4.84956416658877,5.14813673043174,-0.0489101908328055
433,43.1993691634382,13.4563143446129,0.969310227689026,0.304544654041742,-0.0232345315757662,0.263465354308627,0.231240640219869,-0.098930453108613,1.13049883292009,0.991520487851178,0.0617716083461841,-0.0695278289215842,-0.0208853335813746,-0.0149125740780967,0.00547594595448709,5.14582659152901,4.95828185252731,5.21991017814627,-0.0494527297547392
434,43.2990303214846,13.4409082722926,0.969310227689026,0.304544654041742,-0.0247351768321472,0.258738703765238,0.227798896941432,-0.105440764076185,1.11087334210758,0.977011139021638,0.0584525796349775,-0.0687341289383775,-0.0252106532544782,-0.016744790473541,0.00926039644760396,5.12659168610005,5.00594190524407,5.15826476956075,-0.0492596425142041
435,43.399377081257,13.4203913755358,0.808882045052396,0.30762414559297,-0.0118249502749686,0.272071048684168,0.236090670956497,-0.0504843375587211,1.1679097261169,1.01249725680837,0.0555109941210092,-0.068393000976215,-0.0253277288686871,-0.0169654844918145,0.0234075247475135,5.01307855700466,4.85388615579682,5.04660719843314,-0.0494537674629212
436,43.4997763795532,13.4348272039785,0.969310227689026,0.332388392936907,-0.0133493174456802,0.271674679365713,0.237506859445021,-0.056931085579829,1.16678359569061,1.01894051077627,0.0520606713759409,-0.0687571820515849,-0.0308193634040945,-0.0151654450682372,-0.0131679243491653,4.88981609796918,4.72919867660335,4.91722716003525,-0.0513017610201916
437,43.5990333550948,13.4007214331767,1.12463514855068,0.347754507193074,-0.02156608449572,0.260567759000963,0.231478496780755,-0.0922073159754634,1.11888530784747,0.992472906290046,0.0486221395257333,-0.0669493968326769,-0.0181573455529019,-0.0145750706994447,-0.0223816034194511,4.84752363423995,4.73837151853815,4.86308766193978,-0.0522007937184922
438,43.6990581213403,13.427980247602,1.20995250164397,0.347754507193074,-0.0360075402900913,0.253639986413146,0.213316639567213,-0.153640019296789,1.09000590606604,0.913610848644321,0.0442423317663826,-0.065009256676221,-0.01616781357922,-0.0144888971078477,-0.0408399983108567,4.80454547218792,4.60143802891611,4.80636077596098,-0.0518933958062355
439,43.7996394838278,13.4174594886685,1.28704016020192,0.347754507193074,-0.031687683290331,0.259188862573353,0.213634893487241,-0.13531377837759,1.1141298063293,0.915288212562073,0.0399395082512213,-0.0659938580534801,-0.0307804644452837,-0.0148459333485283,-0.0288606852680189,4.70539060003388,4.41210723908406,4.70608149239483,-0.0521364956983179
440,43.8999732390152,13.4131370963546,1.21126807009495,0.347754507193074,-0.0315393938910095,0.253463060562407,0.209008958225317,-0.134723951224272,1.08998551404964,0.896104842956129,0.0351920156216506,-0.0704358423072093,-0.062016594088137,-0.0166106683603505,-0.0165551756960061,4.95913318547858,4.54998661687523,4.96072781282672,-0.0485061286155218
441,43.9991225365922,13.3904819037982,1.13882457131086,0.347754507193074,-0.0304861659872466,0.255976828517119,0.206165052823776,-0.130445314752357,1.1009689517493,0.884129641191063,0.0303778322140814,-0.0720377393671228,-0.0513841487100603,-0.0168256147495475,-0.0124242951207087,4.83351076457225,4.5777208394435,4.83481215715031,-0.0489605237968194
442,44.0991787739336,13.3674311756966,1.13427202359815,0.347754507193074,-0.0240859104171659,0.257480938718857,0.217342407353796,-0.103237450863562,1.1078995127957,0.932265297125527,0.0264369695969484,-0.0738188301018017,-0.053419533818688,-0.0164364207785858,-0.00952699293823919,4.87119662829284,4.54592786796174,4.87279531665806,-0.0495624250453575
443,44.2003697913703,13.3820385763323,1.20995250164397,0.369604283808724,-0.0286503830439198,0.251392166745935,0.21118538195419,-0.122667672221558,1.08283277680994,0.906430426457031,0.0220603396205737,-0.0765864104023351,-0.0722274955293617,-0.015065581050399,-0.0194413772179602,4.80144700877576,4.4052157605875,4.80367822635725,-0.0499507262206069
444,44.2989689949979,13.3801834549573,1.21578697280677,0.403007516507503,-0.0248441812249269,0.255486128795795,0.220010504821135,-0.106386067019356,1.10070857648619,0.94516596131351,0.0187643020473794,-0.0771182876048696,-0.0583776922752764,-0.0144919840704033,-0.00920379934647102,4.77345307503097,4.50391713511554,4.78193663512797,-0.0512950860095076
445,44.3990239318808,13.3763239475663,1.605923002595,0.433890358219867,-0.0478223333801553,0.244737790929919,0.206543707219698,-0.20483999983622,1.05476767775699,0.887487579473239,0.0144050832790684,-0.0765701373926588,-0.0546927269946889,-0.0160945961130336,0.00828634502111717,5.01254878518611,4.86610029543503,5.01853225083964,-0.0507458483699145
446,44.4991262054535,13.3508834409677,1.53547110855757,0.446519938526766,-0.0435592161814908,0.230707358335231,0.193996748302938,-0.186935224288104,0.995124764843491,0.834152660777061,0.0100280286496279,-0.0760275098670929,-0.0558536100488343,-0.0166130709656494,0.00990616844472974,4.83206171938219,4.74465397687172,4.83219979623925,-0.0491624441657178
447,44.5990789262976,13.3274811816616,1.38033060877584,0.470941009837104,-0.0301179361250743,0.239735035862886,0.194839089361917,-0.129478906522464,1.03484030473146,0.838555316040023,0.00599172710788128,-0.0764976794815196,-0.0610211388504983,-0.0179393832455782,0.0188565453988114,4.76760506216534,4.70802886797867,4.767731226961,-0.0471844925394934
448,44.699701383274,13.3413972537382,1.69123704955386,0.489729791678097,-0.0468369797505224,0.236205054760124,0.184414257633538,-0.20114461695603,1.02030969770674,0.795412178646144,0.000602812166417279,-0.0769135008771687,-0.0632354754299753,-0.0193603999212206,0.0242136342662054,4.91769260869455,4.78310335812054,4.92572289989966,-0.0470243375877551
449,44.7993674830627,13.2857747125635,1.84397250652038,0.502075516709126,-0.0446088323878909,0.23251732532679,0.181456590381228,-0.192377808246268,1.00611823475979,0.783543179961954,-0.00466998294279661,-0.0772261855663963,-0.0656742347081398,-0.0182080364197978,0.0142245326536342,4.68381297027284,4.38626336365358,4.70449646012894,-0.0482652540150317
450,44.8992523199726,13.2667133561502,1.85588785081419,0.514187741217775,-0.0551472449365095,0.236719934694446,0.17704665934397,-0.238166462413073,1.02617960019988,0.765772761546429,-0.0104205498434171,-0.0714143396694566,-0.0126897746383084,-0.0156897732362152,-0.0549176174466518,4.62054558043493,4.40430044667068,4.70359856231052,-0.0502524864733882
451,44.9992263683362,13.250615845267,1.77145114087218,0.517372497224202,-0.0472661995374798,0.236762543546924,0.181560120751727,-0.204378595870731,1.02923724050103,0.787170368592177,-0.0159372296399956,-0.0673892275179577,-0.0183158190355442,-0.0131142264188685,-0.110981559199276,4.92718197545083,4.54026888166968,5.00372416808161,-0.0464416214845139
452,45.0993281217255,13.2243364219743,1.85166523219049,0.532939697531506,-0.0503751690779536,0.246500940467584,0.187133280703163,-0.218254476283607,1.07392086817863,0.813518182262553,-0.0213926211735522,-0.0660068290503708,-0.0332411236410956,-0.0104174893293696,-0.15611879242428,5.34315446103745,4.85766556936187,5.42091422197654,-0.044450979568912
453,45.1992553535828,13.1858613085372,2.08404351701987,0.557409251779723,-0.0629203135339074,0.224088264896377,0.177453013506971,-0.273402014822876,0.980202842245006,0.773677884032257,-0.0271725710660394,-0.0653442295575124,-0.0312258834044268,-0.00936178833004945,-0.170199543896809,5.35421664975983,4.85237514673438,5.42088964604166,-0.0448942100711709
454,45.2993238152342,13.1200281026665,1.85166523219049,0.597330739256703,-0.048326369890239,0.227075769593126,0.180704076304106,-0.211042574758692,0.994182589316827,0.789990801708876,-0.0316634375780533,-0.0636940673179636,-0.0214627961117003,-0.00967460119453886,-0.147977917170059,5.31755599886935,4.82734059534984,5.40518692277947,-0.0430706223391051
455,45.399286419563,13.0817743166891,2.09230750614544,0.643837455019044,-0.0618754949519774,0.217992537132945,0.167029550490504,-0.271001333063469,0.958087506416431,0.731799092579411,-0.0372118222334258,-0.0636547668083995,-0.0289489077237869,-0.0107126158119432,-0.15449561268819,5.24425543434195,4.84345260580051,5.33611188853794,-0.0436487215980174
456,45.4999481503864,13.034421293826,2.17410045382401,0.668726470254471,-0.0570131217857069,0.205156787315475,0.161213659007897,-0.250612616336676,0.904356987423081,0.708453474768696,-0.0422812479831822,-0.0653101192560964,-0.0432783492826666,-0.010724718844474,-0.131074624964468,5.15799937938468,4.78126747747976,5.24061106285292,-0.0423084154809723
457,45.599013178252,13.0356221767598,2.4131638714187,0.67491498201653,-0.0648593146919582,0.217226648013811,0.160318106453956,-0.285075332667834,0.959968476377005,0.707217345596273,-0.047321043695394,-0.0664015150358929,-0.0384461085694803,-0.0115470929424604,-0.065935573765885,5.06228809364529,4.78410632582087,5.14088253060223,-0.0444813524991951
458,45.6991229944841,13.0014633344896,2.64883073861419,0.67491498201653,-0.08389962896369,0.22528300833403,0.158605532300272,-0.369729759953316,0.999025055901885,0.703245038190052,-0.0535928531923708,-0.0642303010225769,-0.0173937048551012,-0.0119567351795224,0.00956267538574636,5.0476586623556,4.8829471710459,5.10678931110421,-0.048043098292782
459,45.7991909359521,12.9390137480492,2.4131638714187,0.681087818181006,-0.0665380472475909,0.246337098724185,0.180116506996589,-0.294637269399938,1.09572748965548,0.801451154952943,-0.0591659917469337,-0.0632130656781824,-0.014585856235853,-0.0113759529672607,0.104148662302915,4.98197486752626,4.91786601027188,5.07356563256829,-0.0495093935242298
460,45.8990151714955,12.9129665492657,2.32803139693653,0.681087818181006,-0.065619884229116,0.246969398286851,0.179630704867917,-0.29115773212191,1.10198495875126,0.801695913247461,-0.0658564659297301,-0.0631877738945385,-0.0244262851498747,-0.00986566965159097,0.113619608443714,4.79248520027564,4.6358881614502,4.87006270518084,-0.0511739898712525
461,45.9993926220887,12.8738679453808,2.32929127705021,0.681087818181006,-0.0675681591290655,0.23710946720943,0.179284788922639,-0.300712638737409,1.06060382895009,0.802703115574961,-0.0721556170898209,-0.0626252092635526,-0.0271771099788174,-0.00707667204597204,0.100013937028005,4.76026055266059,4.60796230539543,4.84040833533844,-0.0518570244886562
462,46.0993019076186,12.8306587288259,2.49337796273702,0.681087818181006,-0.0835907107085422,0.23255439803344,0.173843276693448,-0.37327211894588,1.04267555525849,0.780048416589091,-0.0782489501290144,-0.0614637581049768,-0.0262491315197096,-0.00501751197560102,0.0805747555580033,4.7808157912341,4.55288639804153,4.81199894672291,-0.0538472927306696
463,46.2009452245248,12.7703803628268,2.57359205405533,0.681087818181006,-0.0918207758465771,0.219475335380945,0.160251175526043,-0.4119573670311,0.987914406046155,0.721255383849186,-0.0849333898326636,-0.0602118417209353,-0.0236941621037195,-0.00243286872980688,0.0523759535848832,4.65564760776032,4.30213185096543,4.6677422602687,-0.05414326268003
464,46.2993132066295,12.750413961902,2.42501550497491,0.681087818181006,-0.0815510476959237,0.216385777301702,0.158805399910546,-0.36645611259427,0.976945253931089,0.717017038190848,-0.0907494121623796,-0.0563076469424739,-0.00369181454934523,-0.000994063626076286,0.0255818443313866,4.94968726116949,4.19313588807207,4.9944746264449,-0.0485599260971652
465,46.3993949329577,12.725285202627,2.4131638714187,0.681087818181006,-0.0717633322963107,0.233714503396645,0.175777501990318,-0.323112009751743,1.05942941808033,0.796348231682858,-0.0956807028700803,-0.0549499567869136,-0.0144668766637888,0.000389927093687977,0.0462537344487662,5.08149546330701,4.39180526924959,5.13489625846694,-0.0487141700851841
466,46.4995679514733,12.6897687228373,2.49664714618334,0.683994495563656,-0.0696966027010378,0.239879259237874,0.183867889326367,-0.314685091203584,1.09004025572538,0.835980153545834,-0.100982759764795,-0.0551431210786893,-0.0252052912806039,8.9115977928541e-05,0.0711021963143454,5.23559988339976,4.54358099510154,5.28730065974019,-0.0484308384281558
467,46.5993271640912,12.6501081036367,2.50129707207609,0.681087818181006,-0.0840250925954498,0.223259372731318,0.165688600944138,-0.380566896366837,1.01698907061584,0.75540621643948,-0.107554968023936,-0.0556398921635097,-0.0336996201251675,-0.000282682348225632,0.0781880933504433,5.30257883689286,4.62170117280593,5.34970185429775,-0.0470928771114531
468,46.6997030541342,12.58086430865,2.33677432863401,0.681183369870346,-0.0793862236398521,0.213105196399654,0.147858595341864,-0.361535987245352,0.973770031230107,0.675120753718823,-0.114613770920867,-0.0562704449045582,-0.042299898272382,-0.000437273472098144,0.101973443068591,5.44636184500934,4.78745305979943,5.49459852248193,-0.0417241500745947
469,46.8004878083326,12.5558500365607,2.25961589879197,0.681087818181006,-0.0776289541527687,0.207478594971083,0.139901340362905,-0.354237646656858,0.950582290217414,0.64066098377152,-0.121708065736928,-0.0560314588643435,-0.035505852552239,-0.00116167718052588,0.0654868376163232,5.4560751999803,4.94347538512871,5.55044664371377,-0.0398693724962697
470,46.8992272013875,12.5176984355619,2.4131638714187,0.681087818181006,-0.0708956671295141,0.221750175531058,0.146837631860815,-0.324498876679723,1.0174028251004,0.674074460753058,-0.128400301229913,-0.0567603462585264,-0.0378634147340825,-0.00170933057426952,0.0392547134861087,5.43366551908073,4.87243236207125,5.5191036820116,-0.0400711634210353
471,46.9991892855328,12.4961530066238,2.57359205405533,0.681087818181006,-0.0796606486615215,0.217290694226131,0.141048115113993,-0.365244978464643,0.998266762781553,0.648577152268602,-0.136244557861305,-0.0563361837998417,-0.037279612659528,0.000753187244778851,0.0240015892006222,5.37489485544868,4.73044873299401,5.45804038331636,-0.0410628988494121
472,47.0993264113936,12.4532310951741,2.41737487443506,0.681087818181006,-0.0741850440481457,0.215969620242132,0.147481980416033,-0.341312195732077,0.995007716770925,0.679183291561555,-0.143168857546378,-0.0575346590404004,-0.0441344320027595,0.00235837235496312,0.0158920861198556,5.33287563431893,4.57794995691485,5.40959433350443,-0.0415661342330343
473,47.1990398478719,12.4694850341546,2.33294978010039,0.681087818181006,-0.0732089198907739,0.224816757595911,0.148970279140837,-0.336382290654897,1.03824129759442,0.687476404820043,-0.150290681323646,-0.0594656124640163,-0.0499042678734756,0.00376554958350921,0.000114474457468975,5.25034449607902,4.45643347134113,5.30888843481558,-0.0423170706603224
474,47.2996953364945,12.4574784212457,2.49337796273702,0.681087818181006,-0.0752071560360551,0.236303584018052,0.162219824405572,-0.345896668270712,1.09274735488756,0.750319664745483,-0.157169512283314,-0.0617643383446326,-0.0527884907777043,0.00408286507766875,0.0288073412446134,5.18117605551549,4.42654112766702,5.19122366549939,-0.0458249204230149
475,47.400069926079,12.4476835127278,2.49312200111666,0.668721511561523,-0.0787580556399332,0.217028995137492,0.154677261566586,-0.36251274962313,1.00523080843832,0.716822502878122,-0.164395381424526,-0.0619904110150197,-0.0446455470879324,0.0026145026573565,0.0459308367225376,5.2859950186363,4.46499341971347,5.30245376631412,-0.0441610929226229
476,47.500654409667,12.4132241091707,2.33294978010039,0.650223637358626,-0.0817682370917639,0.209864963225011,0.143968988992761,-0.377412595000674,0.974505703460017,0.668242239900522,-0.171383789188363,-0.0608275938652478,-0.0370205674385352,0.00154529707123508,0.0167614563351621,5.38730266153522,4.50796069765062,5.4173095513214,-0.0419017159916159
477,47.5993428247483,12.3812707646598,2.17252159746376,0.650223637358626,-0.068672110523286,0.216294463429844,0.155147058338307,-0.31778496987034,1.00568172120468,0.721261243722162,-0.177101071090692,-0.0596674170787476,-0.033613985197913,0.00243557105920437,-0.0273276098680155,5.45425050781227,4.54728565302558,5.49848454843116,-0.0410357332397935
478,47.6995501753685,12.3526411908847,2.08944928847178,0.650223637358626,-0.0594975441256532,0.212038045681294,0.180694830761948,-0.275967848126777,0.986757026274392,0.840429410661499,-0.180455153790538,-0.0604174392424279,-0.0310117074260029,0.00379181556105906,-0.0901207994446434,5.20892849758882,4.57931521833815,5.31059349176735,-0.0461116667273864
479,47.7993884558638,12.3025107257732,2.24880491176486,0.650223637358626,-0.070260407587675,0.209689570485236,0.175327784141253,-0.327216219950749,0.976935685092581,0.816429756270483,-0.184003009316548,-0.0628171746328998,-0.0449565284220677,0.00524910718143572,-0.114594798440293,5.21864089330889,4.63087026603842,5.31463158591402,-0.0470597990453435
480,47.8993682262449,12.3042886928085,2.24868964761205,0.650223637358626,-0.0630167794092245,0.220301775355506,0.180354258358374,-0.293439468186662,1.02867931185478,0.84123700884489,-0.187466449990132,-0.0657412557621843,-0.0510453979707903,0.00704499913910084,-0.146531840730015,5.17659906496741,4.71016721679108,5.27527227033161,-0.0470136927185668
481,48.0002289272202,12.2905221040212,2.25273568878207,0.650223637358626,-0.0662755380524159,0.220483460883065,0.183758771654444,-0.308959357276019,1.03060212637317,0.858235231113764,-0.191161365423998,-0.0682215097757919,-0.0532115509685907,0.00730754710829008,-0.142796953580741,5.15812522273205,4.81373389469942,5.25262468985868,-0.048473873531598
482,48.1006812842236,12.2958771457367,2.25395858733971,0.650223637358626,-0.0697856770744536,0.2220678287183,0.186312310730696,-0.325180691727526,1.03931791029279,0.871503853228557,-0.194673514740025,-0.0694941450362167,-0.0482374268929686,0.00591347401141864,-0.102212548930584,5.10642446571075,4.79514035637436,5.23854894399084,-0.0501521151492259
483,48.1992401736374,12.2765982936884,2.25273568878207,0.650223637358626,-0.068686762789721,0.212400428427891,0.180986722593493,-0.320562786090424,0.995734753753841,0.847615489741483,-0.198246018817506,-0.070278465001569,-0.0465818713245602,0.00376976042582166,-0.0728385099220056,5.11530497299649,4.83267379313004,5.24769048569978,-0.0488091104442904
484,48.2996238664315,12.261951259968,2.09505173285958,0.650223637358626,-0.0652284211974091,0.213651181151087,0.175256381815008,-0.304786563536481,1.00135811079438,0.821398094881412,-0.202037452970386,-0.0708632443092374,-0.0473066828325296,0.00131020949430669,-0.0625830580661463,5.13205360091399,4.91101837046773,5.26303532468112,-0.0468593708704812
485,48.3993300203422,12.2392471123114,2.24508394581581,0.650223637358626,-0.0679170126740874,0.202886028790606,0.169734205828167,-0.317937713536277,0.952244977901352,0.796110784405287,-0.205879569702164,-0.0724171254916196,-0.055203810713055,-0.00102802475635704,-0.0577153314152423,5.11056433834676,4.90786357374281,5.23196646957695,-0.0465019521854084
486,48.4994473792336,12.2492945738082,2.17252159746376,0.650223637358626,-0.065491249217831,0.191230093600507,0.159382289136599,-0.306330817571721,0.900457517740153,0.748710378014668,-0.2096515684949,-0.0743787054095882,-0.0629452998301284,-0.00241145672076267,-0.0761184429250895,5.12045437803507,4.95091645480985,5.23417887450327,-0.0439167155397493
487,48.5994014005362,12.2307401698477,2.33294978010039,0.650223637358626,-0.0691112414222782,0.213580878731679,0.175108078546984,-0.323753121366382,1.00354476755612,0.822073201420578,-0.212380054157567,-0.0741988154574622,-0.0499560627264486,-0.00157109998574523,-0.0133459021353613,5.00155029499578,4.80840110159935,5.07931196998769,-0.0488287242084943
488,48.6994709025544,12.2003737906387,2.17252159746376,0.650223637358626,-0.0523645076717697,0.221170264695592,0.189296529265526,-0.245914339536988,1.04037067308629,0.888067516514135,-0.215189909952498,-0.0751819731827149,-0.0579551421971274,0.000176382255847672,-0.0120919108092462,4.911533708086,4.6777809066064,4.98015168360519,-0.0492027646149393
489,48.8006650410915,12.2475675692412,2.09621811530949,0.64405080119415,-0.0586415468635748,0.200975674885042,0.175894301995769,-0.27433100044697,0.947147299851427,0.826131373232834,-0.218749784934851,-0.0753371275593417,-0.0642736031346333,0.00120230773071196,-0.0137199486037517,4.83033730935301,4.63806327211489,4.88986494310539,-0.0485547558770296
490,48.8997318895991,12.2112023298232,2.01209341482712,0.635081755986621,-0.055182361416753,0.225781809188948,0.206049727477841,-0.258917574656154,1.06443518226476,0.968142785657276,-0.219475847309892,-0.0759242713102141,-0.063387489969855,0.000852004470748589,0.0661532125830592,4.76169632239674,4.6322003448041,4.82012698640207,-0.0548611400659642
491,48.9997644585956,12.2254776640935,2.01783519895218,0.628916546791036,-0.0620273424362214,0.213055956299771,0.193513324283304,-0.290694117627629,1.00492133429003,0.910607541625693,-0.222067246874042,-0.0776318309966109,-0.0743036405193648,-0.00256628740948662,0.0834546855676086,4.66367157922207,4.54710479797363,4.70115736127607,-0.0547938812539949
492,49.0995780303792,12.2075237907228,2.01209341482712,0.619359456536246,-0.0661550245742804,0.189307670643975,0.174867430778958,-0.310494303523646,0.893450417647168,0.823399005050504,-0.224693779399902,-0.0776472153887053,-0.0575531514094889,-0.0062298685541915,0.0676261581097984,4.29956660794286,4.29462558166481,4.75730829304066,-0.05605738376235
493,49.1996254246028,12.1767109465838,1.93460580150811,0.607013784207294,-0.062738436570054,0.199855119664616,0.166805116847578,-0.295204167738075,0.943633040032069,0.785398993867597,-0.227472723665719,-0.0757114006180611,-0.0462953555672259,-0.00688783086315536,0.0288057446846339,4.35149723964765,4.33928538424756,4.85561951328699,-0.0527504766235858
494,49.3000239426239,12.1359991284113,1.92921401990049,0.607013784207294,-0.0451303720443333,0.206565943061038,0.181065436264356,-0.21306592883384,0.975144720562502,0.852649129800664,-0.229696058395041,-0.0738095099382801,-0.0431664455558109,-0.00597069916504584,0.00186334129823674,4.49326650284329,4.47947188055967,4.95305361218215,-0.0503410621572424
495,49.3998003212942,12.1535489017547,2.01411198268216,0.600840948042819,-0.0516170136309882,0.205930394355214,0.172901873344008,-0.243337915081743,0.973461153538016,0.814798751004705,-0.233023230988541,-0.0732393058143595,-0.0626886882597163,-0.00447120734811202,-0.0287811438984079,4.48070440771881,4.46965171197862,4.80571792669287,-0.0501079443196974
496,49.4993283123891,12.1536012404324,2.01209341482712,0.600840948042819,-0.0503948453221073,0.220302541449284,0.190086390709981,-0.237575294849598,1.04163752062657,0.896418843555784,-0.235315368306249,-0.0729331648464502,-0.0554989070924897,-0.00333722999227796,-0.0146576809301593,4.50786595091293,4.49263362507435,4.72267715528391,-0.0533470246566197
497,49.5994750616428,12.1931604242103,2.09552350418326,0.600840948042819,-0.0650605755746282,0.220888409664402,0.190857887681743,-0.30571737653828,1.0444317291592,0.900373723707305,-0.238293491062586,-0.0720077690521786,-0.0442647870990412,-0.00319816842744993,-0.0233062414483913,4.59747589824321,4.59545533901124,4.721219835899,-0.0556649929049465
498,49.6991437623485,12.1497856962621,2.00722923800063,0.600840948042819,-0.0605376693789404,0.216299966038836,0.187324053112638,-0.285480282548917,1.02226957828315,0.883000827530216,-0.241410144762912,-0.0712443517765184,-0.0438878748311831,-0.00330171938500519,-0.0176224559028432,4.69788235547101,4.69520067899325,4.81815694529905,-0.0527603085255905
499,49.7994850601952,12.1396117191993,2.01209341482712,0.600840948042819,-0.0608059174390484,0.198553384378418,0.173726096165074,-0.28698556294414,0.938323906267415,0.818477995211988,-0.244791704602327,-0.0699294647866906,-0.0397357622087925,-0.00530572453420782,0.0217401817444348,4.69714365667637,4.64653163192058,4.7717021264075,-0.0499307729859966
500,49.8993750989391,12.1420182931219,1.77690137379691,0.600840948042819,-0.0462227086272521,0.205220042367029,0.175712623353585,-0.218114753642039,0.970136929616831,0.828231416404166,-0.247406235468426,-0.0665818442159362,-0.0228180244970524,-0.00585120583911249,0.00611885088522481,4.90829741068498,4.75281291784516,4.95468878397904,-0.0452163578143616
501,49.9994542243503,12.1988448726827,1.85166523219049,0.600840948042819,-0.0461021594898903,0.186589348621604,0.170820814473389,-0.216532517407449,0.884996357728035,0.806912955127724,-0.249916608342919,-0.0646625701274433,-0.0201419481978267,-0.00888676660486881,-0.0158653769437022,4.98104474876562,4.70281837870018,5.0164726179306,-0.0435496938703545
502,50.1010769940121,12.1756824822502,1.9351398962015,0.600840948042819,-0.0590264157907273,0.192445445263129,0.163597595735052,-0.277761679109407,0.910843879783447,0.772512488391014,-0.25255065033069,-0.0632393226900297,-0.0131236465526684,-0.0121811657540185,-0.0658419106170801,5.03119454189976,4.57002154537371,5.05956221880322,-0.0442487384798516
503,50.1995594164655,12.0308024041292,1.93187932350881,0.594668111878343,-0.0579034818769609,0.198370288020326,0.165865286716347,-0.275758790037127,0.938977751769087,0.782165368344706,-0.255460075167266,-0.0635155849592293,-0.0149003734000766,-0.014663373609654,-0.0803102626954325,5.0518147491448,4.4568645896658,5.07670017317195,-0.0442947296575332
504,50.2992666107431,12.1159847786411,1.69123704955386,0.588743545420173,-0.0329339304101072,0.187879968941726,0.145260131806938,-0.155742236584418,0.888171523599894,0.685451569621735,-0.260232559689743,-0.0634291115301947,-0.0165687164726649,-0.0138803644928728,-0.191371019698386,4.7282157403543,4.11360236393734,4.74204017825039,-0.0376873797648861
505,50.3993899517436,12.1110711333028,1.77145114087218,0.555262083566043,-0.031351566263714,0.20032195776674,0.169464773049889,-0.148319533077627,0.946350356906074,0.798523888089304,-0.262699217372538,-0.0642134752229598,-0.0187396641465948,-0.0134839834677568,-0.182191115602261,4.79341175067528,4.1836043098711,4.80658724463821,-0.041894239376643
506,50.4996220110755,12.1877717950625,1.8542871336381,0.499604821353966,-0.0475540699226079,0.193877329028996,0.16635401977061,-0.223554700938194,0.917225876934796,0.784369532547827,-0.265780914544142,-0.0641738858271332,-0.00449623599151738,-0.0171966279258532,-0.142360657201573,4.61039759355508,4.13498946841684,4.61606844638603,-0.0463968855944751
507,50.5999604479135,12.206130232277,1.6897771906043,0.419053982613988,-0.0531883893672086,0.21940745341771,0.180100371146424,-0.249665609302976,1.03599081413312,0.848631410777138,-0.268444099349183,-0.0649448872019169,-0.00482301659576769,-0.0207228392317642,-0.055877527193532,4.65029955328266,4.3599551234078,4.65057095569959,-0.0501663941947468
508,50.6996408527457,12.2012000853773,1.21539368578666,0.363573365167389,-0.0225669737752835,0.216347494832124,0.186686117266057,-0.105972434699733,1.02022433885291,0.877971301725008,-0.271553266428141,-0.065910550899307,-0.0103682103432747,-0.0242431065943325,-0.00963420063785213,4.62149132868113,4.41833144467068,4.62306102945529,-0.0452782610978211
509,50.7992853649231,12.1739213614102,0.897593907088288,0.345264196121824,-0.0172872236907058,0.192548270290043,0.174350751547072,-0.0813611540451461,0.906882270454146,0.818683928450161,-0.274552280365971,-0.0665588789247203,-0.0109501082628762,-0.0273063784796362,-0.0144984674812973,4.49835843855473,4.33061995217283,4.50070423957371,-0.0426017574756334
510,50.8993683917098,12.1944891167488,0.893325375916599,0.326674709839109,-0.0135712156653737,0.212702720410832,0.177962209925692,-0.0637642997607209,1.00019570268717,0.834936556745492,-0.277020656621785,-0.0660989376534128,-0.0085495987477406,-0.028166279373126,-0.0367421974676156,4.47376542063467,4.33428758773226,4.47413383471894,-0.0428125767854618
511,50.9999905885946,12.2232295936865,1.04833296381252,0.316890326370694,-0.0116773234965673,0.201286474668786,0.179615350038704,-0.0547368552386063,0.946625197849286,0.842283393531739,-0.279775616654396,-0.0669859716139815,-0.0214564727559099,-0.029820293378131,-0.0443041313761884,4.59472035153537,4.38955601967436,4.59580374368037,-0.0416331482440164
512,51.0995812617897,12.2573254319003,0.9724532289996,0.292341592527389,-0.0163654173048159,0.204936066396961,0.180587982402163,-0.0764986447958807,0.962704366475124,0.84628305553479,-0.282018726081901,-0.0685880976749478,-0.0323636676286313,-0.0329090453243585,-0.00139842794390581,4.81936816088258,4.39878231131516,4.82570484119184,-0.0408670583222076
513,51.1991724551682,12.2483573287068,0.737773973900894,0.231956530356625,-0.00663640994265169,0.206064338219871,0.184165209327454,-0.0310440194892635,0.967344336781442,0.861668629543501,-0.284143503493597,-0.0706028093658376,-0.0359541586269134,-0.0357674220439031,0.0177335531958901,4.83138443660869,4.38150741755292,4.84493896974267,-0.0394921211039118
514,51.2990640544623,12.2446424031607,0.573400222058831,0.139399259458651,-0.00423890857962344,0.220851822095943,0.192456947686997,-0.0198349248312308,1.03484912782639,0.899674753651581,-0.286241340203105,-0.072749059920197,-0.0426277186151472,-0.0364850506789503,0.0287839141458871,4.82775236367788,4.33776742748761,4.85373340826038,-0.040742739363867
515,51.4007047704515,12.2564695154274,0.251476318625107,0.0669964316017949,0.0139971213872433,0.229072933407457,0.206085901494546,0.0654328419096926,1.07341329802398,0.962822543304228,-0.288159958765235,-0.0751520975942496,-0.0485744785815499,-0.036089694410383,0.0192391448338395,4.74663963609884,4.29555249182764,4.77838145709762,-0.0404683723294353
516,51.4989000516661,12.2794180726252,0.0869552231875586,0.0391125408630452,0.00737947315070833,0.220844628290831,0.212008380221806,0.034432626461983,1.03475606054995,0.990264502529234,-0.289431626996678,-0.0769712299147198,-0.0467008935796957,-0.037456085585824,0.0211146061860658,4.57066459096374,4.23438166909105,4.59807778862276,-0.0447700554259989
517,51.5993615118791,12.2724089964964,-0.149834223258174,0.0205940191940981,0.0166156733876251,0.219107616485757,0.206119186056895,0.0775729832224346,1.02500465990568,0.961678309508103,-0.290823715054609,-0.0764753870709114,-0.0305214651222973,-0.039079960450422,0.000794520548926754,4.46430879319524,4.38661367361736,4.46987000469487,-0.0424485673925876
518,51.6993995428014,12.2618199204004,-0.230221414700776,0.00824833368962697,0.0229387569963818,0.212352902812225,0.192698809978422,0.107185755336137,0.992268028554441,0.897974535613088,-0.293127735928939,-0.0758068768802837,-0.0331412197545074,-0.0404275327843147,-0.0409753959299861,4.52641940767999,4.52119170376355,4.53025862869935,-0.0375042694218763
519,51.799676337906,12.2751691481539,-0.0764994751692521,-0.0189926323842691,0.0170586011755673,0.218449275662762,0.186558011528206,0.0796229535233822,1.01974790756678,0.86824515361571,-0.29602002732258,-0.0747531294469903,-0.0385858323050155,-0.0410986537033988,-0.0618443194618816,4.61879108356212,4.52176100857765,4.64448023109674,-0.0366977867771227
520,51.8998269885352,12.2841725622019,-0.316081508872296,-0.0560586021763649,0.0393593031558227,0.218504006754907,0.200550467738551,0.18357884725041,1.02050830442764,0.933264958743693,-0.297815345258921,-0.0743966302039568,-0.0404763405050659,-0.0419310207962993,-0.048053256415754,4.65263130172523,4.54838570869093,4.69234946729367,-0.0346451618728004
521,51.9993185667919,12.3265527105507,-0.314115233404018,-0.0902778484689198,0.031478491710854,0.22320083542571,0.205066611549603,0.146316723107432,1.04196579649715,0.953840396512705,-0.299385900364185,-0.0739155802082217,-0.0433802835592115,-0.0417996415493512,-0.0192159922345261,4.71716296763241,4.55405806512536,4.78917625927375,-0.0367992628259513
522,52.0997339907736,12.3268116194116,-0.469978998702277,-0.130095262847932,0.0349353321270831,0.248828249197132,0.229367610711188,0.162381140351895,1.15962662669293,1.06683837527882,-0.300053354819,-0.0730849586268609,-0.0411793392624029,-0.040258554683371,0.0446220000034006,4.67824926916938,4.54762602423183,4.78704599729361,-0.0415609060990943
523,52.1994510685359,12.3443138116997,-0.700613865426863,-0.158418328392099,0.0513545860012085,0.244694411228302,0.237625789462642,0.238359467099645,1.14261991124113,1.10475103473588,-0.300964324246375,-0.0723089172631933,-0.0405666754949805,-0.040096761584358,0.0521463681176116,4.60988987842087,4.46126607345536,4.74250054788967,-0.0404068661885783
524,52.2999668879145,12.3263858295613,-0.782447086569719,-0.17331655036633,0.0347662812148171,0.239862254295296,0.227445615392885,0.161600969535358,1.11864934011952,1.05724095876095,-0.302455246986323,-0.071005460090233,-0.0335799194957897,-0.0397902838085246,0.060921108264325,4.55625405819898,4.3801869677588,4.68843308286213,-0.042288979437251
525,52.3997091945718,12.3038900854561,-0.781422167168759,-0.198031087099523,0.0394395097466429,0.247928007311896,0.230005896069659,0.183658151969368,1.15480782429432,1.06901924244508,-0.303840591296391,-0.0703139073121422,-0.0346138378276887,-0.0390594655588499,0.0877511868596305,4.63392975700714,4.52093895823837,4.79588505001357,-0.041124142211015
526,52.4994873938839,12.320228506494,-0.783940625411293,-0.240923778084905,0.0394072567771386,0.223914429624174,0.220765501673399,0.183264603764831,1.04598850471788,1.02659062706602,-0.305352801427444,-0.0696490031773022,-0.0352563922913685,-0.0385368159679861,0.0246702809365161,4.77265230813654,4.55469988112922,4.89795322001917,-0.0379994672117799
527,52.5993906973047,12.31988699914,-0.851384404392919,-0.28412478369658,0.0369922636556277,0.227946811385797,0.226671425253082,0.172038445852669,1.06388307721016,1.05375415076118,-0.30527879258592,-0.069415973720363,-0.0387983060279797,-0.037947590310784,0.0495909376795582,4.86269447387957,4.53489541890867,4.98693200268783,-0.0390070078670033
528,52.7003026363453,12.3200879494336,-1.10151039576735,-0.346446084697944,0.043364462276626,0.242475345813825,0.228095729265561,0.201669859737236,1.13278934175238,1.06042710478503,-0.30599681628419,-0.0682189956403459,-0.0312126218177072,-0.0371137949723425,0.0211114909978643,4.87993237050989,4.45487917465915,5.00411204382644,-0.0378552924432502
529,52.7991679137839,12.2906067680551,-1.49655044830272,-0.425899368535407,0.0642554923923169,0.253767942282449,0.246188821476979,0.29954053960953,1.18510545652351,1.14441878164755,-0.306187905323927,-0.0674065494220976,-0.0323081900803986,-0.0347800913138057,0.00494914662324163,4.93985189458957,4.43889545334196,5.04189951646958,-0.0368297133126453
530,52.8991159529773,12.2893544641736,-1.51074618495287,-0.49381093326934,0.0626030595405326,0.260846936716661,0.255881547157702,0.291867248269527,1.21696719906387,1.18986067708075,-0.306330420467596,-0.0660790849503185,-0.0303975938570492,-0.032966882873694,0.0156049988707626,4.97653711858216,4.43572771266422,5.07087854115797,-0.0388379475550331
531,52.9993924879902,12.284510736744,-1.82306275754335,-0.553260898150172,0.0701588034578104,0.268482722112791,0.262341455341334,0.32722179301346,1.25413919357247,1.22023637241503,-0.306563400369215,-0.0642533041195947,-0.0290718738933729,-0.0309618645899052,0.0257889223040883,5.01464389652106,4.52161144954353,5.13365435380545,-0.0383242869980959
532,53.0989449277052,12.3077616938594,-1.91273328946422,-0.580404375542668,0.0748974953920075,0.26893915362173,0.268528639890034,0.348662699045827,1.25755906757918,1.25013812498887,-0.306581548577603,-0.0625601842147271,-0.0292897005546411,-0.0290135647821875,0.037959362198787,5.00940383895551,4.50146021751964,5.12649329836867,-0.0386535305842701
533,53.1994812943283,12.2964521957002,-1.98715199518602,-0.584344254312526,0.0728380681852574,0.265526590408546,0.270393982476353,0.339387737096185,1.24206672790688,1.25917089051946,-0.306263742017338,-0.0595211250635283,-0.0226614417564594,-0.0274176625735081,0.0676684125891597,4.94349979124449,4.53729507989628,5.08936912314171,-0.0399627637571645
534,53.2992449285051,12.3149432863767,-2.14317828650791,-0.584344254312526,0.0820684401528457,0.279639243990904,0.281513004899949,0.38182113677182,1.30750293806575,1.31178481477568,-0.305372844014846,-0.0570404045176951,-0.0167145144576386,-0.02828637956923,0.0987559302088454,4.88674639914118,4.57332908108084,5.07631222436062,-0.0408133650606781
535,53.3994127451866,12.273646224472,-2.15173604824568,-0.584344254312526,0.0823693182186854,0.255189670737957,0.268347245341404,0.384510304366948,1.19385623057506,1.25037033977928,-0.305279408679766,-0.0534980896030049,-0.00714062582504686,-0.0306448475946048,0.0830838413309066,4.86548104521946,4.61381444987046,5.10016036495044,-0.0382239547116209
536,53.4992887389787,12.2778412528225,-2.1435853126202,-0.584344254312526,0.0754820072741367,0.249850826837187,0.25189936084602,0.352239931419595,1.16944667043639,1.17388431103479,-0.305341420479962,-0.0505541927082462,-0.00563488404826007,-0.0322333810814301,0.0475754805339651,4.85377584647106,4.59307393974702,5.12036510222293,-0.0363464154819072
537,53.5991842396484,12.2681138805813,-2.14758017782265,-0.584344254312526,0.0846241197755322,0.250117474266151,0.251230286460317,0.395213808511758,1.16981477090545,1.17026075333893,-0.305216937109465,-0.0471607581554379,0.00307326372007679,-0.0328341431413385,0.0522717534629282,4.80609878753527,4.55317409701652,5.08972994454207,-0.0346655726505002
538,53.6991437228767,12.2681997919102,-1.98715199518602,-0.584344254312526,0.0811040562985547,0.224034389063982,0.242882115012239,0.378772151677021,1.0490635677136,1.13176690901153,-0.304636554022553,-0.0455273078844219,-0.00353375157090664,-0.0349551724036622,0.0241054758336986,4.82969644745683,4.53502489705931,5.09072817564086,-0.033496527260812
539,53.800014047245,12.2987623336562,-2.06742059840877,-0.584344254312526,0.0766159296425191,0.246955132981745,0.249203842527645,0.356923120305789,1.15572977500895,1.16118672795017,-0.303253714524374,-0.0455968160890433,-0.010162899369706,-0.0346009193901608,0.041298301987385,4.85917604179108,4.54138302084714,5.11681745627475,-0.0355179378974527
540,53.9001836845685,12.2820383646821,-2.1468750914022,-0.57817141814805,0.093159654068058,0.269465848053558,0.27532266910728,0.434581987190916,1.26158498047093,1.28342219444322,-0.301539593801237,-0.0479946376319553,-0.0217885280855548,-0.0339377439902093,0.0952920219640492,4.79819574543613,4.54071820381765,5.01244797487664,-0.0379648986210054
541,54.0006779163359,12.3033370702741,-2.06472620029456,-0.575509338354906,0.08735670658735,0.266175294792252,0.271292095822998,0.406807231584509,1.24666378737224,1.26491364660612,-0.301190725623588,-0.0486176339616431,-0.0201682414650389,-0.0323976698909679,0.116321742063826,4.79259844093781,4.48874995633203,5.02200345311881,-0.0383790529297204
542,54.0994641258971,12.2847386615066,-2.06354770193307,-0.571998581983574,0.0827550832576232,0.265724551170259,0.276865608690581,0.38596224261002,1.2433554949057,1.29104258240762,-0.300112406407602,-0.0496994921949077,-0.0267315029673984,-0.0305880039487131,0.146401228408414,4.78400298826586,4.44029207523993,5.02142584935808,-0.0405749172626081
543,54.2023941164525,12.2845200095183,-1.92477836350438,-0.575432184307019,0.0678198102939011,0.246506736785232,0.262250415190083,0.316312677822931,1.15370924870511,1.22243266287953,-0.299480954464657,-0.0528255772182461,-0.0482244508979637,-0.0291776308380889,0.128927851130375,4.72680962457305,4.52585646253415,4.98233300586822,-0.0411335806471672
544,54.302610830374,12.2622572345825,-2.0652951873282,-0.57817141814805,0.0756744309939526,0.248915141559117,0.255902299574745,0.3535866511009,1.16509080623513,1.19340502374848,-0.298660043242565,-0.0547220802715044,-0.0470314685408812,-0.0284581947042981,0.114380050925804,4.54793601848142,4.42781036947292,4.75972422335892,-0.0396284969376002
545,54.403216121298,12.2866119867692,-1.99963252936507,-0.572796454386853,0.07398931781211,0.247697277472453,0.253632286811108,0.34502793782629,1.16077421104334,1.18292087044617,-0.298124211686784,-0.0567802242944095,-0.0500982624947929,-0.0285047284399485,0.10669033859536,4.47371398363259,4.37608562982696,4.70854790012715,-0.0401552199483997
546,54.502645537638,12.2764318733977,-2.05624878751499,-0.57817141814805,0.0816717086263315,0.246046878795128,0.258459458677079,0.381167363984793,1.15237491273554,1.2061873278316,-0.296972085202456,-0.058294396085501,-0.0475748334049277,-0.0287656674090803,0.10355133390766,3.9172418303682,3.86395285305113,4.73724358966604,-0.0451306704324992
547,54.6030271496985,12.2843152952462,-1.98715199518602,-0.581814098195269,0.0723092778247289,0.244113351573718,0.25473431195283,0.337256777480964,1.14381739102141,1.18807462691378,-0.296002981367695,-0.0594614649115374,-0.0497392572044744,-0.0285390816659881,0.0945608953687977,3.90335571094702,3.84626358653892,4.71336545490397,-0.04673543679775
548,54.7027861022247,12.2588005001586,-2.07735527828778,-0.590517064125963,0.0840220593228361,0.253180607073601,0.26960766967176,0.392700248460768,1.18538386567996,1.25701730566313,-0.293911964854342,-0.0612608827218017,-0.0552414930601456,-0.0270167647686546,0.0884294838286155,3.92792726309338,3.86762959334138,4.67821433168429,-0.0472477207235168
549,54.8040400618532,12.2689715113993,-2.13110697474884,-0.590517064125963,0.0854165389909211,0.255990995893004,0.271892186542179,0.39888658252131,1.19841307395442,1.26749372982925,-0.292159624840274,-0.0620949438720182,-0.0534805195826997,-0.0242492854479495,0.0687726219391098,3.94488093315532,3.88109407416393,4.67003223602782,-0.047270285392899
550,54.902470726058,12.2898142239927,-2.06831796922047,-0.590517064125963,0.0773946762536763,0.263913087497907,0.27797136616616,0.360813402622399,1.23660366990926,1.29648484437125,-0.290385970764101,-0.0642029000933362,-0.0731400879183556,-0.0213503361271258,0.0807441044542609,3.99129006620124,3.93397717712843,4.65675723555225,-0.0502535988579215
551,55.0023248721471,12.2734083592363,-2.2177252684379,-0.590517064125963,0.0891274436740027,0.268572085452742,0.292317719999279,0.416065077444742,1.25741508013522,1.36265319627168,-0.287782260571908,-0.0660265359833709,-0.0773099248676849,-0.0180201490573624,0.105035801099531,4.07173667667083,4.02604612467504,4.63682879447306,-0.0499026072804418
552,55.1025969856011,12.2866273915909,-2.06736608650434,-0.590517064125963,0.0749487913315779,0.254243722162439,0.283747577888624,0.349501618606057,1.1901784492289,1.32274823185353,-0.28554221423793,-0.0681912454916357,-0.0909841865547535,-0.0168957068805936,0.129612347792888,4.0736048398031,4.03546699685878,4.58369936991822,-0.0512565147500017
553,55.2023783060136,12.2804317450505,-2.13721787386779,-0.590517064125963,0.0710039266135869,0.252875078123676,0.278594940281261,0.331273368516539,1.18356943232369,1.29803234533756,-0.283044134985698,-0.0698256782167362,-0.0892442559465785,-0.0172714909308683,0.157369300805673,4.13071133399301,4.08440999130379,4.52410126311939,-0.0502555121582421
554,55.303396882652,12.2927883222142,-2.13310003212499,-0.590517064125963,0.0732300986201622,0.248894707328447,0.273730698809345,0.341316049904016,1.16442367043276,1.27560808807363,-0.280736284173009,-0.0662498607251642,-0.0457706922485883,-0.0176567951821782,0.146623819373857,4.11103970633549,4.04958709056746,4.27188618476258,-0.0487712633570999
555,55.4037095704115,12.2968032251188,-2.05295729565812,-0.590517064125964,0.0704690722344191,0.232410638244845,0.261355547830829,0.328340313590041,1.08646007708156,1.21730539854356,-0.278659523132978,-0.0620479164146376,-0.0340332530319085,-0.0188205462056902,0.119395973685435,4.31661393100737,4.1631875173128,4.33183642101742,-0.0442213453988141
556,55.502330621742,12.304777596427,-1.99509021066458,-0.590517064125963,0.0663518126107125,0.239691551091844,0.253593895805837,0.308956577933452,1.12138457265326,1.18097080859453,-0.276929433641516,-0.0574944772552757,-0.0240053199158687,-0.0183640170647876,0.0688413975153732,4.51651904089177,4.11801482745543,4.51720240326849,-0.0414571667914753
557,55.6028305755268,12.3141153256678,-2.05639600724939,-0.590517064125963,0.0830601385440785,0.237258763447225,0.266502250634846,0.386460828713141,1.10935748871704,1.24048837000037,-0.274112712053579,-0.0543124832690436,-0.0193987304213283,-0.018506428015073,0.028572707829964,4.68656695204806,4.10571600884331,4.69887025728484,-0.0391421084917185
558,55.7025221643023,12.3259350000432,-1.84859165240421,-0.590517064125963,0.0624989401471157,0.254007959205664,0.271003200079723,0.290517093117379,1.18624724823755,1.26163719700155,-0.271583552521288,-0.054693956455751,-0.0264626108530956,-0.0194947365864465,0.0120528415723095,4.67142670527266,4.06462735474953,4.69215611921556,-0.0446339572656182
559,55.8038715775854,12.3277631828669,-2.06736608650434,-0.590517064125963,0.0759698583885907,0.25114569639817,0.28026798494856,0.353080854320962,1.17533249096647,1.30472287917244,-0.268777069991345,-0.0561336306041522,-0.0244275016263365,-0.0193647226898924,0.0135841790291972,4.35575667161748,4.09850940369313,4.38396683357815,-0.0469030163900557
560,55.9041873864453,12.3163167493347,-1.98715199518602,-0.590517064125963,0.0718237225359457,0.236189791310951,0.278903527863539,0.334121767555822,1.10401907006366,1.29812575368251,-0.265242363817672,-0.0566103524894414,-0.0235799304617439,-0.0196541675864603,0.0358203390742233,4.44807308351273,4.2965307611288,4.49489599326088,-0.0465549467015633
561,56.0039619444736,12.3002027677732,-2.05211337133077,-0.590517064125963,0.0768853091217452,0.235479713223528,0.273346932797265,0.358136075545382,1.10131675100314,1.27214751370354,-0.26149960258461,-0.0552497403400057,-0.015874117170023,-0.0195556677759427,0.0244480231198123,4.52936128754681,4.41903226816371,4.60207248099576,-0.0433751275738763
562,56.1048832468155,12.3158216494933,-1.90840906893505,-0.590517064125963,0.0685976011544016,0.22785944782565,0.265202378270421,0.319127095131728,1.06710062424429,1.23545131382426,-0.258115428964934,-0.054191158007985,-0.0139282751954204,-0.020512556192982,0.0132658146280624,4.49301877641352,4.44532643800647,4.5506671507759,-0.0437578356333859
563,56.2039698622924,12.3058228681858,-2.03577321114258,-0.590517064125963,0.0701475037019321,0.218617800556836,0.263279025542778,0.326602488641894,1.02209046696909,1.22601974682946,-0.254147961112675,-0.0531387133469504,-0.0128473904113914,-0.0223409270255473,0.0237604791146033,4.53703783634066,4.45769142223704,4.57220390866413,-0.0425677564982829
564,56.3042419757463,12.2705650895467,-2.05014561721507,-0.58037900215922,0.0716581089748485,0.221049522071217,0.255003044228933,0.334594251353957,1.03384848525227,1.18754745777368,-0.250621452758924,-0.0526220042554944,-0.014082655663487,-0.0235166156188608,-0.00387603005145363,4.50989502988987,4.40258941017778,4.55272206240439,-0.0406539252108849
565,56.4037291324441,12.270007265749,-1.97376426924657,-0.536474707516941,0.080152679153883,0.218912294740512,0.254778643360522,0.374274017238238,1.02375006835772,1.18598782131519,-0.247159525048763,-0.0514299322175318,-0.0138006467461486,-0.0234098106260752,-0.0233213608286368,4.69508888044433,4.5305454035113,4.72695102339528,-0.0371933244829463
566,56.5037575399734,12.2924807462817,-1.68291073806691,-0.497074228038285,0.0661726991123878,0.221140145555459,0.249688655280288,0.308430806897649,1.03422421417757,1.16317426614739,-0.244192438899037,-0.0509301250213174,-0.0149385732117649,-0.0224012189291964,-0.0337227010262944,4.57294182427856,4.45730223313778,4.58398611397432,-0.0401308311410351
567,56.6042559332081,12.3149109010457,-1.68366150007149,-0.49175165914331,0.0658456968188077,0.234982826627516,0.266436083585156,0.306347695563122,1.09983726076464,1.24104730085867,-0.240335853509898,-0.0540478138941621,-0.0331087871802568,-0.020928374269806,-0.00860071722800438,4.34062698452267,4.24298816593674,4.34661846322034,-0.0462123069965677
568,56.7039834146383,12.304363370511,-1.60144199537559,-0.49175165914331,0.0583918160125055,0.235225773514817,0.280266858829821,0.271901877397446,1.10029394596545,1.30544742715559,-0.23583190526995,-0.062565857807224,-0.0853149105530051,-0.0206553887441706,0.0659540944666111,3.7638569453957,3.76365507788948,4.26819125440655,-0.0589488511482176
569,56.803883336867,12.3202421637972,-1.74522740679351,-0.487964969269106,0.0668862642038057,0.245120366094668,0.289756337197644,0.311054194003196,1.14669557014899,1.34893944946233,-0.230878540713558,-0.0688595404230449,-0.0883129137009042,-0.0188997361593132,0.114219408037059,3.81752080699574,3.81747371149544,4.36477090734991,-0.0583808404096766
570,56.903756729742,12.3033662642722,-1.6797228210559,-0.475642758852298,0.0620043917960645,0.231977544061435,0.282132166495644,0.288746982678445,1.08524735392997,1.31401732282653,-0.226525737516894,-0.0738202951740607,-0.100128431399754,-0.017783737221769,0.150050223058913,3.87398593465214,3.87198424358957,4.30781226487455,-0.0568220376668314
571,57.0037037285687,12.3073256054124,-1.66425318445228,-0.47243536826812,0.0596721359892548,0.230566359610686,0.279597061196906,0.277796725764711,1.07910286153511,1.30236263977383,-0.221695787868307,-0.0789936604523802,-0.121813256850464,-0.0181526637932735,0.217672920686428,3.89262606001462,3.89059765016987,4.17436675792981,-0.0564978299525708
572,57.1050973574411,12.2979443045668,-1.50673391311871,-0.454714615805416,0.051901423213309,0.226850925372905,0.273815187777651,0.241805847556866,1.06230346191233,1.27642366659939,-0.217122271555875,-0.0790938398942893,-0.0890620777441147,-0.0165776434041633,0.212055951682412,3.92634863580344,3.92633452159102,4.17950778323821,-0.0565191186897576
573,57.2051182223111,12.2916838723261,-1.56731596930822,-0.441193273325759,0.0546463673551745,0.227912680024977,0.273425064485454,0.254723894600898,1.06758569979125,1.2748061037509,-0.212516984690553,-0.0755896739871256,-0.0556139815807223,-0.0142377500261551,0.172581378629327,3.98207953949184,3.98207652607894,4.18405720901558,-0.0549408154610086
574,57.3058304109246,12.2925043195503,-1.54148065751853,-0.430023271147512,0.0563441635829886,0.223215955783686,0.267639053976354,0.262620218109224,1.04621331424657,1.24866005268932,-0.208279545935402,-0.0703965802211298,-0.034206590597467,-0.0117605124139422,0.117197385138662,3.96512263968116,3.95718859194844,4.07004723450622,-0.0532883619484608
575,57.4054468331982,12.26753807608,-1.46830053089028,-0.428746286968936,0.0500226466930233,0.221324483118955,0.266320059867199,0.233630467090683,1.0381499812739,1.24292682095689,-0.20389145843145,-0.0693054068294219,-0.0583756320085342,-0.0118856413230288,0.125685990490276,3.94855780045306,3.92256348606132,4.01498749231646,-0.054778839288957
576,57.505071838498,12.2738245006589,-1.48650742074062,-0.416490965573865,0.050951234607755,0.220873677756922,0.262785856216983,0.237845500811803,1.0359688438149,1.22745923095121,-0.199738413173533,-0.0698108507849406,-0.0714441164095937,-0.012423745179107,0.15091403231645,4.07379540487361,3.94476022582417,4.0953804482414,-0.0519993275449728
577,57.6051689102366,12.2449625527295,-1.40579241299354,-0.381422547390083,0.0513287589239522,0.211580022235763,0.265877616169421,0.240172562074155,0.992783152056692,1.24172176171943,-0.194768516870028,-0.0693614000684123,-0.0593604855495764,-0.0124946931799097,0.135996047605956,4.12256864826251,4.04025734205478,4.18648750691101,-0.0520425190095725
578,57.7051281333733,12.2596608170693,-1.2455131581977,-0.331941612233024,0.0390262455280035,0.198013814273936,0.260244295311172,0.182389353138571,0.929969008662023,1.21616533074724,-0.189226040134513,-0.0719647459600029,-0.0801890417770101,-0.0141190955755912,0.124589903356377,4.10479443591532,4.00758312394307,4.1526526098955,-0.0538926012585669
579,57.8051716262213,12.2371657550934,-1.10644334026337,-0.28991582195093,0.0391062296521046,0.189899226854195,0.262129888354978,0.18309912027067,0.891704467622555,1.225147936671,-0.182405738301495,-0.0761971894570624,-0.0933357546599707,-0.0168666958324617,0.149565755936528,4.18044708201085,4.10719885856025,4.22139674968354,-0.0533492361768149
580,57.9053001690559,12.2481028099165,-0.885314235159833,-0.281875124146974,0.0283379311331731,0.191207809891555,0.247331601931733,0.132562649264082,0.897912400230845,1.15656404857245,-0.176720631529808,-0.0733187982712206,-0.0425755427941038,-0.0194481837304235,0.154637275375229,4.17740428420132,4.13685370112866,4.26448188006395,-0.0524233844511484
581,58.005703888911,12.2421738668653,-0.864154716729608,-0.281875124146974,0.0329452359351765,0.1812411463613,0.243690486856566,0.15418980630999,0.851778538132572,1.13983013208554,-0.170950830488074,-0.0661624306214717,-0.00995897972499987,-0.0202246443015149,0.0992101012170432,4.51845619795986,4.37481268582281,4.55628394269516,-0.0466409857013872
582,58.1067274072917,12.2491694543108,-0.864870830613316,-0.281875124146974,0.0320450310595263,0.182897876458543,0.234813620612832,0.149891047905706,0.860460340916014,1.09887592820265,-0.165622435002541,-0.0602333121192521,-0.00504060110707721,-0.0223708546769589,0.0714433566939168,4.64147374907047,4.42627333800768,4.68483019964922,-0.0436862515044737
583,58.2049198274975,12.2389575631761,-0.963947182221468,-0.281875124146974,0.0358139119151756,0.19334051929689,0.24511240761121,0.167659715554281,0.908910968502353,1.14724493892389,-0.160026133803509,-0.056660978649848,-0.00394968569503462,-0.024693772823515,0.0981869971316109,4.75941804520356,4.47450962674365,4.809504281574,-0.0439756486419513
584,58.3052408381915,12.2395726828793,-0.944368808047923,-0.275702274806978,0.0356555383563286,0.188254293634598,0.240715454621518,0.166909919004705,0.885602217613942,1.12749750365506,-0.155018304760653,-0.0539733565114522,0.000265424136785208,-0.0271095835221327,0.107732044184718,4.74846205603873,4.53678625050647,4.81341477790909,-0.0431844908615012
585,58.4051626081231,12.2237635676063,-0.864154716729608,-0.252950590742645,0.0309002663298949,0.18377848643822,0.23783315525299,0.144836822601152,0.864576783994051,1.11395807528651,-0.149840681868083,-0.0520250173209651,0.00232552264345904,-0.0288947150241517,0.126888364638294,4.73491947873166,4.51950257044578,4.8031127928384,-0.0437035708532316
586,58.5053996091973,12.2146668722822,-0.784881825510947,-0.226319559140132,0.0282654870983803,0.181647961015304,0.232851189322477,0.132585705597329,0.855374970191269,1.09156961042993,-0.144815002556805,-0.0520554132201085,-0.00662679953456499,-0.0301134055692957,0.129158909313022,4.69188364362023,4.32718632310898,4.77255183937173,-0.0436041721755571
587,58.6056433726558,12.2048281669053,-0.704601078199784,-0.220146722975656,0.027823608746488,0.184860715270189,0.241216228369875,0.13061819211976,0.870942906315979,1.13123668893671,-0.13900468454327,-0.0536825029415124,-0.0139797584372797,-0.0295334973128118,0.101984285818296,4.61704807728962,4.21857014653092,4.71442001670475,-0.0462184096962354
588,58.7055937526746,12.200714006617,-0.764076334435035,-0.220146722975656,0.0346797387276774,0.18500549726834,0.262001718339965,0.162859100817583,0.872304763770112,1.22979639625355,-0.131301647479283,-0.0574501518672595,-0.0234774961860784,-0.0285446829999492,0.0835924920506252,4.5739637204142,4.12037419035831,4.67319965560397,-0.0496991217043809
589,58.8051602373414,12.2028167927598,-0.703726534092978,-0.220146722975656,0.0305572190679779,0.193447973609763,0.265482346715564,0.143474744929102,0.912830941659484,1.2470286460508,-0.123709144328361,-0.0618569051511298,-0.0389407535921075,-0.026367419735836,0.0489470111751141,4.55072741176842,3.98860520466687,4.65670301336537,-0.0516236430773809
590,58.9051340256134,12.1850857473052,-0.723170953658118,-0.220146722975656,0.034830602701426,0.192858543993609,0.270078751024603,0.16377735362355,0.910922309039443,1.27027311366987,-0.116018611456151,-0.0655842968321769,-0.0463527615903238,-0.0244143789513201,0.0268533993437639,4.88716139842719,4.3700040356253,5.00533179666508,-0.0481359482825522
591,59.0051697157104,12.1777455886371,-0.781899079727537,-0.220146722975656,0.0262284931258489,0.191521887234436,0.266509483716228,0.123403763399963,0.905869782381098,1.25462493099719,-0.108584032184043,-0.0695267089517652,-0.0537836377435016,-0.0230381028081492,0.00966588371569125,4.85413623555886,4.36906376523769,4.98381784924051,-0.0495002568799381
592,59.1053110030383,12.1469625143922,-0.821874056329755,-0.220146722975656,0.0301954591538452,0.194212987402901,0.26641196831039,0.142428101208206,0.919390608600977,1.25579338016148,-0.101219188174602,-0.0736851452265465,-0.0638619493436351,-0.0200220649557487,-0.012048797096473,4.73537456940952,4.31739426230312,4.91390867354096,-0.0498833842379654
593,59.2052691858081,12.1293757105185,-0.743742325357172,-0.220146722975656,0.027508325082285,0.201964487082419,0.272182450973513,0.129941413648673,0.95750116928701,1.28433748605769,-0.0938129151953972,-0.0777484114798801,-0.0724863693166159,-0.0167255744413031,-0.0292622624493025,4.71966345444007,4.32531604228745,4.89716563661692,-0.0518414349355881
594,59.3051553231766,12.0742789371791,-0.863143812615807,-0.220146722975656,0.0362330287018988,0.199814627510505,0.273574349619658,0.171935185771831,0.949860739775077,1.29345292844833,-0.0865527120448073,-0.0816487043885855,-0.0802696457899499,-0.0142694420247044,-0.0285013116860126,4.63447998493981,4.15415604298651,4.74398070562434,-0.0512120716216323
595,59.4059944365406,12.0669906795306,-0.922075837794286,-0.221417642178675,0.0317800592304063,0.207419093683547,0.273179925826112,0.150895869988987,0.989035810542254,1.29582886152318,-0.07953803422422,-0.0856111779919797,-0.0863364969980231,-0.0138662051341539,-0.0248482621603447,4.52204080629139,3.93904713553846,4.59216404147609,-0.0533829474205214
596,59.5050524419303,12.0428374472299,-0.845567761656058,-0.226319559140132,0.0277000478710457,0.194920281464642,0.268614148502447,0.131787300409731,0.93224909625153,1.27785202091905,-0.0728571204500753,-0.0893827280201648,-0.0920295015246304,-0.015709987038424,-0.0109576188684545,4.37357280142813,3.59551224942351,4.40541134712049,-0.0550840494875801
597,59.6052673352099,11.9935241793045,-0.706400312372037,-0.226319559140132,0.017444562382313,0.173268770083304,0.327664277510063,0.0833365639808318,0.830711253096589,1.56338030013046,-0.0584692931016665,-0.0971204803166453,NaN,-0.0196975560821636,0.0478285774672547,2.6323517613967,2.44428951851204,2.6480575424491,-0.117848883145902
598,59.7050640010329,11.9599742906748,-0.723987192465012,-0.232492401892368,0.0163614557451596,0.154672713938252,0.474490756683542,0.0783815878952326,0.744108925754232,2.27418538822158,-0.0274804309660222,-0.116078945846527,NaN,-0.0276643902768523,0.0820996845699179,2.76883507156158,2.53321558535794,2.78759977866611,-0.165459223499363
599,59.8050775833352,11.9330265518241,-0.82230514211179,-0.238665244644603,0.0309780377897312,0.161722818117568,0.484289455547702,0.148739033480953,0.780208252871895,2.32835166555061,0.00513316706187413,-0.129711712249101,-0.0966098587923917,-0.0387409291731759,0.21791975336659,3.75648964106229,3.52663106785507,3.76792347546391,-0.12067420945417
600,59.9055106935527,11.9050111515683,-0.805836917625268,-0.264472671304164,0.035048680440819,0.171543093700922,0.473399591989151,0.168679864260949,0.830152787305202,2.28342519942156,0.0359426944343221,-0.139636501889652,-0.108745406321919,-0.0480282875180358,0.357410616288718,3.74621023970833,3.66276671306184,3.89156085405521,-0.117011828888295
601,60.0058683771766,11.8549093424974,-1.07882203020917,-0.294220796475925,0.0496111930596839,0.18752781644452,0.493236777687027,0.239773692337497,0.910377318342614,2.38708555776213,0.0674250325216491,-0.146031406917115,-0.0893366789701345,-0.0546602810073497,0.423448385700378,3.82634891378491,3.76517782945996,4.11241361639081,-0.115939658045591
602,60.1056572402485,11.8079468816553,-1.16271878219461,-0.306566468804877,0.0528633798948039,0.175041840438237,0.479046219757604,0.256507617599275,0.852611190935887,2.32591206811641,0.0971383032278109,-0.147531180182896,-0.0642008407634906,-0.0575905743768531,0.419690106435756,3.75609822970098,3.70941821812131,4.26041735419306,-0.113464242360011
603,60.2054268565345,11.7672421414074,-1.08633188553303,-0.323218580039171,0.0423364330871729,0.179925451116294,0.490005906792103,0.206139080009217,0.879044946966081,2.3861168155531,0.128318529290089,-0.148797023302066,-0.059115683744013,-0.0611516697208006,0.393190226131923,3.79941651309812,3.76268913251208,4.2486406345521,-0.117825848301083
604,60.3052347063006,11.7428044481339,-1.16516350225185,-0.343603512142772,0.0515822158508324,0.192170547950504,0.478455021962765,0.251679594131691,0.941838354989886,2.33787454682674,0.157503045455289,-0.145615681178882,-0.0254315777454827,-0.0611726351900602,0.301164665766419,3.83974815393845,3.81743810139023,4.22635168396406,-0.111172084469677
605,60.4052103152145,11.6876446907452,-1.18614902088056,-0.369382496369186,0.0524303837284458,0.187239505046799,0.483740390650514,0.257025229173744,0.920267779287995,2.37060019815755,0.186899410028581,-0.143584968149616,-0.0295921944803925,-0.0618504902757759,0.186220063863633,3.9359091213751,3.92833099042371,4.22306330748916,-0.109583324619899
606,60.5054519979394,11.6600512184833,-1.26522517332118,-0.400243556223582,0.0500487429585861,0.202568715175213,0.472096263368002,0.24593066334689,0.99873679076155,2.32096132441821,0.214685617909193,-0.141937808349344,-0.0462209725224957,-0.0611039700804765,0.106127583952623,4.02442154958437,4.02306266137063,4.21270339851312,-0.104871598367473
607,60.6061150292213,11.6272369003206,-1.50586744727613,-0.422266481749405,0.0607469841173306,0.211397938287383,0.430988977688623,0.299341466101723,1.04523578531123,2.12050658076558,0.237234705758833,-0.137914320663541,-0.0490126920640736,-0.0630137605522347,0.0062655325714662,4.16210253003384,4.15102298952572,4.2666216210148,-0.0889555196921788
608,60.7061678853706,11.607489310653,-1.50496981868615,-0.446967706129819,0.0614170796201371,0.214929997700278,0.245875829698267,0.30315829025979,1.06566077188386,1.20708607948768,0.240507620952324,-0.120778788064188,-0.0424075425616749,-0.0594459171112862,-0.0830662667349221,4.25470116326111,4.22530569574895,4.30243498416508,-0.043354102438712
609,60.8051148316036,11.5728588479498,-1.52722399763096,-0.486611805233734,0.0627196278164465,0.210389361056923,0.24940533668214,0.310514007950902,1.04625073386302,1.22746181831179,0.244143491529833,-0.109663627540905,-0.051014603949036,-0.0595719763494941,-0.111189745595056,4.42800510786554,4.26397124736789,4.44859908175202,-0.0421602288881918
610,60.9056041216286,11.5632461838165,-1.74650972123108,-0.529942712769929,0.0696077090018298,0.219117712829492,0.253601901156762,0.344901398007218,1.09176434546064,1.25207574301783,0.248047336068287,-0.101320483851672,-0.0474914338759947,-0.0609994073159811,-0.0953283583184721,4.59424952940847,4.29723281858654,4.61521828568661,-0.0400488025252347
611,61.0069948894923,11.5421850194948,-1.90622994088946,-0.572160655121162,0.0744467013300619,0.223483197935651,0.262028681968638,0.369550707098352,1.11523697210182,1.29636241278177,0.252176802235576,-0.0936591692711077,-0.0336853641856918,-0.061357341393518,-0.118204659639856,4.76839874085054,4.31919917088146,4.79189078951221,-0.0393385685285868
612,61.0998575105435,11.5377420196183,-2.06363230734602,-0.637513075207775,0.0799190318993541,0.225094547822193,0.265484105275474,0.396867081212988,1.12550270795206,1.31613220984766,0.256002299490733,-0.0883160012309989,-0.033403186256433,-0.062357764383114,-0.102052431826508,4.90267685838032,4.28345577228864,4.92657469621169,-0.0378497459115476
613,61.2002482258136,11.5019666239433,-2.15039470868919,-0.755271765706019,0.0811341067062425,0.228554349422943,0.27430240499874,0.404153910438119,1.14419982521881,1.36114425828767,0.260768645490897,-0.082955250107324,-0.0245820154955341,-0.0626503252269316,-0.0849442438361837,5.01164716646438,4.2953652577938,5.04740927452635,-0.038543874274528
614,61.2998529439606,11.5128787748519,-2.70140158141351,-0.886416912968374,0.100615219375223,0.250075082364689,0.285440917706714,0.500715831266077,1.25185288762794,1.41855055138365,0.265363032821662,-0.0780059897914902,-0.0206489181886935,-0.0600566878728929,-0.0874443947909065,5.05728257137961,4.31373383863555,5.10701360465064,-0.036546444799716
615,61.3995242455833,11.4788122120113,-3.18616818946644,-0.999388846821977,0.11812254083434,0.264485726229128,0.312590772664207,0.589580528981,1.32639644788694,1.55395970259226,0.270875889230061,-0.0755970495564889,-0.0275680808917076,-0.0567495227966477,-0.0834237030573435,5.060209709671,4.36592923452157,5.1332888550239,-0.0384308641316192
616,61.499732896662,11.484688882801,-3.50766845267543,-1.10027393600844,0.125181800365823,0.275628571788437,0.331567346944544,0.624492738260414,1.38324843215644,1.65112449411437,0.27703974319279,-0.0734091522092119,-0.0283019135784846,-0.0530256126893992,-0.0807106306829034,5.04016065716228,4.43238520897591,5.14101525800488,-0.0409482079277451
617,61.5993196684816,11.4672544223743,-3.74664486180707,-1.20289234886742,0.12575106546262,0.282911408207967,0.364423556665824,0.62828609728525,1.42076079028349,1.81549907488025,0.285519912006141,-0.0719310331562764,-0.0192678643244322,-0.0479177207252363,-0.0790238211522231,4.93795968197876,4.40029473122305,5.08375075012524,-0.0483342324714087
618,61.7013497417485,11.4782954262398,-4.00465172492206,-1.30598993463138,0.129342606124639,0.293859513071857,0.431114956117702,0.645607341684317,1.47846892108462,2.14992149953216,0.30008261288709,-0.0777908406384049,-0.038895408607819,-0.0428114513900485,-0.127461895564764,4.86859784755116,4.38997774454817,5.04932650990664,-0.0619834209853357
619,61.8020283785325,11.4507464577112,-4.39912649096513,-1.40516748111308,0.140094281630131,0.301257678935309,0.44840856697758,0.700950863234974,1.51392594396649,2.23601013151091,0.315269982323659,-0.0831553235951017,-0.046003667233878,-0.0393641234517135,-0.0833160181220271,4.80234839465586,4.36391949262895,5.00812701055016,-0.0642007326437511
620,61.9018055374778,11.4459621340638,-4.79879142090009,-1.54401142396117,0.146447677232023,0.310321100558549,0.449823265393931,0.733042438846945,1.56028162145711,2.24541490843441,0.329641273227603,-0.0868418507630828,-0.0509759739191313,-0.0343900027097949,-0.0675208541903738,4.72969795856436,4.33249299018188,4.97467683612445,-0.06414269807918
621,62.0007537841693,11.426873274414,-5.263736645481,-1.72746409947522,0.161806226243221,0.330081711086828,0.478797243444682,0.811262546180758,1.65987628921255,2.38965185288404,0.345334053292868,-0.087951485923905,-0.0341596208227276,-0.0299041001079121,-0.0164547603973039,4.72394813699084,4.34554770516196,4.97854808267503,-0.0671029842007082
622,62.1008516361831,11.4379189024148,-5.90804018742865,-1.90641495054078,0.179166379546955,0.355221360749712,0.498246696610853,0.897421810837161,1.78849722875903,2.49009132418224,0.360908794661928,-0.0885778154388645,-0.0356678310387065,-0.0241903172123388,0.0628158333709172,4.72739602263605,4.36220258895474,4.98965018223392,-0.0674959989677308
623,62.2005991446744,11.4233159761225,-6.53976428050765,-2.02490520394951,0.193248919271302,0.371617032557906,0.53647803075777,0.969183678412102,1.87069773172153,2.68205569019679,0.378170982186212,-0.0923037509180117,-0.0568548721294162,-0.0201132275410443,0.143221700997437,4.67164611959672,4.26064099141,4.82512130946101,-0.0734707001985197
624,62.300624691195,11.4445808965268,-6.70336614838836,-2.08652917376045,0.183576667753643,0.363255971422707,0.528897071090957,0.918973478804181,1.8304729906415,2.64790698012377,0.394321163852035,-0.0952949690685265,-0.0641271467860838,-0.0188195401395714,0.173121717087186,4.54263491687396,4.00402712315517,4.62125179027047,-0.076017643868891
625,62.4012996866952,11.4347652288125,-6.87569185156738,-2.10903549841613,0.184383653238687,0.358420508214237,0.531277168628711,0.92380468296851,1.80734649238165,2.66012563025826,0.411480102243062,-0.0988908356999732,-0.0727055019078982,-0.0186612071861844,0.183060014495952,4.31304746260853,3.57686325648067,4.35535118324005,-0.0804288657607822
626,62.5008378213665,11.4440285828427,-6.94579822338534,-2.10513813612096,0.192991379604035,0.348515443137414,0.513569306246448,0.966140848122102,1.75665390690447,2.57403672046712,0.427416290046459,-0.103351342750786,NaN,-0.0211765258296938,0.255925329025281,2.66645449726671,2.56275866450973,2.66870711764963,-0.120226288118183
627,62.6018514562625,11.4184489021553,-6.87760127670493,-2.10903549841613,0.195498614961192,0.346011148101766,0.491203653878143,0.980882019985082,1.7457607514842,2.46529732523219,0.44195622884239,-0.105072238975306,NaN,-0.0249601892455109,0.299892427042301,2.68247866551481,2.58148417148816,2.68432338620131,-0.110235746780935
628,62.7009011387178,11.4341435924486,-7.02363064186655,-2.10903549841612,0.207236809142302,0.347355753493864,0.42227949638822,1.03833702365645,1.75211345376604,2.12951084479726,0.44944399315299,-0.0998025393635937,NaN,-0.026192407714127,0.349873573764302,2.70538952879734,2.60833687774214,2.70687831544065,-0.0794867744392852
629,62.8008575008457,11.4214037718292,-6.8728337306787,-2.10903549841613,0.201013707137265,0.349831507931521,0.429255184217245,1.00828657638175,1.76425144754496,2.1653388897361,0.457506628604892,-0.0951831016875352,NaN,-0.0272084590154709,0.41503565735134,2.70557231978134,2.60848610230317,2.70671762373908,-0.0843597768247519
630,62.9008271276504,11.4380931064801,-6.95418297949112,-2.10903549841613,0.207127243886436,0.349256483268038,0.425037289319927,1.03742991466929,1.76611327132914,2.14601608203461,0.465053665004354,-0.0886041791752043,-0.0617373604863986,-0.0262144060992583,0.375755455859397,3.56905989442459,3.46052311465298,3.80717697526183,-0.0610553064054484
631,63.0010448819387,11.4292285580034,-6.93891830011752,-2.10286282035788,0.201384335513458,0.330264335559034,0.424752027101821,1.00945383479518,1.67043996238972,2.14615182688242,0.473571334062404,-0.0822149308421841,-0.0554360696910626,-0.0269133533558511,0.382698518570544,3.62930518787536,3.51724192752667,4.12552377486502,-0.0615455796703405
632,63.1014850146321,11.432250679258,-6.78853831838232,-2.06299426625754,0.190030517580582,0.329341629788669,0.416608529023132,0.952301022993528,1.66267598129031,2.10663996852109,0.482290094656249,-0.0730931312891623,-0.0198631492093612,-0.0290360503030854,0.369687237675306,4.01250014637818,3.89069168263433,4.04355525717397,-0.0564680381749187
633,63.2015768845367,11.4052972255237,-6.62811013574569,-1.95872601220241,0.187588704728065,0.30603840921323,0.389151918510273,0.942287765202128,1.54925799173827,1.96822733373328,0.489442849755025,-0.0678891040618256,-0.0390451196890192,-0.0327284438853561,0.322467212452925,4.08973995726765,3.98611213844983,4.1713775044979,-0.0492850929125753
634,63.3007298233976,11.4073175883449,-6.30656625001058,-1.80610818760323,0.193073223544456,0.294791890472405,0.376371902335239,0.969660449084528,1.49354712106918,1.90504565103321,0.496974184990976,-0.0620911333629062,-0.0273938512885591,-0.03486179512339,0.296226440384774,4.16129603807603,4.01537731242703,4.19454436740783,-0.0440484592092445
635,63.4007525089095,11.3915573699013,-5.74722845154457,-1.6205633566096,0.1832619965608,0.274643864877868,0.355850350884509,0.921667942833912,1.39115717120223,1.80143750375245,0.504089045988481,-0.0577036826644232,-0.0340921020154401,-0.036975178825235,0.27148588787347,4.17536872683791,3.97436576737302,4.18448814782792,-0.0413348773760666
636,63.5008040646003,11.3992393757878,-5.19221899148182,-1.421011924125,0.171116098445349,0.274330311844105,0.341549926709461,0.860012989436042,1.39002242553684,1.72970105765916,0.510798787294287,-0.0543529986380953,-0.0421308460262753,-0.0377228332737286,0.266864822250419,3.94254787616263,3.83031771222338,4.37545983661387,-0.0432293617268637
637,63.6008150459856,11.4002662397374,-4.5492148073788,-1.21926446461754,0.15840560144902,0.266296890809971,0.333937478874629,0.796068109001181,1.34939410599831,1.69142213086724,0.517161873727361,-0.0511815669653185,-0.0283340552482494,-0.037618110570393,0.238692959320345,4.04706369405865,3.93898860566948,4.36310345182034,-0.0433726500730148
638,63.7011311149372,11.4249643471465,-3.83603474497677,-1.04006246831105,0.131581335802502,0.255737912031493,0.32890315268963,0.65984642678354,1.29532293672119,1.66420711990764,0.523971905432483,-0.0464852775512675,0.00197008677664298,-0.0358778200321045,0.15332397622887,4.14304903515864,4.03485262506801,4.36690808995471,-0.0476271980400476
639,63.8009327225025,11.4176158003488,-3.27132939389922,-0.925523795225192,0.114259511069512,0.233041692945753,0.310173182626533,0.573356937454149,1.17795451807121,1.56694613306088,0.530537192521327,-0.0436977921540524,-0.0060907751200021,-0.0343438210832606,0.0936110512227166,4.24838803737266,4.13022248127432,4.35110678590159,-0.0461148251604106
640,63.901986931704,11.4332177538083,-3.02245528981873,-0.865311458276513,0.105463840248546,0.224524355619976,0.28869468887357,0.528500522811075,1.13349570357028,1.4562200028777,0.536591518408486,-0.0417249486358885,-0.0120883486597732,-0.0326062531586687,0.033072737281755,4.41719609886671,4.23870724021729,4.43788892008351,-0.0414812574592363
641,64.0011429916653,11.4521764367509,-2.86950699968749,-0.810281638807694,0.10295959049781,0.220070735321877,0.286416084904709,0.515097815593493,1.10863249085572,1.44180270905086,0.542949260149212,-0.0435585528756601,-0.0308531776678075,-0.0328532710064818,0.0271935930706583,4.5476459540054,4.26188577022218,4.54922182185128,-0.0403409799844505
642,64.10087879603,11.4979768122102,-2.71093019956317,-0.736336929336083,0.0943322447945294,0.217761244616646,0.279151715230086,0.47005819596764,1.09548046634159,1.4028477685088,0.548956918659594,-0.0459934528517481,-0.0350816441421812,-0.0332124977150332,0.0284429830930739,4.67906234064344,4.26992186853935,4.67961677611293,-0.0394992536923842
643,64.2009451769479,11.5227729361233,-2.46485834145143,-0.662248059970843,0.0866328498688926,0.208261739725367,0.274911878997827,0.430764640487147,1.04380822001228,1.37752123379838,0.555151066346767,-0.0495473182117238,-0.0438376590883734,-0.0349909251248023,0.0673847918757981,4.83138797608122,4.2873967303465,4.8359548771344,-0.0389699668213459
644,64.3008911354077,11.5635671265198,-2.22232993816583,-0.615053136688734,0.0806296903141891,0.199274757205552,0.258212739903614,0.399501818165075,0.995659616538793,1.29053576690434,0.560592573226412,-0.0504430251781703,-0.0344217926511667,-0.0358357586230679,0.0681377591669868,4.95020242144409,4.29750276820657,4.96135380165761,-0.0358738965542382
645,64.4014548116595,11.5947548906969,-2.06551182267836,-0.588154555641593,0.0735198709942334,0.19298391006769,0.250636426720832,0.363295464689243,0.961781305281354,1.24885158072496,0.566074006888759,-0.0520793542205628,-0.0374826024843388,-0.036644904146624,0.0806277264996475,4.68114461613938,4.42061363381825,4.69445896957497,-0.0378361640689216
646,64.5010738348501,11.6279041718863,-1.90693790386771,-0.544870325659647,0.0651888508139776,0.209099827316824,0.252808749834431,0.321210670272015,1.03797328148839,1.25590291054884,0.571230973021767,-0.0528165668083631,-0.0318372059465598,-0.0361056215904281,0.0896106237643455,4.76818177239149,4.50169940054529,4.78110320520057,-0.039348310944604
647,64.6008187424244,11.6598287659004,-1.82363560192085,-0.468868848003233,0.0660011377006586,0.205249257594046,0.261024144558058,0.324322622591414,1.01634372620816,1.29253787364199,0.576602196606406,-0.0527169267458253,-0.0259926897282122,-0.0336369012026714,0.0890938268357306,4.85419231546493,4.67675830929166,4.86113355484124,-0.0401762011439219
648,64.7005324389945,11.7050600298813,-1.50855109446773,-0.370377462068427,0.0570622431040153,0.199736760211486,0.259838061768029,0.279315081800722,0.985287262679969,1.28203668146502,0.582320283807608,-0.0524983640138395,-0.0281767426625905,-0.0310444970436567,0.0811844027493213,4.91691423311705,4.82986279238387,4.92166242749709,-0.041240462828953
649,64.8006984350341,11.7450270258578,-1.18473150743392,-0.271569855306459,0.0498000836855039,0.179974511104684,0.24771099402347,0.242938352459697,0.885836686264465,1.21862492066067,0.588115423404507,-0.052367755572127,-0.0253648393174888,-0.0307762224514716,0.0741291436474995,4.57770791816046,4.55887145885944,4.69359399125173,-0.0432336256214215
650,64.9009117677635,11.8048224198681,-0.864154716729608,-0.193356220968208,0.0288280428398131,0.177803545493607,0.225391083472301,0.139919250300971,0.872772844314354,1.10571406990775,0.592775549332174,-0.051866968375023,-0.0251412193610027,-0.0314798367033095,0.0622921016378824,4.63654927977532,4.59445241454779,4.66627308585382,-0.0423942524432768
651,65.000931332175,11.8121703953754,-0.629737392342428,-0.143910284359092,0.0269961988327545,0.161266131306282,0.219363362998111,0.130946770251749,0.788468954828654,1.07226849357618,0.597759376657749,-0.0514919030946557,-0.0229490081234685,-0.0333541508593583,0.0718616246935471,4.65401527603422,4.56352805370558,4.65948021758386,-0.04133359105114
652,65.1006824819501,11.8333839586618,-0.479279981766761,-0.106988989953946,0.0220087700696832,0.147157481727142,0.195108933807798,0.106563615923688,0.717362921270595,0.950792258604579,0.601838912127536,-0.0483031442328048,-0.0091977532177242,-0.035008574562222,0.0515943692977048,5.02809453359996,4.79782873907209,5.03543568512771,-0.0344265929332439
653,65.2016820718942,11.876281998125,-0.388016721936526,-0.0818491630973982,0.0223931212963961,0.150640804546652,0.189671384798778,0.108032953421059,0.731818202828707,0.921278202844375,0.605956891816488,-0.0478666106566103,-0.0184922786384297,-0.0352337500794787,0.0301928160154563,5.02900198056913,4.79223780434875,5.03583313355313,-0.0332627157731704
654,65.300603008957,11.9273132152737,-0.236902272514111,-0.0514855320272413,0.0224358957090777,0.153655433685492,0.191808277314241,0.107776210313505,0.745003645177599,0.929360460071139,0.60988011182951,-0.049550513207281,-0.0288371789620156,-0.0351979094765483,0.00949788289833687,5.06381125853744,4.95773788994888,5.06535159789262,-0.0334476095094592
655,65.400894369197,11.9771079528947,-0.231759776502061,-0.0411343819772191,0.0217505305785936,0.165086632914508,0.198124360763915,0.104049511724399,0.797636187550936,0.95748891077496,0.613766735754689,-0.051954046889467,-0.032858374170173,-0.0350474038548407,0.00598701193616029,5.03688213706161,4.95171314093116,5.04156077976721,-0.0350164695908913
656,65.5008179597705,11.9874957415892,-0.155871958210097,-0.0411343819772191,0.0189500145323995,0.160613617729515,0.19795559701335,0.0905739591820185,0.773699662496861,0.953550082848409,0.617274600534863,-0.0538302663177607,-0.0299828047155283,-0.0347177619104034,0.0222820557165134,4.87021230111967,4.67096131174575,4.87569480351043,-0.0367551908239805
657,65.6010336333251,12.0185423198362,-0.228653578241573,-0.0411343819772191,0.0136069935993641,0.151830120947425,0.191728362241323,0.0648683468635931,0.728848989565362,0.919966570894089,0.620832907636688,-0.0567807176071997,-0.0440949233063334,-0.0336460774843918,0.0157009162332835,4.77148174766518,4.69924506537143,4.80253733888605,-0.0373304097263117
658,65.7015775426076,12.0541224668536,-0.223887560708582,-0.0411343819772191,0.0165405712677908,0.162299171024911,0.195075262370179,0.0786207649849033,0.776133755592788,0.932461687282753,0.624654643602172,-0.05833647254305,-0.0375268607568152,-0.0325711857048111,0.0354620561816158,4.48035482785945,4.25862033092691,4.48989891120803,-0.0398483374558273
659,65.8012912391777,12.0900724387624,-0.0871607771904802,-0.0411343819772191,0.0103634108755766,0.161969565862798,0.199521314911612,0.0491129860560311,0.77334082369291,0.951310624238393,0.628382634237939,-0.0611138791281712,-0.0446450220021998,-0.0329493951413057,0.0753491993460622,3.83500747264477,3.64142939862429,4.44607874295234,-0.0493239988149449
660,65.900907921543,12.1387260228122,-0.0768671211967562,-0.0431089621089497,0.00487371902284032,0.161444317066039,0.196291780959126,0.0230043511165483,0.768852873437333,0.933621515942687,0.631827861208538,-0.0623662994646547,-0.034280364416945,-0.0341684700640058,0.125705142067662,3.86411943243773,3.65182980579466,4.5291305293931,-0.0495373047554917
661,66.0006533493007,12.1720575128252,-0.230631197521519,-0.0676975023099812,0.0109030198980018,0.155005343467927,0.193389841994816,0.0513222071427636,0.736256718888611,0.917330614060279,0.635335410345436,-0.0647601848981984,-0.0550291744674896,-0.0353758541440137,0.151822434004491,3.8900432530268,3.66003627756907,4.46286095286986,-0.0469112578516505
662,66.1006778554545,12.1918187563573,-0.3917710663082,-0.0905170976440652,0.0207714823032424,0.156552053864361,0.193680485137745,0.0976160442083494,0.741645405968743,0.916218574303944,0.639126517819605,-0.0656526214709712,-0.0501097678356966,-0.0346351284443247,0.160599159673862,3.91637932426689,3.66361337870801,4.46785723124605,-0.044150218484485
663,66.2005317414519,12.2141922965178,-0.318306936160441,-0.0905170976440652,0.0159321759045129,0.172759275981581,0.20693584803071,0.0747364948828223,0.815464539580668,0.976053924587145,0.643348358403594,-0.0686748625275158,-0.0766701712962643,-0.0336697959165993,0.206732246022664,3.92034179965997,3.64142579156679,4.38745330144679,-0.0487211783785698
664,66.3007258273953,12.2539544190094,-0.316365512301777,-0.0905170976440652,0.018976350438116,0.169919143126312,0.203424182276577,0.0887275963623203,0.800931847984071,0.957555352894174,0.646563082918058,-0.0720346502603731,-0.0999215027949372,-0.0311467678589736,0.193739475740107,4.04927227481591,3.76365632388965,4.7555121339699,-0.0455508593446823
665,66.4005224932183,12.2667115822337,-0.388011666752339,-0.0905170976440652,0.0134206406198194,0.173304244512576,0.20941217873438,0.0626855660472787,0.815231195156972,0.983044240608832,0.65033544527906,-0.0736321769460417,-0.101609993696786,-0.0259273467386377,0.221535170961226,4.07605427053412,3.77438731332886,4.75219334697562,-0.0480836429316918
666,66.5011418290943,12.3004474518145,-0.390286460843699,-0.0905170976440652,0.0202695358924861,0.178190315987321,0.220741599862251,0.0944158993130929,0.836893149402907,1.03471186381133,0.654862743836642,-0.0730227060306661,-0.0800441231284745,-0.0216094287403386,0.238546193104718,4.16834869390059,4.15589736941703,4.55600337947941,-0.0480938805007147
667,66.6005231284694,12.342549856679,-0.394581206588742,-0.0905170976440652,0.0105872002040184,0.18361788311893,0.228494106185494,0.0491471978495098,0.860717041762299,1.06952429937753,0.659592300533037,-0.0739672920974213,-0.0907127874777684,-0.0197456706103261,0.271739590791164,4.2023303763861,4.19431347244694,4.53250224184353,-0.0518538254883402
668,66.7005996529636,12.3592863801237,-0.320658630239435,-0.0905170976440652,0.00137133243446427,0.182934949816186,0.23335576713308,0.00635728941503674,0.856467673906705,1.09097057684365,0.664604067896567,-0.0747493864294865,-0.0932002214235998,-0.0164316741739807,0.265925244007934,4.16027530967732,4.15940095733443,4.36827903041624,-0.0557617987826408
669,66.8005760421525,12.3561976418182,-0.316284531371086,-0.0905170976440652,0.00589719501441172,0.168378248469662,0.22749853870859,0.0273453346596757,0.786355898015192,1.0613485711639,0.669787037822895,-0.069353697469433,-0.0416127977208889,-0.0128486994608663,0.21185502676945,4.26939138995925,3.92042808893167,4.35832937200351,-0.0519046682427244
670,66.9006918404937,12.3648999007703,-0.241381318435209,-0.0905170976440652,-0.000912552794903849,0.172548929680531,0.212045028782629,-0.00422853594089125,0.804030895053907,0.987505935249116,0.673949996855391,-0.0627470636444795,-0.0244221790882164,-0.00886620460480552,0.123949161953561,4.35299515875814,3.9448831723628,4.37016577021804,-0.0489220809605235
671,67.0013132571033,12.3757450350983,-0.467516936159646,-0.0905170976440652,0.0157395308684305,0.173600766298547,0.21760500224636,0.0728690031588802,0.808695687752612,1.01230796168882,0.678430684058556,-0.0557956970501553,-0.00852352156064508,-0.00433633171969717,0.0251292642755577,4.75883000720175,4.28407379668699,4.85262899063616,-0.0424191389632403
672,67.1010269536734,12.417297354627,-0.314115233404018,-0.0905170976440652,0.00721860461807448,0.179707166489671,0.217747721707991,0.0333080154389372,0.836623048041013,1.01246377305944,0.682528294306849,-0.0514632262980165,-0.0148031820834317,-0.00118110345448929,-0.0200494364685002,4.94841346400455,4.55531460502397,5.03332216435447,-0.0425447708889596
673,67.2009112703999,12.4228866926952,-0.394329324722333,-0.0905170976440652,0.0130899857724423,0.174390318594036,0.226101274151816,0.060372494705082,0.811338353531982,1.0504067126141,0.687427872910416,-0.0500388025605249,-0.0181205899686896,-0.000556159156112563,-0.0379090179884531,4.96434828270223,4.67076755280748,5.04464082850554,-0.0429082079356902
674,67.3006358908215,12.4360353340476,-0.391951049687036,-0.0905170976440652,0.00181959567105562,0.171127743276842,0.211133854815514,0.00838331098516173,0.794930025988702,0.979747132602153,0.691254787655601,-0.0497811171016705,-0.0219460451452767,-0.000304223811133923,-0.0606898384889544,4.93987649580427,4.72429401012196,5.00758923489277,-0.0423723668642812
675,67.4005691047879,12.4345644579891,-0.398693568439677,-0.0905170976440652,0.0064944939301498,0.156562784650007,0.206307995609163,0.0299252185062313,0.72640978555274,0.955910932001049,0.695498224902755,-0.0518695055025497,-0.0295240586996711,-0.00109009613126347,-0.0848141769774969,4.76343774908824,4.51172420110256,4.83570083530112,-0.0419473313611077
676,67.5004050444579,12.4510198344383,-0.394329324722333,-0.0905170976440652,0.00572765165887294,0.156913933988575,0.198284564770659,0.0263568966871631,0.72755913036501,0.918003496527118,0.699646029363713,-0.0541156695491197,-0.0350607473749023,-0.00159904821012147,-0.100833166345636,4.64803779296883,4.39323578165053,4.68727931245548,-0.0414275704476997
677,67.6003772721796,12.4817816421956,-0.391990279079028,-0.0905170976440652,0.013529669103411,0.154682147212253,0.208322287567434,0.0621059281799999,0.71647660022205,0.963169845272217,0.704896995342413,-0.0574854099126895,-0.044530387528269,-0.00229133695281611,-0.103133986496389,4.63026587027152,4.28027216875943,4.67448214820884,-0.0420694240723159
678,67.7005222007914,12.4786759274979,-0.235842248329665,-0.0905170976440652,-0.000863526420706628,0.160881162684956,0.219280755248187,-0.00396487733258036,0.744286792815793,1.01144463951494,0.711055818351603,-0.0611791240687997,-0.0484732922556585,-0.0035994279598948,-0.0842957947864363,4.63853659533591,4.372273142973,4.6735832801677,-0.0474598566043977
679,67.8019166099389,12.5058209438687,-0.389654370666212,-0.0905170976440652,0.0116116878507375,0.166818936575704,0.22553780952938,0.053199267658459,0.770357364072557,1.03886315753375,0.717310612318203,-0.0628636319531592,-0.0350885323049999,-0.0046843186618567,-0.058468272846435,4.33561800165665,4.19360420045468,4.35302087383897,-0.0493415521378732
680,67.9002200893015,12.5069615400787,-0.473723920233887,-0.0905170976440652,0.0153316881918268,0.170754493307572,0.222856306219242,0.0702361307638513,0.7871297622392,1.02558637712357,0.722625841268503,-0.063331834439505,-0.0290549282962014,-0.00543028459175821,-0.0434350650166874,4.37602826830216,4.29519657595936,4.40067537450242,-0.0474230524356122
681,68.000572050908,12.5348795390093,-0.40118873336274,-0.0843442548918296,0.00904015928798534,0.16210582458751,0.217956188638884,0.0413217280559392,0.747369890392829,1.00203877045255,0.727796579421823,-0.0637077983370515,-0.0284352654140168,-0.00623165220865178,-0.0659006071956027,4.37712687416345,4.29495781718621,4.39266378780791,-0.0477290321612681
682,68.1008199758337,12.5368161931814,-0.311019493031265,-0.0719985759751181,0.00945817023006659,0.152312042269388,0.214663983490776,0.0432257380929634,0.701226383334896,0.985791001769954,0.733556328967074,-0.0597525882559981,-0.0019023675827385,-0.00789415896175957,-0.0363433165948967,4.60661120808701,4.36911005041906,4.64243793222383,-0.0445459371306323
683,68.2011222599251,12.5553674168256,-0.233901142085702,-0.0576183632647611,0.00229453739677742,0.151055560231315,0.20550469404656,0.0104710043873731,0.694633038145756,0.94244177405508,0.738954687446373,-0.0564046101765784,0.00321861106487283,-0.00959019861827869,-0.0395868117386994,4.57723388837176,4.33402114121994,4.62678574344384,-0.0443958429054779
684,68.3015590114264,12.5560838116009,-0.230575718531686,-0.0473072181416951,0.00866790586749525,0.156980867013893,0.206492703575815,0.0395532836498643,0.721259144626621,0.94626814897516,0.74422505475396,-0.0542312963057304,-0.00028174915947265,-0.0102853308072454,-0.0326499553763402,4.72097251425108,4.4466167504688,4.81033142092829,-0.0419033995879347
685,68.4015598492353,12.5939869085004,-0.233901142085702,-0.0411343819772191,0.0147956323235961,0.154312042359761,0.207665371468693,0.0673120357769914,0.707997132819959,0.950469836282197,0.74942699001406,-0.0547855939729595,-0.0143509695735839,-0.0113142730911902,-0.0320970925203585,4.95572592895944,4.62627553798922,5.09435665947013,-0.0389185644867965
686,68.5022777598663,12.5996105400386,-0.223511503649613,-0.0411343819772191,0.00360850942825729,0.15341168381626,0.201147180799139,0.0164094242645364,0.703753892792388,0.919759168262787,0.754189468417447,-0.0529761585516246,-0.00232611404596628,-0.010588145484075,-0.0460971672864224,4.9834182980365,4.56230984829358,5.09995296262301,-0.0396391913255031
687,68.6005952841808,12.6288228865027,-0.231672444782427,-0.0411343819772191,0.0112813437357174,0.16099577216185,0.214860395809861,0.0511823799549287,0.737603915223866,0.981328860628621,0.759858129257811,-0.0543728534864912,-0.0203926701779112,-0.0107622442593238,-0.0372084302552985,5.0950577087829,4.69567526994051,5.23707203596854,-0.0399561817961773
688,68.7008067962682,12.636778235093,-0.0788379720971,-0.0411343819772191,-0.00171425900250676,0.146065420425213,0.20518062194843,-0.00777253532555318,0.668239599000974,0.936263904760125,0.765034056428044,-0.0552939810339336,-0.0256102518342827,-0.0119607236550476,-0.022733188296538,5.13904897695983,4.6593208680452,5.26244670468817,-0.0402593713114078
689,68.8007197230819,12.641552497145,-0.0783261970813855,-0.0411343819772191,-0.0038037641788726,0.141578740389957,0.197157139398592,-0.0172399416277757,0.647314084302234,0.898673368779299,0.770362918273617,-0.0570559438136934,-0.0304849099404001,-0.0145016951956991,-0.0148490922459582,5.15314573306766,4.64127725022772,5.2715482379983,-0.0389977140153249
690,68.9011333264218,12.6574738869246,-0.229649391601418,-0.0411343819772191,0.00569653184516153,0.144131006068733,0.189917833773057,0.0257861255309783,0.658178526478649,0.865119739077617,0.775088679725651,-0.0569256599949711,-0.0220229815566991,-0.0160918529196166,-0.0369057982405368,5.10698404016758,4.47818275698447,5.20138533713328,-0.0360724256192997
691,69.0014733238099,12.6472297162955,-0.247102461269965,-0.0411343819772191,0.0149349488545537,0.147329026525562,0.196418584242996,0.0676598083568323,0.671632654139125,0.893945364671727,0.780174770500948,-0.0593507381397567,-0.0329072484291225,-0.0183389878441325,-0.0481436955074592,5.12002469279491,4.5248307341842,5.20067409490064,-0.0354458515881443
692,69.1020825161095,12.6353426602288,-0.226106250089537,-0.0435500300943703,0.00832473816512648,0.131663331793709,0.179142231545518,0.0377490588284776,0.600592415970632,0.814987922320471,0.78416352780936,-0.0610360572062509,-0.0369376167620133,-0.0196564373689538,-0.0843070237719008,5.08336394361872,4.43694154911176,5.15285611937361,-0.0336032389722602
693,69.200732437619,12.6304646086827,-0.314115233404018,-0.053480054306171,0.0201763200303107,0.138950440036712,0.189429161162939,0.0915260868347697,0.634537508223257,0.861825266298368,0.789502686014461,-0.0624415387464117,-0.0379018128706742,-0.0197637552022215,-0.0988823257649933,5.0505352951959,4.35656608217209,5.10352308685222,-0.0335118618601919
694,69.300719230476,12.6501691214821,-0.318948250677755,-0.0552651574208453,0.0182057805615928,0.151318117622578,0.193184615260712,0.082458476146176,0.691410624862217,0.879960799137902,0.794307085049905,-0.0634613762681896,-0.0379829936290431,-0.0191363444477166,-0.100565087111501,5.04111621650428,4.27122241463292,5.07464980069978,-0.03471033540672
695,69.4008813251401,12.6558019523013,-0.31626709512199,-0.0676949151982848,0.0146881687288427,0.161168257920472,0.207600387714779,0.0664967500483963,0.737029228627204,0.946396535413169,0.799451129772304,-0.0639155248037644,-0.0344492193047576,-0.0193735538829878,-0.0577738611385586,5.14974221032775,4.23847065705472,5.15576751638358,-0.0374605584332072
696,69.5010288546689,12.6175649514236,-0.324674198842142,-0.0781714121395941,0.015565841468166,0.161825550339596,0.210398535423579,0.0706837311067716,0.741090665237464,0.960282274882299,0.804348507336281,-0.0626957073076578,-0.0289539534648157,-0.018185582927545,-0.0328963126327486,5.24588581752819,4.29821495303372,5.25946459121586,-0.0371400943010263
697,69.6013576681139,12.6074122126906,-0.470351463970914,-0.0843442548918296,0.0151174766579021,0.153589396801857,0.21349558908966,0.0687030121360411,0.703701493220842,0.974508605059978,0.809945662770628,-0.0604551769346099,-0.0256553787999736,-0.0155004424646861,-0.0219366887243665,5.25279545447538,4.3711848801768,5.28135811099852,-0.0377661978561797
698,69.7010620013828,12.5971712700749,-0.544725849055198,-0.0905170976440652,0.0212769571232737,0.156802121498559,0.229152199325835,0.0967740025631235,0.718875614900886,1.04533263612618,0.817319440329275,-0.0598362994083219,-0.0311573690508265,-0.0117337552248774,-0.0420898026937607,5.2570259093827,4.43351694000711,5.30025865806475,-0.0395423659281471
699,69.8021159504925,12.5804151066665,-0.474543416040648,-0.0905170976440652,0.0143439984918216,0.167215987576846,0.236282945738071,0.0653277504608759,0.767913358925694,1.07899077884594,0.824825110350823,-0.0599314440740602,-0.0333069094914946,-0.00771012518881399,-0.0777187272010348,5.23717602947849,4.46213988212588,5.29764509539439,-0.0423775993010398
700,69.9009104829882,12.5771938030975,-0.397729800026273,-0.0905170976440652,0.011518004219712,0.167684759400771,0.237011855273035,0.0524705952733287,0.771330843420747,1.08425794679719,0.831697404423403,-0.0597627933465484,-0.0353461992866706,-0.00463009370770388,-0.0618009750139371,5.20883862292043,4.46969198895635,5.27818136672379,-0.0432906195367779
701,70.0007084492697,12.5454016930089,-0.549622016262222,-0.0965903497513711,0.0173034155489901,0.165959196748288,0.237244599544376,0.0790259313891974,0.763533612332986,1.08597960320122,0.838725438826305,-0.0594905986941744,-0.0396124949459254,-0.0030444336624663,-0.0501394720483327,5.15851182766179,4.47470947129068,5.23951758050352,-0.0426365570814401
702,70.1007948572486,12.5170098800314,-0.397283848723284,-0.096584949957144,0.00986143351172039,0.156775830068935,0.230610098714566,0.0451400461199852,0.72240423104926,1.05714515053282,0.845655680468748,-0.0598716653403306,-0.043598881291998,-0.00209206510782188,-0.0459838324321408,5.12307851981594,4.50653397413982,5.20705139028482,-0.04308906536353
703,70.2009080546727,12.5342873540405,-0.394329324722333,-0.0966899338085411,0.00382309254513696,0.163858694409245,0.225369634030035,0.0174758288640082,0.756557603170789,1.03430937150946,0.852168281408764,-0.0610849376812788,-0.0481133168732077,-0.00173212419206411,-0.0623555801841598,5.03761871595519,4.49475695002828,5.13737373926238,-0.0439784259144531
704,70.3012371282094,12.4855543396033,-0.394329324722333,-0.0966899338085411,0.00952181940984841,0.15564465262488,0.224268906898915,0.0436952933658503,0.718760756902974,1.03068567280126,0.858641235661116,-0.0622839774881358,-0.0494028161022642,-0.00292370703461972,-0.0220115634329707,4.88463463315432,4.48144216957365,5.03455181057916,-0.0439637974213008
705,70.4013066302277,12.4948451759297,-0.401561796295255,-0.102862773266897,0.0077009639584357,0.15287233509195,0.215418841284617,0.0353131768276106,0.706764457213264,0.990932469092477,0.864761521171319,-0.0608262540105568,-0.0306890022740677,-0.00513858932248416,-0.0172004329440836,4.90339139747754,4.2461595536281,4.94475686062981,-0.0423620838085734
706,70.5009292947021,12.4799908356516,-0.476698857999747,-0.109035612725253,0.012506445031065,0.138856609013244,0.206013482093958,0.0574172118040595,0.643321391191548,0.949384128488014,0.870753725817138,-0.0596898840246259,-0.0292314313656393,-0.00690472476166848,0.000745199772274887,4.89039261083435,4.24302398671133,4.91810273502758,-0.0395688142980975
707,70.6007106151147,12.4745668887455,-0.476887358688076,-0.135439876916335,0.0111316089644381,0.152651816128061,0.212550807280904,0.0511275500987969,0.707990555702116,0.980411848125309,0.877418778236391,-0.0597351213731385,-0.0306432372723767,-0.00938230752430176,0.0316604524759475,4.85771053836867,4.21493883643961,4.87722894323593,-0.041463812371189
708,70.700963221691,12.464763705809,-0.558333434582851,-0.185019848864391,0.0171889204040417,0.14308354551463,0.197613728329583,0.0790108815941791,0.664193274441349,0.912795870968977,0.882405949165962,-0.0590931456198675,-0.0286978492045976,-0.01197661370251,0.0492186371608592,4.69448585084817,4.16932584329583,4.70696055765155,-0.0384333479017608
709,70.8009406512468,12.4304997751558,-0.703726534092978,-0.24846645594665,0.017247279291108,0.138191965520815,0.191908242594621,0.079497662620005,0.642378586498733,0.887108691875733,0.887531840675984,-0.0566367052975333,0.0206245067637203,-0.014343609760582,0.004726925489656,3.83715951401543,3.76355903457016,4.44087965197296,-0.0455182961942433
710,70.9011110688454,12.4000373224368,-0.87241521660565,-0.320932324992597,0.0214421271157354,0.145524868953343,0.191794421061741,0.0990756826830955,0.676871356874083,0.887779309165934,0.892533951032303,-0.0557338501836196,0.00942206606561908,-0.0164616558514182,-0.00779118773777939,3.8624161365026,3.80335819839206,4.36019716265181,-0.0441051113928545
711,71.0007566213896,12.3799418588335,-1.10762996038945,-0.370011434446299,0.0319329774555674,0.15448614778844,0.203905684434578,0.14778912523551,0.719918234482478,0.94499689812469,0.897904863858399,-0.058188063937228,-0.0188926918524884,-0.0192839409990323,0.0140219802342899,3.98621923554456,3.92189754322548,4.28677879960065,-0.043141808520102
712,71.1018701314991,12.3903534457394,-1.35949580767838,-0.413983588816945,0.0467725549219275,0.15710675343341,0.208880221500236,0.216285780428656,0.734040221355272,0.970079229179942,0.903272350262867,-0.0585682750913356,0.00415696223100898,-0.0199031190580189,-0.0256619336096184,3.79146480465368,3.67004339714795,4.1375067961831,-0.0427559465616919
713,71.2007788442519,12.358080963936,-1.43011037855484,-0.475027534968586,0.0498487267028904,0.168771593148709,0.219937251665451,0.231112433419287,0.787662282252212,1.02220663434334,0.908909956824262,-0.0593531881863143,-0.0155752445664492,-0.0204442755769475,-0.00893970294791638,4.22663292807975,4.02266532106474,4.68415895735723,-0.0402420858060734
714,71.3008007494887,12.3563011372379,-1.67518597958518,-0.563067680340416,0.0554216856679704,0.169064600622383,0.218249706806916,0.256986888952657,0.790707549568017,1.01585449030853,0.913844198436996,-0.0612828969650607,-0.0362668339047667,-0.0199804373751596,-0.0238433294992348,4.00441050625396,3.7245764264754,4.48056061839328,-0.0406621700958595
715,71.402254719636,12.3347555551936,-2.06550688380329,-0.661405480447611,0.0704104851121495,0.178874410067176,0.23986954432859,0.327057945755479,0.837274831651639,1.11735349824017,0.920530019024764,-0.0616240031531486,-0.0280135159934915,-0.0174155912816979,-0.0245937353775158,4.04555264125904,3.67880250595999,4.46215310394368,-0.0418877405000723
716,71.5026139638101,12.3158422608228,-2.3835907413036,-0.762584486984351,0.07725387407675,0.20275269481526,0.254994865346029,0.359395873138418,0.950597526612335,1.18961673727753,0.926971207077993,-0.0608498260624885,-0.0268875863515316,-0.0126037417018305,-0.0375775803460643,4.18725633603505,3.75707391827093,4.53336476710526,-0.0424480798416042
717,71.6024439213709,12.3101667307574,-2.70539710875226,-0.848889631999607,0.0870737420856387,0.214334511634725,0.285437304824836,0.405264594482556,1.00602863090073,1.33287909182015,0.934647502045399,-0.0630457794938512,-0.0492304961308793,-0.00820388315613382,0.0226773224123942,4.64728682589278,4.13229005671172,4.86289494976235,-0.0426837357302752
718,71.7027696137155,12.2981112334057,-3.17337608666959,-0.920662256364658,0.0964412455753967,0.225389283626257,0.315832259500466,0.449301764495894,1.05891967660393,1.4763827036812,0.944275795044564,-0.0619413705164861,-0.0295752052567789,-0.00279666182128746,0.0388120145120514,4.67766571137203,4.12318284094629,4.78716242785631,-0.0469018154486115
719,71.8034435688489,12.2928307623211,-3.34732087091436,-0.982673237400009,0.0996475978152236,0.230941682206623,0.329195910764712,0.46443832625754,1.08903235352844,1.54164819178777,0.954446927804867,-0.0587602397923924,-0.0164696969719025,0.00214916369221086,0.00907491175423134,4.69393285307083,4.05470020066487,4.73219520833301,-0.0489031948548891
720,71.9024290086537,12.2836188734824,-3.44007005045928,-1.0065558481773,0.100737109277989,0.228072098478341,0.332321996640067,0.469868193709297,1.07615913327379,1.56015122000388,0.964624126320317,-0.0574195568687892,-0.0260805808481919,0.00419079391062962,0.0208575503735539,4.67269967892976,3.90690814764111,4.68218288437899,-0.049561260785996
721,72.0023801689476,12.2540514666253,-3.35704446908926,-1.02905908655168,0.0851738153627505,0.213719790462491,0.314840940897976,0.398237397006928,1.01034150851518,1.4801864196775,0.974014037717057,-0.0548768755018059,-0.0235392188812104,0.00404044706796973,0.0205752425888647,5.03439978339117,4.16378905708758,5.04450235445741,-0.0456195644797445
722,72.1023908902412,12.201581745642,-3.50229922550732,-1.04730725650965,0.100123485330276,0.203873035123089,0.29942115851393,0.470145961854136,0.965554840939203,1.41093450091548,0.983077483903678,-0.0519253432855218,-0.0215636752755437,0.0038517308596892,0.00348443821867904,5.0375351181651,4.21882380030059,5.06012705592258,-0.039562537731002
723,72.2025220339928,12.164202777444,-3.51121973023401,-1.05348003997204,0.100818096735702,0.202641408400302,0.296524622239648,0.474862125058598,0.961667726000927,1.39850724988242,0.992416455388273,-0.0491434710225909,-0.0150381619231575,0.00494298475266573,-0.052849315907426,4.75087325477913,4.35971859722226,4.81476902104578,-0.0411938005938331
724,72.3027163800279,12.1520000590024,-3.52315935731036,-1.05348003997204,0.106037052064063,0.219535407224764,0.302401488124811,0.499944151975747,1.04560249749465,1.43089990700526,1.00156550975462,-0.0461759688952321,-0.0110789464115545,0.0078281196404383,-0.0767836970275503,4.82635521868978,4.51607395383311,4.91568035903626,-0.0406858648323973
725,72.4026077192304,12.1398182010362,-3.66980689762458,-1.05348003997204,0.120437066233142,0.229754624432351,0.323913608426217,0.56840301074131,1.09739443544599,1.53726268030099,1.01148158240994,-0.0460846528307498,-0.0239259143772415,0.0101867876995012,-0.0748666382083084,4.92575520058594,4.67325745321918,5.04175882997518,-0.0413086996627177
726,72.5021097011552,12.1146962055942,-3.51611904325744,-1.05348003997204,0.101292104600872,0.229986840174159,0.32222149999081,0.479044192231607,1.09973498143091,1.53392489007986,1.02067066682712,-0.0459617544566437,-0.0261452888825121,0.0108576425654233,-0.0344047283896491,4.96844259540784,4.76676174569846,5.10840330929289,-0.0444665287255477
727,72.6037902111748,12.0581968901691,-3.6696208132559,-1.05348003997204,0.103655125839789,0.212676743655122,0.318455057811301,0.492516004507235,1.02096674299701,1.51837988079324,1.03054621003827,-0.0471274835829927,-0.0341519460333617,0.0112780883053762,-0.0406435294757244,4.94654231691056,4.76849128678823,5.10124812870432,-0.0434242584435565
728,72.7041065402181,12.0196825946084,-3.59143382155233,-1.05348003997204,0.098213807234366,0.187259009721992,0.314931289757508,0.468158070569742,0.900438373934492,1.50299878407475,1.04207891761163,-0.0473697682024461,-0.0282123765302281,0.00957701004177869,-0.00683606332042395,4.86735392060714,4.7276638835719,5.05490512326915,-0.044524701934169
729,72.8037937074346,11.9780213516145,-3.48271315097796,-1.03196981617196,0.0921145759193024,0.192320107751978,0.307322216271306,0.440613039229163,0.92633840431406,1.47018587835227,1.05379541529665,-0.0503060545106645,-0.0444697165720513,0.00565998217181024,0.026261608919303,4.85552030499472,4.71093826196376,5.02911611309692,-0.0443222614331623
730,72.9035867319737,11.9777444114343,-3.260308750891,-0.973247562620218,0.0910541481170977,0.177470345693849,0.281518028033352,0.43555094533273,0.858953543010609,1.35123882962905,1.06343769687887,-0.0524626169438387,-0.0431816714706454,0.0013557630249868,-0.00736093935868904,4.70776841402784,4.51705270352813,4.86605053029404,-0.0404573596587133
731,73.0039901917372,11.9374829689028,-3.04651239430757,-0.892549966979574,0.0885242221552001,0.174204769253054,0.284885784724278,0.424877786741464,0.84443834989631,1.37064062222325,1.07438651617592,-0.0538505191162986,-0.0428384393691973,-0.0012427585828622,0.0634897391269024,4.54594573726592,4.40817506603995,4.74509763691109,-0.043194876031929
732,73.1045192757926,11.9084173321498,-2.8525910437016,-0.799348930643202,0.0903775304162932,0.165039177658027,0.272860882592355,0.434831220174862,0.801848178111593,1.31649772949264,1.08476502915033,-0.0539557870205758,-0.0460320388236174,-0.00196623994913027,0.0701662266728047,4.3984975712704,4.29395716800256,4.651577442106,-0.0414876555503828
733,73.2059610216299,11.8785997515415,-2.606478537555,-0.715424766155465,0.0859845909847638,0.169691390228277,0.27831717038765,0.414734752068629,0.826885564719189,1.34548058907225,1.0960201822152,-0.0521748103888332,-0.0297448480651834,-0.000772412061836487,0.0754434613981736,4.09758258296861,4.09743539733049,4.74440762673672,-0.0469380605536314
734,73.3055363494146,11.8471089938364,-2.24853767951418,-0.657840517328828,0.0744891313267992,0.183432611444531,0.274874891244727,0.360244563199113,0.894596831327435,1.3322249480138,1.10580972050307,-0.0502665921042851,-0.0316646466157272,0.00246471988669231,0.0993074677390269,3.97479960022055,3.97478308673087,4.66400234227112,-0.0504140535555072
735,73.4055504519003,11.8057884590456,-2.068553676196,-0.623729257684979,0.0657606511232795,0.180896268951679,0.274708461978192,0.319145884499808,0.883947606592474,1.3336786874718,1.11506542778182,-0.0468476976372214,-0.0171680470742267,0.0074638273097202,0.0995944494787906,4.04348641169301,4.0427285113331,4.70055174569154,-0.0516751608836062
736,73.506788545935,11.7830765609211,-1.82754977181049,-0.585997800852212,0.0503564235504545,0.184098681774309,0.271079471611293,0.244859053666597,0.901824838610566,1.31925148508783,1.12403330024779,-0.0437434985770283,-0.0207484884226622,0.0134952934204066,0.107084172803991,4.24727272152744,4.23899113468871,4.74453570436786,-0.0519681834750323
737,73.6067576525564,11.7694876571323,-1.77524485074916,-0.542060376082304,0.0484284564952091,0.192125764539261,0.282860335752168,0.235756269655143,0.943104458519545,1.37897152381283,1.13350518441801,-0.0411759794050979,-0.0188235465294302,0.0208725441385532,0.104713372815489,4.45610010301806,4.43272900429446,4.77834415245185,-0.0526092039759569
738,73.7072292563457,11.7512093721861,-1.63918411838641,-0.492476678593659,0.0381159365604146,0.193888857328534,0.294629442860231,0.185842543457719,0.953702639043923,1.43821258508824,1.14371532299314,-0.0394586377606097,-0.0212491768552435,0.0290765794156051,0.108714731694044,4.67275068288746,4.57471712941095,4.87341563466821,-0.0548956115375939
739,73.8067039286418,11.7236585699776,-1.42565335595781,-0.456408503925793,0.027485791140355,0.199171735457922,0.300348438078569,0.134328113887954,0.981279366742285,1.46818662894019,1.15404259861567,-0.0384252281595326,-0.0250538300510364,0.0368013285576227,0.109325214101935,4.74909859887265,4.57360331344361,4.85055322761061,-0.0574556710620804
740,73.9066865600316,11.6948292104054,-1.24194983399753,-0.406348746097121,0.0209001539908385,0.189178487938745,0.294778479868195,0.102394769384642,0.934261984309188,1.44422114272391,1.16410118809198,-0.0386518729428051,-0.0364746993005909,0.0422240036854468,0.120319777325154,4.62315410178158,4.41737046745986,4.72279462969686,-0.0592405790176482
741,74.0067310932464,11.7001326665535,-1.08313201671803,-0.332248918327929,0.00720349190407353,0.175284541081699,0.27649962659706,0.0352756369071408,0.867507455955207,1.35749653864471,1.17353219736275,-0.038981241190609,-0.0379514211914269,0.0460984444345516,0.10760578307951,4.69158589306113,4.4813074892463,4.8022808115821,-0.0573998091117283
742,74.1067059218852,11.6535276336267,-0.840565810856939,-0.2875026817781,-0.00456867409367947,0.167729848881082,0.262115710092128,-0.0224623597555459,0.830774880848252,1.28922374289612,1.18259076813416,-0.0385937327094778,-0.0380038731248284,0.0498646914876493,0.100712390689513,4.76103859648246,4.5557319270093,4.85517574152558,-0.0560139093144171
743,74.2069811564396,11.6306201453827,-0.657915496447489,-0.258736310037188,-0.00260129106453926,0.156595039467832,0.256791029019078,-0.0128147076368198,0.7779488157596,1.26484707123323,1.192079671675,-0.0387266816444767,-0.0392010106893815,0.0522496272394692,0.0814643130389143,4.77883687462845,4.5931978872012,4.8528194934698,-0.0542793836426535
744,74.3068168360179,11.6199720949936,-0.609590594061275,-0.251010916973555,-0.00639519762517432,0.167455126122163,0.245184876249078,-0.0315334488829445,0.833052255938518,1.21072933364036,1.20038198616808,-0.0385568570200939,-0.0383986984353934,0.0560914902995194,0.0552651215859529,4.76014614778468,4.54608988562052,4.80821610728953,-0.0528513339850573
745,74.4068850375776,11.6140743081087,-0.635744823332781,-0.251010916973555,-0.00349073423689634,0.175405209099708,0.254446997542579,-0.0172208587484035,0.87445781596272,1.25944761633876,1.20868933103853,-0.0393027196334783,-0.0398670749839969,0.0599883428807404,0.0337592287825669,4.71348835511087,4.49952806031996,4.74653744003839,-0.054723320043804
746,74.5077930752426,11.5796436315964,-0.58413742846464,-0.244057079909611,-0.0073819861656087,0.170028175086343,0.253308809460407,-0.0365258731505717,0.849585914583602,1.25709753635678,1.21682172345334,-0.0407082271870576,-0.0457005905846674,0.0619779817118634,0.029307297291859,4.66237475801346,4.33957261154418,4.66869172218144,-0.0559137369165689
747,74.6069046595229,11.5557859957151,-0.581118231544962,-0.232492401892368,-0.0135859986744789,0.158454110094731,0.249012353753214,-0.0673619281416025,0.793748587747369,1.23802979912669,1.22522353249303,-0.0419557404733338,-0.0451853618692317,0.0626604360507275,0.0225846446970853,4.60679073517588,4.14212949395382,4.60756092212843,-0.0570024486726912
748,74.7071299564706,11.5232717172672,-0.52855101167262,-0.221627522900332,-0.0189772065396569,0.146644420046271,0.234626865979557,-0.0943579987841742,0.736610828715415,1.16856637478964,1.2334497844169,-0.0388330439291651,-0.0182482667844759,0.0645643831796907,-0.0731713921979405,4.62032639121318,4.06866282495875,4.62876041622668,-0.054888778637265
749,74.8068322090058,11.4800062433748,-0.449210151000475,-0.203268219895085,-0.0165726923684795,0.129827100557666,0.229012159175989,-0.0827129052135775,0.653526562109961,1.14291184838946,1.24250039586167,-0.0387092926139905,-0.0226211071194603,0.0616627035432859,-0.0729061660520887,4.37380964135904,4.33122756070961,4.4025714828018,-0.0561489574722688
750,74.9067154853655,11.452136277785,-0.369910879784246,-0.176936846767166,-0.0193901101880807,0.124402313635478,0.206020034033603,-0.0970098844009821,0.62840325691098,1.03112686095879,1.25038171843837,-0.0396913269958143,-0.0316663881050433,0.0579244339723963,-0.0886049773599721,4.53477462095721,4.42141820135586,4.53618064541516,-0.0497070225232281
751,75.0068190593966,11.4234815681395,-0.341401093770768,-0.164591167850455,-0.0153082523147112,0.120617605595898,0.207218227070967,-0.0767802459431128,0.610935317696164,1.03969482258,1.25886131876064,-0.0419805024192176,-0.0366725423804928,0.0534817632036335,-0.0589582154743848,4.57697374478918,4.51185265708513,4.57708090311262,-0.0486186925671186
752,75.1071046976191,11.3795036083238,-0.315114959403954,-0.152245488933743,-0.0112426293214414,0.132535147899671,0.206870592665597,-0.0566065993154062,0.672553754543055,1.0412322312022,1.26691367544953,-0.0436882417379344,-0.0357879866509585,0.0493238722435072,-0.0176413354348807,4.67721915588474,4.64132956868379,4.67942681481857,-0.0466330985822236
753,75.2067471290629,11.3572166287066,-0.344371662581569,-0.146072649475387,-0.00986448878753057,0.123587436563557,0.200167503846886,-0.0497651362062212,0.628878716123826,1.0092978512543,1.27409851369707,-0.0441385656483708,-0.0296199664728299,0.046321723692623,-0.016559355132154,4.71777887717096,4.64276207318471,4.7203235355196,-0.0445192532551173
754,75.3068369182339,11.3238506128473,-0.313026675581282,-0.139899810017031,-0.0155994940878552,0.136217612381732,0.203950428162326,-0.078929388857754,0.694203745045305,1.03148823117089,1.28150995276593,-0.0437916918333935,-0.0279752420146031,0.0444271892925594,0.0423122161269901,4.79111337630805,4.79099675353266,4.85942260200664,-0.0458244055204058
755,75.4068970569509,11.3041802478386,-0.28857895115568,-0.12070948282684,-0.00730097412134947,0.135930810868033,0.209391917523609,-0.037005332200186,0.695037535307807,1.06216902628066,1.28884613258856,-0.0434749450504555,-0.0276616458532105,0.0429485635675544,0.0539494068128678,4.8592594680014,4.85532778491194,4.87796109127144,-0.0445938096271454
756,75.5066955434158,11.2773657774652,-0.263414319679484,-0.0792627165511474,-0.0130011687076236,0.128937834476095,0.199348900416946,-0.0660537026437946,0.660808807215891,1.01406202615116,1.29552410616994,-0.0412246288197736,-0.0198623294259621,0.0441150713244344,0.0500130029011976,4.93370856606103,4.87853775241127,4.93984835001566,-0.0430406592285012
757,75.6066157527971,11.2655248069382,-0.161544079614632,-0.0238011834040979,-0.0167867702402651,0.136684445066592,0.209453043625853,-0.085376437497416,0.704462604822616,1.06855906351372,1.30318218125047,-0.0407870221446979,-0.0257775318282713,0.0471858201197639,0.0393472169638258,4.88323793837211,4.6112883677373,4.88555087983408,-0.0463298771678403
758,75.7069479474342,11.2279332704565,0.139598812866235,0.0572681919740241,-0.0162418487970613,0.140260722780013,0.227579594944282,-0.0828815701030108,0.72408114660027,1.16400624506392,1.31212248322376,-0.0420634855087741,-0.037339760911389,0.0481678021492059,0.076743481967928,4.75092796002902,4.50647842486587,4.75093560152572,-0.0513208042287078
759,75.8074385379178,11.1636345674396,0.647647941130158,0.167178247628975,-0.0515064566464639,0.123221946172784,0.205303939357329,-0.264347746786968,0.637060958935003,1.05280578719022,1.31951483282575,-0.0419700153768898,-0.0340485010346183,0.0484032939841026,0.103082018823214,4.7692339888206,4.59239656683749,4.7694059374737,-0.0538473047465847
760,75.9068000703236,11.1304614440205,0.673567461458517,0.294585126441439,-0.0463428738117063,0.134094144473353,0.190330770537087,-0.23855576428256,0.695797521169843,0.978989486581843,1.32564272931065,-0.0409581100172169,-0.0335417357025876,0.0495500326379935,0.106562388017353,4.8641595336366,4.61265847290875,4.86790656080566,-0.0486566369199344
761,76.0070440938738,11.0753931165084,1.07285331550419,0.457675978812639,-0.0409420643520042,0.109014099474951,0.193309246208908,-0.211802577289737,0.567827731118631,0.997589321692719,1.33283575167429,-0.0405995682771131,-0.0313027828111316,0.0472976246724303,0.138019189970163,4.8696394056508,4.75641187223607,4.87747806369524,-0.0481044469717991
762,76.1067627321862,11.0138649409418,1.73876431286227,0.592346592128947,-0.0762130603316054,0.0758833854445924,0.152248403675258,-0.39646545784202,0.397936513447925,0.790195771089647,1.33879889246224,-0.0384310830305383,-0.0283455465364252,0.0455596056679898,0.113888525156292,5.07254128780936,4.84019832551175,5.07637879979444,-0.0450388574570928
763,76.2072119680891,10.9130899221854,2.25066178781292,0.686953473114702,-0.0840751179605714,0.0676775073808562,0.131838887943753,-0.441401487163832,0.358102129220098,0.689474030073102,1.34483171702356,-0.0364489343226512,-0.023933843791643,0.042823575932693,0.108728578969042,5.12376815111787,4.86777735586317,5.12391019944183,-0.0421396908556874
764,76.3069534944713,10.8373968880855,2.46262317288503,0.77083237098822,-0.088933272398557,0.0561113093304804,0.10989413529474,-0.470167037851034,0.29952149753717,0.579844512690124,1.34961928305439,-0.0363468176918733,-0.0309285857704953,0.0403082420592621,0.0789220427119433,5.1250581909854,4.86487477678654,5.12561971271538,-0.0387951512517497
765,76.4069795611753,10.7258234907714,2.59923169321785,0.834425553751324,-0.0886525356309417,0.0606261995275434,0.107778522843259,-0.473558088645163,0.326412018263037,0.573201341109189,1.35456154784562,-0.0384460752319731,-0.0406656593256687,0.0385124543730293,0.049819147468447,5.1392460163226,4.8356108145721,5.14285391725052,-0.0382217659653424
766,76.5077999479369,10.5963918229519,2.70470397058576,0.915926290973724,-0.0875374649136502,0.0644494695599231,0.109880000495885,-0.473313301558547,0.350336535808326,0.589959188851791,1.35933460332705,-0.0415707701068678,-0.0503137137572776,0.0375345095855952,0.0364976375817022,5.15282320294906,4.86335509581954,5.15595842241124,-0.0383124857256017
767,76.6067104813316,10.5107500491392,2.89218731126372,1.02617850215941,-0.0868582181829168,0.0619509923196153,0.112824899333484,-0.473467261210678,0.339532675048262,0.611325537828528,1.3642430057474,-0.0459646154327226,-0.0601102673840576,0.0364662592174748,0.00776320717947072,5.07691961200803,4.77706646268537,5.08710137878729,-0.0393315499902946
768,76.7063578545177,10.3991989245287,3.31878902102756,1.14119566357251,-0.106310181738252,0.0512650312411047,0.0965495900812117,-0.585709783970508,0.283787874163383,0.52787743217255,1.36822307910599,-0.0515298505116131,-0.0816099895585022,0.0367815673473624,-0.032184775191588,4.92879837518656,4.51421013651458,4.93250224460065,-0.0411580584916471
769,76.806713457408,10.2920650081996,3.53498466536269,1.27734881033409,-0.100861825378677,0.0464373041685082,0.0924704680972612,-0.561478373103549,0.259438084215039,0.510567553060573,1.37260052029453,-0.0581068213790914,-0.102047146464445,0.0365554481404286,-0.0738158331842281,4.76795908700884,4.3587978700044,4.7684109094133,-0.0405482282771063
770,76.9069606020586,10.2179909632057,3.97593704939181,1.42574504164748,-0.113699214917383,0.0270767989448255,0.0664913782288877,-0.637524178862506,0.153053581232358,0.371248196537204,1.37558130164153,-0.0542905609495828,-0.0353117892690976,0.0403705558187739,-0.326147487925534,4.3149849892521,4.04781830846749,4.58048035220767,-0.0417592630322225
771,77.0072431191807,10.1007498274642,4.40493766100768,1.54960999437855,-0.12281835463797,0.0140994029640029,0.0515872605923752,-0.696643983323418,0.0805744829563847,0.290981174214753,1.37868997539869,-0.0549393203934457,-0.0668704357559801,0.036558748384351,-0.320996097220765,4.25761578100547,4.22100836216,4.40062078093002,-0.0409632113842734
772,77.107323024867,9.97838805100764,4.67426498415353,1.67491605716828,-0.125047295588196,0.0177249775014134,0.0397445024980128,-0.71798242492265,0.102304062751682,0.226512237478043,1.38107511096249,-0.058073144006241,-0.085047814220831,0.0320047879998601,-0.23678724873359,4.42899126718482,4.3099840893621,4.60069366079079,-0.0372075238231289
773,77.2067175889189,9.86644095119804,4.9113861552279,1.82532928779601,-0.118777896386378,0.0231704167739915,0.0448123236266582,-0.689726260804691,0.135183501758332,0.258020372473267,1.38349682239065,-0.0586209587443052,-0.066245478155735,0.0317399541253286,-0.271968358157674,4.46123919573971,4.39001256164062,4.50885341886176,-0.036669233106635
774,77.3067171262693,9.77441745902049,5.41839897175844,1.99819206017802,-0.134593525311731,-0.00597602247555096,0.0269941563825848,-0.788911833418723,-0.035319748734318,0.157204381827316,1.38533650980264,-0.0564292645112418,-0.0493085148370741,0.0301201099584087,-0.272864850774584,4.47826265036866,4.23322673545435,4.63375678947255,-0.0360826718551252
775,77.4001711958506,9.66953806629621,5.77069655088533,2.13907343859661,-0.146246013058374,-0.00466623649482267,0.0218688619095399,-0.866498527193674,-0.0278342432287845,0.128635128716432,1.38787752515035,-0.0531139083400679,-0.0314113885042749,0.0300054613550585,-0.28585525618418,4.46336406369543,4.07608249625878,4.57726589422106,-0.0376655080268589
776,77.4992104746377,9.55911241336701,6.16464526864348,2.25584410690029,-0.150053290935611,-0.00437450992393873,0.0120948660863469,-0.899321385268861,-0.0263749866819973,0.0719561668401448,1.38952308646708,-0.0452630019838079,0.0262853581968624,0.0327042907197779,-0.411334168158287,4.50984273860381,3.74992368274506,4.71378236290194,-0.0359542818719565
777,77.6005245154494,9.45798230777044,6.40649883402857,2.38682483965371,-0.150647594200525,-0.0151402523458366,-0.0109909234563353,-0.912535171383222,-0.092373746515411,-0.0661023060457449,1.38939811130998,-0.0408003255519941,-0.0019371251151818,0.0304377255872324,-0.439818374932581,4.65308393641906,3.92974302707506,4.78060270272046,-0.0300137871253763
778,77.6990584360598,9.330955734149,6.72451529856347,2.49045581451754,-0.166651158610423,-0.01816724430669,-0.0745939444112537,-1.02319561393003,-0.11208938714788,-0.454474282193799,1.38368903662879,-0.0372604421604244,-0.0278000785130098,0.0270128392463021,-0.355342197351021,4.50122381481334,3.85765760030572,4.58454985949343,-0.0204515967182552
779,77.7988062046428,9.23444752273297,6.88338806838223,2.56443833459692,-0.156259052794879,-0.00555207999206297,-0.0728580759921545,-0.969427770813246,-0.0346269413944325,-0.449155222166569,1.37760458096087,-0.0375845813712633,-0.0503521430603985,0.0209352048073077,-0.203424298398014,4.22124215689213,3.7034217432139,4.26808501801674,-0.0197574490405753
780,77.8987875355741,9.11920602541927,6.98320323559334,2.72986280510604,-0.151586181030929,-0.0199401179933885,-0.076741689597616,-0.95232507719014,-0.125942568779367,-0.478911466568685,1.37120621663846,-0.0377827088576599,-0.0439295940295128,0.0177449222400771,-0.138051317095648,4.23193681098775,3.85896766665456,4.26283238942378,-0.017685635390157
781,77.9991394971806,8.97755282686176,7.53540655988826,2.92220019737224,-0.183579989381542,-0.0309468213222592,-0.0936745258267918,-1.17146543967684,-0.198105089938144,-0.591462607243192,1.36435909630942,-0.0370514160124434,-0.0428791904640206,0.0150361921205034,-0.0873995190322781,4.3611762086275,4.05204656030856,4.3688240543636,-0.0206149578127328
782,78.1000566380552,8.88873177291324,8.01224099999677,3.05366144765389,-0.177076967866781,-0.0141388534726126,-0.0956003206189628,-1.14126754130227,-0.0914494376313662,-0.610987624096186,1.35698634398321,-0.0351396887010394,-0.0405717762581456,0.0139101229885966,-0.0455713810394231,4.35012055565928,4.10330053170621,4.35061326118653,-0.0187297446600236
783,78.1997503075643,8.77439948029846,8.01669110779815,3.25753693504582,-0.165197512232809,-0.00861035059595261,-0.0897134527218964,-1.07859257465353,-0.0563893752478147,-0.58048228203694,1.34917645649304,-0.0341232246224649,-0.0448259660610135,0.015819139524104,-0.0807791407258647,4.33831278153163,4.12706039285516,4.34099657857381,-0.0173994046331217
784,78.2992140560089,8.67394486678323,8.56673059112374,3.47744086274805,-0.18029409952252,-0.0315661233631946,-0.10436835757132,-1.19076196901899,-0.20947358567049,-0.683615470301084,1.34079363977962,-0.0327034231177749,-0.0526063038502374,0.0198838198592899,-0.14147381859151,4.28643634976793,4.10316869494534,4.30978284947312,-0.0177130221367478
785,78.3994926717554,8.58794974395308,8.96194440823725,3.65763494511988,-0.183827017863384,-0.0285097301850226,-0.108784851183068,-1.2262419356652,-0.191103454799322,-0.720447108653546,1.3328970072056,-0.0299796396791411,-0.0435671779334843,0.0228084480605569,-0.131817073499999,4.20417868284244,4.07398505087123,4.30611068606592,-0.0178494237142131
786,78.499476343512,8.46960407694734,9.35109130277853,3.83020219145005,-0.190625367091168,-0.0272260144734141,-0.106352585023944,-1.28933834739172,-0.184472840585921,-0.712553403819735,1.32504981745361,-0.0269825842581751,-0.0267155146538907,0.0224873274296675,-0.0502513641172631,4.13253385852542,3.91764652968947,4.21223732867286,-0.0203925206549413
787,78.5994704189367,8.4036013741698,9.75804167977511,3.98395926954937,-0.207860255887927,-0.0434963415789468,-0.125535238051236,-1.41690294320568,-0.297620973971916,-0.852261204583528,1.31603294569412,-0.0223366343632961,-0.0110590802307515,0.0225973053126287,0.00901084619222503,4.05381469952446,3.90989654181547,4.2436336623371,-0.02030803673546
788,78.6992910131963,8.32143917843862,10.0105842348534,4.16301166112683,-0.205592831903321,-0.041295541932563,-0.13151324485056,-1.41528471335816,-0.285139749242443,-0.910233761422063,1.30713720354038,-0.0190038680807852,-0.00710936043263771,0.0215180778951778,0.0910755475299524,4.00555588814215,3.83952592150618,4.2334317970798,-0.0184942088243138
789,78.7994562289608,8.27278059319784,10.4918687827633,4.36807667589191,-0.220108886730716,-0.0657611392497284,-0.152104577826971,-1.52407470666781,-0.457538058186486,-1.06202043812329,1.2972632934684,-0.0138668989717637,0.00887721015025463,0.0191984072428508,0.180967989816983,3.97926639728531,3.7448563492196,4.14063497446972,-0.0170896597800384
790,78.9005476312757,8.2456529538864,11.1301561467169,4.57324964503867,-0.235554768642041,-0.0789213541321321,-0.165934120904701,-1.63633184654115,-0.551511887778411,-1.1644137114549,1.28780185856745,-0.0130106800457918,-0.0262956588192229,0.0182204435073756,0.214470630719975,3.8392493820136,3.69387921050872,3.88668444481041,-0.0181339217148809
791,78.9991031394973,8.18300054657711,11.3742237872648,4.75504529700402,-0.229523575542178,-0.0768868524002148,-0.17076244460245,-1.60665821883445,-0.540622484721546,-1.20499773357761,1.27865015754444,-0.0136925037486431,-0.034773678316559,0.0172508664985364,0.199084467643333,3.99043829059247,3.96188040231678,4.04467654360912,-0.0147254829321024
792,79.0993718717592,8.1259904755988,11.7680476134856,4.91580056295456,-0.237857887673875,-0.0756857932202163,-0.174740157675535,-1.67664026581353,-0.534963083269254,-1.23953091456927,1.26877831633617,-0.0146568851504181,-0.0400948009135493,0.0172827200120105,0.175223891373851,4.04871342866116,3.89822756653408,4.04873052129315,-0.0155895770620673
793,79.1995781820126,8.10601633528247,12.1710180663491,5.11422806684877,-0.242409707387291,-0.083712637966517,-0.181358343998779,-1.7129147596015,-0.594908477561976,-1.293621214659,1.25859143017508,-0.0144278549194929,-0.0325375501712711,0.0192331435537148,0.0861324624486356,4.13674442655417,3.95282901806917,4.13848546675,-0.014758311631876
794,79.2994747230491,8.04267375042,12.5716264425063,5.32986566727235,-0.253762496755569,-0.0808343260479327,-0.182907826701038,-1.80719727731748,-0.577448528948423,-1.31116498500511,1.2485384072307,-0.01486419012414,-0.0359823217177868,0.0215507842018302,0.015939003152372,4.19190609211215,3.9839299573695,4.21939868301018,-0.0169027331475429
795,79.40030265247,7.99559411958892,13.0363075925342,5.50344027748235,-0.254417622457971,-0.0871893663762732,-0.189248235280719,-1.82252113313365,-0.62661394339243,-1.36436912652089,1.23792764002118,-0.0170386270633788,-0.0530322814793489,0.0234070935029447,-0.0344213949780085,4.23689770700465,3.95506673155299,4.28363611474727,-0.0153813926329897
796,79.4994948651778,7.96280937752651,13.2766379558904,5.632290934705,-0.258641311317683,-0.0989675635528449,-0.192944321141408,-1.86037950228781,-0.714454439722755,-1.39745524221582,1.22802172477304,-0.0202510361082889,-0.0622724221953631,0.0239854528312101,-0.0770974005842767,4.28953178311905,3.94678682212253,4.36600408201179,-0.0153156552971161
797,79.5992873695336,7.9108919373958,13.5353101786251,5.71869550408562,-0.270722194068347,-0.102055759620202,-0.258927605376712,-1.95997978536709,-0.740538177215631,-1.89120467735601,1.21221300101233,-0.0182631851661743,-0.0561466671795713,0.0238235852204333,-0.149020515645592,4.32883636336719,3.86108235217059,4.37966258452408,-0.00272465570457849
798,79.6993966655822,7.85872020544557,13.608759188275,5.81092276126777,-0.26223597675039,-0.0996729225526802,-0.409266555175179,-1.91118163893543,-0.72700600692481,-3.03791242386587,1.18133907246007,-0.00556113376328959,-0.0506574098653135,0.0263623546831249,-0.180270264934315,4.39302301615189,3.83289671107193,4.44160264407984,0.0334691117902638
799,79.8001013115364,7.83076667383939,13.6893313479677,5.84158148678675,-0.259594746091139,-0.106020186037441,-0.411774764030427,-1.89869510858419,-0.778492516642718,-3.07958979245875,1.15022856647341,0.004616108499938,-0.0372851148036921,0.0273724595780075,-0.213030695954341,4.42345476590449,3.78395542794912,4.4833288897742,0.0344029782133808
800,79.900439228191,7.79579530467896,13.7737193558087,5.84158148678675,-0.264148607453749,-0.107349600101632,-0.39794628339933,-1.94063745998371,-0.791819892045615,-2.99042476243296,1.12100400536581,0.0107971621506851,-0.0299334342690359,0.0279538969957858,-0.251179141631884,4.47739916850642,3.88620476711023,4.611712540776,0.0298829009677541
801,79.9993136088391,7.75606018900229,13.7046750792601,5.84158148678675,-0.267123959633037,-0.105787991859997,-0.402560566433392,-1.97252574120534,-0.784462268524783,-3.04669489737964,1.09173800238536,0.0139071595942073,-0.0374219943888048,0.0299612706697353,-0.307598296826537,4.45592199928232,3.8655109815038,4.61269298926074,0.0303947436293026
802,80.0991133957625,7.71538968789975,13.6002028661079,5.84158148678675,-0.264624773195687,-0.110433448039957,-0.382847394101315,-1.96437796644723,-0.823630008941451,-2.91044288501195,1.06431934084501,0.0145973190435715,-0.0325799520847776,0.0293402692827429,-0.32315458080905,4.45625212491923,3.85977114045566,4.64643757993164,0.0265296077491959
803,80.2000965999294,7.65652450827839,13.5218050598003,5.84158148678675,-0.259279401637671,-0.102394020958219,-0.385796088434988,-1.93951455469106,-0.76753877792431,-2.95245345016313,1.03610641555687,0.0164050176661431,-0.0191228857286655,0.0285498880066312,-0.294552614994627,4.4495841018399,3.83452193697691,4.61874790464608,0.0284333735247306
804,80.2990183172673,7.62639651660575,13.36811691432,5.84158148678675,-0.249323238851016,-0.0960698388432824,-0.362035681154139,-1.87245487885786,-0.723734990637052,-2.78227348855786,1.01010941716004,0.015180782390809,-0.0230594111414316,0.0279391847712224,-0.280733572757079,4.38148624076898,3.77074591625553,4.5692363965618,0.0257247052961968
805,80.3996381733267,7.58788065033869,13.2941578207652,5.84158148678675,-0.24965233633609,-0.1024805645792,-0.362041907900194,-1.88443490730839,-0.776955572377768,-2.80238720393621,0.983669869006112,0.0151598826324875,-0.0152149442135662,0.026917749949591,-0.210963625233901,4.30204664957115,3.69694026188891,4.4990761106668,0.0261246752345904
806,80.4995537010574,7.54561688907052,13.2879028230017,5.84107618922239,-0.252792684780992,-0.1030053658132,-0.345567379662841,-1.91880120083556,-0.785639375581431,-2.6869667490799,0.959407939488772,0.0151804849883268,-0.00166542671741197,0.0254828726422339,-0.169078973070968,4.25940162935785,3.59187993915348,4.45135185989861,0.0217811568278513
807,80.5994939374999,7.52800941566615,13.2810720356308,5.81018880787331,-0.253246553700804,-0.102184943173584,-0.308709023680857,-1.92673627689768,-0.782551964561858,-2.398075193175,0.938808870668114,0.0110802089539308,-0.0187269608947556,0.0240417431894046,-0.0483270303463184,4.48220327426657,3.42806444675155,4.61955377022306,0.012373930093371
808,80.7000487706338,7.49916697944368,13.0474322157377,5.79219879747094,-0.242143965097175,-0.087050587830988,-0.15450223852028,-1.84940655809327,-0.669447470462582,-1.17081797210563,0.932787197476478,-0.0016020811562924,-0.0116404829039107,0.0212091790417096,0.0118919462542233,4.60887492394348,3.54853915610714,4.68793639007319,-0.0190158613594804
809,80.7993530828651,7.46602508515009,12.9744437497213,5.78022065872475,-0.237730252500555,-0.0828424630283022,-0.142420564926137,-1.82377361505564,-0.63864229418778,-1.08177865613646,0.927079777513121,-0.00971992972014937,-0.0094489299503587,0.0196810443962155,0.116486012699081,4.64664009177845,3.62370310897965,4.67947080177223,-0.0205115278334242
810,80.9001604650416,7.44836326960937,13.0417411071632,5.74221077638414,-0.245045701329528,-0.0816802039354783,-0.147408364101991,-1.88430958172995,-0.631193909828073,-1.12373504726898,0.920512475899741,-0.0142156019854252,-0.00874171138150031,0.0184950735907918,0.177005306071142,4.67177744176321,3.71227346708547,4.68247698868459,-0.0208993982364636
811,80.9996915772369,7.44656040489335,12.8247825314466,5.71812497430554,-0.23958495598781,-0.0870447996392514,-0.147465713117969,-1.84279350279319,-0.674089953582733,-1.12630654014757,0.914231743092906,-0.0180276004452442,-0.0167536018216644,0.018273440160364,0.146551117612146,4.66149173100569,3.71900906560659,4.66155682469333,-0.0197617518566245
812,81.0994479288461,7.45416799064586,12.8180774309945,5.71781275826633,-0.248209960658368,-0.0881449677480322,-0.155272260030944,-1.90713847965001,-0.681827036617506,-1.18678468107785,0.907480494943015,-0.0213357642360855,-0.0254127706733027,0.0169160605890702,0.142185310837802,4.70800596560615,3.80827466064604,4.71150506817361,-0.0197403531997135
813,81.199431340511,7.45068664052999,12.8253820200617,5.71763545940579,-0.237877185715111,-0.0835466885245277,-0.154279542547394,-1.82865437143744,-0.645951718819565,-1.17769978415339,0.900638258703289,-0.0237419320502521,-0.0324958304023752,0.0169306243769144,0.12057977451849,4.66553951151685,3.80740381179512,4.68726256658194,-0.0179181084977112
814,81.2998082709209,7.45614818626277,12.7491829065184,5.71245763893956,-0.230388027302131,-0.0699104713034591,-0.147730534841158,-1.76982306363401,-0.539961524164512,-1.12786960476653,0.893511300414602,-0.0249120267110293,-0.0296174614686813,0.0169222252362137,0.111923754313263,4.60969601850706,3.87196007839278,4.65770939010718,-0.0179312241260852
815,81.3997781578173,7.44782242504043,12.8239406434169,5.71251707490804,-0.232760897156416,-0.0781240345771916,-0.145480680747483,-1.79003700605332,-0.601626346386117,-1.10804193320138,0.886367109619489,-0.0238145331989576,-0.0204800433947792,0.0170744800830731,0.108172260098394,4.51809265500708,3.86270111200427,4.59502480207761,-0.0193179341535208
816,81.5003277891172,7.46433430933547,12.9628878870524,5.7181104513798,-0.247791680380191,-0.0885874549529837,-0.159979572728366,-1.90133574419972,-0.681236317957653,-1.21663883542572,0.878662611968996,-0.0228513762444442,-0.0204548851916526,0.0150376567629182,0.143118160839007,4.5270288148711,3.87891724832372,4.61937510253494,-0.0193972937312363
817,81.5997194921604,7.51659012074556,12.9617284013629,5.71211114193787,-0.243795213022863,-0.0700271522706308,-0.159577828585773,-1.85769630271284,-0.536683716750293,-1.21315353145473,0.870684387787664,-0.0222340573802917,-0.0190306055924174,0.0139105365338736,0.162862658121726,4.42694048907494,3.81447217975107,4.55123545947685,-0.0190238347782011
818,81.6996066698956,7.53369329098998,12.9613370483202,5.71812497430554,-0.237892448307659,-0.0659361420002615,-0.177668680073041,-1.80863557127107,-0.503318779741084,-1.36291878446561,0.859728059633377,-0.0199643302873214,-0.0174886680319567,0.0140872132558015,0.173777729509191,4.35387992959881,3.78529168475172,4.48572741414687,-0.0138322069529758
819,81.7994571747009,7.56432272683672,13.1202604446278,5.71195208543898,-0.243552992897533,-0.0711644137221787,-0.180700526372148,-1.84414916192094,-0.541851224365197,-1.3816629750757,0.848529800705524,-0.019892666774583,-0.0349345460646232,0.0154322403508305,0.116476753061022,4.27066207325973,3.75219312983292,4.46974978688464,-0.0147172652500248
820,81.8994580125098,7.5917586384419,13.0399771783079,5.71195208543898,-0.246153594045643,-0.073030587349316,-0.182609435890899,-1.857095762497,-0.553234878728508,-1.39057989690621,0.837478514582122,-0.0192231370332453,-0.0264797695675381,0.0142104544062279,0.110595451198937,4.11124378474764,3.6785767310282,4.23649526516227,-0.0154561883171432
821,81.9997363681646,7.6054836219173,12.9670464577285,5.71195208543898,-0.244940996160722,-0.0742319377729488,-0.185891858931456,-1.84462118356927,-0.560390236074874,-1.41014674996875,0.826221206573275,-0.0188940366139172,-0.0281952891937413,0.014812573239797,0.0642488453303036,3.94284968852147,3.55465854127984,4.04919716657388,-0.0149762587706987
822,82.0992817854036,7.62980171627385,12.9750107470069,5.71195208543898,-0.235419391606427,-0.0688246763220026,-0.180402602007175,-1.76731452924107,-0.517349769706442,-1.36255863932023,0.815383269454911,-0.0174639604083966,-0.0152800117629195,0.0143097091393117,0.0629895431736995,4.03962628138323,3.72293690819163,4.10950884537927,-0.0136192770734261
823,82.1998108694591,7.6767972544404,13.1899357098497,5.71195208543898,-0.23992927961392,-0.072360266994564,-0.180058768300084,-1.79012956316635,-0.542087971139526,-1.35508530183252,0.80437872291857,-0.0180719284485225,-0.0252056315677896,0.0134987821806624,0.0554060223461753,4.01120871293461,3.74434981704461,4.17475966270746,-0.014925803067982
824,82.2990264904201,7.69038357563314,13.2788682897885,5.71195208543898,-0.251401230792385,-0.0778353204608924,-0.182990735096092,-1.8723515633548,-0.580491822786183,-1.37092950326258,0.793674057743398,-0.018919559138109,-0.0294573945035985,0.0123853529353674,0.0650664585757224,3.8485506989644,3.69662839988039,4.04024207951994,-0.0177756514198192
825,82.3991160194993,7.72049469560704,13.2163891963867,5.7001107756906,-0.247193622109407,-0.0632986828428925,-0.181802649515111,-1.8338610481057,-0.470511033205985,-1.35700631681746,0.78254053413194,-0.0202336119784335,-0.0328844834016741,0.0133185682036622,0.0417526806108697,4.02173624750807,3.79889890461556,4.08490640885131,-0.0162593886247047
826,82.499173817391,7.77327129251217,13.1274746403651,5.67538677811334,-0.236387486827115,-0.0532207522036332,-0.165490468212244,-1.74184484596783,-0.39338112715514,-1.22992256065932,0.771811261351732,-0.0246340043204844,-0.0581640668617025,0.0141527883089879,0.0214855026352497,3.92079288323374,3.72967417599908,3.95379471804495,-0.0180823166962081
827,82.599221731798,7.79395408864521,13.199317624787,5.62572578268124,-0.250452546116692,-0.0626780054713918,-0.218021477365564,-1.84052119037273,-0.461715902152061,-1.61700547037046,0.75579638173925,-0.0244583829472004,-0.0560462905973223,0.0120043228828347,0.0117086040010522,3.73975796063106,3.58652196181994,3.78691300379178,-0.00867196997574022
828,82.6998860635384,7.83024968713595,13.0585404599154,5.56970772420075,-0.246628118635541,-0.0641799279888842,-0.372858655628261,-1.80403957000506,-0.470537492824727,-2.77046922753272,0.72464784888568,-0.00764206932544325,-0.00632845067410317,0.0112481443237034,0.0735936585545948,3.36304342952392,3.25281686174391,3.73043602370665,0.0375346140000905
829,82.7999579063819,7.86772279905619,13.0417712960097,5.50184970939296,-0.252404689827016,-0.0505605041968273,-0.369339951590297,-1.83747770307856,-0.368795505675546,-2.73589770744329,0.693428462543032,0.00419075583314139,-0.0159312691577434,0.0106854797246042,0.123130664681709,3.03050130835863,3.02562956043313,3.17211255571855,0.0385861116247514
830,82.8991779489019,7.89771398166219,12.9122554797694,5.44053216571054,-0.239348516079932,-0.0539459668209648,-0.346680832314855,-1.73587745525009,-0.392150241452342,-2.55660940257487,0.664215343868904,0.0135405947426128,0.00400097748485095,0.0112483997800373,0.10981269959136,3.03081877807783,3.01031602497991,3.07540724185771,0.035413637071034
831,82.9991337908464,7.92095693063685,12.8982915223128,5.38512309245115,-0.250957818958834,-0.0701273457730398,-0.360865636577935,-1.81468170330519,-0.507247893985268,-2.65131205496473,0.6343456415475,0.0195681854396858,-0.0163659472318432,0.00911055482019651,0.171587749551556,3.17884780510066,2.99686688502437,3.29511800210905,0.0345747341042081
832,83.0990685653631,7.96795227121678,12.8982915223128,5.32977279976885,-0.260144810920002,-0.0758040990820135,-0.358965148636918,-1.86997945505602,-0.546099404753335,-2.62539508722179,0.605764353377368,0.0235114791298952,-0.0144503530607039,0.00751149453963546,0.165874489938022,3.23034059431947,3.01790861841674,3.33949229626339,0.0305913060346302
833,83.1994036210089,7.99146708051764,12.6646691195783,5.29254225296843,-0.241638260199352,-0.0700920045507814,-0.359982060998171,-1.73192672921599,-0.503025051550928,-2.62397808633743,0.576964780093861,0.0241010864199626,-0.0394323822538744,0.00519528727957938,0.212405416638299,3.31905618936175,2.86730263337504,3.52641144066119,0.0356558593910325
834,83.2992884579188,8.03764947119954,12.584872336289,5.24908334042755,-0.235426141468843,-0.0650672746658727,-0.332894506262405,-1.67773785281483,-0.465234263181954,-2.41551970454827,0.550463847908345,0.0219963915794995,-0.0438157935053644,0.00343262194602247,0.234866930209082,3.38198630057668,2.84207467231701,3.57190188681396,0.0288198579565333
835,83.3990164595325,8.08329159788621,12.5774351570395,5.20017642161978,-0.238393560549543,-0.0692290096733741,-0.341519674852404,-1.68928544290485,-0.492723899690896,-2.46944571486146,0.523101323254208,0.0226512303685115,-0.0329338261131031,0.00455085176601432,0.186445160457758,3.49720871346049,2.78222480239035,3.70205026245896,0.0294881211710174
836,83.5002784820038,8.10858926716844,12.5764449277758,5.14354100282023,-0.247042686628008,-0.0688188199953963,-0.326247099726885,-1.74507867545831,-0.487314441408599,-2.34646563701585,0.497054383325483,0.01993763457946,-0.0525993355912795,0.00286724124011709,0.196507166473049,3.42716163687302,2.71528102956837,3.56587336709775,0.0231107900621645
837,83.5990090319408,8.15147394135775,12.4972210657212,5.07082770440796,-0.247642053698288,-0.0741409728444533,-0.368114803107568,-1.74011250522035,-0.522850927676601,-2.64848449790325,0.467767455857696,0.0224678306802237,-0.0289526661181465,0.00279170601865169,0.155643302776558,3.5684866619075,2.71372533888457,3.72422076214908,0.0337601792645859
838,83.6987828096941,8.18704974276622,12.2733253101223,4.98470599743979,-0.240974227194678,-0.0689578093468359,-0.444990779808583,-1.68593346611476,-0.484638613478597,-3.22561959142045,0.4305077977364,0.0301019270503324,-0.0204713192144198,0.00422680241637075,0.110785381746937,3.59178622606262,2.93340981610705,3.61195735937246,0.056800861680889
839,83.7995615817833,8.23440811164112,12.0961506091296,4.87900854836307,-0.233509992573894,-0.0724410642493893,-0.445071537080666,-1.6243489809921,-0.506498860790369,-3.21948391587266,0.392779037165454,0.034501338246709,-0.0220493736376667,0.00350515474372488,0.0907320159829623,3.65155660779236,2.95721066840054,3.65469529792773,0.0579373585651948
840,83.8996240613256,8.27193727439352,12.0209969870888,4.71819603376044,-0.246134024999905,-0.0883783334183086,-0.430497573576309,-1.70435057362069,-0.615494673706602,-3.09548118767288,0.357748376361033,0.0371142916779236,-0.00854192032571143,0.00108256116988392,0.039793549802857,3.65149061231101,2.87702706510413,3.66292892196787,0.0504899418212446
841,84.0000548307177,8.32551794569401,11.5308812614837,4.53857731640318,-0.234146637289354,-0.0736176649588183,-0.436610767855325,-1.6109602798699,-0.510485739417105,-3.1313149878995,0.322033912398169,0.0380515528892788,-0.00906038060564465,3.95764762996537e-05,0.0249522981072609,3.85961815015033,2.99089821781778,3.8787797718077,0.0524570366003916
842,84.1001074267753,8.34252055236326,11.1331885301201,4.39022507103967,-0.214515599778752,-0.0622388168108534,-0.392611661071246,-1.4729518091624,-0.429764579141242,-2.79829314756522,0.289548493311651,0.0367593963517694,-0.00427915075323846,-0.00185431047357761,0.00831522633009692,3.82295472586357,3.06476017615566,3.84158431976986,0.0465859718629714
843,84.199443730286,8.37950098518843,10.8185172787663,4.2372781533367,-0.215760274562372,-0.0753889750529448,-0.402598447521376,-1.47495921707991,-0.517497110355537,-2.86025265901716,0.256391569787786,0.0369869963305803,0.00137050903422498,-0.00266561322390627,-0.014392909251584,3.79393469454212,3.15621950833786,3.81182221945603,0.0492465442875931
844,84.2994617341473,8.42099396647359,10.4976216398908,4.0830120635748,-0.215599467576484,-0.0676043680957479,-0.380566185316626,-1.46660139829497,-0.461966969563174,-2.6856827423712,0.225479053968907,0.0365795540390796,0.00798215213720938,-0.00379205498986929,-0.0399241904994268,3.71557389714319,3.27593856604695,3.73691198529547,0.0443987180195718
845,84.3991431793463,8.46873965969862,10.09760217657,3.94705404404228,-0.196766952996131,-0.0615446236374915,-0.375189605507726,-1.33099945831483,-0.418496185089479,-2.64002365489396,0.194516490939219,0.037485387032518,0.0175496347221553,-0.00409746444373598,-0.0560624123503784,3.98295725379862,3.62801141823993,4.00437045684909,0.0447965270883663
846,84.4994524859137,8.52970816665593,9.77576727462375,3.80499414275865,-0.18971181131862,-0.0527716026740475,-0.345768774588601,-1.27412264397954,-0.357123022289237,-2.41696846080695,0.165566155622946,0.0381580365233481,0.0322761962453696,-0.00550826713361623,-0.0618127523958941,3.96490791415535,3.66100154946305,3.98272523894596,0.0393595429323421
847,84.5991674829423,8.57455660325585,9.38958052086705,3.65710888869176,-0.183116687584102,-0.0534406912048073,-0.314564885849029,-1.22341239023523,-0.35990658622743,-2.18332524835691,0.139494798249474,0.0375292897277658,0.0384019727993744,-0.00478145022334343,-0.0591963014977018,3.88516662558662,3.71730708965796,3.8922343572155,0.0338333489738242
848,84.6994783500598,8.63308919607496,9.21404955880771,3.44728710702667,-0.188685167544334,-0.0415749817496325,-0.172201635167852,-1.2520596744802,-0.278292433245282,-1.16952599871816,0.126986655178633,0.0262155301764547,0.033979334564852,-0.00513363247599539,-0.0397476451108873,3.70118773370452,3.70094563283329,3.76046778912946,-0.00445357911093688
849,84.8009622307528,8.69505968690356,8.72451283433218,3.23427065972113,-0.172961860935232,-0.0153561238064079,-0.147284989077856,-1.13957560039116,-0.102179646843405,-0.994809804597123,0.114928397681173,0.0174323010974148,0.0324095662726452,-0.000599446672184149,-0.0370159719154368,3.99667650493835,3.88499889918611,4.07775401615942,-0.0064245559593449
850,84.8991372248147,8.74210216843738,8.26428489345808,3.06498029391888,-0.16949343040267,-0.0029646424997356,-0.116675914440119,-1.11072159524687,-0.0196149136369507,-0.782648042625595,0.104373061035512,0.0090686838080392,0.02663213035032,0.00228678675702429,-0.00569792812078458,3.99073453292104,3.79903637198586,4.04547267995812,-0.0132350361886615
851,84.9992935974613,8.79209989775435,7.86914428245434,2.86171740596597,-0.176915862697499,-0.00294602780126585,-0.114967268090096,-1.15275811420833,-0.0193759332435151,-0.76710300499473,0.0931543521391407,0.00215280509170578,0.0165990318218501,0.00639208068970777,0.000177531261122251,3.84370645071349,3.76461726162805,3.93926233921063,-0.0161168901428215
852,85.0993526958115,8.86107179162467,7.30095037298108,2.63978538550242,-0.158910195347484,0.0232814737418015,-0.0897136058808626,-1.02740479258491,0.152184570846892,-0.594446097888654,0.083160316432281,-0.00406913518767968,0.0155899886299504,0.0100012088743501,0.0254228672513744,3.66718952065124,3.60338477696767,3.82479909682724,-0.0188691064579429
853,85.1998708560155,8.91892988960859,6.58102544915169,2.39153247453146,-0.140640330572563,0.0374054813960512,-0.0641988746431821,-0.903407659843422,0.243030701382076,-0.423080621250682,0.0736570931265649,-0.00956408227445854,0.0171684329022985,0.0129140673428232,0.0419117087069234,3.42249649932789,3.39312770857827,3.75828007497529,-0.0223349990115089
854,85.30002384747,8.99783844807324,6.09146593211172,2.16905693961798,-0.147047067698991,0.0413205475483207,-0.0571968377414724,-0.936272248163257,0.267024538408844,-0.374569334334287,0.0639863350729592,-0.01247624713482,0.0468447572636558,0.014594176270933,0.0271238217159539,3.06114966331982,3.05413442952003,3.77079526604657,-0.0293517925745831
855,85.3996350679095,9.0505634392493,5.53005427693038,1.96587499188385,-0.131318318669382,0.0408325822191045,-0.0523810955571339,-0.831269518104703,0.262644662016181,-0.341317816163435,0.0546769034570208,-0.015968889517054,0.030963066865523,0.0157099365604623,0.0258938654555172,3.01690273327094,2.99230311145029,3.52940147229275,-0.026164987767658
856,85.5002380180083,9.10030732974341,5.20833039015506,1.76672863064156,-0.126928906846771,0.0437469038580083,-0.0347554464520409,-0.799095992612135,0.279350022941359,-0.224891234200372,0.0469259301033487,-0.0182659562433845,0.0549192406681573,0.0165351047611045,0.0303843356338589,2.84422369961995,2.84326501428659,3.87395549500131,-0.0324072471539587
857,85.5987524317411,9.13869475127943,4.6737126243536,1.61985301826389,-0.112689757378146,0.0323773530290397,0.0206464880893844,-0.706481663151421,0.205717343999091,0.13198740469312,0.0452102385040798,-0.0227658964208065,0.0452520209820372,0.0189643277216842,0.0400239916960871,2.98601149932997,2.98519044145987,4.1680755233324,-0.0446536275889928
858,85.6991324832513,9.17557320824537,4.18051342581038,1.55827837832154,-0.100651788961184,0.0484057944701608,0.20529476509511,-0.628482960251673,0.305841482465423,1.27398763718235,0.0617632293455502,-0.0428113015132609,0.0175023495809191,0.0148443215764806,0.0595438682337604,3.00498677072693,3.00259946933282,4.15178129895011,-0.101812945413495
859,85.7992425595751,9.23667109046356,4.00598654188239,1.55145819169081,-0.095879691027232,0.0635707127156253,0.215213857775094,-0.59472772011555,0.399190489264011,1.32677693846016,0.0777033167329224,-0.0587362272310031,0.0146396325363392,0.0131852009724594,0.0378125186244162,3.07538933720074,3.07107366800095,4.3009813004561,-0.101155826041033
860,85.899639517046,9.27961683054735,3.99984977051377,1.52719371873896,-0.0844340601439387,0.0834913330729639,0.221065408302819,-0.521312666714647,0.52137774062705,1.35667360349574,0.0925153201502762,-0.0701310009816569,0.00559036361402569,0.0140386608909128,0.0357535787840539,3.15130514657866,3.14547656067874,4.39471469719415,-0.096943791298166
861,85.9996034218332,9.33188851683994,4.16034865570043,1.41668346288349,-0.098175031688266,0.0687249356591546,0.223967215254587,-0.602751249150602,0.42688659697631,1.36547359584894,0.107295891234151,-0.0773446537810877,0.0119423036712418,0.0143554266655725,0.00372899137565347,3.26044123807967,3.25896677949017,4.42971075021874,-0.0988032672328082
862,86.1006329223231,9.37407076272209,3.78313714033539,1.22888612554174,-0.0934614519344227,0.0833598029320928,0.211739793460738,-0.571232013585315,0.514840077025848,1.28557525429727,0.121005334215309,-0.0844678128934878,-0.0208647891208771,0.0145883003972946,0.0232000329399116,3.29677100573063,3.29371127529755,4.36229816945605,-0.0925758097437287
863,86.1992227626494,9.42893508686145,3.14857540927621,1.04030131541137,-0.0810043059702852,0.102547592240366,0.245897293879622,-0.49221790520991,0.630288629081796,1.4842213815972,0.136084018952808,-0.0911895850643816,-0.016945785662932,0.013432903912998,0.0149628762071336,3.43197564666717,3.41971819744107,4.53490854619728,-0.0952517248096923
864,86.2991075995593,9.49162711217746,2.66098628169175,0.977362706792044,-0.0718416895225785,0.11252274062961,0.243493542197003,-0.433660841485003,0.687918605825332,1.46467385465986,0.149664199142333,-0.0983663227625986,-0.0361654953727847,0.011634133961588,0.0334718442927443,3.37089950911742,3.35544329525517,4.47796912131072,-0.0935463163071698
865,86.399702746907,9.53283460064622,2.4179482040012,0.952692820226256,-0.0621129069051273,0.120990491715291,0.259549663488627,-0.373315724790906,0.735785657625055,1.55185066949392,0.164028486777332,-0.104087032336344,-0.0345104512043114,0.00980146089616526,0.0181095485663826,3.36694480259291,3.34342680604561,4.43897296779618,-0.0955354451151201
866,86.4995204801578,9.57084088087411,2.49337796273702,0.952692820226256,-0.0529193453794485,0.1069619136042,0.2440455576063,-0.31679810417208,0.647307297245267,1.45395116821675,0.177011714953494,-0.109709757407889,-0.0643173151717297,0.00734241740930996,0.0287494073126963,3.40031434463757,3.36502466515953,4.41201157298329,-0.0873345440706308
867,86.5997762078346,9.62517523487374,2.57359205405533,0.952692820226256,-0.0650817682282012,0.101483390399855,0.234957646408115,-0.387406330308261,0.6111243986517,1.39000757462416,0.190118646950497,-0.113958956620948,-0.0684384832024459,0.00349973058447494,0.0150564893022336,3.49590008225049,3.46215500510958,4.44728427262526,-0.0858260841491687
868,86.6992334539867,9.65174086159242,2.56800948157395,0.952692820226256,-0.0565196619627997,0.117656118961332,0.21021804855584,-0.335514714002128,0.704755983871694,1.23553755195365,0.20012884908923,-0.113415236502885,-0.0644346754473826,0.00266022986933097,0.00786884408545196,3.55619040607201,3.5249342633689,4.50426194540987,-0.0750065885288929
869,86.7993804633321,9.70574073286826,2.56682861043118,0.952692820226256,-0.0495669806993971,0.113846345667133,0.223607919529575,-0.292605601758253,0.679240212237248,1.3071725186563,0.210930373751748,-0.113995707827119,-0.0708609186452539,0.000570192411034858,-0.00246827495092503,3.60876647596894,3.58420235564676,4.48240179102771,-0.0756975831071546
870,86.8989388851561,9.74131097954869,2.58072100261126,0.946519931359703,-0.0603507124421596,0.113036271760876,0.208938648253311,-0.354962169050902,0.670604866136538,1.21700681692574,0.220437938164679,-0.110991692420591,-0.0528053024106252,0.00222206515684797,-0.060328670383456,3.69833726966007,3.68136542975201,4.56741338130173,-0.0728136297640109
871,86.999205016501,9.79199358986648,2.64814518913776,0.940347147897304,-0.0570437579036202,0.143820781720827,0.231063318950641,-0.333775709032145,0.849022691467855,1.33830205206958,0.230728731720937,-0.108945210841161,-0.0511171042613332,0.00381973766469034,-0.0949550159156616,3.77292552491317,3.76357498241953,4.53679681142499,-0.076361718499835
872,87.0994188694138,9.83360278545523,2.72227670081578,0.928001370164198,-0.0600814727189833,0.128610604856364,0.227127026268765,-0.350062134386648,0.755689911229363,1.31060451956179,0.239839306672316,-0.108597845133681,-0.0597334244279508,0.00329984011410739,-0.0870002564886361,3.70780552004565,3.69206573710463,4.37337681795495,-0.0774605079567962
873,87.1990334710454,9.87748568356398,2.71779936938765,0.903906653088585,-0.0692971350640864,0.137026878519494,0.224087937772572,-0.401961426180923,0.800762400112386,1.28589261780454,0.248931051281531,-0.110520903769326,-0.0791801144781156,0.00117709047971323,-0.003435210461051,3.78322648405001,3.77638510852909,4.3350556240725,-0.0775489054312668
874,87.3000424242908,9.93543909142957,2.49065704776964,0.884791569714943,-0.054332533832108,0.155828035671739,0.231179852790481,-0.313322221487165,0.906176724434901,1.32215282301256,0.257491802055708,-0.109659721369879,-0.0674794507199024,0.000710278336856484,0.0454959180262609,3.95953596073458,3.95873904410931,4.46961128727144,-0.0721075372098956
875,87.4003249414129,9.98115071240029,2.57119334863148,0.884791569714943,-0.0659474734764897,0.144381107021889,0.232946266960654,-0.378559248956556,0.834119556342433,1.32491448468963,0.265799375814524,-0.10862759925331,-0.0669761650833485,-0.000436396067973743,0.0712923874739463,4.01782187455504,4.00856780174748,4.46449062373765,-0.074391983957787
876,87.4989179028396,10.021195404452,2.34831027976216,0.884791569714943,-0.0485734905749532,0.153256652094754,0.225892704054216,-0.27771479339324,0.88273045363653,1.28059612499317,0.273398312420058,-0.107188080981189,-0.0685983279016763,-0.000186374760028403,0.054342483647672,4.08324335966733,4.06604154378499,4.52173971659358,-0.0672176920288999
877,87.5992417745423,10.0429821314366,2.5045778440972,0.884791569714943,-0.0584101967684673,0.1438410580678,0.194766192471373,-0.333229709814595,0.824663009179768,1.10145021358284,0.278035014646821,-0.10384870341837,-0.072626665073551,-0.0012603884578042,0.0302995508789917,4.1786680769302,4.14586626855531,4.55447034978493,-0.0605878199892424
878,87.6991167279675,10.1021969466641,2.49337796273702,0.884791569714943,-0.0542025700918529,0.152814562416198,0.0795936408622702,-0.307413201409338,0.871582651164005,0.45400777565433,0.271170192681298,-0.0909413489103538,-0.0634886655149957,-0.00113847290010468,0.0299267379863535,4.25539305102689,4.22126243227453,4.64121813290675,-0.0314415635288581
879,87.7995696051543,10.1420372763177,2.48873417435328,0.933777486118495,-0.0482311969862407,0.142694735625895,0.0814212786392167,-0.272472198728078,0.811798328255779,0.462534942463459,0.264506814772947,-0.0821064104900578,-0.0616303588375848,-0.00197105307278683,0.00250508865800164,4.25803681906665,4.22136529949232,4.6792977036102,-0.0304488855157145
880,87.8993899393222,10.1896890423424,2.65880654227382,1.03259462264829,-0.0607910908286254,0.138197700498491,0.0758029121426798,-0.341819225216176,0.782766312004542,0.42885288908195,0.258054098374346,-0.0748630139101272,-0.0556430837893021,-0.00285304389692828,-0.00963602463924517,4.26186403217928,4.22155309920447,4.67868420621067,-0.0320502958189069
881,87.9996852009376,10.2244716069104,3.04687262068468,1.12536154273331,-0.0671887108678208,0.125400843980679,0.0622602091091312,-0.376505926221276,0.707364276865033,0.350779979157387,0.251079659845183,-0.0676638006997867,-0.042709241533395,-0.00473412174401241,-0.0127838644027676,4.27622389776641,4.26641742976495,4.82244852057614,-0.0302717825520237
882,88.1003341872676,10.2641926821899,3.45719708777048,1.19956694468864,-0.0846533020753904,0.113758923116385,0.0446980769348326,-0.47253272742262,0.63929391246224,0.250974054448702,0.243542881914955,-0.0618928246274101,-0.0386943099811459,-0.00706958925170338,-0.0272154905457667,4.21619673488516,4.17831126096397,4.65037472716631,-0.0306796354970723
883,88.1995204178663,10.3131637395494,3.61637524119343,1.20577915567185,-0.0773620221193017,0.127052029501625,0.0430624926409089,-0.429784141753838,0.711604447188197,0.240892437956759,0.235871522901661,-0.0585982899900307,-0.0456150273317137,-0.00732612707589933,-0.0634651130598196,4.15616104918032,3.99713416572867,4.45191187885518,-0.0289749394537925
884,88.2988699860538,10.3367741944986,3.55077528100733,1.20577915567185,-0.0716585620760602,0.119776082940395,0.0487361759924946,-0.397190392902563,0.668775870427166,0.271770876043602,0.228452307747802,-0.0572209088203202,-0.0487203792592999,-0.00646651925408023,-0.114184399670569,4.09604633876414,3.96115790149473,4.44944465085748,-0.0293929140715924
885,88.3993134999393,10.3650828420583,3.54668863553588,1.20577915567185,-0.084505601435174,0.131240472997288,0.0497587903575566,-0.467117060914922,0.730097230376182,0.276505205162201,0.220843763037096,-0.0555165375190387,-0.0375638534643381,-0.00571179508611856,-0.0929655612188011,4.08569909016822,3.96715433165363,4.45429579308458,-0.0328620362952874
886,88.4990820758585,10.371579308944,3.53616114987511,1.19343348334289,-0.084398842798121,0.123544341834637,0.0599642733022033,-0.46623475652331,0.68529190641733,0.332198649170023,0.21411655411968,-0.0540608269774161,-0.0296822348182673,-0.00486457352027905,-0.0719295359426548,4.04451311568691,3.94844594484973,4.44445539615347,-0.0356935710111564
887,88.5989289393799,10.4229139567519,3.54314389630685,1.181071323488,-0.0868763261393054,0.129465716226659,0.061433767737619,-0.477556619952055,0.715613824790095,0.339332646951684,0.207619392774187,-0.0528621888399484,-0.0271482708749955,-0.00427826061736732,-0.0431251474396661,4.02685178764546,3.94621328163874,4.48196617997104,-0.0368302837298223
888,88.7006102296746,10.4545640649365,3.53693307547563,1.16256935522259,-0.0919572551938404,0.134197708048229,0.0807820974463992,-0.503954704787811,0.739362461965935,0.445524411055922,0.202428602083354,-0.0533181327082702,-0.0264776793338817,-0.00466330018362873,-0.0203770726165134,4.1159806015773,4.04955562658423,4.56145405906186,-0.0419679705424373
889,88.7993930580437,10.5029491878959,3.45071461561887,1.16208422252484,-0.086799928554064,0.146020982836613,0.0915078914538013,-0.473500943426233,0.801517126252773,0.503139330082389,0.197627612995507,-0.0558407968191833,-0.0320826486849034,-0.00636592007289967,0.0202762108165982,3.98915962733991,3.93884349692106,4.34077062005219,-0.0446980909928556
890,88.8990302876535,10.5145350252351,3.36919044152348,1.15639646635604,-0.0826561225248503,0.124391833575297,0.083010304216264,-0.450400270631407,0.681696742027455,0.455171554561763,0.192426937797553,-0.0564686008787772,-0.0201662663250457,-0.010381266463626,0.0507724624399394,3.86690910837921,3.82760122668967,4.1004312859923,-0.042842079319147
891,88.9991824988329,10.5496970735577,3.44947621734031,1.11319613802777,-0.0877142161169164,0.109262395043801,0.062881449825314,-0.476368046445403,0.597032120546661,0.343750587921813,0.187024160215913,-0.0566306470600288,-0.028946611541303,-0.0149315217412471,0.0670505063321305,4.16103571572419,4.06028809950418,4.17662863119415,-0.0361918705415439
892,89.0994244416495,10.574942844923,3.21530478460185,1.05810226944643,-0.0775461381374121,0.116175541621592,0.0656240394011757,-0.420142866162751,0.633067077350971,0.357728600775671,0.182303273043008,-0.0617835574220745,NaN,-0.0206415528466856,0.109768813645492,2.31971370325518,2.3196317343565,2.70315588234897,-0.0617188997666745
893,89.1995740519119,10.6000794344798,3.12852908837186,1.05763108772442,-0.0723849826302866,0.114722257633616,0.066668892885795,-0.39125079831737,0.623364213246593,0.362374417556206,0.177417974379219,-0.0663464636239075,NaN,-0.0261195123889778,0.14271931607463,2.31982622630362,2.31967375631429,2.70309882071403,-0.0599415050745625
894,89.2994318392848,10.6321753736997,3.12831645080896,1.05763108772442,-0.0701615238895993,0.118011653406056,0.0696561608582464,-0.378088275590581,0.639793197861896,0.377587757980655,0.172753537777881,-0.0697747001113983,NaN,-0.0307361233568407,0.184524178771429,2.31995528650489,2.31971616635781,2.70304123635104,-0.0602674049630013
895,89.4000712022218,10.6603274081598,3.06452423252511,1.05763108772442,-0.0598906602279648,0.120297069082024,0.0690370712387277,-0.321889359499896,0.650508786156991,0.373310995131906,0.167709765639616,-0.0771645032069143,-0.147514845430176,-0.037188605618535,0.320640988237098,3.29497162493236,3.25571640318276,3.92048565629146,-0.0391286317888517
896,89.4992543117201,10.7001623873425,3.20770975392449,1.05763108772442,-0.0655335315972352,0.12627697843137,0.0784023247879092,-0.350905686742399,0.681050379191294,0.422840197429769,0.163257961626998,-0.0816743762816419,-0.136120718920624,-0.0421262854686144,0.43504129736351,3.36271426454734,3.31846208124484,4.19636449401485,-0.0428034751280063
897,89.59890532619,10.7102979694118,3.13509069328354,1.05763108772442,-0.064996893914812,0.132056846872974,0.0990390691959868,-0.3477029301703,0.710544115570065,0.533502755724582,0.160255691462798,-0.0841614153345741,-0.119488788948503,-0.0431061020959304,0.515885608162141,3.45692385440068,3.40881564031647,4.36766559522873,-0.0474514250297935
898,89.6987381447596,10.7493530059515,2.98420199801647,1.05763108772442,-0.0586104411488798,0.149376409281397,0.170539366873393,-0.312399977340192,0.802264796077002,0.920677087127107,0.163232979534286,-0.0892414679137284,-0.113762275188728,-0.0417533286895533,0.547807447807014,3.44547162699947,3.42106886287228,3.90341833746082,-0.0665075301234829
899,89.7989421141877,10.763307712194,2.9922626575695,1.05223714587827,-0.054151003110952,0.153032795108119,0.18857904951268,-0.288256903959614,0.819883480692334,1.01615087812127,0.166978047510723,-0.0877813020376198,-0.0600149960210453,-0.0376529419626972,0.473992854247131,3.69407763760017,3.6768392040295,4.01916553153191,-0.0657078915053122
900,89.8990407464765,10.7872906790216,3.12667493251081,1.04528541539547,-0.0726665810873,0.143658195752169,0.170372805509544,-0.38595654429974,0.767233958133894,0.915619327060785,0.169182951122674,-0.0864614422290996,-0.0631132978535498,-0.0355464459729224,0.402783771055734,3.7055718297766,3.70070357968008,3.94479851418043,-0.0655875524106346
901,89.9999092502029,10.7752341112275,2.90406303979182,1.03293963766237,-0.0671171032945819,0.165373800929863,0.178477189432453,-0.356881064490414,0.882804159163941,0.957519046301133,0.171599880615569,-0.0865316872663041,-0.0698960201416357,-0.0321425683672348,0.384146017613832,3.4542002661846,3.45409817385804,3.61355625222919,-0.0711001892771871
902,90.0987560611307,10.8403691116802,2.81423432801028,0.997687979409164,-0.0451590355201502,0.153672775549774,0.187511978763793,-0.238682571437977,0.818106317745205,1.00431643667492,0.174366473415908,-0.0840631353430978,-0.0470257009415991,-0.0319956858233717,0.28884273750498,3.91735145133686,3.89732810982196,4.23851231457214,-0.0593949808114715
903,90.199222463086,10.8290240681316,2.8864394183613,0.85638308920913,-0.0782920364282362,0.122300896605611,0.159163492443313,-0.414231704785089,0.650581973790001,0.85067177398182,0.176494015886405,-0.082318035623422,-0.0495611766902135,-0.0341733567266596,0.181217999472692,4.09226248899517,4.04659045510367,4.23352420831239,-0.0580254882256721
904,90.2991444931092,10.8552453831173,2.34902614287416,0.634941817307515,-0.0610477515888045,0.138480903023466,0.158927628350006,-0.322216727225664,0.734851336092331,0.847278594454118,0.179345463731892,-0.0818961105974271,-0.0506414785566132,-0.0361464625465511,0.111474309506624,4.28993168423172,4.17534821568618,4.39325703127342,-0.0512771288986636
905,90.3991083978965,10.8551297743243,1.61911353633295,0.406094679786522,-0.034637355777861,0.152316764062847,0.182384524831902,-0.182823015977813,0.80635340832461,0.970523421512439,0.183042697854372,-0.0834788995529535,-0.0479258742752035,-0.0395519375736203,0.0361564072019708,4.42781329356425,4.24126352150574,4.50833164311002,-0.0490133314621014
906,90.4994564581275,10.9032277312044,0.975984723728924,0.158356947716204,-0.0193115203595038,0.182122065826395,0.203394003248867,-0.101480725051422,0.963016182944145,1.08017350304007,0.186672747620356,-0.0859447361768813,-0.0485042393332713,-0.0400580662351857,-0.0296779199658916,4.50584677817124,4.27508440784316,4.57002662562064,-0.0494258980769779
907,90.5994635381372,10.9336094304735,0.180869001040334,-0.0339538416078486,0.0109316297237055,0.200338902787716,0.227853913928297,0.0572853860976026,1.05775738953419,1.20765274657835,0.19033534987672,-0.0889707137784354,-0.0534244791532688,-0.0404154274300408,-0.0465580710101619,4.55319275325832,4.28498178207101,4.6071839707271,-0.0476417968576796
908,90.7008314179312,10.9489667316268,-0.385901824264474,-0.121117142463887,0.0200636454015941,0.208316421337724,0.195898929391302,0.104992639453245,1.09742262645886,1.03483820289975,0.189480947116469,-0.0863121115062984,-0.0438558678634584,-0.0397615993889224,-0.0252570509257201,4.4917587946314,4.32665667678411,4.58720249510045,-0.0391461990790486
909,90.7994977252179,10.9732820834054,-0.640602965519278,-0.121381291641964,0.031820457323176,0.219684007693167,0.210340937146384,0.166146535070266,1.15412805611796,1.10880193864487,0.189119899731126,-0.0829583115234645,-0.0379539022581177,-0.0392823603912269,-0.00905991770388778,4.47974287915226,4.37066128491523,4.61810645238068,-0.0398506085369325
910,90.8991976369278,10.9952315361151,-0.554757507358964,-0.109049008310644,0.0348505580701188,0.209265741044536,0.202976101631174,0.181604470785469,1.09665434681341,1.06756611004874,0.187973473104407,-0.0785259534273324,-0.0302848338758457,-0.0397279732618025,-0.0103688403493894,4.41820491565267,4.34064733974369,4.62155172128546,-0.0380529076334658
911,90.9990707697111,11.0315456614191,-0.402575281459008,-0.060505992322187,0.0244146828621233,0.205158938314299,0.195324408057353,0.126805077471932,1.07232279225262,1.02477236096896,0.186786188130997,-0.0747613652063116,-0.0307197204294935,-0.0415522803366079,0.0190466788171166,4.47178309606921,4.46502482003797,4.77304734559346,-0.0382195919443103
912,91.0993608294925,11.0669253008276,-0.314115233404018,0.012913603802696,0.0234793541194377,0.203861245753987,0.188353804774082,0.12155732886786,1.06345381376837,0.985982071800778,0.18516587311584,-0.0726535421173639,-0.0373769805066318,-0.0428856037728172,-0.00483231181206093,4.40029724802222,4.39311075048825,4.75160143869662,-0.0374689347927005
913,91.1995216236981,11.089607522191,-0.0800180490412675,0.0940837809331556,0.0236758831514779,0.195416044174973,0.181966897015252,0.122324087400765,1.01726474290514,0.950296947402187,0.183395856806244,-0.0694284218884247,-0.0264772091156336,-0.0443625291576696,-0.0259714141097268,4.28553616862385,4.26464037385489,4.6949478786129,-0.0369361049902428
914,91.2996753954277,11.1146053952266,0.247383405824189,0.13725606307646,0.0187030452005807,0.18896351307229,0.17192155484319,0.0964140879921874,0.981388433395045,0.895711190615479,0.181365917748373,-0.0655344273958869,-0.0170476608620805,-0.0448520057389781,-0.0542068225180502,4.1907896060686,4.1778550270674,4.72922292091572,-0.0365607735164601
915,91.3987336609091,11.1375506142274,0.398079363162588,0.137877972196737,0.0193927786170412,0.192878752511432,0.171882523414617,0.099763698803577,0.999274755905841,0.893502759249003,0.179479986126285,-0.0630350243669717,-0.0167603361097948,-0.0449739967948341,-0.0661791216421917,4.16709554431976,4.16268589147838,4.78111055103506,-0.0365937721311519
916,91.4990258014242,11.1568854389846,0.40781158846082,0.137877972196737,0.0137286369592032,0.188152583283649,0.171539956360271,0.070502880353591,0.97283024019078,0.88968618681539,0.177576871398417,-0.0610910824910857,-0.0139819554364428,-0.0453531445031663,-0.0724312285392124,4.11147032128602,4.11104946057345,4.84596551046342,-0.0383831834037674
917,91.5987998392691,11.190281015357,0.327597497142504,0.137877972196737,0.0114861334808871,0.193519612837531,0.189181402520714,0.0588105642167435,0.998687164846839,0.979080303437669,0.177411775742999,-0.0623508614170928,-0.0199787430332949,-0.0457428516901301,-0.0646869766849021,4.00170956793755,4.00138702292921,4.85918014659646,-0.0444048389877055
918,91.699359874237,11.2174106332043,0.327597497142504,0.137877972196737,0.0101996352327181,0.20284644393599,0.24479654010571,0.0520972182853367,1.04498882621915,1.26330676522023,0.182099232111437,-0.0697545578862874,-0.0347745448584649,-0.0460508783411577,-0.0588669991125753,3.80829047248108,3.80427899910386,4.64663874511208,-0.0616016311172171
919,91.8000070399251,11.2444082255675,0.172118654922617,0.137877972196737,0.0203811293484213,0.197383331042674,0.248891740727453,0.103851744895902,1.0149110853456,1.28189270891016,0.187008484141037,-0.0780061451194787,-0.0536456809746411,-0.0464199063513177,-0.0616053791747105,3.77939805764745,3.77806683836283,4.55848967391081,-0.0604621709313339
920,91.9000653580002,11.252277278849,0.332275673244747,0.137877972196737,0.00849076000949936,0.184756752853282,0.234726951591324,0.0432343257292063,0.9476487686399,1.2063186043137,0.191376721092305,-0.08491651702812,-0.0605758097426181,-0.0476690128844778,-0.0626938320169624,3.69763230413836,3.69384096877852,4.34331564731362,-0.0611840694188612
921,92.0011596213238,11.2710333183999,0.247383405824189,0.137877972196737,0.0131713309348625,0.199863176488942,0.237677242081434,0.0669558245717741,1.0227701555967,1.21894715701237,0.195963092581099,-0.0917756550802112,-0.0699567631955106,-0.0490408279886297,-0.0630491745464516,3.5882832348123,3.57607162575162,4.14332239536997,-0.0625663852196761
922,92.0991150979892,11.2866789639306,0.327597497142504,0.137877972196737,0.0163126414776107,0.204569918252526,0.241567044413992,0.0828095546593728,1.04455814686522,1.23592412924856,0.199817689275994,-0.0940802626020549,-0.053057829306762,-0.0481228651600742,-0.0792887054565646,3.80903730359227,3.71730432470923,4.16549421667666,-0.0591368330060579
923,92.1994270054736,11.318201311383,0.253757365571565,0.137877972196737,0.0204876105901155,0.213522182111069,0.248044685376416,0.103713682477734,1.08780205014562,1.26641914834136,0.203729716761654,-0.0966217732225596,-0.0632064057600272,-0.0466494765300123,-0.0895714194020005,3.92791814026648,3.82562563284291,4.47630594379808,-0.0579332528479992
924,92.299302739174,11.3413097056405,0.320136717950518,0.137877972196737,0.0160727301202853,0.20824663918675,0.251205978566684,0.0811986453533238,1.058982713267,1.27992252841677,0.20775686294139,-0.0980456369385284,-0.0602518193498229,-0.0475907970076494,-0.0907657589738872,3.89930816591957,3.79377792457966,4.52810037792442,-0.0603012735698839
925,92.3992864109306,11.3891829671341,0.247383405824189,0.137877972196737,0.00489264003945924,0.212535389419662,0.243888797713345,0.0246134958497342,1.0779843122312,1.23984010440957,0.211106094322443,-0.0943969155792085,-0.02814084517273,-0.0494433823391426,-0.0697606052628399,3.97412800839842,3.96731364466153,4.51656206666584,-0.0601380119535206
926,92.499859970667,11.3988824772108,0.318373968900851,0.137877972196737,0.0124173559084111,0.218397221273347,0.252107869749129,0.062415048690991,1.10573058773805,1.27909761477734,0.214791266888728,-0.0905199627873164,-0.0242075771526875,-0.05061361313894,-0.0311785162136035,4.12525681142652,4.12523439367354,4.48620884304345,-0.0581031738864841
927,92.5990701297023,11.4316693264138,0.335316308026024,0.137877972196737,0.0180218447849877,0.211769355852299,0.250189232032148,0.0903258098460106,1.07037295061438,1.26672543759154,0.218274133123403,-0.0878059243850719,-0.0254515044202649,-0.0523164562574731,-0.0136300900984653,4.11039645278829,4.09267917163768,4.47620555560164,-0.0564829670115322
928,92.6987939698488,11.4547052628211,0.398964307673294,0.137877972196737,0.0126037299721018,0.211289056588528,0.254257017313921,0.0630431098424131,1.06554223904933,1.28335136097134,0.222535114526699,-0.0864916444530525,-0.0267811868289702,-0.0537085949430366,0.0179402427954687,3.96841917215457,3.93553425800934,4.36179676279041,-0.0608940933048205
929,92.7987370672999,11.4744665452557,0.247383405824189,0.137877972196737,0.0172806439101932,0.212153740187329,0.256862335210804,0.086287864527435,1.06816022446889,1.2941687440826,0.227046639574623,-0.0884073101206369,-0.0413672828703444,-0.055281653495679,0.0356790805398191,3.83748558741151,3.77622881321457,4.20091839264282,-0.062431945565225
930,92.8989602835139,11.4840136482823,0.247383405824189,0.137877972196737,0.0169991381989065,0.21529129132495,0.258169065819527,0.0848116514503606,1.08198172589764,1.29813103146039,0.231501215771595,-0.0979343295885602,-0.0944041635169083,-0.0582389171036281,0.110566730196254,2.91073970659593,2.8781363271531,4.10223734519046,-0.0828552024332896
931,92.9992643882473,11.5119818823315,0.0938768910096028,0.137877972196737,0.0292169757288395,0.213046800806522,0.258233056041033,0.145414214709869,1.0681773180125,1.29616145588122,0.235921016843127,-0.108947367159387,-0.140380645574228,-0.0633733561905085,0.224130352128974,2.97854120640155,2.96196682672597,4.01535755571157,-0.0768886728241283
932,93.099586439308,11.5214849154276,0.247383405824189,0.137877972196737,0.0134961820729413,0.207304237478842,0.25122000448694,0.0671158209476122,1.03804672859591,1.25835372077471,0.240038683797596,-0.117486660381805,-0.146314951751793,-0.067782407975612,0.319886979559296,3.05956031490582,3.05733563739005,3.75213343690316,-0.0776986880290726
933,93.1992228886426,11.5511974224739,0.17434112671309,0.137877972196737,0.016552894004588,0.215497210749192,0.253004768946259,0.0821049352130237,1.07471695279208,1.26430370046286,0.244183963102639,-0.123354096318088,-0.143251762671035,-0.0710859376090033,0.384065556350226,3.11809628547281,3.11740091056674,3.66501618365106,-0.0758321274565184
934,93.2998518479116,11.5586193513568,0.247383405824189,0.137877972196737,0.0184601391489477,0.20584216351041,0.245853950655451,0.0915063582448822,1.02661326418536,1.22636245026697,0.24772451892387,-0.122689501603781,-0.108085839911297,-0.0699541313935486,0.335054272761496,3.25011602638381,3.24099582154305,3.66573718954498,-0.0699648288432057
935,93.3990198720911,11.6039364597516,0.247383405824189,0.137877972196737,0.025015866322781,0.221688189902885,0.259279318687162,0.123518544392684,1.10311359567036,1.2905508267353,0.252238066456305,-0.120728057047302,-0.0983182678476014,-0.0694113542337259,0.311738508133273,3.40676076016017,3.36970332422759,3.69630678536225,-0.068764280457829
936,93.4991148630962,11.6509263921287,0.254986557197917,0.114113150044205,0.0154015468662293,0.226827584291317,0.26035700140703,0.0757401677511515,1.12620253006492,1.29336483675348,0.255851406978447,-0.116448368809608,-0.0819295914812482,-0.067286505849274,0.282551605879808,3.53556952859945,3.46065043607961,3.78041782060817,-0.0692831671274855
937,93.5991645981451,11.6482223294071,0.0942420052896406,0.0893961165452221,0.0280156302093437,0.238291327161308,0.27104600511378,0.137804227190254,1.18108629222663,1.34331502830891,0.259701976047609,-0.10955771642677,-0.0561953885421906,-0.0636361643769957,0.251711074477643,3.71002959498871,3.62071244851007,3.9233934085273,-0.0655063170473646
938,93.6993308542764,11.6712020443248,0.0937209104999569,0.0823224203654153,0.0207103908652444,0.239337319041383,0.236636662925801,0.101670482497468,1.18287996674048,1.1701126055187,0.259483847980699,-0.098154114271378,-0.0337270609861966,-0.0583724462535474,0.194052823988065,3.73612595308685,3.62403695014915,3.88268833399062,-0.0577941629302285
939,93.7998693016331,11.7016237862203,0.164128696650055,0.0823224203654153,0.0148782650395429,0.244828459442644,0.240169514241214,0.0728498325910627,1.20833389233222,1.18546959836111,0.259291480228907,-0.0891391133718033,-0.0307723515488456,-0.0548342020866476,0.176012882782217,3.87331167743903,3.68723156995698,3.9533443177458,-0.0581650194880857
940,93.8992636055933,11.7202467634333,0.167169314505874,0.0823224203654153,0.0109809035346512,0.245151648635558,0.241447678636791,0.0536813990677915,1.20817290554471,1.18967601261363,0.258939388291429,-0.0814428125292449,-0.0229643187728725,-0.0508613529231519,0.161905204037835,3.95637118913604,3.73881487623579,4.0283433603285,-0.0582520608114294
941,93.9990894016869,11.7353740018556,0.00674113186924332,0.0823224203654153,0.0202101086167975,0.254834925137221,0.248092916382381,0.0986719965043325,1.25346868868823,1.22015804570266,0.258749682292994,-0.0745165484761133,-0.0137027625694493,-0.0469069623067296,0.14281764237721,4.00246934429873,3.82574984348571,4.11373919744127,-0.056935553570245
942,94.099232249565,11.7614211064381,0.0928240903457186,0.0823224203654153,0.0150353110752947,0.246517388044715,0.246217138845298,0.0732444992164813,1.21062608634866,1.20907793973429,0.258303143557203,-0.069345157625903,-0.0113386675493217,-0.0437747463030765,0.089395361519523,4.01875032915534,3.88745628043131,4.18584905576633,-0.0575258000211706
943,94.1991709254573,11.7933571268547,0.00674113186924332,0.0823224203654153,0.0121209429957263,0.248579268711002,0.243220268809707,0.0588872723323645,1.21879024613796,1.19255562243564,0.257870603014779,-0.0661223671378342,-0.0101748232604524,-0.0411757472618065,0.0439273038822611,4.01349852230569,3.89696716881872,4.23757858917684,-0.0575805184752424
944,94.2994198907498,11.7954073146123,0.0919519957483717,0.0823224203654153,0.0107858806433855,0.241813403249195,0.241323779731756,0.0523920243253544,1.18314654107683,1.18106604066521,0.257482383257846,-0.0641140140369182,-0.00197874192810768,-0.0419617950809409,0.0856348329650876,3.72397349682633,3.71208099881985,4.14511154824793,-0.0619064285191184
945,94.3994659845148,11.805191168595,0.162248302101808,0.0823224203654153,0.00424276397641832,0.235823969019441,0.231156793064992,0.0205919968072261,1.15141807554443,1.12964745966074,0.256715840785414,-0.061835531147018,0.00352608563598964,-0.0432649872912364,0.0932659488589794,3.76359066417116,3.76145518548544,4.3025076151886,-0.0602918992356854
946,94.4994197457257,11.8296043133065,0.167169314505874,0.0771341178800536,0.00628336121868981,0.234933357163083,0.223170540569397,0.0304329743917171,1.14581162830428,1.08889827789462,0.25549559302203,-0.0605248999664547,-0.000386063407421287,-0.0450832441123776,0.095339569050389,3.79931684513035,3.79903255381962,4.41474526706671,-0.0570858362678269
947,94.5996208541451,11.8389146471592,0.00206374710123821,0.0761495578499009,0.0209561856389961,0.233412908256319,0.226826087203903,0.101419747801727,1.1361934333924,1.10478151296962,0.254759410918742,-0.0599347617270937,-0.000425714698631722,-0.0476569681015296,0.0960168973207147,3.75949424613064,3.75949095208431,4.44642718307676,-0.0547599991080696
948,94.6989998126949,11.8657586939078,-0.147067116841233,0.0761495578499009,0.0236475579112972,0.222026763664336,0.21756841364018,0.11418599562691,1.07891168490609,1.05830279570487,0.253750573140767,-0.0596326983915928,-0.00350894929888725,-0.051186485334618,0.0852834937979885,3.64687982217446,3.64661303429707,4.32417689427238,-0.053174457394995
949,94.7996703866362,11.8734773475833,-0.148595691274884,0.0761495578499009,0.0252272430944906,0.204677574720385,0.212321945762024,0.121734546736369,0.992254235534492,1.03095981006127,0.253646859956747,-0.0609153131844664,-0.0115463163143442,-0.0584532936948684,0.0747119637460737,3.65220977797347,3.65084917378937,4.25676803897024,-0.0512278083794377
950,94.8994067111843,11.9170382896287,0.081680366554929,0.0761495578499009,0.00820526072485386,0.178529645159729,0.179811154991117,0.0394499642965635,0.864006274131814,0.87132747627653,0.25247072384274,-0.0627130804814739,-0.0213219557633571,-0.0679130564632645,0.058133358322015,3.69943663977028,3.69833572106784,4.25849343466301,-0.0463870342909614
951,94.9992801040593,11.9367483916279,0.247383405824189,0.0761495578499009,0.00795695499615015,0.17188425682331,0.16507151054345,0.0381929698584307,0.830918120984246,0.798625115366638,0.251458463016909,-0.0669412747814533,-0.0422227049467884,-0.0753341388006968,0.0440898880004558,3.65134857489377,3.64202516307847,4.15083587425203,-0.0430291856076411
952,95.0995152844917,11.975880637162,0.0869552231875586,0.0761495578499009,0.0302863333587582,0.195374301752225,0.175969148881353,0.14489751790386,0.94292283247404,0.850217044043301,0.250690648463486,-0.0718442776229268,-0.0517023109954662,-0.0801596217544568,0.0485349541269648,3.5866684906948,3.58099021425152,4.07419380903283,-0.040617864712212
953,95.199041194853,11.9854808486201,-0.000866334056517524,0.0822765698518811,0.0479490034147912,0.218758016230672,0.204147825259903,0.229215740770121,1.05497727902712,0.984938879689344,0.250400198642116,-0.0780329901238372,-0.0648397489971391,-0.0808831836390763,0.0674742512514279,3.4802413767224,3.47951506377501,3.97141927114572,-0.0448816058822379
954,95.2987398061044,11.9954485616866,0.00674113186924332,0.100840928858843,0.0474671564654564,0.244376485373201,0.230724961101801,0.226723787917731,1.17669766705502,1.1117672185624,0.250316223528741,-0.0841447041181288,-0.0738878007883197,-0.0772932709533338,0.0921193717829151,3.28201501030118,3.27887736577451,3.89787614983415,-0.0558369794352426
955,95.3988067072056,12.0019778950125,0.15908340566303,0.107013765023319,0.0382570357571619,0.252130122817163,0.242242978742265,0.182633169376536,1.21279532238074,1.16599728098271,0.249714788896065,-0.0932058214636785,-0.124818207748644,-0.0724330554522588,0.147374171068028,2.39813601331775,2.3261218521899,3.99464363892436,-0.0850602058650103
956,95.4989992325988,12.0117247264241,0.247383405824189,0.107013765023319,0.0218786135481222,0.253392295354867,0.243663434106227,0.104360602676253,1.21791623765785,1.17138153442839,0.248803259845381,-0.0992645517983058,-0.123384264441135,-0.0663615238420509,0.18431555230491,2.42238573311573,2.34598899344781,3.96610172624973,-0.0915563601313155
957,95.5989610566525,12.0049173758624,0.254468562155151,0.107013765023319,0.00911219666192938,0.251862872776597,0.249179215521548,0.0434897046110328,1.20902471942676,1.19612509092738,0.248458554635695,-0.104700471930584,-0.134345037553833,-0.0610271553845832,0.247163738227111,2.38531825138305,2.30386147992452,3.91441733386781,-0.100643601213559
958,95.6991595641549,12.0331567625477,0.24109542579329,0.107013765023319,0.00870768058175537,0.260988495010234,0.274987396064652,0.0414615440853551,1.2507412797325,1.31741604512385,0.250318410491941,-0.11093693350058,-0.127778538722112,-0.0561777131638914,0.291674431940179,2.4157583943331,2.33877575011442,3.81238557225674,-0.110226136896611
959,95.8001755398762,12.02674717269,0.324340547637991,0.107013765023319,0.00247176507192288,0.259924791797368,0.279167872027936,0.0117755617991717,1.24611987049096,1.33676465880837,0.252208543508353,-0.115640911832179,-0.123840094777112,-0.0520460634474856,0.32775856738292,2.45048668565164,2.3724222712141,3.74084304204647,-0.112914756311942
960,95.8999846901009,12.0659091971273,0.247383405824189,0.107013765023319,0.00699485061213819,0.268034934821672,0.282269526292799,0.0332155138046721,1.28395644091148,1.35086473803701,0.25403401922861,-0.118680051187893,-0.11082148857855,-0.0491806400042593,0.3368955587522,2.55244688643464,2.47296693887488,3.67118890887391,-0.107847366832058
961,95.9991849656515,12.0388795737349,0.167169314505874,0.107013765023319,0.00716360174669377,0.265171631983025,0.282592717993891,0.0340932140106631,1.26983321097395,1.3514851724253,0.255620175545989,-0.120079358277014,-0.101185691442243,-0.0472802822227569,0.334471166884849,2.62560818961716,2.54712274082329,3.59896780574602,-0.104901072953828
962,96.0997884359336,12.0694060196968,0.167169314505874,0.107013765023319,0.00674123626634308,0.24059255753098,0.262125281907581,0.0320019349723273,1.1527663404507,1.25401695115869,0.256550072249805,-0.118633204071779,-0.084566801897823,-0.0476810463689457,0.266283182618002,2.82117464516295,2.70980103887586,3.93300131238594,-0.0905240113649496
963,96.1994706614078,12.0717705174165,0.167169314505874,0.107013765023319,-0.00366241391142929,0.226572481025631,0.248750054046257,-0.0173827735719456,1.08506525361146,1.18939959974083,0.258062005870431,-0.119126526888013,-0.0970618920497007,-0.0498029019408052,0.242379479675844,2.93323682981073,2.82395124128032,3.93282298129815,-0.0860525360217755
964,96.2993365116235,12.0493249275729,0.172704846299324,0.107013765023319,0.00573427661399823,0.228520016858002,0.247020514366125,0.0272670731110754,1.09404711906689,1.18101573141615,0.260006819944355,-0.122668190067407,-0.115304064777219,-0.0532851736675011,0.241737325529964,3.02866103814935,2.92887976656314,3.90837142673713,-0.0796676269522602
965,96.3995363195843,12.053052964702,0.247383405824189,0.113186601187795,0.0111239794293064,0.223251425153035,0.237908105842903,0.0528792907153122,1.06872362748111,1.13738640559176,0.261211460596293,-0.122143121935452,-0.0909164572624687,-0.0568108248762328,0.221547260387884,2.94718204223451,2.86595742053652,3.67394758613669,-0.0769494802708733
966,96.499626368847,12.0531705554193,0.252591254713993,0.113186601187795,0.0121867290319962,0.229325055021167,0.239288536493101,0.0579306414404871,1.09771932248957,1.14392670969255,0.262512660903999,-0.11940979490834,-0.0764894913112541,-0.0586272287856656,0.211585917441681,3.04089031355658,2.98107896532294,3.56560809976087,-0.0746826698906775
967,96.6000035593486,12.0661319651708,0.244096099640102,0.113186601187795,0.01748385965024,0.242791938916429,0.250723534221669,0.0830216899131225,1.16196759687358,1.19895216469823,0.263984696142043,-0.115470396451217,-0.0625392475652518,-0.059090318163147,0.210760406473829,3.11167613841294,3.08396608368803,3.41631293533549,-0.0749562821439346
968,96.6988389262414,12.0654537332193,0.159435517466162,0.107084134601225,0.0163147875824613,0.242478763256373,0.250083354901423,0.0774747409489094,1.16038084899982,1.19732261573907,0.26472082233172,-0.110342530628861,-0.0512639170287774,-0.0595008927473053,0.218099062606483,3.17565486831651,3.17219968697632,3.30147340668197,-0.0736127120271378
969,96.7990824296082,12.0699375271747,0.174486227406161,0.0762062060074731,0.0102625337102458,0.26021768344984,0.254906806361627,0.0487160538891641,1.24486646650222,1.22055881638352,0.265077547159515,-0.104081882838908,-0.0358995793954339,-0.05795701696527,0.225849647885029,3.14821604288456,3.12040771965283,3.22352276948926,-0.0777088577527309
970,96.8991935462988,12.0397860349418,0.012538357042029,0.0465238187726483,0.0207120279280448,0.260351675304819,0.264345563459704,0.098565756179517,1.24582172604001,1.26566642995257,0.265484086799753,-0.0986243152098999,-0.0292265403715578,-0.056273627875594,0.224772682302715,3.1324135003908,3.07671320663547,3.27517905854929,-0.077778216541738
971,96.9996739932059,12.0541463009808,-0.149093435523332,0.0267668553585741,0.0196006324762337,0.26355387508643,0.266018947870856,0.093165662574158,1.26067958175837,1.27343622587532,0.265892657647362,-0.0997059043778656,-0.0569525818925229,-0.0549083930650704,0.248863710179536,2.77341787841102,2.7698987015784,3.0969969302263,-0.0888500493606838
972,97.0998025360405,12.031135728026,-0.0775432251247398,-0.00318944090846995,0.0096803977687061,0.260460628597738,0.267931206562361,0.0461008693609883,1.24626572346825,1.28233302597857,0.266485814601321,-0.0992252386759329,-0.0419968241087944,-0.0521760945536715,0.25268174119952,2.80123908360505,2.79818416980386,3.19668539440061,-0.0921916341611585
973,97.2001591792976,12.0648460376587,-0.233901142085702,-0.0279038219989039,0.0241141844741215,0.272296983640161,0.283073975798294,0.11451776115816,1.30232179783357,1.35430286264785,0.268161285788948,-0.0988011109655448,-0.0363626162349958,-0.0490078280455067,0.2543981257861,2.85249732697818,2.84896370025221,3.2729860365848,-0.0907835351412947
974,97.2998632524747,12.0432948518064,-0.228130925679877,-0.0472949651008127,0.0167006849330347,0.270584910553194,0.278211740630392,0.0794531861968343,1.29246363875413,1.33010384744194,0.2688363614829,-0.0965055188166657,-0.0258754410467883,-0.044958094106223,0.21586311806798,2.92573974492153,2.92303609301894,3.36263674581798,-0.0893828838164044
975,97.3992983908321,12.061831525315,-0.224905754666641,-0.0719510281669057,0.0134159605238577,0.289077143883706,0.287497628806532,0.0637280994625113,1.38044834990791,1.37391264738451,0.269598691072542,-0.0939622836311012,-0.0215011544309782,-0.03867217877838,0.18380469667995,2.96727369665799,2.96692744961914,3.33485861969641,-0.092368179110464
976,97.4993213364357,12.0878770636364,-0.233901142085702,-0.0719985759751181,0.0213648076397452,0.29873083770271,0.303209882337423,0.101267743438559,1.42607909742007,1.44850160500506,0.270529493756262,-0.0907518710739019,-0.024448429546491,-0.0329073820184264,0.176036715486293,3.41027012541627,3.40910981355163,3.71562896084433,-0.0826459677188402
977,97.5988217578103,12.1009854662903,-0.327215459131701,-0.0719985759751181,0.0171404472484852,0.304483230663993,0.314829678570904,0.0811565828462198,1.45305160580089,1.50375500258558,0.27184515244451,-0.0902190563924326,-0.0297105334607994,-0.0282754296621916,0.183587507980784,3.40920649054797,3.4016457451573,3.6652991073421,-0.0873192140598589
978,97.6990046598105,12.1046824596819,-0.306916797335614,-0.0719985759751181,0.0106470909921445,0.300528664567089,0.320103874491653,0.0503964662148155,1.43512910654254,1.52943684877864,0.273608163828147,-0.0905930987137006,-0.0272946041859177,-0.0249795573023214,0.220077776630683,3.30197905628661,3.27625924900846,3.58552287472852,-0.0937185785325731
979,97.799521519556,12.1171293737482,-0.469294409682255,-0.0719985759751181,0.0148869961788573,0.293879971175932,0.320757037894158,0.0703930440290916,1.40251964250964,1.53277416923712,0.275975609283287,-0.092006616454543,-0.0324346151300702,-0.0190944533212515,0.227699824618059,3.30917640730922,3.26153437325987,3.59207332158607,-0.092430866193686
980,97.900796026429,12.0737970461529,-0.563271835191135,-0.0719985759751181,0.02293838310869,0.326101545784524,0.339158195053108,0.108853159839127,1.55831991062984,1.62014036278203,0.278929527038955,-0.0931163733214039,-0.035287724246395,-0.0145392448629499,0.265862935735108,3.22700904989206,3.16169948920231,3.47306685649025,-0.0979916098949257
981,98.0006132394964,12.0705221747253,-0.238883244638411,-0.0719985759751181,0.0202653699265478,0.295051391932964,0.334301002831318,0.0961946019639081,1.40722039363732,1.59720660559017,0.281297643901421,-0.0929075525968762,-0.0292832609112111,-0.0149772487243531,0.281603009082185,3.13990684696887,3.05366574814962,3.33606014162526,-0.100014315140567
982,98.1006923649076,12.1114041532934,0.0904835071513765,-0.0719985759751181,-0.027048640576628,0.283658188460583,0.274198051867498,-0.127959594972581,1.35541059852347,1.31143934795341,0.27978077078534,-0.0917688909049857,-0.0242834098291173,-0.0127895237761304,0.187228096041892,3.02719399846234,2.9230343913319,3.15540132115751,-0.0995135074254058
983,98.2007540641748,12.1051244849413,-0.394329324722333,-0.0719985759751181,0.0152530097242086,0.299412571348243,0.290523370312667,0.0721952608284073,1.43976127697291,1.38958787758951,0.279679507385915,-0.0927288555891725,-0.0193788234496569,-0.0122582849385921,0.245965625425304,2.87790332498781,2.87298463719352,3.17743085379073,-0.0956496204019029
984,98.30280832597,12.055213138195,-0.284351609407948,-0.0658257398106422,-0.00143837531509932,0.28212092349535,0.311741615499681,-0.00683628182887924,1.34894711098824,1.49117530376224,0.281820082063855,-0.0919960869349394,-0.00809224100511034,-0.0137680037084305,0.350510774894941,3.04703785507658,3.03591810272756,3.2183478029252,-0.102781785363447
985,98.4025714399634,12.0197860936382,-0.304445180909506,-0.0658257398106422,0.00519947216904301,0.272303929854461,0.309971268110628,0.0247847831965881,1.30324327291308,1.48700841139439,0.2850882060963,-0.0888919863606707,0.00819861432665328,-0.0102770730233685,0.198048250765818,3.17162689065307,3.10433815523983,3.32785711505014,-0.0960932059315557
986,98.5030263978838,12.0273916190587,-0.3023948999009,-0.0695635937303805,0.0106227659435134,0.298027889581302,0.316799288291936,0.0506044466111992,1.43080128368318,1.52052554242857,0.288265935809837,-0.0888879863236913,0.0116367313043523,-0.00501822743620003,0.114978415240567,2.87862483746867,2.83120052216839,3.35050638759206,-0.106362078991043
987,98.602723448585,11.9998357639323,-0.292946323521508,-0.0658257398106422,0.00636759234220133,0.309646932353773,0.327061188030528,0.0304034271636594,1.48782609994048,1.57195376143975,0.290581277889159,-0.0922637099211229,-0.00813752309097423,-0.00204304038288726,0.0915801697150211,2.88482036560611,2.83933097377915,3.39889021679851,-0.111165880382624
988,98.702372642413,11.9755340727912,-0.163595852784259,-0.0699521284020619,-0.00481829715484956,0.315743519627447,0.313026615257966,-0.023052673462241,1.51796020966385,1.50581160590453,0.290614300562494,-0.0952748302972811,-0.0167413426715524,-0.00128148717327533,0.132488043778739,2.82480375638275,2.79682918879439,3.41775639931541,-0.11251928977177
989,98.8024567095665,11.9603605646483,-0.301600131353926,-0.0658257398106422,0.000448357795738667,0.301438848314666,0.303380648740859,0.00214784573230266,1.45404864871991,1.46160515504842,0.290092809004609,-0.0973652279773762,-0.0161318276550017,-0.00154544153147218,0.17776625761123,2.82079111972903,2.8079637679194,3.51999776910631,-0.10739267038469
990,98.9024328386638,11.9434926212175,-0.232864516018918,-0.0658257398106422,-0.000981708604785285,0.307402208173195,0.306666043102514,-0.00470949004810167,1.48241981255152,1.47894825969126,0.290317306888,-0.0995040753056649,-0.021199109268076,0.00045830057154626,0.245334218726799,2.82852715369059,2.82194015046421,3.56296721658262,-0.108766059150568
991,99.0025254888435,11.9042844810776,-0.153687050767387,-0.0658257398106422,-0.00250685388181549,0.311137410852874,0.313545591935488,-0.0120655840667424,1.50322775014503,1.51406156115356,0.290745281282256,-0.10215518430272,-0.0249821921436669,0.0032261984637255,0.269931716040112,2.82081667629273,2.81689956669044,3.5889070305269,-0.1120428876054
992,99.1031125733485,11.9139766046156,-0.154196938757286,-0.0681671585964556,-0.00489545954192627,0.317913124804718,0.319011816072249,-0.0235428660011719,1.53876789583503,1.54275799664115,0.291196570089555,-0.10531450508982,-0.0288149192464252,0.00644392852826894,0.284200926628583,2.79155179827564,2.78958822473417,3.618965179506,-0.11603126111228
993,99.2022010094672,11.9006694888691,-0.171395029287828,-0.0669864358580475,-0.00563651460690643,0.325490698631273,0.329111323430101,-0.0271370005101916,1.57735282660378,1.59413235281831,0.291930757108668,-0.11095594115521,-0.0433990312551641,0.00949528320914189,0.273825840172271,2.69347546880935,2.69202180759073,3.35222734636989,-0.124281004937083
994,99.303244554909,11.8937133607709,-0.287672405325311,-0.0713596964031468,-0.00322548405121659,0.321692153647197,0.327455179930385,-0.0155381765883534,1.56152589878669,1.58859949682086,0.29232116449044,-0.11493500164171,-0.0422083544548201,0.0108553919221185,0.261691428755719,2.74843397503895,2.74746596750213,3.41279276769849,-0.120316029777254
995,99.4022505419583,11.8651041056424,-0.161984527871227,-0.0658257398106422,-0.0114561034751245,0.307256211562985,0.313386039054902,-0.055320726137284,1.49391298316551,1.52252623006992,0.292213431764202,-0.118877135573911,-0.0514674240026227,0.0112831766657278,0.250806809942647,2.7172983691799,2.71702541431764,3.35086605597287,-0.119545996941096
996,99.5023642595658,11.8434672429545,-0.224824858549835,-0.0670662525634994,-0.00363994748405741,0.304068408983338,0.308117357300125,-0.0176091694806174,1.48254454024404,1.49968850696984,0.292459215648973,-0.118077068916879,-0.0304000587642276,0.0113144301897088,0.199835778592091,2.81575307440681,2.8151869052977,3.59974001529675,-0.110718978740655
997,99.6022990340825,11.8169132321286,-0.163301613334648,-0.0670331469715375,-0.0072702090716967,0.29887344391874,0.306322098766511,-0.035250512146945,1.45875027520114,1.49346284596909,0.292944016460461,-0.119589622902188,-0.0395379297761751,0.0106454588584105,0.17982574014714,2.82000678041832,2.81940115504526,3.57314398975753,-0.11120267866579
998,99.7026359103703,11.8037459009951,-0.163625428620159,-0.0658257398106421,-0.00910255827148244,0.318592647878053,0.321535798242015,-0.0441841151714566,1.55620656857527,1.57138784230302,0.294228604638505,-0.125400665532979,-0.0494718851572178,0.0114262698547105,0.165744506260931,2.59125062112725,2.59057655291615,3.36670235057589,-0.127597984470395
999,99.803066159579,11.7892241555143,-0.154403787568978,-0.0658257398106422,0.000283503303151462,0.308745662631656,0.327381504305327,0.00137782966302051,1.51316039963456,1.60362605068719,0.295605739270881,-0.130409577255362,-0.0441242023427925,0.0129782859426992,0.109568477030693,2.58163307134473,2.58128856495064,3.33433451623909,-0.12670197195444
1000,99.9030643964709,11.7451317707667,-0.152591127104779,-0.0658257398106422,-0.00730633717809781,0.30792703983922,0.324512485869989,-0.0356421910095213,1.51142937435873,1.59184562446874,0.297223324214063,-0.135079823264238,-0.0384708640595918,0.0144865221228578,0.0911646949699443,2.40596001377064,2.40532512938598,3.06942600090505,-0.137915352353699
1001,100.002568979313,11.7241067514,-0.173423856606223,-0.0658257398106422,-0.00720196161237774,0.317788854560546,0.329736248819249,-0.0351960248615102,1.56418969853342,1.62171422252084,0.298902792575776,-0.135205165986042,-0.00981053292167615,0.016190252689639,0.0488104137443128,2.51689193181308,2.51162057549532,3.32263891544895,-0.133870749940745
1002,100.102434829528,11.7161079461483,-0.154537161196027,-0.0346937363594368,-0.00328352985026291,0.308823568243519,0.329460141525555,-0.0160575848451068,1.52427300002068,1.62467828599773,0.300516018541886,-0.138479592110636,-0.0284505891839576,0.0173396731905255,0.0281592201855982,2.5512350379248,2.54302336693723,3.25333836881269,-0.130424545927558
1003,100.202327209098,11.6787571004725,-0.0728707244919773,0.0210288245233254,-0.00933459868609173,0.301024267884074,0.32451349138149,-0.0457953692903962,1.48811376665731,1.60203386709371,0.302472867635337,-0.142079335783386,-0.0362676417969818,0.0160291185594333,0.0645302233826002,2.58790448379493,2.57325713503397,3.20328046510549,-0.129003250374227
1004,100.302265364806,11.6434257360583,0.166516126397232,0.0649950135032936,-0.0233275504928995,0.286472215401507,0.305838090054906,-0.114791680008602,1.41852049771444,1.51335007839801,0.303681104788443,-0.145406711764234,-0.0427412455526768,0.0133275359936039,0.0852248309179563,2.62207954623266,2.59621197105076,3.19813178517197,-0.125536100161699
1005,100.402498464505,11.6196791846939,0.167169314505874,0.0699767348609442,-0.0157417485120449,0.29449965791513,0.301442288421256,-0.0776213513104133,1.46076129640049,1.4945892611367,0.304779293887032,-0.147127179126509,-0.0383586286171541,0.0115281222984128,0.0942487139267641,2.6580098700868,2.61442908246291,3.25320052800478,-0.119331399218221
1006,100.502626227065,11.5882893261956,0.108721055080206,0.0699767348609442,-0.00646624993448077,0.297795086456555,0.307750665151518,-0.0319709649665798,1.47961873368789,1.52838820559444,0.305941105650007,-0.148386675427572,-0.0369196020436098,0.00944115016135494,0.112332624017996,2.6874869441147,2.62876948918083,3.29010404495354,-0.116918489882937
1007,100.602729020821,11.564044536739,0.177877099255891,0.063803885520949,-0.0144992217142227,0.294921043712833,0.290553824615766,-0.0718385139803985,1.46857010110217,1.44775561683138,0.305360084963435,-0.147450315726078,-0.0362039226689596,0.00772508413510695,0.0927809030648992,2.75860753192751,2.70471031615041,3.4170315361893,-0.110582256736188
1008,100.702474188487,11.5417600281949,0.167978029955987,0.0576310493564731,-0.0152983798676387,0.299613465667548,0.257403214361638,-0.0759444040022043,1.4939009174303,1.28969965039262,0.301383839577018,-0.143610510535093,-0.0364929976660374,0.00769396058319214,0.080153128271471,2.7799205887546,2.72549782859389,3.46615359757274,-0.0980969008008413
1009,100.80240532172,11.5304046522246,0.0956140125204246,0.0576310493564731,-0.00898943531350922,0.298138946616764,0.258570886706568,-0.0446694296384912,1.48886304986463,1.29807997910807,0.297356083330508,-0.140853518017316,-0.0399817905106006,0.0070133969989013,0.0832936750917659,2.77233493966261,2.71261515999034,3.36645580804439,-0.0965108213268914
1010,100.902259467809,11.5340285452867,0.0957920486931473,0.0576310493564731,-0.0122866012086385,0.301736424898678,0.261490877627533,-0.0610341932806799,1.50980537975933,1.31454740027092,0.293517010134818,-0.139622482906456,-0.0462213543721265,0.0065640633397755,0.0702517782016869,2.77121342669225,2.69869651103142,3.23082899772871,-0.0987933575231537
1011,101.002427544582,11.515216619028,-0.0536110765334645,0.0514582131919971,-0.000314968564432707,0.308432913182738,0.266824893801046,-0.001567175852078,1.54602873186318,1.34409094618009,0.289684602031284,-0.135124757921714,-0.0409794562680622,0.00867442537137899,0.0142136857740988,3.05194104488365,2.90045926692896,3.22231114450812,-0.0875311345916457
1012,101.102827363061,11.4643795702066,0.017854613540378,0.0452853770275212,-0.00629905923445143,0.309427280548991,0.278359939619453,-0.0314809423840477,1.55017669728632,1.40304832961921,0.286615363792851,-0.134230602891329,-0.0407554817204786,0.00798904474378249,0.0341439555064331,2.72874261120178,2.71517514080919,3.23521322272317,-0.104318742883755
1013,101.202567588985,11.4821596244826,0.00674113186924332,0.0452853770275212,-0.00892175219254088,0.290975876602254,0.258786483589278,-0.0445193814002107,1.46386460130381,1.30753066495999,0.282484612862263,-0.132355251558909,-0.0371276241019667,0.00722923511929167,-0.0329082454879248,2.78590441451075,2.78075048702061,3.42416830650106,-0.0960938337968182
1014,101.302423035533,11.4476470226681,0.0162392135387435,0.0452853770275212,-0.0112532417897148,0.286214161042462,0.257920987888445,-0.0563227579808193,1.44083208414517,1.30381485900595,0.279421643805942,-0.130300190655522,-0.0344014969692205,0.00571628420921689,-0.0283897093143909,2.82261017232739,2.82148045052287,3.56729720884836,-0.0953635866252871
1015,101.402341684364,11.4438784457227,0.0869552231875586,0.0452853770275212,-0.0109754119588121,0.29211697562595,0.253195134934969,-0.054950303241633,1.47166479050945,1.2822622536888,0.275827526702819,-0.128104712117192,-0.0338978648681861,0.00286664218517444,-0.0272484688420373,2.87635586272407,2.87632637563607,3.69428844838266,-0.0918420944770015
1016,101.502242386868,11.4268860289592,0.0957492886797377,0.0452853770275212,-0.00645360120360087,0.284896164975718,0.254790205915939,-0.0323591284078063,1.4379597857787,1.2916982522714,0.272459238214896,-0.125990617087617,-0.0318424625033731,-0.000443315126378033,-0.021702503283357,2.90633109731338,2.90632699235387,3.7166293770146,-0.0898878339639399
1017,101.602235682017,11.4187565294084,0.00760677759757657,0.0640130241901484,-0.00244443988536895,0.286694130891325,0.250519370725569,-0.0122654411804761,1.44915849127594,1.26989791013493,0.26893189701291,-0.124202005584966,-0.0372922247035933,-0.00328599647414494,-0.0119954284133978,2.94865554565837,2.94847518518212,3.74226390109819,-0.0857895426216889
1018,101.702234959276,11.3918355123677,0.0155245239757481,0.131993175364062,0.000668079302775447,0.280689077340752,0.257394762856694,0.0033601366824192,1.41958844888775,1.29909483569015,0.266302231892788,-0.122249298093682,-0.0350644710978438,-0.00686002431154747,0.00423800486140181,2.99255626811791,2.99215751376273,3.76535780401495,-0.0857884231915814
1019,101.802906833676,11.3751489862898,0.327012978164746,0.205026812687523,-0.00923739218579399,0.271167375426204,0.239791940618865,-0.0465280472589323,1.37239502972264,1.21130700414433,0.262664324271019,-0.119673128410947,-0.0340666038104494,-0.010220231571298,-0.00345295459916489,3.01144917782636,3.01112481479074,3.78079080747486,-0.0826941841284556
1020,101.903411469111,11.3544804100065,0.501110713263503,0.211952032521487,-0.00899207530058701,0.260947641084116,0.230620868853126,-0.0453748509377662,1.32195772703658,1.16575000404252,0.25910277774686,-0.117432434458651,-0.0378836486974635,-0.0129535907617287,-0.00354271854901594,3.03085061816587,3.03043137202767,3.79281160967908,-0.0790579854769336
1021,102.002034080992,11.3537659876309,0.576205936379008,0.211952032521487,-0.012258304639422,0.248811533946938,0.221643458497496,-0.061860430070876,1.26210463847735,1.12124145878424,0.255824943894296,-0.115780040359236,-0.0415241540068168,-0.0162175307735201,0.00196857994500299,3.0416874492764,3.04077931635094,3.79633017659923,-0.0768986843775029
1022,102.102119188512,11.342806605557,0.417818502958113,0.211952032521487,-0.00775518728226695,0.258478678991982,0.227894500636584,-0.0391736760417766,1.31189520588363,1.15352453820668,0.253247691740799,-0.119425183660367,-0.0635907780898176,-0.018922606525681,-0.0111146545281066,2.86394557306242,2.85918964836752,3.61493471815213,-0.0822814826284813
1023,102.202130690081,11.3477698860591,0.399640636160781,0.211952032521487,-0.00310162845713118,0.266115158371583,0.236270710904104,-0.0156603647738961,1.35014542627954,1.19614837301783,0.250644771620813,-0.121963262115973,-0.0611506205598999,-0.0222975085885458,0.0223499694777421,2.84028676248059,2.83576236867125,3.62229556340952,-0.0842775252567024
1024,102.302250129706,11.333469909591,0.488025679779135,0.211952032521487,-0.0092334223953488,0.261688199452716,0.2340234732251,-0.0466790860069687,1.32778599970761,1.18524865095653,0.247653382410426,-0.125898978868288,-0.073273441428501,-0.0252233936791348,0.0368790368342956,2.76817625913302,2.76565993717329,3.47017375122895,-0.0878762307197287
1025,102.402713670653,11.3337062192765,0.477392359829795,0.211952032521487,-0.00371989259736767,0.266433105562734,0.231072716804602,-0.0188053346623124,1.35124281096119,1.17024072175135,0.244339297581172,-0.127776185143714,-0.069814610037778,-0.0279998355100248,0.0652021096904915,2.79242830701334,2.79030272978374,3.50776038384047,-0.084081875553358
1026,102.502379770441,11.3390557928857,0.477851687557821,0.211952032521487,-0.00591004467952964,0.263122019043402,0.232861157443301,-0.0298632084004638,1.33482918821644,1.17948815733951,0.241158313989524,-0.130356585681288,-0.0715150858518456,-0.0316977024676115,0.100569169465217,2.60817472357302,2.59331035096307,3.29784930064171,-0.0915472418181134
1027,102.602330410552,11.3495640609747,0.408638175441581,0.211952032521487,-0.0017739626721675,0.267956703496077,0.255902811572246,-0.00895546055823683,1.35964227611131,1.29935129589583,0.240195134678803,-0.134800633641948,-0.0463771837227515,-0.0332005789133493,0.0941147022281708,1.907223492205,1.79442948139232,3.3442894350686,-0.135105704862363
1028,102.702388468535,11.3622001822156,0.487184243376961,0.211952032521487,-0.00180613710742096,0.263366139161284,0.328272896987629,-0.00910774594233432,1.33665452787324,1.67774422432653,0.24645991734071,-0.14341623155636,-0.0347670301155867,-0.0342554039505643,0.0479214874667454,1.95038075904856,1.83076405270329,3.31363396905792,-0.169238253896675
1029,102.80232142241,11.346671300098,0.478998351524313,0.211952032521487,-0.00286817969662622,0.275859560201743,0.337856483077815,-0.0144830658838467,1.39777772687169,1.72653197352841,0.253279705209148,-0.145385950895236,0.0154249242100368,-0.0324158312685593,-0.00283288102853792,2.00831935299782,1.88358733704798,3.28967524919423,-0.169656614753944
1030,102.902585212929,11.3443487054255,0.408654206384381,0.211952032521487,0.00549261664578487,0.268632396174014,0.331014065563255,0.027741013245216,1.36274173948207,1.68988533550808,0.259172016410987,-0.146124583325502,0.0213702309981721,-0.0287494770609198,-0.178391568805319,2.092040745469,1.9635847923693,3.28886173454671,-0.155599956464755
1031,103.002283303997,11.3501150920872,0.41849798501644,0.211952032521487,0.00344722085755875,0.275535480511818,0.343845128890125,0.0174016913936153,1.39630426793323,1.75549613317087,0.266326470121309,-0.144793243893569,0.0404894018395879,-0.0232203354138036,-0.317769112453891,2.19180298297034,2.05661140145026,3.2518460267233,-0.155304975254326
1032,103.102895097214,11.3532023978171,0.40863902127278,0.211952032521487,0.000593086519909498,0.282179990694673,0.34316591713244,0.00299310742954237,1.42928608353636,1.75041084555753,0.272796631583462,-0.149573628111907,-0.0223045870882489,-0.0221212240974168,-0.318463281062535,2.31233694187418,2.18343648184774,3.2589713679169,-0.148150048727272
1033,103.203344333117,11.3656501866682,0.474537479888699,0.211952032521487,-0.00205107339766249,0.291965673519687,0.352671787568882,-0.0103397382421415,1.47757225459305,1.79850194283231,0.279385996535622,-0.16062121566868,-0.0769171199550538,-0.0235858251582822,-0.239153669653056,2.4079714875693,2.29250389115884,3.26853379218101,-0.147311902486277
1034,103.302357862826,11.3676121882133,0.494758673966361,0.230769570990086,-0.0014503777909221,0.2922538598855,0.350182743943913,-0.00731028858941734,1.47853737106596,1.78383924999757,0.285136006992975,-0.166586116966422,-0.0631746429191993,-0.0234818623524313,-0.17591313672781,2.44069875828888,2.33335386801604,3.09882124816007,-0.144070676702993
1035,103.402391212097,11.3806451338249,0.498077512367138,0.311005312270346,0.00104116254577628,0.287496635849631,0.352928725715092,0.00524172564843005,1.45307412174864,1.79721499730207,0.291443457565291,-0.168422870182163,-0.0547570950454354,-0.0231378128607339,-0.146771681161437,2.615884510722,2.51775977420763,3.07234411951078,-0.134519533154846
1036,103.50525201826,11.3841646257312,0.76959021211785,0.32306316253517,-0.0101270715081593,0.279052199102508,0.339112835573258,-0.0509688960292429,1.40971337813999,1.72452658841,0.297187042265617,-0.167329837084593,-0.053791894141102,-0.0228117919511566,-0.146978898371017,2.79046415991149,2.72193142040801,3.04556733442274,-0.12515477249222
1037,103.606725755377,11.3916741797642,0.968606624467901,0.32306316253517,-0.0186215080763839,0.283428225979147,0.25988691840055,-0.0936590051460818,1.42958173500289,1.3199136195979,0.295020243709453,-0.158712518524418,-0.0493872671016871,-0.0239875148455387,-0.139006342846883,2.94542361425033,2.87982262520494,3.02825499003522,-0.094556322944338
1038,103.707032461027,11.402323756721,0.915831930401404,0.32306316253517,-0.0109824120518041,0.286405831971989,0.0772159774251877,-0.0551857391776714,1.44346320253268,0.391113553461151,0.274186435468322,-0.130114165941504,-0.0205212052922621,-0.0210247480835104,-0.138139646494653,3.29670155937138,3.15370787432049,3.29873871229694,-0.0267535255735462
1039,103.806973737836,11.4255756637741,0.916249270768228,0.3075901146014,-0.016469053975093,0.275866020041807,0.0676451895757448,-0.0825872288282352,1.3896915258948,0.342376666789458,0.252849898682453,-0.1080553923365,-0.0181134968857243,-0.0202782475185491,-0.155434154639883,3.32134578964002,3.1436703568351,3.32468665825131,-0.0253253496860242
1040,103.89909249662,11.4357833338479,0.808882045052396,0.19862933090067,-0.0237661123013824,0.281148988343786,0.0764012265017122,-0.11907325717523,1.41582243986527,0.386216838354999,0.234232119239122,-0.0973974974334079,-0.0324915510405397,-0.0201629424929097,-0.158430583127378,2.9696804780556,2.79764989715507,2.97944608548886,-0.0337300054814918
1041,103.999286842655,11.4460155506945,0.265552756311438,0.0549132667101384,-0.00316343328436735,0.297705460625429,0.0826655575626616,-0.0158353245762881,1.49526132009774,0.417398529172126,0.213515769236743,-0.0885700796893276,-0.0296833036229761,-0.0183554169355991,-0.159896499773152,2.92600536972616,2.75659253822661,2.95072452069788,-0.0293331624524877
1042,104.099252047901,11.466033125429,-0.225325572742401,0.0205940191940981,0.0104794753736627,0.301780266918247,0.109767235811899,0.0523659348155068,1.51435580163224,0.5534027337059,0.194524816596031,-0.0841432437496344,-0.0327228026437128,-0.0169891286480179,-0.189464495436003,2.85340251765644,2.73798721054533,2.91883737049895,-0.034796268603486
1043,104.19909084858,11.4927903655883,-0.0783203125712262,0.0205940191940981,0.00453822311931541,0.296220860878879,0.103686533982102,0.0226247072677213,1.48460239097774,0.522182037435386,0.175024898093451,-0.0800515264289832,-0.0330195940559489,-0.0155592830903635,-0.201161069415324,2.78884046416678,2.71089016266385,2.94056463105123,-0.0355518044637986
1044,104.299489366601,11.4983123991902,-0.0682661997475698,0.0205940191940981,0.00305055280844306,0.29318712008394,0.112118792952893,0.015200821732507,1.46579565893244,0.563635388733166,0.156693614848997,-0.0766993432399153,-0.0265771527428482,-0.01661293183487,-0.168738592521033,2.72191671222324,2.66351122050563,2.98873100619196,-0.04007038115996
1045,104.399316983336,11.5267047054313,0.00674113186924332,0.0559470899948169,0.000835591467463544,0.287860597639787,0.0934659048975984,0.00415347366159052,1.43762112805721,0.469197392344361,0.137021788945971,-0.0735170797644582,-0.0294749305673955,-0.0170186952044829,-0.181682981371579,2.69137728308666,2.64717173410133,2.99665178523547,-0.0344174389864434
1046,104.498988284959,11.5454866889949,0.167169314505874,0.123695819760943,-0.00197026976565584,0.276838768306583,0.0997626638021177,-0.00977768577621388,1.37998913707585,0.499648081253639,0.118823103085786,-0.0723973529679336,-0.0321265032946033,-0.0186175819796267,-0.180635213865495,2.60042323633589,2.57538528494921,2.79473775762536,-0.0391216830192303
1047,104.599315277762,11.5690975947747,0.247383405824189,0.145531548974978,0.00407141170466537,0.2735508397416,0.101654886329122,0.0201636035824093,1.35956467503694,0.507546635365447,0.101412365012154,-0.0719013572579827,-0.0350864438517555,-0.017755492235582,-0.184100181257236,2.5869571511044,2.56713765216288,2.83290446800058,-0.0377213339551438
1048,104.698849771149,11.5904956046431,0.553417313394838,0.150223644525689,-0.0102506425183776,0.271285901973894,0.183215073253365,-0.0506724147532214,1.34670474772567,0.908650261612044,0.0925335599766079,-0.0737631780289981,-0.0146649092998002,-0.0200219923069151,-0.142937440813507,2.91252629222463,2.88721098490791,2.96398428714767,-0.0664253971846452
1049,104.799055041036,11.6262565505105,0.332901825830455,0.148614282497086,-0.000246052418221104,0.278410805127743,0.183305774161443,-0.00121257990821932,1.37863060484088,0.907089377909871,0.0833605111027786,-0.0751081771743435,-0.0174901017362325,-0.0207266997145548,-0.108429147795061,2.99308585218611,2.97496486717087,3.10091508928249,-0.0613252795423827
1050,104.899299324678,11.6480963861083,0.33295921023124,0.12721689752098,-0.00204397329427811,0.275474714741805,0.190315590395769,-0.0100540927989934,1.36168602254949,0.940031043719593,0.0746766325484158,-0.0777245411532719,-0.0239603875806612,-0.0201272593855751,-0.0887380530260195,2.9313807941421,2.89937469329049,3.10816182662749,-0.065620803709449
1051,104.999423966137,11.6600893167581,0.172719235378445,0.0885678935664274,0.00153521265989321,0.297084327579185,0.202225671091643,0.00754378488612722,1.46422158194626,0.996228907476322,0.0662607709470207,-0.080040922721645,-0.0295557520766322,-0.0171117897923386,-0.0316941804871619,3.00146734956536,2.97575532444161,3.21296906606237,-0.0668641151338235
1052,105.100704975303,11.6948842206949,0.0884081001727611,0.063803885520949,0.00543661807948081,0.294717316889635,0.217519173702324,0.0266351716239267,1.45062031437962,1.06962432521874,0.0583221984836329,-0.0840016747638576,-0.0341143201219059,-0.0152990173846497,-0.0105630349655956,2.83210793110086,2.79248131186224,3.05647993827316,-0.0748850540948151
1053,105.199195460599,11.7259950009224,0.0799646899379292,0.039213358238068,-0.00676320631739523,0.294163065702498,0.213715347298298,-0.03304650351318,1.44540645045799,1.04863699674389,0.0503715694228329,-0.0840238086611717,0.0255974653842176,-0.0113023510847893,-0.0587576623085468,2.03751904365256,1.91232795179491,3.33442464095397,-0.108209321676058
1054,105.299149741993,11.7374759831554,0.0869552231875586,-0.00852436549717809,-0.0102501908591894,0.305577051066079,0.22341343994116,-0.0500356743632242,1.49527273348126,1.09348459540529,0.0427294030685105,-0.087953647545203,-0.0103658073786131,-0.00892577638266537,-0.0254549813681696,2.1187248050357,1.99522424740438,3.29494197436223,-0.110285030998357
1055,105.398950569283,11.7651574749151,-0.153687050767387,-0.0102701748038009,0.00828620547290426,0.305228186767935,0.222568328370144,0.0403534354969154,1.49164894297728,1.08687561555598,0.034462472343936,-0.0867961397459864,0.0218287870177877,-0.00420394720011826,-0.0816457820282935,2.20909693515268,2.08331471587197,3.25841294504573,-0.0969998733362192
1056,105.499060645607,11.8036763613408,-0.073472959449072,-0.0102701748038009,-0.000301427344824614,0.298441270875194,0.224900180306518,-0.00146314708704611,1.45639913792771,1.0962445672541,0.026760548820163,-0.0887859886399163,-0.00545523174762608,-0.00250086921109094,-0.0826517090120695,2.28764025747995,2.16004832274266,3.21775673274312,-0.0984427542376888
1057,105.59987661081,11.8267307859175,-0.073472959449072,-0.0102701748038009,-0.0065678162744221,0.300708216672977,0.211556325372389,-0.0318184392009241,1.46271211693025,1.02918447594261,0.0178868870133909,-0.0891521196639011,-0.00688951110293142,-0.00165252535014092,-0.0677443768546736,2.40993217794071,2.27898210999717,3.18677432068922,-0.0905104897322042
1058,105.699085209295,11.8366922091812,-0.0803262163828871,-0.0102701748038009,-0.00231395225277626,0.297846408164785,0.185225882854442,-0.0112007386900821,1.44506910615425,0.900493772623327,0.00657200453108501,-0.0852996714514399,0.00496802736237705,0.00101795703083269,-0.122344186580144,2.57212882143171,2.44562745255668,3.14904079936387,-0.0729123026594092
1059,105.799092289304,11.8649946830198,-0.153687050767387,-0.0164430241437961,0.0020188755128149,0.29638183517169,0.177194154453993,0.00974910214631696,1.43569691895061,0.859249726683889,-0.00542084122488113,-0.0819804987755462,0.00900827977709274,0.00440998231151308,-0.191709684528345,2.55407202739936,2.54038852446436,3.00840114513947,-0.068586663595211
1060,105.899004695935,11.8966530300793,-0.0791601583004472,-0.0164430241437961,-0.000410572688619185,0.299800997253903,0.187104560787825,-0.00197736978395528,1.44752975491592,0.905063456302839,-0.0165098050547202,-0.0837462863190714,-0.0223979495028969,0.0054830779197305,-0.174223313654353,2.73261034502293,2.72914934702472,3.08012576522787,-0.0686212484769289
1061,105.99888120991,11.9266505095682,-0.136773858290712,-0.0164430241437961,0.000243703771182205,0.294972405068046,0.180119120435403,0.00117075599113237,1.42202605513719,0.869533203868276,-0.028222082219926,-0.0825780977907969,-0.0146541805908213,0.00775938466721495,-0.218908137498585,2.92837198406011,2.92806257474427,3.17842092143078,-0.0614250572138137
1062,106.099360356359,11.9649175121148,0.00674113186924332,-0.0164430241437961,-0.00841938596232654,0.290715206651785,0.181409368104803,-0.0403174699386264,1.39961741937418,0.873930107586618,-0.039418919410548,-0.0836913515577744,-0.0262050185665595,0.00882046092750113,-0.224638515225605,3.06436754382856,3.0611909028881,3.27221756176624,-0.0619471232977364
1063,106.199162484108,11.9743621113849,0.0819051657212274,-0.0164430241437961,-0.00813156260895996,0.302725491916233,0.184538351729079,-0.0389084731519376,1.45221833411249,0.887132635422014,-0.0506149214616313,-0.0846589001946235,-0.0240011663183771,0.0111599685541606,-0.225738034761681,3.09394141130655,3.0905018035795,3.28328038220404,-0.0622732911599241
1064,106.299072289821,12.0083911015341,-0.0665661405680594,-0.0164430241437961,-0.00395297500518772,0.291512112774355,0.187052012616582,-0.0188608760509202,1.39691606171462,0.897265477892591,-0.061611673038913,-0.0869840398233166,-0.0271026431125646,0.0138936755802128,-0.269833359394602,3.07958477512758,3.07565895547355,3.30722726918152,-0.0620229678898373
1065,106.400357720545,12.0328217470684,-0.0703737683202328,-0.0164430241437961,-0.0064999124717592,0.302328393919846,0.189044087102244,-0.0309501398293058,1.44634482130811,0.905205954921532,-0.0725379570019267,-0.0877424001198053,-0.0184289100310332,0.0166398669975934,-0.259778636299143,3.05296402507712,3.05069616474787,3.33453825946085,-0.0640505416925323
1066,106.499004000771,12.0542514854548,-0.148123936655315,-0.0164430241437961,-0.00107288633624392,0.305346105423219,0.202384016553456,-0.00509959982798446,1.4588252766823,0.967286351947492,-0.0825459410658879,-0.0885929669214871,-0.0135440481219834,0.017406712482799,-0.212116593726368,3.02409587786584,3.02325335937765,3.41127925982996,-0.0672785887441119
1067,106.598971806934,12.0740943381042,-0.073472959449072,-0.0164430241437961,-0.00972081886411043,0.29385003554169,0.202172229603547,-0.0461286584642282,1.40116895467194,0.964451591537936,-0.0922853886421192,-0.0886397770766784,-0.00795162554892404,0.0184770335094127,-0.158234185969026,2.9863539848816,2.98591106315262,3.43762493305862,-0.0709537615233709
1068,106.699064457113,12.0926571919323,0.000709115244839566,-0.0120906826104948,-0.0156937618486893,0.298330094869514,0.248897877559013,-0.0743580008528486,1.4198346422182,1.18459023960069,-0.0970089797714442,-0.0932130581027396,-0.0104487500195922,0.0183396173157694,-0.108137704334509,2.9009380635123,2.90040834765612,3.44891863410357,-0.0912089929584185
1069,106.799583137501,12.0964742697661,-0.069792703056018,0.0128061358602635,-0.00781020916532695,0.294197741773907,0.25137882553119,-0.0369935859098293,1.3991468565072,1.19460624444438,-0.101520770067812,-0.0980439040547491,-0.0193762429601763,0.0185986605549537,-0.076222730826444,2.88710988577425,2.88695462497645,3.48277809841008,-0.0897745652057192
1070,106.899260681324,12.1385820433351,0.157788373452581,0.0390091081207041,-0.0143603384426166,0.288059436327768,0.243899219263384,-0.0677827441752394,1.36676936415829,1.15758163329947,-0.106228477644558,-0.102908210185015,-0.0275918234157206,0.0179124582220881,-0.0680835152190037,2.82748546294696,2.82743796155022,3.50870946887919,-0.0913389515491367
1071,106.999759334651,12.156614627002,0.243050584665833,0.0576310493564731,-0.021530238534438,0.28329587348484,0.234009590046545,-0.101474838841642,1.34172504620625,1.10867380813896,-0.111421048582941,-0.108286368947478,-0.0370950214024472,0.0174649863019241,-0.0641250753964369,2.73325553095041,2.73324652300884,3.50810864935909,-0.0934928423952101
1072,107.09951568626,12.1534650045272,0.167169314505874,0.0576310493564731,-0.0177225886710571,0.287060950226188,0.235151639355956,-0.0835505605001566,1.35742631335975,1.11218026460293,-0.11641153689028,-0.114530792596958,-0.0476300227835228,0.0175887382792982,-0.0652566817871794,2.69690709156078,2.69688329513028,3.51001416181958,-0.0937645307909612
1073,107.199115722756,12.1707499659048,0.172915787637238,0.055915621494639,-0.0135227605037323,0.285075861930027,0.235103909654349,-0.063660562214176,1.34576763943276,1.11035906575078,-0.121487602594105,-0.117279162872615,-0.0389969348569161,0.0175871699771664,-0.049640053737254,2.78093620304328,2.78045846960347,3.24651992300451,-0.0894039460114187
1074,107.299443755926,12.2003229804246,0.242132347249743,0.0576310493564731,-0.0187256340830387,0.278894006490771,0.233097278966703,-0.0879402095247953,1.31504189794811,1.09965369199157,-0.126392404890993,-0.119223225957083,-0.0369981460199673,0.0170888189563854,-0.0371755789115697,2.81129569717126,2.81127230924765,3.32132739073294,-0.089575391625693
1075,107.399341857513,12.203718298726,0.0930838918885712,0.0576310493564731,-0.0151235968431079,0.28231522028008,0.235605942103618,-0.0710044107350263,1.33006108472623,1.1098567684531,-0.130887686725969,-0.119421214976382,-0.0311606780879412,0.0169129876545272,-0.000944272777061684,2.82051700382195,2.82005138183973,3.31741208265376,-0.0888948865073226
1076,107.499121357283,12.2095575844203,0.172262189052204,0.0699767348609442,-0.015106832549169,0.286454701035836,0.241462336213209,-0.0708917828676158,1.34732628855796,1.13607179059298,-0.13517048472191,-0.119976625671705,-0.0336401456122897,0.0158028673483216,0.0278005076362257,2.87230274019847,2.87126422480645,3.40366745376406,-0.0893252529309113
1077,107.599899349098,12.1929655634972,0.247383405824189,0.0699767348609442,-0.0181184033048135,0.283113668767739,0.271531185864277,-0.0851398514487877,1.33271664916,1.27732597308044,-0.136506095350425,-0.121744367405916,-0.0258054153951681,0.0168788385936099,0.0366281012487272,2.79110133844386,2.79013139923052,3.29917202663236,-0.10377609196038
1078,107.699683530519,12.2239791152947,0.17185274823318,0.0699767348609442,-0.0163321504977349,0.277332905880503,0.400061477592365,-0.0765514018191833,1.3060475808683,1.88337793706702,-0.1245481396315,-0.132711897135685,-0.0334378512977457,0.0145405432625188,0.0328098836389164,2.91622886384264,2.91500690793799,3.44843298245609,-0.142784962199924
1079,107.799256517478,12.2245248772978,0.247383405824189,0.0699767348609442,-0.0215972665753975,0.271228227546248,0.400393986165801,-0.101225278589733,1.27756250609551,1.88519079082246,-0.111990649760962,-0.139961912581452,-0.0311237164847358,0.0121077963364029,0.0136911042575198,3.05733163706715,3.04593746883211,3.5883633998271,-0.138025998758187
1080,107.899440719937,12.2107516582204,0.167169314505874,0.0699767348609442,-0.0183292853982502,0.272601582591562,0.391156578141106,-0.0860053447511963,1.28287302788438,1.8416016049275,-0.100044517844375,-0.147359526793324,-0.0470370173101104,0.0102398055882189,0.00416266803924812,3.11151827542855,3.09747020299251,3.63905745418226,-0.13160323266395
1081,107.99960723616,12.2079249666593,0.163556029451321,0.0699767348609442,-0.012687765474947,0.268352230283444,0.391215022756978,-0.0595478063151586,1.26416506905413,1.84156121780241,-0.0879506013573211,-0.156718570629311,-0.065622778077059,0.00810832860775903,-0.0293354640672917,3.08290026249324,3.05814434805256,3.57581941044554,-0.131013900496825
1082,108.099144850648,12.1866804486977,0.24177862228923,0.0699767348609442,-0.0156219048152709,0.27171178606713,0.389209273800178,-0.0734464752211869,1.28038908623962,1.83242408383838,-0.0760879806358269,-0.165472166563259,-0.0749519784124111,0.00673246598389887,-0.0144753989128095,3.03157585034614,2.99756202467053,3.4968848101395,-0.133538198811429
1083,108.199993847497,12.2046819136107,0.244975710937501,0.0699767348609442,-0.0107666941146505,0.288463780685002,0.401608481152451,-0.0505450266067227,1.35980993683549,1.89180745665149,-0.0638327401687196,-0.175721701216058,-0.091726437319866,0.00571675416703882,-0.000779237179483841,2.97093262316849,2.92183621020915,3.38581159531842,-0.138803274113738
1084,108.299943707332,12.1931753426165,0.167169314505874,0.063803885520949,-0.00721231142002729,0.289667950935381,0.402580098156042,-0.0338906761443412,1.36467945775735,1.89686921381741,-0.0524870085564315,-0.187825337767886,-0.12158693677143,0.0049064292501447,0.0947943591632422,2.94593989040872,2.8950867469326,3.36637370554155,-0.139104131387832
1085,108.400105281813,12.2005961666576,0.0120754160571812,0.063803885520949,-0.00466651850948396,0.29097078027723,0.415725723042779,-0.0219146506385959,1.37227821951061,1.95948443396392,-0.0399261103457056,-0.193529333173308,-0.0937291448058241,0.00665730647997702,0.0886985642573942,2.83617561995363,2.82773234926954,3.20294587690041,-0.148225038884981
1086,108.499338849101,12.1910746674351,0.0966505214150782,0.0514582131919971,-0.0125846494596646,0.295864026636997,0.414659769305833,-0.0591454866975934,1.39465847604626,1.95445770985836,-0.0278947978760474,-0.19694164257657,-0.0862266973305276,0.00887433084370843,0.0868108901708549,2.75871504177654,2.73881061797113,3.12468708373758,-0.154870804811491
1087,108.59904474292,12.2003438147695,0.0815433667492626,0.0514582131919971,-0.00930815161611726,0.306000553289455,0.415070761721204,-0.0437133335986741,1.44274857971988,1.95706201734016,-0.0165145195302796,-0.200388456178493,-0.0907197563411079,0.00957437840293163,0.0825403670288719,2.65171023304767,2.64771854922187,2.92165704302285,-0.160039701189211
1088,108.699519727902,12.1955358852321,0.00674113186924332,0.047035179766881,-0.00679559114453171,0.295591892180322,0.362312174789486,-0.031926325767434,1.39520991934325,1.70982540957105,-0.0103337051714745,-0.190822142304715,-0.0580948244641087,0.0112036803705801,0.0548726749027076,2.96496502493169,2.93039445131546,3.25766678166805,-0.124489753784709
1089,108.799490395073,12.201191103147,0.0869552231875586,0.0452853770275212,-0.0136295076649599,0.288222259030175,0.362654685241436,-0.0640030087739732,1.3604957332081,1.71201668277621,-0.00326101943535363,-0.181710572970002,-0.0523687594360116,0.0108727844782769,0.0343598892508681,3.09766496648534,3.07382230134087,3.34046764719679,-0.121473495996997
1090,108.899675637899,12.1655207434606,0.167169314505874,0.0452853770275212,-0.0170796870739539,0.283762132089709,0.353133048257864,-0.0804399057323376,1.33884736946795,1.66673997977305,0.00346550319570289,-0.172373343100361,-0.0465197671564922,0.0105480155099326,0.0215476367600933,3.2274084431897,3.21898879364948,3.40035106828803,-0.114708981478009
1091,109.000056469684,12.158923662907,-0.068752965949003,0.03293969152305,-0.0057563187226637,0.293160254179861,0.359698380527307,-0.0271251594996557,1.38401849239661,1.69766049765615,0.0106163513202147,-0.165815665826761,-0.0472533729119224,0.0116117956819429,-0.023508345276432,3.27679486708744,3.27332347191734,3.44161406154363,-0.111528098057235
1092,109.099258565877,12.1639290913799,0.00674113186924332,0.0267668553585741,-0.0028058229801254,0.297861626583246,0.360823384181529,-0.0132162733573222,1.40590335212635,1.70403565351828,0.017095482652628,-0.162242150810884,-0.0506984687285977,0.0141122468279617,-0.0610293878642481,3.23742336694643,3.21085109894486,3.45531369838847,-0.112320560503223
1093,109.199440687602,12.1612018459218,0.154747852661279,0.0266806973692285,-0.0138001422172401,0.302714313452008,0.373069159475098,-0.0650173869619276,1.42984035525445,1.76271974547713,0.0243868566341569,-0.162469029643316,-0.0589574687224353,0.0156161989157856,-0.0831382525433142,3.19345663862066,3.15256278696956,3.45007082279482,-0.121144372844667
1094,109.299179352975,12.1861624646786,-0.0684902103956566,0.024960088243602,-0.00814516248574962,0.294458742092965,0.365116069766861,-0.0382961712300594,1.39300483542917,1.72625873324312,0.0310224243605837,-0.16465349763446,-0.0695204764445826,0.0162025427372384,-0.112903392452938,3.14222610247114,3.09498840020317,3.43229827224732,-0.118788788610427
1095,109.399162504549,12.1732131250364,-0.073472959449072,0.0249765766093836,-0.0112123850284761,0.294825738681789,0.36808765177505,-0.0527734257289447,1.39429759220415,1.7405703585895,0.0383657280597153,-0.166478942124756,-0.0761400760795668,0.0154416869121922,-0.107246473427576,3.31172984078734,3.25364396063791,3.87825186689349,-0.114532300350125
1096,109.499547757893,12.1679821412008,0.0033412101615056,0.0205940191940981,-0.00818287290739994,0.294740029655336,0.36094411412937,-0.0385309581956811,1.39396454141909,1.70728011254919,0.0450073398909014,-0.167459296728507,-0.0755440092261729,0.0144495296763181,-0.0836448314264348,3.29316276867131,3.24855309454192,3.92534431648497,-0.112088898413515
1097,109.599573044322,12.1445553137978,0.00674113186924332,0.0223682731161311,-0.00570143642188935,0.292401333931719,0.359876753452954,-0.0268983270030821,1.38353577112676,1.70268691651302,0.0516396237006119,-0.167962523973592,-0.0758440803750019,0.0131537018223696,-0.04787610208221,3.24057375141655,3.21123380259568,3.60423315821591,-0.112812797337212
1098,109.701490497882,12.1380167522063,-0.0654501134948413,0.0212824463495269,-0.00679653188466734,0.295578548626175,0.337838168425861,-0.0320820575197538,1.39951034464706,1.59895024742343,0.056108523354546,-0.165841908970766,-0.079545306764035,0.013677882987235,-0.0194299762416382,3.33144960337043,3.30869643827436,3.70426135270453,-0.103448871014546
1099,109.799267031456,12.1245161286926,-0.0669446854034636,0.0224624208891955,-0.00324571220693098,0.301499116056537,0.345882319416446,-0.0153379817021238,1.42614065357844,1.63710783394194,0.060737605408081,-0.165747344434828,-0.0903558751908803,0.0140448913817809,-0.00436749501774566,3.35649901611638,3.33861103137952,3.72444003757103,-0.104015532239701
1100,109.899456955933,12.1198580517782,0.00674113186924332,0.00824833368962697,-0.00928904577562121,0.303771461063739,0.342037204808661,-0.0439133042780496,1.43955624944275,1.61957098731743,0.0646852804212385,-0.166393387527228,-0.0949957950723634,0.0147422477457809,0.011507458678405,3.28687493763104,3.27635286864538,3.56319199090634,-0.106887623426736
1101,109.999656503802,12.1363954422525,-0.073472959449072,-0.00409733863932493,-0.0010439778627017,0.307475982828001,0.35003929015533,-0.00492860714492825,1.45822544107285,1.659224344583,0.0691357002741786,-0.167038498249284,-0.0934687523694593,0.0151704917424112,0.0691149606621377,3.165233601508,3.1590302810686,3.23663152829625,-0.110918596292788
1102,110.099349393036,12.1569599458805,0.00234093029360297,-0.0225108877664199,-0.0087964366140933,0.320064479377329,0.354902280991079,-0.0414576182720283,1.51658102413705,1.6838929000565,0.0732362731676689,-0.170243927501651,-0.105231583450739,0.0143266363418611,0.128819547027489,3.02482111468128,3.01526684249298,3.10186026101398,-0.120238091383297
1103,110.199225646919,12.1116928740279,-0.148870449077517,-0.0471806229501306,-0.00540136440469326,0.297121444705564,0.344378513984825,-0.0255517842719002,1.41009626837307,1.63379188538236,0.0768104000389359,-0.17180470440737,-0.0711265849580904,0.0146661320544428,0.0842773610884971,2.4853848589204,2.44989734182698,3.31148113110322,-0.140734694320724
1104,110.299712596119,12.0895314221583,-0.306149998622367,-0.0596528970584066,-0.00201850521244384,0.301211071502357,0.342210416587818,-0.00956627883125022,1.4293092962629,1.62324838045859,0.0811357762058486,-0.171739911050052,-0.0795520280147447,0.016026703390456,0.0852777656189618,2.66772778372598,2.63653581183729,3.50009489928087,-0.129034500408989
1105,110.399131088608,12.0871795120503,-0.239742818224713,-0.0656832568975723,0.00132192153587179,0.305385961883747,0.35228347281374,0.00626618678703517,1.45090151967707,1.67264304482753,0.086005786697981,-0.172360536890951,-0.0853755699482186,0.0168414590074381,0.0809529725361972,2.71327015901168,2.69511510175398,3.44211215635676,-0.129350020716591
1106,110.499372511241,12.0957207410476,-0.153687050767387,-0.0658257398106422,-0.00396861984632781,0.304004426620839,0.350179645732869,-0.0187988102896118,1.44504161019916,1.66418976400004,0.0905652128220837,-0.171430090324481,-0.0801299135867381,0.0162339885752701,0.0853977115577084,2.81948362023338,2.80871542878561,3.45108403418042,-0.125607491754069
1107,110.599183482107,12.0909150682532,-0.303596135639014,-0.0658257398106422,-0.00308981394222055,0.30037785349054,0.339970777243121,-0.01464184418771,1.42901720611017,1.61614292198024,0.0943360350887486,-0.166962570804499,-0.0651636704001129,0.0155353255249721,0.0719979742532572,2.98510148580402,2.97898534408343,3.50525443799656,-0.114924263987943
1108,110.699073000668,12.096402830816,-0.228439436820738,-0.0658257398106422,-0.00428665658732212,0.307400258193539,0.31687110538679,-0.0203041618098721,1.46284938302084,1.50676495577084,0.0956328057677029,-0.161261049255301,-0.0636807578379796,0.0157778740393452,0.0727994145801846,3.00788699021032,3.00672950719539,3.37002277541303,-0.106771884389066
1109,110.799071757743,12.0881389242755,-0.239513105838383,-0.0658257398106422,-0.000285376209046396,0.307354730371871,0.320879056412757,-0.00135263603861534,1.46320367259513,1.52675891178506,0.0969829451992834,-0.157903110202074,-0.0665042524628102,0.017036875003128,0.0624252162220985,2.95574182840487,2.95325278717314,3.2152536356181,-0.108657809533767
1110,110.899007052443,12.0579634681025,-0.239741619896029,-0.0658257398106422,-0.000528768694275681,0.305511090376957,0.324387645338376,-0.00251254820777686,1.45641040653175,1.54495167052697,0.0987772569291687,-0.153070276468339,-0.0563700053404742,0.0186608307071083,0.0418789014990442,3.04830595009527,3.04573030657588,3.23862402338097,-0.106589174233806
1111,111.000645687699,12.0230355967643,-0.228776369160989,-0.0658257398106422,-0.0023258334272397,0.305099393983802,0.320394013904603,-0.0110837597124679,1.45793109353696,1.52776424491995,0.100310859094902,-0.147620419737307,-0.0526850842321774,0.0215726624180627,-0.00881501921962642,3.16166145883916,3.15020068002469,3.29202510225976,-0.102072866286681
1112,111.09936921516,11.9702747534501,-0.229667328032917,-0.0658257398106422,-0.000256310105928236,0.314181735644622,0.328303032767812,-0.00122682959384554,1.50716592987015,1.57007580755842,0.102153283762411,-0.142323506073556,-0.0473406710363426,0.0250178780285929,-0.0448596625249589,3.20956510794273,3.19053672507606,3.36039426437541,-0.102368804440406
1113,111.199101638333,11.9730378946133,-0.239899239784536,-0.0658257398106422,-0.000651184317904823,0.311920548957109,0.330585291055301,-0.00311617764786743,1.4977635328946,1.58620888569548,0.10390200690596,-0.137119732307086,-0.0487887595439531,0.0252992947996106,-0.0724982757701657,3.48371730070106,3.4543374204398,3.64570191645974,-0.0950813303095944
1114,111.299020807347,11.9491538923587,-0.233901142085702,-0.0658257398106421,-0.00954940074792273,0.323291809248931,0.323275189708585,-0.0457890364608901,1.56125396693986,1.5553000998724,0.104468449734803,-0.133243568211184,-0.0385719236352171,0.0255303953771904,-0.101393220042769,3.29687173183059,3.2954931833504,3.69077245556424,-0.100951634618708
1115,111.399083807073,11.9107656406673,-0.0810548421124991,-0.0658257398106422,-0.0122467787302664,0.30259229365782,0.322466997387342,-0.0589121226766469,1.4617063147431,1.55594966910128,0.10542154439718,-0.12952930367141,-0.0360052217233932,0.026455109945603,-0.0712115254632782,3.34197910793077,3.34181517428963,3.82743726625898,-0.100154359230824
1116,111.499131461388,11.8607990189231,-0.0793864267569506,-0.0658257398106422,-0.0155025395323206,0.30794520397417,0.311815388330506,-0.0748878367904525,1.49299066500086,1.50881261891694,0.106076520324255,-0.127011377868882,-0.0398697752116549,0.0267122728652161,-0.0904143044626391,3.40510346933966,3.40380661218477,3.95781763757477,-0.0961256921588648
1117,111.599726348644,11.823616673623,-0.391505053626501,-0.0658257398106422,0.00694793973115655,0.312676510344339,0.325965072117733,0.0336688500713301,1.52120931068212,1.5825063943158,0.107651254313084,-0.127701029570009,-0.0463267260343794,0.0264730775669986,-0.074640925066864,3.21594772441969,3.17940827050917,3.88192819871153,-0.0991984819791005
1118,111.699090742059,11.7775523650954,-0.308853510237962,-0.0658257398106422,0.00312512947799495,0.305650792320192,0.327689917513163,0.015203220479776,1.49140626300044,1.59661220516171,0.109492105514384,-0.125541513598209,-0.0409095993966899,0.0251110193773496,-0.0682364586653739,3.51771790036209,3.51490224848162,4.16397728700091,-0.0922657237528227
1119,111.799397447709,11.758941517861,-0.153687050767387,-0.0658257398106422,-0.0058950788556723,0.30685353108261,0.322447011137201,-0.0287239382487983,1.50245160331509,1.57630226208044,0.111116557509792,-0.123484297874595,-0.040700155328382,0.0230291101821059,-0.0543970061853989,3.55137934949321,3.54923465052815,4.20256273451568,-0.0924548063387619
1120,111.89922896582,11.6909897352196,-0.0785314682559377,-0.0658257398106422,-0.011995243518382,0.291029966847842,0.314460060074746,-0.0587868608414841,1.42933078601562,1.5414823560187,0.112665774066375,-0.122310780203556,-0.0442355932070148,0.0202498132202214,-0.029646977385738,3.56342766134863,3.56279050807511,4.2204525698275,-0.0916127208457422
1121,111.999368172414,11.6568826683531,-0.14940616150127,-0.0658257398106422,-0.00832294906285662,0.296528035766987,0.305703092567684,-0.0409088593354838,1.46141048379687,1.50377467567662,0.113859843104537,-0.12194381792276,-0.0447228031225299,0.0174638154530254,-0.0173042014781219,3.47553878992657,3.47483208955377,4.1080549395269,-0.0903531971908088
1122,112.099749524383,11.6327861942387,-0.231079708733232,-0.0658257398106422,0.00124869317594755,0.293917809371181,0.309880549717512,0.00615027624673653,1.45388123095438,1.52959349731315,0.11533119553435,-0.123986019294121,-0.0550470460060731,0.015672467728871,-0.00637911578641145,3.36897084827497,3.36896789315549,4.00157133547889,-0.0916101297521155
1123,112.199137065959,11.5936691509034,-0.159170807201265,-0.0658257398106422,-0.00240180051790433,0.297931086168136,0.316015047655601,-0.0118696703475338,1.4781056978374,1.56496166147639,0.1173279508658,-0.128239671111657,-0.0680909108941421,0.0138526357239099,0.0223853526433661,3.24994946208993,3.2483200315276,3.8790219518303,-0.0979759383608208
1124,112.299660427997,11.551905642989,-0.229772598306069,-0.0658257398106422,-0.00102584753291918,0.300096787596368,0.316539939477616,-0.00508805522847605,1.49416823504539,1.57281093747747,0.119089723569773,-0.133742607666117,-0.0761015090578428,0.0123580084523878,0.0476020696722858,2.97385425524617,2.94912094464589,3.57658181656993,-0.106785928210947
1125,112.399081261311,11.5162875688817,-0.233901142085702,-0.0658257398106422,-0.00141823446868795,0.299218631865566,0.316271859532375,-0.00705599339361569,1.49452062528205,1.57644204535088,0.120741516187829,-0.139209613019561,-0.089354482237192,0.0110714020177525,0.0533933540018431,3.00705151451449,2.86312000887306,3.69781564695094,-0.105648370993191
1126,112.498933586758,11.4802907932024,-0.160618878112178,-0.0658257398106422,-0.00508590614613681,0.29433671700921,0.31296736635708,-0.0253827140234478,1.47495828780285,1.56502333226871,0.122358094574283,-0.144290269789261,-0.10227727684209,0.0100598155602431,0.0624396419278399,3.21719136686805,3.06186163799589,3.80354562661127,-0.0988605389715573
1127,112.598946388785,11.4375622093689,-0.147550672781548,-0.0619563527887252,-0.00663813534399487,0.295612753729552,0.310322587349756,-0.0332533357529264,1.48578721101653,1.55674365954081,0.12389307625594,-0.149808589469975,-0.115101701500692,0.00914751906222765,0.0663409918546037,3.29371132399773,3.14130011978681,3.79382216855262,-0.0962320894318816
1128,112.699093658222,11.3955980967707,-0.22008533684317,-0.053480054306171,0.0014686046709723,0.290845759663223,0.303144630050417,0.00738397829052182,1.46824172238541,1.52576222950121,0.124886073822795,-0.155264813215863,-0.12471011894016,0.0091857080591742,0.0554480236414426,3.16308721929504,3.03932727178532,3.62999496840807,-0.0953739193592897
1129,112.800470381134,11.3599748171932,-0.0771569787994769,-0.053480054306171,-0.00538125177760919,0.299355548630529,0.306982055768752,-0.0271411686428794,1.51421890663059,1.54981205574928,0.12609057138282,-0.159555381736385,-0.120537542809824,0.00945493780720713,0.0524832887821147,3.01597374988492,2.96293658619039,3.62125797385548,-0.103569637354529
1130,112.899621499353,11.3281706795572,-0.153687050767387,-0.036926726653799,-0.000467340010666429,0.303222971874744,0.311363386927691,-0.00236371881665903,1.5380863704062,1.57703203236175,0.127089432307731,-0.160834685730452,-0.0987440790586873,0.0106303048309406,0.0415046429280735,2.74974956670221,2.7469485266621,3.49523176363581,-0.113403318874721
1131,112.999392156006,11.2933207196764,-0.073472959449072,-0.00626307925841267,-0.00475669306171179,0.305301335911929,0.314531572045209,-0.0241327088394651,1.55443175050926,1.59821102098394,0.128114018900186,-0.161170019955095,-0.0931240621071427,0.0119215678654121,0.0255582110146675,2.81073852650989,2.80308641957901,3.49596177933397,-0.113595861762134
1132,113.098990111769,11.2549786143087,0.00674113186924332,0.0244571086633131,-0.00819183555559122,0.307327717759302,0.313628511091032,-0.0417022134829085,1.570156606699,1.59921488727207,0.128842476780506,-0.161547262385565,-0.0988520064094605,0.0133450649206929,0.0344967668647518,2.87975514255376,2.86792745614376,3.54138995638398,-0.111752677125609
1133,113.199030743608,11.2267283973689,0.0869552231875586,0.03293969152305,-0.00856598091196754,0.298843683216457,0.311489941116324,-0.0437166056781881,1.53125243965283,1.593523984845,0.129683242323106,-0.161619573426221,-0.101148407612328,0.0130935420177826,0.0414301603056697,2.92156845707788,2.90617254544678,3.57094354751859,-0.109549348827653
1134,113.299243556154,11.1850951010243,0.247383405824189,0.0391125408630452,-0.0224825474859656,0.285330720574374,0.294342742130154,-0.11516695541533,1.46753848140946,1.51037428566773,0.129909276353839,-0.160623214958588,-0.0950684667547653,0.012368793633034,0.0322206548801839,2.8985482402932,2.88672906622007,3.56852704438716,-0.109304818602595
1135,113.39941813522,11.14127243427,0.0869552231875586,0.039219704567022,-0.0107446203626966,0.301977434722493,0.301445983128286,-0.055255915518561,1.55741010878798,1.55145042027722,0.130689827205404,-0.161262894562861,-0.110473502843994,0.0123083746916451,0.0623398340908444,3.14772225467965,3.13309910316933,3.88211455998674,-0.0991798444182476
1136,113.500463241212,11.1143030118302,0.012300436266844,0.0432760591556154,0.000866832498475485,0.292711924695925,0.305345702231181,0.00446864221299868,1.51456507653138,1.57756216697725,0.13149829137418,-0.161503493296593,-0.106294050294822,0.013934890414539,0.0318832568907183,3.06703627934238,3.04987272130471,3.67938786773551,-0.0992746227957859
1137,113.599997734599,11.07817194169,0.0931145083529367,0.0410537877246029,-0.00736309946977803,0.289893196246617,0.303834273423857,-0.0380815953978326,1.50685816951379,1.57517178112468,0.132745629074194,-0.162716701799014,-0.10909242297859,0.0145968358561929,0.00372751380851954,2.96256923576574,2.93975385483449,3.36827085244476,-0.105043071782658
1138,113.699073686316,11.0420208356119,0.0134272959376188,0.0391125408630452,-0.00842330682785434,0.291334736752965,0.300348690047497,-0.0437075644348424,1.5181348894215,1.56218198410095,0.133710106074386,-0.158453940309854,-0.0721452403618283,0.0152205318070759,-0.0401852060494734,3.04245702144852,3.00675313612674,3.36858475903616,-0.101487710327078
1139,113.799042532846,10.9900083080363,0.0136058177264286,0.0391125408630452,-0.0122443634623379,0.292902622364844,0.298793812158478,-0.0638352619283708,1.53110669477029,1.55854552197696,0.134377411380797,-0.154403278980133,-0.0607606090743494,0.0155204095146761,-0.0766602412737937,2.98803975328352,2.98402135061351,3.38041683794314,-0.104094390069282
1140,113.898989011489,10.94069688992,-0.0663484856159526,0.0391125408630452,-0.00146616005712741,0.299054930955649,0.303953420101969,-0.00767819305355093,1.56880146464071,1.59089471740303,0.135174448911233,-0.151763282241121,-0.0642792182776724,0.0173912910101654,-0.0843732647090529,3.02463901381628,3.02420043216086,3.47472806964013,-0.100977200506893
1141,113.999276730445,10.9305226094464,0.00674113186924332,0.03293969152305,-0.00108799159028295,0.306106687357117,0.311751488572415,-0.00570305083209789,1.61115720977989,1.63774971799412,0.136094155431145,-0.148246533433986,-0.048692069982834,0.0193731847001645,-0.101662804061378,3.01144698164496,3.00540122879653,3.62052619633841,-0.103883442766711
1142,114.100323136896,10.8861394323556,0.00977611862389939,0.03293969152305,-0.00430104614106564,0.305491115319911,0.314715336406999,-0.0226372057865673,1.61436971880202,1.65945113484458,0.136995129153164,-0.148008262887847,-0.0679868213007041,0.020916004906731,-0.1090306726614,3.01445099144837,3.00399000850534,3.53501337325209,-0.105829016113739
1143,114.199517950521,10.8540470564545,-0.0629543044756163,0.03293969152305,-0.00716206186867558,0.30812542080995,0.313769410671279,-0.0378067144904969,1.63449684045985,1.66013453478637,0.137685638396616,-0.148334514921622,-0.0594838201857036,0.0211971242344363,-0.0843249527754221,2.81968740392959,2.81844617113763,3.34393002946774,-0.11381810341554
1144,114.299233207641,10.7995855623438,0.000698505420660789,0.03293969152305,-0.00868914458207319,0.312444131539605,0.317074929983009,-0.0460991027692327,1.66115230295375,1.68301923406549,0.138362720329491,-0.153484112823378,-0.0970854611241242,0.0212043512918661,-0.0435220180601506,2.67506211701051,2.63054966872188,2.95283315861343,-0.121778134606136
1145,114.399275920214,10.7698168028556,-0.0675325649606886,0.03293969152305,-0.00354511243512589,0.30052566047516,0.311979242385926,-0.0188601140403746,1.60440859695275,1.66150187699779,0.138912389645016,-0.155970568724348,-0.0886309385060627,0.0209307633023434,-0.035308939496992,2.70918320069541,2.6405698841652,2.91738749832005,-0.116464753930285
1146,114.499006522744,10.7216480021305,0.0138641573638564,0.03293969152305,-0.00949435524945958,0.298303472698384,0.305642964634731,-0.0507371947570027,1.59784949587965,1.63339769309204,0.139533551535139,-0.156648606977303,-0.0731795977000916,0.0210775579290551,-0.0319914722644713,2.59365297566774,2.49522090573898,2.76739999752029,-0.121503270807868
1147,114.59872256014,10.6983068919649,0.0150202142922751,0.03293969152305,-0.00952535945618995,0.305893892065776,0.3078369841763,-0.051013936735918,1.64442600989731,1.65095345427929,0.140105752251438,-0.157082275512867,-0.0749947459338334,0.020547666914457,-0.00405545719340186,2.63381961024067,2.52209386106349,2.76766939606654,-0.120495094803964
1148,114.698856304809,10.6576688549762,0.00674113186924332,0.03293969152305,-0.00786547691875959,0.297028962812712,0.299182498079049,-0.0422849082305163,1.60247747375315,1.61016704105759,0.139877554520766,-0.158104287108137,-0.0783730210500326,0.0191393978526151,0.0280256210778049,2.48775112483974,2.35642128452084,2.62046055645789,-0.123423911633279
1149,114.799223091642,10.6341984445963,-0.0605504903312553,0.0269208139177942,-0.00593858312440007,0.295411987940485,0.291787713212654,-0.0319963667894698,1.59964770900303,1.57592967204747,0.139432652425574,-0.167427463478254,NaN,0.0166599931358732,0.092654425006839,1.25118443026014,1.24085256923685,1.89383538246262,-0.237955563653515
1150,114.900197452691,10.5866423600161,0.00899040180722175,-0.0145903996344254,-0.00963391250139756,0.304236778596322,0.297010189124423,-0.052139512735926,1.6530825607465,1.6099636434397,0.139148490970018,-0.175458746101616,NaN,0.0149385296921161,0.15890924777534,1.25119689828133,1.24085629188779,1.89382671155473,-0.245080612049978
1151,114.999167807177,10.5418603979651,-0.073472959449072,-0.0411343819772191,-0.00325480711616835,0.299655328473313,0.301158370474123,-0.0176901133120536,1.63462791800003,1.63806451324793,0.139070533698278,-0.171641947295081,-0.0444993007393447,0.0142273253582155,0.186140935521979,2.1691054670604,2.0937564096725,3.04422001327679,-0.140340422452042
1152,115.099109344078,10.496860801539,-0.146975551145099,-0.0411343819772191,-0.0081890972795403,0.293002627161826,0.297734217240233,-0.0446991368010831,1.6033881695562,1.62523451504095,0.139210975485893,-0.167247944958515,-0.037760794384654,0.0138327185530648,0.204215672737805,2.17150387999715,2.0839292399575,3.39880016153506,-0.140880850979725
1153,115.199144513992,10.4682172664491,-0.303008987366309,-0.0411343819772191,0.000803051957655724,0.302164869123722,0.301199146471792,0.00439535086462154,1.66137984436407,1.65018499059389,0.139572642472042,-0.160926256681589,-0.0189142324360143,0.0142252093063603,0.181366544757523,2.28288247209483,2.18270862054814,3.62921411251117,-0.131586316065796
1154,115.299512341192,10.4190572258854,-0.229771280691302,-0.0411343819772191,0.00304684775624901,0.30644408182861,0.30855659546646,0.0167550200071917,1.68817825853252,1.696572967359,0.139999418516462,-0.155911279591965,-0.0254575729013364,0.0141243265160312,0.197422551992271,2.30204216124338,2.19141582399408,3.82614254683355,-0.132712490176635
1155,115.399767808777,10.3869247073048,-0.153687050767387,-0.0411343819772191,-0.00143708806248587,0.297150628296773,0.296295240626691,-0.00792718562653887,1.645353122029,1.63532546569697,0.139447801460975,-0.148449456710994,0.0111668016758354,0.0150824157131248,0.123732775261666,2.30121131096846,2.18654414908144,3.78521121517367,-0.129380699316951
1156,115.500179851567,10.3459112234185,-0.152314950882373,-0.0514072022827678,-0.00542303878597533,0.305084980216393,0.298050002980746,-0.0300328506020453,1.69294088101353,1.65099206563695,0.139139757267995,-0.143467307724169,-0.00293944116920796,0.0142463671458231,0.115102958724276,2.29905520185177,2.18058264978879,3.78185635096061,-0.13199902356511
1157,115.598327536,10.3174244689733,-0.144776587531323,-0.0816537734498724,-0.00556020117987213,0.2995321400753,0.290892199554405,-0.0308774763476325,1.66894133752486,1.61699791599315,0.138019267911291,-0.140524645558433,-0.0197835448444939,0.0128087604769661,0.120919969555484,2.34706468459937,2.23494283966035,3.68985628121146,-0.126307724997737
1158,115.698598348995,10.2746823289254,-0.161567887903985,-0.0843442548918296,-0.00444223930189564,0.301167527233851,0.283437345066807,-0.0247717194146653,1.68411336576341,1.58137945858913,0.136323438930819,-0.137398138454098,-0.0156125042003235,0.0125643082609996,0.110311393179336,2.34140751088053,2.22806174950675,3.615697565041,-0.122951508027084
1159,115.798739896415,10.2290928823356,-0.233901142085702,-0.100296538885253,-0.00300340991559357,0.304114327069711,0.286525930573856,-0.0168228707418786,1.70634417656979,1.60472401325945,0.134709658236843,-0.135107536036668,-0.018951712554557,0.0125919754986637,0.111473522782142,2.38813773497619,2.27008714659335,3.62204492882407,-0.121236449744527
1160,115.898777147062,10.2172808300894,-0.233901142085702,-0.127300839458512,-0.0019872751214547,0.309047668400502,0.292432877452526,-0.0111441074830348,1.74157975906547,1.64393845979482,0.133294319181948,-0.132394499183356,-0.0147519840276307,0.0134860369023223,0.0991709856736318,2.48027629689927,2.36498865932499,3.62441046136837,-0.1187045785754
1161,115.998914793106,10.1630765444641,-0.314115233404018,-0.162109482147342,0.00272441334773578,0.312001240810349,0.298715647684702,0.0153592646923702,1.7632847294568,1.68530275295821,0.132111813054317,-0.130812930844124,-0.0253495645661458,0.014544902449686,0.106032842180493,2.55729654122685,2.44175175930262,3.63726307551757,-0.115743805837616
1162,116.099632183554,10.1315949412204,-0.554757507358964,-0.176936846767166,0.0110885303853668,0.308698155964621,0.298243413266409,0.0627073764891905,1.75189685832544,1.68871497018648,0.130892499608908,-0.128674882854084,-0.0331087010391758,0.0150216319639534,0.0961689440444623,2.70614551380431,2.59955214158115,3.64544978078689,-0.106112136770265
1163,116.199913920401,10.0884495405659,-0.554757507358964,-0.183109686225522,0.00876356279310216,0.306923871018855,0.29696818854377,0.0497712788497585,1.74906753689497,1.68764690061195,0.129805162290798,-0.127547353146205,-0.0432406299333268,0.0154910519041032,0.0812007635432795,2.80163452495395,2.72057310453786,3.58573776970456,-0.102870172102625
1164,116.299172976676,10.0517216243441,-0.629149422992493,-0.19920727204323,0.0131911772444605,0.316613328122886,0.30169205524101,0.0751909351732432,1.81089346350555,1.72118647256458,0.128804974010101,-0.1284267277229,-0.0562373027947632,0.0163408766108923,0.0728984193323915,2.77665366197996,2.72148784388734,3.3755256154691,-0.103902363462509
1165,116.399069777804,10.0166033179087,-0.491313138010477,-0.201628201306709,0.00669336075348893,0.30678187651413,0.302620636932623,0.038286558095654,1.76240311289407,1.73358730036347,0.1278982142041,-0.13131882006396,-0.0736440829067218,0.0162631856264113,0.0626713169754245,2.8874296713198,2.84885023088748,3.36399154930893,-0.10248813299888
1166,116.499094283958,9.96341252119015,-0.480649498463722,-0.205355072728785,-0.000155960183189268,0.308568800128872,0.294268588739548,-0.000896867438650925,1.77866576125259,1.6925399611509,0.126557210698037,-0.135432478132491,-0.0945552538324753,0.0164267338762347,0.0624252453556566,3.01273300138492,2.98338589063284,3.35874954353384,-0.0977267314386619
1167,116.599339868058,9.92424340272908,-0.639397589417386,-0.201764987322078,0.0125241747167224,0.324409809995725,0.297307912160961,0.072305962590359,1.87890161094013,1.71755257309751,0.124634360762783,-0.141327580484614,-0.107552166344411,0.0175658752031761,0.0573524354216313,2.69173776931431,2.66807590867116,2.99260669110478,-0.105799212943683
1168,116.699235368728,9.8726260306616,-0.554757507358964,-0.201628201306709,0.0103505993278063,0.31195983018525,0.280724589109837,0.0600696752602783,1.81522703469303,1.62799364598588,0.120892252233769,-0.143839890949229,-0.102347859398386,0.0188675563511347,0.0754365339609322,2.77065966359189,2.7445833397024,3.4314869840978,-0.097584699172874
1169,116.799220861127,9.82939388721696,-0.623380087601204,-0.205382951687509,0.00938696353644842,0.309519026990636,0.274828603104319,0.0547168254473091,1.81123422352483,1.60144436890145,0.117301690665351,-0.145468318773726,-0.110028965252434,0.0192267911108718,0.0842183615687343,3.03245082048741,3.00267296201033,3.70685841669844,-0.0875336997304396
