feature,direction,threshold,selected,matched,extra,points,coverage,recall,precision
tilt,<=,4.243076158315049,242,149,93,12602,0.9359774212715389,0.8097826086956522,0.6157024793388429
tilt,<=,4.3335288477233,245,151,94,12643,0.9390225787284611,0.8206521739130435,0.6163265306122448
ownerCount,>=,20.0,244,148,96,12867,0.9556595365418895,0.8043478260869565,0.6065573770491803
peakFloor15,>=,0.646079607867828,244,148,96,12311,0.9143642305407012,0.8043478260869565,0.6065573770491803
tilt,<=,4.430445944061865,248,151,97,12643,0.9390225787284611,0.8206521739130435,0.6088709677419355
tilt,<=,4.551865574101547,252,152,100,12660,0.9402852049910874,0.8260869565217391,0.6031746031746031
peakFloor15,>=,0.633597260210522,249,148,101,12311,0.9143642305407012,0.8043478260869565,0.5943775100401606
pointScore,>=,0.8106896448135372,250,148,102,12684,0.9420677361853832,0.8043478260869565,0.592
maximumStd,<=,0.10031618609501033,250,148,102,12243,0.9093137254901961,0.8043478260869565,0.592
supportHeight,>=,2.40826427936554,251,149,102,12237,0.908868092691622,0.8097826086956522,0.5936254980079682
ownerCount,>=,18.25,253,150,103,12898,0.957961972667855,0.8152173913043478,0.5928853754940712
ownerCount,>=,19.0,253,150,103,12898,0.957961972667855,0.8152173913043478,0.5928853754940712
pointScore,>=,0.8077714759111404,253,149,104,12753,0.9471925133689839,0.8097826086956522,0.5889328063241107
tilt,<=,4.583614872222771,256,152,104,12660,0.9402852049910874,0.8260869565217391,0.59375
peakFloor45,>=,0.8683038474347462,252,148,104,12344,0.916815210932858,0.8043478260869565,0.5873015873015873
peakFloor15,>=,0.6332794364478892,252,148,104,12311,0.9143642305407012,0.8043478260869565,0.5873015873015873
supportHeight,>=,2.402539719343183,255,151,104,12268,0.9111705288175876,0.8206521739130435,0.592156862745098
maximumStd,<=,0.10056830304367882,255,149,106,12262,0.9107248960190136,0.8097826086956522,0.5843137254901961
peakFloor15,>=,0.6199301912564178,255,148,107,12311,0.9143642305407012,0.8043478260869565,0.5803921568627451
ownerCount,>=,18.0,260,152,108,12930,0.9603386809269162,0.8260869565217391,0.5846153846153846
pointScore,>=,0.7975702786445615,258,150,108,12768,0.948306595365419,0.8152173913043478,0.5813953488372093
tilt,<=,4.731524902305619,261,153,108,12674,0.9413250148544267,0.8315217391304348,0.5862068965517241
peakFloor15,>=,0.6018177282181192,259,151,108,12361,0.9180778371954843,0.8206521739130435,0.583011583011583
peakFloor45,>=,0.8660285210957447,256,148,108,12344,0.916815210932858,0.8043478260869565,0.578125
supportHeight,>=,2.400228940248487,259,151,108,12268,0.9111705288175876,0.8206521739130435,0.583011583011583
pointScore,>=,0.7940771889686588,260,151,109,12787,0.9497177658942365,0.8206521739130435,0.5807692307692308
centralFraction60,>=,0.8756117940277643,257,148,109,12299,0.9134729649435532,0.8043478260869565,0.5758754863813229
longestHeight,>=,1.95731568336487,259,149,110,12562,0.9330065359477124,0.8097826086956522,0.5752895752895753
maximumStd,<=,0.10237523807739982,261,151,110,12352,0.9174093879976233,0.8206521739130435,0.578544061302682
peakFloor45,>=,0.863112472299117,258,148,110,12344,0.916815210932858,0.8043478260869565,0.5736434108527132
maximumStd,<=,0.10126436037579137,259,149,110,12262,0.9107248960190136,0.8097826086956522,0.5752895752895753
longestHeight,>=,1.93440306186676,263,152,111,12606,0.9362745098039216,0.8260869565217391,0.5779467680608364
centralFraction60,>=,0.8669533669531303,260,149,111,12330,0.9157754010695187,0.8097826086956522,0.573076923076923
pointScore,>=,0.7874414086341857,264,152,112,12828,0.9527629233511586,0.8260869565217391,0.5757575757575758
tilt,<=,4.960158483804914,265,153,112,12674,0.9413250148544267,0.8315217391304348,0.5773584905660377
fraction010,>=,0.382352941176471,260,148,112,12377,0.9192661913250149,0.8043478260869565,0.5692307692307692
fraction006,>=,0.2,261,149,112,12371,0.9188205585264408,0.8097826086956522,0.5708812260536399
supportHeight,>=,2.394920158386232,263,151,112,12268,0.9111705288175876,0.8206521739130435,0.5741444866920152
centralFraction60,>=,0.8568545047622557,263,150,113,12460,0.9254307783719549,0.8152173913043478,0.5703422053231939
maximumStd,<=,0.1028289624322615,265,152,113,12432,0.9233511586452763,0.8260869565217391,0.5735849056603773
centralFraction45,>=,0.906328764016933,261,148,113,12391,0.9203060011883542,0.8043478260869565,0.5670498084291188
peakFloor15,>=,0.597285347000626,264,151,113,12361,0.9180778371954843,0.8206521739130435,0.571969696969697
centralFraction15,<=,1.2626022356771234,262,149,113,12258,0.910427807486631,0.8097826086956522,0.5687022900763359
coreHeight,>=,2.2122243642807,265,152,113,12157,0.902926322043969,0.8260869565217391,0.5735849056603773
pointScore,>=,0.7784759324789046,268,154,114,12859,0.9550653594771242,0.8369565217391305,0.5746268656716418
tilt,<=,5.058503711425592,269,155,114,12713,0.9442216280451574,0.842391304347826,0.5762081784386617
longestHeight,>=,1.91549348831177,267,153,114,12632,0.9382055852644088,0.8315217391304348,0.5730337078651685
peakCeiling60,>=,0.958204860884159,262,148,114,12596,0.9355317884729649,0.8043478260869565,0.5648854961832062
fraction006,>=,0.192982456140351,265,151,114,12569,0.9335264408793821,0.8206521739130435,0.569811320754717
fraction010,>=,0.38069810448451225,263,149,114,12438,0.9237967914438503,0.8097826086956522,0.5665399239543726
centralFraction45,>=,0.9049290950891591,264,150,114,12414,0.9220142602495544,0.8152173913043478,0.5681818181818182
peakFloor45,>=,0.8594804303424759,262,148,114,12344,0.916815210932858,0.8043478260869565,0.5648854961832062
coreHeight,>=,2.185389320850369,268,154,114,12287,0.9125816993464052,0.8369565217391305,0.5746268656716418
radialRms,<=,0.114049819558858,264,150,114,12172,0.9040404040404041,0.8152173913043478,0.5681818181818182
longestHeight,>=,1.89531227529049,270,155,115,12882,0.9567736185383244,0.842391304347826,0.5740740740740741
centralFraction60,>=,0.8467248443502613,266,151,115,12551,0.9321895424836601,0.8206521739130435,0.5676691729323309
fraction015,>=,0.541666666666667,263,148,115,12501,0.928475935828877,0.8043478260869565,0.5627376425855514
maximumStd,<=,0.10365854821930195,267,152,115,12432,0.9233511586452763,0.8260869565217391,0.5692883895131086
meanRatio,>=,0.9004171093751,264,149,115,12375,0.9191176470588235,0.8097826086956522,0.5643939393939394
supportHeight,>=,2.357459407448765,269,154,115,12344,0.916815210932858,0.8369565217391305,0.5724907063197026
supportHeight,>=,2.37193024158478,268,153,115,12313,0.9145127748068924,0.8315217391304348,0.5708955223880597
centralFraction15,<=,1.2641844151113524,264,149,115,12258,0.910427807486631,0.8097826086956522,0.5643939393939394
ownerCount,>=,16.61999999999999,276,160,116,13054,0.9695484254307783,0.8695652173913043,0.5797101449275363
ownerCount,>=,17.0,276,160,116,13054,0.9695484254307783,0.8695652173913043,0.5797101449275363
pointScore,>=,0.764331221580505,272,156,116,12928,0.960190136660725,0.8478260869565217,0.5735294117647058
fraction010,>=,0.361111111111111,267,151,116,12501,0.928475935828877,0.8206521739130435,0.5655430711610487
peakFloor15,>=,0.590199852715207,267,151,116,12361,0.9180778371954843,0.8206521739130435,0.5655430711610487
peakFloor30,>=,0.792695140888072,264,148,116,12319,0.9149584076054664,0.8043478260869565,0.5606060606060606
radialRms,<=,0.11475265231997783,266,150,116,12172,0.9040404040404041,0.8152173913043478,0.5639097744360902
acceptedCount,>=,30.0,268,151,117,12831,0.9529857397504456,0.8206521739130435,0.5634328358208955
tilt,<=,5.097698001819464,273,156,117,12826,0.9526143790849673,0.8478260869565217,0.5714285714285714
peakCeiling60,>=,0.956641988396729,266,149,117,12622,0.9374628639334521,0.8097826086956522,0.5601503759398496
fraction010,>=,0.3416181410974247,269,152,117,12592,0.9352346999405823,0.8260869565217391,0.5650557620817844
fraction006,>=,0.191176470588235,268,151,117,12569,0.9335264408793821,0.8206521739130435,0.5634328358208955
fraction015,>=,0.529752953813104,266,149,117,12527,0.9304070112893642,0.8097826086956522,0.5601503759398496
coreHeight,>=,2.151839078068731,272,155,117,12318,0.9148841354723708,0.842391304347826,0.5698529411764706
longestHeight,>=,1.8881761717796326,273,155,118,12882,0.9567736185383244,0.842391304347826,0.5677655677655677
tilt,<=,5.193504381837511,276,158,118,12857,0.9549168152109329,0.8586956521739131,0.572463768115942
density15,>=,202.524331212226,266,148,118,12804,0.9509803921568627,0.8043478260869565,0.556390977443609
centralFraction60,>=,0.8346972433336122,270,152,118,12635,0.9384284016636958,0.8260869565217391,0.562962962962963
massRatio,>=,0.8425717382527584,274,156,118,12548,0.9319667260843731,0.8478260869565217,0.5693430656934306
peakCeiling45,>=,0.9537126716997736,266,148,118,12530,0.9306298276886512,0.8043478260869565,0.556390977443609
peakFloor45,>=,0.8506745356467895,268,150,118,12465,0.9258021390374331,0.8152173913043478,0.5597014925373134
maximumStd,<=,0.104316259700674,272,154,118,12463,0.9256535947712419,0.8369565217391305,0.5661764705882353
meanRatio,>=,0.89825709699439,268,150,118,12455,0.9250594177064765,0.8152173913043478,0.5597014925373134
peakFloor15,>=,0.5808806136512479,270,152,118,12452,0.9248366013071896,0.8260869565217391,0.562962962962963
massRatio,>=,0.846084950761155,272,154,118,12434,0.9234997029114677,0.8369565217391305,0.5661764705882353
peakFloor45,>=,0.85451975541676,267,149,118,12424,0.922756981580511,0.8097826086956522,0.5580524344569289
peakFloor30,>=,0.7843688607613131,267,149,118,12410,0.9217171717171717,0.8097826086956522,0.5580524344569289
massRatio,>=,0.854146875207966,269,151,118,12368,0.9185977421271538,0.8206521739130435,0.5613382899628253
centralFraction15,<=,1.26883629410354,267,149,118,12258,0.910427807486631,0.8097826086956522,0.5580524344569289
quarterRmsMaximum,<=,0.137710410917294,267,149,118,12119,0.9001039809863339,0.8097826086956522,0.5580524344569289
pointScore,>=,0.75806450843811,275,156,119,12928,0.960190136660725,0.8478260869565217,0.5672727272727273
fraction010,>=,0.33897131331241553,273,154,119,12724,0.9450386215092097,0.8369565217391305,0.5641025641025641
peakCeiling60,>=,0.949845572295105,270,151,119,12705,0.9436274509803921,0.8206521739130435,0.5592592592592592
fraction006,>=,0.189655172413793,271,152,119,12630,0.9380570409982175,0.8260869565217391,0.5608856088560885
fraction015,>=,0.519480519480519,270,151,119,12571,0.9336749851455733,0.8206521739130435,0.5592592592592592
peakFloor30,>=,0.7789455476424643,270,151,119,12542,0.9315210932857991,0.8206521739130435,0.5592592592592592
peakFloor15,>=,0.5709246011201337,272,153,119,12471,0.9262477718360071,0.8315217391304348,0.5625
centralFraction45,>=,0.891777251024809,269,150,119,12414,0.9220142602495544,0.8152173913043478,0.5576208178438662
supportHeight,>=,2.331827560663221,273,154,119,12344,0.916815210932858,0.8369565217391305,0.5641025641025641
centralFraction15,<=,1.269964211941972,268,149,119,12258,0.910427807486631,0.8097826086956522,0.5559701492537313
radialRms,<=,0.115607911561845,271,152,119,12203,0.9063428401663696,0.8260869565217391,0.5608856088560885
tilt,<=,5.212411980276386,280,160,120,12926,0.9600415923945336,0.8695652173913043,0.5714285714285714
fraction006,>=,0.1815715715715715,274,154,120,12717,0.94451871657754,0.8369565217391305,0.5620437956204379
peakCeiling60,>=,0.9483460386821502,271,151,120,12705,0.9436274509803921,0.8206521739130435,0.5571955719557196
massRatio,>=,0.8418876811840144,276,156,120,12548,0.9319667260843731,0.8478260869565217,0.5652173913043478
coreHeight,>=,2.0898948526382424,276,156,120,12334,0.9160724896019014,0.8478260869565217,0.5652173913043478
pointScore,>=,0.7434809184074402,278,157,121,12950,0.9618241235888295,0.8532608695652174,0.564748201438849
acceptedCount,>=,28.349999999999994,277,156,121,12932,0.9604872251931076,0.8478260869565217,0.5631768953068592
acceptedCount,>=,29.0,277,156,121,12932,0.9604872251931076,0.8478260869565217,0.5631768953068592
longestHeight,>=,1.8584380042552948,276,155,121,12882,0.9567736185383244,0.842391304347826,0.5615942028985508
density15,>=,199.15693283708427,269,148,121,12804,0.9509803921568627,0.8043478260869565,0.550185873605948
centralFraction60,>=,0.8224582516136228,274,153,121,12711,0.9440730837789661,0.8315217391304348,0.5583941605839416
peakFloor30,>=,0.7757337231923342,274,153,121,12565,0.9332293523469994,0.8315217391304348,0.5583941605839416
centralFraction45,>=,0.8847081598973952,272,151,121,12544,0.9316696375519905,0.8206521739130435,0.5551470588235294
peakFloor15,>=,0.5537286389076814,276,155,121,12494,0.9279560308972074,0.842391304347826,0.5615942028985508
maximumStd,<=,0.105472109506654,276,155,121,12475,0.9265448603683898,0.842391304347826,0.5615942028985508
peakFloor45,>=,0.8471960883332343,271,150,121,12465,0.9258021390374331,0.8152173913043478,0.5535055350553506
meanRatio,>=,0.8972647950150008,271,150,121,12455,0.9250594177064765,0.8152173913043478,0.5535055350553506
radialRms,<=,0.11818610039607964,279,158,121,12449,0.9246137849079026,0.8586956521739131,0.5663082437275986
peakFloor60,>=,0.8116459100640986,270,149,121,12443,0.9241681521093286,0.8097826086956522,0.5518518518518518
coreMaximumZ,>=,0.6957583761215207,270,149,121,12397,0.920751633986928,0.8097826086956522,0.5518518518518518
supportHeight,>=,2.307958178520201,277,156,121,12379,0.9194147355912062,0.8478260869565217,0.5631768953068592
radialRms,<=,0.116814284106663,275,154,121,12226,0.9080510992275698,0.8369565217391305,0.56
radialRms,<=,0.11738473066943907,275,154,121,12226,0.9080510992275698,0.8369565217391305,0.56
ownerHeight,>=,1.8675439655780797,273,152,121,12178,0.904486036838978,0.8260869565217391,0.5567765567765568
acceptedCount,>=,28.0,281,159,122,12994,0.9650920974450387,0.8641304347826086,0.5658362989323843
tilt,<=,5.27894662930498,282,160,122,12926,0.9600415923945336,0.8695652173913043,0.5673758865248227
peakFloor30,>=,0.7619196045046869,281,159,122,12770,0.9484551396316102,0.8641304347826086,0.5658362989323843
peakFloor30,>=,0.773833813367472,278,156,122,12719,0.9446672608437314,0.8478260869565217,0.5611510791366906
fraction050,>=,0.6580790960451975,273,151,122,12629,0.9379827688651218,0.8206521739130435,0.5531135531135531
fraction015,>=,0.5131602002503126,273,151,122,12571,0.9336749851455733,0.8206521739130435,0.5531135531135531
fraction025,>=,0.65,271,149,122,12559,0.9327837195484254,0.8097826086956522,0.5498154981549815
peakCeiling45,>=,0.9514538860255951,270,148,122,12530,0.9306298276886512,0.8043478260869565,0.5481481481481482
meanRatio,>=,0.8918304169564701,273,151,122,12476,0.9266191325014854,0.8206521739130435,0.5531135531135531
fraction050,>=,0.688311688311688,270,148,122,12414,0.9220142602495544,0.8043478260869565,0.5481481481481482
fraction075,>=,0.727272727272727,270,148,122,12414,0.9220142602495544,0.8043478260869565,0.5481481481481482
centralFraction15,<=,1.273365361603858,272,150,122,12371,0.9188205585264408,0.8152173913043478,0.5514705882352942
quarterRmsMaximum,<=,0.13983032427575823,274,152,122,12227,0.9081253713606655,0.8260869565217391,0.5547445255474452
quarterRmsMaximum,<=,0.138778399096263,273,151,122,12215,0.9072341057635175,0.8206521739130435,0.5531135531135531
quarterRmsMaximum,<=,0.138110278738154,271,149,122,12119,0.9001039809863339,0.8097826086956522,0.5498154981549815
ownerCount,>=,15.349999999999994,285,162,123,13071,0.9708110516934046,0.8804347826086957,0.5684210526315789
ownerCount,>=,16.0,285,162,123,13071,0.9708110516934046,0.8804347826086957,0.5684210526315789
pointScore,>=,0.7294980585575103,282,159,123,12982,0.9642008318478906,0.8641304347826086,0.5638297872340425
fraction006,>=,0.17217391304347843,278,155,123,12808,0.9512774806892454,0.842391304347826,0.5575539568345323
peakCeiling60,>=,0.9460928660324867,274,151,123,12705,0.9436274509803921,0.8206521739130435,0.551094890510949
centralFraction45,>=,0.8805394165147542,275,152,123,12635,0.9384284016636958,0.8260869565217391,0.5527272727272727
coreHeight,>=,2.070906049013139,280,157,123,12447,0.9244652406417112,0.8532608695652174,0.5607142857142857
coreMaximumZ,>=,0.659911572933197,273,150,123,12414,0.9220142602495544,0.8152173913043478,0.5494505494505495
centralFraction45,>=,0.8683222791961572,278,154,124,12695,0.9428847296494355,0.8369565217391305,0.5539568345323741
fraction100,>=,0.7304848484848482,276,152,124,12677,0.9415478312537136,0.8260869565217391,0.5507246376811594
fraction050,>=,0.637931034482759,276,152,124,12655,0.939913844325609,0.8260869565217391,0.5507246376811594
fraction015,>=,0.502923976608187,276,152,124,12639,0.9387254901960784,0.8260869565217391,0.5507246376811594
fraction100,>=,0.753246753246753,273,149,124,12621,0.9373885918003565,0.8097826086956522,0.5457875457875457
peakCeiling45,>=,0.951035089269755,273,149,124,12610,0.9365715983363042,0.8097826086956522,0.5457875457875457
massRatio,>=,0.8352674569235714,280,156,124,12548,0.9319667260843731,0.8478260869565217,0.5571428571428572
peakFloor15,>=,0.5362213286018349,280,156,124,12506,0.9288472964943553,0.8478260869565217,0.5571428571428572
fraction075,>=,0.6840395861448492,273,149,124,12443,0.9241681521093286,0.8097826086956522,0.5457875457875457
supportHeight,>=,2.244171705842016,280,156,124,12379,0.9194147355912062,0.8478260869565217,0.5571428571428572
ownerHeight,>=,1.854124667644498,277,153,124,12201,0.9061942959001783,0.8315217391304348,0.5523465703971119
centralFraction30,>=,0.9755084520735031,276,152,124,12152,0.9025549613784908,0.8260869565217391,0.5507246376811594
pointScore,>=,0.7219397532939912,285,160,125,13001,0.9656120023767083,0.8695652173913043,0.5614035087719298
longestHeight,>=,1.8238231658935544,280,155,125,12882,0.9567736185383244,0.842391304347826,0.5535714285714286
supportedCount,>=,31.0,275,150,125,12823,0.9523915626856804,0.8152173913043478,0.5454545454545454
fraction006,>=,0.16365591397849466,280,155,125,12808,0.9512774806892454,0.842391304347826,0.5535714285714286
density15,>=,195.42949763730593,273,148,125,12804,0.9509803921568627,0.8043478260869565,0.5421245421245421
centralFraction60,>=,0.817274185240463,279,154,125,12752,0.9471182412358883,0.8369565217391305,0.5519713261648745
fraction010,>=,0.327586206896552,280,155,125,12729,0.9454099821746881,0.842391304347826,0.5535714285714286
fraction010,>=,0.333333333333333,279,154,125,12724,0.9450386215092097,0.8369565217391305,0.5519713261648745
peakCeiling45,>=,0.949919799617375,275,150,125,12639,0.9387254901960784,0.8152173913043478,0.5454545454545454
meanRatio,>=,0.8909348895670512,277,152,125,12567,0.9333778966131907,0.8260869565217391,0.5487364620938628
maximumStd,<=,0.106256688036156,280,155,125,12475,0.9265448603683898,0.842391304347826,0.5535714285714286
coreMaximumZ,>=,0.6365193963050841,278,153,125,12469,0.9260992275698158,0.8315217391304348,0.5503597122302158
peakFloor45,>=,0.8410315502128579,275,150,125,12465,0.9258021390374331,0.8152173913043478,0.5454545454545454
coreMaximumZ,>=,0.654784679412842,277,152,125,12453,0.9249108734402852,0.8260869565217391,0.5487364620938628
radialRms,<=,0.11878748262888959,283,158,125,12449,0.9246137849079026,0.8586956521739131,0.558303886925795
peakFloor60,>=,0.8021646855091766,274,149,125,12443,0.9241681521093286,0.8097826086956522,0.5437956204379562
centralFraction15,<=,1.2777607862612883,276,151,125,12383,0.9197118241235889,0.8206521739130435,0.5471014492753623
quarterRmsMaximum,<=,0.14087407564839416,278,153,125,12253,0.9100564468211527,0.8315217391304348,0.5503597122302158
longestHeight,>=,1.8076004976034157,284,158,126,12970,0.9633095662507427,0.8586956521739131,0.5563380281690141
tilt,<=,5.59353780411706,286,160,126,12926,0.9600415923945336,0.8695652173913043,0.5594405594405595
fraction010,>=,0.3201388888888884,282,156,126,12813,0.9516488413547237,0.8478260869565217,0.5531914893617021
peakFloor30,>=,0.7532927664894089,285,159,126,12770,0.9484551396316102,0.8641304347826086,0.5578947368421052
peakCeiling60,>=,0.9350069653733352,278,152,126,12746,0.9466726084373143,0.8260869565217391,0.5467625899280576
fraction015,>=,0.4924994840041284,279,153,126,12658,0.940136660724896,0.8315217391304348,0.5483870967741935
fraction025,>=,0.617647058823529,276,150,126,12600,0.9358288770053476,0.8152173913043478,0.5434782608695652
meanRatio,>=,0.8871670182210393,279,153,126,12579,0.9342691622103387,0.8315217391304348,0.5483870967741935
peakFloor15,>=,0.5299725819628798,284,158,126,12567,0.9333778966131907,0.8586956521739131,0.5563380281690141
maximumStd,<=,0.10832733150108133,283,157,126,12536,0.9310754604872252,0.8532608695652174,0.5547703180212014
peakFloor45,>=,0.8400819271426024,277,151,126,12533,0.9308526440879382,0.8206521739130435,0.5451263537906137
centralFraction15,<=,1.28499656820856,279,153,126,12414,0.9220142602495544,0.8315217391304348,0.5483870967741935
ownerHeight,>=,1.8210596621036519,281,155,126,12250,0.9098336304218657,0.842391304347826,0.5516014234875445
peakShift45,<=,0.0690102593976595,275,149,126,12230,0.9083481877599525,0.8097826086956522,0.5418181818181819
ownerCount,>=,15.0,290,163,127,13089,0.9721479500891266,0.8858695652173914,0.5620689655172414
acceptedCount,>=,26.08,288,161,127,13035,0.9681372549019608,0.875,0.5590277777777778
acceptedCount,>=,27.0,288,161,127,13035,0.9681372549019608,0.875,0.5590277777777778
supportedCount,>=,30.0,282,155,127,12927,0.9601158645276292,0.842391304347826,0.549645390070922
tilt,<=,5.673356143512424,287,160,127,12926,0.9600415923945336,0.8695652173913043,0.5574912891986062
density15,>=,190.62514202219828,277,150,127,12837,0.9534313725490197,0.8152173913043478,0.5415162454873647
fraction006,>=,0.1580114641840428,283,156,127,12813,0.9516488413547237,0.8478260869565217,0.5512367491166078
massRatio,>=,0.833941021446485,284,157,127,12661,0.940359477124183,0.8532608695652174,0.5528169014084507
fraction050,>=,0.63082788671024,279,152,127,12655,0.939913844325609,0.8260869565217391,0.5448028673835126
fraction075,>=,0.661764705882353,278,151,127,12629,0.9379827688651218,0.8206521739130435,0.5431654676258992
coreMaximumZ,>=,0.616285860538483,283,156,127,12585,0.9347147950089126,0.8478260869565217,0.5512367491166078
coreHeight,>=,2.0381328654289286,284,157,127,12447,0.9244652406417112,0.8532608695652174,0.5528169014084507
peakShift60,<=,0.10284443591827924,277,150,127,12446,0.9243909685086156,0.8152173913043478,0.5415162454873647
peakShift60,<=,0.101823884717103,275,148,127,12414,0.9220142602495544,0.8043478260869565,0.5381818181818182
supportHeight,>=,2.2034347295761116,284,157,127,12404,0.9212715389185977,0.8532608695652174,0.5528169014084507
peakShift45,<=,0.06966275346671247,277,150,127,12360,0.9180035650623886,0.8152173913043478,0.5415162454873647
quarterRmsMaximum,<=,0.141196306723618,280,153,127,12253,0.9100564468211527,0.8315217391304348,0.5464285714285714
centralFraction30,>=,0.973116239747099,281,154,127,12175,0.904263220439691,0.8369565217391305,0.5480427046263345
isolation,>=,0.867256637168142,282,155,127,12138,0.9015151515151515,0.842391304347826,0.549645390070922
longestHeight,>=,1.7822033244371445,288,160,128,13001,0.9656120023767083,0.8695652173913043,0.5555555555555556
meanGap,<=,0.08795913696289062,277,149,128,12794,0.9502376708259062,0.8097826086956522,0.5379061371841155
peakCeiling60,>=,0.9198584126139729,281,153,128,12777,0.9489750445632799,0.8315217391304348,0.5444839857651246
centralFraction60,>=,0.8079848150171994,282,154,128,12752,0.9471182412358883,0.8369565217391305,0.5460992907801419
centralFraction45,>=,0.8647610889377592,282,154,128,12695,0.9428847296494355,0.8369565217391305,0.5460992907801419
coreMaximumZ,>=,0.602465730905533,286,158,128,12693,0.9427361853832442,0.8586956521739131,0.5524475524475524
fraction015,>=,0.47848877120721806,282,154,128,12687,0.9422905525846702,0.8369565217391305,0.5460992907801419
fraction100,>=,0.7075521821631883,280,152,128,12677,0.9415478312537136,0.8260869565217391,0.5428571428571428
peakCeiling45,>=,0.94654123478399,279,151,128,12658,0.940136660724896,0.8206521739130435,0.5412186379928315
fraction025,>=,0.5963035884407748,280,152,128,12655,0.939913844325609,0.8260869565217391,0.5428571428571428
fraction025,>=,0.610169491525424,279,151,128,12629,0.9379827688651218,0.8206521739130435,0.5412186379928315
isolation,>=,0.864583333333333,289,161,128,12620,0.9373143196672609,0.875,0.5570934256055363
peakFloor60,>=,0.789424779537319,277,149,128,12443,0.9241681521093286,0.8097826086956522,0.5379061371841155
isolation,>=,0.866666666666667,286,158,128,12257,0.9103535353535354,0.8586956521739131,0.5524475524475524
pointScore,>=,0.7146360015869142,289,160,129,13001,0.9656120023767083,0.8695652173913043,0.5536332179930796
tilt,<=,6.067849641986183,290,161,129,12938,0.9609328579916815,0.875,0.5551724137931034
density15,>=,187.7313592058798,281,152,129,12879,0.9565508021390374,0.8260869565217391,0.5409252669039146
density30,>=,57.26367824577206,277,148,129,12804,0.9509803921568627,0.8043478260869565,0.5342960288808665
peakFloor30,>=,0.7435042148754536,288,159,129,12770,0.9484551396316102,0.8641304347826086,0.5520833333333334
meanRatio,>=,0.8772307864511649,287,158,129,12712,0.9441473559120618,0.8586956521739131,0.5505226480836237
fraction075,>=,0.636912225705329,282,153,129,12711,0.9440730837789661,0.8315217391304348,0.5425531914893617
fraction075,>=,0.644067796610169,281,152,129,12685,0.9421420083184789,0.8260869565217391,0.5409252669039146
meanRatio,>=,0.880593520531906,284,155,129,12611,0.9366458704693998,0.842391304347826,0.545774647887324
maximumStd,<=,0.10954679170235704,287,158,129,12597,0.9356060606060606,0.8586956521739131,0.5505226480836237
peakFloor45,>=,0.8309673051897077,281,152,129,12552,0.9322638146167558,0.8260869565217391,0.5409252669039146
peakFloor60,>=,0.7602016176825122,279,150,129,12469,0.9260992275698158,0.8152173913043478,0.5376344086021505
radialRms,<=,0.11949625854538755,287,158,129,12449,0.9246137849079026,0.8586956521739131,0.5505226480836237
quarterRmsMaximum,<=,0.14311838117574632,285,156,129,12430,0.923202614379085,0.8478260869565217,0.5473684210526316
centralFraction15,<=,1.29229638931176,282,153,129,12414,0.9220142602495544,0.8315217391304348,0.5425531914893617
quarterRmsMaximum,<=,0.142433107477862,282,153,129,12253,0.9100564468211527,0.8315217391304348,0.5425531914893617
ownerHeight,>=,1.7835205745697011,284,155,129,12250,0.9098336304218657,0.842391304347826,0.545774647887324
centralFraction30,>=,0.9662397312454148,283,154,129,12175,0.904263220439691,0.8369565217391305,0.5441696113074205
density15,>=,178.69729914619595,288,158,130,12994,0.9650920974450387,0.8586956521739131,0.5486111111111112
density15,>=,181.49054150592937,285,155,130,12935,0.9607100415923945,0.842391304347826,0.543859649122807
density30,>=,53.47367174475239,281,151,130,12853,0.9546197266785502,0.8206521739130435,0.5373665480427047
centralFraction30,>=,0.961634377383038,288,158,130,12754,0.9472667855020797,0.8586956521739131,0.5486111111111112
massRatio,>=,0.8309484324675904,288,158,130,12741,0.946301247771836,0.8586956521739131,0.5486111111111112
fraction025,>=,0.578947368421053,283,153,130,12723,0.9449643493761141,0.8315217391304348,0.5406360424028268
coreMaximumZ,>=,0.5827605724334715,290,160,130,12723,0.9449643493761141,0.8695652173913043,0.5517241379310345
fraction050,>=,0.592273236282195,282,152,130,12655,0.939913844325609,0.8260869565217391,0.5390070921985816
isolation,>=,0.861904761904762,291,161,130,12620,0.9373143196672609,0.875,0.5532646048109966
peakFloor15,>=,0.5212849106678025,288,158,130,12567,0.9333778966131907,0.8586956521739131,0.5486111111111112
coreMinimumZ,<=,-0.9094696235656738,286,156,130,12311,0.9143642305407012,0.8478260869565217,0.5454545454545454
aspect,<=,2.637719236621216,278,148,130,12208,0.9067142008318478,0.8043478260869565,0.5323741007194245
peakCeiling30,>=,0.942074999098171,279,149,130,12183,0.9048573975044564,0.8097826086956522,0.5340501792114696
pointScore,>=,0.6967143082618711,292,161,131,13024,0.9673202614379085,0.875,0.5513698630136986
longestHeight,>=,1.6783656597137475,292,161,131,13013,0.9665032679738562,0.875,0.5513698630136986
tilt,<=,6.18343992887882,293,162,131,12957,0.9623440285204992,0.8804347826086957,0.552901023890785
fraction010,>=,0.28218501767321647,289,158,131,12851,0.9544711824123588,0.8586956521739131,0.5467128027681661
fraction010,>=,0.3125,288,157,131,12832,0.9530600118835413,0.8532608695652174,0.5451388888888888
fraction006,>=,0.14443768996960502,287,156,131,12813,0.9516488413547237,0.8478260869565217,0.5435540069686411
meanGap,<=,0.08938679769121367,280,149,131,12794,0.9502376708259062,0.8097826086956522,0.5321428571428571
centralFraction45,>=,0.8553476856695221,286,155,131,12771,0.9485294117647058,0.842391304347826,0.541958041958042
fraction025,>=,0.5522077922077918,284,153,131,12723,0.9449643493761141,0.8315217391304348,0.5387323943661971
fraction050,>=,0.5719152046783623,284,153,131,12723,0.9449643493761141,0.8315217391304348,0.5387323943661971
fraction015,>=,0.4614677419354837,285,154,131,12687,0.9422905525846702,0.8369565217391305,0.5403508771929825
radialRms,<=,0.1210730644035148,293,162,131,12683,0.9419934640522876,0.8804347826086957,0.552901023890785
peakCeiling30,>=,0.9380725662826607,284,153,131,12628,0.9379084967320261,0.8315217391304348,0.5387323943661971
aspect,<=,2.6593791875904267,282,151,131,12577,0.9341206179441474,0.8206521739130435,0.5354609929078015
peakFloor15,>=,0.5182588831179802,289,158,131,12567,0.9333778966131907,0.8586956521739131,0.5467128027681661
peakShift60,<=,0.104050116659466,282,151,131,12467,0.9259506833036245,0.8206521739130435,0.5354609929078015
coreHeight,>=,2.03452706336975,289,158,131,12461,0.9255050505050505,0.8586956521739131,0.5467128027681661
radialRms,<=,0.12023275544742067,289,158,131,12449,0.9246137849079026,0.8586956521739131,0.5467128027681661
peakCeiling30,>=,0.940369302321829,281,150,131,12437,0.9237225193107546,0.8152173913043478,0.5338078291814946
ownerCount,>=,14.0,296,164,132,13111,0.9737819370172311,0.8913043478260869,0.5540540540540541
supportedCount,>=,29.0,290,158,132,12997,0.9653149138443257,0.8586956521739131,0.5448275862068965
peakCeiling60,>=,0.9005923955939459,289,157,132,12907,0.958630421865716,0.8532608695652174,0.5432525951557093
peakFloor30,>=,0.7373451313569825,292,160,132,12900,0.9581105169340464,0.8695652173913043,0.547945205479452
meanRatio,>=,0.8755015794058202,291,159,132,12842,0.9538027332144979,0.8641304347826086,0.5463917525773195
density45,>=,26.0800603451956,282,150,132,12837,0.9534313725490197,0.8152173913043478,0.5319148936170213
peakCeiling60,>=,0.914690473428347,286,154,132,12806,0.9511289364230541,0.8369565217391305,0.5384615384615384
fraction015,>=,0.4445663082437273,287,155,132,12767,0.9482323232323232,0.842391304347826,0.5400696864111498
centralFraction30,>=,0.9603553135513008,290,158,132,12754,0.9472667855020797,0.8586956521739131,0.5448275862068965
centralFraction60,>=,0.8026758424984428,286,154,132,12752,0.9471182412358883,0.8369565217391305,0.5384615384615384
massRatio,>=,0.8267000033450614,290,158,132,12741,0.946301247771836,0.8586956521739131,0.5448275862068965
aspect,<=,2.7352320100983447,286,154,132,12630,0.9380570409982175,0.8369565217391305,0.5384615384615384
maximumStd,<=,0.11189467739457586,290,158,132,12597,0.9356060606060606,0.8586956521739131,0.5448275862068965
peakFloor45,>=,0.8206917479600868,285,153,132,12581,0.93441770647653,0.8315217391304348,0.5368421052631579
peakShift60,<=,0.11032274511469214,285,153,132,12512,0.9292929292929293,0.8315217391304348,0.5368421052631579
peakFloor60,>=,0.7397377268143424,283,151,132,12490,0.9276589423648247,0.8206521739130435,0.5335689045936396
supportHeight,>=,2.19594013690948,289,157,132,12404,0.9212715389185977,0.8532608695652174,0.5432525951557093
peakShift45,<=,0.0735281879144838,282,150,132,12360,0.9180035650623886,0.8152173913043478,0.5319148936170213
anisotropy30,<=,0.8329515024813922,281,149,132,12275,0.9116904337492573,0.8097826086956522,0.5302491103202847
ownerHeight,>=,1.7591864711046232,287,155,132,12250,0.9098336304218657,0.842391304347826,0.5400696864111498
supportedCount,>=,27.990000000000002,293,160,133,13033,0.9679887106357694,0.8695652173913043,0.5460750853242321
density30,>=,50.8209434985545,289,156,133,12953,0.9620469399881164,0.8478260869565217,0.5397923875432526
minimumQuarterCount,>=,6.0,286,153,133,12875,0.9562537136066548,0.8315217391304348,0.534965034965035
density30,>=,51.49061802852249,285,152,133,12868,0.9557338086749851,0.8260869565217391,0.5333333333333333
centralFraction60,>=,0.792215254677571,288,155,133,12832,0.9530600118835413,0.842391304347826,0.5381944444444444
fraction050,>=,0.5481469979296069,288,155,133,12794,0.9502376708259062,0.842391304347826,0.5381944444444444
fraction025,>=,0.515356609410007,288,155,133,12767,0.9482323232323232,0.842391304347826,0.5381944444444444
fraction075,>=,0.625,286,153,133,12711,0.9440730837789661,0.8315217391304348,0.534965034965035
fraction100,>=,0.694915254237288,285,152,133,12677,0.9415478312537136,0.8260869565217391,0.5333333333333333
peakCeiling45,>=,0.942297076195884,284,151,133,12658,0.940136660724896,0.8206521739130435,0.5316901408450704
quarterRmsMaximum,<=,0.14419356439231718,289,156,133,12430,0.923202614379085,0.8478260869565217,0.5397923875432526
centralFraction15,<=,1.30431400673379,286,153,133,12414,0.9220142602495544,0.8315217391304348,0.534965034965035
coreMinimumZ,<=,-0.7634649324417104,290,157,133,12336,0.9162210338680927,0.8532608695652174,0.5413793103448276
longestHeight,>=,1.6133486381173094,296,162,134,13036,0.9682115270350564,0.8804347826086957,0.5472972972972973
density15,>=,176.08435559623985,293,159,134,13011,0.9663547237076648,0.8641304347826086,0.5426621160409556
density30,>=,49.71477172409706,293,159,134,13008,0.966131907308378,0.8641304347826086,0.5426621160409556
tilt,<=,6.30915778953723,297,163,134,12973,0.9635323826500297,0.8858695652173914,0.5488215488215489
massRatio,>=,0.8221093394759798,295,161,134,12894,0.9576648841354723,0.875,0.5457627118644067
fraction006,>=,0.14061284969179672,290,156,134,12813,0.9516488413547237,0.8478260869565217,0.5379310344827586
meanGap,<=,0.09155874041359997,284,150,134,12811,0.9515002970885323,0.8152173913043478,0.528169014084507
peakCeiling45,>=,0.930999028769223,288,154,134,12806,0.9511289364230541,0.8369565217391305,0.5347222222222222
centralFraction30,>=,0.9568739404822356,294,160,134,12795,0.9503119429590018,0.8695652173913043,0.54421768707483
centralFraction45,>=,0.8464618885562517,290,156,134,12776,0.9489007724301842,0.8478260869565217,0.5379310344827586
coreMaximumZ,>=,0.524237036705017,295,161,134,12749,0.9468954248366013,0.875,0.5457627118644067
peakFloor15,>=,0.512176378908459,295,161,134,12712,0.9441473559120618,0.875,0.5457627118644067
fraction100,>=,0.6860080645161291,286,152,134,12677,0.9415478312537136,0.8260869565217391,0.5314685314685315
peakCeiling45,>=,0.940668205056011,285,151,134,12658,0.940136660724896,0.8206521739130435,0.5298245614035088
ownerFraction,>=,0.32179664570230593,283,149,134,12639,0.9387254901960784,0.8097826086956522,0.5265017667844523
coreHeight,>=,2.01972663402557,293,159,134,12486,0.9273618538324421,0.8641304347826086,0.5426621160409556
peakShift45,<=,0.07625513663314504,285,151,134,12386,0.9199346405228758,0.8206521739130435,0.5298245614035088
anisotropy30,<=,0.8390641847994476,284,150,134,12294,0.9131016042780749,0.8152173913043478,0.528169014084507
peakShift30,<=,0.0556793596558813,284,150,134,12149,0.9023321449792038,0.8152173913043478,0.528169014084507
supportedCount,>=,26.900000000000006,297,162,135,13074,0.9710338680926917,0.8804347826086957,0.5454545454545454
pointScore,>=,0.6817857193946839,297,162,135,13068,0.9705882352941176,0.8804347826086957,0.5454545454545454
density15,>=,173.60884925995342,297,162,135,13063,0.9702168746286394,0.8804347826086957,0.5454545454545454
peakCeiling60,>=,0.89168711132188,292,157,135,12907,0.958630421865716,0.8532608695652174,0.5376712328767124
fraction010,>=,0.2573608505315818,293,158,135,12851,0.9544711824123588,0.8586956521739131,0.5392491467576792
density45,>=,24.62604334006536,285,150,135,12837,0.9534313725490197,0.8152173913043478,0.5263157894736842
density60,>=,14.372703908694543,285,150,135,12837,0.9534313725490197,0.8152173913043478,0.5263157894736842
fraction015,>=,0.4274655355249205,291,156,135,12823,0.9523915626856804,0.8478260869565217,0.5360824742268041
radialRms,<=,0.12200291451294153,298,163,135,12796,0.9503862150920974,0.8858695652173914,0.5469798657718121
maximumStd,<=,0.11239023155242313,295,160,135,12775,0.9488265002970885,0.8695652173913043,0.5423728813559322
ownerFraction,>=,0.302631578947368,287,152,135,12739,0.9461527035056447,0.8260869565217391,0.5296167247386759
coreMaximumZ,<=,2.4546961069107027,287,152,135,12729,0.9454099821746881,0.8260869565217391,0.5296167247386759
peakCeiling30,>=,0.93614121008119,289,154,135,12659,0.9402109328579917,0.8369565217391305,0.532871972318339
coreMaximumZ,<=,2.375202548503878,285,150,135,12624,0.9376114081996435,0.8152173913043478,0.5263157894736842
isolation,>=,0.849785407725322,296,161,135,12620,0.9373143196672609,0.875,0.543918918918919
peakFloor45,>=,0.8001704258075997,288,153,135,12581,0.93441770647653,0.8315217391304348,0.53125
peakShift60,<=,0.1217428460301281,289,154,135,12541,0.9314468211527035,0.8369565217391305,0.532871972318339
peakFloor60,>=,0.729077008478137,287,152,135,12505,0.9287730243612596,0.8260869565217391,0.5296167247386759
centralFraction15,<=,1.306691140568027,289,154,135,12433,0.9234254307783719,0.8369565217391305,0.532871972318339
coreMaximumZ,<=,2.33434224128723,283,148,135,12388,0.9200831847890671,0.8043478260869565,0.5229681978798587
coreMaximumZ,<=,2.3362597751617438,283,148,135,12388,0.9200831847890671,0.8043478260869565,0.5229681978798587
peakShift30,<=,0.0575438070101413,287,152,135,12261,0.910650623885918,0.8260869565217391,0.5296167247386759
ownerHeight,>=,1.73201954364777,290,155,135,12250,0.9098336304218657,0.842391304347826,0.5344827586206896
peakShift15,<=,0.057286077671323536,289,154,135,12189,0.9053030303030303,0.8369565217391305,0.532871972318339
longestHeight,>=,1.563744610548016,299,163,136,13063,0.9702168746286394,0.8858695652173914,0.5451505016722408
density30,>=,48.94701058909362,297,161,136,13060,0.9699940582293524,0.875,0.5420875420875421
meanGap,<=,0.09436498947632616,290,154,136,12903,0.9583333333333334,0.8369565217391305,0.5310344827586206
coreMaximumZ,<=,2.6548731112480195,291,155,136,12851,0.9544711824123588,0.842391304347826,0.5326460481099656
peakCeiling45,>=,0.9089404946982432,292,156,136,12851,0.9544711824123588,0.8478260869565217,0.5342465753424658
fraction006,>=,0.12979053084648465,293,157,136,12840,0.9536541889483066,0.8532608695652174,0.5358361774744027
meanGap,<=,0.0930725581198931,287,151,136,12830,0.95291146761735,0.8206521739130435,0.5261324041811847
fraction025,>=,0.472727272727273,292,156,136,12823,0.9523915626856804,0.8478260869565217,0.5342465753424658
centralFraction30,>=,0.9546728341777599,297,161,136,12814,0.9517231134878193,0.875,0.5420875420875421
fraction050,>=,0.5441115609536662,291,155,136,12794,0.9502376708259062,0.842391304347826,0.5326460481099656
fraction075,>=,0.587301587301587,290,154,136,12732,0.9456327985739751,0.8369565217391305,0.5310344827586206
peakCeiling30,>=,0.931806246816746,292,156,136,12691,0.9425876411170528,0.8478260869565217,0.5342465753424658
peakShift45,<=,0.0847715979089078,289,153,136,12476,0.9266191325014854,0.8315217391304348,0.5294117647058824
maximumGap,<=,0.2851896578073505,285,149,136,12434,0.9234997029114677,0.8097826086956522,0.5228070175438596
quarterRmsMaximum,<=,0.1452274208092847,292,156,136,12430,0.923202614379085,0.8478260869565217,0.5342465753424658
supportHeight,>=,2.16455256938934,293,157,136,12404,0.9212715389185977,0.8532608695652174,0.5358361774744027
peakShift30,<=,0.06280668314076687,290,154,136,12298,0.9133986928104575,0.8369565217391305,0.5310344827586206
peakShift30,<=,0.06055399534753805,288,152,136,12261,0.910650623885918,0.8260869565217391,0.5277777777777778
acceptedCount,>=,26.0,300,163,137,13091,0.9722964943553178,0.8858695652173914,0.5433333333333333
pointScore,>=,0.6740222215652468,300,163,137,13086,0.9719251336898396,0.8858695652173914,0.5433333333333333
tilt,<=,6.343581300668022,300,163,137,12973,0.9635323826500297,0.8858695652173914,0.5433333333333333
density45,>=,23.1278767764939,294,157,137,12972,0.9634581105169341,0.8532608695652174,0.5340136054421769
peakFloor30,>=,0.7362875620303687,297,160,137,12900,0.9581105169340464,0.8695652173913043,0.5387205387205387
massRatio,>=,0.8212050807108108,299,162,137,12899,0.9580362448009507,0.8804347826086957,0.5418060200668896
density60,>=,13.809301293677743,289,152,137,12872,0.9560308972073678,0.8260869565217391,0.5259515570934256
density45,>=,23.806451659722907,289,152,137,12868,0.9557338086749851,0.8260869565217391,0.5259515570934256
meanRatio,>=,0.8726231016096712,296,159,137,12842,0.9538027332144979,0.8641304347826086,0.5371621621621622
fraction075,>=,0.584795321637427,292,155,137,12800,0.9506833036244801,0.842391304347826,0.5308219178082192
maximumStd,<=,0.1131837606762977,299,162,137,12798,0.9505347593582888,0.8804347826086957,0.5418060200668896
centralFraction45,>=,0.8387095188325008,294,157,137,12797,0.9504604872251932,0.8532608695652174,0.5340136054421769
coreMaximumZ,>=,0.5119127452373508,298,161,137,12749,0.9468954248366013,0.875,0.540268456375839
peakFloor15,>=,0.5062485060794385,298,161,137,12712,0.9441473559120618,0.875,0.540268456375839
fraction100,>=,0.682539682539683,291,154,137,12711,0.9440730837789661,0.8369565217391305,0.5292096219931272
peakFloor60,>=,0.701243615765044,291,154,137,12691,0.9425876411170528,0.8369565217391305,0.5292096219931272
aspect,<=,2.7583438537123377,291,154,137,12630,0.9380570409982175,0.8369565217391305,0.5292096219931272
quarterRmsMaximum,<=,0.14578740869347018,294,157,137,12560,0.9328579916815211,0.8532608695652174,0.5340136054421769
peakShift60,<=,0.1295342972786529,291,154,137,12541,0.9314468211527035,0.8369565217391305,0.5292096219931272
anisotropy30,<=,0.86335195652406,292,155,137,12519,0.9298128342245989,0.842391304347826,0.5308219178082192
coreMinimumZ,<=,-0.644418713450432,295,158,137,12432,0.9233511586452763,0.8586956521739131,0.535593220338983
anisotropy15,<=,0.8535989512115498,286,149,137,12376,0.9191919191919192,0.8097826086956522,0.5209790209790209
anisotropy30,<=,0.855145015249039,288,151,137,12355,0.9176322043969103,0.8206521739130435,0.5243055555555556
anisotropy45,<=,0.8474672165172252,285,148,137,12267,0.911096256684492,0.8043478260869565,0.519298245614035
anisotropy60,<=,0.8832856147359364,285,148,137,12205,0.9064913844325609,0.8043478260869565,0.519298245614035
density15,>=,167.32698799737787,301,163,138,13090,0.9722222222222222,0.8858695652173914,0.5415282392026578
density45,>=,22.46322475859315,297,159,138,13008,0.966131907308378,0.8641304347826086,0.5353535353535354
peakFloor30,>=,0.7300980324139985,299,161,138,12980,0.9640522875816994,0.875,0.5384615384615384
fraction010,>=,0.2385797168716641,299,161,138,12972,0.9634581105169341,0.875,0.5384615384615384
centralFraction30,>=,0.9536199400058545,301,163,138,12946,0.9615270350564468,0.8858695652173914,0.5415282392026578
fraction010,>=,0.24511843654344279,297,159,138,12931,0.9604129530600118,0.8641304347826086,0.5353535353535354
peakCeiling45,>=,0.8839499057024197,296,158,138,12926,0.9600415923945336,0.8586956521739131,0.5337837837837838
meanRatio,>=,0.8669765180960515,298,160,138,12865,0.9555109922756981,0.8695652173913043,0.5369127516778524
fraction050,>=,0.5216353754940716,295,157,138,12844,0.9539512774806892,0.8532608695652174,0.5322033898305085
centralFraction60,>=,0.765711795264289,293,155,138,12832,0.9530600118835413,0.842391304347826,0.5290102389078498
peakFloor45,>=,0.77995157593696,293,155,138,12767,0.9482323232323232,0.842391304347826,0.5290102389078498
peakFloor60,>=,0.696008796987124,293,155,138,12759,0.9476381461675579,0.842391304347826,0.5290102389078498
ownerFraction,>=,0.2903274306715667,290,152,138,12739,0.9461527035056447,0.8260869565217391,0.5241379310344828
peakCeiling30,>=,0.92223534626149,295,157,138,12732,0.9456327985739751,0.8532608695652174,0.5322033898305085
isolation,>=,0.846153846153846,300,162,138,12711,0.9440730837789661,0.8804347826086957,0.54
maximumGap,<=,0.3237970353662972,294,156,138,12695,0.9428847296494355,0.8478260869565217,0.5306122448979592
supportHeight,>=,2.141689803004262,297,159,138,12671,0.9411021984551396,0.8641304347826086,0.5353535353535354
maximumGap,<=,0.306333661079407,290,152,138,12610,0.9365715983363042,0.8260869565217391,0.5241379310344828
coreHeight,>=,1.9953171616792686,297,159,138,12486,0.9273618538324421,0.8641304347826086,0.5353535353535354
peakShift15,<=,0.05904522499226484,293,155,138,12443,0.9241681521093286,0.842391304347826,0.5290102389078498
anisotropy60,<=,0.8931087119716735,289,151,138,12313,0.9145127748068924,0.8206521739130435,0.5224913494809689
ownerHeight,>=,1.6975646883249305,294,156,138,12268,0.9111705288175876,0.8478260869565217,0.5306122448979592
maximumQuarterFraction,>=,0.272727272727273,295,157,138,12184,0.904931669637552,0.8532608695652174,0.5322033898305085
longestHeight,>=,1.525931135416028,303,164,139,13081,0.9715537730243613,0.8913043478260869,0.5412541254125413
tilt,<=,6.42192627664934,303,164,139,13004,0.9658348187759952,0.8913043478260869,0.5412541254125413
peakCeiling60,>=,0.8524927744593204,296,157,139,12907,0.958630421865716,0.8532608695652174,0.5304054054054054
isolation,>=,0.841379310344828,304,165,139,12847,0.9541740938799762,0.8967391304347826,0.5427631578947368
fraction015,>=,0.3780032324419631,296,157,139,12828,0.9527629233511586,0.8532608695652174,0.5304054054054054
radialRms,<=,0.1229262140470216,302,163,139,12796,0.9503862150920974,0.8858695652173914,0.5397350993377483
maximumGap,<=,0.334120035171509,297,158,139,12772,0.9486036838978016,0.8586956521739131,0.531986531986532
peakFloor15,>=,0.4963275527287298,302,163,139,12768,0.948306595365419,0.8858695652173914,0.5397350993377483
ownerHeight,>=,1.6879961729049642,298,159,139,12542,0.9315210932857991,0.8641304347826086,0.5335570469798657
peakShift30,<=,0.0665329515663334,295,156,139,12476,0.9266191325014854,0.8478260869565217,0.5288135593220339
peakShift45,<=,0.0868924680791205,292,153,139,12476,0.9266191325014854,0.8315217391304348,0.523972602739726
coreMinimumZ,<=,-0.570799052715302,299,160,139,12463,0.9256535947712419,0.8695652173913043,0.5351170568561873
ownerCount,>=,13.0,306,166,140,13128,0.9750445632798574,0.9021739130434783,0.5424836601307189
pointScore,>=,0.652892589569092,304,164,140,13101,0.9730392156862745,0.8913043478260869,0.5394736842105263
acceptedCount,>=,25.0,303,163,140,13091,0.9722964943553178,0.8858695652173914,0.5379537953795379
density30,>=,47.84698195922467,301,161,140,13060,0.9699940582293524,0.875,0.5348837209302325
density45,>=,22.232599521471464,301,161,140,13060,0.9699940582293524,0.875,0.5348837209302325
coreMaximumZ,>=,0.459132552146912,303,163,140,13042,0.9686571598336304,0.8858695652173914,0.5379537953795379
fraction010,>=,0.23062307692307712,302,162,140,12993,0.9650178253119429,0.8804347826086957,0.5364238410596026
density60,>=,13.11649236010356,297,157,140,12972,0.9634581105169341,0.8532608695652174,0.5286195286195287
fraction015,>=,0.36713286713286764,299,159,140,12931,0.9604129530600118,0.8641304347826086,0.5317725752508361
density60,>=,13.15280285969139,294,154,140,12913,0.9590760546642899,0.8369565217391305,0.5238095238095238
meanRatio,>=,0.8557709464263529,302,162,140,12899,0.9580362448009507,0.8804347826086957,0.5364238410596026
massRatio,>=,0.8164184256813594,302,162,140,12899,0.9580362448009507,0.8804347826086957,0.5364238410596026
centralFraction45,>=,0.837538594827885,298,158,140,12877,0.9564022578728462,0.8586956521739131,0.5302013422818792
centralFraction60,>=,0.7535247506295522,297,157,140,12870,0.9558823529411765,0.8532608695652174,0.5286195286195287
fraction006,>=,0.11963800904977409,298,158,140,12859,0.9550653594771242,0.8586956521739131,0.5302013422818792
coreMaximumZ,<=,2.7586216735839835,295,155,140,12851,0.9544711824123588,0.842391304347826,0.5254237288135594
fraction025,>=,0.46685936468344236,296,156,140,12823,0.9523915626856804,0.8478260869565217,0.527027027027027
maximumGap,<=,0.3491957771778111,299,159,140,12788,0.9497920380273321,0.8641304347826086,0.5317725752508361
peakFloor45,>=,0.7416373814532093,296,156,140,12788,0.9497920380273321,0.8478260869565217,0.527027027027027
aspect,<=,2.9258816179879847,299,159,140,12780,0.9491978609625669,0.8641304347826086,0.5317725752508361
fraction100,>=,0.6513156408808579,294,154,140,12711,0.9440730837789661,0.8369565217391305,0.5238095238095238
supportHeight,>=,2.114499258995053,300,160,140,12697,0.9430332739156269,0.8695652173913043,0.5333333333333333
aspect,<=,2.885405690822206,295,155,140,12686,0.9422162804515746,0.842391304347826,0.5254237288135594
anisotropy30,<=,0.8729273361159746,295,155,140,12519,0.9298128342245989,0.842391304347826,0.5254237288135594
maximumQuarterFraction,>=,0.271186440677966,298,158,140,12509,0.9290701128936423,0.8586956521739131,0.5302013422818792
coreHeight,>=,1.971299824118615,300,160,140,12505,0.9287730243612596,0.8695652173913043,0.5333333333333333
centralFraction15,<=,1.31436843501506,294,154,140,12433,0.9234254307783719,0.8369565217391305,0.5238095238095238
anisotropy15,<=,0.8550605601309915,291,151,140,12393,0.9204545454545454,0.8206521739130435,0.5189003436426117
quarterRmsVariation,<=,0.03568276087965747,293,153,140,12335,0.916146761734997,0.8315217391304348,0.5221843003412969
anisotropy45,<=,0.8517113393473293,288,148,140,12267,0.911096256684492,0.8043478260869565,0.5138888888888888
pointScore,>=,0.614576942920685,307,166,141,13134,0.9754901960784313,0.9021739130434783,0.5407166123778502
longestHeight,>=,1.475636687278748,305,164,141,13081,0.9715537730243613,0.8913043478260869,0.5377049180327869
centralFraction30,>=,0.9406612061502998,305,164,141,12987,0.964572192513369,0.8913043478260869,0.5377049180327869
peakCeiling45,>=,0.873927451218907,301,160,141,12958,0.9624183006535948,0.8695652173913043,0.53156146179402
meanGap,<=,0.09520050604854313,295,154,141,12903,0.9583333333333334,0.8369565217391305,0.5220338983050847
anisotropy15,<=,0.8799917746337776,307,166,141,12900,0.9581105169340464,0.9021739130434783,0.5407166123778502
peakFloor15,>=,0.49015957743825017,306,165,141,12858,0.9549910873440285,0.8967391304347826,0.5392156862745098
fraction075,>=,0.5649308755760369,296,155,141,12800,0.9506833036244801,0.842391304347826,0.5236486486486487
maximumStd,<=,0.11427886939406667,303,162,141,12798,0.9505347593582888,0.8804347826086957,0.5346534653465347
ownerFraction,>=,0.261699633699634,294,153,141,12758,0.9475638740344623,0.8315217391304348,0.5204081632653061
anisotropy15,<=,0.8770114011845533,303,162,141,12749,0.9468954248366013,0.8804347826086957,0.5346534653465347
anisotropy15,<=,0.868434304871326,300,159,141,12700,0.9432560903149139,0.8641304347826086,0.53
anisotropy30,<=,0.8794120450791484,299,158,141,12687,0.9422905525846702,0.8586956521739131,0.5284280936454849
peakShift30,<=,0.07480871297316381,299,158,141,12561,0.9329322638146168,0.8586956521739131,0.5284280936454849
peakShift60,<=,0.131735967295403,296,155,141,12556,0.9325609031491384,0.842391304347826,0.5236486486486487
anisotropy15,<=,0.8662569665206511,295,154,141,12520,0.9298871063576946,0.8369565217391305,0.5220338983050847
coreMinimumZ,<=,-0.5280675542354587,302,161,141,12468,0.9260249554367201,0.875,0.5331125827814569
anisotropy60,<=,0.9018864183454494,294,153,141,12457,0.9252079619726679,0.8315217391304348,0.5204081632653061
peakShift15,<=,0.0616543305812601,296,155,141,12443,0.9241681521093286,0.842391304347826,0.5236486486486487
density30,>=,46.55564760090626,305,163,142,13092,0.9723707664884136,0.8858695652173914,0.5344262295081967
density15,>=,164.20038608047372,305,163,142,13090,0.9722222222222222,0.8858695652173914,0.5344262295081967
peakFloor30,>=,0.725409664965186,303,161,142,12980,0.9640522875816994,0.875,0.5313531353135313
fraction015,>=,0.3263758544780445,303,161,142,12972,0.9634581105169341,0.875,0.5313531353135313
coreMaximumZ,<=,2.821410279273989,299,157,142,12920,0.9595959595959596,0.8532608695652174,0.5250836120401338
centralFraction45,>=,0.830794871316165,302,160,142,12909,0.9587789661319073,0.8695652173913043,0.5298013245033113
peakCeiling60,>=,0.8364060476024693,299,157,142,12907,0.958630421865716,0.8532608695652174,0.5250836120401338
peakFloor45,>=,0.7031860004462704,300,158,142,12891,0.9574420677361853,0.8586956521739131,0.5266666666666666
coreMinimumZ,<=,-0.4826765155792231,306,164,142,12861,0.9552139037433155,0.8913043478260869,0.5359477124183006
isolation,>=,0.8384655623365302,307,165,142,12847,0.9541740938799762,0.8967391304347826,0.5374592833876222
maximumGap,<=,0.3699848413467407,303,161,142,12816,0.9518716577540107,0.875,0.5313531353135313
aspect,<=,2.967206417734182,303,161,142,12812,0.9515745692216281,0.875,0.5313531353135313
ownerFraction,>=,0.256637168141593,297,155,142,12798,0.9505347593582888,0.842391304347826,0.5218855218855218
peakFloor60,>=,0.665990464368676,297,155,142,12759,0.9476381461675579,0.842391304347826,0.5218855218855218
fraction100,>=,0.6295739348370931,298,156,142,12756,0.9474153297682709,0.8478260869565217,0.5234899328859061
peakCeiling30,>=,0.9162033378847482,299,157,142,12732,0.9456327985739751,0.8532608695652174,0.5250836120401338
supportHeight,>=,2.0838559767603875,304,162,142,12730,0.9454842543077837,0.8804347826086957,0.5328947368421053
anisotropy45,<=,0.8813548415735155,299,157,142,12599,0.9357546048722519,0.8532608695652174,0.5250836120401338
anisotropy45,<=,0.862018200836689,297,155,142,12561,0.9329322638146168,0.842391304347826,0.5218855218855218
quarterRmsMaximum,<=,0.146827198629701,299,157,142,12560,0.9328579916815211,0.8532608695652174,0.5250836120401338
ownerHeight,>=,1.6688175213336955,301,159,142,12542,0.9315210932857991,0.8641304347826086,0.5282392026578073
peakShift45,<=,0.09862639697055413,296,154,142,12497,0.9281788472964944,0.8369565217391305,0.5202702702702703
anisotropy45,<=,0.855363788820856,294,152,142,12487,0.9274361259655377,0.8260869565217391,0.5170068027210885
centralFraction15,<=,1.3232333809659094,298,156,142,12465,0.9258021390374331,0.8478260869565217,0.5234899328859061
quarterRmsVariation,<=,0.037364401913925815,296,154,142,12353,0.9174836601307189,0.8369565217391305,0.5202702702702703
density15,>=,157.29486865646751,309,166,143,13145,0.9763071895424836,0.9021739130434783,0.5372168284789643
density45,>=,21.5362871510017,305,162,143,13078,0.9713309566250743,0.8804347826086957,0.5311475409836065
centralFraction30,>=,0.9385614097012309,308,165,143,13067,0.970513963161022,0.8967391304347826,0.5357142857142857
tilt,<=,6.629371086293708,308,165,143,13033,0.9679887106357694,0.8967391304347826,0.5357142857142857
tilt,<=,6.60043795236174,307,164,143,13004,0.9658348187759952,0.8913043478260869,0.5342019543973942
density60,>=,12.799104334904579,301,158,143,12981,0.964126559714795,0.8586956521739131,0.5249169435215947
meanGap,<=,0.0970537880292306,300,157,143,12961,0.9626411170528818,0.8532608695652174,0.5233333333333333
peakFloor15,>=,0.479374463952,309,166,143,12938,0.9609328579916815,0.9021739130434783,0.5372168284789643
radialRms,<=,0.12598888499483188,310,167,143,12891,0.9574420677361853,0.907608695652174,0.5387096774193548
centralFraction60,>=,0.7331332072559472,301,158,143,12891,0.9574420677361853,0.8586956521739131,0.5249169435215947
fraction006,>=,0.11089743589743581,301,158,143,12859,0.9550653594771242,0.8586956521739131,0.5249169435215947
contextCount,>=,33.99,294,151,143,12856,0.9548425430778372,0.8206521739130435,0.5136054421768708
maximumStd,<=,0.115033851471786,307,164,143,12854,0.9546939988116458,0.8913043478260869,0.5342019543973942
fraction025,>=,0.452991452991453,300,157,143,12844,0.9539512774806892,0.8532608695652174,0.5233333333333333
fraction050,>=,0.5,300,157,143,12844,0.9539512774806892,0.8532608695652174,0.5233333333333333
radialRms,<=,0.12346512460622222,306,163,143,12796,0.9503862150920974,0.8858695652173914,0.5326797385620915
centralFraction15,<=,1.3388753101362765,305,162,143,12773,0.9486779560308972,0.8804347826086957,0.5311475409836065
anisotropy45,<=,0.8898088017502795,303,160,143,12707,0.9437759952465835,0.8695652173913043,0.528052805280528
peakShift30,<=,0.07876068768078806,302,159,143,12674,0.9413250148544267,0.8641304347826086,0.5264900662251656
centralFraction15,<=,1.3277551998447272,302,159,143,12587,0.934863339275104,0.8641304347826086,0.5264900662251656
anisotropy60,<=,0.9166166150363855,299,156,143,12549,0.9320409982174688,0.8478260869565217,0.5217391304347826
anisotropy60,<=,0.90925133643636,298,155,143,12520,0.9298871063576946,0.842391304347826,0.5201342281879194
coreHeight,>=,1.9475021278858184,303,160,143,12505,0.9287730243612596,0.8695652173913043,0.528052805280528
pointScore,>=,0.5806811290979387,310,166,144,13134,0.9754901960784313,0.9021739130434783,0.535483870967742
supportedCount,>=,26.0,308,164,144,13109,0.9736333927510398,0.8913043478260869,0.5324675324675324
longestHeight,>=,1.3789562690258017,309,165,144,13108,0.9735591206179441,0.8967391304347826,0.5339805825242718
acceptedCount,>=,24.0,307,163,144,13091,0.9722964943553178,0.8858695652173914,0.5309446254071661
coreMaximumZ,>=,0.391880333423615,307,163,144,13042,0.9686571598336304,0.8858695652173914,0.5309446254071661
fraction010,>=,0.215909090909091,307,163,144,13020,0.9670231729055259,0.8858695652173914,0.5309446254071661
centralFraction45,>=,0.8208193832676027,305,161,144,12965,0.9629382055852644,0.875,0.5278688524590164
anisotropy30,<=,0.8962101742896248,307,163,144,12958,0.9624183006535948,0.8858695652173914,0.5309446254071661
peakCeiling45,>=,0.8608808037673861,304,160,144,12958,0.9624183006535948,0.8695652173913043,0.5263157894736842
peakCeiling60,>=,0.8218577470665283,303,159,144,12953,0.9620469399881164,0.8641304347826086,0.5247524752475248
fraction006,>=,0.103225806451613,303,159,144,12939,0.9610071301247772,0.8641304347826086,0.5247524752475248
peakFloor45,>=,0.6946813828077993,304,160,144,12932,0.9604872251931076,0.8695652173913043,0.5263157894736842
coreMaximumZ,<=,3.01912999153137,301,157,144,12920,0.9595959595959596,0.8532608695652174,0.521594684385382
contextCount,>=,30.900000000000006,298,154,144,12905,0.9584818775995246,0.8369565217391305,0.5167785234899329
meanRatio,>=,0.847318395311462,306,162,144,12899,0.9580362448009507,0.8804347826086957,0.5294117647058824
massRatio,>=,0.811132830291837,306,162,144,12899,0.9580362448009507,0.8804347826086957,0.5294117647058824
fraction025,>=,0.4257317073170731,303,159,144,12868,0.9557338086749851,0.8641304347826086,0.5247524752475248
fraction100,>=,0.619883040935672,303,159,144,12855,0.9547682709447415,0.8641304347826086,0.5247524752475248
peakFloor60,>=,0.6510434716512951,300,156,144,12815,0.951797385620915,0.8478260869565217,0.52
fraction075,>=,0.5561735664462361,300,156,144,12805,0.9510546642899584,0.8478260869565217,0.52
anisotropy30,<=,0.889025096181289,304,160,144,12777,0.9489750445632799,0.8695652173913043,0.5263157894736842
ownerHeight,>=,1.6336757397651647,305,161,144,12726,0.9451871657754011,0.875,0.5278688524590164
quarterRmsMaximum,<=,0.14710734904299888,302,158,144,12673,0.9412507427213309,0.8586956521739131,0.5231788079470199
peakShift60,<=,0.15109881000354689,300,156,144,12583,0.9345662507427214,0.8478260869565217,0.52
quarterRmsVariation,<=,0.03905270649709824,300,156,144,12516,0.9295900178253119,0.8478260869565217,0.52
peakShift15,<=,0.06287476353940107,299,155,144,12443,0.9241681521093286,0.842391304347826,0.5183946488294314
coreHeight,<=,3.9328962957859,296,152,144,12420,0.9224598930481284,0.8260869565217391,0.5135135135135135
density30,>=,45.29239790045288,309,164,145,13109,0.9736333927510398,0.8913043478260869,0.5307443365695793
coreMinimumZ,<=,-0.39596068352460867,310,165,145,13092,0.9723707664884136,0.8967391304347826,0.532258064516129
tilt,<=,6.765448299497308,312,167,145,13078,0.9713309566250743,0.907608695652174,0.5352564102564102
density60,>=,12.673189925787288,305,160,145,13033,0.9679887106357694,0.8695652173913043,0.5245901639344263
minimumQuarterCount,>=,5.0,306,161,145,13021,0.9670974450386215,0.875,0.5261437908496732
fraction015,>=,0.3131748726655352,306,161,145,12972,0.9634581105169341,0.875,0.5261437908496732
massRatio,>=,0.8071653792159782,309,164,145,12962,0.9627153891859774,0.8913043478260869,0.5307443365695793
quarterRmsMaximum,<=,0.1515057448044406,310,165,145,12956,0.9622697563874034,0.8967391304347826,0.532258064516129
anisotropy15,<=,0.8903215549814463,311,166,145,12900,0.9581105169340464,0.9021739130434783,0.5337620578778135
anisotropy45,<=,0.900735334994503,308,163,145,12900,0.9581105169340464,0.8858695652173914,0.5292207792207793
ownerFraction,>=,0.24231481481481504,302,157,145,12883,0.9568478906714201,0.8532608695652174,0.5198675496688742
ownerFraction,>=,0.25,302,157,145,12883,0.9568478906714201,0.8532608695652174,0.5198675496688742
quarterRmsMaximum,<=,0.14910747218991025,306,161,145,12870,0.9558823529411765,0.875,0.5261437908496732
fraction100,>=,0.6169959294436905,304,159,145,12855,0.9547682709447415,0.8641304347826086,0.5230263157894737
aspect,<=,3.08858028130448,307,162,145,12824,0.952465834818776,0.8804347826086957,0.5276872964169381
peakCeiling30,>=,0.9065121596761226,303,158,145,12788,0.9497920380273321,0.8586956521739131,0.5214521452145214
anisotropy60,<=,0.9223971377309785,303,158,145,12735,0.945855614973262,0.8586956521739131,0.5214521452145214
supportHeight,>=,2.0673511266708378,307,162,145,12730,0.9454842543077837,0.8804347826086957,0.5276872964169381
peakShift30,<=,0.08042821991877057,305,160,145,12697,0.9430332739156269,0.8695652173913043,0.5245901639344263
coreHeight,<=,4.00316023826599,299,154,145,12656,0.9399881164587047,0.8369565217391305,0.5150501672240803
peakShift15,<=,0.06344639635056402,301,156,145,12462,0.9255793226381461,0.8478260869565217,0.5182724252491694
centralFraction30,<=,1.0487698963755359,293,148,145,12155,0.9027777777777778,0.8043478260869565,0.5051194539249146
density15,>=,147.9936396596322,313,167,146,13155,0.9770499108734403,0.907608695652174,0.5335463258785943
coreMaximumZ,>=,0.337450265884399,311,165,146,13117,0.9742275698158052,0.8967391304347826,0.5305466237942122
acceptedCount,>=,23.0,310,164,146,13101,0.9730392156862745,0.8913043478260869,0.5290322580645161
centralFraction30,>=,0.933366654393048,311,165,146,13067,0.970513963161022,0.8967391304347826,0.5305466237942122
centralFraction45,>=,0.8077380933140782,309,163,146,13006,0.9659833630421866,0.8858695652173914,0.5275080906148867
peakFloor30,>=,0.718957892677649,308,162,146,13001,0.9656120023767083,0.8804347826086957,0.525974025974026
contextCount,>=,29.72,305,159,146,12999,0.9654634581105169,0.8641304347826086,0.521311475409836
contextCount,>=,30.0,305,159,146,12999,0.9654634581105169,0.8641304347826086,0.521311475409836
peakFloor45,>=,0.6897649817986541,307,161,146,12988,0.9646464646464646,0.875,0.5244299674267101
centralFraction60,>=,0.7114175346168127,308,162,146,12984,0.964349376114082,0.8804347826086957,0.525974025974026
fraction006,>=,0.10077519379845,307,161,146,12971,0.9633838383838383,0.875,0.5244299674267101
centralFraction60,>=,0.724971493711203,306,160,146,12952,0.9619726678550208,0.8695652173913043,0.5228758169934641
coreMaximumZ,<=,3.14748668670654,304,158,146,12925,0.9599673202614379,0.8586956521739131,0.5197368421052632
ownerFraction,>=,0.2326201550387599,305,159,146,12909,0.9587789661319073,0.8641304347826086,0.521311475409836
centralFraction15,<=,1.3516023528518217,309,163,146,12903,0.9583333333333334,0.8858695652173914,0.5275080906148867
isolation,>=,0.8350546448087431,311,165,146,12847,0.9541740938799762,0.8967391304347826,0.5305466237942122
coreHeight,<=,4.032198857069011,301,155,146,12834,0.9532085561497327,0.842391304347826,0.5149501661129569
maximumGap,<=,0.4154808735847475,307,161,146,12816,0.9518716577540107,0.875,0.5244299674267101
ownerHeight,>=,1.5692906979471428,309,163,146,12805,0.9510546642899584,0.8858695652173914,0.5275080906148867
quarterRmsVariation,<=,0.04113863895928665,304,158,146,12677,0.9415478312537136,0.8586956521739131,0.5197368421052632
maximumQuarterFraction,>=,0.269662921348315,305,159,146,12528,0.93048128342246,0.8641304347826086,0.521311475409836
maximumQuarterFraction,>=,0.27027027027027,305,159,146,12528,0.93048128342246,0.8641304347826086,0.521311475409836
coreHeight,>=,1.92226642370224,306,160,146,12505,0.9287730243612596,0.8695652173913043,0.5228758169934641
peakShift45,<=,0.1057996106033801,300,154,146,12497,0.9281788472964944,0.8369565217391305,0.5133333333333333
centralFraction30,<=,1.0505030718195925,296,150,146,12227,0.9081253713606655,0.8152173913043478,0.5067567567567568
quarterCenterStep,<=,0.09402775987865317,296,150,146,12125,0.9005496137849079,0.8152173913043478,0.5067567567567568
supportedCount,>=,24.54,313,166,147,13145,0.9763071895424836,0.9021739130434783,0.5303514376996805
supportedCount,>=,25.0,313,166,147,13145,0.9763071895424836,0.9021739130434783,0.5303514376996805
pointScore,>=,0.5473797011375426,314,167,147,13145,0.9763071895424836,0.907608695652174,0.5318471337579618
longestHeight,>=,1.2923558497428913,312,165,147,13108,0.9735591206179441,0.8967391304347826,0.5288461538461539
density45,>=,21.273249248630623,309,162,147,13078,0.9713309566250743,0.8804347826086957,0.5242718446601942
fraction006,>=,0.098909315972859,310,163,147,13040,0.9685086155674391,0.8858695652173914,0.5258064516129032
massRatio,>=,0.8034054906282817,313,166,147,13031,0.9678401663695781,0.9021739130434783,0.5303514376996805
fraction010,>=,0.20550586510263927,310,163,147,13020,0.9670231729055259,0.8858695652173914,0.5258064516129032
meanGap,<=,0.0981157004833221,305,158,147,12986,0.9644979203802734,0.8586956521739131,0.5180327868852459
anisotropy45,<=,0.9215273906043349,311,164,147,12984,0.964349376114082,0.8913043478260869,0.5273311897106109
peakCeiling45,>=,0.8537306036831583,308,161,147,12963,0.9627896613190731,0.875,0.5227272727272727
fraction025,>=,0.3889765699851927,307,160,147,12952,0.9619726678550208,0.8695652173913043,0.5211726384364821
peakFloor15,>=,0.470166355143471,313,166,147,12938,0.9609328579916815,0.9021739130434783,0.5303514376996805
meanRatio,>=,0.8421093570345669,309,162,147,12899,0.9580362448009507,0.8804347826086957,0.5242718446601942
radialRms,<=,0.12691695933932975,314,167,147,12891,0.9574420677361853,0.907608695652174,0.5318471337579618
maximumStd,<=,0.115847274449778,311,164,147,12854,0.9546939988116458,0.8913043478260869,0.5273311897106109
fraction050,>=,0.490909090909091,304,157,147,12844,0.9539512774806892,0.8532608695652174,0.5164473684210527
fraction075,>=,0.534722222222222,305,158,147,12839,0.9535799168152109,0.8586956521739131,0.5180327868852459
peakFloor60,>=,0.6309547634051105,304,157,147,12834,0.9532085561497327,0.8532608695652174,0.5164473684210527
gapVariation,>=,0.8592389463703654,297,150,147,12799,0.9506090314913844,0.8152173913043478,0.5050505050505051
quarterRmsVariation,<=,0.04325781537369908,308,161,147,12769,0.9483808674985146,0.875,0.5227272727272727
supportHeight,>=,2.0260974448919318,309,162,147,12730,0.9454842543077837,0.8804347826086957,0.5242718446601942
peakShift60,<=,0.16007479969997473,303,156,147,12583,0.9345662507427214,0.8478260869565217,0.5148514851485149
coreHeight,>=,1.8798520451784133,309,162,147,12538,0.9312240047534165,0.8804347826086957,0.5242718446601942
centralFraction30,<=,1.05073218362726,299,152,147,12345,0.9168894830659536,0.8260869565217391,0.5083612040133779
peakCeiling15,<=,0.9630008434592807,303,156,147,12187,0.905154486036839,0.8478260869565217,0.5148514851485149
peakCeiling15,>=,0.8486676274817097,303,156,147,12136,0.9013666072489602,0.8478260869565217,0.5148514851485149
density60,>=,12.348900200877859,309,161,148,13060,0.9699940582293524,0.875,0.5210355987055016
fraction006,>=,0.09565783175780784,312,164,148,13059,0.9699197860962567,0.8913043478260869,0.5256410256410257
fraction015,>=,0.29440492476060226,310,162,148,12993,0.9650178253119429,0.8804347826086957,0.5225806451612903
anisotropy30,<=,0.9157813271422942,311,163,148,12958,0.9624183006535948,0.8858695652173914,0.5241157556270096
peakCeiling60,>=,0.815186182324591,308,160,148,12958,0.9624183006535948,0.8695652173913043,0.5194805194805194
ownerFraction,>=,0.22725352112676028,309,161,148,12947,0.9616013071895425,0.875,0.5210355987055016
coreMaximumZ,<=,3.349525890350345,307,159,148,12946,0.9615270350564468,0.8641304347826086,0.5179153094462541
anisotropy15,<=,0.8989012272391803,315,167,148,12926,0.9600415923945336,0.907608695652174,0.5301587301587302
radialRms,<=,0.12763285439001407,315,167,148,12891,0.9574420677361853,0.907608695652174,0.5301587301587302
fraction100,>=,0.6093960784313726,308,160,148,12882,0.9567736185383244,0.8695652173913043,0.5194805194805194
isolation,>=,0.8321538461538461,314,166,148,12874,0.9561794414735592,0.9021739130434783,0.5286624203821656
fraction050,>=,0.4627494456762746,307,159,148,12868,0.9557338086749851,0.8641304347826086,0.5179153094462541
aspect,<=,3.2752448943586225,311,163,148,12842,0.9538027332144979,0.8858695652173914,0.5241157556270096
peakShift30,<=,0.08398300235797551,309,161,148,12827,0.952688651218063,0.875,0.5210355987055016
peakCeiling30,>=,0.9004534596816911,307,159,148,12809,0.9513517528223411,0.8641304347826086,0.5179153094462541
centralFraction30,<=,1.0531037049987397,308,160,148,12792,0.9500891265597148,0.8695652173913043,0.5194805194805194
peakShift45,<=,0.114840311384491,305,157,148,12744,0.946524064171123,0.8532608695652174,0.5147540983606558
centralFraction30,<=,1.0519790189506337,304,156,148,12615,0.9369429590017825,0.8478260869565217,0.5131578947368421
maximumQuarterFraction,>=,0.26950167224080235,307,159,148,12528,0.93048128342246,0.8641304347826086,0.5179153094462541
peakCeiling15,>=,0.848124161175234,308,160,148,12470,0.9261734997029115,0.8695652173913043,0.5194805194805194
quarterRmsVariation,>=,0.00563080882608768,309,161,148,12424,0.922756981580511,0.875,0.5210355987055016
centralFraction30,<=,1.05157392221886,302,154,148,12379,0.9194147355912062,0.8369565217391305,0.5099337748344371
supportedCount,>=,22.450000000000003,316,167,149,13155,0.9770499108734403,0.907608695652174,0.5284810126582279
tilt,<=,6.94437665416027,317,168,149,13119,0.9743761140819964,0.9130434782608695,0.5299684542586751
acceptedCount,>=,22.0,314,165,149,13119,0.9743761140819964,0.8967391304347826,0.5254777070063694
coreMaximumZ,>=,0.30476056575775134,314,165,149,13117,0.9742275698158052,0.8967391304347826,0.5254777070063694
density60,>=,11.789000286170863,313,164,149,13110,0.9737076648841355,0.8913043478260869,0.5239616613418531
density30,>=,44.52778329739321,313,164,149,13109,0.9736333927510398,0.8913043478260869,0.5239616613418531
fraction006,>=,0.09148936170212767,315,166,149,13100,0.9729649435531789,0.9021739130434783,0.526984126984127
centralFraction30,>=,0.923816846147458,315,166,149,13094,0.9725193107546048,0.9021739130434783,0.526984126984127
coreMinimumZ,<=,-0.36397743463516175,314,165,149,13092,0.9723707664884136,0.8967391304347826,0.5254777070063694
contextCount,>=,29.0,311,162,149,13078,0.9713309566250743,0.8804347826086957,0.5209003215434084
peakFloor30,>=,0.7059444966318644,314,165,149,13052,0.9693998811645871,0.8967391304347826,0.5254777070063694
coreMaximumZ,<=,3.8396100354194678,311,162,149,13034,0.9680629827688652,0.8804347826086957,0.5209003215434084
massRatio,>=,0.7960881673243778,315,166,149,13031,0.9678401663695781,0.9021739130434783,0.526984126984127
meanGap,<=,0.10345909838242949,308,159,149,13017,0.9668003565062389,0.8641304347826086,0.5162337662337663
centralFraction45,>=,0.8008983588089937,312,163,149,13006,0.9659833630421866,0.8858695652173914,0.5224358974358975
peakFloor30,>=,0.707774348756927,311,162,149,13001,0.9656120023767083,0.8804347826086957,0.5209003215434084
peakCeiling60,>=,0.8016141707722706,311,162,149,12990,0.964795008912656,0.8804347826086957,0.5209003215434084
peakFloor45,>=,0.6777960089801061,310,161,149,12988,0.9646464646464646,0.875,0.5193548387096775
fraction025,>=,0.36741039328902925,311,162,149,12984,0.964349376114082,0.8804347826086957,0.5209003215434084
ownerFraction,>=,0.21006191950464423,311,162,149,12960,0.9625668449197861,0.8804347826086957,0.5209003215434084
centralFraction15,<=,1.35688193711937,314,165,149,12959,0.9624925727866904,0.8967391304347826,0.5254777070063694
quarterRmsMaximum,<=,0.15303878889116646,314,165,149,12956,0.9622697563874034,0.8967391304347826,0.5254777070063694
peakFloor15,>=,0.4657418377493203,315,166,149,12938,0.9609328579916815,0.9021739130434783,0.526984126984127
peakShift45,<=,0.11935239699132674,308,159,149,12904,0.958407605466429,0.8641304347826086,0.5162337662337663
peakCeiling30,>=,0.897234363525235,310,161,149,12878,0.9564765300059418,0.875,0.5193548387096775
peakFloor60,>=,0.6188827603716323,308,159,149,12875,0.9562537136066548,0.8641304347826086,0.5162337662337663
fraction075,>=,0.5261021101957061,308,159,149,12868,0.9557338086749851,0.8641304347826086,0.5162337662337663
peakShift30,<=,0.0967875979866029,311,162,149,12854,0.9546939988116458,0.8804347826086957,0.5209003215434084
maximumGap,<=,0.4560113930702221,311,162,149,12847,0.9541740938799762,0.8804347826086957,0.5209003215434084
anisotropy60,<=,0.9307755760539117,307,158,149,12735,0.945855614973262,0.8586956521739131,0.5146579804560261
peakShift60,<=,0.167714865957996,306,157,149,12651,0.9396167557932263,0.8532608695652174,0.5130718954248366
coreHeight,>=,1.8675415146350869,313,164,149,12646,0.9392453951277481,0.8913043478260869,0.5239616613418531
peakCeiling15,>=,0.845572826309114,310,161,149,12537,0.9311497326203209,0.875,0.5193548387096775
peakShift15,<=,0.06731736280047386,305,156,149,12462,0.9255793226381461,0.8478260869565217,0.5114754098360655
quarterCenterStep,<=,0.09874443847685636,300,151,149,12151,0.9024806892453952,0.8206521739130435,0.5033333333333333
density15,>=,139.84121442163186,317,167,150,13155,0.9770499108734403,0.907608695652174,0.526813880126183
density30,>=,42.51604450672847,317,167,150,13155,0.9770499108734403,0.907608695652174,0.526813880126183
density45,>=,19.26407141518027,317,167,150,13155,0.9770499108734403,0.907608695652174,0.526813880126183
density60,>=,10.998462790294012,317,167,150,13155,0.9770499108734403,0.907608695652174,0.526813880126183
density45,>=,20.515771510512337,313,163,150,13092,0.9723707664884136,0.8858695652173914,0.5207667731629393
coreMaximumZ,<=,4.237338552474985,314,164,150,13075,0.9711081402257873,0.8913043478260869,0.5222929936305732
fraction025,>=,0.3503506493506495,314,164,150,13025,0.9673945335710041,0.8913043478260869,0.5222929936305732
anisotropy45,<=,0.927397843576631,316,166,150,13007,0.9660576351752822,0.9021739130434783,0.5253164556962026
aspect,<=,3.362243740120663,315,165,150,12991,0.9648692810457516,0.8967391304347826,0.5238095238095238
peakCeiling45,>=,0.8412186277740406,312,162,150,12990,0.964795008912656,0.8804347826086957,0.5192307692307693
centralFraction60,>=,0.6810356861229442,312,162,150,12984,0.964349376114082,0.8804347826086957,0.5192307692307693
radialRms,<=,0.12894440348068975,318,168,150,12982,0.9642008318478906,0.9130434782608695,0.5283018867924528
anisotropy30,<=,0.9240786331976842,315,165,150,12981,0.964126559714795,0.8967391304347826,0.5238095238095238
maximumStd,<=,0.117100778344929,316,166,150,12917,0.9593731431966727,0.9021739130434783,0.5253164556962026
peakFloor60,>=,0.6117875176878664,311,161,150,12909,0.9587789661319073,0.875,0.5176848874598071
coreHeight,<=,4.14617252349854,307,157,150,12875,0.9562537136066548,0.8532608695652174,0.511400651465798
maximumStd,<=,0.11668158524476197,314,164,150,12854,0.9546939988116458,0.8913043478260869,0.5222929936305732
gapVariation,>=,0.8321819816486895,301,151,150,12809,0.9513517528223411,0.8206521739130435,0.5016611295681063
ownerHeight,>=,1.5099852705001864,313,163,150,12805,0.9510546642899584,0.8858695652173914,0.5207667731629393
quarterRmsVariation,<=,0.047632964564545764,312,162,150,12787,0.9497177658942365,0.8804347826086957,0.5192307692307693
supportHeight,>=,2.014316012859344,312,162,150,12730,0.9454842543077837,0.8804347826086957,0.5192307692307693
peakShift60,<=,0.175751967951607,310,160,150,12687,0.9422905525846702,0.8695652173913043,0.5161290322580645
peakCeiling15,>=,0.8427247340446907,312,162,150,12568,0.9334521687462864,0.8804347826086957,0.5192307692307693
peakCeiling15,<=,0.965708146143613,308,158,150,12470,0.9261734997029115,0.8586956521739131,0.512987012987013
quarterRmsVariation,>=,0.005242900649016596,312,162,150,12442,0.9240938799762329,0.8804347826086957,0.5192307692307693
lineScore,<=,0.7181079936027525,310,160,150,12325,0.9154040404040404,0.8695652173913043,0.5161290322580645
coreMinimumZ,>=,-1.7939773321151735,306,156,150,12241,0.9091651812240048,0.8478260869565217,0.5098039215686274
quarterCenterSpread,<=,0.06558400697871293,300,150,150,12175,0.904263220439691,0.8152173913043478,0.5
ownerCount,>=,12.0,319,168,151,13156,0.9771241830065359,0.9130434782608695,0.5266457680250783
pointScore,>=,0.5098528951406482,318,167,151,13145,0.9763071895424836,0.907608695652174,0.5251572327044025
coreMinimumZ,<=,-0.337608635425568,318,167,151,13133,0.9754159239453357,0.907608695652174,0.5251572327044025
contextCount,>=,28.0,315,164,151,13113,0.9739304812834224,0.8913043478260869,0.5206349206349207
longestHeight,>=,1.1977209895849241,316,165,151,13108,0.9735591206179441,0.8967391304347826,0.5221518987341772
aspect,<=,3.4315933825537,320,169,151,13075,0.9711081402257873,0.9184782608695652,0.528125
anisotropy15,<=,0.9027591598623277,319,168,151,13044,0.9688057040998217,0.9130434782608695,0.5266457680250783
quarterRmsMaximum,<=,0.155559579658807,317,166,151,13036,0.9682115270350564,0.9021739130434783,0.5236593059936908
centralFraction45,>=,0.7924283955035426,315,164,151,13025,0.9673945335710041,0.8913043478260869,0.5206349206349207
centralFraction60,>=,0.6780336158178337,315,164,151,13025,0.9673945335710041,0.8913043478260869,0.5206349206349207
peakFloor15,>=,0.464366055051835,320,169,151,13022,0.9671717171717171,0.9184782608695652,0.528125
fraction010,>=,0.198412698412698,314,163,151,13020,0.9670231729055259,0.8858695652173914,0.5191082802547771
centralFraction30,<=,1.05613071118022,316,165,151,13004,0.9658348187759952,0.8967391304347826,0.5221518987341772
centralFraction30,<=,1.0563892201659286,316,165,151,13004,0.9658348187759952,0.8967391304347826,0.5221518987341772
anisotropy60,<=,0.940157530585735,316,165,151,12989,0.9647207367795603,0.8967391304347826,0.5221518987341772
ownerFraction,>=,0.18823369565217368,314,163,151,12981,0.964126559714795,0.8858695652173914,0.5191082802547771
centralFraction15,<=,1.3651395624303801,316,165,151,12959,0.9624925727866904,0.8967391304347826,0.5221518987341772
peakCeiling30,>=,0.8938539664137838,315,164,151,12958,0.9624183006535948,0.8913043478260869,0.5206349206349207
coreHeight,<=,4.22038793563843,310,159,151,12944,0.9613784907902555,0.8641304347826086,0.5129032258064516
fraction075,>=,0.49387573577501653,314,163,151,12941,0.9611556743909685,0.8858695652173914,0.5191082802547771
peakShift45,<=,0.1285805061478545,312,161,151,12928,0.960190136660725,0.875,0.5160256410256411
peakShift60,<=,0.187204883193689,314,163,151,12902,0.9582590612002376,0.8858695652173914,0.5191082802547771
fraction050,>=,0.423611111111111,312,161,151,12900,0.9581105169340464,0.875,0.5160256410256411
fraction075,>=,0.511627906976744,312,161,151,12900,0.9581105169340464,0.875,0.5160256410256411
meanRatio,>=,0.8284272948366403,313,162,151,12899,0.9580362448009507,0.8804347826086957,0.5175718849840255
peakCeiling30,>=,0.8956343614094657,313,162,151,12897,0.9578877005347594,0.8804347826086957,0.5175718849840255
centralFraction30,<=,1.05510429131003,312,161,151,12859,0.9550653594771242,0.875,0.5160256410256411
anisotropy60,<=,0.9360553674418668,311,160,151,12758,0.9475638740344623,0.8695652173913043,0.5144694533762058
coreMinimumZ,>=,-1.80929386615753,310,159,151,12594,0.9353832442067737,0.8641304347826086,0.5129032258064516
peakCeiling15,>=,0.8354756174430984,313,162,151,12568,0.9334521687462864,0.8804347826086957,0.5175718849840255
peakShift15,<=,0.0723645991924543,307,156,151,12462,0.9255793226381461,0.8478260869565217,0.50814332247557
quarterCenterSpread,<=,0.07154416202552137,307,156,151,12352,0.9174093879976233,0.8478260869565217,0.50814332247557
anisotropy60,>=,0.2914589449230948,309,158,151,12278,0.9119132501485443,0.8586956521739131,0.511326860841424
anisotropy45,>=,0.27034855919248574,311,160,151,12262,0.9107248960190136,0.8695652173913043,0.5144694533762058
quarterCenterSpread,<=,0.06963182475154706,304,153,151,12230,0.9083481877599525,0.8315217391304348,0.5032894736842105
anisotropy45,>=,0.27958386740428,309,158,151,12149,0.9023321449792038,0.8586956521739131,0.511326860841424
density15,>=,134.50536457507883,320,168,152,13173,0.9783868092691622,0.9130434782608695,0.525
contextCount,>=,27.0,318,166,152,13145,0.9763071895424836,0.9021739130434783,0.5220125786163522
coreMaximumZ,>=,0.285501718521118,318,166,152,13136,0.9756387403446227,0.9021739130434783,0.5220125786163522
acceptedCount,>=,21.0,318,166,152,13131,0.9752673796791443,0.9021739130434783,0.5220125786163522
massRatio,>=,0.790085906327573,320,168,152,13121,0.9745246583481878,0.9130434782608695,0.525
fraction006,>=,0.08158961038961038,319,167,152,13121,0.9745246583481878,0.907608695652174,0.5235109717868338
centralFraction30,>=,0.9159317030229094,318,166,152,13094,0.9725193107546048,0.9021739130434783,0.5220125786163522
centralFraction30,<=,1.0600066776833132,319,167,152,13067,0.970513963161022,0.907608695652174,0.5235109717868338
peakCeiling30,>=,0.890596187813634,318,166,152,13065,0.9703654188948306,0.9021739130434783,0.5220125786163522
fraction010,>=,0.18609022556390994,317,165,152,13052,0.9693998811645871,0.8967391304347826,0.5205047318611987
centralFraction15,<=,1.36836177756051,319,167,152,13049,0.9691770647653001,0.907608695652174,0.5235109717868338
quarterRmsVariation,<=,0.05093903777849109,320,168,152,13039,0.9684343434343434,0.9130434782608695,0.525
ownerFraction,>=,0.1695503875968989,316,164,152,13031,0.9678401663695781,0.8913043478260869,0.5189873417721519
maximumStd,<=,0.11743603968467879,319,167,152,13030,0.9677658942364825,0.907608695652174,0.5235109717868338
meanGap,<=,0.10601016845818192,312,160,152,13029,0.9676916221033868,0.8695652173913043,0.5128205128205128
fraction015,>=,0.283582089552239,315,163,152,13020,0.9670231729055259,0.8858695652173914,0.5174603174603175
peakFloor45,>=,0.666517168426114,314,162,152,12993,0.9650178253119429,0.8804347826086957,0.5159235668789809
coreHeight,<=,4.299694336652756,313,161,152,12976,0.9637551990493167,0.875,0.5143769968051118
meanRatio,>=,0.824388808965635,316,164,152,12968,0.9631610219845514,0.8913043478260869,0.5189873417721519
quarterRmsVariation,<=,0.048928314052939285,316,164,152,12965,0.9629382055852644,0.8913043478260869,0.5189873417721519
peakFloor60,>=,0.58505938527106,315,163,152,12941,0.9611556743909685,0.8858695652173914,0.5174603174603175
peakShift60,<=,0.1935181779811934,315,163,152,12902,0.9582590612002376,0.8858695652173914,0.5174603174603175
fraction100,>=,0.6030371410808449,312,160,152,12882,0.9567736185383244,0.8695652173913043,0.5128205128205128
coreMinimumZ,>=,-1.8118302822113,315,163,152,12880,0.9566250742721331,0.8858695652173914,0.5174603174603175
maximumGap,<=,0.5042210340499882,315,163,152,12856,0.9548425430778372,0.8858695652173914,0.5174603174603175
gapVariation,>=,0.7909592530065656,304,152,152,12841,0.9537284610814023,0.8260869565217391,0.5
coreHeight,>=,1.791200900077819,317,165,152,12672,0.9411764705882353,0.8967391304347826,0.5205047318611987
peakCeiling15,<=,0.9667493019238499,311,159,152,12496,0.9281045751633987,0.8641304347826086,0.5112540192926045
quarterCenterStep,<=,0.10922668684633015,310,158,152,12454,0.9249851455733809,0.8586956521739131,0.5096774193548387
quarterCenterSpread,<=,0.07493203396422922,310,158,152,12387,0.9200089126559715,0.8586956521739131,0.5096774193548387
quarterCenterStep,<=,0.108203609888605,308,156,152,12358,0.9178550207961973,0.8478260869565217,0.5064935064935064
quarterCenterStep,<=,0.102468893215945,306,154,152,12252,0.9099821746880571,0.8369565217391305,0.5032679738562091
quarterCenterStep,<=,0.104459733512603,306,154,152,12252,0.9099821746880571,0.8369565217391305,0.5032679738562091
anisotropy15,<=,0.9093744076552599,323,170,153,13188,0.9795008912655971,0.9239130434782609,0.5263157894736842
coreMaximumZ,>=,0.23132938385009735,321,168,153,13169,0.9780897207367796,0.9130434782608695,0.5233644859813084
density45,>=,17.84688021849602,321,168,153,13167,0.9779411764705882,0.9130434782608695,0.5233644859813084
density60,>=,10.17115616875114,321,168,153,13167,0.9779411764705882,0.9130434782608695,0.5233644859813084
pointScore,>=,0.4429431486129762,321,168,153,13160,0.9774212715389186,0.9130434782608695,0.5233644859813084
density30,>=,38.68247162335675,320,167,153,13155,0.9770499108734403,0.907608695652174,0.521875
massRatio,>=,0.7868934718527751,323,170,153,13152,0.9768270944741533,0.9239130434782609,0.5263157894736842
ownerFraction,>=,0.15857489878542502,319,166,153,13131,0.9752673796791443,0.9021739130434783,0.5203761755485894
tilt,<=,7.1768823814794,321,168,153,13119,0.9743761140819964,0.9130434782608695,0.5233644859813084
coreMaximumZ,<=,4.47599792480469,319,166,153,13106,0.9734105763517529,0.9021739130434783,0.5203761755485894
centralFraction45,>=,0.7837146450876137,319,166,153,13086,0.9719251336898396,0.9021739130434783,0.5203761755485894
fraction015,>=,0.26786616161616184,318,165,153,13052,0.9693998811645871,0.8967391304347826,0.5188679245283019
peakFloor30,>=,0.703738913575213,318,165,153,13052,0.9693998811645871,0.8967391304347826,0.5188679245283019
coreMinimumZ,>=,-1.84596567153931,318,165,153,13028,0.9676173499702911,0.8967391304347826,0.5188679245283019
peakShift60,<=,0.2109828182871811,319,166,153,13027,0.9675430778371955,0.9021739130434783,0.5203761755485894
anisotropy60,<=,0.9489854760895597,319,166,153,13014,0.9665775401069518,0.9021739130434783,0.5203761755485894
anisotropy45,<=,0.9390083450465481,319,166,153,13007,0.9660576351752822,0.9021739130434783,0.5203761755485894
fraction100,>=,0.5466346153846151,319,166,153,12999,0.9654634581105169,0.9021739130434783,0.5203761755485894
peakCeiling45,>=,0.8240352882428414,315,162,153,12990,0.964795008912656,0.8804347826086957,0.5142857142857142
peakCeiling60,>=,0.7775556487523776,315,162,153,12990,0.964795008912656,0.8804347826086957,0.5142857142857142
radialRms,<=,0.13300534717530574,321,168,153,12982,0.9642008318478906,0.9130434782608695,0.5233644859813084
anisotropy60,>=,0.257404775039492,317,164,153,12978,0.963903743315508,0.8913043478260869,0.5173501577287066
peakShift45,<=,0.13684569571332045,315,162,153,12955,0.9621954842543078,0.8804347826086957,0.5142857142857142
fraction100,>=,0.5813084014246805,315,162,153,12923,0.9598187759952466,0.8804347826086957,0.5142857142857142
fraction050,>=,0.4094680460011551,315,162,153,12918,0.9594474153297683,0.8804347826086957,0.5142857142857142
peakShift15,<=,0.09064701921979627,316,163,153,12910,0.958853238265003,0.8858695652173914,0.5158227848101266
gapVariation,>=,0.7841518851011634,308,155,153,12890,0.9573677956030897,0.842391304347826,0.5032467532467533
isolation,>=,0.828571428571429,319,166,153,12874,0.9561794414735592,0.9021739130434783,0.5203761755485894
peakShift30,<=,0.10754490633108077,315,162,153,12854,0.9546939988116458,0.8804347826086957,0.5142857142857142
centralFraction45,<=,1.0215239125968179,315,162,153,12841,0.9537284610814023,0.8804347826086957,0.5142857142857142
ownerHeight,>=,1.470738688111305,317,164,153,12819,0.9520944741532977,0.8913043478260869,0.5173501577287066
anisotropy45,>=,0.26573842518118085,315,162,153,12774,0.9487522281639929,0.8804347826086957,0.5142857142857142
peakShift15,<=,0.0869941578103791,314,161,153,12732,0.9456327985739751,0.875,0.5127388535031847
supportHeight,>=,1.9827601760625826,315,162,153,12730,0.9454842543077837,0.8804347826086957,0.5142857142857142
peakCeiling15,>=,0.827347165027361,318,165,153,12730,0.9454842543077837,0.8967391304347826,0.5188679245283019
quarterRmsVariation,>=,0.004656022749440053,316,163,153,12711,0.9440730837789661,0.8858695652173914,0.5158227848101266
maximumQuarterFraction,>=,0.26865671641791,315,162,153,12608,0.936423054070113,0.8804347826086957,0.5142857142857142
centralFraction45,<=,1.0212424023850215,313,160,153,12605,0.9362002376708259,0.8695652173913043,0.5111821086261981
anisotropy60,>=,0.270714395507552,313,160,153,12599,0.9357546048722519,0.8695652173913043,0.5111821086261981
maximumQuarterFraction,>=,0.269230769230769,313,160,153,12545,0.9317439096850861,0.8695652173913043,0.5111821086261981
centralFraction45,<=,1.0204264326021648,309,156,153,12511,0.9292186571598336,0.8478260869565217,0.5048543689320388
peakShift15,<=,0.07580437636435333,310,157,153,12483,0.9271390374331551,0.8532608695652174,0.5064516129032258
quarterCenterSpread,<=,0.07949960139040955,312,159,153,12396,0.9206773618538324,0.8641304347826086,0.5096153846153846
gapVariation,<=,1.65816946215185,316,163,153,12277,0.9118389780154486,0.8858695652173914,0.5158227848101266
centralFraction45,<=,1.01952958657903,306,153,153,12264,0.910873440285205,0.8315217391304348,0.5
centralFraction45,<=,1.01948442200506,304,151,153,12181,0.904708853238265,0.8206521739130435,0.4967105263157895
gapVariation,<=,1.64129902142885,312,159,153,12131,0.9009952465834818,0.8641304347826086,0.5096153846153846
fraction006,>=,0.07275476181351317,323,169,154,13182,0.9790552584670231,0.9184782608695652,0.5232198142414861
contextCount,>=,24.0,322,168,154,13167,0.9779411764705882,0.9130434782608695,0.5217391304347826
coreMinimumZ,<=,0.140229061245918,322,168,154,13162,0.9775698158051099,0.9130434782608695,0.5217391304347826
supportedCount,>=,22.0,321,167,154,13155,0.9770499108734403,0.907608695652174,0.5202492211838006
fraction010,>=,0.1701290547610745,321,167,154,13121,0.9745246583481878,0.907608695652174,0.5202492211838006
aspect,<=,3.546693446072121,323,169,154,13075,0.9711081402257873,0.9184782608695652,0.5232198142414861
centralFraction15,<=,1.3815267524430075,321,167,154,13049,0.9691770647653001,0.907608695652174,0.5202492211838006
peakCeiling60,>=,0.7611299710752124,319,165,154,13042,0.9686571598336304,0.8967391304347826,0.5172413793103449
quarterRmsMaximum,<=,0.1568408068734942,320,166,154,13036,0.9682115270350564,0.9021739130434783,0.51875
fraction025,>=,0.33286356209150336,318,164,154,13025,0.9673945335710041,0.8913043478260869,0.5157232704402516
peakFloor45,>=,0.6587759432767565,318,164,154,13025,0.9673945335710041,0.8913043478260869,0.5157232704402516
centralFraction60,>=,0.6546722770955544,318,164,154,13025,0.9673945335710041,0.8913043478260869,0.5157232704402516
peakFloor15,>=,0.4457494573113086,323,169,154,13022,0.9671717171717171,0.9184782608695652,0.5232198142414861
anisotropy30,<=,0.930919271885825,320,166,154,13007,0.9660576351752822,0.9021739130434783,0.51875
peakShift30,<=,0.1144682279153005,319,165,154,13000,0.9655377302436126,0.8967391304347826,0.5172413793103449
coreHeight,<=,4.454183788895611,315,161,154,12976,0.9637551990493167,0.875,0.5111111111111111
fraction075,>=,0.463917525773196,319,165,154,12972,0.9634581105169341,0.8967391304347826,0.5172413793103449
centralFraction45,<=,1.0224442893232026,318,164,154,12900,0.9581105169340464,0.8913043478260869,0.5157232704402516
anisotropy45,>=,0.22352090780268832,319,165,154,12886,0.9570707070707071,0.8967391304347826,0.5172413793103449
quarterCenterStep,<=,0.114632647191114,315,161,154,12752,0.9471182412358883,0.875,0.5111111111111111
gapVariation,<=,1.67418301210608,320,166,154,12724,0.9450386215092097,0.9021739130434783,0.51875
coreHeight,>=,1.719590570926666,320,166,154,12690,0.9425133689839572,0.9021739130434783,0.51875
lineScore,<=,0.7268268573284147,314,160,154,12325,0.9154040404040404,0.8695652173913043,0.5095541401273885
peakCeiling30,<=,0.990147717955069,311,157,154,12205,0.9064913844325609,0.8532608695652174,0.5048231511254019
peakCeiling30,>=,0.8811319136037087,324,169,155,13182,0.9790552584670231,0.9184782608695652,0.5216049382716049
coreMinimumZ,<=,0.1859307467937457,323,168,155,13162,0.9775698158051099,0.9130434782608695,0.5201238390092879
ownerFraction,>=,0.14888599687662676,322,167,155,13148,0.9765300059417706,0.907608695652174,0.5186335403726708
anisotropy60,<=,0.9548581098474738,323,168,155,13145,0.9763071895424836,0.9130434782608695,0.5201238390092879
centralFraction15,<=,1.4011146245694381,325,170,155,13133,0.9754159239453357,0.9239130434782609,0.5230769230769231
centralFraction30,<=,1.06154075340864,324,169,155,13123,0.9746732026143791,0.9184782608695652,0.5216049382716049
longestHeight,>=,1.1728597259521483,320,165,155,13108,0.9735591206179441,0.8967391304347826,0.515625
centralFraction45,>=,0.7734430086597018,321,166,155,13086,0.9719251336898396,0.9021739130434783,0.5171339563862928
peakCeiling30,>=,0.884168795704323,321,166,155,13065,0.9703654188948306,0.9021739130434783,0.5171339563862928
fraction100,>=,0.524163568773234,323,168,155,13060,0.9699940582293524,0.9130434782608695,0.5201238390092879
anisotropy45,<=,0.9526196056769649,323,168,155,13051,0.9693256090314913,0.9130434782608695,0.5201238390092879
ownerHeight,>=,1.4319966912269575,320,165,155,13050,0.9692513368983957,0.8967391304347826,0.515625
anisotropy30,<=,0.9433778194130931,323,168,155,13044,0.9688057040998217,0.9130434782608695,0.5201238390092879
quarterRmsVariation,<=,0.053003330023999366,323,168,155,13039,0.9684343434343434,0.9130434782608695,0.5201238390092879
meanGap,<=,0.10821507527278,316,161,155,13034,0.9680629827688652,0.875,0.509493670886076
peakShift60,<=,0.22504540145870316,321,166,155,13027,0.9675430778371955,0.9021739130434783,0.5171339563862928
peakShift45,<=,0.147572105692502,319,164,155,13024,0.9673202614379085,0.8913043478260869,0.5141065830721003
anisotropy45,>=,0.20319846875002295,323,168,155,12996,0.9652406417112299,0.9130434782608695,0.5201238390092879
meanRatio,>=,0.8220224096038956,319,164,155,12968,0.9631610219845514,0.8913043478260869,0.5141065830721003
centralFraction45,<=,1.023193527251904,321,166,155,12959,0.9624925727866904,0.9021739130434783,0.5171339563862928
fraction050,>=,0.4016096979332277,318,163,155,12941,0.9611556743909685,0.8858695652173914,0.5125786163522013
peakFloor60,>=,0.5186509806629422,318,163,155,12941,0.9611556743909685,0.8858695652173914,0.5125786163522013
isolation,>=,0.8217142857142853,321,166,155,12874,0.9561794414735592,0.9021739130434783,0.5171339563862928
supportHeight,>=,1.95731568336487,320,165,155,12864,0.9554367201426025,0.8967391304347826,0.515625
quarterCenterStep,<=,0.121238629609128,317,162,155,12779,0.9491235888294712,0.8804347826086957,0.5110410094637224
quarterRmsVariation,>=,0.004591549356686934,319,164,155,12734,0.9457813428401664,0.8913043478260869,0.5141065830721003
peakCeiling15,>=,0.81867390391312,320,165,155,12730,0.9454842543077837,0.8967391304347826,0.515625
quarterCenterSpread,<=,0.0835635953388042,316,161,155,12717,0.94451871657754,0.875,0.509493670886076
peakCeiling15,<=,0.970551191877817,316,161,155,12604,0.9361259655377302,0.875,0.509493670886076
isolation,>=,0.8148704318936877,327,171,156,13213,0.9813576945929887,0.9293478260869565,0.5229357798165137
anisotropy30,<=,0.9524578885054796,327,171,156,13213,0.9813576945929887,0.9293478260869565,0.5229357798165137
anisotropy45,<=,0.9598575826591709,327,171,156,13213,0.9813576945929887,0.9293478260869565,0.5229357798165137
centralFraction45,<=,1.0267154457824905,327,171,156,13213,0.9813576945929887,0.9293478260869565,0.5229357798165137
anisotropy60,<=,0.9623669680215785,327,171,156,13213,0.9813576945929887,0.9293478260869565,0.5229357798165137
density30,>=,36.96902233049918,324,168,156,13167,0.9779411764705882,0.9130434782608695,0.5185185185185185
density45,>=,16.939896573798904,324,168,156,13167,0.9779411764705882,0.9130434782608695,0.5185185185185185
density60,>=,9.677883185283754,324,168,156,13167,0.9779411764705882,0.9130434782608695,0.5185185185185185
fraction100,>=,0.49116851441241693,326,170,156,13129,0.9751188354129531,0.9239130434782609,0.5214723926380368
fraction010,>=,0.16089409722222206,323,167,156,13121,0.9745246583481878,0.907608695652174,0.5170278637770898
tilt,<=,7.642984742041703,324,168,156,13119,0.9743761140819964,0.9130434782608695,0.5185185185185185
centralFraction45,<=,1.0238066973239797,324,168,156,13113,0.9739304812834224,0.9130434782608695,0.5185185185185185
coreMaximumZ,<=,4.995836143493653,322,166,156,13106,0.9734105763517529,0.9021739130434783,0.515527950310559
centralFraction30,>=,0.9064872449838054,322,166,156,13094,0.9725193107546048,0.9021739130434783,0.515527950310559
ownerHeight,>=,1.4168317326903348,323,167,156,13083,0.9717023172905526,0.907608695652174,0.5170278637770898
peakShift60,<=,0.23385095989559768,324,168,156,13068,0.9705882352941176,0.9130434782608695,0.5185185185185185
peakFloor30,>=,0.6898904177020936,321,165,156,13052,0.9693998811645871,0.8967391304347826,0.514018691588785
peakShift45,<=,0.1585555268467635,321,165,156,13042,0.9686571598336304,0.8967391304347826,0.514018691588785
isolation,>=,0.8195769230769228,325,169,156,13035,0.9681372549019608,0.9184782608695652,0.52
maximumStd,<=,0.12069131363983185,323,167,156,13030,0.9677658942364825,0.907608695652174,0.5170278637770898
coreHeight,<=,4.54106378555298,319,163,156,13017,0.9668003565062389,0.8858695652173914,0.5109717868338558
peakCeiling45,>=,0.800104405864966,319,163,156,13011,0.9663547237076648,0.8858695652173914,0.5109717868338558
radialRms,<=,0.13515157179926737,325,169,156,13003,0.9657605466428996,0.9184782608695652,0.52
fraction075,>=,0.4181009844395047,322,166,156,12999,0.9654634581105169,0.9021739130434783,0.515527950310559
anisotropy60,>=,0.24912973031937027,320,164,156,12978,0.963903743315508,0.8913043478260869,0.5125
peakShift15,<=,0.1056212601989319,319,163,156,12910,0.958853238265003,0.8858695652173914,0.5109717868338558
maximumGap,<=,0.5408886528015132,319,163,156,12856,0.9548425430778372,0.8858695652173914,0.5109717868338558
quarterCenterStep,<=,0.12663146151283533,319,163,156,12845,0.9540255496137849,0.8858695652173914,0.5109717868338558
peakCeiling15,>=,0.8094564991891111,323,167,156,12802,0.9508318478906714,0.907608695652174,0.5170278637770898
quarterCenterSpread,<=,0.09321401440231886,318,162,156,12744,0.946524064171123,0.8804347826086957,0.5094339622641509
maximumQuarterFraction,>=,0.266666666666667,321,165,156,12702,0.9434046345811051,0.8967391304347826,0.514018691588785
maximumQuarterFraction,<=,0.420634920634921,314,158,156,12498,0.92825311942959,0.8586956521739131,0.5031847133757962
peakCeiling45,<=,0.9955811925913092,315,159,156,12349,0.9171865715983363,0.8641304347826086,0.5047619047619047
centralFraction60,<=,1.0106468538167808,307,151,156,12312,0.9144385026737968,0.8206521739130435,0.49185667752442996
centralFraction60,<=,1.01061901389638,305,149,156,12247,0.9096108140225787,0.8097826086956522,0.4885245901639344
peakCeiling60,<=,0.9974562700619231,315,159,156,12135,0.9012923351158645,0.8641304347826086,0.5047619047619047
fraction006,>=,0.0694444444444444,328,171,157,13213,0.9813576945929887,0.9293478260869565,0.5213414634146342
centralFraction30,>=,0.898325799076069,328,171,157,13213,0.9813576945929887,0.9293478260869565,0.5213414634146342
ownerHeight,>=,1.3472732794284838,327,170,157,13195,0.9800207961972668,0.9239130434782609,0.5198776758409785
coreMinimumZ,<=,0.9771145820617678,327,170,157,13194,0.9799465240641712,0.9239130434782609,0.5198776758409785
anisotropy60,>=,0.19735762647880561,327,170,157,13192,0.9797979797979798,0.9239130434782609,0.5198776758409785
ownerCount,>=,11.0,327,170,157,13190,0.9796494355317885,0.9239130434782609,0.5198776758409785
aspect,<=,3.7940588942131206,327,170,157,13188,0.9795008912655971,0.9239130434782609,0.5198776758409785
anisotropy15,<=,0.9255674512711741,327,170,157,13188,0.9795008912655971,0.9239130434782609,0.5198776758409785
coreMaximumZ,>=,0.167745888233185,326,169,157,13181,0.9789809863339275,0.9184782608695652,0.5184049079754601
density15,>=,130.577908754951,325,168,157,13173,0.9783868092691622,0.9130434782608695,0.5169230769230769
contextCount,>=,23.0,325,168,157,13167,0.9779411764705882,0.9130434782608695,0.5169230769230769
acceptedCount,>=,20.0,325,168,157,13165,0.9777926322043969,0.9130434782608695,0.5169230769230769
centralFraction30,>=,0.9017475826572039,325,168,157,13163,0.9776440879382056,0.9130434782608695,0.5169230769230769
pointScore,>=,0.33479591578245177,325,168,157,13160,0.9774212715389186,0.9130434782608695,0.5169230769230769
coreMaximumZ,<=,5.3417916870117095,326,169,157,13157,0.9771984551396317,0.9184782608695652,0.5184049079754601
ownerFraction,>=,0.12928388746803096,324,167,157,13148,0.9765300059417706,0.907608695652174,0.5154320987654321
fraction075,>=,0.3853705595278629,326,169,157,13144,0.976232917409388,0.9184782608695652,0.5184049079754601
anisotropy45,>=,0.1640360966553598,327,170,157,13136,0.9756387403446227,0.9239130434782609,0.5198776758409785
peakFloor30,>=,0.686656591355859,324,167,157,13121,0.9745246583481878,0.907608695652174,0.5154320987654321
peakCeiling45,>=,0.7756472650501957,324,167,157,13121,0.9745246583481878,0.907608695652174,0.5154320987654321
peakCeiling60,>=,0.723425659728907,324,167,157,13111,0.9737819370172311,0.907608695652174,0.5154320987654321
peakShift45,<=,0.16761733636575,325,168,157,13096,0.9726678550207962,0.9130434782608695,0.5169230769230769
peakFloor15,>=,0.4315766255466872,327,170,157,13083,0.9717023172905526,0.9239130434782609,0.5198776758409785
peakCeiling45,>=,0.79384256414525,322,165,157,13080,0.9714795008912656,0.8967391304347826,0.5124223602484472
anisotropy60,>=,0.216841090305308,323,166,157,13068,0.9705882352941176,0.9021739130434783,0.5139318885448917
fraction015,>=,0.237179487179487,322,165,157,13052,0.9693998811645871,0.8967391304347826,0.5124223602484472
fraction025,>=,0.3132398612995629,322,165,157,13052,0.9693998811645871,0.8967391304347826,0.5124223602484472
fraction050,>=,0.3563500767712217,322,165,157,13052,0.9693998811645871,0.8967391304347826,0.5124223602484472
centralFraction60,>=,0.6303281994919694,322,165,157,13052,0.9693998811645871,0.8967391304347826,0.5124223602484472
coreMinimumZ,>=,-1.8712829971313496,322,165,157,13028,0.9676173499702911,0.8967391304347826,0.5124223602484472
peakShift30,<=,0.13347752914554564,323,166,157,13026,0.9674688057040999,0.9021739130434783,0.5139318885448917
quarterCenterSpread,<=,0.0988024119840214,322,165,157,12956,0.9622697563874034,0.8967391304347826,0.5124223602484472
peakShift15,<=,0.11646289957250833,321,164,157,12936,0.9607843137254902,0.8913043478260869,0.5109034267912772
gapVariation,>=,0.7476499614436665,314,157,157,12922,0.9597445038621509,0.8532608695652174,0.5
gapVariation,>=,0.765788549170152,313,156,157,12904,0.958407605466429,0.8478260869565217,0.4984025559105431
gapVariation,<=,1.70675354083844,324,167,157,12842,0.9538027332144979,0.907608695652174,0.5154320987654321
centralFraction60,<=,1.0114182163842462,315,158,157,12723,0.9449643493761141,0.8586956521739131,0.5015873015873016
maximumQuarterFraction,<=,0.42609890109890136,317,160,157,12684,0.9420677361853832,0.8695652173913043,0.5047318611987381
peakCeiling60,<=,0.9977872375279759,319,162,157,12661,0.940359477124183,0.8804347826086957,0.5078369905956113
peakCeiling45,<=,0.9961230831411363,319,162,157,12658,0.940136660724896,0.8804347826086957,0.5078369905956113
peakCeiling15,<=,0.9729074019349938,319,162,157,12622,0.9374628639334521,0.8804347826086957,0.5078369905956113
peakCeiling30,<=,0.9917020974109789,319,162,157,12622,0.9374628639334521,0.8804347826086957,0.5078369905956113
centralFraction60,<=,1.01100712838016,313,156,157,12515,0.9295157456922163,0.8478260869565217,0.4984025559105431
peakCeiling30,<=,0.9911186204734309,315,158,157,12474,0.9264705882352942,0.8586956521739131,0.5015873015873016
centralFraction60,<=,1.01095496864335,310,153,157,12347,0.917038027332145,0.8315217391304348,0.4935483870967742
peakShift15,>=,0.00439239946756267,320,163,157,12207,0.9066399286987522,0.8858695652173914,0.509375
peakCeiling45,>=,0.766211300747428,329,171,158,13213,0.9813576945929887,0.9293478260869565,0.5197568389057751
longestHeight,>=,0.956601768136024,327,169,158,13185,0.9792780748663101,0.9184782608695652,0.5168195718654435
peakFloor30,>=,0.664587723746731,327,169,158,13182,0.9790552584670231,0.9184782608695652,0.5168195718654435
ownerFraction,>=,0.11985185185185207,326,168,158,13170,0.9781639928698752,0.9130434782608695,0.5153374233128835
supportedCount,>=,21.0,326,168,158,13167,0.9779411764705882,0.9130434782608695,0.5153374233128835
massRatio,>=,0.779900010696083,328,170,158,13152,0.9768270944741533,0.9239130434782609,0.5182926829268293
fraction100,>=,0.48201765447667105,328,170,158,13129,0.9751188354129531,0.9239130434782609,0.5182926829268293
longestHeight,>=,1.0062663078308085,324,166,158,13124,0.9747474747474747,0.9021739130434783,0.5123456790123457
centralFraction30,<=,1.0627470619087198,327,169,158,13123,0.9746732026143791,0.9184782608695652,0.5168195718654435
centralFraction45,>=,0.7323908646812316,325,167,158,13113,0.9739304812834224,0.907608695652174,0.5138461538461538
peakShift15,<=,0.13308558073735036,325,167,158,13102,0.9731134878193701,0.907608695652174,0.5138461538461538
maximumStd,<=,0.12448771217623646,327,169,158,13062,0.9701426024955436,0.9184782608695652,0.5168195718654435
peakFloor60,>=,0.3932616534957928,326,168,158,13060,0.9699940582293524,0.9130434782608695,0.5153374233128835
quarterRmsMaximum,<=,0.1592632188163983,324,166,158,13036,0.9682115270350564,0.9021739130434783,0.5123456790123457
meanGap,<=,0.11282689645415839,319,161,158,13034,0.9680629827688652,0.875,0.5047021943573667
peakFloor60,>=,0.427554759176672,322,164,158,12968,0.9631610219845514,0.8913043478260869,0.5093167701863354
maximumGap,<=,0.5713824045658108,323,165,158,12914,0.9591503267973857,0.8967391304347826,0.5108359133126935
quarterCenterStep,<=,0.13336748524218908,323,165,158,12908,0.9587046939988116,0.8967391304347826,0.5108359133126935
supportHeight,>=,1.9010476848483124,323,165,158,12864,0.9554367201426025,0.8967391304347826,0.5108359133126935
quarterRmsVariation,>=,0.0044376205862961,324,166,158,12765,0.9480837789661319,0.9021739130434783,0.5123456790123457
coreHeight,>=,1.6938070935010914,324,166,158,12690,0.9425133689839572,0.9021739130434783,0.5123456790123457
lineScore,<=,0.7825868010520934,321,163,158,12462,0.9255793226381461,0.8858695652173914,0.5077881619937694
ownerHeight,<=,3.77418839931488,316,158,158,12342,0.9166666666666666,0.8586956521739131,0.5
lineScore,<=,0.7501169931888584,318,160,158,12325,0.9154040404040404,0.8695652173913043,0.5031446540880503
anisotropy15,>=,0.284701123851572,311,153,158,12247,0.9096108140225787,0.8315217391304348,0.4919614147909968
anisotropy15,>=,0.2993977822705509,308,150,158,12133,0.9011437908496732,0.8152173913043478,0.487012987012987
fraction075,>=,0.33740303878448646,330,171,159,13213,0.9813576945929887,0.9293478260869565,0.5181818181818182
fraction010,>=,0.148698884758364,328,169,159,13182,0.9790552584670231,0.9184782608695652,0.5152439024390244
peakCeiling30,>=,0.8737531044555249,328,169,159,13182,0.9790552584670231,0.9184782608695652,0.5152439024390244
ownerFraction,>=,0.09266014478218856,328,169,159,13174,0.9784610814022578,0.9184782608695652,0.5152439024390244
supportHeight,>=,1.823277722597121,327,168,159,13169,0.9780897207367796,0.9130434782608695,0.5137614678899083
meanGap,<=,0.12818871597890466,327,168,159,13167,0.9779411764705882,0.9130434782608695,0.5137614678899083
acceptedCount,>=,18.18,327,168,159,13165,0.9777926322043969,0.9130434782608695,0.5137614678899083
peakCeiling60,>=,0.7065255395128959,328,169,159,13152,0.9768270944741533,0.9184782608695652,0.5152439024390244
quarterRmsVariation,<=,0.0535581560838735,328,169,159,13152,0.9768270944741533,0.9184782608695652,0.5152439024390244
radialRms,<=,0.14018190073606104,329,170,159,13133,0.9754159239453357,0.9239130434782609,0.5167173252279635
centralFraction15,<=,1.4147023603013398,329,170,159,13133,0.9754159239453357,0.9239130434782609,0.5167173252279635
peakShift60,<=,0.304470965107621,329,170,159,13129,0.9751188354129531,0.9239130434782609,0.5167173252279635
centralFraction60,>=,0.615877730119274,326,167,159,13113,0.9739304812834224,0.907608695652174,0.5122699386503068
peakCeiling60,>=,0.718878760870001,326,167,159,13111,0.9737819370172311,0.907608695652174,0.5122699386503068
peakShift45,<=,0.17217281018379463,327,168,159,13096,0.9726678550207962,0.9130434782608695,0.5137614678899083
meanGap,<=,0.1184924128901197,323,164,159,13086,0.9719251336898396,0.8913043478260869,0.5077399380804953
coreMinimumZ,>=,-1.8847058522701297,325,166,159,13057,0.9697712418300654,0.9021739130434783,0.5107692307692308
peakFloor45,>=,0.590050045227969,323,164,159,13025,0.9673945335710041,0.8913043478260869,0.5077399380804953
coreHeight,<=,4.64255252838135,322,163,159,13017,0.9668003565062389,0.8858695652173914,0.5062111801242236
quarterCenterSpread,<=,0.10312168693442596,325,166,159,12975,0.963680926916221,0.9021739130434783,0.5107692307692308
meanRatio,>=,0.8176432188079721,323,164,159,12968,0.9631610219845514,0.8913043478260869,0.5077399380804953
gapVariation,>=,0.735200660738863,317,158,159,12947,0.9616013071895425,0.8586956521739131,0.49842271293375395
peakShift15,>=,0.0029371123426443755,327,168,159,12947,0.9616013071895425,0.9130434782608695,0.5137614678899083
centralFraction60,<=,1.0118514568421,320,161,159,12814,0.9517231134878193,0.875,0.503125
quarterRmsVariation,>=,0.004028272161256514,327,168,159,12798,0.9505347593582888,0.9130434782608695,0.5137614678899083
peakCeiling60,<=,0.997962127572304,324,165,159,12783,0.9494206773618539,0.8967391304347826,0.5092592592592593
peakCeiling45,<=,0.996390457013848,323,164,159,12766,0.9481580510992276,0.8913043478260869,0.5077399380804953
maximumQuarterFraction,>=,0.264705882352941,326,167,159,12735,0.945855614973262,0.907608695652174,0.5122699386503068
maximumQuarterFraction,>=,0.265402843601896,324,165,159,12702,0.9434046345811051,0.8967391304347826,0.5092592592592593
lineScore,<=,0.7932327795028682,323,164,159,12518,0.9297385620915033,0.8913043478260869,0.5077399380804953
peakShift15,>=,0.00365663205561086,324,165,159,12484,0.9272133095662507,0.8967391304347826,0.5092592592592593
supportHeight,<=,4.15549862384796,320,161,159,12430,0.923202614379085,0.875,0.503125
longestHeight,<=,4.137315478324892,319,160,159,12389,0.9201574569221628,0.8695652173913043,0.5015673981191222
longestHeight,<=,4.10864317417145,317,158,159,12282,0.9122103386809269,0.8586956521739131,0.49842271293375395
supportHeight,<=,4.1101984202861805,316,157,159,12251,0.9099079025549613,0.8532608695652174,0.49683544303797467
longestHeight,<=,4.09811222553253,316,157,159,12227,0.9081253713606655,0.8532608695652174,0.49683544303797467
supportHeight,<=,4.09811222553253,315,156,159,12196,0.9058229352346999,0.8478260869565217,0.49523809523809526
maximumStd,<=,0.12849841883477478,331,171,160,13213,0.9813576945929887,0.9293478260869565,0.5166163141993958
fraction006,>=,0.06205910852713179,331,171,160,13213,0.9813576945929887,0.9293478260869565,0.5166163141993958
fraction100,>=,0.363451347911605,331,171,160,13213,0.9813576945929887,0.9293478260869565,0.5166163141993958
meanGap,<=,0.14161452023464666,331,171,160,13213,0.9813576945929887,0.9293478260869565,0.5166163141993958
peakFloor15,>=,0.3841485542882796,331,171,160,13213,0.9813576945929887,0.9293478260869565,0.5166163141993958
centralFraction30,>=,0.8870727348404901,331,171,160,13213,0.9813576945929887,0.9293478260869565,0.5166163141993958
anisotropy45,>=,0.14572740457484498,331,171,160,13213,0.9813576945929887,0.9293478260869565,0.5166163141993958
anisotropy45,<=,0.977058193735291,331,171,160,13213,0.9813576945929887,0.9293478260869565,0.5166163141993958
centralFraction45,<=,1.0275228756692545,331,171,160,13213,0.9813576945929887,0.9293478260869565,0.5166163141993958
anisotropy60,<=,0.9785849616383764,331,171,160,13213,0.9813576945929887,0.9293478260869565,0.5166163141993958
maximumQuarterFraction,>=,0.262790697674419,331,171,160,13213,0.9813576945929887,0.9293478260869565,0.5166163141993958
ownerHeight,>=,1.1644408649206115,331,171,160,13213,0.9813576945929887,0.9293478260869565,0.5166163141993958
ownerFraction,>=,0.0844267104390039,330,170,160,13200,0.9803921568627451,0.9239130434782609,0.5151515151515151
pointScore,>=,0.17365454226732246,329,169,160,13175,0.9785353535353535,0.9184782608695652,0.513677811550152
density15,>=,122.97070304202678,328,168,160,13173,0.9783868092691622,0.9130434782608695,0.5121951219512195
density30,>=,35.82738965846161,328,168,160,13167,0.9779411764705882,0.9130434782608695,0.5121951219512195
density45,>=,16.38827249624262,328,168,160,13167,0.9779411764705882,0.9130434782608695,0.5121951219512195
density60,>=,9.281063039103568,328,168,160,13167,0.9779411764705882,0.9130434782608695,0.5121951219512195
peakFloor60,>=,0.31677260585544237,329,169,160,13144,0.976232917409388,0.9184782608695652,0.513677811550152
tilt,<=,8.022717626016533,328,168,160,13119,0.9743761140819964,0.9130434782608695,0.5121951219512195
fraction025,>=,0.275092936802974,327,167,160,13113,0.9739304812834224,0.907608695652174,0.5107033639143731
peakShift30,<=,0.1459021007358468,327,167,160,13102,0.9731134878193701,0.907608695652174,0.5107033639143731
fraction050,>=,0.310077519379845,327,167,160,13083,0.9717023172905526,0.907608695652174,0.5107033639143731
minimumQuarterCount,>=,3.2699999999999996,324,164,160,13061,0.970068330362448,0.8913043478260869,0.5061728395061729
minimumQuarterCount,>=,4.0,324,164,160,13061,0.970068330362448,0.8913043478260869,0.5061728395061729
quarterCenterSpread,<=,0.10670421062171305,327,167,160,13055,0.969622697563874,0.907608695652174,0.5107033639143731
peakCeiling15,>=,0.791216686518535,328,168,160,13038,0.9683600713012478,0.9130434782608695,0.5121951219512195
lineScore,<=,0.816970586776733,327,167,160,13003,0.9657605466428996,0.907608695652174,0.5107033639143731
gapVariation,>=,0.7136384617746632,319,159,160,12974,0.9636066547831253,0.8641304347826086,0.49843260188087773
maximumGap,<=,0.7068537950515741,327,167,160,12951,0.9618983957219251,0.907608695652174,0.5107033639143731
centralFraction60,<=,1.0129233534648165,325,165,160,12950,0.9618241235888295,0.8967391304347826,0.5076923076923077
coreHeight,>=,1.5922752684354775,327,167,160,12938,0.9609328579916815,0.907608695652174,0.5107033639143731
anisotropy15,>=,0.21035292296823307,322,162,160,12881,0.9566993464052288,0.8804347826086957,0.5031055900621118
centralFraction60,<=,1.0121605129714204,323,163,160,12856,0.9548425430778372,0.8858695652173914,0.5046439628482973
gapVariation,<=,1.8199365738418094,327,167,160,12842,0.9538027332144979,0.907608695652174,0.5107033639143731
maximumQuarterFraction,<=,0.4421022179363547,321,161,160,12744,0.946524064171123,0.875,0.5015576323987538
longestHeight,<=,4.15971982479095,323,163,160,12626,0.9377599524658348,0.8858695652173914,0.5046439628482973
longestHeight,<=,4.162010171413419,323,163,160,12626,0.9377599524658348,0.8858695652173914,0.5046439628482973
supportHeight,<=,4.15971982479095,322,162,160,12595,0.9354575163398693,0.8804347826086957,0.5031055900621118
anisotropy15,>=,0.22435162906698622,319,159,160,12501,0.928475935828877,0.8641304347826086,0.49843260188087773
ownerHeight,<=,3.80207967758179,318,158,160,12342,0.9166666666666666,0.8586956521739131,0.4968553459119497
radialRms,>=,0.05562496621483554,323,163,160,12294,0.9131016042780749,0.8858695652173914,0.5046439628482973
anisotropy15,>=,0.2486209915959869,315,155,160,12286,0.9125074272133096,0.842391304347826,0.49206349206349204
anisotropy15,>=,0.282052206855395,314,154,160,12272,0.9114676173499703,0.8369565217391305,0.49044585987261147
quarterRmsMaximum,>=,0.06782950824046188,323,163,160,12140,0.9016636957813429,0.8858695652173914,0.5046439628482973
fraction015,<=,0.9919953391192535,323,163,160,12134,0.9012180629827689,0.8858695652173914,0.5046439628482973
anisotropy30,>=,0.30537735640200175,315,155,160,12129,0.9008467023172906,0.842391304347826,0.49206349206349204
radialRms,<=,0.140472037469094,332,171,161,13213,0.9813576945929887,0.9293478260869565,0.5150602409638554
fraction010,>=,0.131782945736434,332,171,161,13213,0.9813576945929887,0.9293478260869565,0.5150602409638554
fraction025,>=,0.221311475409836,332,171,161,13213,0.9813576945929887,0.9293478260869565,0.5150602409638554
fraction050,>=,0.272540983606557,332,171,161,13213,0.9813576945929887,0.9293478260869565,0.5150602409638554
fraction075,>=,0.31513565891472856,332,171,161,13213,0.9813576945929887,0.9293478260869565,0.5150602409638554
coreMaximumZ,<=,6.17361831665039,332,171,161,13213,0.9813576945929887,0.9293478260869565,0.5150602409638554
anisotropy15,<=,0.938272444242205,332,171,161,13213,0.9813576945929887,0.9293478260869565,0.5150602409638554
peakFloor30,>=,0.635546050452137,332,171,161,13213,0.9813576945929887,0.9293478260869565,0.5150602409638554
anisotropy30,<=,0.972230575855366,332,171,161,13213,0.9813576945929887,0.9293478260869565,0.5150602409638554
peakCeiling45,>=,0.750513833740035,332,171,161,13213,0.9813576945929887,0.9293478260869565,0.5150602409638554
peakCeiling60,>=,0.6350677337584066,332,171,161,13213,0.9813576945929887,0.9293478260869565,0.5150602409638554
peakShift60,<=,0.32044119787819647,332,171,161,13213,0.9813576945929887,0.9293478260869565,0.5150602409638554
centralFraction60,<=,1.0141826211333906,332,171,161,13213,0.9813576945929887,0.9293478260869565,0.5150602409638554
supportedCount,>=,19.09,331,170,161,13201,0.9804664289958408,0.9239130434782609,0.513595166163142
supportedCount,>=,20.0,331,170,161,13201,0.9804664289958408,0.9239130434782609,0.513595166163142
coreMinimumZ,<=,1.8251183402538207,331,170,161,13194,0.9799465240641712,0.9239130434782609,0.513595166163142
anisotropy60,>=,0.16514974453949646,331,170,161,13192,0.9797979797979798,0.9239130434782609,0.513595166163142
aspect,<=,4.032074851604635,331,170,161,13188,0.9795008912655971,0.9239130434782609,0.513595166163142
coreMaximumZ,>=,0.142468154430389,330,169,161,13181,0.9789809863339275,0.9184782608695652,0.5121212121212121
contextCount,>=,22.0,329,168,161,13167,0.9779411764705882,0.9130434782608695,0.5106382978723404
coreHeight,<=,5.783347823619837,330,169,161,13157,0.9771984551396317,0.9184782608695652,0.5121212121212121
massRatio,>=,0.7664596676673897,331,170,161,13152,0.9768270944741533,0.9239130434782609,0.513595166163142
fraction025,>=,0.256410256410256,330,169,161,13144,0.976232917409388,0.9184782608695652,0.5121212121212121
fraction050,>=,0.282051282051282,330,169,161,13144,0.976232917409388,0.9184782608695652,0.5121212121212121
centralFraction60,<=,1.0132575568682363,329,168,161,13113,0.9739304812834224,0.9130434782608695,0.5106382978723404
coreHeight,<=,4.975637057721605,326,165,161,13065,0.9703654188948306,0.8967391304347826,0.5061349693251533
quarterRmsMaximum,<=,0.16408179691130637,328,167,161,13057,0.9697712418300654,0.907608695652174,0.5091463414634146
fraction015,>=,0.217054263565891,326,165,161,13052,0.9693998811645871,0.8967391304347826,0.5061349693251533
peakFloor45,>=,0.5257083262870219,326,165,161,13052,0.9693998811645871,0.8967391304347826,0.5061349693251533
gapVariation,>=,0.6308707041303714,323,162,161,13032,0.9679144385026738,0.8804347826086957,0.5015479876160991
meanRatio,>=,0.8128738163815538,327,166,161,13031,0.9678401663695781,0.9021739130434783,0.5076452599388379
maximumQuarterFraction,<=,0.459016393442623,325,164,161,12920,0.9595959595959596,0.8913043478260869,0.5046153846153846
quarterCenterStep,<=,0.13958484569327825,326,165,161,12908,0.9587046939988116,0.8967391304347826,0.5061349693251533
aspect,>=,1.10807816941792,325,164,161,12890,0.9573677956030897,0.8913043478260869,0.5046153846153846
aspect,>=,1.126413321779923,321,160,161,12716,0.9444444444444444,0.8695652173913043,0.4984423676012461
supportHeight,<=,4.246133172512056,325,164,161,12702,0.9434046345811051,0.8913043478260869,0.5046153846153846
longestHeight,<=,4.185239207744598,325,164,161,12694,0.9428104575163399,0.8913043478260869,0.5046153846153846
supportHeight,<=,4.16469883918762,324,163,161,12663,0.9405080213903744,0.8858695652173914,0.5030864197530864
peakCeiling15,<=,0.9748597303023225,323,162,161,12622,0.9374628639334521,0.8804347826086957,0.5015479876160991
peakCeiling30,<=,0.992363678081849,323,162,161,12622,0.9374628639334521,0.8804347826086957,0.5015479876160991
ownerHeight,<=,3.870793392658234,321,160,161,12380,0.9194890077243019,0.8695652173913043,0.4984423676012461
fraction010,<=,0.952128851540616,327,166,161,12356,0.9177064765300059,0.9021739130434783,0.5076452599388379
aspect,>=,1.1836636169137826,317,156,161,12137,0.9014408793820559,0.8478260869565217,0.4921135646687697
aspect,>=,1.18549272615466,317,156,161,12137,0.9014408793820559,0.8478260869565217,0.4921135646687697
isolation,>=,0.807692307692308,333,171,162,13213,0.9813576945929887,0.9293478260869565,0.5135135135135135
centralFraction15,<=,1.4385469258289456,333,171,162,13213,0.9813576945929887,0.9293478260869565,0.5135135135135135
peakFloor60,>=,0.25817487277401785,333,171,162,13213,0.9813576945929887,0.9293478260869565,0.5135135135135135
centralFraction60,>=,0.5446540895533496,333,171,162,13213,0.9813576945929887,0.9293478260869565,0.5135135135135135
maximumQuarterFraction,>=,0.2595324833029749,333,171,162,13213,0.9813576945929887,0.9293478260869565,0.5135135135135135
contextCount,>=,20.0,332,170,162,13201,0.9804664289958408,0.9239130434782609,0.5120481927710844
density15,>=,120.26579184321213,332,170,162,13201,0.9804664289958408,0.9239130434782609,0.5120481927710844
density30,>=,33.60873060373705,332,170,162,13201,0.9804664289958408,0.9239130434782609,0.5120481927710844
density45,>=,15.36288109872776,332,170,162,13201,0.9804664289958408,0.9239130434782609,0.5120481927710844
density60,>=,8.728272054668047,332,170,162,13201,0.9804664289958408,0.9239130434782609,0.5120481927710844
longestHeight,>=,0.73451324224472,331,169,162,13185,0.9792780748663101,0.9184782608695652,0.5105740181268882
supportHeight,>=,1.7025727239251163,331,169,162,13183,0.9791295306001189,0.9184782608695652,0.5105740181268882
acceptedCount,>=,16.09,331,169,162,13183,0.9791295306001189,0.9184782608695652,0.5105740181268882
centralFraction45,>=,0.6902188715350286,331,169,162,13182,0.9790552584670231,0.9184782608695652,0.5105740181268882
fraction015,>=,0.20093477664696216,331,169,162,13152,0.9768270944741533,0.9184782608695652,0.5105740181268882
maximumGap,<=,1.0838404703140212,331,169,162,13152,0.9768270944741533,0.9184782608695652,0.5105740181268882
peakShift45,<=,0.20378929521542924,331,169,162,13152,0.9768270944741533,0.9184782608695652,0.5105740181268882
quarterRmsMaximum,<=,0.16909425332492015,331,169,162,13152,0.9768270944741533,0.9184782608695652,0.5105740181268882
quarterRmsVariation,<=,0.06463037804642996,331,169,162,13152,0.9768270944741533,0.9184782608695652,0.5105740181268882
ownerHeight,<=,4.178930813074108,330,168,162,13140,0.9759358288770054,0.9130434782608695,0.509090909090909
centralFraction30,<=,1.064523214927077,331,169,162,13123,0.9746732026143791,0.9184782608695652,0.5105740181268882
quarterRmsVariation,>=,0.0029938211553363443,331,169,162,13123,0.9746732026143791,0.9184782608695652,0.5105740181268882
centralFraction45,>=,0.7145780060152609,329,167,162,13113,0.9739304812834224,0.907608695652174,0.5075987841945289
centralFraction60,>=,0.5587820116613569,329,167,162,13113,0.9739304812834224,0.907608695652174,0.5075987841945289
peakShift15,<=,0.146330030259784,329,167,162,13102,0.9731134878193701,0.907608695652174,0.5075987841945289
lineScore,<=,0.8277907896041872,330,168,162,13087,0.9719994058229352,0.9130434782608695,0.509090909090909
fraction015,>=,0.20630208333333294,329,167,162,13083,0.9717023172905526,0.907608695652174,0.5075987841945289
peakFloor45,>=,0.47538615640037446,329,167,162,13083,0.9717023172905526,0.907608695652174,0.5075987841945289
peakCeiling15,>=,0.7269868730758305,330,168,162,13038,0.9683600713012478,0.9130434782608695,0.509090909090909
aspect,>=,1.0930365178105812,328,166,162,13026,0.9674688057040999,0.9021739130434783,0.5060975609756098
peakCeiling15,<=,0.9777745539880438,327,165,162,12985,0.9644236482471776,0.8967391304347826,0.5045871559633027
coreHeight,>=,1.4843455803394316,331,169,162,12964,0.9628639334521687,0.9184782608695652,0.5105740181268882
maximumQuarterFraction,<=,0.4751651186790503,328,166,162,12949,0.9617498514557338,0.9021739130434783,0.5060975609756098
ownerHeight,<=,4.000057909488677,328,166,162,12941,0.9611556743909685,0.9021739130434783,0.5060975609756098
longestHeight,<=,4.29925417900085,328,166,162,12911,0.9589275103980986,0.9021739130434783,0.5060975609756098
supportHeight,<=,4.382298002243037,327,165,162,12880,0.9566250742721331,0.8967391304347826,0.5045871559633027
ownerHeight,<=,3.93650126457214,326,164,162,12748,0.9468211527035056,0.8913043478260869,0.5030674846625767
centralFraction15,>=,1.0636685528048002,327,165,162,12645,0.9391711229946524,0.8967391304347826,0.5045871559633027
ownerHeight,<=,3.890491360425948,323,161,162,12434,0.9234997029114677,0.875,0.4984520123839009
quarterRmsMaximum,>=,0.061691821395210095,327,165,162,12339,0.9164438502673797,0.8967391304347826,0.5045871559633027
anisotropy30,>=,0.30020159851473815,317,155,162,12129,0.9008467023172906,0.842391304347826,0.4889589905362776
contextCount,<=,390.0,326,164,162,12119,0.9001039809863339,0.8913043478260869,0.5030674846625767
anisotropy15,>=,0.156109821009328,334,171,163,13213,0.9813576945929887,0.9293478260869565,0.5119760479041916
peakFloor45,>=,0.414226589794882,334,171,163,13213,0.9813576945929887,0.9293478260869565,0.5119760479041916
ownerFraction,>=,0.0741095350669819,333,170,163,13200,0.9803921568627451,0.9239130434782609,0.5105105105105106
coreMinimumZ,>=,-1.9676044404506714,332,169,163,13189,0.9795751633986928,0.9184782608695652,0.5090361445783133
longestHeight,<=,4.43861293792725,333,170,163,13188,0.9795008912655971,0.9239130434782609,0.5105105105105106
peakCeiling30,>=,0.828600884045172,332,169,163,13182,0.9790552584670231,0.9184782608695652,0.5090361445783133
lineScore,<=,0.896606743335724,333,170,163,13182,0.9790552584670231,0.9239130434782609,0.5105105105105106
coreMaximumZ,>=,0.07932135254144662,332,169,163,13181,0.9789809863339275,0.9184782608695652,0.5090361445783133
pointScore,>=,0.0555555559694767,332,169,163,13175,0.9785353535353535,0.9184782608695652,0.5090361445783133
peakShift30,<=,0.15147305899573485,331,168,163,13163,0.9776440879382056,0.9130434782608695,0.5075528700906344
supportHeight,<=,4.43861293792725,332,169,163,13157,0.9771984551396317,0.9184782608695652,0.5090361445783133
maximumQuarterFraction,<=,0.525423728813559,332,169,163,13152,0.9768270944741533,0.9184782608695652,0.5090361445783133
aspect,>=,1.0660497377936,332,169,163,13141,0.976010101010101,0.9184782608695652,0.5090361445783133
minimumQuarterCount,>=,2.09,331,168,163,13140,0.9759358288770054,0.9130434782608695,0.5075528700906344
minimumQuarterCount,>=,3.0,331,168,163,13140,0.9759358288770054,0.9130434782608695,0.5075528700906344
peakShift15,<=,0.155012214330069,332,169,163,13133,0.9754159239453357,0.9184782608695652,0.5090361445783133
quarterCenterSpread,<=,0.12928280931817382,331,168,163,13131,0.9752673796791443,0.9130434782608695,0.5075528700906344
anisotropy30,>=,0.15444934961282028,331,168,163,13101,0.9730392156862745,0.9130434782608695,0.5075528700906344
meanRatio,>=,0.8032237499301602,331,168,163,13062,0.9701426024955436,0.9130434782608695,0.5075528700906344
peakCeiling15,<=,0.9830586192568181,331,168,163,13059,0.9699197860962567,0.9130434782608695,0.5075528700906344
coreMinimumZ,>=,-1.93508195877075,329,166,163,13057,0.9697712418300654,0.9021739130434783,0.5045592705167173
anisotropy15,>=,0.17912258436683853,329,166,163,13030,0.9677658942364825,0.9021739130434783,0.5045592705167173
quarterCenterStep,<=,0.15911110681746085,330,167,163,12996,0.9652406417112299,0.907608695652174,0.5060606060606061
anisotropy30,>=,0.21279948949034158,327,164,163,12977,0.9638294711824124,0.8913043478260869,0.5015290519877675
anisotropy15,>=,0.206575822737481,327,164,163,12976,0.9637551990493167,0.8913043478260869,0.5015290519877675
peakCeiling30,<=,0.9932681969728878,327,164,163,12973,0.9635323826500297,0.8913043478260869,0.5015290519877675
gapVariation,<=,2.838405496154976,331,168,163,12972,0.9634581105169341,0.9130434782608695,0.5075528700906344
longestHeight,<=,4.42901015281677,331,168,163,12952,0.9619726678550208,0.9130434782608695,0.5075528700906344
peakShift15,>=,0.00263922221454695,331,168,163,12947,0.9616013071895425,0.9130434782608695,0.5075528700906344
supportHeight,<=,4.42901015281677,330,167,163,12921,0.9596702317290553,0.907608695652174,0.5060606060606061
quarterRmsMaximum,>=,0.05724902215635516,331,168,163,12909,0.9587789661319073,0.9130434782608695,0.5075528700906344
peakCeiling60,<=,0.998101148007137,328,165,163,12783,0.9494206773618539,0.8967391304347826,0.5030487804878049
peakCeiling45,<=,0.9968860754383985,327,164,163,12766,0.9481580510992276,0.8913043478260869,0.5015290519877675
radialRms,>=,0.05272301615345229,327,164,163,12619,0.9372400475341652,0.8913043478260869,0.5015290519877675
anisotropy30,>=,0.25049400640954267,324,161,163,12617,0.9370915032679739,0.875,0.49691358024691357
fraction010,<=,0.9629353004456739,331,168,163,12605,0.9362002376708259,0.9130434782608695,0.5075528700906344
anisotropy30,>=,0.2808447914049004,321,158,163,12284,0.9123588829471182,0.8586956521739131,0.49221183800623053
peakFloor15,<=,0.9057238985271228,327,164,163,12220,0.9076054664289959,0.8913043478260869,0.5015290519877675
peakShift45,>=,0.00028587369729194534,327,164,163,12139,0.9015894236482471,0.8913043478260869,0.5015290519877675
ownerHeight,<=,5.6606958192586445,333,169,164,13157,0.9771984551396317,0.9184782608695652,0.5075075075075075
quarterCenterStep,<=,0.163407569744944,333,169,164,13152,0.9768270944741533,0.9184782608695652,0.5075075075075075
radialRms,>=,0.04883293685285782,331,167,164,13145,0.9763071895424836,0.907608695652174,0.5045317220543807
aspect,>=,1.0508361897492062,333,169,164,13141,0.976010101010101,0.9184782608695652,0.5075075075075075
tilt,<=,8.51867486360017,333,169,164,13138,0.975787284610814,0.9184782608695652,0.5075075075075075
gapVariation,>=,0.5687498883072126,331,167,164,13134,0.9754901960784313,0.907608695652174,0.5045317220543807
peakCeiling15,>=,0.675612246465982,334,170,164,13133,0.9754159239453357,0.9239130434782609,0.5089820359281437
peakCeiling60,<=,0.998483493294245,331,167,164,13126,0.9748960190136661,0.907608695652174,0.5045317220543807
peakCeiling30,<=,0.9941528181146132,331,167,164,13121,0.9745246583481878,0.907608695652174,0.5045317220543807
peakCeiling45,<=,0.9973904366857222,331,167,164,13121,0.9745246583481878,0.907608695652174,0.5045317220543807
gapVariation,>=,0.592484782368438,328,164,164,13073,0.9709595959595959,0.8913043478260869,0.5
tilt,>=,0.23772162729245794,332,168,164,12954,0.9621212121212122,0.9130434782608695,0.5060240963855421
peakShift15,>=,0.0011721040092048402,332,168,164,12947,0.9616013071895425,0.9130434782608695,0.5060240963855421
maximumStd,>=,0.041069626357225136,331,167,164,12895,0.957739156268568,0.907608695652174,0.5045317220543807
peakFloor15,<=,0.9329898967916194,331,167,164,12895,0.957739156268568,0.907608695652174,0.5045317220543807
centralFraction15,>=,1.0528532513335525,331,167,164,12890,0.9573677956030897,0.907608695652174,0.5045317220543807
tilt,>=,0.3049328205485454,328,164,164,12732,0.9456327985739751,0.8913043478260869,0.5
meanGap,>=,0.00622450860785993,333,169,164,12703,0.9434789067142009,0.9184782608695652,0.5075075075075075
peakFloor30,<=,0.9808540503113999,331,167,164,12682,0.9419191919191919,0.907608695652174,0.5045317220543807
peakFloor45,<=,0.9913752683706764,331,167,164,12682,0.9419191919191919,0.907608695652174,0.5045317220543807
supportedCount,<=,410.0,332,168,164,12546,0.9318181818181818,0.9130434782608695,0.5060240963855421
acceptedCount,<=,390.0,332,168,164,12546,0.9318181818181818,0.9130434782608695,0.5060240963855421
minimumQuarterCount,<=,80.0,332,168,164,12546,0.9318181818181818,0.9130434782608695,0.5060240963855421
peakShift30,>=,0.00045282025845432087,330,166,164,12502,0.9285502079619726,0.9021739130434783,0.503030303030303
density15,<=,2542.282532412822,331,167,164,12467,0.9259506833036245,0.907608695652174,0.5045317220543807
density30,<=,743.069806298525,331,167,164,12467,0.9259506833036245,0.907608695652174,0.5045317220543807
density45,<=,336.958838217822,331,167,164,12467,0.9259506833036245,0.907608695652174,0.5045317220543807
peakFloor60,<=,0.9946806686545759,331,167,164,12435,0.9235739750445633,0.907608695652174,0.5045317220543807
fraction006,<=,0.7165858585858582,327,163,164,12263,0.9107991681521094,0.8858695652173914,0.4984709480122324
ownerCount,<=,352.46999999999946,332,168,164,12202,0.9062685680332739,0.9130434782608695,0.5060240963855421
maximumStd,>=,0.04505552243135645,327,163,164,12201,0.9061942959001783,0.8858695652173914,0.4984709480122324
peakShift45,>=,0.00021524654801048507,329,165,164,12169,0.9038175876411171,0.8967391304347826,0.5015197568389058
peakShift45,>=,0.00022120419502608414,329,165,164,12169,0.9038175876411171,0.8967391304347826,0.5015197568389058
peakShift60,>=,9.27312063661771e-05,329,165,164,12169,0.9038175876411171,0.8967391304347826,0.5015197568389058
peakShift60,>=,9.925201005101699e-05,329,165,164,12169,0.9038175876411171,0.8967391304347826,0.5015197568389058
supportHeight,>=,1.52894294261932,336,171,165,13213,0.9813576945929887,0.9293478260869565,0.5089285714285714
supportHeight,<=,8.11773598194122,336,171,165,13213,0.9813576945929887,0.9293478260869565,0.5089285714285714
longestHeight,>=,0.5,336,171,165,13213,0.9813576945929887,0.9293478260869565,0.5089285714285714
longestHeight,<=,7.83483278751373,336,171,165,13213,0.9813576945929887,0.9293478260869565,0.5089285714285714
meanRatio,>=,0.764798589285114,336,171,165,13213,0.9813576945929887,0.9293478260869565,0.5089285714285714
meanRatio,<=,1.0,336,171,165,13213,0.9813576945929887,0.9293478260869565,0.5089285714285714
massRatio,>=,0.7638401908403,336,171,165,13213,0.9813576945929887,0.9293478260869565,0.5089285714285714
massRatio,<=,1.0,336,171,165,13213,0.9813576945929887,0.9293478260869565,0.5089285714285714
supportedCount,>=,14.0,336,171,165,13213,0.9813576945929887,0.9293478260869565,0.5089285714285714
supportedCount,<=,430.0,336,171,165,13213,0.9813576945929887,0.9293478260869565,0.5089285714285714
tilt,>=,0.0235151391517059,336,171,165,13213,0.9813576945929887,0.9293478260869565,0.5089285714285714
tilt,>=,0.142741085894667,336,171,165,13213,0.9813576945929887,0.9293478260869565,0.5089285714285714
tilt,>=,0.192453434986279,336,171,165,13213,0.9813576945929887,0.9293478260869565,0.5089285714285714
tilt,<=,9.55321328782123,336,171,165,13213,0.9813576945929887,0.9293478260869565,0.5089285714285714
radialRms,>=,0.0366980551705553,336,171,165,13213,0.9813576945929887,0.9293478260869565,0.5089285714285714
radialRms,<=,0.145403079678059,336,171,165,13213,0.9813576945929887,0.9293478260869565,0.5089285714285714
maximumStd,>=,0.0331504163375743,336,171,165,13213,0.9813576945929887,0.9293478260869565,0.5089285714285714
maximumStd,<=,0.133091560141164,336,171,165,13213,0.9813576945929887,0.9293478260869565,0.5089285714285714
aspect,>=,1.01932966399384,336,171,165,13213,0.9813576945929887,0.9293478260869565,0.5089285714285714
aspect,<=,4.46061801424076,336,171,165,13213,0.9813576945929887,0.9293478260869565,0.5089285714285714
isolation,>=,0.8,336,171,165,13213,0.9813576945929887,0.9293478260869565,0.5089285714285714
isolation,<=,1.0,336,171,165,13213,0.9813576945929887,0.9293478260869565,0.5089285714285714
acceptedCount,>=,12.0,336,171,165,13213,0.9813576945929887,0.9293478260869565,0.5089285714285714
acceptedCount,<=,418.0,336,171,165,13213,0.9813576945929887,0.9293478260869565,0.5089285714285714
contextCount,>=,14.0,336,171,165,13213,0.9813576945929887,0.9293478260869565,0.5089285714285714
contextCount,<=,492.0,336,171,165,13213,0.9813576945929887,0.9293478260869565,0.5089285714285714
fraction006,>=,0.00934579439252336,336,171,165,13213,0.9813576945929887,0.9293478260869565,0.5089285714285714
fraction006,<=,0.857142857142857,336,171,165,13213,0.9813576945929887,0.9293478260869565,0.5089285714285714
fraction010,>=,0.055045871559633,336,171,165,13213,0.9813576945929887,0.9293478260869565,0.5089285714285714
fraction010,<=,1.0,336,171,165,13213,0.9813576945929887,0.9293478260869565,0.5089285714285714
fraction015,>=,0.0573394495412844,336,171,165,13213,0.9813576945929887,0.9293478260869565,0.5089285714285714
fraction015,<=,1.0,336,171,165,13213,0.9813576945929887,0.9293478260869565,0.5089285714285714
fraction025,>=,0.0619266055045872,336,171,165,13213,0.9813576945929887,0.9293478260869565,0.5089285714285714
fraction025,<=,1.0,336,171,165,13213,0.9813576945929887,0.9293478260869565,0.5089285714285714
fraction050,>=,0.0642201834862385,336,171,165,13213,0.9813576945929887,0.9293478260869565,0.5089285714285714
fraction050,<=,1.0,336,171,165,13213,0.9813576945929887,0.9293478260869565,0.5089285714285714
fraction075,>=,0.0756880733944954,336,171,165,13213,0.9813576945929887,0.9293478260869565,0.5089285714285714
fraction075,<=,1.0,336,171,165,13213,0.9813576945929887,0.9293478260869565,0.5089285714285714
fraction100,>=,0.119266055045872,336,171,165,13213,0.9813576945929887,0.9293478260869565,0.5089285714285714
fraction100,<=,1.0,336,171,165,13213,0.9813576945929887,0.9293478260869565,0.5089285714285714
fraction150,>=,1.0,336,171,165,13213,0.9813576945929887,0.9293478260869565,0.5089285714285714
fraction150,<=,1.0,336,171,165,13213,0.9813576945929887,0.9293478260869565,0.5089285714285714
coreMinimumZ,>=,-2.11774277687073,336,171,165,13213,0.9813576945929887,0.9293478260869565,0.5089285714285714
coreMinimumZ,<=,2.27458715438843,336,171,165,13213,0.9813576945929887,0.9293478260869565,0.5089285714285714
coreMaximumZ,>=,-0.15195643901825,336,171,165,13213,0.9813576945929887,0.9293478260869565,0.5089285714285714
coreMaximumZ,<=,6.83368349075317,336,171,165,13213,0.9813576945929887,0.9293478260869565,0.5089285714285714
coreHeight,>=,1.25826013088226,336,171,165,13213,0.9813576945929887,0.9293478260869565,0.5089285714285714
coreHeight,<=,7.84925603866577,336,171,165,13213,0.9813576945929887,0.9293478260869565,0.5089285714285714
meanGap,>=,0.00532060125463015,336,171,165,13213,0.9813576945929887,0.9293478260869565,0.5089285714285714
meanGap,<=,0.259880014087843,336,171,165,13213,0.9813576945929887,0.9293478260869565,0.5089285714285714
maximumGap,>=,0.0288845300674438,336,171,165,13213,0.9813576945929887,0.9293478260869565,0.5089285714285714
maximumGap,<=,2.31758952140808,336,171,165,13213,0.9813576945929887,0.9293478260869565,0.5089285714285714
gapVariation,>=,0.414418888012253,336,171,165,13213,0.9813576945929887,0.9293478260869565,0.5089285714285714
gapVariation,<=,4.89944796462835,336,171,165,13213,0.9813576945929887,0.9293478260869565,0.5089285714285714
peakFloor15,>=,0.298481349877424,336,171,165,13213,0.9813576945929887,0.9293478260869565,0.5089285714285714
peakFloor15,<=,0.955310170724395,336,171,165,13213,0.9813576945929887,0.9293478260869565,0.5089285714285714
peakCeiling15,>=,0.630654262027886,336,171,165,13213,0.9813576945929887,0.9293478260869565,0.5089285714285714
peakCeiling15,<=,0.988390925060475,336,171,165,13213,0.9813576945929887,0.9293478260869565,0.5089285714285714
peakShift15,>=,0.000192282868106779,336,171,165,13213,0.9813576945929887,0.9293478260869565,0.5089285714285714
peakShift15,<=,0.228582751210474,336,171,165,13213,0.9813576945929887,0.9293478260869565,0.5089285714285714
anisotropy15,>=,0.0883785564579554,336,171,165,13213,0.9813576945929887,0.9293478260869565,0.5089285714285714
anisotropy15,<=,0.948001387163558,336,171,165,13213,0.9813576945929887,0.9293478260869565,0.5089285714285714
density15,>=,89.2666296271552,336,171,165,13213,0.9813576945929887,0.9293478260869565,0.5089285714285714
density15,<=,2769.01029304453,336,171,165,13213,0.9813576945929887,0.9293478260869565,0.5089285714285714
centralFraction15,>=,1.0300331947805,336,171,165,13213,0.9813576945929887,0.9293478260869565,0.5089285714285714
centralFraction15,<=,1.47702415542763,336,171,165,13213,0.9813576945929887,0.9293478260869565,0.5089285714285714
peakFloor30,>=,0.594567138174709,336,171,165,13213,0.9813576945929887,0.9293478260869565,0.5089285714285714
peakFloor30,<=,0.988033931767692,336,171,165,13213,0.9813576945929887,0.9293478260869565,0.5089285714285714
peakCeiling30,>=,0.761649708055156,336,171,165,13213,0.9813576945929887,0.9293478260869565,0.5089285714285714
peakCeiling30,<=,0.99707666625966,336,171,165,13213,0.9813576945929887,0.9293478260869565,0.5089285714285714
peakShift30,>=,0.000123960889416236,336,171,165,13213,0.9813576945929887,0.9293478260869565,0.5089285714285714
peakShift30,<=,0.195482216668904,336,171,165,13213,0.9813576945929887,0.9293478260869565,0.5089285714285714
anisotropy30,>=,0.0645000351689399,336,171,165,13213,0.9813576945929887,0.9293478260869565,0.5089285714285714
anisotropy30,<=,0.975953333328768,336,171,165,13213,0.9813576945929887,0.9293478260869565,0.5089285714285714
density30,>=,24.0742360271047,336,171,165,13213,0.9813576945929887,0.9293478260869565,0.5089285714285714
density30,<=,763.160244412701,336,171,165,13213,0.9813576945929887,0.9293478260869565,0.5089285714285714
centralFraction30,>=,0.855520074212611,336,171,165,13213,0.9813576945929887,0.9293478260869565,0.5089285714285714
centralFraction30,<=,1.08895021389777,336,171,165,13213,0.9813576945929887,0.9293478260869565,0.5089285714285714
peakFloor45,>=,-0.530849369466641,336,171,165,13213,0.9813576945929887,0.9293478260869565,0.5089285714285714
peakFloor45,<=,0.992404705726924,336,171,165,13213,0.9813576945929887,0.9293478260869565,0.5089285714285714
peakCeiling45,>=,0.638848357710896,336,171,165,13213,0.9813576945929887,0.9293478260869565,0.5089285714285714
peakCeiling45,<=,0.998165900431263,336,171,165,13213,0.9813576945929887,0.9293478260869565,0.5089285714285714
peakShift45,>=,3.77614549512174e-05,336,171,165,13213,0.9813576945929887,0.9293478260869565,0.5089285714285714
peakShift45,<=,0.701321776421432,336,171,165,13213,0.9813576945929887,0.9293478260869565,0.5089285714285714
anisotropy45,>=,0.0207086271512026,336,171,165,13213,0.9813576945929887,0.9293478260869565,0.5089285714285714
anisotropy45,<=,0.981666761798227,336,171,165,13213,0.9813576945929887,0.9293478260869565,0.5089285714285714
density45,>=,10.8653066608065,336,171,165,13213,0.9813576945929887,0.9293478260869565,0.5089285714285714
density45,<=,358.104684123861,336,171,165,13213,0.9813576945929887,0.9293478260869565,0.5089285714285714
centralFraction45,>=,0.621593745974626,336,171,165,13213,0.9813576945929887,0.9293478260869565,0.5089285714285714
centralFraction45,<=,1.03944910022853,336,171,165,13213,0.9813576945929887,0.9293478260869565,0.5089285714285714
peakFloor60,>=,-1.00583449385702,336,171,165,13213,0.9813576945929887,0.9293478260869565,0.5089285714285714
peakFloor60,<=,0.995716324952505,336,171,165,13213,0.9813576945929887,0.9293478260869565,0.5089285714285714
peakCeiling60,>=,0.524242120785729,336,171,165,13213,0.9813576945929887,0.9293478260869565,0.5089285714285714
peakCeiling60,<=,0.998972978244439,336,171,165,13213,0.9813576945929887,0.9293478260869565,0.5089285714285714
peakShift60,>=,1.6087095260299e-05,336,171,165,13213,0.9813576945929887,0.9293478260869565,0.5089285714285714
peakShift60,<=,1.11736894924848,336,171,165,13213,0.9813576945929887,0.9293478260869565,0.5089285714285714
anisotropy60,>=,0.0669572445725339,336,171,165,13213,0.9813576945929887,0.9293478260869565,0.5089285714285714
anisotropy60,<=,0.983552812861174,336,171,165,13213,0.9813576945929887,0.9293478260869565,0.5089285714285714
density60,>=,6.14534838845231,336,171,165,13213,0.9813576945929887,0.9293478260869565,0.5089285714285714
density60,<=,205.857232442495,336,171,165,13213,0.9813576945929887,0.9293478260869565,0.5089285714285714
centralFraction60,>=,0.338258124831588,336,171,165,13213,0.9813576945929887,0.9293478260869565,0.5089285714285714
centralFraction60,<=,1.02217104450795,336,171,165,13213,0.9813576945929887,0.9293478260869565,0.5089285714285714
minimumQuarterCount,>=,0.0,336,171,165,13213,0.9813576945929887,0.9293478260869565,0.5089285714285714
minimumQuarterCount,<=,97.0,336,171,165,13213,0.9813576945929887,0.9293478260869565,0.5089285714285714
maximumQuarterFraction,>=,0.25,336,171,165,13213,0.9813576945929887,0.9293478260869565,0.5089285714285714
maximumQuarterFraction,<=,0.708333333333333,336,171,165,13213,0.9813576945929887,0.9293478260869565,0.5089285714285714
quarterCenterSpread,>=,0.00643620177557932,336,171,165,13213,0.9813576945929887,0.9293478260869565,0.5089285714285714
quarterCenterSpread,<=,0.152107953633136,336,171,165,13213,0.9813576945929887,0.9293478260869565,0.5089285714285714
quarterCenterStep,>=,0.00840946982901415,336,171,165,13213,0.9813576945929887,0.9293478260869565,0.5089285714285714
quarterCenterStep,<=,0.21006620178037,336,171,165,13213,0.9813576945929887,0.9293478260869565,0.5089285714285714
quarterRmsMaximum,>=,0.0429578914830254,336,171,165,13213,0.9813576945929887,0.9293478260869565,0.5089285714285714
quarterRmsMaximum,<=,0.187551495425233,336,171,165,13213,0.9813576945929887,0.9293478260869565,0.5089285714285714
quarterRmsVariation,>=,0.00114661800814836,336,171,165,13213,0.9813576945929887,0.9293478260869565,0.5089285714285714
quarterRmsVariation,<=,0.0778581354911877,336,171,165,13213,0.9813576945929887,0.9293478260869565,0.5089285714285714
ringConcentration,>=,0.0,336,171,165,13213,0.9813576945929887,0.9293478260869565,0.5089285714285714
ringConcentration,<=,1.0,336,171,165,13213,0.9813576945929887,0.9293478260869565,0.5089285714285714
ownerCount,>=,10.0,336,171,165,13213,0.9813576945929887,0.9293478260869565,0.5089285714285714
ownerCount,<=,411.0,336,171,165,13213,0.9813576945929887,0.9293478260869565,0.5089285714285714
ownerHeight,>=,0.671050906181335,336,171,165,13213,0.9813576945929887,0.9293478260869565,0.5089285714285714
ownerHeight,<=,6.95863199234009,336,171,165,13213,0.9813576945929887,0.9293478260869565,0.5089285714285714
ownerFraction,>=,0.0311004784688995,336,171,165,13213,0.9813576945929887,0.9293478260869565,0.5089285714285714
ownerFraction,<=,1.0,336,171,165,13213,0.9813576945929887,0.9293478260869565,0.5089285714285714
pointScore,>=,0.0,336,171,165,13213,0.9813576945929887,0.9293478260869565,0.5089285714285714
pointScore,<=,1.0,336,171,165,13213,0.9813576945929887,0.9293478260869565,0.5089285714285714
lineScore,>=,0.0,336,171,165,13213,0.9813576945929887,0.9293478260869565,0.5089285714285714
lineScore,<=,0.902913689613342,336,171,165,13213,0.9813576945929887,0.9293478260869565,0.5089285714285714
contextCount,<=,480.0,334,169,165,13144,0.976232917409388,0.9184782608695652,0.5059880239520959
peakShift30,>=,0.00028550410616999316,334,169,165,12965,0.9629382055852644,0.9184782608695652,0.5059880239520959
fraction006,<=,0.757903745359248,331,166,165,12664,0.94058229352347,0.9021739130434783,0.5015105740181269
density60,<=,191.208167216141,333,168,165,12576,0.9340463458110517,0.9130434782608695,0.5045045045045045
peakShift45,>=,0.00012316022038656114,333,168,165,12533,0.9308526440879382,0.9130434782608695,0.5045045045045045
peakShift60,>=,5.2242393939223994e-05,333,168,165,12533,0.9308526440879382,0.9130434782608695,0.5045045045045045
contextCount,<=,442.0,331,166,165,12507,0.928921568627451,0.9021739130434783,0.5015105740181269
quarterCenterSpread,>=,0.007161748739456459,331,166,165,12375,0.9191176470588235,0.9021739130434783,0.5015105740181269
quarterCenterStep,>=,0.010356461037392928,331,166,165,12375,0.9191176470588235,0.9021739130434783,0.5015105740181269
