frame,accepted,directional,reason,errorM,yawErrorDeg,x,y,psi,matchingMs,perceptionMs,windowMs,viewSupport
1,0,0,insufficientComponents,0.640312423976002,2,484201.572914107,4977500.52147539,-2.10588080737395,74.16,2664.529,28.212,15.6837744952413
2,1,0,accepted,0.0358080295932738,0.0273459144846935,484201.061462657,4977500.88769231,-2.14031250988859,169.142,499.565,15.972,15.6837288525996
3,1,0,accepted,0.029803572233421,-0.217656577646494,484201.065948563,4977500.89279221,-2.14456897349069,67.5,379.499,15.831,15.7793411398433
4,1,0,accepted,0.0335628190490291,-0.168235359734101,484201.065292068,4977500.88926619,-2.14371099730552,27.768,231.365,3.525,15.7747681689105
5,1,0,accepted,0.040438652131325,0.00108870724269503,484201.061283307,4977500.88343706,-2.14075914913829,20.686,406.612,14.465,15.7770567231332
6,1,0,accepted,0.0422010981347348,0.195769296188519,484201.059018887,4977500.88261828,-2.13734614006884,20.861,229.106,1.634,15.781878789425
7,1,0,accepted,0.0412141167836789,0.216663045373994,484201.060534064,4977500.88315403,-2.13697495572843,14.845,212.199,1.849,15.7831619465635
8,1,0,accepted,0.0410281876599472,0.260150504540439,484201.062032861,4977500.88141882,-2.13621978348049,11.715,152.257,5.33,15.7823102974126
9,1,0,accepted,0.0547828435865852,0.288834776278492,484201.045550463,4977500.86939847,-2.13570119594636,15.781,153.776,1.289,15.7827707048828
10,1,0,accepted,0.0541966585172633,0.341295714046699,484201.045884467,4977500.86245601,-2.13479546566364,9.667,141.692,4.634,15.7956539541769
11,1,0,accepted,0.0444452121627325,0.305682135338002,484201.046440843,4977500.86063002,-2.13542697023833,13.865,152.766,1.328,15.7995265497182
12,1,0,accepted,0.0357616480503115,0.388738554624717,484201.038798519,4977500.85702136,-2.13394468129537,26.802,165.652,1.751,15.8003743962651
13,1,0,accepted,0.0243837110885501,0.465399416658232,484201.030572095,4977500.85149371,-2.13264869062144,16.418,202.541,1.585,15.8051720011147
14,1,0,accepted,0.00629433102309075,0.335479240425472,484201.035440128,4977500.84997177,-2.13484480134909,13.804,189.583,1.532,15.8138000682563
15,1,0,accepted,0.00663463316581384,0.419790950000344,484201.019584574,4977500.82413131,-2.13331328222117,14.29,158.79,1.176,15.8205402363528
16,1,0,accepted,0.00525892177194612,0.499622474372302,484200.998224901,4977500.79228808,-2.13180720939681,15.331,205.593,1.267,15.8466573741315
17,1,0,accepted,0.00679027939868354,0.387663136396049,484200.976528204,4977500.75585783,-2.1335888991009,17.248,171.551,1.16,15.8765028429148
18,1,0,accepted,0.00600348779500878,0.41353936679505,484200.950149606,4977500.71634148,-2.13295954960721,18.233,181.638,2.418,15.9099906831513
19,1,0,accepted,0.00326976333597824,0.137260131246883,484200.920766938,4977500.67481973,-2.13750313971003,14.01,205.133,3.372,15.9458782075943
20,1,0,accepted,0.0106967345421976,0.400045903928297,484200.883706068,4977500.61540215,-2.13245823278904,12.917,175.43,1.188,15.9840601545369
21,1,0,accepted,0.00267003821617718,0.185458919697149,484200.849349091,4977500.56805436,-2.13556546215071,16.354,169.389,1.171,16.0351381339457
22,1,0,accepted,0.00593786715962938,0.122167732770244,484200.816571123,4977500.50722207,-2.13596674389087,16.669,195.079,1.601,16.0783520782215
23,0,0,inconsistentClasses,0.0120675646396211,0.118448173619929,484200.778495759,4977500.4444271,-2.13512445659564,11.624,139.64,1.148,16.1283390795905
24,0,0,inconsistentClasses,0.0199073410207256,0.109538687337534,484200.735693448,4977500.37475003,-2.13400473565368,11.177,148.675,1.351,16.1810909775463
25,0,0,inconsistentClasses,0.0275820872663494,0.100737622235736,484200.687987258,4977500.29762132,-2.13276896342182,12.493,132.223,1.073,16.2383153406381
26,0,0,inconsistentClasses,0.0349170270279433,0.0691061881115633,484200.633182282,4977500.20964704,-2.13119696905441,12.022,136.465,1.128,16.3038810470748
27,0,0,inconsistentClasses,0.0422873848869654,0.0767662207290254,484200.571946076,4977500.11322683,-2.12949204019212,15.921,136.918,1.123,16.3736068254829
28,0,0,inconsistentClasses,0.0500454317213775,0.0834445071015825,484200.508795013,4977500.00644928,-2.12906874976176,22.517,193.716,1.905,16.4478518010132
29,1,0,accepted,0.0289041008816773,-0.11348101278689,484200.411280131,4977499.88699835,-2.13035705057699,11.34,211.313,1.095,16.5255157297935
30,1,0,accepted,0.028450929358903,-0.12471988613233,484200.336362416,4977499.76735222,-2.12793525571285,12.493,155.499,1.12,16.6205452783646
31,1,0,accepted,0.026761522651658,-0.0490762740403645,484200.262498226,4977499.63877862,-2.12583229342805,14.151,157.806,1.383,16.7053358570987
32,1,0,accepted,0.0277925419225159,-0.0252528125187249,484200.189775189,4977499.5058386,-2.12439503869622,12.975,174.45,1.471,16.7911671153245
33,1,0,accepted,0.0266378878270052,-0.037016103168904,484200.103945173,4977499.37339837,-2.12281140251131,9.434,205.036,1.245,16.8765683861146
34,1,0,accepted,0.030278564712733,0.0247445798330862,484200.026520859,4977499.22762968,-2.11972417753621,13.902,157.948,1.475,16.9564125382405
35,1,0,accepted,0.0339021413898921,0.0574405411863158,484199.943269931,4977499.0849511,-2.11729024983239,10.768,157.371,1.134,17.0325457056473
36,1,0,accepted,0.0362084495560154,0.047606891096663,484199.854567486,4977498.93864812,-2.1161551558358,19.287,184.936,1.502,17.110203928214
37,1,0,accepted,0.0350432445325597,0.0604157866609742,484199.759642616,4977498.78250037,-2.11484708107116,15.092,171.44,1.491,17.1892412702545
38,1,0,accepted,0.0366536526923658,0.0306417626094974,484199.666176969,4977498.63015124,-2.11391981744797,13.479,166.144,1.66,17.2612973074959
39,1,0,accepted,0.0339567758976534,0.00507976893444329,484199.565593106,4977498.46987044,-2.1130285328677,9.857,129.873,1.24,17.3437909281353
40,0,0,inconsistentClasses,0.0381802936213428,0.0106368760567601,484199.468809253,4977498.31157665,-2.11208819473865,10.087,122.677,1.033,17.4192254410269
41,0,0,inconsistentClasses,0.0422405869680714,0.0108664430845116,484199.368326938,4977498.14813534,-2.11172801653765,12.335,128.688,1.134,17.4952567622116
42,1,0,accepted,0.0360131631237233,0.105755259657153,484199.270790726,4977497.96397914,-2.11019040043442,9.505,137.392,1.115,17.5666043789299
43,1,0,accepted,0.030558089358869,0.0991497306956584,484199.164185211,4977497.79150522,-2.11027792035578,15.746,181.346,1.489,17.6312909794943
44,1,0,accepted,0.0282094561746739,0.132636620073341,484199.061220908,4977497.62038406,-2.10989431770134,17.255,183.923,1.408,17.6820105737564
45,1,0,accepted,0.0238960560306262,0.130344370089753,484198.958691417,4977497.4500963,-2.11012957533724,13.728,167.891,1.337,17.7332970487644
46,1,0,accepted,0.0188000037527519,0.120445622876416,484198.854821314,4977497.27698724,-2.11021635386952,10.32,177.452,1.304,17.7867245388753
47,1,0,accepted,0.0215282480255007,0.150032525059671,484198.759348292,4977497.11135699,-2.1106835973597,13.963,136.714,1.392,17.8483632403967
48,1,0,accepted,0.0154271696595132,0.141209771348924,484198.657086562,4977496.94556662,-2.11171406212472,17.14,156.977,1.525,17.9201316092355
49,1,0,accepted,0.0100806622567136,0.139911293428429,484198.559704644,4977496.77972823,-2.11249081473296,13.169,173.481,1.397,17.9828459518434
50,1,0,accepted,0.00501414477876871,0.142319176057188,484198.465178842,4977496.61752008,-2.11309432981962,18.966,162.541,1.361,18.0429623773885
51,1,0,accepted,0.0120613769547908,0.185411548738107,484198.371306706,4977496.44802843,-2.11300332834887,8.231,130.248,1.037,18.0929705370976
52,1,0,accepted,0.00979903632918447,0.143022303338158,484198.280592554,4977496.30264339,-2.11377783892778,9.585,139.662,1.063,18.1323063838993
53,1,0,accepted,0.00586012783825732,0.146509788165626,484198.196030338,4977496.15351198,-2.1140319877835,14.949,126.468,1.062,18.1589490975777
54,1,0,accepted,0.00966285988456215,0.160043295718109,484198.107220044,4977495.99796814,-2.11454246810465,8.407,117.923,1.018,18.1915996752603
55,1,0,accepted,0.00911398841425549,0.150386536959526,484198.015882357,4977495.84717451,-2.11503985707191,10.55,154.516,1.053,18.216157598056
56,1,0,accepted,0.00195403649001195,0.201517107205665,484197.932157466,4977495.69514379,-2.11428192012784,12.962,175.671,1.262,18.2336526397986
57,1,0,accepted,0.00154580566026332,0.236400921136624,484197.840252623,4977495.53274653,-2.11419117339313,26.065,169.514,1.384,18.2385543149174
58,1,0,accepted,0.0316528958982209,0.16096875986777,484197.746350316,4977495.40184967,-2.11589552179564,11.67,171.117,1.32,18.2348997303488
59,1,0,accepted,0.0362963229934942,0.150112924545416,484197.646976105,4977495.23937805,-2.11593955643617,7.885,128.985,1.038,18.2239777929945
60,1,0,accepted,0.0379611978542356,0.171062196238687,484197.556963669,4977495.07096899,-2.11516857587595,10.403,130.352,0.99,18.1995317770147
61,1,0,accepted,0.05937192142191,0.106118630505666,484197.452150026,4977494.9197045,-2.11517134206414,26.921,164.605,1.047,18.1678801872703
62,1,0,accepted,0.0589934603592891,0.112491370473473,484197.349819636,4977494.7454009,-2.11357715863271,15.343,158.238,3.144,18.1283289206256
63,1,0,accepted,0.00759514530334289,0.227041013049832,484197.243547796,4977494.51922452,-2.10906091688189,21.4,158.252,3.431,18.0808774580573
64,1,0,accepted,0.00689185437680893,0.222511359546279,484197.134144494,4977494.33508998,-2.10776699700891,9.069,144.296,2.812,18.0207127123651
65,1,0,accepted,0.0104569394363624,0.237487176461242,484197.028392873,4977494.15727769,-2.10679600929954,16.492,148.066,0.978,17.9620516848356
66,1,0,accepted,0.0147860422823052,0.230445622353042,484196.921307635,4977493.97279846,-2.1050414645429,30.504,180.083,1.048,17.8979985137936
67,1,0,accepted,0.0180299103010541,0.174296598966235,484196.812054101,4977493.78754593,-2.10273147474686,10.282,170.297,1.285,17.8329229416894
68,1,0,accepted,0.0256828918313841,0.166016787654354,484196.695061275,4977493.59417465,-2.09854665517992,10.236,137.469,1.13,17.7623594592767
69,1,0,accepted,0.0267893125812392,0.129965669677066,484196.582528917,4977493.40087405,-2.09354557699068,8.098,107.808,1.088,17.6790363301902
70,1,0,accepted,0.0291792985011381,0.0518819629312798,484196.466190251,4977493.19963123,-2.08769256874513,9.016,127.024,3.834,17.5926492924573
71,1,0,accepted,0.049528523020454,-0.0137751607966467,484196.316899769,4977492.9765874,-2.08036671909681,13.27,129.027,1.217,17.4937668208409
72,1,0,accepted,0.0586762558361713,-0.0922411770010493,484196.184556181,4977492.75845146,-2.07185723972996,10.764,152.853,1.373,17.3615700170003
73,1,0,accepted,0.0554451284169138,-0.10436010833344,484196.055406969,4977492.51334542,-2.06059312606787,15.214,164.985,4.54,17.2475142412862
74,1,0,accepted,0.0620947168649226,-0.109167706919174,484195.905806688,4977492.24854281,-2.04721964131001,13.47,175.808,4.337,17.1641107369776
75,1,0,accepted,0.0604111069372112,-0.0327944100708261,484195.754866413,4977491.95741174,-2.03023164132541,17.043,187.827,1.608,17.0711559097624
76,1,0,accepted,0.0519011263893628,-0.0329536800646706,484195.617383726,4977491.66865157,-2.01363466520098,10.349,171.713,1.325,16.9840755224558
77,1,0,accepted,0.052333173225824,-0.0214593187045984,484195.471455528,4977491.36352513,-1.99725676281858,13.061,214.133,1.283,16.8912630105875
78,1,0,accepted,0.0585560083012518,-0.113363066730946,484195.313235888,4977491.03857647,-1.9793970729735,15.772,182.057,1.658,16.8290609277196
79,1,0,accepted,0.0431474868632363,-0.0337009458907894,484195.171542521,4977490.67791648,-1.95796804092738,13.747,168.748,2.567,16.7484447189928
80,1,0,accepted,0.033366138886378,-0.165889527546182,484195.036160871,4977490.31807016,-1.93781200432809,19.583,226.19,1.707,16.6617995762836
81,1,0,accepted,0.0309418921347722,-0.196508327874422,484194.89212717,4977489.94396715,-1.91392755528949,9.221,180.916,1.247,16.5838892271852
82,1,0,accepted,0.044070836262088,-0.175763805493809,484194.749084872,4977489.57002947,-1.88805152282045,22.025,252.749,2.378,16.5247169282618
83,1,0,accepted,0.0485686218937962,-0.152999682260038,484194.597729342,4977489.16530232,-1.8605974985526,12.468,208.379,1.326,16.4441336276064
84,1,0,accepted,0.0595886435533261,-0.0638885256390776,484194.464713069,4977488.76579088,-1.83242118047205,13.171,209.121,3.931,16.4320398769566
85,1,0,accepted,0.0638139003522825,-0.0406190845415885,484194.340853365,4977488.33864087,-1.80500269072514,10.363,203.847,1.339,16.4027371860349
86,1,0,accepted,0.0712536297369284,-0.0496892286839566,484194.226578374,4977487.9018117,-1.77922882074119,18.385,264.83,1.551,16.3505852037866
87,1,0,accepted,0.0870977323244501,-0.120827534194774,484194.118335103,4977487.46192726,-1.75303416173449,15.197,225.587,1.235,16.4266847754769
88,1,0,accepted,0.0834127557459055,0.0255484459248371,484194.031251709,4977486.99688927,-1.72353892987551,11.608,210.835,1.269,16.3732980040862
89,1,0,accepted,0.0823886181124475,-0.103212634271403,484193.953940689,4977486.52781276,-1.69795444732643,15.377,207.572,1.634,16.361019803685
90,1,0,accepted,0.0735145760992353,0.0719994499094582,484193.887488437,4977486.04056988,-1.66662380081963,13.854,219.788,1.823,16.3961704254925
91,1,0,accepted,0.0647626447011813,0.0924881212841275,484193.830423752,4977485.54520064,-1.63639821605788,11.476,210.678,1.511,16.4801940164406
92,1,0,accepted,0.0270128140216302,0.0617163342883581,484193.806222107,4977485.01536851,-1.6069981481981,13.7,200.575,1.576,16.4740259740251
93,1,0,accepted,0.0231663866289882,0.0202195935366288,484193.776491882,4977484.50410471,-1.57797108997127,13.513,171.285,1.414,16.4765398172076
94,1,0,accepted,0.0125403656295778,-0.0234010432647026,484193.745774417,4977483.97484536,-1.54887768761401,16.954,219.38,1.511,16.3137636009055
95,1,0,accepted,0.0106135840956428,-0.116203391046925,484193.751270869,4977483.45175607,-1.51986749596248,20.861,206.337,1.726,16.3442468312495
96,1,0,accepted,0.0179032011608472,-0.181776252614208,484193.769607343,4977482.92569744,-1.48963793087343,13.048,244.333,1.427,16.3703732594999
97,1,0,accepted,0.038204304536732,-0.300004631391754,484193.801342988,4977482.41439982,-1.46061198752527,18.657,236.814,1.723,16.4627122641303
98,1,0,accepted,0.0374002416550208,-0.402410005155146,484193.851265203,4977481.87408368,-1.43088987321421,20.343,273.402,2.054,16.5683242406994
99,1,0,accepted,0.0278786732990873,-0.4569244027902,484193.937161026,4977481.3167158,-1.40156669780782,15.859,269.428,2.043,16.6656933968909
100,1,0,accepted,0.00692297953301167,-0.425932792582937,484194.016096249,4977480.74702888,-1.3704040781573,18.236,260.016,1.919,16.7364762286662
101,1,0,accepted,0.00367270964700325,-0.423504527977675,484194.124486122,4977480.17442897,-1.34145752650872,13.182,221.064,1.676,16.7254838915556
102,1,0,accepted,0.0314486044079571,-0.433741427574097,484194.288201052,4977479.61793078,-1.3145840186819,12.88,255.141,1.591,16.9232547568393
103,1,0,accepted,0.0275424830736312,-0.248062481105121,484194.411176986,4977479.02426414,-1.28545124535795,15.569,249.323,2.155,17.1301320039708
104,1,0,accepted,0.0294748887515018,-0.214157909842448,484194.573532919,4977478.45191072,-1.25980135413576,15.306,280.692,1.513,17.3212287400087
105,1,0,accepted,0.0411203769302486,-0.133212859945381,484194.749195035,4977477.86485005,-1.23465789611595,20.442,281.397,1.831,17.4801326582907
106,1,0,accepted,0.0537292820540524,-0.0220449258904485,484194.951488776,4977477.27297906,-1.21170889442939,14.748,272.427,1.527,17.5677903716366
107,1,0,accepted,0.0364771562882136,-0.116935511704899,484195.16965223,4977476.7095343,-1.19501395595824,17.411,307.565,2.145,17.557890707144
108,1,0,accepted,0.0411215826051431,-0.00898784709112423,484195.407434475,4977476.1163791,-1.17694249131667,25.003,343.993,2.284,17.5206531356569
109,1,0,accepted,0.0340792495325008,0.0643451078638953,484195.663270492,4977475.51625767,-1.16139696084194,16.318,329.994,1.535,17.486543035991
110,1,0,accepted,0.0343101295379006,0.141420758252615,484195.933527663,4977474.92651056,-1.14843395082003,11.781,316.225,1.467,17.3547463382264
111,1,0,accepted,0.0333400614146882,0.17945960214106,484196.204507544,4977474.31996085,-1.137400591401,18.727,333.869,2.689,17.0472478053218
112,1,0,accepted,0.0307321161913578,0.221217627885197,484196.481125985,4977473.71008886,-1.1279187862452,13.945,310.529,2.02,16.7565039814081
113,1,0,accepted,0.023873915220566,0.125194340268293,484196.78771445,4977473.09179717,-1.12217445917374,16.713,343.234,2.041,16.5082025362478
114,1,0,accepted,0.0230424191388782,0.166019114583361,484197.08891061,4977472.46713046,-1.11547330992066,11.686,340.706,1.618,16.2656960875163
115,1,0,accepted,0.0159043146748125,0.10964722473425,484197.413273406,4977471.83573184,-1.1115163265926,17.159,283.107,1.486,15.9100948471139
116,1,0,accepted,0.0119501068654086,0.153081267266689,484197.746779237,4977471.18958051,-1.10707071153295,15.958,291.967,1.588,15.4662712642208
117,1,0,accepted,0.0108976594100934,0.126420650236628,484198.092849775,4977470.54084151,-1.10454768257925,14.774,323.303,1.867,14.9541056975702
118,1,0,accepted,0.0494137721831312,0.0697373984225243,484198.48205042,4977469.87639446,-1.10413274232009,30.181,289.524,1.376,14.4305742541749
119,1,0,accepted,0.0432736452955674,0.194376748785866,484198.825077502,4977469.18446623,-1.10203656692274,21.629,290.835,1.789,13.8311840716657
120,1,0,accepted,0.0335525390471116,0.113139661379502,484199.181404608,4977468.51860305,-1.10466379192783,17.527,354.493,2.172,13.2197773227327
121,1,0,accepted,0.0362326186642199,0.151050728038478,484199.544528747,4977467.81270356,-1.10624441576635,10.748,252.37,1.361,12.5716931674251
122,1,0,accepted,0.0342680581561303,0.132727251186162,484199.908186552,4977467.10573287,-1.10787497054728,20.244,319.131,1.269,12.0535795598532
123,1,0,accepted,0.035882557377628,0.159679873554476,484200.276147894,4977466.39982537,-1.10948284092571,11.281,248.651,1.799,11.6353171784892
124,1,0,accepted,0.0449781610451782,0.0665311171102181,484200.661990052,4977465.67893448,-1.11343958983103,10.243,211.352,2.185,11.1493063021343
125,1,0,accepted,0.0390961789970994,0.0229884767688942,484201.035853626,4977464.94996081,-1.11763069222951,10.54,202.804,1.448,10.863668582749
126,1,0,accepted,0.0339737717121862,-8.83654659147914e-05,484201.412337926,4977464.20863278,-1.12219393684107,10.791,209.627,1.303,10.6807690507554
127,1,0,accepted,0.0323470733910069,-0.0274227421692626,484201.793833487,4977463.45455269,-1.12775788365419,16.797,281.022,1.795,10.5691953935035
128,1,0,accepted,0.0278115202425193,0.0104394306674771,484202.182035134,4977462.69210489,-1.13293976890993,16.045,264.054,1.352,10.4204604767751
129,1,0,accepted,0.0158677995406554,-0.0310965604800111,484202.565664681,4977461.91392254,-1.13918177531875,13.195,253.919,1.725,10.2354565929054
130,1,0,accepted,0.0206444553440252,0.0199480270267856,484202.941934986,4977461.11780338,-1.14491405539778,12.388,219.57,1.498,10.0716957214578
131,1,0,accepted,0.0239452527689501,0.00779280635732278,484203.327393483,4977460.31282994,-1.15094721711594,14.176,247.846,1.344,10.0096205056046
132,1,0,accepted,0.0256211130503224,0.011710292643503,484203.710924631,4977459.49340564,-1.1579865500499,15.937,251.075,1.283,10.1076753475365
133,1,0,accepted,0.0415894846527029,0.0727628688702518,484204.07360399,4977458.66505219,-1.16370483444219,11.867,294.459,1.263,10.1534158404239
134,1,0,accepted,0.0449266320131265,0.0420724295982177,484204.462200702,4977457.82303972,-1.1710937060363,12.865,230.44,1.304,10.0957006894567
135,1,0,accepted,0.054999357424684,0.11531018074695,484204.833025116,4977456.97502359,-1.17666024185468,17.738,251.127,1.624,10.2193016844034
136,1,0,accepted,0.0559983972324995,0.129482998826142,484205.212820886,4977456.11988574,-1.18334138401456,18.138,227.739,1.743,10.3331016344362
137,1,0,accepted,0.0495617182819028,0.0351079376281064,484205.601938866,4977455.25215786,-1.19191222929879,12.795,225.868,1.661,10.3250237880827
138,1,0,accepted,0.0468969875144838,-0.049103878915638,484205.98581602,4977454.37645261,-1.20033558867904,10.988,296.562,1.432,10.1932096078074
139,1,0,accepted,0.0348420808500911,0.0167559490888063,484206.363637281,4977453.49746406,-1.20588373812883,15.749,195.521,1.328,9.89986717257363
140,1,0,accepted,0.0274046844694661,0.00539988093335662,484206.760692849,4977452.65045097,-1.21318172147698,11.836,199.753,1.337,9.53873898127318
141,1,0,accepted,0.0416293632544691,-0.0448440591694655,484207.137852716,4977451.75917191,-1.22090357835203,12.562,195.507,1.523,9.15798820206356
142,1,0,accepted,0.0464603376205821,-0.0547083887169098,484207.502833336,4977450.84399963,-1.22774501637213,17.51,237.379,1.83,8.67332172523047
143,1,0,accepted,0.0308297513901005,0.0158748745934371,484207.862519149,4977449.90445202,-1.23357595973986,18.424,242.827,1.441,8.25220167227069
144,1,0,accepted,0.00892820764959549,-0.00782045733798057,484208.225552346,4977448.93552171,-1.24064049427674,28.033,260.951,4.357,7.96316078290215
145,1,0,accepted,0.0216903393026253,0.0457266898240473,484208.573994104,4977447.97667119,-1.24733875553424,14.514,203.377,1.521,7.82137717465544
146,1,0,accepted,0.0315677313020732,-0.0847777776707877,484208.924805938,4977447.01673369,-1.25551735638428,18.247,259.943,3.444,7.65353168962561
147,1,0,accepted,0.0474196746506413,0.0952536700468589,484209.280000524,4977446.03674644,-1.26007704302326,15.292,222.33,1.422,7.58505917147731
148,1,0,accepted,0.0429417826336984,0.0785018113808945,484209.626637017,4977445.07669978,-1.26670956203656,18.032,237.13,2.87,7.46723052910563
149,1,0,accepted,0.0381330202001637,0.0379914729408658,484209.967314193,4977444.10562119,-1.27427868939546,14.178,197.673,1.504,7.35550442586294
150,0,0,inconsistentClasses,0.0538374903372625,0.0223113399655734,484210.273756079,4977443.13007113,-1.28096384926129,29.267,230.194,1.422,7.2938269271092
151,0,0,inconsistentClasses,0.0781779179431286,0.0546523936346529,484210.577253317,4977442.13926758,-1.28757180552845,11.25,179.605,1.38,7.22319252817445
152,1,0,accepted,0.0536344788136878,0.0253563065503271,484210.921598151,4977441.15864056,-1.29507560251611,13.711,168.955,2.928,7.07115144996113
153,1,0,accepted,0.0751343025696979,0.109840205072315,484211.217288779,4977440.16139515,-1.30024101226567,10.686,194.22,1.782,6.89679831587479
154,1,0,accepted,0.0837825988835948,0.123716958766432,484211.522131224,4977439.16177905,-1.3062208360034,10.73,228.833,2.619,6.6882207349493
155,1,0,accepted,0.100231766777786,0.23261378058636,484211.817703662,4977438.15792965,-1.31151198121345,14.376,202.372,2.941,6.4093660651917
156,1,0,accepted,0.10648653530899,0.234649176133836,484212.121655498,4977437.13651312,-1.31814855858964,20.819,275.45,2.986,6.05053684899787
157,1,0,accepted,0.117256083962361,0.315749813992276,484212.418727048,4977436.12290403,-1.32372078546416,16.923,262.417,1.717,5.63706227462616
158,1,0,accepted,0.0798167609810532,0.0497424998389587,484212.775931499,4977435.12297469,-1.33532346780875,23.197,312.231,3.564,5.30345421390743
159,1,0,accepted,0.0727904513956497,0.0284564512009421,484213.062649886,4977434.09792201,-1.34211745596705,21.586,246.996,8.045,5.08166388575698
160,1,0,accepted,0.0744158382814383,0.0462021814909531,484213.340078583,4977433.08208481,-1.34816731533396,23.543,314.864,1.761,4.88474786972146
161,1,0,accepted,0.0714646695406666,0.0477974924088458,484213.611504944,4977432.06339801,-1.35499140157574,26.917,277.371,1.768,4.71163811435354
162,1,0,accepted,0.0534581612225767,0.000392461428713492,484213.870825241,4977431.06302266,-1.3624526249378,23.019,275.979,1.802,4.56749640710679
163,1,0,accepted,0.0480495151261201,0.00878440509398081,484214.126812807,4977430.03975749,-1.36869946034458,13.416,292.275,3.601,4.42267464918467
164,1,0,accepted,0.0521373989546472,-0.0941501087034631,484214.36244257,4977429.04050171,-1.37692681046677,24.376,237.88,2.14,4.25462499791635
165,1,0,accepted,0.0361298457720841,-0.153958215677807,484214.627680108,4977428.01552271,-1.38403409591435,20.871,301.613,1.34,4.08730415368295
166,1,0,accepted,0.0431555089869363,-0.0651168372502796,484214.870147238,4977426.95674917,-1.38875395847178,16.367,225.611,1.76,3.94716152252412
167,1,0,accepted,0.0367461573174277,-0.130579438223634,484215.108725355,4977425.92956479,-1.39607348240178,31.578,243.318,1.323,3.85193432991079
168,1,0,accepted,0.0362201136680584,-0.0354659295346413,484215.341256439,4977424.88331397,-1.40120382055003,14.964,262.87,1.787,3.78918131534547
169,1,0,accepted,0.0346889630798965,0.0304621523228632,484215.564040702,4977423.84281417,-1.40666388055664,11.562,207.96,1.348,3.83276130619429
170,1,0,accepted,0.0360997313059357,0.00476835618730197,484215.775285492,4977422.80663932,-1.4137993604965,11.262,202.768,1.346,3.91924183955765
171,1,0,accepted,0.047933835379056,0.0199069240443721,484215.97236444,4977421.76350436,-1.42073611047755,17.474,189.355,1.7,4.06437533790832
172,1,0,accepted,0.052806928662834,0.0483000299852187,484216.170461929,4977420.70775313,-1.42747931595378,24.514,282.054,4.129,4.26198901643118
173,1,0,accepted,0.0547249219143429,0.0853154394393591,484216.364016899,4977419.65096606,-1.43441795378131,29.497,327.763,1.567,4.4700204035204
174,1,0,accepted,0.0584692667407829,0.0855691307629134,484216.548859738,4977418.58838238,-1.44175054328297,20.624,271.095,1.699,4.73218362565472
175,1,0,accepted,0.10500607938704,0.00084768973348832,484216.680947353,4977417.55278082,-1.45055737184842,10.903,236.654,1.368,4.93474359870289
176,1,0,accepted,0.116078354504502,0.0248713056247,484216.84328485,4977416.49214195,-1.45747292580298,17.162,251.026,1.681,5.13751631182412
177,1,0,accepted,0.135834551077218,0.053247911749839,484216.990756762,4977415.44782935,-1.46441965332827,18.483,255.351,1.993,5.22663958767071
178,1,0,accepted,0.162239826855578,0.117007232126985,484217.138949242,4977414.41716225,-1.47064585947599,23.684,245.51,1.411,5.25645235533587
179,1,0,accepted,0.0412123252104215,0.0734333579213372,484217.387993431,4977413.2629871,-1.47886078774554,19.95,234.504,1.315,5.32620594120418
180,1,0,accepted,0.0338483873205454,-0.0618843937229154,484217.538243833,4977412.18130434,-1.48827842810228,30.201,255.211,2.201,5.31245560126539
181,1,0,accepted,0.0537188873078227,0.0908492153179087,484217.660218689,4977411.06683552,-1.49334047818868,23.27,294.146,1.517,5.23043592628444
182,1,0,accepted,0.0521038088454151,0.0151455754347694,484217.800778439,4977409.96679459,-1.50137731538163,33.463,250.62,1.275,5.09956575436218
183,1,0,accepted,0.0848784940032603,0.0855316005111228,484217.887667168,4977408.85352668,-1.50727982174335,17.79,252.235,1.367,4.98956961824462
184,1,0,accepted,0.100364721556364,0.0820800183936956,484217.985218826,4977407.76392858,-1.51409410116443,19.442,285.863,2.992,4.88848923096651
185,1,0,accepted,0.0741698310657484,-0.124504397625748,484218.117480277,4977406.67195754,-1.52442163995374,22.424,239.403,1.446,4.77069954698823
186,1,0,accepted,0.0511421048638427,-0.227796383034364,484218.246624073,4977405.56565593,-1.53303422454416,15.09,238.719,1.567,4.69951955716145
187,1,0,accepted,0.0479178410419635,-0.361037956423256,484218.393533381,4977404.4543255,-1.54225506568785,11.836,224.398,2.813,4.63588700973684
188,1,0,accepted,0.0552044597125513,-0.397405377211489,484218.478296904,4977403.3243238,-1.54891172207064,22.969,257.328,1.79,4.72081721041489
189,1,0,accepted,0.0330859408639061,-0.206077077241395,484218.500359333,4977402.21964576,-1.55097200571566,17.415,284.371,1.424,4.80456028374815
190,1,0,accepted,0.0359757777268113,-0.118140242451767,484218.565307079,4977401.10402425,-1.55413162395458,16.712,253.89,1.269,4.90584006467281
191,1,0,accepted,0.0414640942623899,-0.0887488112088484,484218.617101702,4977399.97406473,-1.55807230656691,12.1,258.96,1.267,4.98415173381147
192,1,0,accepted,0.0547953033446008,-0.0826651436383515,484218.656644993,4977398.84410289,-1.5615574710553,14.56,232.116,1.287,5.08165101388523
193,1,0,accepted,0.0669065564563243,0.0810079894554421,484218.69589738,4977397.69754393,-1.56174303291472,18.711,233.01,1.705,5.13130310107635
194,1,0,accepted,0.0809751030653669,0.148050150003676,484218.72976084,4977396.54241308,-1.56314865455518,19.161,317,3.153,5.11986079395831
195,1,0,accepted,0.0352306503087299,-0.0209788072476255,484218.839187458,4977395.35994015,-1.56835228452626,17.618,247.335,2.079,5.22943934075715
196,1,0,accepted,0.0286894233565036,-0.0395393301503228,484218.893156164,4977394.2001392,-1.57109409758156,23.596,304.787,2.074,5.27941686651978
197,1,0,accepted,0.0207227679590033,-0.0829565542298119,484218.932396876,4977393.04287902,-1.57393020536962,21.175,347.083,1.94,5.37420149987744
198,1,0,accepted,0.0134735536431458,-0.120436868494906,484218.97452291,4977391.87348479,-1.57641373983473,20.112,232.542,1.458,5.42169375499825
199,1,0,accepted,0.0135155325748155,-0.0927415378582391,484218.997365017,4977390.70428895,-1.57768368394244,11.335,230.875,1.431,5.43594684858245
200,1,0,accepted,0.0201427671704137,-0.142650660587441,484219.043877729,4977389.53613629,-1.58033310437104,10.412,207.903,2.13,5.40558948829772
201,1,0,accepted,0.0389753521829748,-0.10890505882048,484219.062978977,4977388.35633998,-1.58112091740621,34.541,265.568,5.861,5.43786609048278
202,1,0,accepted,0.0576509345346896,-0.0788315598253359,484219.082136257,4977387.17402492,-1.58192098172274,30.173,280.278,1.643,5.57356160333842
203,1,0,accepted,0.0622457089621359,-0.0512380054159696,484219.100462422,4977386.04656768,-1.58266020206666,21.509,295.135,1.773,5.66204524483725
204,1,0,accepted,0.0609320009237973,-0.0903322969362129,484219.116502058,4977384.82842796,-1.58289540251553,20.53,218.329,1.934,5.71450630852814
205,1,0,accepted,0.0638551665089399,-0.0896820074947446,484219.129767825,4977383.60463009,-1.58252469614776,22.901,257.287,2.166,5.83140607530333
206,1,0,accepted,0.0718380237762553,-0.074102826814292,484219.140362319,4977382.36609485,-1.58106874757647,14.492,287.241,1.478,5.87702627987475
207,1,0,accepted,0.0677915390158156,-0.0734906744997139,484219.166022042,4977381.12301526,-1.57960226199123,28.153,260.932,1.373,5.96244665435828
208,1,0,accepted,0.0704415754907556,-0.0663281580447826,484219.188266679,4977379.89889459,-1.57734225122131,19.89,240.871,1.801,6.10723230078485
209,1,0,accepted,0.0718585759401667,-0.0946355247662064,484219.214211764,4977378.65879173,-1.57505182176842,16.239,292.054,1.341,6.4055133910441
210,1,0,accepted,0.0866822491871995,-0.134148870004024,484219.2312316,4977377.42192581,-1.57265899769077,14.346,234.579,1.897,6.72569593373859
211,1,0,accepted,0.0683670754396641,-0.103441091111327,484219.294091669,4977376.18561721,-1.56847209428337,20.897,257.122,1.248,7.06246894960349
212,1,0,accepted,0.0693951275216635,-0.0964706514759594,484219.326683087,4977374.92455952,-1.56448218576862,18.691,202.802,1.252,7.32361545965676
213,1,0,accepted,0.0657474773752259,-0.0493737779068944,484219.374671316,4977373.65868238,-1.5595924666353,22.207,253.574,1.846,7.50607131978868
214,1,0,accepted,0.0709931415184522,0.0152333876986153,484219.417855958,4977372.39350879,-1.55449556762506,12.784,206.944,2.476,7.53896102946357
215,1,0,accepted,0.0371910200583025,0.0939187610520839,484219.493703497,4977371.09781903,-1.5485178845542,13.482,184.406,1.306,7.3763581356014
216,1,0,accepted,0.0402709482821432,0.100473279337399,484219.548236376,4977369.81078368,-1.54336872893556,9.124,207.665,1.315,7.26815371824673
217,1,0,accepted,0.0459582847490446,0.136616109594021,484219.605387922,4977368.5357351,-1.53782347766938,10.157,193.888,1.361,7.04375241245468
218,1,0,accepted,0.0674728224858391,0.132086555393989,484219.653711639,4977367.24069776,-1.5325511575069,20.09,222.238,1.42,6.73684082344997
219,1,0,accepted,0.0720129158091007,0.0999739270968832,484219.723440563,4977365.94545567,-1.52787337130187,22.256,222.077,1.355,6.39200490772303
220,1,0,accepted,0.0632762873161873,0.0961870702791958,484219.811063068,4977364.67408544,-1.52245544487282,19.183,213.403,2.676,6.03879091895559
221,1,0,accepted,0.0738341032047806,0.114977981956301,484219.887380848,4977363.39304056,-1.51660596873297,17.12,213.638,1.63,5.65346710201835
222,1,0,accepted,0.0844914777534504,0.142136650170161,484219.973071301,4977362.10343111,-1.51051634863208,8.621,172.421,1.249,5.34670986483284
223,1,0,accepted,0.0935398073928658,0.180849685269691,484220.068422068,4977360.81345665,-1.50365946765941,13.197,159.95,1.154,5.00566233876505
224,1,0,accepted,0.0683512353687373,0.0999286286018901,484220.207482784,4977359.51518329,-1.49874405444373,14.251,209.32,1.246,4.77962932638991
225,1,0,accepted,0.0533666259954571,-0.00407239196970859,484220.344969497,4977358.2106202,-1.49400878864471,17.478,219.851,2.026,4.54554770912705
226,1,0,accepted,0.0635261274641843,0.0228210730171853,484220.465290308,4977356.91047387,-1.48707165788727,16.45,222.41,1.568,4.44878691331373
227,1,0,accepted,0.0584459094996825,0.0249329337260958,484220.609947752,4977355.59696831,-1.48032422764335,13.6,238.781,1.772,4.39248426021562
228,1,0,accepted,0.0519247890842637,-0.01582377004923,484220.757101932,4977354.32206088,-1.4741588105551,17.208,178.512,1.677,4.4079503223894
229,1,0,accepted,0.0575485844462203,0.0051662372002412,484220.902156512,4977353.01402611,-1.46699520832438,22.174,251.824,1.678,4.4846387771641
230,1,0,accepted,0.057685538549128,0.0407428779445949,484221.063572797,4977351.71146167,-1.45995731125679,11.011,235.521,1.454,4.60656707992472
231,1,0,accepted,0.0546642086113958,-0.0169620457375176,484221.236670596,4977350.39925488,-1.45411754082744,24.392,196.901,1.711,4.71698573404021
232,1,0,accepted,0.0451126146187879,-0.0213244743119009,484221.426935043,4977349.08079671,-1.44792069930278,9.446,207.584,1.276,4.88996873513979
233,1,0,accepted,0.033736094959041,-0.0152109098174776,484221.627504989,4977347.77715596,-1.44126877158332,19.92,191.106,2.111,4.96680850344433
234,1,0,accepted,0.034071214363339,-0.00714927345696547,484221.826694241,4977346.46509575,-1.43455593869178,14.84,202.857,2.512,4.90304832387917
235,1,0,accepted,0.0418005974739911,0.0817208762183776,484222.027151439,4977345.16205688,-1.42653338831292,29.605,207.572,1.995,4.72544762317521
236,1,0,accepted,0.0520296588709902,0.0586089593026196,484222.235384684,4977343.83213169,-1.42038091285453,13.967,273.152,1.512,4.78244194882722
237,1,0,accepted,0.0569639008839511,0.0422778040741396,484222.457120178,4977342.507816,-1.41400236825163,18.767,229.005,1.492,4.76910331072045
238,1,0,accepted,0.0656880196390763,0.0341749770880146,484222.679579392,4977341.19969116,-1.40754899452808,24.237,404.434,2.048,4.71030034212295
239,1,0,accepted,0.0411737786034706,-0.0431702361396465,484222.945496509,4977339.88005679,-1.40198166294282,16.232,285.515,1.479,4.67484483331965
240,1,0,accepted,0.0565025345093803,-0.0775299280323545,484223.184243933,4977338.5499582,-1.39645504141048,11.962,261.801,1.751,4.71713016934643
241,1,0,accepted,0.0694567536658966,-0.102616768038672,484223.427949805,4977337.24836813,-1.39002037255377,20.608,249.071,1.795,4.82233113188332
242,1,0,accepted,0.0740334266443803,-0.0776746031639991,484223.693822882,4977335.93351476,-1.38348999210963,12.71,281.765,1.496,4.96138850637001
243,1,0,accepted,0.084323728509994,-0.048508891502875,484223.961418458,4977334.61061554,-1.37691778134763,28.338,290.642,1.791,5.09112645242125
244,1,0,accepted,0.0995720950354686,0.00796399875457331,484224.234364288,4977333.28585215,-1.37023790324977,12.148,262.505,1.842,5.17664759562509
245,1,0,accepted,0.114495982395901,0.0708347390864049,484224.519726294,4977331.94861511,-1.36428734030249,14.754,268.493,1.53,5.20230874001615
246,1,0,accepted,0.1005306337114,0.0913083950875239,484224.840637505,4977330.64482313,-1.36023534219703,22.511,305.6,1.811,5.17705691534059
247,1,0,accepted,0.0813239716420925,0.0217931795968412,484225.18275052,4977329.3360226,-1.35869125931364,16.593,269.482,1.545,5.22837320414677
248,1,0,accepted,0.0788398842800989,-0.00413016652017416,484225.494589679,4977328.00367537,-1.35721497412902,12.64,244.758,1.405,5.2295973887833
249,1,0,accepted,0.080124662371635,0.072870309758058,484225.811211771,4977326.66924885,-1.35367422842931,16.607,269.993,2.077,5.19142220936071
250,1,0,accepted,0.0772280942435208,0.0972657356675583,484226.137239861,4977325.32726944,-1.35110867122704,18.111,241.708,1.513,5.08260508728648
251,1,0,accepted,0.0605150365052524,-0.0116890530731257,484226.482757881,4977323.972699,-1.35132502740689,12.66,310.825,2.226,4.90895062416041
252,1,0,accepted,0.0324685680819236,-0.0781760908752373,484226.844780629,4977322.62877154,-1.35095169823913,26.818,289.028,1.459,4.71073924609097
253,1,0,accepted,0.0347665267629925,-0.11242899682071,484227.178704967,4977321.27635635,-1.35028187759015,13.122,299.21,1.763,4.52979150066323
254,1,0,accepted,0.0352952952138594,-0.0694967114124896,484227.505909613,4977319.95932111,-1.34777073412711,12.843,254.916,1.569,4.35496923850947
255,1,0,accepted,0.0379197731813308,-0.102593117078856,484227.842485341,4977318.60646701,-1.34652647537243,12.578,240.853,1.46,4.16823461914991
256,1,0,accepted,0.0286698198498695,-0.0262427859244748,484228.188994835,4977317.27347975,-1.34398762342375,10.478,248.12,1.532,3.9701530463612
257,1,0,accepted,0.0328591280753445,-0.0560809085568863,484228.528537638,4977315.9270451,-1.34309165752951,14.115,239.71,1.47,3.77068712039247
258,1,0,accepted,0.0352655029984291,-0.0106374663544525,484228.878348958,4977314.55928197,-1.34205510462559,12.443,297.631,1.565,3.58079298733591
259,1,0,accepted,0.0449665595523555,-0.027851505567397,484229.216448013,4977313.20978238,-1.34083598623938,21.267,287.611,1.369,3.42808125753246
260,1,0,accepted,0.0475717343722654,-0.0204458422083124,484229.56791995,4977311.84292358,-1.340052687866,15.01,303.79,1.55,3.32688168654129
261,1,0,accepted,0.0486425372490719,-0.0174786872766222,484229.913716935,4977310.50617754,-1.33913553364127,11.441,250.033,1.865,3.25199680251596
262,1,0,accepted,0.0500283518422013,-0.0369510520210148,484230.267286828,4977309.14804998,-1.33844478172303,12.097,226.93,1.435,3.31767879131164
263,1,0,accepted,0.0435896208164468,-0.0703277180112917,484230.633927761,4977307.79927988,-1.33876719597066,14.687,239.889,1.603,3.36824245286268
264,1,0,accepted,0.0494841935507861,-0.130478321905656,484230.986297015,4977306.43859813,-1.33847394734519,18.849,310.787,1.861,3.39654671435044
265,1,0,accepted,0.0520214482578487,-0.0885885791309266,484231.34899083,4977305.05040426,-1.33747167653042,19.304,327.076,1.819,3.40185985635954
266,1,0,accepted,0.0535600076826976,-0.00479993647626751,484231.712944318,4977303.68973536,-1.33560546742324,13.474,249.012,1.319,3.38195688533984
267,1,0,accepted,0.045421002649736,0.0561108678292135,484232.081221858,4977302.32312583,-1.33395834014383,19.909,284.046,1.892,3.33212792023528
268,1,0,accepted,0.0394586119486028,0.0338255052700621,484232.449797545,4977300.93540226,-1.33341112504914,12.589,324.905,1.409,3.24389339147669
269,1,0,accepted,0.0356212537873571,0.0224525485353169,484232.819965058,4977299.54413965,-1.33278718920249,12.32,292.662,1.291,3.15507716532202
270,1,0,accepted,0.0355203294864481,0.0607269453038186,484233.193174311,4977298.14870628,-1.33178897299661,18.174,265.334,1.437,3.06877911470628
271,1,0,accepted,0.0392479382852786,0.0895513224651293,484233.57127185,4977296.74114486,-1.33100941995299,17.889,247.356,1.31,3.10695432356329
272,1,0,accepted,0.0506218034680865,0.0689259095084086,484233.934313786,4977295.34846355,-1.3312618590906,27.26,247.975,1.86,3.14855205755669
273,1,0,accepted,0.0561095481563671,0.110489604500338,484234.304578308,4977293.9526328,-1.33097158754627,13.993,298.036,1.439,3.19739048169558
274,1,0,accepted,0.052313342222393,0.163637667893998,484234.677298475,4977292.57948622,-1.3303456014256,16.262,216.324,1.705,3.36839844274613
275,1,0,accepted,0.0595548987128167,0.156308526683339,484235.048594895,4977291.17569837,-1.33151918751333,8.961,193.782,1.294,3.50646431217844
276,1,0,accepted,0.0681444324467322,0.112185428141063,484235.421725906,4977289.76590796,-1.33319357048422,8.813,187.575,1.278,3.75764821081717
277,1,0,accepted,0.0770735409166935,0.11271114115635,484235.790324377,4977288.35415933,-1.3342974519009,11.741,204.197,1.321,3.94353217320921
278,1,0,accepted,0.0961617089129494,0.106687802437697,484236.146053117,4977286.94183816,-1.33520082215561,15.177,252.712,1.718,4.05184777217437
279,1,0,accepted,0.123223106813174,0.142599954472235,484236.502636569,4977285.50577165,-1.33666155935143,17.042,259.599,1.871,4.09571969379941
280,1,0,accepted,0.151329245139188,0.108425603572653,484236.851422521,4977284.08488593,-1.33836237835168,11.212,271.695,2.683,4.10386350882802
281,1,0,accepted,0.134696514105238,0.154254184726303,484237.219516849,4977282.69615037,-1.33949943428565,14.045,229.709,1.688,4.11138514522512
282,1,0,accepted,0.123473071598349,0.15454455086648,484237.5884362,4977281.29835292,-1.34187100794448,10.011,227.278,1.617,4.09962695700179
283,1,0,accepted,0.12015000339978,0.266604102430364,484237.945999161,4977279.91120482,-1.34185748066247,12.066,223.02,1.212,4.05004593010039
284,1,0,accepted,0.0976449840548594,0.23539756743625,484238.330955165,4977278.52686919,-1.34582541500307,17.33,160.612,1.184,3.97942314775121
285,1,0,accepted,0.101628375943547,0.296874531804442,484238.713308495,4977277.1645208,-1.34824122946857,20.631,266.48,2.052,3.898382602996
286,1,0,accepted,0.0576535259486725,0.0948194899538674,484239.107964238,4977275.68777798,-1.35544681361945,20.854,208.881,1.908,3.95965123730149
287,1,0,accepted,0.0278513755431473,-0.05049424229513,484239.471169116,4977274.26068193,-1.36059700175527,12.872,248.11,1.281,3.97632256785235
288,1,0,accepted,0.0322183085922048,0.0311346943127625,484239.812512916,4977272.82240848,-1.3626834267205,15.466,236.698,1.344,4.10783737677705
289,1,0,accepted,0.023434639746058,-0.107234719317336,484240.165708782,4977271.35585756,-1.36799832945684,10.419,189.197,1.33,4.23909397043942
290,1,0,accepted,0.0470399976150581,0.0103920353958178,484240.479732596,4977269.91457438,-1.36949114315259,10.323,182.625,1.251,4.37139920904253
291,1,0,accepted,0.0460385281917128,0.028250657250378,484240.817806132,4977268.46886418,-1.37257900980214,9.252,167.775,1.229,4.514878165991
292,1,0,accepted,0.0518195111100786,0.0622463648032068,484241.144251371,4977267.01993596,-1.37533200918016,17.095,176.336,1.495,4.64931256401052
293,1,0,accepted,0.0502446077718856,0.125105511150823,484241.470492495,4977265.61494939,-1.37798419015485,18.188,308.411,1.904,4.66507536545219
294,1,0,accepted,0.0457119531110744,0.106572856356728,484241.796752938,4977264.15715009,-1.38211599028363,9.772,256.129,1.861,4.97181618627868
295,1,0,accepted,0.0319844676672301,-0.0700042392731529,484242.141403807,4977262.67003998,-1.38814872001539,16.649,177.09,1.147,5.11682366514938
296,1,0,accepted,0.0380634104939907,-0.121589283529189,484242.449639147,4977261.21402426,-1.39206922450492,10.066,259.216,1.586,5.08293670006363
297,1,0,accepted,0.0453736988153881,-0.188652629203485,484242.752965934,4977259.75976785,-1.39640700330999,16.95,212.631,1.288,5.17632791713185
298,1,0,accepted,0.0559022756607323,-0.198800998941045,484243.043708125,4977258.30611679,-1.39989464348442,14.871,184.696,1.554,5.13139447374002
299,1,0,accepted,0.0493489557772445,-0.239348203130173,484243.339124083,4977256.8611157,-1.40405209606861,14.155,198.412,1.688,5.01897881797923
300,1,0,accepted,0.0650866154773779,-0.213994319130398,484243.61427545,4977255.42313476,-1.40682723783994,9.151,217.456,1.486,4.87801197497705
301,1,0,accepted,0.0683696555134984,-0.0664394280089472,484243.895007001,4977253.98797521,-1.40717909147717,12.127,151.347,1.354,4.72308759356646
302,1,0,accepted,0.0567813563111801,0.00889006656559953,484244.188335565,4977252.56058138,-1.40917761852274,9.526,136.8,1.275,4.53354744620683
303,1,0,accepted,0.0310911432264891,0.0435670382972423,484244.490614399,4977251.12163086,-1.41151082919258,17.292,154.665,1.465,4.32897169801845
304,1,0,accepted,0.0253446141283363,0.0545656528507622,484244.770952555,4977249.68262487,-1.41450828139349,20.015,194.645,1.123,4.17323240497976
305,1,0,accepted,0.0209159796257688,0.0670841423390632,484245.043119453,4977248.25358428,-1.41751385272711,17.626,220.914,1.585,4.08702858571812
306,1,0,accepted,0.0274283210589169,-0.0192988367629168,484245.301498724,4977246.82389161,-1.42176369025502,11.661,223.321,1.386,4.06253183959921
307,1,0,accepted,0.0350444926628761,-0.0620523829982658,484245.551009424,4977245.38580003,-1.42574387791552,10.207,172.827,1.198,4.07684107486448
308,1,0,accepted,0.0401385209149303,-0.0475771998591696,484245.795185928,4977243.94988176,-1.42866602740559,15.252,180.788,1.267,4.09474753583842
309,1,0,accepted,0.0489172344206937,-0.00632080933918833,484246.030732731,4977242.51648363,-1.43107912907379,14.802,160.062,2.044,4.08350539352246
310,1,0,accepted,0.0404052251260192,0.0545245689133193,484246.279332096,4977241.09974285,-1.43325531558481,17.202,235.967,1.76,4.06786146940015
311,1,0,accepted,0.0527182001834088,0.0199900580138618,484246.501640261,4977239.644944,-1.43662089119578,13.667,237.64,1.834,4.04559224340526
312,1,0,accepted,0.0506628448263041,0.0271154393775765,484246.732260305,4977238.20818767,-1.43890713973377,32.899,240.845,2.24,3.98605293653771
313,1,0,accepted,0.0486072284590813,-0.0523946359197442,484246.953427338,4977236.80630197,-1.44208609954449,24.279,210.517,1.88,3.92361598775045
314,1,0,accepted,0.0586177412404293,0.000980356248135908,484247.167798897,4977235.37617359,-1.44400869136149,17.293,233.122,1.319,3.88952202559297
315,1,0,accepted,0.0731659295343264,0.00703121857441215,484247.377582567,4977233.9500154,-1.44628532721409,18.061,225.758,1.728,3.83553767395898
316,1,0,accepted,0.0647976143190227,0.0798320745043331,484247.59887056,4977232.5643346,-1.44823547644889,12.154,248.925,1.383,4.09700063821651
317,1,0,accepted,0.0819973132554197,0.194767971383785,484247.794163331,4977231.17362991,-1.4486981012346,9.608,176.567,1.283,4.36507215923809
318,1,0,accepted,0.0541379946738882,-0.137548298404999,484248.073218441,4977229.78704163,-1.45663093860736,11.15,194.497,1.38,4.5531769681996
319,1,0,accepted,0.0620203469700137,-0.0896805373177567,484248.267523016,4977228.37205755,-1.45794431025417,10.928,186.753,1.288,4.64194235388581
320,1,0,accepted,0.0594295926670204,-0.148570376871504,484248.473384498,4977226.94875976,-1.46078167789027,16.204,252.384,1.465,4.61238463997913
321,1,0,accepted,0.0606847410473374,-0.192468959180003,484248.674327743,4977225.53365323,-1.46375595561397,18.286,276.302,1.356,4.47659400190112
322,1,0,accepted,0.0489631787706111,-0.111302668143131,484248.873732593,4977224.10548963,-1.46458610818616,22.177,273.714,2.174,4.36401806203967
323,1,0,accepted,0.0396124817331173,-0.138140283454586,484249.070810003,4977222.67190006,-1.46728591283136,9.301,214.488,1.288,4.18049228002187
324,1,0,accepted,0.043776189877098,-0.0344660195345071,484249.251942652,4977221.25072391,-1.46773430077966,14.352,221.221,1.208,3.99047320816517
325,1,0,accepted,0.0330639143815066,-0.145226055715386,484249.434748492,4977219.77973475,-1.4718352751913,13.744,265.619,1.775,3.8127460459067
326,1,0,accepted,0.0353831583771888,-0.260600920933898,484249.615187607,4977218.34795328,-1.47564646793154,15.268,289.146,1.707,3.81616589736241
327,1,0,accepted,0.0560199082209121,-0.260809639899933,484249.791213252,4977216.92175136,-1.4773374905574,21.731,272.289,1.233,3.81903732731305
328,1,0,accepted,0.0498695833727996,-0.127089815542153,484249.958831604,4977215.49856262,-1.47707281138203,10.774,280.04,1.399,3.93737267022782
329,1,0,accepted,0.0392229416096245,-0.114814737148146,484250.143778745,4977214.07263356,-1.47768117814237,17.882,279.383,1.72,4.00786344255172
330,1,0,accepted,0.0471950465387779,-0.0756385315297683,484250.310311938,4977212.63988736,-1.47930629115873,33.978,220.08,1.501,4.03442222145551
331,1,0,accepted,0.0515303639108489,-0.0363982439977831,484250.476747089,4977211.21587633,-1.48011212464001,16.098,240.343,1.277,4.00560118668646
332,1,0,accepted,0.0540915355650385,-0.107459690848203,484250.643694822,4977209.7750494,-1.48148618527564,37.968,351.58,1.772,4.01078223355922
333,1,0,accepted,0.0592559868308229,-0.0225024138387822,484250.804641938,4977208.34407456,-1.48239807569722,13.104,328.23,2.016,4.14086320462465
334,1,0,accepted,0.0587725869493736,0.00546897145960729,484250.97687899,4977206.89819656,-1.48351768206635,19.794,272.995,1.927,4.19124916288486
335,1,0,accepted,0.0679945921763489,-0.00888876713821636,484251.149782718,4977205.44680216,-1.48464236967759,19.958,286.332,1.851,4.25169354342145
336,1,0,accepted,0.053054184021782,-0.155315022702063,484251.336759113,4977204.01981324,-1.48867481353404,27.058,340.172,1.367,4.46701935328668
337,1,0,accepted,0.0508215872483602,-0.0296625583460665,484251.4565991,4977202.60882122,-1.48826604490961,14.546,307.358,1.744,4.83736614181188
338,1,0,accepted,0.0123653717859588,-0.27698844706007,484251.647040335,4977201.20821932,-1.49346340148201,15.188,274.302,1.424,5.22925535614313
339,1,0,accepted,0.0264780658399832,-0.194903887922128,484251.785130717,4977199.78883132,-1.49411949530744,12.975,264.35,1.679,5.59759133788581
340,1,0,accepted,0.0403697115472863,-0.131896053512942,484251.92548744,4977198.34117046,-1.49482346544126,25.021,283.625,3.312,5.85484880691312
341,1,0,accepted,0.0335414211314737,-0.160965669263984,484252.081158905,4977196.93700007,-1.49699511378598,22.9,279.509,2.632,6.0452824787714
342,1,0,accepted,0.0362735682420809,-0.109580948364105,484252.227513613,4977195.49462923,-1.49750705537111,20.395,318.057,1.978,6.09811290017177
343,1,0,accepted,0.0472720582319756,-0.135425040754285,484252.365711391,4977194.05358074,-1.49937516041559,17.493,290.002,1.743,6.11241240547513
344,1,0,accepted,0.0578478011730948,-0.12065520316382,484252.506324311,4977192.60685693,-1.50015994475941,29.445,293.892,1.911,6.07473148863569
345,1,0,accepted,0.0700473961319826,-0.14591445469242,484252.63926225,4977191.1631962,-1.50169354459302,16.947,276.486,1.519,5.98691424690578
346,1,0,accepted,0.0741924712867352,-0.0799340954584723,484252.770439171,4977189.75233928,-1.50165393143681,13.388,263.67,1.399,5.87340191383367
347,1,0,accepted,0.0573383314954506,-0.0391982552707023,484252.91597302,4977188.35068352,-1.50149538540695,15.549,249.62,1.356,5.85026327824602
348,1,0,accepted,0.0589065851518156,-0.0176019941257396,484253.049252488,4977186.92695008,-1.50202819180788,12.598,290.998,1.366,5.73882308790823
349,1,0,accepted,0.0424892342413182,0.0321310985123908,484253.198480108,4977185.5256994,-1.50167026315125,11.609,298.071,1.383,5.79396260298337
350,1,0,accepted,0.0461402086927553,0.0510283338901427,484253.328939349,4977184.11478925,-1.50174918460607,14.09,339.95,1.927,5.72401678916741
351,1,0,accepted,0.0504549313925636,0.0657782789628187,484253.457102733,4977182.68076844,-1.5014200631915,15.157,306.518,1.356,5.55497884069657
352,1,0,accepted,0.0576201925160363,0.0564541508913616,484253.580319396,4977181.27451682,-1.50146454199795,14.621,328.365,1.777,5.33823739230002
353,1,0,accepted,0.0536540800717453,0.0809426457527799,484253.716323285,4977179.86421634,-1.50118211289751,16.373,331.064,1.772,5.08896927719643
354,1,0,accepted,0.0607461169815018,0.0294016726804157,484253.843315968,4977178.44035189,-1.50201999232385,16.443,361.556,1.318,5.05854298689124
355,1,0,accepted,0.068535230538855,0.0107164272779611,484253.969662634,4977177.03500279,-1.50240151235914,15.914,249.459,1.819,4.99504138952648
356,1,0,accepted,0.073817608067769,0.00844658125374661,484254.099170571,4977175.63167047,-1.50254388797386,16.763,317.401,1.324,4.99725127244545
357,1,0,accepted,0.074873738753178,0.0343225002073755,484254.230133006,4977174.22054954,-1.50220948471274,17.361,251.689,1.638,4.97662939840406
358,1,0,accepted,0.0659051886485388,0.0972865707153227,484254.356324571,4977172.79996366,-1.50121847777171,17.61,285.471,1.299,4.85773613844538
359,1,0,accepted,0.0531341313813236,0.142648398505605,484254.486208168,4977171.39605285,-1.50019970167373,16.404,290.187,1.538,4.66020519855436
360,1,0,accepted,0.041388899241061,0.116399679047206,484254.612709633,4977169.97710557,-1.5005114323403,18.8,336.306,1.777,4.52754412593788
361,1,0,accepted,0.0397505003138533,0.122096039739858,484254.738871426,4977168.57551852,-1.50011574148908,29.52,344.146,2.025,4.36810098900088
362,1,0,accepted,0.029839474333587,0.0885106654818636,484254.859318611,4977167.14967426,-1.50034103202039,19.971,292.782,1.713,4.24228523682142
363,1,0,accepted,0.0225315509536179,0.0540693336588544,484254.978213143,4977165.71129565,-1.50067206988331,14.39,255.832,1.448,4.11513191422288
364,1,0,accepted,0.0163801296996908,0.0240773952123662,484255.100688201,4977164.30480261,-1.50102683650286,16.958,265.238,1.53,3.96177959347717
365,1,0,accepted,0.0239158541119892,-0.0120719819462164,484255.21292938,4977162.88256484,-1.50109796250774,14.753,297.644,1.652,3.80596978469305
366,1,0,accepted,0.0343788489869224,-0.00871264543706874,484255.333361807,4977161.44998726,-1.50045909930782,12.289,259.637,1.344,3.63642982232573
367,1,0,accepted,0.0394564256681036,-0.0239103768773221,484255.449122827,4977160.02970241,-1.50004094466445,24.207,249.301,1.982,3.456443255468
368,1,0,accepted,0.0422506722519673,0.0286091998353897,484255.567536753,4977158.59977961,-1.49848696503643,17.62,274.895,1.497,3.3112212543171
369,1,0,accepted,0.0543847235510486,0.0470042903425778,484255.689493805,4977157.16854171,-1.49746460591757,9.656,258.321,1.384,3.2374059368969
370,1,0,accepted,0.0681314476791908,0.0675026152796427,484255.81603198,4977155.74062735,-1.49636112999151,13.919,227.202,1.775,3.2104440996867
371,1,0,accepted,0.0906363628515617,0.103221761263735,484255.936791356,4977154.29134928,-1.49500043375655,9.028,236.613,1.255,3.34422836794626
372,1,0,accepted,0.10967697437089,0.15885595369159,484256.059598528,4977152.88157384,-1.49336913629701,16.175,238.773,1.652,3.45097604236697
373,1,0,accepted,0.142333598459481,0.194557871810487,484256.166967743,4977151.43213298,-1.49078058035274,10.753,260.296,1.356,3.50675561993864
374,1,0,accepted,0.111167047493211,0.174713352089056,484256.342739166,4977150.01430108,-1.48985339773032,12.632,230.496,1.411,3.50341041915051
375,1,0,accepted,0.0935542627483471,0.0542112166751288,484256.517804235,4977148.60182426,-1.48998324076251,14.375,224.508,1.468,3.45217361322442
376,1,0,accepted,0.0889631817352892,-0.0395990515573025,484256.687135825,4977147.17086295,-1.48958895903379,18.327,243.928,1.325,3.36826735471782
377,1,0,accepted,0.104537830210477,-0.159139719427063,484256.870329698,4977145.77605,-1.49032805955311,19.695,279.617,2.291,3.26497058018454
378,1,0,accepted,0.0460780029512219,-0.368162654814009,484257.01259864,4977144.2906842,-1.49212364584433,22.951,305.257,1.575,3.18115549705933
379,1,0,accepted,0.0443858330276761,-0.364317196742916,484257.159480559,4977142.85796536,-1.49064331483408,19.078,293.079,1.408,3.14493227778396
380,1,0,accepted,0.0502324542320977,-0.326519844333576,484257.308882973,4977141.42372171,-1.48829159164017,16.329,242.632,1.376,3.12702731264195
381,1,0,accepted,0.0685716581491487,-0.333186884017726,484257.452708321,4977139.9694656,-1.48697263803783,15.013,280.048,1.422,3.08815876125835
382,1,0,accepted,0.071327592615667,-0.284433079065185,484257.608987549,4977138.5629016,-1.48462557620064,15.043,248.166,1.389,3.0050405827006
383,1,0,accepted,0.0730347950382506,-0.142563956657197,484257.770606187,4977137.16107837,-1.48069642617712,20.475,247.956,1.388,2.98623648660506
384,1,0,accepted,0.0657746264661732,0.107067085033159,484257.943502852,4977135.72410834,-1.47540656798372,15.765,244.265,1.406,3.02648309613867
385,1,0,accepted,0.077810617265848,0.108906397158769,484258.098008403,4977134.31902709,-1.4740742328468,15.109,239.851,1.568,3.04468088807874
386,1,0,accepted,0.0722217716695305,0.0241815264398301,484258.276411928,4977132.89250824,-1.47368228715798,27.428,246.824,2.796,3.08604251329761
387,1,0,accepted,0.0591275192120714,0.030085178605133,484258.458283864,4977131.4872329,-1.47248873385506,51.719,257.966,1.545,3.12088453375137
388,1,0,accepted,0.0596304972457581,0.00101713057608317,484258.62727393,4977130.0785318,-1.47161678487663,13.232,231.107,1.679,3.12959784143455
389,1,0,accepted,0.0606124024633766,-0.0274415420244869,484258.797408891,4977128.65983413,-1.47052098596384,13.74,191.355,1.359,3.14568988396368
390,1,0,accepted,0.0529705189850336,0.0247357688280854,484258.966582564,4977127.28929974,-1.46810887104221,14.453,221.489,1.71,3.20089109057026
391,1,0,accepted,0.055847025891221,-0.00778823742154298,484259.136186797,4977125.89217565,-1.46716414353854,23.305,235.443,1.956,3.30765448710699
392,1,0,accepted,0.0682893738685062,0.0492069495900695,484259.301081139,4977124.51284058,-1.46521337616607,16.19,237.477,1.587,3.46062266280909
393,1,0,accepted,0.0690635148721322,0.0206773581612616,484259.477833363,4977123.12552903,-1.46418551488194,11.431,235.248,1.443,3.62951425973211
394,1,0,accepted,0.0729097782994536,0.0257614581614386,484259.651062116,4977121.7252324,-1.46275659779994,11.177,229.909,1.554,3.77511567974573
395,1,0,accepted,0.0676186131732899,-0.0105620833229454,484259.829395165,4977120.30525079,-1.46226043776342,14.028,229.729,1.426,3.88984640892099
396,1,0,accepted,0.0556615037321395,-0.0212763449382984,484260.020641806,4977118.92337746,-1.46145926887066,11.375,232.474,1.834,3.9786429633381
397,1,0,accepted,0.0536953443869423,-0.0490483841659291,484260.205481093,4977117.5148973,-1.46082758847995,19.075,252.703,1.319,4.00770880501756
398,1,0,accepted,0.0462513590624217,-0.0371764652360065,484260.39431305,4977116.14244823,-1.4591809643474,13.007,221.217,1.491,4.00334798841225
399,1,0,accepted,0.0364458178057832,0.0151177479983882,484260.591317076,4977114.74889473,-1.45727283510396,21.401,215.406,1.421,4.00253262109486
400,1,0,accepted,0.039109567902702,0.0222576296783836,484260.775423037,4977113.36105862,-1.45593623950343,10.739,222.435,1.434,4.00482389898275
401,1,0,accepted,0.0507358447722215,0.108786345793571,484260.955651483,4977111.98087262,-1.45278161375087,13.38,243.08,1.691,4.01152411544785
402,1,0,accepted,0.0659533087207373,0.0963940109654811,484261.13909453,4977110.60701318,-1.45137560707869,11.95,236.192,1.428,4.02653122484784
403,1,0,accepted,0.0705996615324855,0.0879347781005465,484261.324244385,4977109.23057082,-1.45006924628466,9.784,219.868,1.556,4.02011865823628
404,1,0,accepted,0.0838447778747048,0.0703666817477664,484261.508182507,4977107.83644703,-1.44838302864739,12.208,218.636,1.863,3.93288471860327
405,1,0,accepted,0.0920904450847366,0.0288515703406118,484261.688809469,4977106.48174036,-1.44698077549056,11.775,228.623,1.293,3.7756297582288
406,1,0,accepted,0.0988773680616051,0.02453194186271,484261.880892697,4977105.12128467,-1.44479789548738,9.098,187.758,1.259,3.9159014173661
407,1,0,accepted,0.0845674402233389,0.00829895060018814,484262.108648266,4977103.78703784,-1.44282238809122,9.095,196.15,1.218,4.05458348944592
408,1,0,accepted,0.081074689706264,-0.0752800733130405,484262.306935782,4977102.42233493,-1.44201727787715,9.031,206.328,1.206,4.19252826529597
409,1,0,accepted,0.0765549643349709,-0.125230607203675,484262.513440222,4977101.05110474,-1.44076915539757,8.599,185.721,1.524,4.32497928707587
410,1,0,accepted,0.0637165456484029,-0.191127873517173,484262.73429069,4977099.69812278,-1.43963949627124,9.04,197.991,2.561,4.42995252629196
411,1,0,accepted,0.0510130068607827,-0.141289047672468,484262.931837903,4977098.32202521,-1.43651592468194,10.434,197.113,1.872,4.48509861953436
412,1,0,accepted,0.0451254756000137,-0.103363013114708,484263.145508855,4977096.97417122,-1.43429653750161,9.247,194.731,1.322,4.46612227626164
413,1,0,accepted,0.0460261310581125,-0.0553531155660834,484263.360373331,4977095.61479382,-1.43163886531424,14.545,188.385,1.628,4.35649332274925
414,1,0,accepted,0.0433585039210354,-0.0779695439266348,484263.581652922,4977094.27003011,-1.42973647245497,9.58,197.762,1.341,4.16088030138928
415,1,0,accepted,0.0455375927657311,-0.100220521808784,484263.796075754,4977092.93100603,-1.42842489625374,9.453,186.303,1.295,3.93552751867424
416,1,0,accepted,0.0475715024524317,-0.140129680911331,484264.012578588,4977091.6000564,-1.42693262148156,11.691,182.234,1.29,3.75015919094742
417,1,0,accepted,0.0519247030007551,-0.178968782654807,484264.226392537,4977090.26959822,-1.42545144719985,9.574,170.836,1.355,3.59273021417404
418,1,0,accepted,0.0587305795421668,-0.16839251982415,484264.439450754,4977088.96976761,-1.42360946692428,9.455,192.995,1.368,3.58097917571312
419,1,0,accepted,0.0581170038946371,-0.138970442248599,484264.666257534,4977087.65749854,-1.42068862893484,9.877,185.307,1.4,3.72073895793305
420,1,0,accepted,0.06203821393014,-0.0761079754852004,484264.891352751,4977086.329492,-1.41762950062315,9.672,191.543,1.364,4.02771569287358
421,1,0,accepted,0.056944674131659,0.0329528369891636,484265.128769536,4977085.00827532,-1.41388623517205,10.345,175.657,1.251,4.38895561431252
422,1,0,accepted,0.0493460945191136,0.110552704867722,484265.373904255,4977083.67250529,-1.41091045471754,7.635,178.511,1.298,4.73169226632808
423,1,0,accepted,0.0593835725354948,0.130579374975353,484265.602647959,4977082.34447055,-1.40897497760939,8.058,177.491,1.309,4.97894393566113
424,1,0,accepted,0.0701513449456338,0.0702503117708238,484265.828157027,4977081.04286746,-1.40829221885351,9.564,158.921,1.398,5.10347862821164
425,1,0,accepted,0.0273036576289093,-0.236462241640266,484266.12588209,4977079.71491139,-1.4120924360523,9.575,150.325,1.387,5.14023925573904
426,1,0,accepted,0.0485655340539963,-0.158247480106643,484266.358413729,4977078.38442211,-1.40851435673254,10.11,156.923,1.295,5.12513771446485
427,1,0,accepted,0.0670160449628146,-0.0679297906883619,484266.596321515,4977077.05164872,-1.40585017430236,10.26,170.973,1.321,5.0610552207693
428,1,0,accepted,0.0944020726183038,0.0515432890096672,484266.825984932,4977075.7153318,-1.40216223004519,11.155,153.946,1.313,4.95811195741053
429,1,0,accepted,0.101518817528228,0.102632097966854,484267.067203305,4977074.40263358,-1.40000754918362,9.737,175.926,1.493,4.79147847602574
430,1,0,accepted,0.0237675092810629,0.0246159119983716,484267.361958562,4977073.13561138,-1.39958638401103,13.089,164.694,1.292,4.59173961205996
431,1,0,accepted,0.0228192598459732,0.00344255745711359,484267.611319852,4977071.86629753,-1.3980733658442,13.528,149.621,1.335,4.43700118482751
432,1,0,accepted,0.0245207798717408,-0.0148821257309811,484267.865794682,4977070.56203094,-1.3966322809522,11.355,190.952,1.439,4.31647941419787
433,1,0,accepted,0.0230437896429312,0.0401868270471223,484268.121368029,4977069.24424382,-1.39433089864119,10.867,151.667,1.341,4.24230069478203
434,1,0,accepted,0.0234021186835716,0.0531251793695566,484268.377300193,4977067.92151861,-1.39228133218519,8.883,146.157,1.297,4.20211399776996
435,1,0,accepted,0.0330317142127649,0.0381671698969886,484268.640394346,4977066.58811577,-1.39109470663988,9.49,155.949,1.297,4.1704520568668
436,1,0,accepted,0.0375522063946811,-0.0209988108100785,484268.902523451,4977065.26992763,-1.39017253729948,10.427,166.705,1.32,4.08879650596151
437,1,0,accepted,0.044755925855759,-0.0518151648485416,484269.177744808,4977063.95575671,-1.38898034115612,11.998,155.773,1.721,4.08002476471187
438,1,0,accepted,0.041825616751869,-0.0885135887739701,484269.444348308,4977062.64771951,-1.38734876523235,9.968,151.379,1.463,4.03906442740205
439,1,0,accepted,0.0459890459290048,-0.035168464160889,484269.703164687,4977061.33142335,-1.38449275286058,12.863,163.177,1.761,4.09991618054934
440,1,0,accepted,0.0596435479648353,0.0356521931010096,484269.945087204,4977060.03621577,-1.38102680570615,10.474,168.102,1.332,4.13516980646458
441,1,0,accepted,0.0578161228510033,0.037074277752426,484270.227577775,4977058.72496132,-1.37867544810329,12.202,161.099,1.362,4.28098777407592
442,1,0,accepted,0.0561173478455876,-0.0111144853645928,484270.504837096,4977057.42204071,-1.37749354171031,13.975,161.592,1.673,4.3873070467898
443,1,0,accepted,0.0623529363218112,0.017830050922086,484270.773082041,4977056.12904695,-1.37455899343507,11.244,165.574,1.237,4.56081110696331
444,1,0,accepted,0.0456288212467964,0.0372374066497689,484271.070917821,4977054.83624858,-1.37226767330908,11.005,165.062,1.279,4.70241926440678
445,1,0,accepted,0.0420615693170266,0.0655324384784822,484271.36179348,4977053.52839125,-1.36940989397942,9.92,169.953,1.344,4.85930164621863
446,1,0,accepted,0.0411571401349188,0.0621758544376403,484271.649520196,4977052.22990875,-1.3665173802421,10.36,164.046,1.3,5.00607966274637
447,1,0,accepted,0.0494075323801519,0.0388669551377505,484271.935092828,4977050.92254302,-1.3643054054126,10.186,165.096,1.368,5.07667554958105
448,1,0,accepted,0.0546480640742031,0.0497730589059236,484272.228903889,4977049.61035371,-1.36119250901257,12.148,175.716,1.373,5.10803436235506
449,1,0,accepted,0.061983925204947,0.0234188854314398,484272.522727938,4977048.31153878,-1.35851690507031,10.148,175.604,2.539,5.03555612119898
450,1,0,accepted,0.0164240945278682,-0.199554401687319,484272.857200373,4977047.05228945,-1.35912910541998,9.702,174.515,1.35,4.76469860886936
451,1,0,accepted,0.021833820409874,-0.231374898800554,484273.15275404,4977045.77358874,-1.35644083543044,8.954,165.969,1.417,4.38341784546638
452,1,0,accepted,0.033183973317616,-0.314442160811708,484273.449761963,4977044.48746711,-1.3548613728931,9.149,184.124,1.533,3.94693166277622
453,1,0,accepted,0.0383149817795088,-0.194483259763043,484273.758505108,4977043.23455887,-1.34921208548433,11.325,174.214,1.551,3.53473594058753
454,1,0,accepted,0.0355333277255632,-0.126712255392109,484274.079307772,4977041.96609146,-1.34471783854743,11.89,172.943,1.427,3.22048856928419
455,1,0,accepted,0.0373136655511804,-0.131446234201133,484274.388713617,4977040.68722551,-1.34083524317623,11.288,174.955,1.565,3.04209468136784
456,1,0,accepted,0.0478922040955484,-0.0520457743192471,484274.700269366,4977039.41250151,-1.33530616705961,11.085,177.092,1.406,3.03030671833809
457,1,0,accepted,0.0371328388583071,0.165571869863483,484275.032353875,4977038.16417543,-1.32763840758095,12.023,182.497,1.387,3.18632614613205
458,1,0,accepted,0.0216357468277276,0.24664893650509,484275.378931618,4977036.91765879,-1.32201044955224,11.017,176.505,1.321,3.4928384826721
459,1,0,accepted,0.0266904009105498,0.240443082714097,484275.710669129,4977035.67858787,-1.31831396599481,10.443,192.044,1.512,3.90470154388211
460,1,0,accepted,0.0356562559251411,0.192086554060098,484276.044142639,4977034.45114202,-1.31494968641079,9.91,184.304,1.487,4.36572379665185
461,1,0,accepted,0.0252989715019458,0.133473598186152,484276.390928423,4977033.20093087,-1.31175412852013,8.482,168.166,1.318,4.82407822879321
462,1,0,accepted,0.0369731528471064,0.0383623775326641,484276.727415922,4977031.97989483,-1.30917921710743,9.314,169.226,1.315,5.23254846056625
463,1,0,accepted,0.0460439967219178,-0.0138882599527685,484277.081689933,4977030.74871221,-1.30559021613196,10.621,185.086,1.376,5.51771771429504
464,1,0,accepted,0.0919406626830559,-0.00836383600974175,484277.43343202,4977029.60422255,-1.30096868885863,9.878,176.838,1.367,5.78787864381572
465,1,0,accepted,0.0736361976693048,0.0633802370826323,484277.788020635,4977028.36889557,-1.2957477148785,8.876,163.714,1.322,6.02136269802561
466,1,0,accepted,0.0657944687576592,0.0851131874846365,484278.142402492,4977027.14442231,-1.29137447764622,9.724,156.229,1.416,6.30353714007393
467,1,0,accepted,0.0546706568309525,0.11013291369403,484278.505565858,4977025.92654044,-1.28648850864917,9.333,152.324,1.447,6.60508275015023
468,1,0,accepted,0.0620411113514182,0.139220519319962,484278.866956503,4977024.7226723,-1.28191518898698,9.242,147.189,1.397,6.90885426684361
469,1,0,accepted,0.0518814788905365,0.0308669039531557,484279.250749109,4977023.51347906,-1.27940962220853,9.169,143.549,1.368,7.17850993290699
470,1,0,accepted,0.0562923781096086,0.0116777391871304,484279.619834871,4977022.34192634,-1.27551413951089,9.197,144.759,1.306,7.39225863879173
471,1,0,accepted,0.0608098472508982,-0.0189109008728029,484279.998744201,4977021.16126863,-1.27173363329977,8.479,148.124,1.231,7.59513560757052
472,1,0,accepted,0.0658611387912111,-0.0157049693227491,484280.378042001,4977019.97481218,-1.26739942885937,8.251,133.142,1.206,7.87842208648339
473,1,0,accepted,0.064006863966561,-0.0141326839793676,484280.764739172,4977018.78963155,-1.26304564158865,10.196,138.168,1.329,8.23756247760276
474,1,0,accepted,0.0599707413434883,0.0220536340308149,484281.165102815,4977017.60196824,-1.25849648326264,9.843,144.464,1.461,8.56876878980016
475,1,0,accepted,0.0521085938947812,0.00225695251501152,484281.57320882,4977016.4258594,-1.25480727795075,9.596,126.067,1.338,8.73592812214111
476,1,0,accepted,0.0412531461170316,-0.116033690031967,484281.986783542,4977015.24328158,-1.25264253323226,8.679,135.227,1.143,8.83392834865326
477,1,0,accepted,0.0369587867658509,-0.135151048863145,484282.392260827,4977014.08886076,-1.24912411656615,8.474,138.251,1.145,8.88534099525931
478,1,0,accepted,0.03314924394732,-0.234233452532837,484282.813124611,4977012.91286744,-1.24710847625466,10.369,130.915,1.41,8.85212087582764
479,1,0,accepted,0.0478937348716866,-0.145307749020153,484283.218162513,4977011.74735456,-1.24154371151126,10.776,123.715,1.283,8.90096445261033
480,1,0,accepted,0.0527600149573464,-0.174478345973396,484283.636108437,4977010.59065606,-1.23800333365513,9.403,125.13,1.234,9.05786402340287
481,1,0,accepted,0.0559388613948217,-0.125906649688355,484284.064882736,4977009.42560211,-1.23334647778708,9.98,124.903,1.269,9.23887429370529
482,1,0,accepted,0.052562860731428,-0.039261854753475,484284.497706985,4977008.27842346,-1.22805579256699,9.792,122.935,1.33,9.37533641423747
483,1,0,accepted,0.0486559622837097,0.0111910382073305,484284.93159569,4977007.14737985,-1.22334969803701,11.148,125.177,1.269,9.66922561610582
484,1,0,accepted,0.0488796556915801,0.00912570915260362,484285.369108031,4977006.00259672,-1.21938515334392,12.833,126.004,1.358,9.75629447884761
485,1,0,accepted,0.0598983734896991,-0.0281123995596891,484285.802271622,4977004.8565331,-1.2161028905573,10.701,119.882,1.393,9.63689949769028
486,1,0,accepted,0.0700716161845303,-0.0684815605421219,484286.241792907,4977003.70933176,-1.21250824819571,11.901,126.527,1.394,9.58413625971717
487,1,0,accepted,0.0541782665174962,0.0572475227781307,484286.703565015,4977002.58489487,-1.20708438587301,10.523,127.833,1.349,9.43000603444662
488,1,0,accepted,0.0598147819536634,0.0269125512003565,484287.150032365,4977001.45361187,-1.20347585605521,10.041,110.448,1.367,9.17154440166415
489,1,0,accepted,0.0619560307934628,0.11287222376491,484287.612225625,4977000.30941384,-1.19746701158654,10.368,107.16,1.288,8.9559560935514
490,1,0,accepted,0.0586164065981696,0.133171006432454,484288.069031263,4976999.20527629,-1.19467427648774,12.021,108.043,1.231,8.778049369516
491,1,0,accepted,0.072848774764878,0.163597295670535,484288.521525504,4976998.07804599,-1.19045539801942,22.479,120.472,1.999,8.52977535340249
492,1,0,accepted,0.0607092588375104,0.0910385497168827,484288.999534585,4976996.96649072,-1.1878824285022,9.571,109.336,1.217,8.27461938553722
493,1,0,accepted,0.0508797797690078,-0.0222470849418304,484289.480147987,4976995.85810495,-1.18610033524626,9.916,119.582,1.189,8.26570755055368
494,1,0,accepted,0.0526940545425255,-0.0686182156419018,484289.958655629,4976994.74544811,-1.18342786593057,9.781,108.718,1.112,8.31965008500935
495,0,0,notConverged,0.076856920080543,-0.0991760578275783,484290.413680691,4976993.62304703,-1.18000154068986,52.443,115.917,1.203,8.51221614591406
496,1,0,accepted,0.0692421722802964,-0.0700244621409324,484290.905440744,4976992.52352511,-1.17635814288688,9.651,127.267,1.135,9.05469489389636
497,1,0,accepted,0.0549808065513139,-0.087233327253996,484291.409209919,4976991.40391233,-1.17334331743348,12.407,113.589,1.196,9.68240423554201
498,1,0,accepted,0.0482031519520126,-0.0715208804504095,484291.907358202,4976990.29133032,-1.16978731640867,11.098,132.852,1.227,10.4957289676461
499,1,0,accepted,0.0430899438007042,-0.00427404152002106,484292.410395259,4976989.1811762,-1.1648742395753,9.314,117.246,1.271,11.287893847607
500,1,0,accepted,0.0464455691868565,0.0421673375043221,484292.911556509,4976988.09332933,-1.16048895426239,8.808,123.206,1.154,12.0554610604416
501,1,0,accepted,0.0392384374147532,-0.0032743001575397,484293.42130998,4976986.98604615,-1.15780521082019,9.217,141.606,1.335,12.7071556535645
502,1,0,accepted,0.0200262273270399,-0.163477541197725,484293.950446026,4976985.85202172,-1.15733969076287,10.186,165.259,1.32,13.0574591157818
503,1,0,accepted,0.0139491990076008,-0.221927527897841,484294.461762125,4976984.75054123,-1.15544415256847,9.593,153.316,1.355,13.2653897704196
504,1,0,accepted,0.0335197852509597,-0.247368428257754,484294.98495988,4976983.6295264,-1.15095728847277,10.227,157.489,1.258,13.620224267516
505,1,0,accepted,0.0279178053069819,-0.21800672579323,484295.508505699,4976982.53467779,-1.14750650504917,8.9,203.434,1.633,14.3158197753264
506,1,0,accepted,0.0358232916757661,-0.11580923705684,484296.055209275,4976981.4412993,-1.14248943712402,11.977,187.227,1.525,14.911022383359
507,1,0,accepted,0.0382525557207865,0.0183402697428932,484296.571795651,4976980.3282561,-1.13772293697533,11,177.794,1.458,15.3100716363724
508,1,0,accepted,0.0325489862943562,0.0566681203597352,484297.089464602,4976979.23696423,-1.13473096826014,11.721,165.91,1.43,15.5090606397161
509,1,0,accepted,0.0171292634081713,0.0180212450223354,484297.611378121,4976978.15777409,-1.13320191514944,10.459,177.747,1.451,15.6826492628048
510,1,0,accepted,0.0159358590478438,-0.00962911660705606,484298.134642926,4976977.08287386,-1.13180217876369,10.989,193.292,2.024,16.1342481822824
511,1,0,accepted,0.0311659126420396,-0.00879432979097872,484298.660858303,4976975.98200225,-1.12967835672078,10.968,168.558,1.485,16.3476472143111
512,1,0,accepted,0.051808284180638,0.0695024533370013,484299.182915792,4976974.90462179,-1.12673409457741,10.212,178.581,1.45,16.3337378563497
513,1,0,accepted,0.0546087666340634,0.0507349368720223,484299.720260009,4976973.81104855,-1.12565907463531,11.867,195.943,1.507,16.2230313183847
514,1,0,accepted,0.0598759227625469,0.0418912996215777,484300.258244026,4976972.71242901,-1.12475239132401,11.843,172.814,1.445,16.0401955682626
515,1,0,accepted,0.0574926540670838,0.00134432099028947,484300.813495493,4976971.58238033,-1.12465902945783,12.83,192.81,1.499,15.6827373846376
516,1,0,accepted,0.052991796819807,0.0162198238730836,484301.356171551,4976970.49564733,-1.12419894206639,11.053,184.468,1.565,15.3026179925477
517,1,0,accepted,0.0406213883190229,-0.0206505597757527,484301.919655891,4976969.39109525,-1.12491381044189,11.97,163.476,1.781,14.7988032854289
518,1,0,accepted,0.0418070076431618,-0.0427011349317534,484302.467981957,4976968.28250757,-1.12512080078801,14.736,173.188,1.541,14.2918915619852
519,1,0,accepted,0.0465365245559495,-0.0160368563203534,484303.013776191,4976967.17431398,-1.12456395558433,14.764,178.955,1.858,13.6608098203268
520,1,0,accepted,0.0462467225860843,0.037937833267855,484303.563334176,4976966.07600924,-1.12372294646081,12.292,177.019,1.624,13.0324349998014
521,1,0,accepted,0.0489436644461178,0.0739760880891943,484304.107932616,4976964.97678714,-1.12361436947952,12.479,171.083,1.687,12.3364939025556
522,1,0,accepted,0.0465202773661854,0.118999952252478,484304.662108257,4976963.87749858,-1.12414140776393,11.179,170.682,1.488,11.5672189515418
523,1,0,accepted,0.0470564231912598,0.102175405786521,484305.210436856,4976962.78012438,-1.12526743223425,12.563,163.822,1.411,10.762425176283
524,1,0,accepted,0.0448085282551984,0.0660119873037627,484305.765125319,4976961.68216291,-1.12728262324175,13.771,166.082,1.666,10.2187481965162
525,1,0,accepted,0.0612226888003736,0.0851339354948172,484306.303370859,4976960.60350347,-1.12859079657926,15.994,185.895,1.526,9.92828350699149
526,1,0,accepted,0.0635519904391353,-0.018972043312239,484306.843569956,4976959.49965038,-1.13091016847751,12.986,196.194,1.491,9.66947323809086
527,1,0,accepted,0.0646206884581856,0.000920838279496916,484307.384599138,4976958.39353821,-1.13267271366987,16.578,183.49,1.458,9.31705360073761
528,1,0,accepted,0.0648821784611635,-0.0420219344787191,484307.936211266,4976957.28405206,-1.13499502526119,13.004,163.918,1.535,8.89500633588918
529,1,0,accepted,0.0578423903659859,-0.0497953143014473,484308.473374001,4976956.18037279,-1.1373738701053,11.277,166.842,1.265,8.54390973924623
530,1,0,accepted,0.0477595061750492,0.0105896716245138,484309.018249457,4976955.06427246,-1.13917996155683,10.24,173.791,1.426,8.15485425066758
531,1,0,accepted,0.0372703447224933,-0.0119325034066866,484309.563277646,4976953.94455006,-1.14259472050794,11.817,170.746,1.433,7.75393000098328
532,1,0,accepted,0.0293672985025534,0.0178695277337085,484310.097176667,4976952.82631841,-1.14530799832112,10.559,167.572,1.328,7.50390099319068
533,1,0,accepted,0.0198711511609413,0.0353610176193318,484310.639349274,4976951.69659374,-1.14884576196192,10.928,156.688,1.373,7.40518730575753
534,1,0,accepted,0.0158599426456465,0.0991538650060711,484311.170329456,4976950.58309658,-1.15179344144573,11.161,170.015,1.593,7.41059603143847
535,1,0,accepted,0.0112943245418871,0.0686508298009925,484311.697392147,4976949.46789564,-1.15596552960027,10.907,159.91,1.368,7.42691224602869
536,1,0,accepted,0.0108889015828487,0.0019527790266759,484312.209197382,4976948.35255002,-1.16063298423263,11.327,166.815,1.396,7.44320239894398
537,1,0,accepted,0.00323918067714502,0.0275785044397015,484312.718610388,4976947.2417674,-1.16408853224479,10.45,164.398,1.284,7.4245952655585
538,1,0,accepted,0.0123627180484658,-0.0289245856910207,484313.216711957,4976946.11416004,-1.16824646213397,9.718,157.846,1.32,7.58429110962713
539,1,0,accepted,0.0152200651737242,0.0307614592490735,484313.716819694,4976944.98327133,-1.17095980310274,10.559,163.313,1.312,7.69778407051377
540,1,0,accepted,0.0286811657919496,0.12467930493364,484314.2066568,4976943.84765449,-1.17350668976308,9.939,171.113,1.271,7.72412670749196
541,1,0,accepted,0.0203037634235118,0.172404616959434,484314.706777532,4976942.72670369,-1.17637120202964,9.981,169.445,1.35,7.75954443722744
542,1,0,accepted,0.0259903525118352,0.17553451843787,484315.184211032,4976941.61533249,-1.18020602230435,9.836,167.797,1.458,7.72839473547275
543,1,0,accepted,0.0476223489361861,0.0864097968815952,484315.663954478,4976940.44151906,-1.18525368994798,10.027,180.267,1.3,7.64424577739602
544,1,0,accepted,0.0456092188924861,0.0594414997113727,484316.145517683,4976939.31322501,-1.18919368313744,8.431,179.447,1.278,7.50541902088292
545,1,0,accepted,0.0525348236923473,0.0936975599299416,484316.615930695,4976938.18338436,-1.19204918967768,8.142,170.656,1.257,7.4285331998224
546,1,0,accepted,0.0343788696186485,-0.00304299591991766,484317.103990219,4976937.05076264,-1.19746524959877,8.732,176.163,1.156,7.43425349018762
547,1,0,accepted,0.0347567877952616,-0.0219908375205969,484317.572325961,4976935.91613521,-1.20138743450638,8.733,176.476,1.15,7.44619686245214
548,1,0,accepted,0.0324674239217629,-0.0599318192345941,484318.038585169,4976934.78235845,-1.20565056707957,8.22,186.55,1.19,7.58284651595352
549,1,0,accepted,0.0466420311146184,-0.0298699941934197,484318.491551043,4976933.63377815,-1.20886607273356,7.835,180.417,1.171,7.68915704552453
550,1,0,accepted,0.0652450545579209,0.0568670540883219,484318.922956883,4976932.50789451,-1.21093220518445,8.457,181.783,1.132,7.68897698271147
551,1,0,accepted,0.0665159056233687,0.0336203229470713,484319.375412571,4976931.3616362,-1.21549347715535,7.932,189.752,1.177,7.60300038127617
552,1,0,accepted,0.0833550868043254,0.159018282556445,484319.81049449,4976930.20237642,-1.21700977023889,8.146,190.439,1.178,7.67474763649002
553,1,0,accepted,0.0764752201928921,0.141027342708374,484320.268788046,4976929.03820734,-1.22102781779819,10.725,178.655,1.203,7.56441897175421
554,1,0,accepted,0.0530437688561672,0.132762467350499,484320.727599249,4976927.90785252,-1.22496046411647,8.397,179.514,1.259,7.28956749788583
555,1,0,accepted,0.0462979898345918,0.10033481602899,484321.170469633,4976926.7671537,-1.22908918078868,8.698,185.812,1.292,6.90038695816861
556,1,0,accepted,0.0319858066019974,-0.0231499717249059,484321.608577004,4976925.62423346,-1.23462714530713,10.081,187.235,1.362,6.5504879742202
557,1,0,accepted,0.0247642617777176,-0.0659789343274865,484322.048534499,4976924.45084645,-1.23918561870344,8.689,193.788,1.339,6.29312100583325
558,1,0,accepted,0.0483547591187972,-0.070814057910212,484322.471651417,4976923.26723658,-1.24299616949596,8.986,177.395,2.204,6.05533840408496
559,1,0,accepted,0.0506998650465864,0.0255722420547611,484322.903554945,4976922.08992676,-1.24475363969017,9.182,182.482,1.318,5.92766199676137
560,1,0,accepted,0.0473096935230955,0.0344340477971203,484323.323632545,4976920.93010124,-1.24849683464389,8.313,187.819,1.328,5.82258497798524
561,1,0,accepted,0.0347031638518724,-0.00506612956893393,484323.740861939,4976919.78369918,-1.25264233272169,8.857,178.658,1.326,5.74852294199116
562,1,0,accepted,0.0282237256261218,-0.0180366488991515,484324.152561361,4976918.61827859,-1.25623952034737,8.889,176.75,1.341,5.65391456034987
563,1,0,accepted,0.0263964658633586,-0.0349279539261344,484324.550715219,4976917.46759227,-1.26039334087974,8.634,181.838,1.422,5.63473599438055
564,1,0,accepted,0.0285027674570587,-0.0472413481007722,484324.950474816,4976916.29765079,-1.26383379198157,8.166,182.524,1.66,5.58571115769963
565,1,0,accepted,0.0362668040826942,-0.0680176289159663,484325.341398681,4976915.12942308,-1.26754849036983,7.951,170.623,1.196,5.49616572864675
566,1,0,accepted,0.0314404559236417,-0.0549280870228431,484325.728926066,4976913.9670421,-1.27040694805319,9.265,183.661,1.316,5.36423026609334
567,1,0,accepted,0.0404887383758108,-0.016395806101018,484326.099719017,4976912.78920297,-1.27314445992453,9.771,166.192,1.185,5.16964169546477
568,1,0,accepted,0.0756995787518605,0.174434536422076,484326.439282762,4976911.61703507,-1.27302564272464,9.669,160.485,1.101,4.90394714485619
569,1,0,accepted,0.0683731601775827,0.123116312569353,484326.82255823,4976910.45838347,-1.27716590300732,10.031,158.072,1.128,4.59345366286092
570,1,0,accepted,0.0798011729976303,0.175544977525126,484327.183826931,4976909.29553098,-1.27923869243552,9.336,157.737,1.063,4.26889081672048
571,1,0,accepted,0.0985784576339439,0.295228039572683,484327.536808945,4976908.12559384,-1.28017341931358,10.799,155.495,1.09,3.95724883410913
572,1,0,accepted,0.0488321243573805,0.0447391923247786,484327.958679601,4976906.95036255,-1.28754901677693,10.574,139.42,1.041,3.67860007230222
573,1,0,accepted,0.017304056827275,-0.0861395600427115,484328.355899421,4976905.77991098,-1.29271736546441,10.519,150.364,1.13,3.45879957650063
574,1,0,accepted,0.00867585271867452,-0.169252335387083,484328.73455784,4976904.61272125,-1.29690803425173,9.881,153.789,1.102,3.30207045225843
575,1,0,accepted,0.00659976128535575,-0.115914948669344,484329.094683768,4976903.44041844,-1.29870406532517,10.174,140.142,1.004,3.21032034012676
576,1,0,accepted,0.0356866728288761,0.0049806298113358,484329.421896702,4976902.29102507,-1.29915970730584,10.52,151.405,1.103,3.1657031832623
577,1,0,accepted,0.0321456874657306,-0.0659788022058583,484329.766488026,4976901.096587,-1.30295755806481,10.134,152.742,1.109,3.14788832835751
578,1,0,accepted,0.0500658986193534,0.00739155048560909,484330.096359625,4976899.92087771,-1.30368549130113,10.051,129.266,1.038,3.13166674462805
579,1,0,accepted,0.0661604464283093,0.0517535116389693,484330.425791573,4976898.73121699,-1.30522548162803,9.875,135.952,1.025,3.2357816249223
580,1,0,accepted,0.0389772582851321,0.105619803653777,484330.802886323,4976897.58032762,-1.30592538276272,10.225,149.361,1.027,3.341605267351
581,1,0,accepted,0.0367395905318499,0.0175007594052519,484331.151474686,4976896.40328186,-1.3089728993359,9.78,162.093,1.213,3.44327133047588
582,1,0,accepted,0.0453244490101303,0.0731924391648674,484331.495633649,4976895.22700487,-1.30947252887988,10.7,138.748,1.25,3.50742336905598
583,1,0,accepted,0.0523919399669436,0.143752415617207,484331.82768153,4976894.07985273,-1.31030918088238,11.265,160.934,1.378,3.53026929006671
584,1,0,accepted,0.0554723434087914,0.189000500367741,484332.165330855,4976892.90343903,-1.31103834213206,10.257,134.899,1.282,3.51444016862223
585,1,0,accepted,0.0584113601252205,0.212773297928788,484332.496969987,4976891.72995458,-1.31229532910962,10.302,127.657,1.288,3.46086811802288
586,1,0,accepted,0.0405101851275163,0.170603310166326,484332.823984585,4976890.52982705,-1.31453602627551,11.296,145.804,1.277,3.37312208713504
587,1,0,accepted,0.0355418689878698,0.0976346237904619,484333.148772307,4976889.3416348,-1.31720303165613,10.762,136.2,1.234,3.28517174844347
588,1,0,accepted,0.0362831004479641,0.0824335579404563,484333.470268084,4976888.16124482,-1.31894880996132,8.389,133.577,1.319,3.21245218190577
589,1,0,accepted,0.0380876202431434,-0.0465856444497322,484333.786396453,4976886.95934112,-1.32252632847641,7.942,130.896,1.244,3.13159869719262
590,1,0,accepted,0.0458581826066948,-0.070470251531352,484334.102632378,4976885.78763344,-1.3244599522866,8.121,131.231,1.122,3.05388141303831
591,1,0,accepted,0.0539267369262792,-0.0526404501860179,484334.416625487,4976884.61691717,-1.32560050672211,8.581,130.976,1.094,2.9980339936426
592,1,0,accepted,0.0686586732062415,-0.105057814498048,484334.722966741,4976883.43756983,-1.32797287096934,8.29,143.52,1.088,2.97216253629075
593,1,0,accepted,0.0777219319477599,-0.0961645558689805,484335.032888832,4976882.2641031,-1.32915704153971,7.446,134.857,1.042,2.97796879957112
594,1,0,accepted,0.0878787823996507,-0.0758273591755195,484335.338450773,4976881.10128434,-1.33035144945183,7.359,134.932,0.972,2.97878607290718
595,1,0,accepted,0.095637271775969,-0.0344464038980239,484335.647075921,4976879.92904687,-1.33116513861899,7.217,121.643,0.915,3.04280309783536
596,1,0,accepted,0.103340008285218,-0.0197573806984821,484335.947657747,4976878.76749758,-1.33247495234684,7.237,132.924,1.036,3.03784582271215
597,0,1,acceptedDirectional,0.107740560448992,0.044172777331679,484336.258138797,4976877.60278677,-1.33285566257598,22.767,126.657,0.803,2.94967856082093
598,0,1,acceptedDirectional,0.117522119960666,0.0686803802120103,484336.574030695,4976876.44937606,-1.3334024389275,7.682,118.986,0.764,2.81159486166827
599,1,0,accepted,0.112501225200066,0.499119440033439,484336.91555592,4976875.37313598,-1.32716762750188,7.812,140.25,0.774,2.66679775531095
600,1,0,accepted,0.127978515381282,0.661429202379393,484337.223097553,4976874.23011532,-1.32602221307614,6.938,138.335,0.796,2.5399516892864
601,1,0,accepted,0.117170049095504,0.607406691239323,484337.558241865,4976873.08896854,-1.32851115630432,7.318,141.611,0.837,2.43193515420935
602,1,0,accepted,0.0964499039692036,0.440026781147041,484337.896898706,4976871.95163972,-1.33309610697704,7.15,158.093,0.961,2.36226903555291
603,1,0,accepted,0.0783771574208375,0.296482096699411,484338.221212332,4976870.80487628,-1.3374415895044,6.863,155.193,0.894,2.31447995093767
604,1,0,accepted,0.0486147537292502,0.0734146864992137,484338.556190573,4976869.66104623,-1.34343776769993,7.17,155.048,0.945,2.26340552279087
605,1,0,accepted,0.0501262945039837,-0.0208213014187889,484338.85879907,4976868.52933683,-1.34681999485479,7.382,166.11,0.967,2.21786810212556
606,1,0,accepted,0.058681436772189,-0.061386021020012,484339.148009231,4976867.39022308,-1.34974649553613,7.971,153.434,0.979,2.18597214065323
607,1,0,accepted,0.0523171816713456,-0.250237003590737,484339.449556439,4976866.2409844,-1.35560208710916,8.141,179.643,0.972,2.16995325412525
608,1,0,accepted,0.0557973175631037,-0.262676534206313,484339.722510578,4976865.11535952,-1.35834980009251,7.949,187.637,0.986,2.16672808836859
609,1,0,accepted,0.0631699543987845,-0.225239234956164,484339.986027064,4976864.00336439,-1.36042481413061,8.215,195.449,1.134,2.16646672447162
610,1,0,accepted,0.0709641157969826,-0.0816547778343876,484340.25267056,4976862.88268498,-1.3611393827731,9.252,195.154,1.126,2.1568769460345
611,1,0,accepted,0.0618992451136645,-0.15447607482375,484340.532384273,4976861.74134018,-1.36588908657047,8.47,188.673,1.138,2.12690276544363
612,1,0,accepted,0.0475348064810717,-0.0624221006000216,484340.784292594,4976860.68487508,-1.36773932872663,8.025,188.702,1.072,2.09725202998344
613,1,0,accepted,0.0319695277688184,-0.0735379942120934,484341.052019745,4976859.53975609,-1.3719652047311,8.028,169.9,1.123,2.09178480468878
614,1,0,accepted,0.0176165419274181,-0.220629144373881,484341.318386486,4976858.40074244,-1.37906168480301,12.485,201.496,1.205,2.09058255574216
615,1,0,accepted,0.0297894327323446,-0.125123931687219,484341.563647871,4976857.26368024,-1.38287255536885,8.018,196.796,1.037,2.17371308409054
616,1,0,accepted,0.0338284520322596,0.137669696265083,484341.808524534,4976856.13075681,-1.38462119075373,9.465,193.87,1.085,2.27195037016446
617,1,0,accepted,0.0450227404842531,-0.127745449720477,484342.049423307,4976854.99657487,-1.39609645336759,9.104,169.19,1.036,2.38978338314835
618,1,0,accepted,0.0643629960592116,-0.345268406446525,484342.269596353,4976853.83748547,-1.40704505686466,12.738,191.346,1.417,2.61915235792327
619,1,0,accepted,0.0533214243504532,-0.10769813270353,484342.48961223,4976852.72870536,-1.41098349007759,8.808,186.28,1.038,2.85122393449877
620,1,0,accepted,0.0527717531729952,-0.0595734397770514,484342.701917594,4976851.62200155,-1.41824868296792,7.878,151.936,1.014,3.17068107760425
621,1,0,accepted,0.0414979479398564,0.0596587768730045,484342.924215436,4976850.53028187,-1.42511793110934,8.57,161.663,1.153,3.50373528885006
622,1,0,accepted,0.0564405649775047,0.233416718380138,484343.125803204,4976849.42630139,-1.43201717481172,8.951,153.552,1.04,3.83692327034662
623,1,0,accepted,0.0733259112355094,0.239623270036658,484343.298352129,4976848.29950137,-1.44343986800696,8.363,135.729,0.907,4.16678223511036
624,1,0,accepted,0.077599502531001,0.293109303589985,484343.473991662,4976847.16979181,-1.45413307734311,7.401,149.35,0.98,4.46437374342569
625,1,0,accepted,0.0838532254776134,0.396011165622007,484343.634258109,4976846.02961216,-1.46450262515968,11.395,172.021,0.944,4.6497060110797
626,0,1,acceptedDirectional,0.0704171741875744,-0.447949626634567,484343.916175104,4976844.9009065,-1.49145729790793,11.561,156.696,1.027,4.74131487844953
627,0,1,acceptedDirectional,0.141463467728133,-0.77569266545073,484344.131600087,4976843.74843632,-1.50916986016171,11.207,164.101,1.085,4.87180023649896
628,0,1,acceptedDirectional,0.126325907917593,-0.664820931944871,484344.230848529,4976842.61892968,-1.51927307400446,9.852,163.456,1.02,5.03168479540995
629,0,1,acceptedDirectional,0.0371159417128511,-0.172769734233704,484344.23980782,4976841.48201152,-1.5231505199388,8.918,169.155,2.326,5.15361963372126
630,1,0,accepted,0.0776496547931936,0.370518573410311,484344.220415526,4976840.35936835,-1.5253789322661,10.495,154.985,1.357,5.16376482519759
631,1,0,accepted,0.0105944263314037,0.108343505170343,484344.364895185,4976839.20947838,-1.54246070996597,9.947,164.43,1.297,5.09791865246859
632,1,0,accepted,0.0460621517565519,0.348040979792339,484344.391885939,4976838.09536752,-1.5508852844649,8.599,188.152,1.309,5.04911194402709
633,1,0,accepted,0.0653367662319185,0.396570495741799,484344.416280208,4976836.9712588,-1.56102125564121,9.087,180.477,1.342,4.99523671584871
634,1,0,accepted,0.0552592161218628,0.301663684978828,484344.454906194,4976835.8458586,-1.57400646157966,8.383,175.794,1.252,4.81297697661177
635,1,0,accepted,0.0591123056267249,0.310904070278432,484344.467875818,4976834.71762951,-1.58405439684708,9.133,139.196,1.177,4.51536035148497
636,1,0,accepted,0.0508274062478606,0.237042397749717,484344.473575629,4976833.57722919,-1.5948305118126,7.996,146.938,1.179,4.31715761983545
637,1,0,accepted,0.0477591071947321,0.199299921937375,484344.47087501,4976832.44667695,-1.60395532679671,8.207,139.928,1.292,4.32316629499398
638,1,0,accepted,0.010787995319552,-0.0438219226923395,484344.486926165,4976831.28553891,-1.61542316560455,8.305,150.152,1.195,4.27714110738846
639,1,0,accepted,0.015696114833799,-0.0759013125299498,484344.456727817,4976830.15844643,-1.62212932985328,8.025,164.8,1.136,4.26059879442105
640,1,0,accepted,0.0189395710530221,-0.124781885151336,484344.417686818,4976829.0128245,-1.62830899373312,7.588,162.53,1.421,4.1699061064513
641,1,0,accepted,0.0400105846519404,0.0244562859062408,484344.355024539,4976827.89307101,-1.63071270364041,8.509,161.732,1.067,4.12892065594312
642,1,0,accepted,0.0422087127818124,0.0321754672591791,484344.305333799,4976826.75584203,-1.63535347407317,8.633,164.601,1.125,4.05927970529006
643,1,0,accepted,0.0533094067317521,0.111545497275127,484344.246487943,4976825.6223323,-1.63857403631667,8.046,167.113,1.159,3.96161125790161
644,1,0,accepted,0.0428506813259213,0.0483152660494942,484344.196469865,4976824.47177028,-1.64353342060469,7.951,155,1.204,3.82174194000105
645,1,0,accepted,0.0397118194077448,0.187097036455554,484344.125313354,4976823.29098704,-1.64467158202965,8.791,162.842,1.149,3.62761122905888
646,1,0,accepted,0.0346635196354889,0.0966405756379845,484344.064706693,4976822.15366569,-1.64989926840671,9.479,169.349,1.256,3.52241274545296
647,1,0,accepted,0.0278411159017128,0.0739610508417991,484343.999370622,4976820.99751462,-1.65377460783913,9.285,167.924,1.244,3.53345971850227
648,1,0,accepted,0.0293639284545214,0.0848372872866158,484343.921834168,4976819.83219721,-1.65657658426063,9.487,173.573,1.279,3.55138900831504
649,1,0,accepted,0.0251454842741568,0.121806927660485,484343.848299432,4976818.66071564,-1.65826788551149,10.008,167.581,1.378,3.58462155989876
650,1,0,accepted,0.0219580662105433,0.123424898863576,484343.766640978,4976817.49564649,-1.6598894504875,9.339,155.922,2.172,3.64221167169423
651,1,0,accepted,0.0166712824906515,0.106815728087102,484343.683891862,4976816.33564293,-1.66178766109229,9.549,162.198,1.4,3.73021750918095
652,1,0,accepted,0.0103466291736817,0.0526287782207342,484343.601633825,4976815.15896676,-1.66331137604903,8.902,160.665,1.315,3.84933160233601
653,1,0,accepted,0.0176469802589008,0.0114655132081238,484343.501362852,4976813.98316504,-1.66455295012574,7.674,156.225,1.469,3.99755117753423
654,1,0,accepted,0.028319241598671,-0.0350339485566577,484343.398698401,4976812.8166097,-1.66585632572929,8.014,170.953,1.276,4.15037281233107
655,1,0,accepted,0.0335842337606677,-0.0163551913216239,484343.300598001,4976811.6319979,-1.66599417313833,8.37,158.347,1.292,4.29527002618502
656,1,0,accepted,0.0299105712233591,0.0405501702021262,484343.210355664,4976810.44436899,-1.66546114082721,8.265,154.06,1.217,4.40646665121322
657,1,0,accepted,0.0454867943709217,0.00839173297378617,484343.101477865,4976809.26046267,-1.66617394853943,7.776,153.723,1.309,4.44307162397776
658,1,0,accepted,0.037181327318382,0.0917581033082446,484343.013527062,4976808.0559064,-1.66494313399153,9.007,155.576,1.198,4.48760198653723
659,1,0,accepted,0.0260478548711864,0.108180781512803,484342.929609329,4976806.85958434,-1.66489151271014,8.364,156.489,1.201,4.46644860029196
660,1,0,accepted,0.0156106954499051,0.146214998577388,484342.845056167,4976805.64645575,-1.66466552103882,8.594,159.545,1.208,4.59977348343996
661,1,0,accepted,0.0324778786622992,0.16224237274564,484342.728651148,4976804.4563282,-1.66468999620291,7.586,161.935,1.15,4.76729078692135
662,1,0,accepted,0.0272775667046197,0.135445813271657,484342.636161881,4976803.25270167,-1.66568032937894,8.351,154.83,1.237,4.90304068512073
663,1,0,accepted,0.0553363728346178,0.210218387373466,484342.515278395,4976802.06286116,-1.66529512371773,7.937,164.886,1.168,5.00167869818593
664,1,0,accepted,0.0900101344097406,0.159624404745358,484342.386040907,4976800.86500654,-1.66630257794714,7.098,168.403,1.173,5.25070607713416
665,1,0,accepted,0.084875689354156,0.199850722709227,484342.287475011,4976799.64147517,-1.66635175625366,8.161,159.823,1.198,5.42550342564332
666,1,0,accepted,0.0759816242255388,0.251763988522231,484342.189366843,4976798.38948731,-1.66618452745384,7.436,169.639,1.14,5.50296377766653
667,1,0,accepted,0.0917873084638293,0.302031393331994,484342.075420689,4976797.15031485,-1.66630086429849,8.533,168.138,1.139,5.64139322138888
668,1,0,accepted,0.0993621303057545,0.180803573912908,484341.972341605,4976795.90890787,-1.66920835035001,7.938,157.292,1.18,5.55115066404471
669,1,0,accepted,0.0533802492540114,0.0477096942163718,484341.914981912,4976794.6969756,-1.67227298137327,8.137,175.956,1.192,5.26027137520087
670,1,0,accepted,0.0275984070696197,-0.0757475366195829,484341.829615975,4976793.4887501,-1.67480272474317,8.635,166.8,1.211,4.97580201684241
671,1,0,accepted,0.00773945928929167,-0.176947121941783,484341.743810829,4976792.2653281,-1.67697852681893,7.756,179.282,1.208,4.77593809581625
672,1,0,accepted,0.014187823793079,-0.123680325294501,484341.630798004,4976791.03432592,-1.67679097272341,8.461,177.074,1.258,4.61690005398614
673,1,0,accepted,0.0271608162731623,-0.0927280637971613,484341.518293934,4976789.79173512,-1.67698101655302,7.615,174.724,1.58,4.63859338004755
674,1,0,accepted,0.0287433112173189,-0.102477492009677,484341.405770929,4976788.5682711,-1.67770586029915,7.379,179.076,1.224,4.72141253681535
675,1,0,accepted,0.0332162606670351,-0.0875401618874472,484341.289043222,4976787.34257861,-1.67775090058074,8.3,172.983,1.509,4.86724972308411
676,1,0,accepted,0.0379410516959245,-0.0941219266820527,484341.172839967,4976786.11395576,-1.67828028953621,7.738,163.407,1.14,5.07079666257979
677,1,0,accepted,0.0494172983868712,-0.0845456178331431,484341.052466097,4976784.8712392,-1.67872588835222,8.306,171.759,1.12,5.3075969119363
678,1,0,accepted,0.056281517434943,-0.0545566903589316,484340.936586692,4976783.62534521,-1.67893760832482,13.643,160.704,1.567,5.50691639776771
679,1,0,accepted,0.0522401346564293,0.000385893480297187,484340.834721571,4976782.35898138,-1.67856853747773,10.104,173.318,1.939,5.749250495267
680,1,0,accepted,0.0365457001143898,-0.0221653291605119,484340.733255287,4976781.15373176,-1.67979441983939,8.506,181.37,1.198,5.9972082532312
681,1,0,accepted,0.0356456866069767,-0.0567339215240962,484340.618486336,4976779.91121302,-1.680610637932,8.829,180.968,1.183,6.43262444873978
682,1,0,accepted,0.0236644967674705,0.0232654258155824,484340.528408955,4976778.65960371,-1.67991290795799,9.937,202.312,1.271,6.82818417383815
683,1,0,accepted,0.0152111426493501,0.000624880810523009,484340.420167451,4976777.4196335,-1.68053580959501,10.55,198.754,1.362,7.3165151070325
684,1,0,accepted,0.00336672511384576,-0.00910853167449368,484340.30027019,4976776.18100455,-1.68112235996505,9.396,194.226,1.497,7.54778310871098
685,1,0,accepted,0.0190642193303285,0.0151791328257083,484340.170161266,4976774.95169887,-1.6808019309307,8.105,202.149,1.294,7.60540197604624
686,1,0,accepted,0.0217954654543712,-0.0530108848262063,484340.065238797,4976773.70326586,-1.68220260221199,10.17,181.528,1.237,7.51208963532958
687,1,0,accepted,0.0315565458783196,0.0066500019492702,484339.932428744,4976772.4802889,-1.68144807224707,7.982,209.128,1.265,7.1692526925139
688,1,0,accepted,0.0380438581312136,0.00423146360167026,484339.808644407,4976771.23231622,-1.68187719048849,8.463,194.699,1.36,6.69335517621538
689,1,0,accepted,0.0438124218839292,0.00315458122479431,484339.683516947,4976769.98552192,-1.68210363613662,7.831,177.607,1.317,6.16284296964043
690,1,0,accepted,0.0310068809757954,-0.0717332706813385,484339.567767527,4976768.71666715,-1.68363378562075,8.675,184.95,1.266,5.81018688068161
691,1,0,accepted,0.0392507933883747,-0.0525082212506076,484339.436700321,4976767.46122394,-1.68362420206844,9.194,182.265,1.292,5.60265598232757
692,1,0,accepted,0.0450308851408637,-0.0816806795598163,484339.310621113,4976766.2058084,-1.68399487832501,9.125,179.365,1.233,5.655662229414
693,1,0,accepted,0.0463100898908624,-0.0931260549582306,484339.189508001,4976764.97019434,-1.68440974741402,8.599,173.311,1.146,5.7239296409875
694,1,0,accepted,0.041464084261778,-0.0905365967464978,484339.067066072,4976763.71027619,-1.68493212292853,8.678,167.973,1.101,5.69015122204755
695,1,0,accepted,0.0514291691875674,0.0313747414885891,484338.946197476,4976762.47294093,-1.68370455684549,7.282,160.083,1.015,5.67058727939499
696,1,0,accepted,0.036934078515838,0.0406304177151289,484338.828665033,4976761.20612835,-1.68435315725104,6.962,175.765,1.025,5.66737590390225
697,1,0,accepted,0.0277415836294426,0.0422353998061993,484338.707861917,4976759.93866227,-1.68489587621381,7.128,165.914,1.051,5.60096082022273
698,1,0,accepted,0.0316429496587343,-0.0489143479477489,484338.580603166,4976758.68028169,-1.6871543496493,7.059,171.442,1.03,5.50971876995046
699,1,0,accepted,0.0348093254090386,-0.147033445995623,484338.454061643,4976757.42250833,-1.68964614878528,6.839,170.281,1.014,5.4177740791654
700,1,0,accepted,0.0373671642290686,-0.0444624421554012,484338.330275005,4976756.19369379,-1.68881682897212,6.85,156.707,1.102,5.33788586770352
701,1,0,accepted,0.038264592191791,0.0174080648066428,484338.205826329,4976754.95006434,-1.6884552248696,7.039,158.009,1.049,5.54138997029855
702,1,0,accepted,0.0415999130334556,-0.0111221070274419,484338.077033484,4976753.7044047,-1.68981001621969,7.403,162.07,1.025,5.67733491568534
703,1,0,accepted,0.0459535643267419,-0.0315991660587422,484337.946364189,4976752.45551742,-1.69056099365442,6.648,158.34,1.044,5.72384595191198
704,1,0,accepted,0.0558858528841089,-0.0303177104308224,484337.809625022,4976751.20183027,-1.6917711159444,6.617,166.354,1.093,5.67713506956602
705,1,0,accepted,0.0366357358262434,0.027245151305724,484337.700778148,4976749.96223741,-1.69102380633257,8.172,151.264,1.13,5.6454076886994
706,1,0,accepted,0.0317228242042825,0.0551262424095741,484337.575188321,4976748.73535274,-1.69103176409362,7.433,159.615,1.062,5.61310440630327
707,1,0,accepted,0.0297507218928003,0.0514620684606779,484337.447535387,4976747.50135875,-1.6920662044142,6.82,164.703,1.148,5.57159679370656
708,1,0,accepted,0.0269819033635358,0.0727088520881468,484337.316492007,4976746.26984568,-1.69258978783755,7.146,174.768,1.197,5.51160295945642
709,1,0,accepted,0.0262023988399445,-0.0968727510009979,484337.234532895,4976745.03353123,-1.69639795839479,6.939,158.552,1.107,5.31494313571063
710,1,0,accepted,0.0154407135874116,-0.0676914815837129,484337.088248131,4976743.81198351,-1.69728751256503,7.549,162.256,1.087,5.11092465774752
711,1,0,accepted,0.00901430780573925,-0.0815869764770354,484336.945603846,4976742.57984343,-1.69933442529242,7.086,156.29,1.136,4.83636064656951
712,1,0,accepted,0.00546517310235097,-0.103233253228567,484336.799429863,4976741.33867468,-1.7018020786113,7.126,169.313,1.142,4.53819588622719
713,1,0,accepted,0.01563990604116,-0.0419899344325508,484336.643347801,4976740.13627051,-1.70368050683346,7.055,163.119,1.124,4.2654723460411
714,1,0,accepted,0.0584205974712896,0.0892271674443636,484336.460146285,4976738.88944073,-1.70376103293393,17.155,164.361,1.318,4.0377841641594
715,1,0,accepted,0.0642081147702413,0.0848427583010723,484336.309784182,4976737.64142783,-1.70760158038905,7.955,173.828,1.228,3.84458066959675
716,1,0,accepted,0.0398662360879198,-0.0532637160329687,484336.182477647,4976736.42804792,-1.71403432073906,8.527,171.107,1.157,3.79741619377679
717,1,0,accepted,0.0516842523381676,0.142227367278705,484336.017480301,4976735.24756207,-1.71531847736911,7.972,168.072,1.164,3.80544077843611
718,1,0,accepted,0.0449985642970785,0.14068864062356,484335.869441602,4976734.02828137,-1.72082618080685,8.598,151.614,1.208,3.85358434613443
719,1,0,accepted,0.0275766437672997,-0.0623615061723072,484335.73674781,4976732.81421014,-1.73009622158051,8.37,151.421,1.306,3.90365315711824
720,1,0,accepted,0.04701493391504,-0.0014538212766543,484335.563008401,4976731.63497791,-1.73540933987818,8.32,155.364,1.095,3.91515542507008
721,1,0,accepted,0.0397760992165777,-0.00873839915069078,484335.391115712,4976730.42329369,-1.74152575802057,6.979,167.535,1.047,3.96712299122089
722,1,0,accepted,0.0266223412767119,-0.0110782142264258,484335.207006423,4976729.20529896,-1.74742613887159,6.684,159.667,1.062,4.11663831868266
723,1,0,accepted,0.0215517246208699,-0.157995555452986,484335.016195684,4976727.97080542,-1.75601524164019,7.319,157.539,1.041,4.40321052926475
724,1,0,accepted,0.0257564223503635,-0.077243033635762,484334.820688662,4976726.76577491,-1.7608689504869,7.968,169.277,1.051,4.67490779036885
725,1,0,accepted,0.0356201547592013,-0.152749732468558,484334.603346865,4976725.57827407,-1.76885840132929,9.42,156.667,1.071,4.88392774455589
726,1,0,accepted,0.0429759906847811,0.00866227517902252,484334.391834768,4976724.39015757,-1.7727898775634,8.838,152.987,1.035,5.00661054979139
727,1,0,accepted,0.0448455368472777,-0.0201181738174988,484334.165127761,4976723.1929879,-1.77939608516096,7.711,137.258,0.984,5.03261831233514
728,1,0,accepted,0.0375914186815584,0.0874677575714001,484333.944723866,4976722.01533126,-1.7838955006108,9.269,141.285,1.208,4.97106679466229
729,1,0,accepted,0.0482660596687049,0.0637424699666819,484333.697905505,4976720.85637226,-1.79072477485415,8.266,149.485,1.021,4.95041356098734
730,1,0,accepted,0.0442557438045563,0.0532212997736631,484333.462313448,4976719.69854935,-1.79577407400961,7.666,149.449,1.051,4.88558167928836
731,1,0,accepted,0.0416899629361168,0.129946117172647,484333.218487405,4976718.53434273,-1.80074996513924,7.509,137.369,1.086,4.80376569500846
732,1,0,accepted,0.0450624884984375,0.114744029061846,484332.960312294,4976717.3608388,-1.80600956250107,7.654,147.196,0.979,4.73330489897547
733,1,0,accepted,0.0299025599704221,0.105560224179037,484332.716043275,4976716.1932525,-1.8109212380018,7.31,145.666,1.026,4.69660957901051
734,1,0,accepted,0.0412346067822503,0.142019087722647,484332.443705006,4976715.04499836,-1.81478998751393,8.102,149.405,1.042,4.70697729992419
735,1,0,accepted,0.0285432051742433,0.113155703108545,484332.192702242,4976713.89884795,-1.81908777936192,8.85,146.983,1.065,4.76283999578348
736,1,0,accepted,0.0339291313833573,0.116755451648127,484331.914868456,4976712.74024076,-1.82261765367372,9.329,143.245,1.063,4.85438083628421
737,1,0,accepted,0.0316507866144661,0.0756725465641811,484331.647369059,4976711.59952525,-1.8266504587713,10.133,153.767,1.306,4.96372677386287
738,1,0,accepted,0.0356262780744119,0.0712262660068319,484331.372028772,4976710.45902602,-1.8300569397092,9.732,166.009,1.133,5.07519472853957
739,1,0,accepted,0.039141475097892,0.0769696441337785,484331.095543632,4976709.32915791,-1.83295211773543,9.675,175.785,1.286,5.27742715224183
740,1,0,accepted,0.0470619106488518,0.12156812081675,484330.798994686,4976708.17441761,-1.83474649842706,10.198,169.628,1.23,5.47525152391532
741,1,0,accepted,0.0517726303278374,0.120994319295087,484330.511749113,4976707.04160929,-1.83674498785651,10.569,166.376,1.274,5.68446403942094
742,1,0,accepted,0.0491923961729733,0.0761916938580768,484330.229123492,4976705.91288492,-1.83945203308173,10.761,172.549,1.206,5.91281014630017
743,1,0,accepted,0.0536226812923588,0.0921727256347418,484329.937427548,4976704.78516391,-1.84046511672384,11.135,179.386,1.794,6.18070088354682
744,1,0,accepted,0.0516442440852143,0.03007290453319,484329.653470897,4976703.67018584,-1.84266508677237,10.535,179.74,1.157,6.44605819192493
745,1,0,accepted,0.0483526822807089,-0.0376615688635381,484329.369541966,4976702.55045885,-1.84504028559259,9.85,174.216,1.108,6.71767243555374
746,1,0,accepted,0.0496993521131893,-0.0436439702464878,484329.073802215,4976701.41378125,-1.84626921437224,9.561,185.571,1.102,6.95578933303795
747,1,0,accepted,0.0499899655600171,-0.067625913259707,484328.785331635,4976700.29178852,-1.84763686504033,10.126,167.942,1.063,7.06726894220446
748,1,0,accepted,0.0447329826003459,-0.337923273135627,484328.517917491,4976699.14430423,-1.85300193962966,9.723,174.418,1.163,7.23278664113196
749,1,0,accepted,0.0492521467947911,-0.0922673165923765,484328.217725846,4976698.03866643,-1.84969535067456,9.597,186.625,1.236,7.35913858539931
750,1,0,accepted,0.0435385345390036,-0.0397982142651145,484327.917071066,4976696.95546374,-1.84896259081926,10.018,182.974,1.23,7.38537966988338
751,1,0,accepted,0.0443172286726836,0.0440526089723973,484327.621456073,4976695.85448719,-1.84805499108892,10.225,175.486,1.284,7.31624800252082
752,1,0,accepted,0.0436780110837129,0.0801847924055281,484327.327925464,4976694.75127666,-1.84821623683832,9.533,178.123,1.328,7.17007160019359
753,1,0,accepted,0.0315570813680561,0.0404093135468909,484327.046500106,4976693.66630774,-1.84894629709211,8.651,167.249,1.199,7.20048386723598
754,1,0,accepted,0.0265362686083802,0.107999225485444,484326.758247666,4976692.57537938,-1.84872094792416,8.437,163.033,1.205,7.37037473544548
755,1,0,accepted,0.0275453281885547,0.102362979300924,484326.464953952,4976691.48314715,-1.84906847553898,8.525,166.099,1.339,7.49864939232163
756,1,0,accepted,0.0217738774352783,0.0883041916739072,484326.179715935,4976690.4012747,-1.84965449178006,8.339,184.506,1.3,7.49660324644203
757,1,0,accepted,0.0258041532276108,0.0655445140526054,484325.886599447,4976689.32169339,-1.85019211357239,8.149,174.79,1.266,7.36626645450962
758,1,0,accepted,0.0369725445553142,0.113825052168924,484325.584589258,4976688.23493681,-1.84988893580926,9.254,175.435,1.273,7.07847036289043
759,1,0,accepted,0.0337019920403889,0.146169479367561,484325.297173837,4976687.15110572,-1.84882667522207,8.696,178.677,1.345,6.94277378073133
760,1,0,accepted,0.0316031030044952,0.173090794897286,484325.012786951,4976686.08232877,-1.84690148870593,8.3,173.74,1.321,6.90122254820212
761,1,0,accepted,0.0295799205079827,0.209675996001677,484324.727915459,4976685.00539491,-1.84488785587,8.395,169.417,1.211,6.82099564554592
762,1,0,accepted,0.025784211776017,0.143290145245498,484324.446736983,4976683.93815792,-1.84304412266294,7.749,176.002,1.291,6.8254967845797
763,1,0,accepted,0.0231402961321977,0.122940817841586,484324.171295054,4976682.88204402,-1.83983416312626,8.09,182.38,1.23,6.81038842242876
764,1,0,accepted,0.0307503968038019,0.0473737211937548,484323.890912803,4976681.83991924,-1.83681451523541,8.64,175.612,1.191,6.89141161883886
765,1,0,accepted,0.0424170050165661,-0.00771856247300048,484323.613337676,4976680.80442074,-1.83327976767984,8.329,172.988,1.223,7.08501662354334
766,1,0,accepted,0.0539205395829627,-0.0110202386803873,484323.340078355,4976679.76768105,-1.82881159986864,8.775,175.343,1.273,7.25965881266438
767,1,0,accepted,0.0628156770140028,-0.0513791595832287,484323.079586435,4976678.75430867,-1.82460400366599,8.338,169.822,1.164,7.46792194813511
768,1,0,accepted,0.0842799226376598,-0.101005460426203,484322.810158868,4976677.74272283,-1.81989504204263,7.514,173.714,1.119,7.61746947559014
769,1,0,accepted,0.102101561181682,-0.215840975863907,484322.548397702,4976676.7239131,-1.8160474438349,9.204,175.292,1.274,7.71932045341154
770,1,0,accepted,0.0700561985811096,-1.00487824521518,484322.378790261,4976675.62667917,-1.82255582512472,10.688,217.381,2.096,7.99030166035712
771,1,0,accepted,0.0621602017221792,-0.330922344142962,484322.126544618,4976674.6980878,-1.80329143434863,9.626,182.498,1.256,8.20762553169545
772,1,0,accepted,0.084133805490301,-0.0266111950929668,484321.890151631,4976673.70970836,-1.78987361940053,13.267,194.25,1.459,8.29135614698214
773,1,0,accepted,0.0617869729885885,-0.392428198289044,484321.711333033,4976672.75309615,-1.78779614493582,10.398,171.884,1.344,8.32452171281022
774,1,0,accepted,0.057953690245105,-0.17840034158549,484321.526313741,4976671.80296397,-1.7746023359686,12.01,191.136,1.436,8.24557599072542
775,1,0,accepted,0.048221415228755,-0.137596925247607,484321.368873998,4976670.91350961,-1.76495563492693,11.552,170.864,1.2,8.09773742564768
776,1,0,accepted,0.104141683415012,-0.481353627966759,484321.267311894,4976670.04550648,-1.76057871556045,11.618,181.272,1.185,7.86108216199367
777,1,0,accepted,0.0751861438425315,-0.337682287638067,484321.076611721,4976669.07002148,-1.74681538429723,10.317,173.971,1.155,7.63334968151744
778,1,0,accepted,0.0341766942349112,0.0718933949513951,484320.887447667,4976668.09624368,-1.72837065287857,11.665,171.006,1.153,7.329799953498
779,1,0,accepted,0.0941364218624992,0.402799566020047,484320.711081201,4976667.09625798,-1.71078113831822,14.914,192.939,1.566,7.03980620055683
780,1,0,accepted,0.0667622667296513,0.237253273035952,484320.594653532,4976666.21195957,-1.70138302911617,11.185,181.955,1.399,6.90312969958039
781,1,0,accepted,0.0596561213893157,0.273321357294567,484320.479857474,4976665.31386856,-1.68811730886155,8.632,184.908,1.345,7.02983164815655
782,1,0,accepted,0.045220162112341,0.118213424568924,484320.37393736,4976664.43967898,-1.67749041607951,9.28,199.321,1.249,7.13438355139996
783,1,0,accepted,0.0431591036485487,-0.0302597562753754,484320.280683501,4976663.57481847,-1.66615050376148,9.816,185.339,1.184,7.18631741414999
784,1,0,accepted,0.0498039693993389,-0.111135909422237,484320.196881613,4976662.72790038,-1.6527586037975,10.026,184.801,1.34,7.15710226731236
785,1,0,accepted,0.0526388092847887,-0.156718175050366,484320.131877821,4976661.87384147,-1.6383533029121,9.914,186.354,1.204,7.08247428069528
786,1,0,accepted,0.0502683501415305,-0.036176223250427,484320.085814322,4976661.02552932,-1.6206574074409,10.821,181.751,1.467,6.94437821499709
787,1,0,accepted,0.0239445333106662,0.139195219033187,484320.067696728,4976660.16721912,-1.60067749857056,11.242,204.538,1.581,6.87260615363407
788,1,0,accepted,0.0276796243724287,0.174856355476569,484320.039464618,4976659.34383784,-1.58277736757489,9.71,202.881,1.197,6.82650895226065
789,1,0,accepted,0.00915546860505685,0.280420581075167,484320.0371188,4976658.5032366,-1.56260522156366,9.021,197.536,1.202,6.78840831496217
790,1,0,accepted,0.0315390883118126,0.32600915084619,484320.018295699,4976657.6877236,-1.54283566943397,13.136,202.417,1.291,6.74917214448832
791,1,0,accepted,0.0516492118789693,0.173878704890208,484320.019623089,4976656.90217623,-1.52595589358204,9.836,201.751,1.24,6.69474197899292
792,1,0,accepted,0.055329696561215,0.0863309682338317,484320.052732029,4976656.10020534,-1.50726199110693,13.07,199.637,1.284,6.66901695162712
793,1,0,accepted,0.065148876369723,-0.0640218538034342,484320.103069545,4976655.31283423,-1.4887960447696,11.307,193.72,1.178,6.80428799479893
794,1,0,accepted,0.06882868455431,-0.060585309567096,484320.157267493,4976654.51078284,-1.46720821206965,7.89,181.051,1.174,6.93730476733549
795,1,0,accepted,0.0840448141206904,-0.136158222595982,484320.224649634,4976653.7186205,-1.44603907723027,10.072,178.943,1.163,7.08503020530628
796,1,0,accepted,0.0921783546587547,-0.113418665833878,484320.313555343,4976652.94058144,-1.42283528254644,7.891,179.197,1.15,7.25558883132179
797,1,0,accepted,0.0920061668722365,-0.245895103595831,484320.429262594,4976652.17362292,-1.40146973215078,9.062,175.745,1.21,7.43280060794387
798,1,0,accepted,0.0843608576873359,-0.259237270367702,484320.546606326,4976651.40401594,-1.37796266255236,8.134,181.909,1.165,7.62034517616218
799,1,0,accepted,0.055129609085229,-0.219846218004417,484320.700634181,4976650.62753859,-1.35318879188299,9.865,185.474,1.182,7.82070070837227
800,1,0,accepted,0.0449104613855872,-0.262184931632588,484320.855888111,4976649.87021153,-1.32979208803321,10.081,179.095,1.47,8.02155782746788
801,1,0,accepted,0.0415086424046532,-0.381473707589882,484321.013705801,4976649.12943916,-1.30821985465494,8.855,198.252,1.377,8.21802786675703
802,1,0,accepted,0.0338506287669368,-0.372028418292436,484321.19847467,4976648.39044488,-1.28434019233864,8.677,176.971,1.292,8.36806783135419
803,1,0,accepted,0.0170214320152846,-0.234418280359801,484321.414348398,4976647.63782921,-1.25802905836421,13.314,173.952,1.241,8.50019745835407
804,1,0,accepted,0.0255219251913557,-0.059548032427857,484321.637853961,4976646.91571039,-1.23167445745615,9.97,188.354,1.228,8.58404244720512
805,1,0,accepted,0.0453298770841089,0.0447811088664774,484321.879346375,4976646.18808843,-1.20631975668469,9.795,174.984,1.184,8.62024393317052
806,1,0,accepted,0.0554151799269777,0.0968809610126353,484322.141508517,4976645.48878647,-1.18222828786971,8.188,187.499,1.189,8.67497655741525
807,1,0,accepted,0.0481210840996965,0.743021580389416,484322.335008855,4976644.86098427,-1.1478263204005,12.834,206.296,1.308,8.87210171837315
808,1,0,accepted,0.0418331818512936,0.719082919798478,484322.647176232,4976644.16720233,-1.12523725669791,13.033,210.626,1.22,9.03525103601423
809,1,0,accepted,0.0416307631536557,0.828139639252275,484322.967446959,4976643.4957605,-1.10101249044235,14.469,196.557,1.14,9.30488838675967
810,1,0,accepted,0.0230819220545213,0.440187020117008,484323.316766611,4976642.80199779,-1.08489138451837,13.553,195.936,1.214,9.53811999970896
811,1,0,accepted,0.0241803658138185,0.214173674984209,484323.670851451,4976642.11358009,-1.06626883755829,13.253,187.987,1.234,9.69955031451938
812,1,0,accepted,0.0351834441873496,0.0985402043233332,484324.027978285,4976641.44708948,-1.04598127107256,16.812,192.005,1.643,9.8147074370539
813,1,0,accepted,0.0337059936488088,0.125866121668755,484324.39169294,4976640.81145824,-1.02312445615237,10.569,189.622,1.181,9.9445487797873
814,1,0,accepted,0.0339493738534321,0.0747558966729867,484324.779771769,4976640.18038551,-1.00159136260525,10.593,193.663,1.27,10.0652409264402
815,1,0,accepted,0.0412461489948736,0.0957434232048471,484325.18271998,4976639.57114752,-0.978930400160601,8.426,193.167,1.159,10.1201730993986
816,1,0,accepted,0.0521323350926662,0.256698667566934,484325.597521845,4976638.95081499,-0.953362330048552,10.29,193.503,1.17,10.1980867972585
817,1,0,accepted,0.0688009081758684,0.233408684880049,484326.019718729,4976638.35421544,-0.931622010231139,11.037,200.579,1.169,10.2507227722789
818,1,0,accepted,0.0574309803192911,0.195635659655634,484326.468964127,4976637.74391683,-0.909867894033907,9.863,188.038,1.17,10.3617962473036
819,1,0,accepted,0.0418227151921445,0.163535479774637,484326.938391746,4976637.14226103,-0.887757987449459,10.247,188.206,1.224,10.4266964933467
820,1,0,accepted,0.0289223229643097,0.0780261535339696,484327.415446481,4976636.53031358,-0.866776116299627,10.282,192.47,1.209,10.3578369184114
821,1,0,accepted,0.0389944875185607,-0.0118167618966178,484327.894310385,4976635.95910803,-0.845600678260232,12.756,192.152,1.292,10.2195346120143
822,1,0,accepted,0.0491156097712609,0.170227883140735,484328.396302354,4976635.41949816,-0.819736572815342,11.352,206.042,1.191,10.0735212981842
823,1,0,accepted,0.0433773813956649,0.0690769966397732,484328.910553281,4976634.83103473,-0.798305564056378,8.086,205.854,1.178,9.79427235776611
824,1,0,accepted,0.0418201762042143,0.0823480156678749,484329.440169189,4976634.28288912,-0.775298689197194,8.078,199.461,1.201,9.50394296528194
825,1,0,accepted,0.0488408883905221,0.0301667383723205,484329.981827886,4976633.75199455,-0.753044598059031,9.843,213.201,1.277,9.2202194076531
826,1,0,accepted,0.0635273761764522,-0.0794578911855421,484330.531942265,4976633.19751625,-0.732100845504491,10.373,227.52,1.22,9.13404884263255
827,1,0,accepted,0.0659429977095808,0.00722543538988969,484331.103141078,4976632.67626182,-0.707498047019676,10.526,221.555,1.279,9.24185466657969
828,1,0,accepted,0.0185978933094296,0.195493901907083,484331.724832752,4976632.18012605,-0.681126971914209,8.544,193.429,1.317,9.27247130851856
829,1,0,accepted,0.0480078603134756,0.200326380002513,484332.283555901,4976631.6622564,-0.658413186202406,12.163,192.269,1.226,9.23398449048792
830,1,0,accepted,0.0499343698805253,-0.008042899124023,484332.878331903,4976631.18189361,-0.639548230804831,12.341,205.175,1.242,9.12408340599128
831,1,0,accepted,0.0510603956847751,0.156609723060155,484333.492860228,4976630.69332653,-0.614287120304772,9.808,210.084,1.254,8.93146842017074
832,1,0,accepted,0.0813730822096387,0.179274584007299,484334.093037692,4976630.21294903,-0.591107739404893,9.444,215.41,1.236,8.74021518962684
833,1,0,accepted,0.102377163593706,0.294441221001908,484334.719829841,4976629.73971966,-0.566797291577012,10.421,202.282,1.287,8.75474311035628
834,1,0,accepted,0.0872460168111748,0.015017893878955,484335.383418093,4976629.32062911,-0.549697776626353,9.431,192.924,1.635,8.71343858196667
835,1,0,accepted,0.103539706224577,-0.0236954109742573,484336.031520107,4976628.89498248,-0.528414480724465,8.476,194.371,1.221,8.7517684126946
836,1,0,accepted,0.109744947217485,0.0617310042120047,484336.717821577,4976628.46083323,-0.504858450683994,12.103,205.505,1.248,8.69224333669633
837,1,0,accepted,0.113181734180301,-0.0970206754750439,484337.38813633,4976628.08852483,-0.486130490845848,10.175,185.522,1.324,8.67657388072932
838,1,0,accepted,0.0465596319816049,0.02862351589439,484338.140967311,4976627.69239467,-0.462365696922385,11.313,202.352,1.39,8.60473121954309
839,1,0,accepted,0.0319355562106379,0.0434265375647934,484338.872002763,4976627.29445003,-0.440689967125199,11.267,193.914,1.316,8.44222561986535
840,1,0,accepted,0.0177046548514473,-0.0480410912260136,484339.602042952,4976626.94053476,-0.421200999942978,10.43,182.452,1.451,8.33044862833015
841,1,0,accepted,0.0426040633012487,-0.00186726960607874,484340.350789561,4976626.57703115,-0.399881809130096,10.463,188.677,1.365,8.13514124120754
842,1,0,accepted,0.0389215758423531,0.00449464946943406,484341.080337028,4976626.24542672,-0.380194929856703,10.673,196.248,2.92,8.08209367581755
843,1,0,accepted,0.0434011720513378,0.00787864514780107,484341.822970755,4976625.92876418,-0.361056488458881,9.087,193.375,1.184,8.01602282915287
844,1,0,accepted,0.0257677757843497,-0.0012251759512203,484342.552136844,4976625.62112621,-0.342580994074326,9.17,192.791,1.265,7.94595578025805
845,1,0,accepted,0.007422374350757,-0.0438800039321635,484343.299783035,4976625.34361356,-0.325383034188055,9.624,183.614,1.302,7.99305498429796
846,1,0,accepted,0.0302772749973577,-0.0277735179834938,484344.095502783,4976625.07447869,-0.307503937162419,8.752,173.309,1.288,8.1515562243307
847,1,0,accepted,0.0444314415212571,0.0114931437131784,484344.889004638,4976624.81092293,-0.289962187363491,8.831,176.389,1.437,8.27981526690498
848,1,0,accepted,0.0496982939277907,0.0323997427041598,484345.703321856,4976624.56934961,-0.273354296989602,10.499,179.748,1.328,8.34471449724114
849,1,0,accepted,0.0384778926266739,-0.0713665022781818,484346.517793889,4976624.33931668,-0.259674778303962,8.677,180.289,1.35,8.32615205702849
850,1,0,accepted,0.043453332663698,-0.012137756308102,484347.332395665,4976624.12884043,-0.244520921367721,8.745,184.937,1.229,8.22964470966807
851,1,0,accepted,0.0633996801380516,0.118378916091498,484348.191740509,4976623.91146525,-0.22833963289963,10.439,177.151,1.138,8.0528819699475
852,1,0,accepted,0.0548269007539582,0.0211244494734684,484349.022663235,4976623.72572442,-0.217115027907399,9.141,155.686,1.207,7.81094693436082
853,1,0,accepted,0.0611793863758068,-0.0231108736343064,484349.875809097,4976623.55516432,-0.206247236890986,9.627,168.476,1.158,7.61586316355243
854,1,0,accepted,0.0991281088556715,-0.271042320827516,484350.731902722,4976623.43104156,-0.199546387632988,10.442,169.6,1.2,7.3514025874035
855,1,0,accepted,0.0683850721274821,-0.126947050892671,484351.599411496,4976623.21912893,-0.187008659238,11.737,178.223,1.341,7.05520700607936
856,1,0,accepted,0.0624574618178327,-0.0455036542259761,484352.452319876,4976623.07264882,-0.176659473904074,10.557,178.762,1.287,6.7381319987508
857,1,0,accepted,0.0452316803941959,0.0764017732886946,484353.328968771,4976622.89975423,-0.166217382693241,13.593,184.385,1.343,6.45088190781115
858,1,0,accepted,0.022952903651593,0.230472314147041,484354.226303965,4976622.72914971,-0.155920522828297,11.377,175.17,1.331,6.28588893988703
859,1,0,accepted,0.0167828969194136,0.0848257341037029,484355.149460302,4976622.62142629,-0.151041130685134,12.532,190.557,1.418,6.14242978487353
860,1,0,accepted,0.0134862029906175,0.0590145785890704,484356.074319726,4976622.50343603,-0.14461134663621,12.88,188.652,1.388,6.03180124582898
861,1,0,accepted,0.00756716132319305,-0.0416863786839083,484357.003153515,4976622.40881889,-0.139151812887345,11.996,188.071,1.371,5.94703540691534
862,1,0,accepted,0.00438896126797758,-0.0344851504875999,484357.940566555,4976622.30138128,-0.132001221258554,12.191,181.535,1.488,5.8606100838743
863,1,0,accepted,0.00581304971121568,-0.0729230581863458,484358.871311591,4976622.2043356,-0.126882497418742,11.83,176.82,1.368,5.76883397703135
864,1,0,accepted,0.0084257589596112,-0.111813836711103,484359.816067524,4976622.1129994,-0.122622715846695,12.495,174.548,1.355,5.66374494974612
865,1,0,accepted,0.0239890637867128,-0.059338119381112,484360.768356225,4976622.01288267,-0.11722117960904,10.639,173.109,1.271,5.62361879652004
866,1,0,accepted,0.0668889757385703,0.117300170507267,484361.710314932,4976621.88870565,-0.109647574264728,9.894,168.248,1.225,5.64020835513421
867,1,0,accepted,0.06960572828874,0.0133480299840081,484362.679057438,4976621.80517332,-0.106558081246278,10.93,161.842,1.243,5.67050714716949
868,1,0,accepted,0.0727710880810204,0.00154578515863831,484363.638643776,4976621.72686492,-0.102339072278053,9.698,151.087,1.067,5.66051471022586
869,1,0,accepted,0.0818345489406937,0.00652109850856827,484364.611601984,4976621.64622031,-0.0977457904459598,10.98,141.406,1.089,5.62937862791193
870,1,0,accepted,0.0703586535518793,-0.0862395505313647,484365.591482963,4976621.58729349,-0.0948536834659239,10.216,152.044,1.08,5.56774712930496
871,1,0,accepted,0.0590741367337892,-0.212478174995322,484366.59353942,4976621.52812501,-0.0927599486265447,8.353,158.033,1.087,5.46700662182549
872,1,0,accepted,0.068151379263034,-0.0999221488437938,484367.575451357,4976621.46279159,-0.0863884419804728,8.21,179.094,1.181,5.34415911884591
873,1,0,accepted,0.0819524637108195,0.0723161429580089,484368.562968607,4976621.39265249,-0.0788118374769354,10.837,198.567,1.229,5.32089072485683
874,1,0,accepted,0.0864486663005235,0.182320278391598,484369.561658113,4976621.34217461,-0.0728193033700385,10.554,189.083,1.325,5.44612221222591
875,1,0,accepted,0.0865303613456749,0.139088538021959,484370.571147256,4976621.29277054,-0.0692101821173266,11.917,194.457,1.368,5.78796997696818
876,1,0,accepted,0.0886505716242675,0.0373374988771728,484371.564580318,4976621.24711231,-0.0665189459466488,11.648,192.786,1.48,6.11884031529029
877,1,0,accepted,0.0864707957870992,-0.00586800472650617,484372.595373072,4976621.19489419,-0.0630135160619514,11.628,179.802,1.299,6.39170146901389
878,1,0,accepted,0.075138408134436,-0.0667517738773749,484373.601949386,4976621.15473507,-0.0595034755244024,11.347,186.606,1.206,6.5765311765641
879,1,0,accepted,0.0680326519696774,-0.0987116553275259,484374.627097683,4976621.11012121,-0.0555393185635212,12.106,193.627,1.382,6.63328696236203
880,1,0,accepted,0.0645098435903468,-0.0093174466466511,484375.644109116,4976621.06929823,-0.0494648374668933,9.35,186.229,1.324,6.62041639097241
881,1,0,accepted,0.0434813964081381,0.0112924419039909,484376.662968541,4976621.05285057,-0.0439933554741963,8.962,177.613,2.2,6.68988256737464
882,1,0,accepted,0.0356020477767204,0.0486477265423865,484377.692186905,4976621.02558523,-0.0372902520129312,9.159,166.889,1.28,6.67574860844635
883,1,0,accepted,0.0467303732659662,-0.185359361147881,484378.721626479,4976620.98304702,-0.0352594959093429,10.186,174.658,1.302,6.67452206676804
884,1,0,accepted,0.0364283937589649,-0.10044924552407,484379.739942445,4976620.97200492,-0.0275212669948285,11.05,162.682,3.532,6.70636934784431
885,1,0,accepted,0.0389298593275936,0.0451115255016657,484380.754147836,4976620.96262373,-0.0187939477955364,8.298,158.884,1.192,6.68898107448922
886,1,0,accepted,0.0355636164858354,-0.0130129477795709,484381.792917575,4976620.95426606,-0.0135091713885265,8.122,177.76,1.187,6.64143617794027
887,1,0,accepted,0.0392118493180129,-0.0600615651860922,484382.839330851,4976620.94534267,-0.00824795567210686,8.11,167.21,1.13,6.58289163693116
888,1,0,accepted,0.0454824059602599,-0.0834682287772803,484383.901948075,4976620.94575073,-0.00237296594564278,9.073,183.767,1.022,6.69322801402831
889,1,0,accepted,0.0698013991142313,-0.166089136092509,484384.937941752,4976620.93553493,0.00174345851640126,9.595,186.752,1.101,6.798859597079
890,1,0,accepted,0.0288480339286577,0.10312094718641,484385.978030664,4976620.99615201,0.0125181370029846,9.594,187.605,1.192,6.98500442192897
891,1,0,accepted,0.0358460921943625,0.117476648001239,484387.02999572,4976621.01361928,0.0189947103751854,11.183,199.178,1.361,7.26789885218319
892,0,1,acceptedDirectional,0.110473357531521,0.449666427817667,484388.093234177,4976620.97019789,0.0306736850882674,9.223,168.932,0.91,7.76533465709523
893,0,1,acceptedDirectional,0.145077122547349,0.658459946449247,484389.15455066,4976620.97292334,0.0399980206221967,10.348,178.2,0.927,8.27814767249671
894,0,1,acceptedDirectional,0.147673632786015,0.64314078879253,484390.214095169,4976621.01391405,0.0451148393734233,8.461,188.41,1.036,8.77191105072848
895,1,0,accepted,0.144394500675298,0.640948372285243,484391.197964171,4976621.07309996,0.0507342637928643,8.29,159.722,0.984,9.36495363811847
896,1,0,accepted,0.142270034882223,0.689938914964747,484392.255094459,4976621.12859005,0.0569051187765881,9.213,160.475,1.017,9.93567272096419
897,1,0,accepted,0.129812507649611,0.705380512420559,484393.323183351,4976621.20143163,0.0624791614299697,9.206,172.577,1.109,10.5069070776608
898,1,0,accepted,0.122802041095667,0.60593701063607,484394.369563891,4976621.28839006,0.0660629598605263,10.393,165.998,1.09,10.8948093614925
899,1,0,accepted,0.0593521032267637,0.208651298308684,484395.446102046,4976621.43586316,0.0642183056502972,10.751,187.861,2.797,11.2428443462684
900,1,0,accepted,0.0706803402887433,0.222241947349897,484396.49888625,4976621.5174176,0.070088129631869,9.73,196.216,2.301,11.3572830072717
901,1,0,accepted,0.0860267616913594,0.291950376052462,484397.560568828,4976621.60170627,0.0764451245118525,8.382,183.738,1.164,11.2043852206471
902,1,0,accepted,0.0547662419909505,0.0877030648510922,484398.644826614,4976621.71746357,0.0780528880376683,9.32,201.158,1.161,10.8167572972322
903,1,0,accepted,0.0514078049491199,-0.00861747150882448,484399.722188593,4976621.82302102,0.0819558790059125,8.254,173.135,1.135,10.4105788367393
904,1,0,accepted,0.0555030366660147,-0.056653067812292,484400.794107858,4976621.92631239,0.0857192299263551,7.906,187.086,1.085,9.82804844473807
905,1,0,accepted,0.0497388483851802,-0.145595107914335,484401.872920895,4976622.04549631,0.087679282616181,7.934,183.299,1.044,9.20538369527905
906,1,0,accepted,0.0493579105015442,-0.173529978752729,484402.962483767,4976622.16634572,0.0896014707988432,7.338,168.546,1.052,8.72399461136553
907,1,0,accepted,0.0572711484762137,-0.147566239679405,484404.052874632,4976622.28611277,0.0906267735660595,7.8,217.66,1.049,8.42246142866853
908,1,0,accepted,0.0443518836792435,-0.0342569785782713,484405.126166648,4976622.41572859,0.0919952654883167,8.878,194.154,1.107,8.33864974885412
909,1,0,accepted,0.0405481910962239,-0.0233646759579619,484406.200086307,4976622.53970689,0.0910706728442479,10.403,218.742,1.204,8.42563082321178
910,1,0,accepted,0.0343331400105864,0.00506890055158565,484407.282183255,4976622.6657561,0.0908015296003282,10.641,200.764,1.187,8.41471918278338
911,1,0,accepted,0.0334701656859874,0.0625905441534939,484408.360278875,4976622.78169756,0.0908486111338688,7.692,171.735,1.242,8.33240727547349
912,1,0,accepted,0.0408113510682637,-0.03355769331412,484409.463621334,4976622.89515216,0.0887394623234724,7.369,216.534,1.139,8.24207891695667
913,1,0,accepted,0.0269580635404709,-0.0556852017559577,484410.54398012,4976623.02097292,0.088187510086743,10.398,202.579,1.132,8.18816562005544
914,1,0,accepted,0.014842450751263,-0.0590357968953866,484411.630635944,4976623.14787423,0.0885168227796148,10.865,202.474,1.217,8.25917014235871
915,1,0,accepted,0.0172035254277356,-0.0723334965332434,484412.712932561,4976623.26139597,0.0888443454108014,9.595,197.059,1.196,8.22824831978696
916,1,0,accepted,0.0177395859184309,-0.0626897491121702,484413.809099795,4976623.38126731,0.0897277092468555,10.89,187.492,1.16,8.08734718253046
917,1,0,accepted,0.0268391876382675,-0.0838288180823596,484414.908870888,4976623.48976566,0.0899296437158783,9.227,199.771,1.141,7.87027540229553
918,1,0,accepted,0.0387070294549372,-0.081756137317014,484416.02039564,4976623.60379708,0.0903885980910674,8.686,200.798,1.157,7.91774820613748
919,1,0,accepted,0.0560783798111961,-0.076651452944439,484417.139262754,4976623.71401653,0.091031897728477,9.866,190.082,1.124,7.81673320141867
920,1,0,accepted,0.0607736584619066,-0.0309019047802876,484418.246591637,4976623.83634238,0.0924996211097954,10.247,192.933,1.271,7.66516314791769
921,1,0,accepted,0.0707240601398965,-0.0368152464858345,484419.366226214,4976623.95609758,0.0930953875677193,8.957,197.998,1.181,7.35953865092762
922,1,0,accepted,0.059144407121403,-0.117635085104677,484420.437693759,4976624.0985733,0.092161016100655,9.19,203.266,1.28,6.97804683434164
923,1,0,accepted,0.0703482335814506,-0.0886676323965774,484421.552275196,4976624.21932796,0.0933394227695055,8.238,200.753,0.952,6.59939909073572
924,1,0,accepted,0.0667835499915547,-0.0983676340745812,484422.669366745,4976624.35438073,0.0936141689212251,8.044,192.707,1.073,6.26286464471311
925,1,0,accepted,0.0246608858326626,-0.00415035077146368,484423.818113856,4976624.52488584,0.0958318241273393,8.954,218.054,1.122,5.96617975658435
926,1,0,accepted,0.0231131024394327,0.026692018946596,484424.93278504,4976624.66129717,0.0965928735328078,8.287,189.965,1.134,5.7798836600246
927,1,0,accepted,0.0258654729132974,0.0448910174077486,484426.053946627,4976624.79049958,0.0975938853110231,8.893,192.588,1.068,5.62735551742513
928,1,0,accepted,0.0288141677241161,0.0690320323373761,484427.182312683,4976624.92278498,0.0984310528334909,8.061,197.895,1.069,5.4634251180709
929,1,0,accepted,0.0438141055481881,0.0921382509105482,484428.314420044,4976625.04466416,0.0994182404906629,7.923,192.609,1.145,5.23820477973477
930,1,0,accepted,0.0932564011706833,0.265286788945922,484429.463554748,4976625.13509447,0.102867665453021,7.794,204.29,1.067,4.93959771013748
931,1,0,accepted,0.142147713851386,0.529579299124249,484430.593454067,4976625.223111,0.10807408530959,9.211,204.341,1.012,4.9125167899364
932,1,0,accepted,0.159861269865301,0.672590029848768,484431.717438522,4976625.34348192,0.111119974042013,8.276,203.128,1.031,4.7961805818884
933,1,0,accepted,0.156801377425637,0.645742188799359,484432.86544031,4976625.48621084,0.11119616459545,8.738,210.042,0.923,4.56448124732626
934,1,0,accepted,0.119245573820683,0.29098402338055,484434.031926509,4976625.66883033,0.105918022678783,8.222,182.621,0.995,4.45219218043486
935,1,0,accepted,0.108855153541171,0.298434737729172,484435.145683058,4976625.81630806,0.106427916306717,9.038,199.355,1.168,4.161447467371
936,1,0,accepted,0.0877386108280045,0.251449594752556,484436.267412889,4976625.98016562,0.106097322024466,11.759,202.733,1.422,3.85070564360671
937,1,0,accepted,0.0692752949711893,0.11819529347101,484437.388667959,4976626.15270158,0.103771626402697,7.809,185.031,1.042,3.47132644205954
938,1,0,accepted,0.0664594372217968,0.0811379354926028,484438.527366586,4976626.308789,0.102988164658434,7.261,185.468,0.922,3.15651898296641
939,1,0,accepted,0.0642496174335158,0.133519279810918,484439.68316105,4976626.45803886,0.104028407786724,7.61,192.186,0.994,2.82282338886452
940,1,0,accepted,0.0390209272921563,0.119830218284995,484440.855260126,4976626.60888587,0.103847365560906,8.09,193.913,0.984,2.5644034451447
941,1,0,accepted,0.0299105743119438,0.147872744090727,484442.013461165,4976626.76083143,0.104337191500547,8.21,202.409,0.999,2.43433894887147
942,1,0,accepted,0.0140226613867246,0.036977410858729,484443.190267596,4976626.91043003,0.10263978015045,8.336,223.677,1.047,2.35262356333407
943,1,0,accepted,0.00953439648727025,-0.0301408883264296,484444.352894743,4976627.05704725,0.10158276475135,7.162,196.23,2.11,2.34168947682971
944,1,0,accepted,0.0013161429453854,0.145302273841368,484445.520480271,4976627.21098052,0.104471152123552,8.927,220.797,1.066,2.40209068719124
945,1,0,accepted,0.0114099549016997,0.131004546327578,484446.67565235,4976627.35927583,0.104629796631828,9.956,204.013,1.163,2.53210374243288
946,1,0,accepted,0.00539824130224443,0.123642803149405,484447.853623908,4976627.49910378,0.105003531655321,12.701,222.066,1.11,2.72628635243231
947,1,0,accepted,0.0120307579327089,0.105111017512721,484449.031509755,4976627.64227319,0.104949023975749,11.251,218.687,1.093,2.98613187598503
948,1,0,accepted,0.0163207935544606,0.0948809938779155,484450.198198916,4976627.78185759,0.104990752508716,8.607,214.535,1.148,3.29205239292209
949,1,0,accepted,0.0257570347437916,0.0870156149067852,484451.386106974,4976627.91903061,0.104938646358916,7.582,200.172,1.061,3.63226680345868
950,1,0,accepted,0.0392786009846998,0.095310901928588,484452.568254558,4976628.05014342,0.105597328115512,8.877,220.125,1.011,3.97541613572238
951,1,0,accepted,0.0516451578090818,0.0347331462369772,484453.741490489,4976628.16701328,0.105049945302384,9.594,216.024,1.034,4.29305833275255
952,1,0,accepted,0.0634150203986254,0.0358337105824661,484454.927671238,4976628.29835654,0.105323481343224,9.546,215.586,1.026,4.54882259218454
953,1,0,accepted,0.0771238032528844,0.0575272936390375,484456.10842018,4976628.43018812,0.10545401307213,9.423,237.452,1.208,4.69523776849388
954,1,0,accepted,0.0876388858453052,0.0874904130535328,484457.289942679,4976628.56676078,0.105600802817835,8.973,226.049,1.401,4.87568743210674
955,1,0,accepted,0.114744191394275,0.198082004485229,484458.465865091,4976628.67980921,0.107735531758422,8.736,214.914,0.916,4.88149839028256
956,1,0,accepted,0.116409084024129,0.20708327162727,484459.644750893,4976628.82455654,0.108296185866408,8.041,220.541,0.964,4.72612408179367
957,1,0,accepted,0.126662705220115,0.320058666086694,484460.811602879,4976628.95892644,0.110611620148775,9.861,211.675,0.909,4.45125690409607
958,1,0,accepted,0.124377982261831,0.31597748440727,484461.990103431,4976629.1129352,0.110764444609085,9.321,208.845,0.919,4.11763620168492
959,1,0,accepted,0.12003221588953,0.326750777967952,484463.176444429,4976629.27181024,0.111233349977859,8.611,209.803,0.907,3.78366399207112
960,1,0,accepted,0.109225304531993,0.293889890831349,484464.364473485,4976629.43691316,0.110948974702053,9.006,221.693,1.005,3.51590090258148
961,1,0,accepted,0.101333110026237,0.261160001244171,484465.542239694,4976629.59820791,0.110420459147662,8.368,202.008,1.408,3.34596657325117
962,1,0,accepted,0.0868953638935346,0.211194892496053,484466.753272527,4976629.76942477,0.11039871245704,8.633,205.053,0.883,3.5285829677027
963,1,0,accepted,0.0989348742265296,0.23344478115876,484467.937819668,4976629.90927827,0.111105550718892,7.115,210.441,0.922,3.80192987945533
964,1,0,accepted,0.119753078919657,0.294753877418624,484469.146683143,4976630.04663459,0.112499967433171,13.6,268.102,0.985,4.17030405419315
965,1,0,accepted,0.0930771739020827,0.281259464425357,484470.319401944,4976630.22202619,0.112991850992119,9.314,235.097,1.057,4.58777816350919
966,1,0,accepted,0.0729716306979154,0.194989655953057,484471.497526479,4976630.39406936,0.112111247531225,9.93,221.317,1.056,4.92402986895528
967,1,0,accepted,0.0553146892585873,0.130521853701447,484472.672812441,4976630.56705445,0.111346858528415,17.53,291.097,1.583,5.14675868396454
968,1,0,accepted,0.0484118579446989,0.108422877326717,484473.850577041,4976630.72729129,0.11124930803268,8.135,239.234,1.013,5.25065396279811
969,1,0,accepted,0.0487766349160703,0.402448828462575,484475.01412186,4976630.89157063,0.116680248245818,10.716,204.041,1.09,5.22320996868411
970,1,0,accepted,0.0274098332996321,0.1950402221748,484476.224822842,4976631.06288106,0.113314818613061,9.285,221.358,1.083,5.17411496452936
971,1,0,accepted,0.0481500466567499,0.186870381980784,484477.444826937,4976631.20659534,0.113052443851445,17.537,273.992,1.774,5.16780784513457
972,1,0,accepted,0.0304935361344644,0.0804512215418214,484478.621059399,4976631.3782514,0.111192726505542,9.86,248.506,1.213,5.23585132930602
973,1,0,accepted,0.0233325544464548,0.0453507461260841,484479.798596919,4976631.54247826,0.110156777621375,9.476,205.176,1.118,5.2425903477131
974,1,0,accepted,0.0280067704380497,0.0812504561152561,484480.978666349,4976631.69623142,0.110613815862421,10.755,214.896,1.105,5.16555333864661
975,1,0,accepted,0.0275882702314119,0.0851481184167384,484482.157669483,4976631.85539909,0.110348991351664,10.969,265.948,1.212,5.10517870077806
976,1,0,accepted,0.0324518973627316,0.129192646600413,484483.338243675,4976632.01403009,0.110596540156728,9.064,270.399,1.136,5.0030400249965
977,1,0,accepted,0.0347152443002251,0.166799836229928,484484.525033408,4976632.16867562,0.110455001638822,7.88,205.818,1.244,5.16598109397584
978,1,0,accepted,0.034995929676455,0.289023412811432,484485.710099466,4976632.33146951,0.111862525988719,7.591,208.26,1.097,5.39306782088049
979,1,0,accepted,0.0354725643348017,0.229262862064947,484486.911147369,4976632.48708377,0.109986455105032,8.478,218.092,1.144,5.54442321688383
980,1,0,accepted,0.0426634665857915,0.223935833129336,484488.109706242,4976632.64298968,0.108784125314419,9.396,221.619,1.152,5.59901727509744
981,1,0,accepted,0.0419603385535331,0.195429565754403,484489.294883004,4976632.80187459,0.107244708318944,15.733,222.465,1.633,5.5471929967764
982,1,0,accepted,0.0548037029509529,0.193935401468116,484490.463184201,4976632.95571618,0.108560829639574,7.974,204.439,0.961,5.36696417438446
983,1,0,accepted,0.0840147588158057,0.294441845268405,484491.613752624,4976633.11900484,0.109791770109433,9.082,208.671,1.014,5.26813140490434
984,1,0,accepted,0.0653573500341371,0.15241007863838,484492.840536156,4976633.30106777,0.10523439220112,8.291,202.284,0.952,5.04600023322043
985,1,0,accepted,0.0409232872305223,-0.117003094655721,484494.047797465,4976633.46557474,0.101229586603408,7.262,224.894,1.011,4.7132874804063
986,1,0,accepted,0.0441921579169107,-0.0811834280409824,484495.238512205,4976633.63246973,0.101278833620002,9.712,183.558,0.983,4.45441430648923
987,1,0,accepted,0.0257890992286681,0.00916619366725368,484496.430119543,4976633.76006529,0.1020277354122,9.144,211.097,1.151,4.34750583521681
988,1,0,accepted,0.0191525710796026,0.199157440783772,484497.620135351,4976633.90066462,0.104735417131407,10.171,209.727,1.195,4.26606386141681
989,1,0,accepted,0.0151882231452022,0.327637068283696,484498.811655335,4976634.05053868,0.107162916357658,11.325,215.282,1.195,4.2101592609942
990,1,0,accepted,0.0233604511653245,0.354665399986256,484499.992241053,4976634.19216467,0.106949318288844,9.071,204.324,1.097,4.17804685283711
991,1,0,accepted,0.0285685187989639,0.325969137447765,484501.172366615,4976634.33751549,0.10630683389024,11.255,191.727,1.107,4.1681899764164
992,1,0,accepted,0.0329598743666105,0.273868564028583,484502.35405303,4976634.48429319,0.105061558287903,9.458,195.317,1.143,4.43495274299141
993,1,0,accepted,0.046884355384209,0.187570675867461,484503.517893147,4976634.61944155,0.102932362345811,12.284,195.97,1.167,4.68359520310682
994,1,0,accepted,0.04182066980771,0.230256456180057,484504.702762506,4976634.77557815,0.103147574385831,10.7,198.445,1.132,4.92944414903326
995,1,0,accepted,0.0475605642540713,0.265112749263931,484505.866078015,4976634.91658123,0.103557505479775,8.648,219.364,1.193,5.20577417050768
996,1,0,accepted,0.0244961276498476,0.0622740958314311,484507.039048413,4976635.08892514,0.0999537024066913,9.148,196.52,1.084,5.53939502780345
997,1,0,accepted,0.0331380156509015,0.0766430048249693,484508.208926034,4976635.22737775,0.0997969149220575,9.707,205.964,1.14,5.88892254263446
998,1,0,accepted,0.0424897505352591,0.0573220626449527,484509.375802002,4976635.36398296,0.0989546063540162,10.786,205.365,1.157,6.19107661512242
999,1,0,accepted,0.0404029663759997,-0.0109892510412138,484510.533125184,4976635.51138929,0.0978277663149446,8.662,232.617,1.225,6.41851314053084
1000,1,0,accepted,0.0428574377174637,-0.0119749794532282,484511.666160653,4976635.65820847,0.0971631188994607,11.398,225.114,1.117,6.58121395525535
1001,1,0,accepted,0.0489417450283037,-0.0386082099370892,484512.78818437,4976635.82719852,0.096520677293451,10.38,249.344,1.182,6.6897610743672
1002,1,0,accepted,0.0703972825608721,0.0119295118444652,484513.925080867,4976635.95227799,0.0973392097417489,8.396,218.737,1.195,6.75380440540436
1003,1,0,accepted,0.0899923443321633,0.117129053385324,484515.057641755,4976636.08840878,0.0987564331783347,8.727,227.363,1.361,6.90070104002776
1004,1,0,accepted,0.100249723643378,0.151175392900027,484516.197314144,4976636.22573838,0.0996957460925174,9.691,231.346,1.63,7.14576543135569
1005,1,0,accepted,0.101481574877855,0.132299386308529,484517.344497867,4976636.37054848,0.099945027271611,9,223.673,1.289,7.31408050599756
1006,1,0,accepted,0.104118664226644,0.148154209706011,484518.487727435,4976636.51445121,0.100520161114717,9.854,229.529,1.416,7.31687615895567
1007,1,0,accepted,0.100374195475821,0.0995650576241487,484519.63467537,4976636.65594126,0.100334470784115,8.839,218.197,1.388,7.2259939646566
1008,1,0,accepted,0.089062122402954,0.0661013664002467,484520.779026242,4976636.79587457,0.100212206317498,8.246,190.499,1.242,7.0287008195247
1009,1,0,accepted,0.075292530087501,0.080130789041548,484521.928460999,4976636.93369618,0.100767601746229,9.998,220.39,1.154,6.76722602963961
1010,1,0,accepted,0.0602991393372329,0.122229609588242,484523.080599749,4976637.07154235,0.101894371932773,9.672,215.202,1.03,6.6039614133707
1011,1,0,accepted,0.0428090184884978,0.0413105721396052,484524.24496185,4976637.21659264,0.100480975643296,9.397,233.251,1.343,6.54623020997982
1012,1,0,accepted,0.0415431109661122,0.0375253828453536,484525.398742498,4976637.36266897,0.0999652471093918,9.283,245.188,1.181,6.46936446559158
1013,1,0,accepted,0.0415275345748212,-0.0436552132044821,484526.528962548,4976637.50642591,0.0996494647724135,9.614,237.518,1.221,6.32070269098993
1014,1,0,accepted,0.0458698470552662,-0.0196499341022195,484527.661589667,4976637.64827713,0.0999953040354247,9.089,238.676,1.218,6.23761416369929
1015,1,0,accepted,0.0447949903289456,0.0153970223102282,484528.783077082,4976637.78805021,0.100892867581831,8.569,230.215,1.229,6.15049993009797
1016,1,0,accepted,0.045776690076439,0.0190455825357406,484529.905455365,4976637.9278494,0.101290657094782,19.468,235.105,1.229,6.22645562339559
1017,1,0,accepted,0.0523241466645179,0.0353027839413988,484531.030984845,4976638.06122094,0.101803655439152,9.454,232.328,1.569,6.44143790015951
1018,1,0,accepted,0.0466992999775978,0.0293911962565808,484532.15265314,4976638.20440869,0.101734776571121,9.378,228.766,1.191,6.63872387763967
1019,1,0,accepted,0.0376834489845805,0.0607368800240794,484533.270095319,4976638.34322349,0.103099158710196,9.263,211.314,1.17,6.78619290352368
1020,1,0,accepted,0.0397086467225385,0.0694742754274256,484534.396517104,4976638.47937554,0.104467722155724,9.989,212.226,1.169,6.93904792035454
1021,1,0,accepted,0.0433392617048592,0.0823534328899424,484535.502853763,4976638.61314412,0.106062995181412,9.52,236.133,1.235,7.01792796183632
1022,1,0,accepted,0.0542933242746507,0.0306253925779433,484536.625392879,4976638.74377353,0.106349570323336,8.122,225.749,1.237,7.04533141652875
1023,1,0,accepted,0.0522931255754512,0.149972594171046,484537.740610682,4976638.88858545,0.109179846195438,8.826,216.796,1.286,6.97671963922476
1024,1,0,accepted,0.0657696748244141,0.128278268039786,484538.867601089,4976639.02023284,0.109782122990909,8.57,213.197,1.164,6.83408253205554
1025,1,0,accepted,0.070644701255425,0.150154683659372,484539.985362521,4976639.16113915,0.111134574975862,8.981,209.639,1.007,6.51090527705558
1026,1,0,accepted,0.0740042141238984,0.179842208572561,484541.095666118,4976639.30444812,0.112451773472055,10.178,206.06,0.992,6.3399991265224
1027,1,0,accepted,0.0400219979082194,0.106023238203287,484542.20516796,4976639.49189286,0.11226516776234,9.179,211.576,1.151,6.08168207942324
1028,1,0,accepted,0.034716671596644,0.0190500818995863,484543.324003287,4976639.65174184,0.111842956781815,7.865,214.89,0.992,5.9457633642926
1029,1,0,accepted,0.00864459500220374,-0.129164041069787,484544.451283422,4976639.84728278,0.109398490970213,8.989,216.216,0.981,5.75844539652428
1030,1,0,accepted,0.0469131851525863,-0.452427886073465,484545.591907939,4976640.03565562,0.105646457075869,7.915,206.594,0.952,5.54522539010932
1031,1,0,accepted,0.0768690286186243,-0.672486903563438,484546.720392313,4976640.21822997,0.102308663176876,7.64,220.507,1.039,5.49435567468769
1032,1,0,accepted,0.051651650587976,-0.395089646387979,484547.834431266,4976640.32128616,0.107863119587335,10.106,215.131,0.981,5.49370337127382
1033,1,0,accepted,0.090900673075345,-0.0475774332476742,484548.955456249,4976640.42196398,0.114680042348788,8.404,214.308,1.085,5.46858238234389
1034,1,0,accepted,0.0695249997181519,-0.00590204323063834,484550.030900153,4976640.59452275,0.116249383385788,8.663,197.617,1.11,5.3888661099059
1035,1,0,accepted,0.0555406137198536,-0.0391794064947884,484551.127555265,4976640.77027183,0.116633933259713,9.143,197.351,1.259,5.28817479724193
1036,1,0,accepted,0.0515432819489092,-0.127844593135754,484552.255177461,4976640.9451166,0.116561822710472,9.481,201.296,1.251,5.13929727625848
1037,1,0,accepted,0.0601536633896726,-0.113778639715936,484553.363634408,4976641.10831454,0.118506250736618,10.391,203.019,1.342,4.89383252956142
1038,1,0,accepted,0.0755613355072363,-0.14219789637956,484554.449847486,4976641.27676003,0.119659813337265,9.81,208.016,1.179,4.58625686603428
1039,1,0,accepted,0.0691028289693383,-0.192256591848852,484555.577508815,4976641.4260585,0.120493328137258,8.082,207.061,1.091,4.41352616323197
1040,1,0,accepted,0.0334965659769004,-0.199668396373602,484556.680067054,4976641.55660637,0.121795342850479,9.519,208.845,1.152,4.30548556636826
1041,1,0,accepted,0.0321847991514855,-0.231335729963182,484557.815898788,4976641.71145703,0.122016782873376,9.706,192.014,1.115,4.14335735651223
1042,1,0,accepted,0.0447066966150124,-0.237382714161684,484558.963302109,4976641.86656588,0.122170484283116,7.826,205.139,1.082,3.94440051104282
1043,1,0,accepted,0.0614066338698079,-0.256338813810678,484560.109000678,4976642.0201157,0.121586230531172,9.15,200.148,1.191,3.69961733364726
1044,1,0,accepted,0.0591916794712588,-0.147509261528489,484561.243616182,4976642.18192708,0.123032460669474,9.422,195.412,1.338,3.41569710425922
1045,1,0,accepted,0.0637573949949791,-0.180476247356156,484562.37765559,4976642.3340767,0.122605239596354,8.352,200.957,1.089,3.11359905743275
1046,1,0,accepted,0.0659376710876395,-0.165120527358783,484563.509264226,4976642.48534771,0.123049764645392,9.146,201.209,1.356,2.80776707487621
1047,1,0,accepted,0.0628658534358683,-0.171802292195003,484564.645258794,4976642.63693712,0.123396687487037,8.543,199.082,1.2,2.60487469452229
1048,1,0,accepted,0.0256000670133619,-0.0398492701154048,484565.750147095,4976642.81756447,0.126391106204314,8.461,192.159,1.11,2.44580897974333
1049,1,0,accepted,0.0250303718668241,-0.0400372548985282,484566.895556916,4976642.97922176,0.12706974252371,7.675,207.721,1.323,2.35326916144807
1050,1,0,accepted,0.0241361440017987,-0.00246840642951822,484568.033747021,4976643.13841945,0.128572679235867,9.277,184.986,1.357,2.32251612805796
1051,1,0,accepted,0.0293249297409961,0.0474487871060028,484569.180282604,4976643.30129771,0.129466663260849,10.69,208.574,1.176,2.35088335704092
1052,1,0,accepted,0.0340888918338293,0.0441834901681121,484570.341637783,4976643.4701741,0.129758977981613,9.246,193.143,1.14,2.40534850134829
1053,1,0,accepted,0.0293670129940256,-0.220996666046313,484571.478521166,4976643.70197526,0.125105716541319,8.969,201.914,1.068,2.45322944708376
1054,1,0,accepted,0.0176466506100196,-0.0800716753268024,484572.622358847,4976643.84340957,0.127233264449007,8.368,190.869,1.176,2.49956770330171
1055,1,0,accepted,0.025704089259564,-0.228923777547737,484573.780751941,4976644.03611034,0.124582845735483,7.932,183.534,1.062,2.54881710007856
1056,1,0,accepted,0.032246687399969,-0.070936312841891,484574.932502279,4976644.17783654,0.127176193975846,8.011,173.711,1.089,2.61448326999426
1057,1,0,accepted,0.0270698865499225,-0.129202204265421,484576.110693812,4976644.35681395,0.125678570397126,8.283,190.389,1.11,2.70868027455556
1058,1,0,accepted,0.0176946092562384,-0.263028265683272,484577.276675493,4976644.53157353,0.123207203363454,7.695,188.962,1.07,2.84886624530281
1059,1,0,accepted,0.0107323019611011,-0.328751222589098,484578.454679786,4976644.70359935,0.122008849478278,8.914,193.849,1.121,3.08332027571289
1060,1,0,accepted,0.024884683675706,-0.124198744675712,484579.632628304,4976644.84239314,0.125237977658832,9.633,194.702,1.344,3.45355116753451
1061,1,0,accepted,0.0158907562225553,-0.293677295024751,484580.814004599,4976645.02043334,0.12216103080993,8.275,188.042,1.127,3.95670760190665
1062,1,0,accepted,0.0268276890777563,-0.166523110093539,484582.005085077,4976645.18205806,0.124474212168266,8.349,180.63,1.101,4.58168269724291
1063,1,0,accepted,0.0256523382782342,-0.253843712287359,484583.184918656,4976645.35388454,0.122510576275926,9.819,180.053,1.087,5.27524702873082
1064,1,0,accepted,0.027451202283029,-0.273335530761237,484584.364167879,4976645.52013881,0.12231030399834,8.723,237.625,1.115,5.98020142067902
1065,1,0,accepted,0.0211748859564599,-0.206772305865704,484585.56510182,4976645.70118442,0.123214459555479,8.587,168.033,1.14,6.60486082247837
1066,1,0,accepted,0.0152987310540736,-0.0671735871890219,484586.731701035,4976645.87480703,0.125481087159256,8.828,185.996,1.2,7.16330788511782
1067,1,0,accepted,0.0158291351089626,-0.0129402154844888,484587.923641216,4976646.05081342,0.126317575336588,9.515,196.211,1.251,7.55609164215379
1068,1,0,accepted,0.0137144884510706,0.0171459801636202,484589.111706907,4976646.22477857,0.126649799282645,10.02,195.013,1.236,7.83743686590892
1069,1,0,accepted,0.021188840400987,-0.00808143524408404,484590.311372992,4976646.39306723,0.125984204182513,10.344,200.268,1.109,7.96728480363283
1070,1,0,accepted,0.0286383040162151,-0.0290567514015934,484591.50238249,4976646.56049632,0.125737657473788,8.719,188.225,1.128,7.89055595418501
1071,1,0,accepted,0.0400532791009946,-0.0693098140835778,484592.702847689,4976646.72439961,0.125310383678309,8.576,177.672,1.154,7.85514731459084
1072,1,0,accepted,0.053252506713412,-0.085836463598244,484593.896768598,4976646.88675895,0.125368085581233,8.587,196.428,1.16,7.74716879626803
1073,1,0,accepted,0.0357336512338176,0.0283988993292743,484595.094818761,4976647.0818889,0.127780291149722,11.029,180.918,1.398,7.52248210634594
1074,1,0,accepted,0.0336430556432169,0.0600998310155702,484596.293584452,4976647.26122792,0.128979612345169,9.889,201.698,1.366,7.37701904712516
1075,1,0,accepted,0.0297873059774722,0.0939273842522246,484597.490906016,4976647.44348945,0.129815050413156,10.019,203.304,1.306,7.53342005667971
1076,1,0,accepted,0.0318303545961106,0.114405360584701,484598.692705497,4976647.6209809,0.130455911055471,9.92,210.719,1.213,7.67799958884669
1077,1,0,accepted,0.0255155110053988,0.0975988285300113,484599.903351188,4976647.81263991,0.130780562384552,11.905,208.983,1.298,7.76474961164885
1078,1,0,accepted,0.0337403708335156,0.0467792073274537,484601.098611035,4976648.00135739,0.130409282967922,11.564,200.55,1.267,7.85685836938708
1079,1,0,accepted,0.0310248112658224,-0.0117661097001704,484602.295478618,4976648.20059034,0.129888871014951,12.194,190.29,1.443,7.84587981155836
1080,1,0,accepted,0.0467433541426541,-0.0145673749744391,484603.50005224,4976648.38191576,0.130181116219987,10.966,194.979,1.253,7.74706157729699
1081,1,0,accepted,0.0645813338904355,-0.0113402999924005,484604.706754996,4976648.56237482,0.131189439592012,9.839,205.468,1.271,7.68065881474194
1082,1,0,accepted,0.075226331738505,0.00951982897698071,484605.907068062,4976648.74920791,0.131836457118929,11.061,176.107,1.239,7.64973948502303
1083,1,0,accepted,0.093272401880203,0.067699562557386,484607.124751845,4976648.93349594,0.133346302336031,10.813,172.487,1.195,7.4939607286085
1084,1,0,accepted,0.122102062058641,0.302480285668375,484608.31704855,4976649.10434995,0.137690480302371,10.38,204.022,1.193,7.34494484820308
1085,1,0,accepted,0.094476378925822,0.106806101354932,484609.512365834,4976649.3342507,0.134608003038774,9.763,186.07,1.389,7.13869905952627
1086,1,0,accepted,0.0908141468069156,0.060657514921107,484610.699301268,4976649.5383035,0.133750615796553,8.679,200.157,1.133,6.87242671747383
1087,1,0,accepted,0.0789869663848157,0.0310044934745886,484611.893620437,4976649.75155665,0.13333538614059,10.331,186.729,1.348,6.67533169268019
1088,1,0,accepted,0.0623462613245737,0.00165213109289602,484613.09226905,4976649.96670973,0.13310138484986,8.791,210.929,1.099,6.72574123592605
1089,1,0,accepted,0.0557211943866844,-0.000527107901157731,484614.289856491,4976650.17042881,0.133198894025723,9.648,236.676,1.224,6.93582413678429
1090,1,0,accepted,0.0541163845325067,0.0299199854139236,484615.47997338,4976650.37167005,0.133893154381011,9.189,210.087,1.228,7.14664421036238
1091,1,0,accepted,0.0494739035562614,-0.0602858294821714,484616.690554797,4976650.57218686,0.13265455553373,9.608,181.769,1.222,7.31439116086237
1092,1,0,accepted,0.0542431900403661,-0.103903865597418,484617.878384114,4976650.76328817,0.132033772647109,9.271,221.329,1.137,7.46423287375127
1093,1,0,accepted,0.0575016828685607,-0.149650622116133,484619.08417901,4976650.95786937,0.131065628252564,11.507,212.608,1.413,7.62638751365308
1094,1,0,accepted,0.0696750073085351,-0.179538592472165,484620.290816154,4976651.14362293,0.130776105877392,10.693,218.721,1.205,7.82338261538184
1095,1,0,accepted,0.0784865596870426,-0.107698530540032,484621.504671105,4976651.33733288,0.131862831861431,10.416,220.661,1.361,7.99081531303762
1096,1,0,accepted,0.0795455022228228,-0.0157879975470364,484622.706635207,4976651.53513373,0.133566907559595,9.714,218.082,1.173,8.16380042016599
1097,1,0,accepted,0.0825375379037742,0.0174471176409087,484623.907386373,4976651.73152161,0.134127245227118,9.086,224.038,1.242,8.66926578486709
1098,1,0,accepted,0.0821854466266723,0.0397886317167238,484625.116853165,4976651.92709258,0.134490361846949,10.959,238.831,1.363,9.23996297623269
1099,1,0,accepted,0.0879611409100399,0.0795519242045226,484626.279499382,4976652.11064463,0.135099724724258,8.932,236.485,1.227,9.63676411166369
1100,1,0,accepted,0.092264586765218,0.084319064299764,484627.471461123,4976652.30097265,0.135363837758767,9.115,205.862,1.405,9.87230785496705
1101,1,0,accepted,0.0932452492740685,0.189768026967822,484628.667287092,4976652.49620617,0.136990527007385,10.015,222.925,1.12,9.9921956564646
1102,1,0,accepted,0.10633425160615,0.247355230604503,484629.860477675,4976652.67884552,0.137571536767308,9.352,223.261,1.117,9.92214033446406
1103,1,0,accepted,0.0847636840299174,0.136124351743748,484631.050655647,4976652.89572577,0.136023302427164,9.33,222.349,1.084,9.64608735762798
1104,1,0,accepted,0.0765268909734579,0.0850095914367874,484632.232267214,4976653.09665481,0.134854826352597,9.311,222.341,1.49,9.12103073866906
1105,1,0,accepted,0.0780528788121791,0.0899961534019205,484633.411743735,4976653.28884985,0.134711543588125,9.966,205.861,1.023,8.40752201545812
1106,1,0,accepted,0.076361387739334,0.0840693739216851,484634.596521697,4976653.48555511,0.134204864706982,9.502,224.077,1.018,7.80159952148946
1107,1,0,accepted,0.0661215826254954,0.0570241982321245,484635.777458025,4976653.68934577,0.133413056155915,9.517,229.362,1.028,7.10156347157461
1108,1,0,accepted,0.0751329434910657,0.09419296066542,484636.946787996,4976653.87631421,0.133625777841734,11.522,224.75,1.047,6.59678047086232
1109,1,0,accepted,0.0802155838170121,0.0630377215985732,484638.135775542,4976654.06066364,0.132753168845733,8.785,210.706,1,6.36779141112009
1110,1,0,accepted,0.0663873260477661,0.0204872526656097,484639.334106724,4976654.26054505,0.131597626276858,7.75,227.146,1.109,6.16411770758157
1111,1,0,accepted,0.0558421927154643,-0.0624651868168836,484640.55636458,4976654.45934397,0.129919558556077,8.048,215.868,0.998,6.00962416684723
1112,1,0,accepted,0.0475015271637494,-0.130214405531318,484641.745120033,4976654.65546665,0.128223289905131,7.775,222.15,1.199,5.93412795914737
1113,1,0,accepted,0.0455336565211832,-0.112557598508829,484642.91324274,4976654.84268655,0.128013625471414,8.587,215.275,1.091,6.07629017454966
1114,1,0,accepted,0.046700995303418,-0.118975520873554,484644.066544932,4976655.03022671,0.127883142923339,9.195,210.45,1.159,6.3568394770637
1115,1,0,accepted,0.0425487100051399,-0.0730995503712297,484645.245044139,4976655.21810434,0.127907611359193,7.658,211.785,1.066,6.5814775787416
1116,1,0,accepted,0.038526067650152,-0.0841799147416216,484646.419586877,4976655.40503531,0.127937976379923,10.146,198.131,1.155,6.91250055908255
1117,1,0,accepted,0.0454181297761709,-0.0410895718920642,484647.591752682,4976655.58329448,0.128235494569456,8.074,183.695,1.111,7.17929137536872
1118,1,0,accepted,0.040034237156609,-0.0439612069966911,484648.750688079,4976655.76999243,0.12764316074817,8.69,186.636,1.146,7.36387642532166
1119,1,0,accepted,0.0410365543143886,0.00430619445030193,484649.91650995,4976655.95114487,0.12824263386284,10.819,213.322,1.408,7.39652509104947
1120,1,0,accepted,0.0423481057339907,0.0209155713538812,484651.071963939,4976656.12983385,0.128227473542283,8.904,219.804,1.146,7.24615561624396
1121,1,0,accepted,0.0432011972723496,0.0408540528555197,484652.216480111,4976656.30820365,0.128557664495085,8.22,183.429,1.15,7.04273937629763
1122,1,0,accepted,0.0531740835924746,0.049792169246503,484653.371813762,4976656.47719061,0.128601496323915,12.09,200.651,1.76,6.7714629557562
1123,1,0,accepted,0.0660219780585565,0.0743900935994184,484654.521167259,4976656.64251374,0.128605624111926,17.036,292.082,1.179,6.48181482773128
1124,1,0,accepted,0.073942158144448,0.103077156603954,484655.648247463,4976656.81208753,0.128736339689091,12.512,197.566,1.229,6.53962672132732
1125,1,0,accepted,0.0889787087225031,0.0840487025621359,484656.774637379,4976656.97280358,0.128131712027951,21.674,262.611,1.228,6.76132189236192
1126,1,0,accepted,0.103399766201145,0.0924196495525694,484657.906216946,4976657.13337646,0.127967206537363,9.737,259.758,1.258,6.92300971039806
1127,1,0,accepted,0.113003371818928,0.0834015641935744,484659.040745859,4976657.29789222,0.127582201322531,10.136,197.925,1.234,7.07730420265732
1128,1,0,accepted,0.120453315393554,0.0602579971875009,484660.184196456,4976657.46447755,0.127053096200001,8.824,187.391,1.094,7.11295162299679
1129,1,0,accepted,0.118792765291117,0.0366492051801359,484661.329179949,4976657.64224774,0.126250447920274,16.545,187.689,1.302,7.02666662466708
1130,1,0,accepted,0.0957999383287231,0.0218393724237134,484662.438811169,4976657.8366746,0.125677113770882,12.672,234.919,1.115,6.84079191939775
1131,1,0,accepted,0.096230163738376,0.000856439563792617,484663.556392849,4976658.00922749,0.125154185802055,7.51,177.282,1.069,6.61540285165815
1132,1,0,accepted,0.0987023882216644,0.0300544999817243,484664.65693306,4976658.17557151,0.12543681343309,7.773,173.901,0.917,6.63297819535407
1133,1,0,accepted,0.100030384868863,0.0384310474972401,484665.760159525,4976658.34383655,0.125593960437396,9.89,174.529,1.137,6.60250993887091
1134,1,0,accepted,0.0984177835043689,0.0319324468881268,484666.883236897,4976658.51927138,0.125957105629058,14.061,224.823,1.135,6.57643687070705
1135,1,0,accepted,0.110611796150392,0.105355740938634,484667.989254365,4976658.6771717,0.127371815032087,8.722,256.67,1.402,6.4330346150261
1136,1,0,accepted,0.115025914163143,0.0175129106807924,484669.112711874,4976658.85064798,0.126151894800152,7.03,197.463,1.194,6.28652099046659
1137,1,0,accepted,0.120287543786514,-0.0362070961899043,484670.21087486,4976659.01923992,0.125451907185356,6.883,191.155,1.05,6.11759085676612
1138,1,0,accepted,0.0786003980280256,-0.162809060507573,484671.265781771,4976659.22041152,0.123388244251964,11.808,201.171,1.531,5.90161950182383
1139,1,0,accepted,0.0601294793417645,-0.14872326821807,484672.312280725,4976659.39552123,0.12390509256958,15.311,301.54,1.788,5.70520402644653
1140,1,0,accepted,0.066134651798463,-0.101845617875008,484673.388519852,4976659.55776316,0.124809727434444,7.782,205.974,1.135,5.40396488511852
1141,1,0,accepted,0.048480719606403,-0.119932564251592,484674.476067838,4976659.74480011,0.124686468117975,8.104,193.295,1.137,5.01612372833908
1142,1,0,accepted,0.0685343568303163,-0.129922001539356,484675.582114252,4976659.89975025,0.124535618525066,10.806,196.34,1.117,4.66020972333929
1143,1,0,accepted,0.0604105731429564,-0.02315180212285,484676.622749726,4976660.06990688,0.126389436880301,12.286,208.096,1.639,4.3407659371469
1144,1,0,accepted,0.0982074056275635,0.0145581387820491,484677.66702481,4976660.20033747,0.126922332268361,7.016,210.494,1.094,4.32138011668683
1145,1,0,accepted,0.0742497041502827,-0.0594819695109925,484678.743753845,4976660.39042633,0.125935295207579,13.769,194.184,1.132,4.42274568059643
1146,1,0,accepted,0.0730249022551292,-0.0427618764014183,484679.780805896,4976660.56032763,0.126314283762739,8.879,181.791,1.088,4.57551686105973
1147,1,0,accepted,0.154913143428645,0.0212128341566063,484680.730933174,4976660.70176845,0.127479380341002,8.258,208.141,1.105,4.75388226742896
1148,1,0,accepted,0.115789263513747,0.0311598904160176,484681.829331473,4976660.87515872,0.127713024734469,9.222,202.007,1.121,4.98903760383314
1149,0,1,acceptedDirectional,0.0990068210390671,0.0165750304395565,484682.882602704,4976661.0625491,0.127602917755105,10.233,187.023,1.062,5.24114691439848
1150,0,1,acceptedDirectional,0.101807145949288,0.0359888711228773,484683.943351754,4976661.2169733,0.12801062249434,7.433,186.692,1.062,5.45246904775087
1151,1,0,accepted,0.0414689969280216,0.188369899958855,484685.022742208,4976661.41657476,0.130615130774377,7.084,186.361,1.045,5.62806463372239
1152,1,0,accepted,0.0366020207671924,0.182170133031043,484686.052020089,4976661.59177256,0.130348825827303,8.643,184.833,1.21,5.87160049831791
1153,1,0,accepted,0.0220481430574046,0.108761093808805,484687.093541691,4976661.76943909,0.129017708804942,7.7,208.336,1.096,6.08202639940307
1154,1,0,accepted,0.0327177018552696,0.147795370740375,484688.119638122,4976661.92259471,0.129038475648201,6.721,174.61,1.176,6.3488652275569
1155,1,0,accepted,0.0284153348800249,-0.0471083423945412,484689.15378154,4976662.11833826,0.125763029841335,6.725,169.064,0.986,6.56639773273999
1156,1,0,accepted,0.0367464478808566,0.0293241080246805,484690.165488046,4976662.25986001,0.126756191525672,6.451,169.247,1.007,6.90166603542535
1157,1,0,accepted,0.0336039874875917,0.104433910022952,484691.172131667,4976662.4010387,0.127957106724401,6.885,173.809,1.078,7.22111043467323
1158,1,0,accepted,0.0403734746743945,0.0696331957187175,484692.18447344,4976662.55424456,0.127108984679185,6.474,188.161,1.036,7.50533144383721
1159,1,0,accepted,0.0356909131301923,0.0668570816736635,484693.200213966,4976662.71495412,0.126712076392927,6.535,171.964,1.103,7.6765802527974
1160,1,0,accepted,0.0279424363062519,0.0412498684372436,484694.215414308,4976662.87350423,0.125809365267427,6.673,186.947,1.064,7.77075034737154
1161,1,0,accepted,0.0286021229974764,0.0521250179211957,484695.227718312,4976663.01991866,0.125280655872194,6.668,192.929,1.06,7.89896006591935
1162,1,0,accepted,0.0432835838184853,0.0591052114036198,484696.223728887,4976663.16576206,0.124705453455304,6.245,166.375,1.039,8.06016105537182
1163,1,0,accepted,0.0461764211883244,0.0725723567410297,484697.238118406,4976663.30756476,0.124165137768293,7.14,179.872,1.052,8.12026131787826
1164,1,0,accepted,0.0578451419506284,0.0673789080882386,484698.22410285,4976663.44628226,0.123115110341996,6.156,187.008,1.065,8.34640266451424
1165,1,0,accepted,0.0734206826348997,0.0357527769495574,484699.231723391,4976663.57994727,0.121558709140288,6.364,184.355,1.007,8.4823803373794
1166,1,0,accepted,0.0939081751660886,0.035385432071601,484700.244171827,4976663.71369741,0.12051379115365,6.561,180.873,1.837,8.45902928609733
1167,1,0,accepted,0.11340407079005,0.0408510452732626,484701.244464966,4976663.84734788,0.119627177482897,12.778,185.575,1.138,8.41057106292292
1168,1,0,accepted,0.112701960044391,0.176328676234574,484702.215594342,4976663.98953498,0.120994881840318,8.048,178.515,1.269,8.4324566770273
1169,1,0,accepted,0.122296607132978,0.187036460401975,484703.197928426,4976664.12532898,0.12024560513088,8.24,191.378,1.12,8.31571092116343
1170,1,0,accepted,0.125619243809245,0.169806881245696,484704.179435323,4976664.26679634,0.11878054591107,6.537,195.261,1.131,8.23912381620794
