frame,accepted,directional,reason,errorM,yawErrorDeg,x,y,psi,matchingMs
1,0,0,insufficientComponents,0.640312423976002,2,484201.572914107,4977500.52147539,-2.10588080737395,139.308
2,1,0,accepted,0.159903957871175,0.236336717397467,484200.987964809,4977500.78617954,-2.13666493227137,191.688
3,1,0,accepted,0.153157206808717,-0.0963616937599469,484201.004874352,4977500.7845887,-2.14245197840104,68.747
4,1,0,accepted,0.156585044281792,-0.0332408705670619,484201.002496692,4977500.78214523,-2.14135489899751,34.042
5,1,0,accepted,0.167116064645754,0.188065307463988,484200.993285716,4977500.77532883,-2.13749579184024,21.204
6,1,0,accepted,0.172958725803928,0.425851746830172,484200.981834866,4977500.77554448,-2.13333044375409,26.75
7,1,0,accepted,0.174652262850331,0.482951322554818,484200.979890144,4977500.77476152,-2.13232734853216,20.014
8,1,0,accepted,0.175753903120312,0.55668379891664,484200.980532171,4977500.77136113,-2.13104430115184,17.379
9,1,0,accepted,0.186827726752275,0.547742188797389,484200.964979072,4977500.76405744,-2.13118240914009,26.432
10,1,0,accepted,0.183707755809429,0.568955788547396,484200.965439732,4977500.75940692,-2.13082204778827,13.978
11,1,0,accepted,0.172514834414575,0.514286037338104,484200.968041834,4977500.75741601,-2.13178614531592,14.238
12,1,0,accepted,0.167775431449551,0.616874142085141,484200.95667661,4977500.75256758,-2.12996296415321,19.789
13,1,0,accepted,0.159910588435927,0.716833249711025,484200.94101,4977500.74924055,-2.12826034238376,21.103
14,1,0,accepted,0.133892201679367,0.586611954629745,484200.948970025,4977500.74421446,-2.13046170862675,13.152
15,1,0,accepted,0.136771605505202,0.735427459890843,484200.928732978,4977500.71810473,-2.12780438588407,14.724
16,1,0,accepted,0.139842758307474,0.871198124548029,484200.904477532,4977500.68780118,-2.12532199088101,18.937
17,1,0,accepted,0.134623051837871,0.728568093590791,484200.889277047,4977500.65435537,-2.12763898516148,26.055
18,1,0,accepted,0.130451543298176,0.744677299728883,484200.864681521,4977500.61933107,-2.12718010239927,15.958
19,1,0,accepted,0.119762945362648,0.403885529809744,484200.847096978,4977500.57924434,-2.13284964863567,14.245
20,1,0,accepted,0.12179418693248,0.538881145665455,484200.813934573,4977500.52755035,-2.13003510070292,15.633
21,1,0,accepted,0.11292872008172,0.460674719836815,484200.783820037,4977500.47924491,-2.13076204028476,16.858
22,1,0,accepted,0.101631758606423,0.363869177949677,484200.759845136,4977500.42155251,-2.13174825786566,15.449
23,0,0,inconsistentClasses,0.093799216096083,0.360149618799337,484200.72203501,4977500.35859749,-2.13090597057043,20.274
24,0,0,inconsistentClasses,0.0862869876085605,0.351240132516916,484200.679527012,4977500.28874047,-2.12978624962847,23.135
25,0,0,inconsistentClasses,0.0794310103558932,0.342439067415118,484200.632146611,4977500.21141121,-2.12855047739661,22.524
26,0,0,inconsistentClasses,0.0746013743479576,0.31080763329092,484200.57771324,4977500.12320652,-2.1269784830292,17.394
27,0,0,inconsistentClasses,0.0702066317426599,0.318467665908382,484200.516884325,4977500.02652884,-2.12527355416691,18.2
28,0,0,inconsistentClasses,0.0645319542177744,0.32514595228094,484200.454184262,4977499.91948583,-2.12485026373655,20.692
29,1,0,accepted,0.0244700280605389,0.0879330469144429,484200.388421883,4977499.84143454,-2.1268417120754,14.101
30,1,0,accepted,0.0194650771185506,-0.436745428234007,484200.331396821,4977499.73280226,-2.13338112877284,16.48
31,1,0,accepted,0.0178787806013332,0.122095439977433,484200.249711902,4977499.60400839,-2.12284478343216,14.873
32,1,0,accepted,0.0105804583568147,0.115606112798064,484200.16843284,4977499.48200023,-2.12193658666862,11.701
33,1,0,accepted,0.00502156051253894,0.093038878010742,484200.086285309,4977499.35532213,-2.12054151488111,12.788
34,1,0,accepted,0.018868731185919,0.163229200105931,484200.015658878,4977499.21126545,-2.11730716494908,13.392
35,1,0,accepted,0.0239900025687048,-0.752674599472135,484199.932344998,4977499.08476856,-2.13142942635713,17.807
36,1,0,accepted,0.0258871907596668,0.129150684661864,484199.844571629,4977498.93551356,-2.11473194815352,11.874
37,1,0,accepted,0.0717496963993828,1.34865962454334,484199.795955711,4977498.74272912,-2.09236298453159,20.063
38,1,0,accepted,0.0297872606145169,0.154620823680677,484199.659319644,4977498.62808882,-2.11175597462875,23.086
39,1,0,accepted,0.0350523460183433,0.166759161054,484199.562932923,4977498.47445906,-2.11020669514259,16.579
40,0,0,inconsistentClasses,0.0398475073216805,0.172316268176317,484199.466596134,4977498.31589279,-2.10926635701354,18.328
41,0,0,inconsistentClasses,0.0442579580283818,0.172545835204094,484199.366575423,4977498.15216859,-2.10890617881254,21.577
42,1,0,accepted,0.0491384453129848,0.339020489078241,484199.281253891,4977497.97220165,-2.1061191541506,15.202
43,1,0,accepted,0.0502634694655518,0.387290346423826,484199.183594242,4977497.79652488,-2.1052489179026,14.097
44,1,0,accepted,0.047699893841153,0.422072840533098,484199.079974291,4977497.62661606,-2.10484270267979,20.728
45,1,0,accepted,0.0434940565563303,0.42472234122448,484198.976834395,4977497.45773073,-2.1049917104956,25.168
46,1,0,accepted,0.0323963548327187,0.392294931803582,484198.866455119,4977497.28446098,-2.10547168835947,16.749
47,1,0,accepted,0.0374262409418721,0.471068252040914,484198.775136548,4977497.11383305,-2.10508046690734,16.292
48,1,0,accepted,0.0305333182385693,0.48767596697133,484198.673496718,4977496.94188959,-2.10566708626425,17.169
49,1,0,accepted,0.0359300404520235,0.474378543800227,484198.586790182,4977496.77985194,-2.10665325997388,17.697
50,1,0,accepted,0.0288676171901555,0.473593243515866,484198.492289345,4977496.61244002,-2.107312506616,16.632
51,1,0,accepted,0.0176265996678812,0.448987450454211,484198.395799228,4977496.45701898,-2.10840306103501,12.72
52,1,0,accepted,0.0130128386453993,0.376959636519867,484198.302274283,4977496.30973377,-2.10969486222043,15.067
53,1,0,accepted,0.0672088983777072,0.628818900158087,484198.248198586,4977496.1079605,-2.10561410576686,16.518
54,1,0,accepted,0.0481426795388986,0.544397534164362,484198.149322781,4977495.97272565,-2.10783422114977,24.858
55,1,0,accepted,0.0478053347173277,0.550035243593139,484198.063141496,4977495.82255548,-2.10806467128982,12.924
56,1,0,accepted,0.0589266677604366,0.623173297613625,484197.987097035,4977495.66891228,-2.1069226312938,12.457
57,1,0,accepted,0.0675799081193118,0.676704841954353,484197.903671114,4977495.50610526,-2.10650642026542,29.048
58,1,0,accepted,0.0683874294591007,0.282392607430272,484197.77387478,4977495.43364352,-2.11377627586524,15.904
59,1,0,accepted,0.0780383969994255,0.256366903472247,484197.673918809,4977495.27809772,-2.11408507466055,17.103
60,1,0,accepted,0.0876729674862606,0.291986173084409,484197.590357688,4977495.11283053,-2.11305805433538,19.446
61,1,0,accepted,0.121674438909133,0.151569125523706,484197.498288277,4977494.97381227,-2.11437808127941,20.383
62,1,0,accepted,0.124197644999954,0.136136492381167,484197.359167637,4977494.81049443,-2.11316447340339,29.396
63,1,0,accepted,0.0493244582269474,0.480978794188977,484197.200353269,4977494.49333482,-2.10462886650581,26.577
64,1,0,accepted,0.0571961774664208,0.456849286114868,484197.091867737,4977494.30678539,-2.10367702862799,13.149
65,1,0,accepted,0.0594942219793873,0.466550026558719,484196.985089086,4977494.12745127,-2.10279810837134,15.264
66,1,0,accepted,0.0600228436009499,0.443453929375673,484196.882502633,4977493.94513582,-2.10132376825125,35.351
67,1,0,accepted,0.0405770147530926,0.396659177365282,484196.804737258,4977493.75373473,-2.09885051562057,12.504
68,1,0,accepted,0.0476747986395708,0.405469309707044,484196.699410858,4977493.54905196,-2.0943674202679,12.561
69,1,0,accepted,0.0331382248403728,0.362349028163154,484196.603984993,4977493.35747444,-2.08948972225825,14.873
70,1,0,accepted,0.0269819866680147,0.262437703825074,484196.494437881,4977493.15329623,-2.08401767780756,14.108
71,1,0,accepted,0.0548648016974507,0.188121023563293,484196.340943763,4977492.91130657,-2.07684296593252,15.383
72,1,0,accepted,0.0216691531237069,-0.00231576219765905,484196.221712697,4977492.71125436,-2.07028774516042,17.511
73,1,0,accepted,0.0233750537019893,0.0440882999711693,484196.10238987,4977492.45724961,-2.05800221257361,19.93
74,1,0,accepted,0.0289565373246424,0.0488932448269586,484195.966371565,4977492.1880799,-2.04446095728321,15.12
75,1,0,accepted,0.0371178413716813,0.115157908456697,484195.809552739,4977491.89679358,-2.02764938623114,14.609
76,1,0,accepted,0.0324132511468624,0.0332899143667759,484195.679119626,4977491.61319332,-2.0124784963698,15.629
77,1,0,accepted,0.0268098324162039,0.124556912149603,484195.512654508,4977491.30260724,-1.99470829882882,17.424
78,1,0,accepted,0.00796053967156163,-0.0486110230895428,484195.36390236,4977490.9959718,-1.97826693661456,16.569
79,1,0,accepted,0.058750015491504,0.190819164220163,484195.19484854,4977490.59442564,-1.954049425769,39.85
80,1,0,accepted,0.0535983318318119,0.091710441091346,484195.058956002,4977490.23773481,-1.93331603672234,25.08
81,1,0,accepted,0.0401294466056453,-0.243108213605642,484194.929060592,4977489.88344592,-1.91474087672655,16.057
82,1,0,accepted,0.0270873619956087,-0.23793239028037,484194.78533032,4977489.54013254,-1.88913656931628,15.426
83,1,0,accepted,0.0328714255915287,-0.220926061030935,484194.638411154,4977489.14741616,-1.86178303751111,20.624
84,1,0,accepted,0.0548523532120911,-0.265018584954364,484194.513959685,4977488.75606599,-1.83593156223184,19.031
85,1,0,accepted,0.0930473850674027,-0.404754040428063,484194.385463585,4977488.3671039,-1.81135804462697,20.019
86,1,0,accepted,0.109493470548046,-0.444507483465222,484194.273210362,4977487.94137855,-1.7861196992341,21.359
87,1,0,accepted,0.109354421654666,-0.443139474382179,484194.18837385,4977487.48302409,-1.75865956630925,22.628
88,1,0,accepted,0.11208193936964,-0.142580439494213,484194.107222522,4977487.02145913,-1.72647333249378,16.622
89,1,0,accepted,0.116040063189713,-0.250980110094612,484194.041635693,4977486.55426389,-1.7005334763069,18.539
90,1,0,accepted,0.115673596387783,-0.312740677135602,484193.972305368,4977486.07509407,-1.6733387828011,20.502
91,1,0,accepted,0.125885589960394,-0.45801443471822,484193.91525323,4977485.5948208,-1.64600629820077,17.096
92,1,0,accepted,0.138003831235031,-0.425769342619273,484193.849672299,4977485.11847757,-1.61550637831645,27.602
93,1,0,accepted,0.150819377504261,-0.526454139187044,484193.815953146,4977484.62552654,-1.58751234654146,18.08
94,1,0,accepted,0.161955855558492,-0.681182336223153,484193.788218117,4977484.12566628,-1.56035813693416,18.796
95,1,0,accepted,0.204760064433919,-0.971098503548528,484193.790561256,4977483.64345905,-1.53478823043484,33.377
96,1,0,accepted,0.216320086300011,-0.930406277248324,484193.795787751,4977483.12281903,-1.50270398968259,16.964
97,1,0,accepted,0.227465941545465,-0.935852145728934,484193.80355311,4977482.60386139,-1.47170962019108,27.693
98,1,0,accepted,0.288378942700073,-1.11441296225275,484193.820733124,4977482.12321435,-1.4433166690995,21.185
99,1,0,accepted,0.295014024515064,-1.09453260503892,484193.870999149,4977481.57947859,-1.41269506027478,18.463
100,1,0,accepted,0.304305408865998,-1.11157408553651,484193.938861934,4977481.03421474,-1.38237077620697,17.287
101,1,0,accepted,0.280911400860195,-1.03726268016074,484194.043681268,4977480.44403639,-1.35216962707527,22.069
102,1,0,accepted,0.262903849531591,-0.942276936754964,484194.167138991,4977479.86478162,-1.32345963768041,19.718
103,1,0,accepted,0.143774163209766,-0.403114761215292,484194.331779906,4977479.1746349,-1.2881574181586,55.897
104,1,0,accepted,0.164572703013354,-0.425866090730603,484194.493038526,4977478.62617703,-1.26349635894566,21.543
105,1,0,accepted,0.216472113628074,-0.80457162676902,484194.683420508,4977478.11001344,-1.24637531705915,20.881
106,1,0,accepted,0.179853624122851,-0.450159065477955,484194.871379038,4977477.48364507,-1.21918089573953,27.408
107,1,0,accepted,0.219551504403743,-0.467786228235238,484195.075287548,4977476.93682212,-1.20113745614468,27.203
108,1,0,accepted,0.210702036968276,-0.246165645719594,484195.304548851,4977476.3347741,-1.18108202481537,16.95
109,1,0,accepted,0.219203275717284,-0.168507573351559,484195.553744343,4977475.73381683,-1.16546100680124,21.345
110,1,0,accepted,0.205874793259854,-0.0682181124818789,484195.818376123,4977475.13438988,-1.15209283935451,22.767
111,1,0,accepted,0.219043518662051,-0.0163512537476144,484196.089201726,4977474.54033225,-1.1408181355474,17.988
112,1,0,accepted,0.196469988909414,0.0848619390308748,484196.386503979,4977473.90478029,-1.13029864196953,19.788
113,1,0,accepted,0.125720512767203,0.240264300646014,484196.725743545,4977473.22153778,-1.12016610949501,23.961
114,1,0,accepted,0.115404064254851,0.365271456079855,484197.039700946,4977472.58032599,-1.11199570051924,22.185
115,1,0,accepted,0.097805482422049,0.42300496177823,484197.368308734,4977471.92903246,-1.10604720234459,15.873
116,1,0,accepted,0.0798849560808809,0.567568309178506,484197.705951481,4977471.26432739,-1.09983654794474,17.785
117,1,0,accepted,0.0394278745796287,0.604462983489183,484198.061830204,4977470.5804696,-1.09620426990008,19.575
118,1,0,accepted,0.072415452164786,0.585147088940978,484198.393161235,4977469.94524433,-1.09513714622386,16.809
119,1,0,accepted,0.0706492108620621,0.624809038363311,484198.7456409,4977469.26491718,-1.09452410626271,14.4
120,1,0,accepted,0.079135405728728,0.563891895183318,484199.106092081,4977468.59615277,-1.09679668133723,23.849
121,1,0,accepted,0.070423047975199,0.580384408195499,484199.48018473,4977467.89445099,-1.09875112945791,16.733
122,1,0,accepted,0.0751996508092573,0.555953297387225,484199.840044694,4977467.18978528,-1.10048828256087,16.393
123,1,0,accepted,0.0496043156677112,0.56176014592015,484200.225804454,4977466.46607711,-1.10246521631562,28.74
124,1,0,accepted,0.047148372370487,0.561180864915078,484200.59243796,4977465.73578257,-1.10480632308768,17.424
125,1,0,accepted,0.0688692301971153,0.262438689077597,484200.990032285,4977465.03265943,-1.11345149763013,22.023
126,1,0,accepted,0.0602519578068271,0.205103149454888,484201.374086841,4977464.27919686,-1.11861266930855,26.862
127,1,0,accepted,0.055540640912479,0.33135273793289,484201.737034842,4977463.51406956,-1.12149607025098,18.986
128,1,0,accepted,0.0702042201274244,0.383294929931963,484202.10904326,4977462.75216276,-1.1264322128136,22.025
129,1,0,accepted,0.0696311840265519,0.139848821756835,484202.523043645,4977461.97899082,-1.13619821555764,20.529
130,1,0,accepted,0.0575240102495665,0.170518593168641,484202.900050677,4977461.18355682,-1.14228610326201,16.842
131,1,0,accepted,0.0564306407649041,0.0545293338244337,484203.293609396,4977460.38458365,-1.15013151083069,18.836
132,1,0,accepted,0.0695560208543338,0.0286350386043974,484203.683995877,4977459.58200795,-1.15769115750782,26.114
133,1,0,accepted,0.0678898771326267,0.140923586907643,484204.046686763,4977458.74402781,-1.16251520549192,15.03
134,1,0,accepted,0.0689419726125619,0.104070177096662,484204.431053399,4977457.9094892,-1.17001164121363,17.803
135,1,0,accepted,0.0821540228441256,0.141955261672731,484204.798506919,4977457.07280734,-1.17619519746306,43.857
136,1,0,accepted,0.0870528590510002,0.163502741327001,484205.169692972,4977456.2224381,-1.18274762749724,17.564
137,1,0,accepted,0.0850873295510728,-0.023226884584195,484205.570924889,4977455.36891916,-1.19293036401496,22.752
138,1,0,accepted,0.0898476085902654,-0.0449451228843647,484205.944925755,4977454.49175199,-1.20026300469351,15.56
139,1,0,accepted,0.0992710428449708,-0.0358865798127546,484206.314654147,4977453.60091053,-1.20680252358474,13.092
140,1,0,accepted,0.0364475511387726,0.09058470630999,484206.748588079,4977452.65766135,-1.21169496580142,19.708
141,1,0,accepted,0.0177780147933432,0.0751139422308228,484207.135051309,4977451.73532111,-1.21880991626348,19.62
142,1,0,accepted,0.0100163705968196,0.0443780928530811,484207.50577961,4977450.80147221,-1.22601563102451,15.541
143,1,0,accepted,0.0155949266881271,0.202700538379363,484207.847086029,4977449.86424052,-1.23031523677957,18.042
144,1,0,accepted,0.0468172992381111,0.127323975594569,484208.20060123,4977448.89676083,-1.23828177895633,20.971
145,1,0,accepted,0.0483585285469647,-0.0224823775790057,484208.565620007,4977447.9506201,-1.24852922834014,15.506
146,1,0,accepted,0.047207182247887,-0.0884613619575454,484208.908210856,4977447.00289862,-1.25558164705836,16.42
147,1,0,accepted,0.075637645140887,0.209908736940975,484209.229183474,4977446.02170278,-1.25807593460187,22.365
148,1,0,accepted,0.0844979719280156,0.285450395319468,484209.559523099,4977445.05874145,-1.26309762786449,15.557
149,1,0,accepted,0.07235760265839,0.237609547652214,484209.912153303,4977444.09150328,-1.27079469674526,15.165
150,0,0,inconsistentClasses,0.0958157770712204,0.221929414676921,484210.221992131,4977443.11702679,-1.27747985661108,36.911
151,0,0,inconsistentClasses,0.120957075414495,0.254270468346001,484210.528939472,4977442.12728663,-1.28408781287825,25.625
152,1,0,accepted,0.0764962773341211,0.159555501151667,484210.893893226,4977441.15349422,-1.29273338471679,16.097
153,1,0,accepted,0.109447220265625,0.284575893929492,484211.17850301,4977440.15579999,-1.29719129917437,14.579
154,1,0,accepted,0.130154625618192,0.326108999147689,484211.470557059,4977439.15665834,-1.30268842851892,12.747
155,1,0,accepted,0.14548228422543,0.401971096552577,484211.766823723,4977438.15414362,-1.3085561384375,18.539
156,1,0,accepted,0.154121503900214,0.369278659413624,484212.065510681,4977437.1343162,-1.31579883083615,14.813
157,1,0,accepted,0.152215296357799,0.324978459246913,484212.360724716,4977436.1386622,-1.32355971521897,13.875
158,1,0,accepted,0.0538828531022759,0.0144624542388265,484212.748732262,4977435.16259025,-1.33593922076472,32.647
159,1,0,accepted,0.061486687720831,0.0233865681811997,484213.024841752,4977434.13396927,-1.34220594211843,18.98
160,1,0,accepted,0.0746144810515934,0.0377393945870575,484213.285317399,4977433.12104677,-1.34831501882932,15.173
161,1,0,accepted,0.105036054227263,0.167312966191061,484213.532024947,4977432.08677793,-1.35290546305116,23.18
162,1,0,accepted,0.12693073498851,0.239536630005691,484213.776561177,4977431.06263027,-1.35827877180919,29.044
163,1,0,accepted,0.128528717774559,0.156283469947742,484214.033476426,4977430.04149095,-1.36612511601926,18.535
164,1,0,accepted,0.1636434851555,0.221999164782696,484214.251488273,4977429.02003992,-1.37140896471664,21.471
165,1,0,accepted,0.160230218063582,0.0784430015213191,484214.50138045,4977428.00522815,-1.37997792948858,18.199
166,1,0,accepted,0.173335267585644,0.122759262217013,484214.73495655,4977426.94802464,-1.38547490195027,18.321
167,1,0,accepted,0.191785451314122,0.148395414390684,484214.953243849,4977425.90799819,-1.39120445269339,32.699
168,1,0,accepted,0.218272623288369,0.291992885046077,484215.157936654,4977424.85582081,-1.39548858607092,21.695
169,1,0,accepted,0.210420883395937,0.302758231715275,484215.388918669,4977423.81398674,-1.40191141743097,25.684
170,1,0,accepted,0.197700385116112,0.334606750509139,484215.618427715,4977422.76755287,-1.40804259451609,27.752
171,1,0,accepted,0.220137051098941,0.423508752980561,484215.806065979,4977421.7179447,-1.41369192969555,17.207
172,1,0,accepted,0.238154743100329,0.451449728130568,484215.991170886,4977420.66050749,-1.42044302634273,31.184
173,1,0,accepted,0.264239585380332,0.541049513581968,484216.161411486,4977419.59746449,-1.42646389367399,24.364
174,1,0,accepted,0.27682600781116,0.575029907834962,484216.337110778,4977418.53485717,-1.43320784116369,18.702
175,1,0,accepted,0.284951352660024,0.578165129071055,484216.511048019,4977417.46384891,-1.4404812817028,28.213
176,1,0,accepted,0.289323530630952,0.60637290423001,484216.679482539,4977416.39344502,-1.44732380830171,17.625
177,1,0,accepted,0.290759651173997,0.618078082006081,484216.842032284,4977415.33423806,-1.4545615071427,17.039
178,1,0,accepted,0.178130809567432,-0.0233793113499184,484217.170320326,4977414.19499619,-1.47309606688515,26.089
179,1,0,accepted,0.178030927083694,0.446170346914428,484217.303288106,4977413.13559983,-1.47235530004364,17.594
180,1,0,accepted,0.167790633408672,0.288684910698369,484217.451564873,4977412.06310151,-1.48215983948371,19.143
181,1,0,accepted,0.159021914110903,0.407337672408856,484217.601699889,4977410.97331191,-1.48781671256788,23.02
182,1,0,accepted,0.152451759867091,0.367007520456337,484217.73288182,4977409.89289722,-1.49523616592853,17.788
183,1,0,accepted,0.119435381214583,0.176604520775228,484217.875859391,4977408.81447407,-1.50569029942534,19.205
184,1,0,accepted,0.147320789365665,0.255817907056152,484217.955464694,4977407.72507756,-1.51106180297181,20.924
185,1,0,accepted,0.103459411818566,-0.0549296490238314,484218.13102331,4977406.623611,-1.52320733151439,18.649
186,1,0,accepted,0.102617167537095,-0.0151963966685746,484218.243253391,4977405.50972131,-1.52932365479238,19.199
187,1,0,accepted,0.0672655576487565,-0.0661016283060951,484218.354706225,4977404.43022773,-1.53710745567846,20.273
188,1,0,accepted,0.0679517440808433,-0.0879230541835611,484218.432432988,4977403.30781796,-1.54351023655708,17.723
189,1,0,accepted,0.0658296525278802,-0.0981091302453528,484218.480042086,4977402.19316445,-1.54908760955396,12.831
190,1,0,accepted,0.0784829267365956,0.0375452045917091,484218.52462288,4977401.08859294,-1.55141440030623,16.764
191,1,0,accepted,0.0874897162625534,0.0553639976392888,484218.570286455,4977399.96882344,-1.55555706355821,13.562
192,1,0,accepted,0.0987098952886394,0.0597928772275407,484218.612847426,4977398.84035737,-1.55907110954532,15.25
193,1,0,accepted,0.109525055901355,0.240253722604002,484218.653044225,4977397.69706735,-1.55896367055152,19.235
194,1,0,accepted,0.121482552121675,0.311994730937637,484218.688546258,4977396.54760902,-1.56028728182708,17.816
195,1,0,accepted,0.11034721461955,0.264795194523653,484218.747036739,4977395.37136451,-1.56336458727875,15.936
196,1,0,accepted,0.124633781897136,0.286408672749479,484218.776198252,4977394.20701619,-1.56540523174066,16.202
197,1,0,accepted,0.124005172834371,0.24810459656689,484218.816592539,4977393.04597624,-1.56815209826277,19.746
198,1,0,accepted,0.113242616363503,0.183525273677223,484218.863775794,4977391.87345465,-1.57110859965241,21.051
199,1,0,accepted,0.0963542744811478,0.105984512215461,484218.914524348,4977390.70424317,-1.57421526005917,30.458
200,1,0,accepted,0.00724775928900079,-0.097238592104414,484219.037452764,4977389.52024578,-1.57954051425587,24.959
201,1,0,accepted,0.0357486158085706,-0.00429313353709262,484219.040308237,4977388.33014038,-1.57929509487316,22.3
202,1,0,accepted,0.0470905511003942,0.0960052175308173,484219.059029206,4977387.13693067,-1.5788695043043,24.872
203,1,0,accepted,0.0636276022171263,0.135758485150207,484219.066679708,4977386.00456441,-1.5793964976166,17.771
204,1,0,accepted,0.0784822376606042,0.0672789998594193,484219.076722356,4977384.78812926,-1.58014456644811,16
205,1,0,accepted,0.0929733827948015,0.0400700510027459,484219.086992551,4977383.56972427,-1.58026009551574,25.072
206,1,0,accepted,0.108719546729875,0.0155115138745578,484219.09697715,4977382.33863063,-1.57950468227444,17.381
207,1,0,accepted,0.130753353813726,0.0323737746268327,484219.103613465,4977381.08745152,-1.57775457879317,16.069
208,1,0,accepted,0.147283030747618,0.0259457193254115,484219.110656979,4977379.87574006,-1.57573176824762,17.705
209,1,0,accepted,0.168290964234172,0.0352079153023183,484219.116416038,4977378.65084428,-1.57278562622711,19.353
210,1,0,accepted,0.170761734650797,0.0750981144113086,484219.144642501,4977377.41237084,-1.56900694886286,16.003
211,1,0,accepted,0.178885817349809,-0.0844578447103227,484219.176823307,4977376.19408649,-1.56814077413096,19.086
212,1,0,accepted,0.178479074012915,0.00387918817083315,484219.213471014,4977374.93165391,-1.56273075066294,22.645
213,1,0,accepted,0.187730942119497,0.0471495173350514,484219.249053235,4977373.67180577,-1.55790781732846,15.477
214,1,0,accepted,0.198041764473346,0.10816922490064,484219.288004826,4977372.41011148,-1.55287353127279,15.549
215,1,0,accepted,0.130402947672307,0.426752724591416,484219.405985629,4977371.05414199,-1.54270883602798,20.579
216,1,0,accepted,0.14008395116743,0.53277062192218,484219.473621875,4977369.73750714,-1.53582371695983,19.417
217,1,0,accepted,0.178362804873502,0.795614570134642,484219.504615832,4977368.44243008,-1.52632178476737,16.477
218,1,0,accepted,0.181503242440495,0.696920053130432,484219.590617884,4977367.13317555,-1.52269295324585,15.728
219,1,0,accepted,0.172686995163824,0.63323193390612,484219.670862719,4977365.84548154,-1.51856626332042,15.428
220,1,0,accepted,0.139198657083001,0.473152208578757,484219.779720444,4977364.58706195,-1.51587616204425,15.137
221,1,0,accepted,0.130963289885333,0.487705166155527,484219.860302447,4977363.32126754,-1.51010065215701,11.461
222,1,0,accepted,0.136525441285221,0.292931028434484,484219.951955553,4977362.02623148,-1.50788449023787,10.985
223,1,0,accepted,0.140250938172911,0.218597264004764,484220.05361115,4977360.72726121,-1.50300064812583,11.735
224,1,0,accepted,0.122205841258862,0.0957522742053294,484220.19202875,4977359.42855726,-1.49881694557868,15.647
225,1,0,accepted,0.119854361800176,0.129633564030844,484220.302731958,4977358.14148018,-1.49167517948297,13.533
226,1,0,accepted,0.103441899507844,0.278263359405793,484220.435140632,4977356.86846199,-1.48261334894097,12.299
227,1,0,accepted,0.111182538678574,0.296186684552923,484220.561222312,4977355.56181609,-1.47558995658304,16.623
228,1,0,accepted,0.122879626417984,0.153288054885486,484220.688998136,4977354.2860634,-1.47120725240594,16.339
229,1,0,accepted,0.130648006334481,0.14423840607347,484220.830425595,4977352.99039533,-1.46456794107965,13.495
230,1,0,accepted,0.14619496208779,0.153475707097714,484220.976011352,4977351.68429529,-1.45798975221298,11.169
231,1,0,accepted,0.146244145618741,0.278108628941592,484221.14557707,4977350.38013193,-1.44896758602821,15.402
232,1,0,accepted,0.143731346029118,0.178791297826191,484221.328765355,4977349.07122212,-1.4444280201938,19.694
233,1,0,accepted,0.133268396570889,0.195758147330044,484221.528530778,4977347.76637403,-1.43758666691627,14.356
234,1,0,accepted,0.17644346696008,0.515363647803448,484221.684628798,4977346.47787558,-1.42543636783157,16.671
235,1,0,accepted,0.12456788801241,0.249800708854097,484221.945082555,4977345.17278642,-1.42359984182723,19.864
236,1,0,accepted,0.148724120912993,0.306509739182211,484222.139244093,4977343.85006549,-1.41605422802737,13.947
237,1,0,accepted,0.163421756250275,0.254649835942028,484222.350326611,4977342.52469335,-1.41029577705639,13.785
238,1,0,accepted,0.177844788613718,0.27561344416529,484222.569792469,4977341.23368338,-1.40333509833661,19.103
239,1,0,accepted,0.212361364203088,0.355343202172046,484222.783916054,4977339.94699504,-1.39502629133084,15.245
240,1,0,accepted,0.197909599235675,0.275222238375432,484223.047467818,4977338.59611249,-1.39029835466312,16.157
241,1,0,accepted,0.214274115937258,0.215913108322615,484223.290757003,4977337.30425615,-1.3844609774453,19.599
242,1,0,accepted,0.231097565826345,0.275785114595304,484223.545298474,4977335.98888397,-1.37732095626156,16.074
243,1,0,accepted,0.254758781121537,0.321279263941408,484223.804609059,4977334.68841104,-1.37046376050025,13.822
244,1,0,accepted,0.25616440874009,0.321157187273515,484224.091331008,4977333.36876377,-1.3647716509153,18.198
245,1,0,accepted,0.259426594150814,0.367570818289966,484224.387901302,4977332.0409265,-1.35910831871092,16.091
246,1,0,accepted,0.160713414379582,0.241382918688021,484224.789138646,4977330.69098177,-1.35761604763684,17.376
247,1,0,accepted,0.010870804987731,-0.112478706974669,484225.249957491,4977329.29501252,-1.36103474582718,20.262
248,1,0,accepted,0.0475541657558693,-0.0327630562350512,484225.524279979,4977327.98791273,-1.35771471232891,12.86
249,1,0,accepted,0.0575005940822685,0.0755824336463735,484225.833280446,4977326.65848559,-1.35362689293774,13.015
250,1,0,accepted,0.0710279241017328,0.121640077685635,484226.144373056,4977325.33683705,-1.35068325870582,15.703
251,1,0,accepted,0.058941955110399,-0.0111323862422448,484226.482426233,4977323.98567184,-1.35131531173786,21.361
252,1,0,accepted,0.0256309595882721,-0.0253474478059893,484226.84884354,4977322.63837261,-1.35002966447821,17.407
253,1,0,accepted,0.0443098786258128,-0.0705010214675656,484227.163897512,4977321.29867154,-1.34955009637154,22.158
254,1,0,accepted,0.0604650534086253,-0.00208669781952794,484227.478283403,4977319.98620563,-1.3465942074411,15.503
255,1,0,accepted,0.0751378404196308,0.0306006324043221,484227.802542651,4977318.63573815,-1.34420180590088,13.597
256,1,0,accepted,0.0857890821097357,0.146789843596626,484228.135947911,4977317.30515289,-1.34096763432522,14.406
257,1,0,accepted,0.0840535762292664,0.094812978343036,484228.477534455,4977315.9501779,-1.34045806238197,17.745
258,1,0,accepted,0.065034040540472,0.143530724516317,484228.846576733,4977314.5693194,-1.33936436209306,17.786
259,1,0,accepted,0.0787002741399647,0.171441167741576,484229.182568254,4977313.20714453,-1.33735767291504,15.538
260,1,0,accepted,0.0822106919814794,0.202251090597803,484229.539651164,4977311.81771533,-1.33616589315444,23.192
261,1,0,accepted,0.0886882522919489,0.21089612864642,484229.881630169,4977310.47332229,-1.33514964117478,15.279
262,1,0,accepted,0.0933333781016339,0.236220425653226,484230.231590428,4977309.11006218,-1.33367704001508,11.97
263,1,0,accepted,0.0630737033601708,0.194849865679545,484230.621067229,4977307.74678925,-1.33413897403277,11.702
264,1,0,accepted,0.0691450169360558,0.123581502542173,484230.970247435,4977306.38899727,-1.33403976691153,19.002
265,1,0,accepted,0.0939340856326133,0.165993343198794,484231.311637318,4977304.99843886,-1.33302838376971,17.395
266,1,0,accepted,0.102569624523068,0.163189234741555,484231.662334895,4977303.63907595,-1.33267350327779,12.484
267,1,0,accepted,0.0909588192197126,0.130997594586075,484232.034775046,4977302.27903389,-1.33265132019588,18.336
268,1,0,accepted,0.099832315354515,0.0811080754262559,484232.390333809,4977300.90713419,-1.33258588852111,14.622
269,1,0,accepted,0.108719001430623,0.0982648848708068,484232.748199574,4977299.52947437,-1.33146401431981,13.713
270,1,0,accepted,0.12432703680639,0.122344000900427,484233.104439979,4977298.13999096,-1.33071355250107,11.287
271,1,0,accepted,0.135790125228166,0.172875995427826,484233.468530083,4977296.73761926,-1.32955513006164,14.689
272,1,0,accepted,0.154443032744835,0.150619477233663,484233.821163429,4977295.36077387,-1.3298360373561,16.692
273,1,0,accepted,0.168739161807102,0.198691474847516,484234.182744508,4977293.96207181,-1.32943217450229,12.025
274,1,0,accepted,0.184418982090759,0.182811249861587,484234.539484559,4977292.57427977,-1.33001095929086,13.389
275,1,0,accepted,0.196973916926993,0.193929456219033,484234.903831628,4977291.16977596,-1.33086257842527,17.865
276,1,0,accepted,0.199954170665333,0.183698337468333,484235.279220963,4977289.7553207,-1.33194543475878,17.114
277,1,0,accepted,0.21294309715566,0.191697858546851,484235.6448077,4977288.33648315,-1.3329188736171,13.337
278,1,0,accepted,0.236587406506524,0.19276865401581,484235.996560389,4977286.92346183,-1.33369842787265,12.342
279,1,0,accepted,0.251598603171348,0.241784480385754,484236.362342409,4977285.48840639,-1.33493046280721,17.956
280,1,0,accepted,0.255469289702822,0.140202749708799,484236.741456805,4977284.05699261,-1.33780776252471,14.034
281,1,0,accepted,0.185308211355589,0.210869005938109,484237.182071019,4977282.66175941,-1.33851131925007,15.704
282,1,0,accepted,0.136371160509883,0.131251064694838,484237.609999008,4977281.25365856,-1.34227755597245,29.847
283,1,0,accepted,0.115164791453921,0.168950191244893,484238.00270805,4977279.84428287,-1.34356186294011,12.978
284,1,0,accepted,0.0954489252833808,0.0926527983137136,484238.400627585,4977278.42549262,-1.34831678121426,12.704
285,1,0,accepted,0.0635501309576849,0.16437021383652,484238.790346596,4977277.03272544,-1.35055386609022,12.039
286,1,0,accepted,0.0615904413260474,0.0151067431356328,484239.165646163,4977275.58909453,-1.35683806350724,19.397
287,1,0,accepted,0.0473231719433021,-0.0463224954264108,484239.481988767,4977274.20048983,-1.36052419103685,12.609
288,1,0,accepted,0.0599152258740438,0.168691733204891,484239.785862295,4977272.79077726,-1.36028260348253,13.489
289,1,0,accepted,0.0886027747733025,0.0098273221869474,484240.09847093,4977271.35683586,-1.36595521140349,22.536
290,1,0,accepted,0.076942334783562,0.198895344522525,484240.457282087,4977269.89014199,-1.36620113975742,13.278
291,1,0,accepted,0.0857646919804348,0.357986441149541,484240.782076482,4977268.45129432,-1.36682403471146,11.876
292,1,0,accepted,0.0894116032252955,0.486089243062939,484241.108594201,4977267.00727521,-1.3679345554434,12.926
293,1,0,accepted,0.084501807540052,0.644208106751904,484241.434842858,4977265.61039173,-1.36892414070596,16.763
294,1,0,accepted,0.0865640306001796,0.62957709085339,484241.755593595,4977264.15107508,-1.37298784438979,12.925
295,1,0,accepted,0.0514558636145185,0.442765841790069,484242.114729409,4977262.67179582,-1.37919919379512,21.002
296,1,0,accepted,0.0478473563694278,0.330454160241694,484242.436419649,4977261.21249156,-1.38417957804907,20.245
297,1,0,accepted,0.0525235220155408,0.214181946139593,484242.741967105,4977259.75903295,-1.38937621362938,14.842
298,1,0,accepted,0.0704362442638041,0.194438407946447,484243.026381628,4977258.30295563,-1.39303132108565,13.855
299,1,0,accepted,0.0122957983672669,-0.106377759274818,484243.388698662,4977256.8959438,-1.40173132401549,24.172
300,1,0,accepted,0.032935187175785,-0.0253820124896897,484243.639614847,4977255.45125478,-1.40353533207928,13.389
301,1,0,accepted,0.0500792488467857,-0.0245413314339526,484243.912032046,4977253.99989765,-1.40644783174162,14.317
302,1,0,accepted,0.0657522507657629,0.0862558618787508,484244.179319272,4977252.55701825,-1.4078273306661,25.014
303,1,0,accepted,0.0417249604639126,0.0910888897569369,484244.48064534,4977251.12995347,-1.41068141641796,22.968
304,1,0,accepted,0.0411982533732565,0.147430228863816,484244.755055602,4977249.68377793,-1.41288748878359,18.358
305,1,0,accepted,0.04185880465336,0.131208150687808,484245.021434781,4977248.25257823,-1.41639467765185,15.587
306,1,0,accepted,0.0541598788635307,0.0630983988297833,484245.27313067,4977246.82370439,-1.42032558719939,24.804
307,1,0,accepted,0.0636678495400096,0.00347296776322584,484245.521582783,4977245.38606056,-1.42460024480121,34.115
308,1,0,accepted,0.0843421133567664,0.0178211529808085,484245.750511342,4977243.94722907,-1.42752461082315,14.643
309,1,0,accepted,0.108124599965639,0.049566667255066,484245.971924482,4977242.50800582,-1.43010370859659,18.142
310,1,0,accepted,0.107065186295573,0.191410401006513,484246.214429812,4977241.07020608,-1.43086620711545,23.785
311,1,0,accepted,0.132706972383749,0.195793286776768,484246.431304284,4977239.60182628,-1.43355254601823,14.264
312,1,0,accepted,0.133149241842008,0.253012739459701,484246.66554585,4977238.1525833,-1.43496448807597,15.238
313,1,0,accepted,0.201584678949815,0.46257356527434,484246.841554834,4977236.69427622,-1.43309820889058,20.921
314,1,0,accepted,0.188029868220194,0.595624772351027,484247.080105007,4977235.27441994,-1.4336301884219,14.999
315,1,0,accepted,0.201271533575966,0.56489782953183,484247.291544247,4977233.84889568,-1.43654871806594,16.101
316,1,0,accepted,0.129117015260205,0.443949023420831,484247.558563513,4977232.49373247,-1.44188043682798,17.56
317,1,0,accepted,0.13706544317541,0.56978620447091,484247.746648395,4977231.12854836,-1.44215279831222,13.769
318,1,0,accepted,0.0550183228885943,0.00403475891698378,484248.113904168,4977229.68593813,-1.45415984809205,11.666
319,1,0,accepted,0.0671303494899266,-0.0340767443665047,484248.304260436,4977228.25057618,-1.45697384099057,10.773
320,1,0,accepted,0.0794836171126865,-0.0778385268597439,484248.48890959,4977226.81623859,-1.45954717422154,15.983
321,1,0,accepted,0.0802152360169497,-0.0742213593880806,484248.665005548,4977225.40485105,-1.46169214566502,14.263
322,1,0,accepted,0.0923628279285535,0.0590631669582626,484248.852482193,4977223.97879574,-1.46161266343073,12.802
323,1,0,accepted,0.091625955941893,0.0870081037936956,484249.03582469,4977222.56138967,-1.46335633216832,9.605
324,1,0,accepted,0.100781368990791,0.219593973866409,484249.197847989,4977221.15482723,-1.46330011739722,11.356
325,1,0,accepted,0.119317950008541,0.211069492256499,484249.361815094,4977219.71682889,-1.46561674476899,12.886
326,1,0,accepted,0.132623313075015,0.00311219712266485,484249.541434931,4977218.2810921,-1.47104380574075,17.951
327,1,0,accepted,0.164167751271574,0.192489055338873,484249.685823714,4977216.87901724,-1.46942593583049,10.482
328,1,0,accepted,0.17459988337968,0.290158872512453,484249.840749691,4977215.45836196,-1.46979044797585,10.81
329,1,0,accepted,0.168986248545425,0.269180480349363,484250.014970152,4977214.05620251,-1.47097919728513,15.674
330,1,0,accepted,0.173017111685046,0.330967947327168,484250.18435271,4977212.63907804,-1.47220966934274,26.71
331,1,0,accepted,0.179047684409022,0.338060718138197,484250.349247424,4977211.21363779,-1.47357658283713,11.456
332,1,0,accepted,0.151566669462529,0.463495763937709,484250.545883495,4977209.77527101,-1.47152113270741,13.052
333,1,0,accepted,0.151991486750074,0.462459183479177,484250.710809611,4977208.34095954,-1.47393389907829,18.786
334,1,0,accepted,0.116583495971532,0.470233117232194,484250.909667471,4977206.90619128,-1.4754060174774,15.708
335,1,0,accepted,0.106112120271159,0.369850241542424,484251.083585288,4977205.4682504,-1.47803212697038,15.212
336,1,0,accepted,0.0858388429868673,0.122249437470518,484251.259150271,4977204.04913318,-1.48383039981751,15.343
337,1,0,accepted,0.142065209111855,0.22092389892261,484251.362042628,4977202.60102412,-1.48389248616936,15.736
338,1,0,accepted,0.0860471032411376,0.0858259436938174,484251.580181022,4977201.16139538,-1.48713109578974,13.972
339,1,0,accepted,0.100068927882586,0.0511363300099368,484251.720850549,4977199.73943341,-1.4898252834122,10.459
340,1,0,accepted,0.136100050277218,0.176222562400461,484251.84188974,4977198.29153869,-1.48944578110688,12.136
341,1,0,accepted,0.0854846526844569,0.0174442190125566,484252.036326189,4977196.89858095,-1.49388127381744,16.328
342,1,0,accepted,0.109322166657459,0.126040057381756,484252.16161087,4977195.46214814,-1.49339469303398,13.911
343,1,0,accepted,0.101043711527429,0.100476516842584,484252.313328646,4977194.03948845,-1.49525790152494,12.865
344,1,0,accepted,0.119559600906184,0.152563039150438,484252.435394401,4977192.61474464,-1.49539138685452,12.213
345,1,0,accepted,0.128628083805894,0.122095333272966,484252.567119287,4977191.18101679,-1.49701589136545,17.169
346,1,0,accepted,0.130638441184312,0.116013990895988,484252.703823806,4977189.76591878,-1.49823399216694,15.37
347,1,0,accepted,0.0599309398574976,0.100085400542835,484252.908693402,4977188.37333817,-1.49906442701879,15.283
348,1,0,accepted,0.0410920807690939,0.162658873562324,484253.064725748,4977186.94678151,-1.49888204615422,21.284
349,1,0,accepted,0.0255692308111314,0.225428192882295,484253.255870152,4977185.5491757,-1.49829659241996,13.295
350,1,0,accepted,0.0206963196206291,0.246482210063301,484253.38379041,4977184.12686153,-1.49833787093106,11.526
351,1,0,accepted,0.0151900076453101,0.277392641375557,484253.49232918,4977182.67908784,-1.49772669582289,12.784
352,1,0,accepted,0.0390425139072174,0.280245121840202,484253.60336539,4977181.26110272,-1.49755865271866,16.778
353,1,0,accepted,0.0605290269798987,0.307560897369117,484253.718370563,4977179.83712539,-1.49722687826169,15.985
354,1,0,accepted,0.0731997467156984,0.203512866265231,484253.844319305,4977178.40538101,-1.49898117873121,13.388
355,1,0,accepted,0.0929464668669092,0.168892878267744,484253.960399585,4977176.98038739,-1.49964081249025,11.604
356,1,0,accepted,0.114727881751809,0.158196312339039,484254.075982824,4977175.55998215,-1.49993026211244,10.652
357,1,0,accepted,0.131225601966332,0.177842778759455,484254.191261334,4977174.1354592,-1.49970458330863,15.386
358,1,0,accepted,0.125377500155771,0.201748425366802,484254.314665092,4977172.71725113,-1.4993952744653,10.815
359,1,0,accepted,0.112949276161584,0.254663772662581,484254.437389441,4977171.32052427,-1.49824466458184,11.463
360,1,0,accepted,0.111357200691856,0.249737851272611,484254.556305815,4977169.90674418,-1.49818424221637,11.689
361,1,0,accepted,0.106950719882794,0.257017872499017,484254.671300991,4977168.50204947,-1.49776091127461,13.538
362,1,0,accepted,0.108170053820352,0.192348957943018,484254.78597136,4977167.08794856,-1.4985287119273,14.515
363,1,0,accepted,0.115248205519213,0.176276997909562,484254.896679303,4977165.66110664,-1.49853914377096,14.431
364,1,0,accepted,0.121931532729901,0.224667530479555,484255.005303126,4977164.25780719,-1.49752587819542,10.575
365,1,0,accepted,0.116761961729575,0.252071341961909,484255.13212135,4977162.83671386,-1.49648779180839,12.73
366,1,0,accepted,0.117723754841362,0.269839033063859,484255.258608691,4977161.40555874,-1.49559745538102,13.21
367,1,0,accepted,0.115586906625881,0.279326132545535,484255.377869918,4977159.99279181,-1.49474846916276,12.211
368,1,0,accepted,0.127406485539538,0.317525476382554,484255.489563631,4977158.56546229,-1.49344442474808,12.959
369,1,0,accepted,0.140164818680982,0.325549204545543,484255.606869973,4977157.14276427,-1.49260308005005,10.047
370,1,0,accepted,0.174011798611012,0.289876202426785,484255.710174715,4977155.71917546,-1.49247997872633,12.343
371,1,0,accepted,0.190796564518959,0.337962310185159,484255.835722094,4977154.27946508,-1.49090343828994,17.255
372,1,0,accepted,0.208009267913889,0.361422116982025,484255.95879658,4977152.86085741,-1.48983368979446,16.841
373,1,0,accepted,0.170008458991787,0.140480329654296,484256.139112996,4977151.41540666,-1.49172441151476,13.972
374,1,0,accepted,0.0893665346910644,0.0932945234220687,484256.370549957,4977149.95525456,-1.49127442436368,26.658
375,1,0,accepted,0.051181956410678,0.00608934954917342,484256.55465817,4977148.52257126,-1.49082312578606,15.092
376,1,0,accepted,0.0345169340184807,-0.116887629076375,484256.733784381,4977147.07112895,-1.49093789918568,15.055
377,1,0,accepted,0.0409888870208711,-0.163771578949451,484256.910444774,4977145.63640074,-1.49040890075227,12.915
378,1,0,accepted,0.010445586793436,-0.202734757053497,484257.057656985,4977144.25847271,-1.48923638435376,17.166
379,1,0,accepted,0.0384287153787132,-0.221010714776496,484257.17958132,4977142.87594173,-1.48814214488431,14.226
380,1,0,accepted,0.0708198924180616,-0.21847410252113,484257.313959825,4977141.47474959,-1.48640583770279,14.358
381,1,0,accepted,0.0960962884429395,-0.0764772444360681,484257.453228884,4977140.05422653,-1.48249220960552,13.206
382,1,0,accepted,0.0970901407880966,-0.114479452807371,484257.594923065,4977138.62432706,-1.48165932584674,18.001
383,1,0,accepted,0.123278402466336,0.0425562058008974,484257.744646553,4977137.22560732,-1.4774654698304,13.101
384,1,0,accepted,0.122599171943024,0.400392645769847,484257.89844054,4977135.78222969,-1.4702870711686,14.566
385,1,0,accepted,0.112106371869334,0.51922735784019,484258.06359205,4977134.31752777,-1.46691278109296,16.739
386,1,0,accepted,0.118213525897975,0.407437038555542,484258.227808855,4977132.89840207,-1.46699321659514,25.635
387,1,0,accepted,0.0282942939184636,0.25658356071376,484258.496573088,4977131.52617369,-1.46853559133683,15.13
388,1,0,accepted,0.0159538833155905,0.172166207477726,484258.674719972,4977130.088347,-1.46862966997295,13.39
389,1,0,accepted,0.0262928781013315,0.207503026672881,484258.823920253,4977128.6951878,-1.46642042968039,19.433
390,1,0,accepted,0.0471885901725334,0.299996915477785,484258.973922275,4977127.2998007,-1.46330465773036,14.76
391,1,0,accepted,0.0523857277636553,0.194043157171176,484259.14342283,4977125.86226112,-1.463641521169,12.248
392,1,0,accepted,0.0723115722867858,0.227998025582138,484259.293695531,4977124.48341537,-1.46209288321682,11.214
393,1,0,accepted,0.086386162814841,0.23471859587981,484259.456734339,4977123.08020855,-1.46044979054871,18.698
394,1,0,accepted,0.102862315209547,0.236759090806929,484259.617266453,4977121.68332979,-1.45907399439636,17.482
395,1,0,accepted,0.11467075507295,0.21454307646734,484259.787310632,4977120.27538379,-1.45833161156185,11.243
396,1,0,accepted,0.113266624561682,0.185543551069009,484259.964892764,4977118.89871361,-1.4578495807267,10.669
397,1,0,accepted,0.120580917757419,0.140608124138872,484260.139454445,4977117.49796401,-1.4575174579622,12.606
398,1,0,accepted,0.125672544367055,0.172535167125821,484260.314991925,4977116.13222577,-1.45552080588295,14.913
399,1,0,accepted,0.0564758963142166,0.0266375262891012,484260.574895444,4977114.76300846,-1.45707177704369,12.255
400,1,0,accepted,0.126299094157145,0.563019878134298,484260.689132439,4977113.33823559,-1.44649815779738,11.683
401,1,0,accepted,0.119315249691205,0.499705183654869,484260.894344093,4977112.01303838,-1.44595879292212,9.51
402,1,0,accepted,0.134542354791253,0.486556695844466,484261.071929525,4977110.62448228,-1.44456598360913,15.53
403,1,0,accepted,0.132676616466042,0.406366147310158,484261.261985684,4977109.23987268,-1.44451157045032,14.093
404,1,0,accepted,0.135471125694678,0.363682359076133,484261.453497763,4977107.83179115,-1.44326370433029,10.805
405,1,0,accepted,0.121408238328818,0.339748912553757,484261.657787349,4977106.47630462,-1.44155459323324,9.427
406,1,0,accepted,0.106401122348134,0.179171767004622,484261.867668847,4977105.08542765,-1.44209892138395,11.63
407,1,0,accepted,0.056920012298118,-0.274528539867186,484262.177898784,4977103.67375788,-1.44775865901502,14.429
408,1,0,accepted,0.0617047448999697,-0.190845137960105,484262.346344354,4977102.31426957,-1.44403426875553,9.032
409,1,0,accepted,0.0690883914579264,-0.234492946730662,484262.532100275,4977100.9455774,-1.44267614297075,9.286
410,1,0,accepted,0.0828696124077054,-0.19477948204173,484262.70925476,4977099.60066085,-1.43970322886299,9.74
411,0,0,notConverged,0.112555750468269,-0.199788576832841,484262.885509054,4977098.25139287,-1.43753693407666,56.41
412,1,0,accepted,0.108120139599603,-0.0531222994095943,484263.086872878,4977096.9443653,-1.4334196716289,13.024
413,1,0,accepted,0.123093325291972,0.130303006263168,484263.284720633,4977095.60005873,-1.42839855471183,11.12
414,1,0,accepted,0.133888521694622,0.167090181954301,484263.489855606,4977094.25948183,-1.42545937337432,10.515
415,1,0,accepted,0.140106958526031,0.204075779780389,484263.699460625,4977092.92512362,-1.42311392388937,9.136
416,1,0,accepted,0.140761212194782,0.259196827171231,484263.916398652,4977091.59849978,-1.41996305912503,12.603
417,1,0,accepted,0.144179582373608,0.236073861928275,484264.133934679,4977090.26188014,-1.41820758651569,13.783
418,1,0,accepted,0.149425420139213,0.267977173665651,484264.349502485,4977088.95750006,-1.41599337901696,12
419,1,0,accepted,0.150039622232467,0.322151865463151,484264.574481359,4977087.63976823,-1.41264052641088,10.552
420,1,0,accepted,0.15709125828885,0.393525703585013,484264.798842059,4977086.30104567,-1.40943284664512,11.066
421,1,0,accepted,0.165020102721014,0.462631273564412,484265.02451454,4977084.97334022,-1.40638693172899,15.639
422,1,0,accepted,0.17445540230427,0.483957753555799,484265.259900901,4977083.61729498,-1.40439330717436,9.951
423,1,0,accepted,0.181123847974066,0.502522091918658,484265.498161865,4977082.27664243,-1.40248335256991,10.05
424,1,0,accepted,0.190680791896453,0.414266072708521,484265.73451835,4977080.95682833,-1.40228801114639,11.679
425,1,0,accepted,0.0680666404775746,0.00801201448990856,484266.127170824,4977079.67171463,-1.40782555534646,14.649
426,1,0,accepted,0.0543065160202295,-0.00758875070851367,484266.372570843,4977078.3730633,-1.40588486585767,17.366
427,1,0,accepted,0.0248104615682491,0.0337987181238447,484266.633260837,4977077.08490691,-1.40407467688045,13.525
428,1,0,accepted,0.0153637225334335,0.103150504476079,484266.872805521,4977075.77943833,-1.40126151421752,13.116
429,1,0,accepted,0.0214327195958699,0.0840481015715825,484267.116085519,4977074.46612313,-1.4003319011089,17.428
430,1,0,accepted,0.0301659056202783,0.0413719408250704,484267.414134485,4977073.14571024,-1.39929393613844,14.835
431,1,0,accepted,0.0324677413744765,0.00035540219067264,484267.663657497,4977071.86035108,-1.39812724686812,11.457
432,1,0,accepted,0.0288707815024778,0.0144651420134414,484267.911144119,4977070.56077805,-1.3961200745036,11.81
433,1,0,accepted,0.014595796609764,0.00910518808965541,484268.156089643,4977069.22988346,-1.39487337557792,13.123
434,1,0,accepted,0.00516224227403802,0.0421333978249847,484268.401062371,4977067.92315678,-1.3924731749638,14.947
435,1,0,accepted,0.0281010256215564,0.0940895015700688,484268.648103937,4977066.58874376,-1.39011867782679,12.725
436,1,0,accepted,0.0458023147151388,0.0397635797019434,484268.89629577,4977065.26440006,-1.38911203352366,11.407
437,1,0,accepted,0.0511886117845596,0.040292813587663,484269.163267477,4977063.95519597,-1.38737275366505,14.9
438,1,0,accepted,0.0540095458237807,0.0382092904183966,484269.42849996,4977062.64177749,-1.38513703375283,16.789
439,1,0,accepted,0.0622311155796995,0.0952007688244873,484269.686508219,4977061.32382095,-1.38221738050169,12.783
440,1,0,accepted,0.0767568508517037,0.0717545827562765,484269.932322709,4977060.02272468,-1.38039670013883,10.263
441,1,0,accepted,0.0889485062847972,0.0933333116538568,484270.195644941,4977058.71687487,-1.37769354272772,13.312
442,1,0,accepted,0.0829704484818363,0.0954997631922075,484270.480992814,4977057.40946851,-1.37563277204345,16.953
443,1,0,accepted,0.106394070114859,0.0770775603484846,484270.74435048,4977056.0774776,-1.37352492932197,14.726
444,1,0,accepted,0.100697550020763,0.110435998091094,484271.024849867,4977054.80298826,-1.37099011688061,12.027
445,1,0,accepted,0.107856053443773,0.145242061210023,484271.307579274,4977053.48995194,-1.36801869861723,11.629
446,1,0,accepted,0.11335366399092,0.126946765828806,484271.592596929,4977052.18211804,-1.3653869145788,15.447
447,1,0,accepted,0.120103522814282,0.133635898866712,484271.877008357,4977050.88142962,-1.36265137531589,12.229
448,1,0,accepted,0.12996035660108,0.0805802734910737,484272.166146254,4977049.56870995,-1.36065482168469,10.971
449,1,0,accepted,0.117901893587014,0.132937664784835,484272.477620999,4977048.27842467,-1.35660544177783,12.845
450,1,0,accepted,0.0161653032790235,-0.0248426605685083,484272.862612739,4977047.04782884,-1.35607981029556,16.03
451,1,0,accepted,0.00287451296139672,-0.0955725795327654,484273.176747462,4977045.77787333,-1.35407063782737,16.378
452,1,0,accepted,0.0257951153358404,-0.0689688280600438,484273.478276814,4977044.51871967,-1.35057705501074,10.657
453,1,0,accepted,0.0285340221862033,-0.0220024203382788,484273.76456631,4977043.22219347,-1.34620172693977,11.078
454,1,0,accepted,0.0359614734558234,-0.00440715588982012,484274.072347718,4977041.95329567,-1.34258321186914,14.609
455,1,0,accepted,0.0445317324412974,0.0382372434700344,484274.379887444,4977040.68018718,-1.33787370780464,13.413
456,1,0,accepted,0.0637493328297802,-0.0163939001336258,484274.684219804,4977039.41262897,-1.33468392447057,12.333
457,1,0,accepted,0.0615295427405346,0.079978437559375,484275.008401728,4977038.16882209,-1.32913229479274,14.304
458,1,0,accepted,0.0603858078486941,0.17006127513419,484275.337257258,4977036.91144101,-1.32334715640956,13.453
459,1,0,accepted,0.0611081700612459,0.262927711204855,484275.670828058,4977035.66894819,-1.31792153519656,15.518
460,1,0,accepted,0.069735274912739,0.2486094224382,484275.999741943,4977034.4335131,-1.31396317625492,13.992
461,1,0,accepted,0.0698690347499218,0.180335602607867,484276.342824221,4977033.18349679,-1.31093623224889,11.241
462,1,0,accepted,0.0690523372561884,0.160465983289494,484276.689439519,4977031.96196761,-1.30704810715842,12.443
463,1,0,accepted,0.0751168135159716,0.11111187208271,484277.039076878,4977030.7248557,-1.30340855226251,14.03
464,1,0,accepted,0.0720860518278983,0.201225461766093,484277.422749729,4977029.57743228,-1.2973106655355,15.624
465,1,0,accepted,0.0467190477891358,0.346960387617017,484277.792177369,4977028.33985344,-1.29079830755838,12.477
466,1,0,accepted,0.0369939687428464,0.394712728025704,484278.152131887,4977027.11131488,-1.28597094630111,12.122
467,1,0,accepted,0.0392790458079296,0.405366139376241,484278.513276582,4977025.88130603,-1.28133571679973,12.591
468,1,0,accepted,0.0468719350598513,0.460066107378087,484278.879302026,4977024.66807646,-1.27631537708487,15.41
469,1,0,accepted,0.0474765900785418,0.341391523503177,484279.265168632,4977023.45030866,-1.27398994518888,14.445
470,1,0,accepted,0.0463462859413657,0.317855411110073,484279.631028835,4977022.28364236,-1.27017033103975,11.06
471,1,0,accepted,0.0781357813585508,0.307892158115161,484279.996078531,4977021.06816314,-1.26602984391484,15.798
472,1,0,accepted,0.085102915229469,0.298932480443542,484280.375419916,4977019.8810614,-1.26190796941087,19.33
473,1,0,accepted,0.0927692034774145,0.308058152127749,484280.762717647,4977018.69738968,-1.25742235067882,11.251
474,1,0,accepted,0.0806279977391388,0.268685557502446,484281.165341146,4977017.5282639,-1.25419194415754,10.916
475,1,0,accepted,0.0709780714667472,0.258079178529683,484281.576523572,4977016.35666156,-1.25034233780702,9.869
476,1,0,accepted,0.0617326623131415,0.0609094231671927,484281.989093757,4977015.188079,-1.24955429331821,12.278
477,1,0,accepted,0.0618579331106979,-0.140442431302154,484282.38909389,4977014.04129208,-1.24921646861169,13.539
478,1,0,accepted,0.0463706308682634,-0.126258865684726,484282.798822005,4977012.91406472,-1.24522396420568,17.189
479,1,0,accepted,0.0671003212583844,0.147447742415974,484283.193403203,4977011.76632815,-1.2364341642824,15.39
480,1,0,accepted,0.0741180183319374,0.181365228813917,484283.608049916,4977010.61456997,-1.23179269165302,21.244
481,1,0,accepted,0.0732975259683649,0.209348721270203,484284.038568075,4977009.45324135,-1.22749516772886,13.484
482,1,0,accepted,0.0883284595422427,0.251507201376287,484284.456208909,4977008.29176179,-1.22298091517461,12.248
483,1,0,accepted,0.102251656505243,0.216761563874818,484284.872316821,4977007.14867235,-1.21976181551906,12.07
484,1,0,accepted,0.107979225934255,0.237918845013887,484285.30640305,4977005.99805344,-1.21539195981717,15.763
485,1,0,accepted,0.117984556015628,0.27632891144525,484285.739431121,4977004.85015434,-1.21078938730118,15.643
486,1,0,accepted,0.126575830504173,0.259314716889195,484286.180098341,4977003.70031951,-1.20678712387875,11.657
487,1,0,accepted,0.0952448069954734,0.401195336483048,484286.669741784,4977002.56111741,-1.20108136406883,15.881
488,1,0,accepted,0.102093352672899,0.427217672735354,484287.115234945,4977001.42959067,-1.19648921367183,17.36
489,1,0,accepted,0.109762341798779,0.359476683530569,484287.574162282,4977000.28044762,-1.19316295181353,13.368
490,1,0,accepted,0.0940733459823792,0.481961880731546,484288.046288481,4976999.17351382,-1.18858672733031,12.269
491,1,0,accepted,0.0988922490617206,0.405977873122419,484288.510662654,4976998.04376204,-1.1862250589,11.405
492,1,0,accepted,0.0460503466777923,0.174297204235421,484289.066000113,4976996.9365747,-1.18642929085007,17.048
493,1,0,accepted,0.0469692563675624,0.112267059048983,484289.548270591,4976995.81634757,-1.18375262054312,14.901
494,1,0,accepted,0.0503268021503983,0.0542648658131778,484290.034173987,4976994.69204071,-1.18128315156419,11.552
495,1,0,accepted,0.0521054574007993,0.0375429401532605,484290.48240296,4976993.57085698,-1.17761534402507,11.731
496,1,0,accepted,0.0583274202251733,0.0373879348671128,484290.970050679,4976992.45570891,-1.17448344290163,15.987
497,1,0,accepted,0.0707505948899191,-0.0132674889142209,484291.46716683,4976991.32994859,-1.17205237002046,16.316
498,1,0,accepted,0.0744145630964514,0.00542651426775876,484291.95591767,4976990.21884341,-1.16844433102001,13.156
499,1,0,accepted,0.0629235411776992,0.1202231872421,484292.455780208,4976989.11625292,-1.16270135302379,10.655
500,1,0,accepted,0.0508138010585335,0.143645465075529,484292.953409606,4976988.02159709,-1.15871782681752,15.425
501,1,0,accepted,0.047759000358148,0.0492652966489016,484293.458681471,4976986.91986065,-1.15688822186825,20.534
502,1,0,accepted,0.052595875956278,-0.0206046451611744,484293.966836952,4976985.7940704,-1.15484608831517,14.545
503,1,0,accepted,0.053615353477593,-0.041638597876482,484294.46465886,4976984.70719766,-1.1522975171347,13.495
504,1,0,accepted,0.0486119266979794,0.0173415990778234,484294.976047342,4976983.61489709,-1.14633722693272,17.444
505,1,0,accepted,0.0589757419546105,0.0697013019647078,484295.487276529,4976982.50511589,-1.14248505268038,18.415
506,1,0,accepted,0.0525672426246772,0.131411222617695,484296.019326992,4976981.40995704,-1.13817462612441,12.603
507,1,0,accepted,0.0561668048304891,0.18392043833951,484296.529358526,4976980.31171615,-1.13483301785731,15.093
508,1,0,accepted,0.0571724877237745,0.193805685678757,484297.053973275,4976979.21941369,-1.13233746621715,16.951
509,1,0,accepted,0.0564890585013447,0.146637325889328,484297.579908914,4976978.12925982,-1.1309571410673,19.759
510,1,0,accepted,0.0580664064716893,0.164058547662769,484298.099159064,4976977.04656259,-1.12877075715208,17.122
511,1,0,accepted,0.0839261585060302,0.211505681659593,484298.608241474,4976975.95558932,-1.12583339617878,16.782
512,1,0,accepted,0.111843294418691,0.347267945080703,484299.117081988,4976974.89005384,-1.12188617219806,25.547
513,1,0,accepted,0.114315977862453,0.252918482356036,484299.654842627,4976973.78858514,-1.12213030607326,18.984
514,1,0,accepted,0.121942051115888,0.234463079209029,484300.192307349,4976972.700379,-1.12139137972379,15.803
515,1,0,accepted,0.115241559528372,0.176988089679047,484300.755249424,4976971.57352319,-1.1215934673836,20.641
516,1,0,accepted,0.0885449752283392,0.204661648773763,484301.321245586,4976970.48659992,-1.1209100117734,22.012
517,1,0,accepted,0.0137198654651679,0.0451570064742426,484301.952627222,4976969.3820574,-1.1237652517381,19.043
518,1,0,accepted,0.0195884857931116,0.00557312901354004,484302.510101392,4976968.27292564,-1.12427825593819,21.875
519,1,0,accepted,0.0256498944077106,-0.00962590278738574,484303.05313566,4976967.1620615,-1.12445206333699,17.955
520,1,0,accepted,0.023108512783506,0.0166459109933794,484303.608878989,4976966.06055259,-1.12409456060858,16.94
521,1,0,accepted,0.0259334385213381,0.0201411589063479,484304.152550913,4976964.96111997,-1.12455396624634,17.792
522,1,0,accepted,0.0303801713741898,0.056768749368303,484304.711439764,4976963.8499169,-1.12522754715173,17.956
523,1,0,accepted,0.0327322136534519,0.0314639931840313,484305.256760764,4976962.74785286,-1.1265015792029,15.759
524,1,0,accepted,0.0286154303478397,0.0260014562237122,484305.809728402,4976961.64219275,-1.12798093874457,22.106
525,1,0,accepted,0.0261546094229992,0.0459970767353045,484306.358127141,4976960.54283843,-1.1292738636235,18.924
526,1,0,accepted,0.0282351572560623,-0.0674502881059039,484306.892651905,4976959.43810597,-1.13175627346475,16.376
527,1,0,accepted,0.034267980807905,-0.0444998779849327,484307.423433969,4976958.33079547,-1.1334654547173,15.054
528,1,0,accepted,0.037498190856348,-0.0425336794974304,484307.957269681,4976957.22044997,-1.1350039568967,19.754
529,1,0,accepted,0.0473442902346337,-0.0340356378128245,484308.479801783,4976956.12619745,-1.13709881186153,12.838
530,1,0,accepted,0.0586967874106497,0.0440752025004243,484309.005633302,4976955.01786836,-1.13859552879127,12.529
531,1,0,accepted,0.0689910254667935,0.0988235154293015,484309.532422349,4976953.90315342,-1.14066166331286,20.501
532,1,0,accepted,0.0765471673752329,0.138107371116229,484310.05278918,4976952.80214561,-1.14320945206859,20.522
533,1,0,accepted,0.0772247240485412,0.135803803156339,484310.582540602,4976951.68523563,-1.14709270464443,22.5
534,1,0,accepted,0.0795438866228933,0.248764981804618,484311.101566779,4976950.58106454,-1.14918223486001,24.585
535,1,0,accepted,0.0796398029165798,0.212869269400928,484311.620581569,4976949.46711272,-1.15344844298717,21.147
536,1,0,accepted,0.0840619189413595,0.231001150043888,484312.128162634,4976948.35633089,-1.15663533601205,15.149
537,1,0,accepted,0.0849009330417355,0.291597753047718,484312.635692739,4976947.2490262,-1.15948052706794,18.571
538,1,0,accepted,0.0932851192155488,0.337484933150385,484313.131550924,4976946.12481768,-1.16185140961954,16.795
539,1,0,accepted,0.105505354697852,0.434306495433809,484313.624963945,4976944.99912162,-1.16391661354124,15.114
540,1,0,accepted,0.107405748255097,0.556098016195862,484314.122081405,4976943.86108377,-1.16597701279685,13.549
541,1,0,accepted,0.110419105390773,0.555006138360403,484314.615439612,4976942.74084719,-1.16969354575806,17.535
542,1,0,accepted,0.11872647623673,0.509558179758006,484315.092145557,4976941.63826373,-1.17437620963475,17.52
543,1,0,accepted,0.129916423290741,0.462892211307155,484315.579867827,4976940.4758617,-1.1786828322404,12.935
544,1,0,accepted,0.126372650494677,0.354498326664037,484316.064402416,4976939.34141635,-1.18404397002663,15.963
545,1,0,accepted,0.136672478958788,0.353232529417853,484316.532398728,4976938.19833715,-1.18751944993605,17.422
546,1,0,accepted,0.0575491841862548,0.0748900377065119,484317.080608161,4976937.04994661,-1.19610506156592,14.152
547,1,0,accepted,0.0539340317735012,0.0238598341385843,484317.553124894,4976935.91658531,-1.20058718932167,14.673
548,1,0,accepted,0.0492131498699714,-0.0585961892006557,484318.021835559,4976934.78274651,-1.20562725593789,15.027
549,1,0,accepted,0.0917451113029991,0.137188090179035,484318.446663691,4976933.63818424,-1.20595035911919,16.498
550,1,0,accepted,0.0919931387932598,0.100861801693362,484318.896607762,4976932.51551437,-1.21016435198516,15.491
551,1,0,accepted,0.107419439015543,0.170912886132299,484319.335118178,4976931.37917862,-1.21309726988926,22.414
552,1,0,accepted,0.092297512754853,0.134844016984275,484319.800444626,4976930.22929343,-1.21743169076738,31.711
553,1,0,accepted,0.0880120861224969,0.147168663850489,484320.248306469,4976929.08366801,-1.22092063152383,14.677
554,1,0,accepted,0.0383591587856658,0.0505519885687088,484320.754735811,4976927.88623606,-1.22639530765085,13.309
555,1,0,accepted,0.0448380131364237,0.0106753133368957,484321.206797737,4976926.71668426,-1.23065403431636,15.842
556,1,0,accepted,0.0703537426697587,-0.077832276252494,484321.646921264,4976925.55357634,-1.23558153156371,15.296
557,1,0,accepted,0.0681119360136157,-0.128031194226009,484322.077999118,4976924.3957286,-1.24026863494698,15.117
558,1,0,accepted,0.0526108635815307,-0.108019579255313,484322.481055034,4976923.2596743,-1.24364552834335,16.966
559,1,0,accepted,0.0400127585253089,-0.0715220983633186,484322.880301464,4976922.12442887,-1.24644825561552,23.255
560,1,0,accepted,0.0394471990866423,-0.0221349424375002,484323.300391963,4976920.95653868,-1.24948414977801,28.462
561,1,0,accepted,0.0436837464828971,-0.0142149497984169,484323.7022578,4976919.80836616,-1.25280200975736,24.039
562,1,0,accepted,0.0547069398505128,0.0139256027601974,484324.100575625,4976918.63794833,-1.25568167381956,15.683
563,1,0,accepted,0.0584713213087606,0.0240187470000679,484324.495046729,4976917.48299997,-1.25936452686539,15.997
564,1,0,accepted,0.0647938279797262,0.00807136217605179,484324.886193685,4976916.31856328,-1.26286840306904,17.156
565,1,0,accepted,0.0732067591790716,-0.0179187368103105,484325.270017563,4976915.15097814,-1.26667409975099,13.736
566,1,0,accepted,0.0763697449398142,-0.0307192807917882,484325.655234744,4976913.98661707,-1.26998442467648,15.694
567,1,0,accepted,0.0892188828656179,-0.00168380125499239,484326.031392459,4976912.80844313,-1.2728876870004,20.022
568,1,0,accepted,0.100242022681151,0.0202135435669232,484326.404710152,4976911.63561736,-1.27571730682565,15.135
569,1,0,accepted,0.0969808832463592,-0.0192639603634334,484326.789072985,4976910.4664347,-1.27965090755989,12.576
570,1,0,accepted,0.13007474388046,0.1394385157928,484327.131371329,4976909.29879789,-1.27986886907399,12.803
571,1,0,accepted,0.147908821209891,0.244121578095998,484327.485939046,4976908.12965714,-1.2810653953354,16.422
572,1,0,accepted,0.119124150232387,0.131425833371765,484327.888705378,4976906.94258955,-1.28603604947317,11.03
573,1,0,accepted,0.0717793145375172,-0.106179950751976,484328.300496643,4976905.77970156,-1.29306713626567,13.121
574,1,0,accepted,0.0708937830753964,0.042156889471618,484328.665027031,4976904.6061061,-1.29321824720885,16.66
575,1,0,accepted,0.0701332044852204,0.0848294232953463,484329.022299015,4976903.43374265,-1.29520041507954,17.499
576,1,0,accepted,0.0914095342997231,0.208346544976645,484329.354122153,4976902.26937119,-1.29561030249988,13.695
577,1,0,accepted,0.105477880422041,0.218744129238615,484329.692549724,4976901.09957452,-1.29798820545517,14.929
578,1,0,accepted,0.115097218218376,0.186048154677674,484330.030925089,4976899.92088648,-1.30056734532754,13.276
579,1,0,accepted,0.12005988509806,0.144270777120312,484330.372144003,4976898.7457062,-1.30361075073044,20.351
580,1,0,accepted,0.0453918805090406,0.192149916692053,484330.790939265,4976897.54549982,-1.30441514738808,16.842
581,1,0,accepted,0.0153775151050495,-0.0554809714918134,484331.17293253,4976896.36111684,-1.31024667083386,14.222
582,1,0,accepted,0.00687301755418938,0.0324279194756512,484331.522666502,4976895.19120209,-1.31018400396645,16.776
583,1,0,accepted,0.0104522895822951,0.108825672939893,484331.856867422,4976894.03472973,-1.3109187675391,20.74
584,1,0,accepted,0.0316517242585845,0.123315496177837,484332.187377072,4976892.88154509,-1.31218476172436,12.021
585,1,0,accepted,0.0451541801573481,0.117600156156069,484332.507855652,4976891.71858976,-1.31395641379302,11.971
586,1,0,accepted,0.0444528170276641,0.0366792022023346,484332.816511966,4976890.52991745,-1.31687344290728,13.129
587,1,0,accepted,0.0484731937280675,-0.0423886668169651,484333.134908521,4976889.34630926,-1.31964689910671,23.938
588,1,0,accepted,0.0648039795644945,0.0300406270811543,484333.44312631,4976888.17212131,-1.31986323910959,14.83
589,1,0,accepted,0.0961295439632758,0.0500492900848813,484333.731641202,4976886.99661611,-1.32083973069633,12.001
590,1,0,accepted,0.0673968643563753,-0.00736145646371409,484334.08102502,4976885.80157471,-1.32335849602571,12.129
591,1,0,accepted,0.0831561316244254,0.0291749984928553,484334.388614139,4976884.63475379,-1.32417255776366,22.07
592,1,0,accepted,0.0992659525838868,-0.0252242462402545,484334.692596399,4976883.45769054,-1.32657951234962,10.796
593,1,0,accepted,0.113243732811837,0.00378211228539191,484334.997312437,4976882.28656507,-1.32741264310402,11.363
594,1,0,accepted,0.125305396495517,0.0254862956219718,484335.302226714,4976881.12418032,-1.32858319259838,9.71
595,1,0,accepted,0.135772850184787,0.0444205918948208,484335.608506708,4976879.95028115,-1.32978864987125,10.814
596,1,0,accepted,0.13979672059804,0.0338512126462975,484335.911218161,4976878.78815744,-1.33153930588561,13.675
597,0,1,acceptedDirectional,0.106527969129849,-0.145356336618889,484336.259992692,4976877.63218615,-1.3361635696428,29.617
598,0,1,acceptedDirectional,0.133690001802899,-0.199129164773817,484336.556720737,4976876.4741743,-1.33807659725577,13.314
599,1,0,accepted,0.155408729925589,1.31439995197095,484336.86683183,4976875.36790912,-1.31293829824123,14.304
600,1,0,accepted,0.168764724728044,1.45613041850046,484337.172631904,4976874.21128522,-1.31215206028523,8.027
601,1,0,accepted,0.132392877544249,1.30203230515643,484337.529722092,4976873.06182384,-1.31638765227278,9.502
602,1,0,accepted,0.0968271720631018,1.09273902995099,484337.87911294,4976871.9181265,-1.32170412916732,7.961
603,1,0,accepted,0.0242177566327928,0.62336126704163,484338.260977156,4976870.75830839,-1.33173647172574,11.004
604,1,0,accepted,0.0601395901612933,0.0655136750397312,484338.641188525,4976869.59320851,-1.34357566636414,14.243
605,1,0,accepted,0.0637957305540729,-0.0764061725474529,484338.934984922,4976868.44822796,-1.34779013387028,9.557
606,1,0,accepted,0.0772920804685515,-0.154417403599171,484339.211321278,4976867.2967035,-1.35137019946982,8.574
607,1,0,accepted,0.1007179076344,-0.380687668058293,484339.502836107,4976866.13883046,-1.35787888071554,10.784
608,1,0,accepted,0.0961909596652106,-0.266614198082711,484339.747651442,4976865.01319297,-1.35841852529199,15.727
609,1,0,accepted,0.0965632523997811,-0.25924199574816,484339.994978283,4976863.90278046,-1.3610182742612,11.25
610,1,0,accepted,0.0890572934537049,-0.140674852949282,484340.246296892,4976862.79378721,-1.36216947740863,10.182
611,1,0,accepted,0.0855564199334216,-0.101155232894278,484340.502991735,4976861.67757757,-1.36495846231886,9.979
612,1,0,accepted,0.103198005297688,0.0926432858190324,484340.722808312,4976860.64788088,-1.36503292717774,10.383
613,1,0,accepted,0.109901274791074,0.0848611311620597,484340.972751543,4976859.52615191,-1.36920061846104,14.097
614,1,0,accepted,0.112023760370693,0.112237606757886,484341.221890486,4976858.41819688,-1.37325206402534,12.33
615,1,0,accepted,0.122187011861015,0.17654778693934,484341.459441532,4976857.29792267,-1.37760739061866,10.664
616,1,0,accepted,0.129715628129259,0.178609816437303,484341.694800309,4976856.16214281,-1.38390665086056,9.2
617,1,0,accepted,0.13044740114879,0.240477407159675,484341.932270737,4976855.05571475,-1.38966975213393,10.517
618,1,0,accepted,0.147476171699975,0.227440990288158,484342.157633338,4976853.9168247,-1.39704939223453,14.741
619,1,0,accepted,0.177607416557231,0.479808625707813,484342.364222555,4976852.81146116,-1.40072956276559,16.386
620,1,0,accepted,0.200810186009425,0.705181128405071,484342.570965135,4976851.71851855,-1.40490119778347,9.945
621,1,0,accepted,0.1991303053024,0.421456486021406,484342.781846913,4976850.59869267,-1.41880336985853,10.403
622,1,0,accepted,0.231303558244517,0.926525046988083,484342.975128504,4976849.51681788,-1.41992015240452,10.362
623,1,0,accepted,0.23815965207134,0.845241986447416,484343.155932744,4976848.38252726,-1.43286982739389,10.414
624,1,0,accepted,0.236802117143225,0.811587153486741,484343.334930628,4976847.24735101,-1.44508393176375,13.024
625,1,0,accepted,0.235273289929,0.902645579580058,484343.504546056,4976846.10784678,-1.4556601865322,13.84
626,0,1,acceptedDirectional,0.193582519216822,-0.883320819073687,484344.01340904,4976844.9766623,-1.49905595868433,14.49
627,0,1,acceptedDirectional,0.181266685084284,-0.745313161378007,484344.139215297,4976843.82427744,-1.50863963779052,9.887
628,0,1,acceptedDirectional,0.171672147839065,-0.638387453926049,484344.247348699,4976842.6942476,-1.51881172278028,11.548
629,0,1,acceptedDirectional,0.103821646318878,0.226957415554139,484344.171850796,4976841.56244382,-1.51617396506539,15.451
630,1,0,accepted,0.0740497352295396,0.571743531162974,484344.220568411,4976840.3457444,-1.52186689421613,13.715
631,1,0,accepted,0.00529639022897846,0.347012635429224,484344.360863056,4976839.19905601,-1.53829514782008,13.727
632,1,0,accepted,0.0616816390235678,0.695444935597571,484344.362675558,4976838.07081053,-1.54482194160165,14.327
633,1,0,accepted,0.0546717918888477,0.616919073922775,484344.412053356,4976836.9381092,-1.55717544744986,20.823
634,1,0,accepted,0.0315622931620393,0.422810223087353,484344.462336141,4976835.80329625,-1.57189205561228,15.945
635,1,0,accepted,0.0369324383203101,0.412706321346719,484344.471877726,4976834.66756235,-1.58227761238,14.366
636,1,0,accepted,0.0375796548624103,0.308143311525781,484344.478106609,4976833.52313792,-1.59358956676604,16.1
637,1,0,accepted,0.0484559390706199,0.244128785586317,484344.463087962,4976832.38248716,-1.60317291552611,24.348
638,1,0,accepted,0.0647939713417041,-0.0488854891077754,484344.47340536,4976831.21119501,-1.61551154151039,19.029
639,1,0,accepted,0.0753458576515718,-0.124212773552748,484344.432420533,4976830.07293317,-1.62297252391457,14.26
640,1,0,accepted,0.0911712478578753,-0.142751253129512,484344.367282541,4976828.92551583,-1.62862261836885,11.657
641,1,0,accepted,0.11112217115214,-0.0202602812534189,484344.295597205,4976827.80282811,-1.63149315496754,17.149
642,1,0,accepted,0.120603026004925,-0.00308474085439421,484344.236510561,4976826.66887183,-1.63596888079969,16.377
643,1,0,accepted,0.12685795117448,0.0803021295703967,484344.167491434,4976825.5468689,-1.63911933595253,10.778
644,1,0,accepted,0.127833497289344,0.15365523915255,484344.103053662,4976824.42166714,-1.64169489124008,11.124
645,1,0,accepted,0.13598238739524,0.22956719532718,484344.029009408,4976823.29078141,-1.6439303379235,16.577
646,1,0,accepted,0.141226638781331,0.268627984040069,484343.957967532,4976822.16466388,-1.64689752185812,15.118
647,1,0,accepted,0.124195224573993,0.182793609077369,484343.904744981,4976821.01602747,-1.65187512136455,12.089
648,1,0,accepted,0.124003940259222,0.118195484733561,484343.828269792,4976819.85142924,-1.65599437388265,10.271
649,1,0,accepted,0.12838615624117,0.154476701164251,484343.744709018,4976818.69098279,-1.65769769039796,10.603
650,1,0,accepted,0.128625803067562,0.156097179170876,484343.661597651,4976817.53027274,-1.659319211622,13.597
651,1,0,accepted,0.127919711357324,0.164003302980114,484343.575363772,4976816.36053771,-1.66078954961918,15.169
652,1,0,accepted,0.131619220252789,0.154873246695357,484343.480647502,4976815.1863255,-1.6615268734322,19.964
653,1,0,accepted,0.133448201182224,0.147275963101719,484343.387704145,4976814.00658125,-1.66218261061648,10.793
654,1,0,accepted,0.143018841748201,0.142314747856309,484343.285486581,4976812.83526987,-1.66276100705276,11.495
655,1,0,accepted,0.154156462535708,0.207071584726488,484343.185300373,4976811.66760894,-1.66209464025918,19.767
656,1,0,accepted,0.153586872609347,0.244411764913296,484343.089883544,4976810.4727161,-1.66190308478113,14.001
657,1,0,accepted,0.153882884267278,0.217244457866423,484342.992986627,4976809.27131956,-1.66252878083829,10.748
658,1,0,accepted,0.142101859901826,0.193445156661869,484342.907260596,4976808.05097789,-1.66316836010386,11.737
659,1,0,accepted,0.106752589751007,-0.044559249544154,484342.869943153,4976806.78561608,-1.66755732915168,11.11
660,1,0,accepted,0.122762870486314,-0.0111689782974631,484342.765914332,4976805.57392601,-1.66741238962517,14.165
661,1,0,accepted,0.13065471208281,0.0670947750141112,484342.65247788,4976804.38125034,-1.66635063505869,16.026
662,1,0,accepted,0.128262887464668,0.0699650289649016,484342.553922859,4976803.17845735,-1.66682318466189,11.247
663,1,0,accepted,0.128499270195426,0.146319610540081,484342.445796378,4976801.98791805,-1.66641036776147,10.948
664,1,0,accepted,0.124034757633706,0.0864632633580606,484342.344096342,4976800.79416839,-1.66757948074887,10.012
665,1,0,accepted,0.124595422168691,0.179451376598825,484342.243661101,4976799.58114046,-1.66670779200854,15.999
666,1,0,accepted,0.128433899219754,0.253520384359382,484342.140287382,4976798.35110909,-1.66615387256351,13.154
667,1,0,accepted,0.138688698347005,0.295841018153079,484342.033043015,4976797.12736193,-1.6664089067273,10.346
668,1,0,accepted,0.148653792309743,0.212296207673167,484341.932499054,4976795.87790639,-1.66865870020077,10.931
669,1,0,accepted,0.0976845984205202,0.0538639457058155,484341.904519467,4976794.64399943,-1.67216556942179,10.659
670,1,0,accepted,0.0446626077215658,-0.0372800286816243,484341.836379969,4976793.45615323,-1.67413134007462,13.347
671,1,0,accepted,0.0184480876269725,-0.130648846659188,484341.768788255,4976792.25932252,-1.67617046947725,11.821
672,1,0,accepted,0.0161615495117224,-0.0884420479651607,484341.659734451,4976791.03119004,-1.67617594876128,10.631
673,1,0,accepted,0.0146958501092836,-0.0897183622987638,484341.552415258,4976789.80475201,-1.67692848735237,10.282
674,1,0,accepted,0.00420213188081592,-0.141567921521959,484341.434543508,4976788.5835091,-1.67838811700016,14.412
675,1,0,accepted,0.0337950619385581,-0.0794051339966503,484341.292647844,4976787.33356633,-1.6776089175593,10.787
676,1,0,accepted,0.0533102174941306,-0.100154065684362,484341.164922614,4976786.09315264,-1.67838557022274,9.521
677,1,0,accepted,0.0566142934186083,-0.109697957834745,484341.048458551,4976784.86229233,-1.67916487949983,10.445
678,1,0,accepted,0.0489579026689074,-0.127952293823902,484340.940294058,4976783.63693966,-1.68021860326177,11.446
679,1,0,accepted,0.0368198634479139,-0.0722605809939472,484340.843179552,4976782.37368644,-1.67983645764727,15.251
680,1,0,accepted,0.0304747182631405,-0.0478340753439763,484340.73880746,4976781.1563369,-1.68024242397515,12.253
681,1,0,accepted,0.0404735092090247,-0.0391355274250722,484340.613281529,4976779.91083996,-1.68030348801191,10.861
682,1,0,accepted,0.0504725240684811,0.133055541045058,484340.56272463,4976778.64046937,-1.67799670896109,14.047
683,1,0,accepted,0.0456573017608067,0.105915348742183,484340.449814554,4976777.40201427,-1.67869814425864,13.613
684,1,0,accepted,0.0405168238921844,0.119965548215564,484340.330665715,4976776.15734412,-1.67886959229199,11.848
685,1,0,accepted,0.0165409252700474,0.157259911440669,484340.196498943,4976774.92789213,-1.67832215354007,10.165
686,1,0,accepted,0.0218431110582258,0.110579864072707,484340.079328394,4976773.66557364,-1.6793474050179,9.954
687,1,0,accepted,0.0129277620890799,0.155367451309021,484339.938696093,4976772.44569562,-1.67885246310058,10.289
688,1,0,accepted,0.0266018550844179,0.162532471854996,484339.804835767,4976771.19187374,-1.67911431668525,11.53
689,1,0,accepted,0.0396800387275535,0.162845254036887,484339.671861903,4976769.93934431,-1.67931650811132,11.319
690,1,0,accepted,0.0543476060261532,0.0943363086573765,484339.548555115,4976768.65625807,-1.68073532467388,9.891
691,1,0,accepted,0.0686652388434854,0.113139203012745,484339.410864494,4976767.39613203,-1.6807331091176,11.672
692,1,0,accepted,0.0745357488877096,0.0764743044102365,484339.278675045,4976766.13785852,-1.68123455312629,14.22
693,1,0,accepted,0.0767070029722325,0.0496639846767533,484339.153577263,4976764.90591173,-1.68191759108334,13.304
694,1,0,accepted,0.0787192355895562,0.0411546117559974,484339.027960316,4976763.65726831,-1.68263367774424,9.944
695,1,0,accepted,0.0736947219212395,0.0855376382053886,484338.905511469,4976762.4324301,-1.68275923596536,9.192
696,1,0,accepted,0.0755591404416052,0.125847954702501,484338.783059295,4976761.1986712,-1.68286583065017,7.677
697,1,0,accepted,0.0782244061601708,0.0740895615955463,484338.660302731,4976759.95560477,-1.68433991621012,10.458
698,1,0,accepted,0.0940193276448706,0.0806991279333574,484338.527416587,4976758.7230374,-1.68489216774023,11.249
699,1,0,accepted,0.112363020118596,0.130654614022997,484338.397937747,4976757.48647357,-1.68479957784448,11.965
700,1,0,accepted,0.125836463578143,0.244810578544916,484338.26838057,4976756.26666321,-1.68376806232371,11.465
701,1,0,accepted,0.136566159210442,0.363124517337907,484338.135372582,4976755.0287697,-1.68242133449462,9.347
702,1,0,accepted,0.13748380519701,0.249427424820934,484338.004905177,4976753.77852799,-1.68526256902441,8.632
703,1,0,accepted,0.139195216172557,0.264273784042183,484337.873337225,4976752.52986752,-1.68539703650757,10.75
704,1,0,accepted,0.146629756461709,0.137251877960212,484337.727605191,4976751.26619363,-1.68884647490077,13.013
705,1,0,accepted,0.103763620442718,0.287440979432183,484337.639084433,4976750.01133287,-1.68648253243181,11.392
706,1,0,accepted,0.0960501344341363,0.339264218092372,484337.51549364,4976748.77279839,-1.686072620888,8.918
707,1,0,accepted,0.0794355838344021,0.31564289143266,484337.398228984,4976747.5233568,-1.68745537923271,8.726
708,1,0,accepted,0.0662447386246962,0.312017242935796,484337.277170767,4976746.27521514,-1.68841306848961,8.719
709,1,0,accepted,0.0753915532169294,-0.113756128952076,484337.267582171,4976744.99264602,-1.6966926289289,10.399
710,1,0,accepted,0.0575906031547553,-0.0644345688957115,484337.111400416,4976743.76467341,-1.69723066871518,11.45
711,1,0,accepted,0.0441964986272035,-0.058357605110147,484336.936080119,4976742.53929248,-1.6989289962789,10.782
712,1,0,accepted,0.0284948095676816,0.0341039191433073,484336.822557546,4976741.33009667,-1.69940509276803,10.485
713,1,0,accepted,0.0515160000208733,0.0274452893579946,484336.621613952,4976740.09643023,-1.70246863356146,9.821
714,1,0,accepted,0.0487382249538957,0.298649485721673,484336.47274403,4976738.88523414,-1.70010592395283,14.632
715,1,0,accepted,0.0240389484942148,0.14195692212036,484336.350515343,4976737.65293664,-1.70660475018088,21.292
716,1,0,accepted,0.0404092236846901,0.240363634879332,484336.182876092,4976736.4262271,-1.70890955669173,11.894
717,1,0,accepted,0.0941553079756873,0.238735401645975,484335.978457788,4976735.19768129,-1.71363409441478,11.664
718,1,0,accepted,0.081527661086881,0.236873056804032,484335.833167477,4976733.98706806,-1.71914744605539,9.64
719,1,0,accepted,0.0577938175473233,0.181552569812153,484335.692072393,4976732.78657338,-1.72583911786262,12.385
720,1,0,accepted,0.0709163140219911,0.261104655853375,484335.513643887,4976731.58743658,-1.73082682997324,12.508
721,1,0,accepted,0.086443835875521,0.32355451487608,484335.324113942,4976730.40578211,-1.73572615258975,11.884
722,1,0,accepted,0.0891063560688991,0.345522132239914,484335.152083901,4976729.23704785,-1.741202288712,10.294
723,1,0,accepted,0.0549057596993679,0.177024071932394,484334.985301105,4976728.01082002,-1.75016804608351,11.503
724,1,0,accepted,0.0477351656885988,0.287401477659885,484334.793269146,4976726.80930278,-1.75450470316547,14.626
725,1,0,accepted,0.0588326155631893,0.258881039359084,484334.577536724,4976725.61730408,-1.76167408905837,16.355
726,1,0,accepted,0.0543150976742943,0.262827619312472,484334.37403208,4976724.43959184,-1.7683538554638,13.382
727,1,0,accepted,0.0651248324554121,0.206941213942317,484334.142028269,4976723.23892833,-1.77543315124699,11.232
728,1,0,accepted,0.0640392186046813,0.324830351308098,484333.919512407,4976722.06033589,-1.77975274182902,10.809
729,1,0,accepted,0.0776589146059276,0.285051782020084,484333.678604593,4976720.90100391,-1.7868621986935,10.791
730,1,0,accepted,0.0413680683039392,0.218451196677073,484333.475126041,4976719.72211795,-1.79289026828591,15.074
731,1,0,accepted,0.0359518881727595,0.293289727776682,484333.232915762,4976718.54970993,-1.7978990813221,13.864
732,1,0,accepted,0.0288205266008521,0.267140713642959,484332.977565658,4976717.3662883,-1.80334973858601,11.395
733,1,0,accepted,0.027284879492994,0.226808462662107,484332.758982411,4976716.1614575,-1.80880505702802,10.42
734,1,0,accepted,0.0293739844833365,0.263408414406593,484332.475504174,4976715.00856432,-1.81267134408652,17.451
735,1,0,accepted,0.0244782301069602,0.224540882184777,484332.217721324,4976713.86202883,-1.81714374124912,15.66
736,1,0,accepted,0.0259439636238375,0.193867915835885,484331.935950362,4976712.7020848,-1.82127178727931,15.472
737,1,0,accepted,0.0249688208109199,0.176399289073617,484331.656640684,4976711.56520914,-1.8248924454697,13.726
738,1,0,accepted,0.0275049682969358,0.159914913465298,484331.374145154,4976710.42466172,-1.82850903080191,16.934
739,1,0,accepted,0.0404444461924637,0.177626314917816,484331.087367843,4976709.28657631,-1.83119532741615,17.361
740,1,0,accepted,0.0282567486017631,0.275347156778172,484330.817694591,4976708.16204117,-1.83206254792899,12.523
741,1,0,accepted,0.0401797322227954,0.339099232439749,484330.523312326,4976707.02780755,-1.83293833900736,14.23
742,1,0,accepted,0.0449927256622422,0.352328389682295,484330.233497332,4976705.89642035,-1.83463253855402,17.061
743,1,0,accepted,0.0467878803771555,0.330228597973264,484329.943482618,4976704.76919691,-1.83631025794782,14.663
744,1,0,accepted,0.0489435072741938,0.274882517577973,484329.653439869,4976703.64582552,-1.83839235298421,14.081
745,1,0,accepted,0.0446470983883335,0.160728191515656,484329.369026807,4976702.52697954,-1.84157773107173,13.075
746,1,0,accepted,0.0564074517989166,0.138542011799262,484329.065800442,4976701.40010636,-1.84308946913457,20.183
747,1,0,accepted,0.0600042658356939,0.0457889687550959,484328.775819603,4976700.30615136,-1.84565740192841,15.629
748,1,0,accepted,0.039093391150936,-0.148554640907376,484328.509088805,4976699.20029465,-1.84969683349728,11.374
749,1,0,accepted,0.0449943062053192,-0.205702415626084,484328.214460597,4976698.0991888,-1.85167516664003,13.889
750,1,0,accepted,0.0749847749793152,-0.224118682022342,484327.885638037,4976696.9867989,-1.85217958986044,22.439
751,1,0,accepted,0.0868150467106696,0.253555120103389,484327.579228614,4976695.87932482,-1.84439848247848,18.443
752,1,0,accepted,0.0994398758133517,0.3088128257379,484327.272481383,4976694.77783004,-1.84422592489431,14.238
753,1,0,accepted,0.10054406562992,0.309380470194093,484326.98024901,4976693.69050893,-1.84425186481572,13.108
754,1,0,accepted,0.105794762672408,0.390505906513643,484326.686488922,4976692.61156009,-1.84379027618134,23.022
755,1,0,accepted,0.109832987190537,0.364138598529252,484326.388624574,4976691.51622433,-1.844499629082,16.668
756,1,0,accepted,0.103552070608384,0.314286331804746,484326.103371132,4976690.43064327,-1.84571035938407,12.456
757,1,0,accepted,0.116107389903127,0.338025154290801,484325.799056235,4976689.34523654,-1.8454364292523,13.747
758,1,0,accepted,0.121161384219852,0.316609776151872,484325.50259089,4976688.2541963,-1.84634967470301,18.745
759,1,0,accepted,0.128981770413721,0.35612279623399,484325.203378025,4976687.16927858,-1.84516229856727,13.563
760,1,0,accepted,0.12932046594704,0.372409219040499,484324.917291518,4976686.10419176,-1.84342272594475,13.631
761,1,0,accepted,0.0972029265614937,0.652902596390385,484324.735597425,4976685.09049076,-1.83715209236079,15.591
762,1,0,accepted,0.100390128211149,0.372839767224234,484324.378663995,4976683.96945978,-1.8390377259627,19.908
763,1,0,accepted,0.101277992451855,0.358743399476696,484324.097850426,4976682.91068474,-1.83571863169203,16.946
764,1,0,accepted,0.105303057841172,0.309014486759302,484323.81951082,4976681.86547021,-1.83224802241885,15.202
765,1,0,accepted,0.112608976004675,0.253211296537715,484323.544571029,4976680.826591,-1.82872568252334,15.63
766,1,0,accepted,0.121299451827555,0.313382045613042,484323.273025381,4976679.78701814,-1.82314971190673,16.552
767,1,0,accepted,0.132484746238243,0.281484182268529,484323.017554096,4976678.78661539,-1.81879444239149,17.384
768,1,0,accepted,0.144294040732425,0.320849677889256,484322.760067569,4976677.77613045,-1.81253228091256,13.458
769,1,0,accepted,0.162157815766838,0.237030059450085,484322.50339507,4976676.76963474,-1.80814335318175,12.019
770,1,0,accepted,0.13613579132929,-0.0933858252792808,484322.29878599,4976675.76289031,-1.80664728128987,17.453
771,1,0,accepted,0.148973971232208,0.159636372346965,484322.092470189,4976674.80815695,-1.79472956957152,25.442
772,1,0,accepted,0.146060641041292,0.278587891138974,484321.878660565,4976673.82171869,-1.7845468904717,15.212
773,1,0,accepted,0.0663104854378503,-0.80295057194771,484321.778549083,4976672.80907816,-1.79496111200927,19.584
774,1,0,accepted,0.112170098270491,0.0960459483954955,484321.533989981,4976671.8812539,-1.76981234458855,23.074
775,1,0,accepted,0.124372175435607,0.475964314538783,484321.329512856,4976670.98143871,-1.75424697113004,18.943
776,1,0,accepted,0.114670576634571,0.290877883816163,484321.202092002,4976670.05544105,-1.74710073309218,15.437
777,1,0,accepted,0.107767584409834,-0.0673721373274696,484321.06200135,4976669.10228772,-1.74209758217275,17.532
778,1,0,accepted,0.0852158487274898,0.376119253671868,484320.859756255,4976668.14327914,-1.72306090997419,21.851
779,1,0,accepted,0.0930146479836036,0.349564328384508,484320.684570169,4976667.18637334,-1.71171026849304,16.329
780,1,0,accepted,0.0988493129658387,0.024546874045672,484320.546539748,4976666.27161333,-1.70509545611861,17.585
781,1,0,accepted,0.0892393383598054,-0.373729092700665,484320.436888049,4976665.37325702,-1.69941046964048,24.614
782,1,0,accepted,0.0939200658078364,-0.880035798948359,484320.325555451,4976664.48015308,-1.69491315178536,16.367
783,1,0,accepted,0.127991649127256,-1.34367160452443,484320.198360351,4976663.6034368,-1.68907386494813,15.371
784,1,0,accepted,0.123957313728671,-0.461304220545133,484320.120657286,4976662.72507922,-1.65887019376274,21.792
785,1,0,accepted,0.101799005064776,-0.0813989814510739,484320.074983796,4976661.84794207,-1.63703873499385,22.985
786,1,0,accepted,0.0555480672577503,0.464046277778199,484320.06933851,4976660.98347156,-1.61192687780539,15.892
787,1,0,accepted,0.047919219172902,0.906209462197498,484320.062115266,4976660.10744645,-1.58729057461765,17.21
788,1,0,accepted,0.0580477819848549,0.763819969564719,484320.025705369,4976659.27621292,-1.5724980133346,16.773
789,1,0,accepted,0.0772174178626873,0.792934410441638,484320.015592645,4976658.43115388,-1.55366016777921,13.797
790,1,0,accepted,0.0744869960791069,0.773673773552587,484319.973413397,4976657.67281479,-1.53502244782305,14.23
791,1,0,accepted,0.0988434421325038,0.560276386237261,484319.966817417,4976656.86092646,-1.51921198182046,13.532
792,1,0,accepted,0.0748154824703786,0.173493752461196,484320.025051928,4976656.08722471,-1.50574071353695,20.23
793,1,0,accepted,0.0680333007544748,-0.102537818591839,484320.091594667,4976655.30475144,-1.48946827516974,16.39
794,1,0,accepted,0.0547255200106811,-0.204110528611157,484320.15702568,4976654.47653597,-1.46971319970162,12.908
795,1,0,accepted,0.0628099466098499,-0.297795825615626,484320.230963016,4976653.66788381,-1.448860185598,15.733
796,1,0,accepted,0.0678179248602167,-0.419335963825371,484320.3247621,4976652.88311512,-1.42817454663519,15.572
797,1,0,accepted,0.110739444819637,-0.0143611233889233,484320.403482436,4976652.06576668,-1.39742870186592,14.124
798,1,0,accepted,0.108111294355161,-0.0269977777603936,484320.529801494,4976651.28270119,-1.3739093187532,11.133
799,1,0,accepted,0.0838230360143274,-0.2361302900766,484320.692315672,4976650.52310052,-1.35347300255628,16.334
800,1,0,accepted,0.0916245859108899,-0.295175230383414,484320.85764099,4976649.75353946,-1.33036787736762,14.969
801,1,0,accepted,0.13025991150203,-0.208952159227273,484321.024526644,4976648.98035384,-1.30520878560538,13.85
802,1,0,accepted,0.141456102129094,-0.264711060339306,484321.218229234,4976648.23669684,-1.28246715109782,13.276
803,1,0,accepted,0.189577108395771,-0.0017406137586059,484321.445109144,4976647.45894892,-1.25396806698616,19.625
804,1,0,accepted,0.203112844172434,0.102142176903434,484321.668818517,4976646.74002032,-1.22885243093508,19.58
805,1,0,accepted,0.234501434285982,0.332097548367665,484321.919802314,4976646.00327715,-1.20130513882029,16.147
806,1,0,accepted,0.232401242456004,0.338216666879137,484322.182697457,4976645.31547811,-1.17801618519971,13.844
807,1,0,accepted,0.152264494557532,0.76077535663528,484322.387233039,4976644.69815191,-1.14751645855035,23.138
808,1,0,accepted,0.15214928456787,0.582157560024302,484322.710842492,4976644.00355558,-1.12762705505545,14.367
809,1,0,accepted,0.138490015248628,0.836903578832866,484323.014983467,4976643.33688745,-1.10085953084122,15.607
810,1,0,accepted,0.125465329015864,0.323894549208662,484323.358231675,4976642.67151758,-1.086921071031,23.867
811,1,0,accepted,0.163684060994374,-0.108657568649286,484323.731246376,4976641.97670356,-1.071903305688,18.729
812,1,0,accepted,0.14427249104593,-0.0385991313826121,484324.055657817,4976641.33426864,-1.04837480401463,13.548
813,1,0,accepted,0.0945639242145948,0.103170847540099,484324.378934495,4976640.74380357,-1.02352056341056,13.901
814,1,0,accepted,0.0748595977323448,-0.0081283969362285,484324.756364865,4976640.13710125,-1.00303796642692,22.194
815,1,0,accepted,0.0912707576302445,0.280742505268422,484325.128484131,4976639.54953882,-0.975701557065424,14.415
816,1,0,accepted,0.0726474984568068,0.257692622525756,484325.576817616,4976638.89256022,-0.953344982261904,12.402
817,1,0,accepted,0.0843407353064408,0.128214486929039,484325.989575808,4976638.3081119,-0.933457995339379,13.711
818,1,0,accepted,0.0759010885107114,0.122713188487515,484326.441160116,4976637.6959703,-0.911140631254481,21.872
819,1,0,accepted,0.0743575549583828,0.0555097621132781,484326.906162967,4976637.08321659,-0.889643391899479,15.072
820,1,0,accepted,0.0700575283192902,-0.0564719277719405,484327.376426847,4976636.51445535,-0.86912355065603,12.86
821,1,0,accepted,0.0807482501351849,0.0119696602579734,484327.852027149,4976635.95250287,-0.845185526876365,13.369
822,1,0,accepted,0.083160554807098,0.243723788383375,484328.35009843,4976635.38382826,-0.818453827282125,18.306
823,1,0,accepted,0.0929405161995738,0.111769447800341,484328.861559792,4976634.81297396,-0.797560440217879,20.91
824,1,0,accepted,0.110824060041663,0.00954592401692206,484329.376068283,4976634.24834394,-0.776569325398841,14.345
825,1,0,accepted,0.107628915510473,-0.0770511766130155,484329.923392026,4976633.72522796,-0.754915903692649,13.257
826,1,0,accepted,0.11839460275948,-0.0211289329607937,484330.483100696,4976633.17103622,-0.731082813134211,19.969
827,1,0,accepted,0.146182237611701,0.00280137190529999,484331.023950304,4976632.66165425,-0.7075752614938,16.568
828,1,0,accepted,0.11086944830028,0.230117573299882,484331.635676949,4976632.1494236,-0.680522674849276,14.842
829,1,0,accepted,0.174255573002534,-0.0237485614338566,484332.165820127,4976631.72914484,-0.662324031701685,14.341
830,1,0,accepted,0.150608423793184,0.0721497232211709,484332.778187548,4976631.19860092,-0.638148605509099,19.088
831,1,0,accepted,0.132634142937766,0.00426865227469296,484333.413282662,4976630.73422339,-0.616945973575992,13.731
832,1,0,accepted,0.117812616735913,-0.0737805167733055,484334.057694501,4976630.27020138,-0.59552438410248,13.052
833,1,0,accepted,0.0898972953525958,-0.0541041977632739,484334.725223367,4976629.79490213,-0.572880556727207,14.755
834,1,0,accepted,0.0689247340351125,0.00788987277321586,484335.400697288,4976629.32759048,-0.5498221840638,16.054
835,1,0,accepted,0.0448436942202592,-0.132104415078763,484336.089128993,4976628.91850718,-0.530306574784896,18.341
836,1,0,accepted,0.059500514756322,0.102821328533923,484336.775874804,4976628.456274,-0.504141289233864,16.148
837,1,0,accepted,0.0246172467210718,0.0126231075683143,484337.484750161,4976628.07644717,-0.484216845827399,17.066
838,1,0,accepted,0.0101069313535376,-0.00378416903746189,484338.18111564,4976627.6946013,-0.462931317727395,18.539
839,1,0,accepted,0.0318183356799213,-0.0556364004446412,484338.917989053,4976627.31138156,-0.442418941560163,12.823
840,1,0,accepted,0.0939949708831165,0.11338319257178,484339.682361596,4976626.91696017,-0.418383614698033,13.787
841,1,0,accepted,0.0951651038595325,-0.0383048517677047,484340.411227481,4976626.58224438,-0.400517764910283,27.475
842,1,0,accepted,0.101695158121124,-0.131844274104238,484341.152165928,4976626.26612926,-0.382574492971689,13.981
843,1,0,accepted,0.141285390027802,-0.024786815613111,484341.925989142,4976625.9379311,-0.36162660830084,11.941
844,1,0,accepted,0.17751557808384,0.0442810294897508,484342.713338363,4976625.62368049,-0.341786760959292,13.948
845,1,0,accepted,0.156040171473874,-0.013574202193834,484343.44882634,4976625.36313576,-0.324854098165265,16.266
846,1,0,accepted,0.196264601098401,-0.00418677424697733,484344.260661454,4976625.09397243,-0.307092270824392,11.891
847,1,0,accepted,0.217686150565407,0.0592926562619564,484345.062731782,4976624.81818631,-0.289127928488667,10.589
848,1,0,accepted,0.225464033418439,0.220514610821353,484345.881095532,4976624.55212567,-0.270071073169002,13.714
849,1,0,accepted,0.201669557385297,0.236729157688924,484346.684999155,4976624.3376962,-0.254297494626431,17.364
850,1,0,accepted,0.195789847365286,0.140591786970281,484347.490014455,4976624.12291007,-0.241855287972446,12.215
851,1,0,accepted,0.210430263093672,0.0936123760596831,484348.339837721,4976623.90611744,-0.228771890567512,10.045
852,1,0,accepted,0.223847809218434,0.151535364570561,484349.196159144,4976623.6980757,-0.214838928058416,9.377
853,1,0,accepted,0.233155354880999,0.170408515687582,484350.059661836,4976623.51626856,-0.20286968638087,12.45
854,1,0,accepted,0.263501670973531,0.0748386838843677,484350.948365511,4976623.33321834,-0.19350962528066,15.508
855,1,0,accepted,0.284223447118588,0.35265444232563,484351.820452932,4976623.10725775,-0.17863803408386,12.542
856,1,0,accepted,0.203312214831917,0.475990665172327,484352.624315362,4976623.00376214,-0.167557681000127,12.673
857,1,0,accepted,0.203432653752259,0.654250741543571,484353.494794349,4976622.85208014,-0.156132015617941,21.731
858,1,0,accepted,0.206921709754902,0.7398794643363,484354.41165829,4976622.69716355,-0.147029690824293,21.042
859,1,0,accepted,0.183102125461867,0.601521623119117,484355.313398387,4976622.5930049,-0.142023086190296,15.98
860,1,0,accepted,0.15236233801779,0.504792933892162,484356.212702991,4976622.47992183,-0.136831046602046,15.042
861,1,0,accepted,0.140099632790999,0.453005942869581,484357.132713764,4976622.36929141,-0.130517803091902,17.739
862,1,0,accepted,0.131071968123864,0.565783579573715,484358.057863772,4976622.23417514,-0.121524555522219,17.631
863,1,0,accepted,0.120865619395677,0.584686326402851,484358.970068818,4976622.13132525,-0.115405048465647,14.994
864,1,0,accepted,0.11388192436805,0.589250358031111,484359.899229105,4976622.03212721,-0.1103868373806,18.714
865,1,0,accepted,0.0996915455936731,0.436885983340041,484360.835766623,4976621.94630844,-0.108560435188801,21.796
866,1,0,accepted,0.113948437419058,0.488953693073748,484361.782435584,4976621.84272897,-0.103160996619308,15.129
867,1,0,accepted,0.118946838226218,0.369941171803849,484362.736973677,4976621.75315391,-0.100334356831491,11.835
868,1,0,accepted,0.12224634193332,0.454659063413619,484363.688522989,4976621.66881157,-0.0944307536879983,17.207
869,1,0,accepted,0.12618651770334,0.367844378645481,484364.654846333,4976621.59046531,-0.0914395095434648,19.832
870,1,0,accepted,0.138652685592612,0.458505608441756,484365.617303523,4976621.50802398,-0.085346086857543,13.972
871,1,0,accepted,0.1167855982532,0.409659253912087,484366.615951285,4976621.46424581,-0.0819016020922183,12.492
872,1,0,accepted,0.0923307878142088,0.146877640522848,484367.601993582,4976621.42788382,-0.0820809730627965,15.58
873,1,0,accepted,0.124618050676803,0.479047686396824,484368.565034102,4976621.34463604,-0.0717130328722098,18.406
874,1,0,accepted,0.157428934835826,0.544020430552598,484369.533443827,4976621.2751904,-0.0665064448098646,15.863
875,1,0,accepted,0.165626411940888,0.299268764383258,484370.524487911,4976621.22882245,-0.0664145097707321,15.776
876,1,0,accepted,0.196629238825884,0.104456861475268,484371.483810703,4976621.17470599,-0.0653474920774721,16.809
877,1,0,accepted,0.219208332017487,0.0632615711332516,484372.48000213,4976621.11772253,-0.0618069773526914,24.36
878,1,0,accepted,0.215208680166897,-0.0471828680337323,484373.475261911,4976621.08044072,-0.0591619336864181,14.42
879,1,0,accepted,0.235870661656134,0.298660757067446,484374.468019058,4976621.02506827,-0.0486038616106362,13.192
880,1,0,accepted,0.23719218464593,0.292705745843996,484375.477452605,4976620.98147183,-0.0441935383405469,16.179
881,1,0,accepted,0.237157802265787,0.277834683340254,484376.492847985,4976620.94751441,-0.0393413157654879,15.037
882,1,0,accepted,0.22115926471572,0.226303863846516,484377.538096933,4976620.9150757,-0.034189567480599,13.468
883,1,0,accepted,0.182485781833197,-0.177982374819216,484378.59575709,4976620.89833723,-0.035130743209033,13.127
884,1,0,accepted,0.178010797208995,-0.107937348717635,484379.62268769,4976620.87704139,-0.0276519590502853,15.433
885,1,0,accepted,0.162603782495001,-0.212569396162199,484380.682287954,4976620.86191453,-0.0232913282981444,18.313
886,1,0,accepted,0.164869496955396,-0.209534546551183,484381.713557203,4976620.85178552,-0.0169391203383744,13.436
887,1,0,accepted,0.177647821806501,-0.143101480215219,484382.736576631,4976620.84402828,-0.00969727559994144,14.568
888,1,0,accepted,0.17344685754843,-0.167461287836098,484383.80296271,4976620.84906438,-0.00383892137504121,15.355
889,1,0,accepted,0.147217588227762,-0.321788692529,484384.886171627,4976620.86502257,-0.000974011387310241,16.396
890,1,0,accepted,0.136849584143742,-0.236531498334296,484385.930574498,4976620.89423184,0.00659008351619759,15.177
891,1,0,accepted,0.227197055120118,0.215207536963781,484386.834626722,4976620.92005996,0.0207004361684827,13.788
892,0,1,acceptedDirectional,0.205530642188582,0.236068648227796,484387.888444824,4976620.9932935,0.026945700559475,10.784
893,0,1,acceptedDirectional,0.279478097658254,0.992096239338203,484388.960332033,4976620.89403854,0.0458210724372571,15.563
894,0,1,acceptedDirectional,0.284691253359748,1.04247808196012,484390.02125253,4976620.92566399,0.0520845899651997,13.809
895,1,0,accepted,0.11836516958956,0.890220233188929,484391.239325156,4976621.08988771,0.055084878498207,9.644
896,1,0,accepted,0.0879485255434264,0.866620412835459,484392.298272744,4976621.17493301,0.0599887926417874,8.899
897,1,0,accepted,0.037656732731905,0.698437836365962,484393.36074367,4976621.2881397,0.0623579888739176,13.687
898,1,0,accepted,0.0155476849695523,0.449716057111899,484394.431507889,4976621.39531699,0.0633363898609245,13.162
899,1,0,accepted,0.0301284615061645,0.290533879904008,484395.506409168,4976621.4985141,0.0656474262991685,12.304
900,1,0,accepted,0.0390679911049095,0.133999614014305,484396.577154338,4976621.59175431,0.0685480103755206,8.814
901,1,0,accepted,0.0463382811956959,0.434850614853438,484397.58183822,4976621.63625296,0.0789392041808157,9.848
902,1,0,accepted,0.00467637086882895,0.174972874246195,484398.664403256,4976621.7670393,0.0795760335492007,10.66
903,1,0,accepted,0.012570296701919,0.0825577716566455,484399.748939473,4976621.8610443,0.0835471871954565,16.215
904,1,0,accepted,0.0161876072920479,-0.0246820678714885,484400.81255553,4976621.96376271,0.0862772291404771,13.763
905,1,0,accepted,0.0264430194212901,-0.148079630442563,484401.890500208,4976622.07065183,0.0876359195177234,11.25
906,1,0,accepted,0.037149701356255,-0.181526447032399,484402.975544386,4976622.18386271,0.0894619060988316,11.514
907,1,0,accepted,0.0480966215892763,-0.0865055460617525,484404.037468324,4976622.2910389,0.091692483713239,13.834
908,1,0,accepted,0.0399765899622679,-0.00611754046471398,484405.103375401,4976622.42486674,0.0924863913330594,17.122
909,1,0,accepted,0.0518273101313182,0.0636367287639762,484406.194027808,4976622.52702651,0.0925891338105059,11.866
910,1,0,accepted,0.0618602891129069,0.0580560353079341,484407.275345481,4976622.63564572,0.0917263295630244,11.281
911,1,0,accepted,0.0570056542052362,0.0637563736604949,484408.343332416,4976622.75801572,0.0908689586972829,11.71
912,1,0,accepted,0.0693128647411943,-0.0309697244947924,484409.449072669,4976622.86186061,0.0887846309003087,14.76
913,1,0,accepted,0.0785544020667609,0.0130936822131534,484410.53790614,4976622.96843831,0.0893879280678511,11.379
914,1,0,accepted,0.068964385620738,0.0421713982246166,484411.626900733,4976623.093871,0.0902832215611672,11.156
915,1,0,accepted,0.0779099289595155,0.0265016493467948,484412.708960992,4976623.20044316,0.090569344123097,14.671
916,1,0,accepted,0.0796345140679837,0.0291055246748112,484413.806030553,4976623.31699468,0.091329839012208,14.247
917,1,0,accepted,0.096607078521969,-0.014668390194796,484414.908533607,4976623.41888192,0.0911367208946044,10.809
918,1,0,accepted,0.109671882790263,0.0189346010308435,484416.023766318,4976623.53227599,0.0921459830015016,10.967
919,1,0,accepted,0.125376756218601,-0.00204299009452842,484417.149376642,4976623.64509628,0.0923340610550598,11.655
920,1,0,accepted,0.129278171985588,0.0642566156102983,484418.264441999,4976623.76887458,0.0941604506019373,13.768
921,1,0,accepted,0.128567065904524,0.0621418067250859,484419.394301824,4976623.90046842,0.0948225139643211,13.777
922,1,0,accepted,0.0451571186734917,-0.106425396845552,484420.467206223,4976624.10892628,0.0923566620688989,9.906
923,1,0,accepted,0.0688252765315487,-0.0419215197137092,484421.578201792,4976624.2160434,0.0941552963483299,9.202
924,1,0,accepted,0.0752035736571528,-0.0327676899069854,484422.705589189,4976624.34254102,0.0947591039360741,13.631
925,1,0,accepted,0.0586335273906722,0.0911768278232492,484423.853942888,4976624.50743514,0.0974955972604537,14.15
926,1,0,accepted,0.048052818446566,0.167757131376586,484424.970403797,4976624.64560295,0.0990549242044071,11.305
927,1,0,accepted,0.0515167980791622,0.237831778892626,484426.094172986,4976624.78258422,0.100961336860239,11.49
928,1,0,accepted,0.0523637041321751,0.297256116131724,484427.223624104,4976624.92361992,0.10241431452805,11.589
929,1,0,accepted,0.0654297863468936,0.284021517232104,484428.355519933,4976625.04333039,0.102767235267455,15.334
930,1,0,accepted,0.0851620874323803,0.239981811913461,484429.51469619,4976625.18223485,0.102426010286663,26.932
931,1,0,accepted,0.119215983737562,0.417153668879828,484430.658109674,4976625.27605495,0.106111887898195,16.029
932,1,0,accepted,0.147946954925958,0.51032991798075,484431.802310303,4976625.38226413,0.108288000845262,17.457
933,1,0,accepted,0.166234640421202,0.513936148849083,484432.961371455,4976625.51780632,0.108895715224302,14.5
934,1,0,accepted,0.188139189332478,0.502126194495245,484434.131251253,4976625.64989902,0.109603148754544,11.03
935,1,0,accepted,0.167976789828945,0.261396340128526,484435.266456784,4976625.82421049,0.105781474318923,8.56
936,1,0,accepted,0.161798133562202,0.299683082769323,484436.393673127,4976625.95508192,0.106939155200079,9.285
937,1,0,accepted,0.149604598953181,0.3066166112662,484437.525708812,4976626.10122816,0.10706019877917,8.987
938,1,0,accepted,0.133905349806468,0.361365773154099,484438.644998757,4976626.23766128,0.107879063081371,11.067
939,1,0,accepted,0.105820238854995,0.278212071103751,484439.77895301,4976626.3990642,0.106553773398685,11.492
940,1,0,accepted,0.107730548097987,0.316515603808984,484440.91876465,4976626.53528441,0.107280173128854,9.714
941,1,0,accepted,0.0998049581333679,0.295919236335202,484442.044810131,4976626.68002318,0.106921090236241,10.579
942,1,0,accepted,0.0982491169507419,0.258950721421423,484443.192570667,4976626.82481691,0.106513945271321,15.184
943,1,0,accepted,0.110691625333326,0.252067138315051,484444.334019748,4976626.95762172,0.1065082239918,14.3
944,1,0,accepted,0.103205377871892,0.0991802533025662,484445.486809646,4976627.11211589,0.103666171007477,10.691
945,1,0,accepted,0.114581947593296,0.308853469422482,484446.638236549,4976627.24780777,0.10773384591096,11.684
946,1,0,accepted,0.11203240411112,0.338418356690605,484447.81831235,4976627.38768812,0.108752072217408,10.481
947,1,0,accepted,0.110015030915811,0.375708097103447,484448.997047406,4976627.53147313,0.109671833960888,13.085
948,1,0,accepted,0.130748444164739,0.460088933238241,484450.169028794,4976627.65121162,0.111364833504978,14.913
949,1,0,accepted,0.138945244554687,0.441990776948422,484451.360533418,4976627.7862626,0.111134131699343,10.876
950,1,0,accepted,0.145985620401589,0.377767863184676,484452.549415983,4976627.92042994,0.110527132084609,11.227
951,1,0,accepted,0.16358215622374,0.330408871096512,484453.718009716,4976628.04189367,0.110210460219404,14.551
952,1,0,accepted,0.166913474126706,0.260846661726548,484454.9165537,4976628.18259263,0.109250698200317,14.027
953,1,0,accepted,0.177660471687135,0.300090381270975,484456.10386333,4976628.31808192,0.10968753759511,12.246
954,1,0,accepted,0.1875509078731,0.327624614204633,484457.295361956,4976628.45817404,0.109791935274568,10.22
955,1,0,accepted,0.159509593462965,0.167095520860982,484458.500307095,4976628.64737847,0.107194715595564,9.696
956,1,0,accepted,0.168236776335463,0.164709663676814,484459.684527937,4976628.78598457,0.107556626891723,11.775
957,1,0,accepted,0.171881743948375,0.223229025726886,484460.856018739,4976628.92570862,0.108921624110974,20.244
958,1,0,accepted,0.175688829984811,0.308849239484745,484462.030376491,4976629.0694902,0.110640033265298,11.141
959,1,0,accepted,0.170548868634712,0.323239540907383,484463.215857192,4976629.22634387,0.111172067330334,10.75
960,1,0,accepted,0.163720190148722,0.314319505555942,484464.399745007,4976629.38729484,0.111305538743912,13.604
961,1,0,accepted,0.156898864549481,0.285536455878944,484465.57250356,4976629.54634114,0.110845908541001,12.99
962,1,0,accepted,0.15715518696479,0.199285733035161,484466.775050619,4976629.70248551,0.110190858413303,14.415
963,1,0,accepted,0.166214992319597,0.253944824122314,484467.945739652,4976629.84232801,0.111463343965406,13.77
964,1,0,accepted,0.176217429858169,0.3029745264273,484469.136774146,4976629.98560927,0.112643444825023,11.288
965,1,0,accepted,0.101428796489373,0.221853370102952,484470.318512041,4976630.21322496,0.111955019050443,12.026
966,1,0,accepted,0.0569673711935777,0.0929607928239503,484471.510239903,4976630.41454296,0.110330507937556,16.123
967,1,0,accepted,0.0355939082121603,0.00112966330203992,484472.705514646,4976630.59862844,0.109088538779578,10.914
968,1,0,accepted,0.0354643587926799,0.0255104051512234,484473.872243593,4976630.74687484,0.109802212402249,10.123
969,1,0,accepted,0.0437466432512991,0.311310675499018,484475.035344844,4976630.88894888,0.115089587402417,12.083
970,1,0,accepted,0.0523141651815922,0.237606359326557,484476.209009144,4976631.04151489,0.114057737856215,15.931
971,1,0,accepted,0.103208248508994,0.485833955041955,484477.380986057,4976631.15315951,0.118270342544889,16.085
972,1,0,accepted,0.0948572024243456,0.474948047444831,484478.574247922,4976631.31814603,0.118077995006217,13.238
973,1,0,accepted,0.0826339000923983,0.475543756827069,484479.768534803,4976631.48954393,0.117665062077174,10.529
974,1,0,accepted,0.106402565128145,0.610693417657131,484480.945376504,4976631.624774,0.119854338742837,13.65
975,1,0,accepted,0.0828963078350918,0.529824317609818,484482.139582235,4976631.80313184,0.118110055132838,15.397
976,1,0,accepted,0.0461474236632521,0.4765992246527,484483.347126835,4976631.99595058,0.116659928786827,8.942
977,1,0,accepted,0.0279274144346534,0.195847008820267,484484.553223496,4976632.17648623,0.110961970438919,9.269
978,1,0,accepted,0.0406421207187762,0.303328074884185,484485.745808932,4976632.32308631,0.112112189440274,9.342
979,1,0,accepted,0.0537565139916115,0.207890393200133,484486.951035779,4976632.47319884,0.109613435154062,12.89
980,1,0,accepted,0.0625900696386855,0.133571515809023,484488.162168323,4976632.62839692,0.107206970450863,13.712
981,1,0,accepted,0.0573892017165003,0.112517359674575,484489.354529977,4976632.79645085,0.105797617332759,10.33
982,1,0,accepted,0.0544608855677715,-0.0827686916013814,484490.543922019,4976632.95389572,0.103731432161766,9.59
983,1,0,accepted,0.0314249562705251,-0.0763602835817032,484491.723516267,4976633.13665585,0.103320052087595,9.611
984,1,0,accepted,0.03348935695522,0.086416657053094,484492.921722287,4976633.27297199,0.1040825897098,12.667
985,1,0,accepted,0.0372914661960319,-0.117429207638341,484494.106410463,4976633.42384279,0.101222149528876,9.78
986,1,0,accepted,0.065725729753112,0.211894845763535,484495.250035562,4976633.5506226,0.106394014463952,11.101
987,1,0,accepted,0.0900441779400722,0.4795420606212,484496.410882518,4976633.68572757,0.110237343012469,11.185
988,1,0,accepted,0.0951885915955237,0.645392693334309,484497.588958022,4976633.83046532,0.112523691526882,15.238
989,1,0,accepted,0.10504889260541,0.806169107595493,484498.780901639,4976633.96581415,0.115514876019932,14.789
990,1,0,accepted,0.110503726290017,0.840269214343618,484499.967508079,4976634.10781969,0.115424703709624,10.485
991,1,0,accepted,0.118272610965955,0.81714618196783,484501.157887008,4976634.24841037,0.11487949052733,19.166
992,1,0,accepted,0.127056778061867,0.739238380210147,484502.348764835,4976634.39022578,0.113183793819672,17.123
993,1,0,accepted,0.166636853607221,0.741679072321975,484503.552143989,4976634.50372661,0.112603378276889,13.904
994,1,0,accepted,0.17289293959166,0.804070900450037,484504.745725557,4976634.65071175,0.113162525733844,9.96
995,1,0,accepted,0.181061180364013,0.82777782224383,484505.914621986,4976634.79149149,0.113377863589248,9.753
996,1,0,accepted,0.176008601701252,0.696254487053181,484507.101358046,4976634.95075075,0.111018747626593,14.4
997,1,0,accepted,0.0894156138175562,0.32257943121684,484508.217810661,4976635.17047071,0.104089315313184,13.682
998,1,0,accepted,0.0884480599108306,0.26067801882512,484509.385323971,4976635.3186802,0.102503837342901,15.813
999,1,0,accepted,0.07276862418765,0.0858917492662371,484510.542509413,4976635.48030989,0.0995186587529352,12.199
1000,1,0,accepted,0.0764028143170367,0.0675132351041963,484511.680092972,4976635.6206294,0.0985504499600195,14.81
1001,1,0,accepted,0.0427153899118149,0.152409563722221,484512.806129201,4976635.81037833,0.0998545663736352,13.164
1002,1,0,accepted,0.0653770653193802,0.120401560920356,484513.951003272,4976635.93214588,0.099232404144508,19.328
1003,1,0,accepted,0.117745061740374,0.393936576079698,484515.104512445,4976636.01817559,0.10358763584364,10.653
1004,1,0,accepted,0.131900810662222,0.37585447793432,484516.255634069,4976636.14542934,0.103617135886734,13.349
1005,1,0,accepted,0.116866034495441,0.247199364342684,484517.408152103,4976636.30313377,0.101950410198776,17.27
1006,1,0,accepted,0.129889452037078,0.278244992689081,484518.559865105,4976636.43237772,0.102790673604269,16.316
1007,1,0,accepted,0.141471452074982,0.261320447888384,484519.710484841,4976636.56187267,0.103157634927074,12.453
1008,1,0,accepted,0.143691792367685,0.215918720279179,484520.852771148,4976636.6974194,0.10282701241931,11.692
1009,1,0,accepted,0.159410481697574,0.251590613654306,484521.998948081,4976636.82089126,0.103760140220614,15.477
1010,1,0,accepted,0.171781141214911,0.2466604523868,484523.139947333,4976636.94891697,0.104066099830639,15.763
1011,1,0,accepted,0.166466905553899,0.283576811255512,484524.273045346,4976637.09465296,0.104709319182292,10.913
1012,1,0,accepted,0.17321356950382,0.320127763405568,484525.409170095,4976637.22931165,0.104897589124142,11.272
1013,1,0,accepted,0.171121633788443,0.277961697149352,484526.536545239,4976637.37134721,0.105262738788179,17.898
1014,1,0,accepted,0.173055013874533,0.297207361024261,484527.669335843,4976637.51047165,0.105525507094345,16.8
1015,1,0,accepted,0.188165390279868,0.334655404014374,484528.797519906,4976637.63517986,0.106464977507157,13.845
1016,1,0,accepted,0.196258096046681,0.413395824169975,484529.914645056,4976637.76506966,0.108173367217334,13.669
1017,1,0,accepted,0.22834863435983,0.564252940483339,484531.034980536,4976637.87101487,0.111035577249748,15.425
1018,1,0,accepted,0.21364234188315,0.486695839508741,484532.168110984,4976638.02779489,0.109716248280529,15.303
1019,1,0,accepted,0.237720601975282,0.368024861228041,484533.313036699,4976638.14623307,0.108462345734012,12.282
1020,1,0,accepted,0.237689760693883,0.372992328547299,484534.435669031,4976638.28471915,0.109765111521909,13.222
1021,1,0,accepted,0.208588253529984,0.49006775817513,484535.524540598,4976638.44883643,0.113178952565186,24.918
1022,1,0,accepted,0.20657018456564,0.427579155601546,484536.651970562,4976638.5938104,0.113277720466279,13.136
1023,1,0,accepted,0.220146416081344,0.611419172469263,484537.764191671,4976638.72229972,0.117233608308803,11.328
1024,1,0,accepted,0.23197660953232,0.633728823637934,484538.886536116,4976638.85510781,0.118603899392131,13.921
1025,1,0,accepted,0.215736457351549,0.553093142186022,484540.014145645,4976639.01766183,0.118167177760063,21.314
1026,1,0,accepted,0.19657642875618,0.490004711911096,484541.128692173,4976639.1825921,0.117865130371541,17.855
1027,1,0,accepted,0.106016233075483,0.178431256263792,484542.240822818,4976639.42288707,0.113528926082339,12.51
1028,1,0,accepted,0.0675181097622451,0.0617678510853421,484543.350834388,4976639.61945385,0.112588522503213,12.717
1029,1,0,accepted,0.0543426523797216,-0.0815375233697309,484544.48232669,4976639.80510902,0.110229730515338,24.811
1030,1,0,accepted,0.0710874461761744,-0.148737322371409,484545.602756356,4976639.94881594,0.110946857319708,16.093
1031,1,0,accepted,0.0858576357641349,-0.398592873927395,484546.750743096,4976640.16674828,0.10708901579558,11.719
1032,1,0,accepted,0.11512287102846,0.0814445705969393,484547.850500165,4976640.23521894,0.116180210672135,11.532
1033,1,0,accepted,0.119598881599525,0.138240545486143,484548.967800286,4976640.39545736,0.117923177887094,17.153
1034,1,0,accepted,0.120130088288773,0.106876684365862,484550.082067653,4976640.56834342,0.118217743508557,19.85
1035,1,0,accepted,0.122669635707667,0.0655309886166767,484551.179037173,4976640.71976208,0.118461474415472,12.552
1036,1,0,accepted,0.125976315819641,0.0337480620796664,484552.330096102,4976640.89082995,0.119382146591021,12.525
1037,1,0,accepted,0.12593505369772,0.0375210389283994,484553.460903543,4976641.0531793,0.121146928286171,14.55
1038,1,0,accepted,0.0608305775736271,-0.0756308334610655,484554.544565626,4976641.25055213,0.120821627758575,12.104
1039,1,0,accepted,0.055471008619409,-0.123776372843281,484555.64827336,4976641.39741699,0.121688533431392,10.819
1040,1,0,accepted,0.101935602399376,-0.0675500965931247,484556.70532617,4976641.49215868,0.124101242183785,12.349
1041,1,0,accepted,0.104634305757571,-0.103066009176114,484557.843652039,4976641.64453262,0.124255511831724,10.907
1042,1,0,accepted,0.134187118279718,-0.0257361825469309,484558.991538465,4976641.77641059,0.12586441311022,15.946
1043,1,0,accepted,0.165631500647966,0.101336472507584,484560.140163336,4976641.90645451,0.12782884193044,17.129
1044,1,0,accepted,0.164921502188052,0.300785732806255,484561.291632962,4976642.07421129,0.130856684340825,12.971
1045,1,0,accepted,0.166121396064593,0.255172019433489,484562.430427331,4976642.23309466,0.13020873623244,14.244
1046,1,0,accepted,0.165859077886229,0.282576555484099,484563.563886083,4976642.38991009,0.130863552792574,15.392
1047,1,0,accepted,0.149142426239565,0.184893614104148,484564.700781689,4976642.56540944,0.129622205480342,14.031
1048,1,0,accepted,0.0446383379475151,0.00592676179256333,484565.77093209,4976642.82524037,0.127190048679606,10.24
1049,1,0,accepted,0.042302946262835,0.0818877253144294,484566.91654989,4976642.98716281,0.129197734868855,8.811
1050,1,0,accepted,0.044845028479835,0.161671247292271,484568.065150181,4976643.14043071,0.131437456626396,10.321
1051,1,0,accepted,0.0466238117940432,0.210345860070943,484569.217054738,4976643.30582738,0.132309753525948,10.28
1052,1,0,accepted,0.0403701586063816,0.0966761008514362,484570.384025765,4976643.49453441,0.130675146871004,12.028
1053,1,0,accepted,0.0778047359301296,-0.0583305373892565,484571.540058156,4976643.72523322,0.127944776067857,10.42
1054,1,0,accepted,0.0739569298165006,-0.0639697541733837,484572.698695301,4976643.88999821,0.127514295989031,8.231
1055,1,0,accepted,0.0765288604245575,-0.113668754751036,484573.859446835,4976644.06317925,0.126594425362747,9.734
1056,1,0,accepted,0.0767145031203853,-0.132005939587788,484575.028125253,4976644.22959188,0.126110327916166,13.195
1057,1,0,accepted,0.0770004296249468,-0.117806719501668,484576.208746994,4976644.39103235,0.125877459126114,15.253
1058,1,0,accepted,0.0826819681131792,-0.177638120393358,484577.374087931,4976644.55184714,0.12469754254752,10.95
1059,1,0,accepted,0.0711094922251102,-0.268252298322375,484578.512735521,4976644.74998438,0.123064754900647,13.418
1060,1,0,accepted,0.0421371743808888,-0.060801513155349,484579.670568168,4976644.89026329,0.126344468085511,10.082
1061,1,0,accepted,0.0506898299349241,-0.303945929713898,484580.833394898,4976645.0797454,0.12198180932492,10.128
1062,1,0,accepted,0.0375495005948459,-0.215574558060228,484582.005397617,4976645.24028921,0.123618102898377,16.643
1063,1,0,accepted,0.032022643088193,-0.247521313326856,484583.180331449,4976645.4041965,0.122620922954412,12.455
1064,1,0,accepted,0.0182683644432644,-0.338417792610559,484584.353456489,4976645.56196242,0.121174404244424,12.903
1065,1,0,accepted,0.019310542141623,-0.231884477481488,484585.548924815,4976645.73547973,0.122776169478458,10.809
1066,1,0,accepted,0.014142082251362,-0.135267534048789,484586.712859501,4976645.89718552,0.124292623585875,23.23
1067,1,0,accepted,0.00683754533740603,-0.0785383096818641,484587.903268461,4976646.06059805,0.12517267260981,17.11
1068,1,0,accepted,0.0114929523933869,-0.00304563665671148,484589.093859634,4976646.22455927,0.126297389087829,14.442
1069,1,0,accepted,0.0309691336766145,-0.0396353943772477,484590.290152579,4976646.38162717,0.1254334837036,10.657
1070,1,0,accepted,0.0459568565662963,-0.0500746859254899,484591.480732517,4976646.54168575,0.125370825314378,10.048
1071,1,0,accepted,0.0697176773846504,-0.112110905708153,484592.679593627,4976646.69485535,0.124563363706013,15.411
1072,1,0,accepted,0.0864081829357094,-0.102772803172769,484593.870678612,4976646.85490609,0.125072490692422,15.732
1073,1,0,accepted,0.0181776894161995,0.106559810003196,484595.081040916,4976647.09808807,0.129144456387339,12.016
1074,1,0,accepted,0.00568175752715258,0.243118135371182,484596.284087908,4976647.2931485,0.132173884347591,12.283
1075,1,0,accepted,0.0223684119524529,0.262023280630231,484597.484140554,4976647.49439018,0.132748877264043,15.841
1076,1,0,accepted,0.0286002243553099,0.315243350432359,484598.683873873,4976647.67979261,0.133961195241399,12.329
1077,1,0,accepted,0.0307561743085573,0.198166205835247,484599.9013023,4976647.86816173,0.132535794238624,14.616
1078,1,0,accepted,0.0195438781381328,0.150491112829638,484601.101067507,4976648.05341255,0.132219397192453,20.328
1079,1,0,accepted,0.0310981015812061,0.100688836248279,484602.313693431,4976648.25960497,0.131851580081903,19.684
1080,1,0,accepted,0.0166795148057627,0.109937960908846,484603.521241539,4976648.43067562,0.132354144267452,17.736
1081,1,0,accepted,0.0320610167200961,0.124407584961984,484604.729982676,4976648.60374595,0.133558687137084,14.335
1082,1,0,accepted,0.054226574073898,0.131291485866768,484605.931503274,4976648.77807123,0.133961773467265,19.939
1083,1,0,accepted,0.0842832191666445,0.18908518628571,484607.150442265,4976648.95037237,0.135464881134677,16.778
1084,1,0,accepted,0.136166255079807,0.408980157106261,484608.332848041,4976649.09174155,0.139549253711913,14.52
1085,1,0,accepted,0.108132889940486,0.195388751266279,484609.54828282,4976649.32641857,0.136154061939869,11.462
1086,1,0,accepted,0.119396242410061,0.182519727275435,484610.72905083,4976649.51251601,0.135877512635901,15.027
1087,1,0,accepted,0.14053018849663,0.194783451445026,484611.901138676,4976649.68992571,0.13619386820266,20.199
1088,1,0,accepted,0.115326152098423,0.156829931619555,484613.097298238,4976649.91307247,0.135809748395053,16.144
1089,1,0,accepted,0.12547059771359,0.183536693736795,484614.28489792,4976650.10070154,0.136411413398043,13.206
1090,1,0,accepted,0.144324098481104,0.295263425268082,484615.463807835,4976650.28227957,0.138524271055034,15.237
1091,1,0,accepted,0.15795709490934,0.250764916390721,484616.663920091,4976650.4670223,0.138083415189996,12.838
1092,1,0,accepted,0.166469972959214,0.0922230973455143,484617.865831293,4976650.6515774,0.1354568339024,11.95
1093,1,0,accepted,0.191847467976964,0.151268282444068,484619.060465118,4976650.82541989,0.136317653918635,12.075
1094,1,0,accepted,0.220277242923231,0.22986738947897,484620.254016087,4976650.99401845,0.1379215882398,12.3
1095,1,0,accepted,0.274068849205432,0.395268889047885,484621.455339097,4976651.13733498,0.1406412693635,17.302
1096,1,0,accepted,0.28266447557188,0.526524976681838,484622.654382072,4976651.3269075,0.143032054536173,27.75
1097,1,0,accepted,0.256536852317937,0.475610185363172,484623.843670238,4976651.55095719,0.142123699269909,23.78
1098,1,0,accepted,0.270810953423245,0.490314544398062,484625.060169616,4976651.73541363,0.142353522388791,19.439
1099,1,0,accepted,0.283321271388772,0.551350106316718,484626.223594508,4976651.91463871,0.143334156407039,12.984
1100,1,0,accepted,0.285609007543146,0.523361814467919,484627.421832739,4976652.10789494,0.143026579306212,19.826
1101,1,0,accepted,0.224544065786721,0.705043388258143,484628.632513556,4976652.36389885,0.145983778616305,10.747
1102,1,0,accepted,0.178898083469103,0.675334137020788,484629.854020834,4976652.60458254,0.145041177813357,11.255
1103,1,0,accepted,0.0785346247084461,0.119334883013381,484631.103638905,4976653.00013926,0.135730270918159,12.184
1104,1,0,accepted,0.0805683325595657,0.0265748170208811,484632.295302199,4976653.21495301,0.133834947141379,13.813
1105,1,0,accepted,0.0813103000929643,0.0412020392162838,484633.489051011,4976653.38845367,0.133859925639991,11.128
1106,1,0,accepted,0.0781676009777763,0.0175046854961217,484634.680542791,4976653.57519637,0.133043091728392,10.102
1107,1,0,accepted,0.0743902390931863,-0.0029885122914086,484635.865490905,4976653.75844198,0.132365636764233,9.937
1108,1,0,accepted,0.074148761313859,0.000987913336264367,484637.052351905,4976653.92789663,0.131999042886363,12.394
1109,1,0,accepted,0.0952776823984619,0.0101714748420017,484638.25502098,4976654.09226863,0.131830478776659,12.004
1110,1,0,accepted,0.0729612077051461,-0.0188237639513085,484639.405092838,4976654.26856368,0.130911519604587,10.246
1111,1,0,accepted,0.0790309267580071,-0.0144564739315665,484640.571708879,4976654.43628702,0.13075746866557,9.452
1112,1,0,accepted,0.0899808611912696,-0.0949162846034904,484641.711585713,4976654.61295664,0.128839358335089,8.433
1113,1,0,accepted,0.104990882635503,-0.0595749536721533,484642.892225059,4976654.7839257,0.128938347070229,8.532
1114,1,0,accepted,0.12400106100317,-0.0502913132745738,484644.0709014,4976654.95059659,0.129081908490064,11.814
1115,1,0,accepted,0.137492391058794,0.00448676774854261,484645.249445191,4976655.12175288,0.129261748064883,17.3
1116,1,0,accepted,0.151711617698774,0.0170855859699632,484646.426885507,4976655.29112415,0.129705392786021,12.252
1117,1,0,accepted,0.179562208945273,-0.204321732758869,484647.653062338,4976655.45648525,0.125386555917185,11.833
1118,1,0,accepted,0.164687185016868,0.147185089276907,484648.750712845,4976655.64521969,0.130979292971137,16.805
1119,1,0,accepted,0.168743279583112,0.259585204252938,484649.914457586,4976655.82343725,0.132698093095127,14.827
1120,1,0,accepted,0.168538227249154,0.274432419803197,484651.07337354,4976656.00358955,0.132652177257003,11.941
1121,1,0,accepted,0.175535045276891,0.340877005202084,484652.208184954,4976656.17608094,0.133794052845086,11.494
1122,1,0,accepted,0.176747604025813,0.371233584380279,484653.359756872,4976656.3541007,0.134211707370269,14.324
1123,1,0,accepted,0.181631781640929,0.386677400452358,484654.499913031,4976656.52607593,0.134056065828696,15.998
1124,1,0,accepted,0.139443452898929,0.401959902041414,484655.636640266,4976656.74748419,0.133952827674375,11.713
1125,1,0,accepted,0.114926276944157,0.112660324851066,484656.765475438,4976656.94787915,0.12863107904123,9.357
1126,1,0,accepted,0.1404437608733,0.129094708993982,484657.900767699,4976657.09668169,0.12860730707798,10.992
1127,1,0,accepted,0.159556778637763,0.129911870743905,484659.040689751,4976657.2513261,0.128393959307947,13.341
1128,1,0,accepted,0.170442963282797,0.0842587191403576,484660.184756797,4976657.41431763,0.127471987820934,10.782
1129,1,0,accepted,0.179249807272048,0.0725071024467454,484661.337997636,4976657.58241784,0.126876286290418,9.541
1130,1,0,accepted,0.137339195602719,0.0125588265465663,484662.426035077,4976657.79290486,0.125515137688944,8.302
1131,1,0,accepted,0.133999625198745,0.0385538648683826,484663.549721322,4976657.96907924,0.125812129993144,8.898
1132,1,0,accepted,0.125732203569679,0.0439615742821005,484664.654435351,4976658.14759698,0.125679537668951,12.178
1133,1,0,accepted,0.136084680521045,0.0383431807143757,484665.759539806,4976658.30729244,0.125592426872732,14.048
1134,1,0,accepted,0.136260458643297,0.0574028900171293,484666.880262021,4976658.47890585,0.126401648723601,10.807
1135,1,0,accepted,0.138512448841927,0.105344227033717,484667.974890709,4976658.64457793,0.127371614076537,10.156
1136,1,0,accepted,0.106538070263503,-0.0539047776365738,484669.089206278,4976658.85016419,0.124905420994851,13.586
1137,1,0,accepted,0.0896981212237518,-0.177112471194407,484670.180815807,4976659.03788523,0.12299264445777,9.21
1138,1,0,accepted,0.0573331850961838,-0.256053720892873,484671.254758723,4976659.23859931,0.121760817918337,11.61
1139,1,0,accepted,0.0700454258368172,-0.379398756317768,484672.246119903,4976659.42702417,0.119879045798596,10.763
1140,1,0,accepted,0.131397431646289,0.0839337435925684,484673.426691027,4976659.49729943,0.128052188974306,13.63
1141,1,0,accepted,0.092098607961937,-0.0412241150857722,484674.500255247,4976659.70544037,0.126060189705057,12.355
1142,1,0,accepted,0.133894067329977,0.0942831338039899,484675.592466825,4976659.83439354,0.128448736336687,11.051
1143,1,0,accepted,0.117296274252985,0.103146591789824,484676.628026909,4976660.01326177,0.128593759694058,11.554
1144,1,0,accepted,0.138400778730078,0.187840696142177,484677.683095799,4976660.15905532,0.129946683430572,13.694
1145,1,0,accepted,0.10493970268088,0.0987577321748841,484678.753711514,4976660.36008404,0.128697099009371,13.607
1146,1,0,accepted,0.116227225514171,0.14490302333761,484679.798506045,4976660.51416845,0.12958965415361,11.553
1147,1,0,accepted,0.161519593370539,0.235746145125729,484680.786956658,4976660.64888062,0.131223692972618,10.54
1148,1,0,accepted,0.150501119103525,0.181572458604279,484681.847337708,4976660.82268721,0.130338219285735,10.24
1149,1,0,accepted,0.219669759250902,0.302325882993504,484682.845264785,4976660.9372756,0.132590210972552,11.737
1150,0,1,acceptedDirectional,0.157797314901518,0.0112204223539872,484683.894108814,4976661.18769726,0.127578331512711,11.863
1151,1,0,accepted,0.0566069867539736,0.266321073014975,484684.989834942,4976661.43603922,0.131975635399998,10.056
1152,1,0,accepted,0.0608699847481694,0.281633721796268,484686.019731961,4976661.61466061,0.132084792937106,8.821
1153,1,0,accepted,0.0747252684897452,0.125837904604193,484687.064173527,4976661.83261649,0.129315755379062,8.535
1154,1,0,accepted,0.0673159931891699,0.152674037029698,484688.097186723,4976661.98440321,0.129123624438056,8.697
1155,1,0,accepted,0.0925371612733577,-0.0831566069951557,484689.138319041,4976662.18508372,0.125133868934425,9.562
1156,1,0,accepted,0.074007194035722,-0.049405888675286,484690.160399125,4976662.32201668,0.125382093863174,9.336
1157,1,0,accepted,0.0455524812749325,0.00792637618642296,484691.175421719,4976662.453534,0.126272732505974,10.058
1158,1,0,accepted,0.0358994326389893,-0.0694142810370713,484692.198651926,4976662.60304734,0.124682148393206,8.872
1159,1,0,accepted,0.0187406156577108,-0.0554240818053447,484693.220706439,4976662.74544167,0.124577867477048,7.976
1160,1,0,accepted,0.00626546060871503,-0.025950478685887,484694.239774398,4976662.88061586,0.124636497951645,8.502
1161,1,0,accepted,0.0286429145241086,-0.0106062441018171,484695.256860855,4976663.01658655,0.124185788805961,7.638
1162,1,0,accepted,0.0525524612440165,0.021448296982121,484696.255973059,4976663.14574005,0.124048216312507,9.18
1163,1,0,accepted,0.0789228091511288,0.067363058303405,484697.268723605,4976663.274527,0.124074218358837,10.469
1164,1,0,accepted,0.100038895013454,0.105545747470446,484698.2564059,4976663.4043585,0.123781247354295,9.54
1165,1,0,accepted,0.121731488596069,0.094194801062958,484699.252575963,4976663.53444992,0.122578714882597,7.894
1166,1,0,accepted,0.147752590556931,0.119264108269096,484700.249640436,4976663.65891337,0.12197775022551,7.483
1167,1,0,accepted,0.170004274413722,0.144503371224449,484701.228392883,4976663.78244811,0.121436251848096,17.22
1168,1,0,accepted,0.174678004828159,0.180137017447009,484702.191750255,4976663.91948798,0.121061349933515,10.712
1169,1,0,accepted,0.194237247867161,0.194826182114074,484703.170027911,4976664.04246291,0.12038156142257,10.768
1170,1,0,accepted,0.204628368236342,0.177515702387486,484704.144992925,4976664.17383696,0.118915090221441,12.025
