frame,accepted,directional,reason,errorM,yawErrorDeg,x,y,psi,matchingMs
1,0,0,insufficientComponents,0.640312423976002,2,484201.572914107,4977500.52147539,-2.10588080737395,53.291
2,1,0,accepted,0.0780282649910961,0.179397628399156,484201.04616023,4977500.84832456,-2.13765870684748,92.05
3,1,0,accepted,0.0803908923764376,0.124431406623796,484201.056115382,4977500.84315062,-2.13859841183366,52.967
4,1,0,accepted,0.081675805148344,0.133346179199693,484201.054026144,4977500.84249077,-2.13844740648789,45.3
5,1,0,accepted,0.084132572493486,0.153440141934064,484201.054459122,4977500.84005479,-2.13810011498279,49.285
6,1,0,accepted,0.0824761526216704,0.307140695422551,484201.045380152,4977500.84472283,-2.13540234245965,59.354
7,1,0,accepted,0.0812229780298674,0.315213672009178,484201.04316834,4977500.84691263,-2.13525492281374,51.911
8,1,0,accepted,0.0804961367574144,0.337647739896367,484201.04229141,4977500.84649375,-2.13486720156234,49.589
9,1,0,accepted,0.0925640423521617,0.330226743369044,484201.032794984,4977500.83360879,-2.13497876983676,51.262
10,1,0,accepted,0.0911419624690119,0.349515964998019,484201.030833321,4977500.82871451,-2.1346519952192,54.362
11,1,0,accepted,0.081622713001018,0.315879345755652,484201.030883568,4977500.82677947,-2.13524899534203,55.206
12,1,0,accepted,0.0740450292263565,0.371353770290481,484201.02168663,4977500.82275535,-2.13424810302175,49.479
13,1,0,accepted,0.074083155612941,0.617681568680865,484200.991457581,4977500.81915282,-2.12999086567662,58.288
14,1,0,accepted,0.0481711359527848,0.582702444769466,484200.996700453,4977500.81586698,-2.13052994244595,60.586
15,1,0,accepted,0.0518427202125712,0.665826687750873,484200.972267673,4977500.79383342,-2.12901914851985,60.007
16,1,0,accepted,0.0510290870536621,0.637631777754758,484200.95193515,4977500.76629376,-2.1293984926544,51.85
17,1,0,accepted,0.050368311518074,0.603659354589714,484200.934927561,4977500.72640435,-2.12981905392156,48.447
18,1,0,accepted,0.0483372037907979,0.592473497736576,484200.911575179,4977500.68749132,-2.12983655987809,48.326
19,1,0,accepted,0.0463636734510271,0.398516328097966,484200.88934009,4977500.63930501,-2.13294335888374,58.199
20,1,0,accepted,0.0510663960460093,0.423745767830732,484200.855933914,4977500.5844604,-2.13204459213167,52.779
21,1,0,accepted,0.0463639436249304,0.316275205308656,484200.830171743,4977500.52877707,-2.13328228725156,48.29
22,1,0,accepted,0.0508611834273216,0.510578408060346,484200.782391237,4977500.46732216,-2.12918769875717,50.196
23,1,0,accepted,0.0430542530073877,0.44444576680997,484200.736998347,4977500.41001137,-2.1294347252409,58.256
24,1,0,accepted,0.0461564880376542,0.574957398057001,484200.687552351,4977500.33119904,-2.12588164675123,57.015
25,1,0,accepted,0.0343096714679398,0.386188556731738,484200.643937114,4977500.25630784,-2.12778690476197,49.574
26,1,0,accepted,0.0372077961459094,0.464555840012778,484200.584380368,4977500.16099538,-2.12429507060286,54.758
27,1,0,accepted,0.0327542915466112,0.369622543152746,484200.521974968,4977500.06414584,-2.12438073313055,60.248
28,1,0,accepted,0.0265688969228224,0.17572967280891,484200.462220173,4977499.95671836,-2.12745806976941,51.048
29,1,0,accepted,0.0158082245113486,-0.0067401564582881,484200.39809857,4977499.85118986,-2.12849407118766,49.381
30,1,0,accepted,0.0173940878961223,-0.0202166046201758,484200.327310641,4977499.73200146,-2.12611132937132,48.282
31,1,0,accepted,0.017327521213634,0.0277937288546377,484200.252246413,4977499.6059454,-2.12449065878152,47.882
32,1,0,accepted,0.0212708656324788,0.0385175490721427,484200.177651522,4977499.47468028,-2.12328203592127,55.878
33,1,0,accepted,0.0237976491457675,0.133526587530829,484200.092649497,4977499.33678515,-2.11983487104339,47.719
34,1,0,accepted,0.01275027553136,0.112869238091809,484200.003154373,4977499.20606797,-2.1181861120974,46.46
35,1,0,accepted,0.0132136319905956,0.122155458123167,484199.920291944,4977499.06237906,-2.11616076145669,48.706
36,1,0,accepted,0.0111386347550725,0.145167111420596,484199.829421325,4977498.91467053,-2.11445240877218,52.567
37,1,0,accepted,0.0184103070250599,0.158403497326426,484199.742587661,4977498.75507738,-2.11313687289356,53.575
38,1,0,accepted,0.0217759507257972,0.130332697321609,484199.649800121,4977498.59505021,-2.11217988240285,47.993
39,1,0,accepted,0.02040403702691,0.15604167214518,484199.552760599,4977498.43431456,-2.1103937506116,47.333
40,1,0,accepted,0.0170421754168217,0.137934325667212,484199.457705631,4977498.28056348,-2.10986643511356,46.773
41,1,0,accepted,0.0122339877591242,0.252895500909228,484199.352319821,4977498.11539377,-2.10750381259311,66.17
42,1,0,accepted,0.0127604436170544,0.188992764336471,484199.247484473,4977497.93832063,-2.10873763191662,54.602
43,1,0,accepted,0.00740074434410475,0.198050196335271,484199.141446788,4977497.77100893,-2.10855178159861,58.457
44,1,0,accepted,0.00454541838238005,0.214044633668624,484199.033508127,4977497.60302156,-2.1084734798266,62.427
45,1,0,accepted,0.0097502537624588,0.199235177578857,484198.930642701,4977497.43174071,-2.1089272039222,64.871
46,1,0,accepted,0.0202405996185148,0.215945812070629,484198.824717341,4977497.25483549,-2.1085495611318,50.281
47,1,0,accepted,0.0136640308650044,0.230608475631061,484198.728661733,4977497.09594683,-2.10927728172431,47.488
48,1,0,accepted,0.0172282629073066,0.240752043122883,484198.629561754,4977496.92840756,-2.10997672173734,48.476
49,1,0,accepted,0.0202074729230212,0.195046159189171,484198.537634666,4977496.7592654,-2.11152852979279,47.391
50,1,0,accepted,0.0247270961872399,0.201293029430065,484198.444209522,4977496.59725944,-2.11206504190568,59.04
51,1,0,accepted,0.0334106157922734,0.242801079219696,484198.347193089,4977496.44547539,-2.1120016920858,49.19
52,1,0,accepted,0.0373226586675257,0.22121277661771,484198.258567714,4977496.28539465,-2.11241315772536,47.658
53,1,0,accepted,0.0399992482094733,0.210330588895876,484198.168594597,4977496.13305276,-2.1129181046795,49.276
54,1,0,accepted,0.0444657422952921,0.253174955116159,484198.075229992,4977495.98284764,-2.11291701401031,53.48
55,1,0,accepted,0.0393236372293479,0.225841559088872,484197.988876227,4977495.83357046,-2.11372291849859,53.794
56,1,0,accepted,0.0286367055081048,0.259009644252199,484197.907130631,4977495.68414551,-2.11327848606105,47.993
57,1,0,accepted,0.0353708537500924,0.25810650779838,484197.806406531,4977495.5315875,-2.11381233943981,46.272
58,1,0,accepted,0.032739628950481,0.281114020173302,484197.715574288,4977495.36773095,-2.11379859142265,47.258
59,1,0,accepted,0.0304799758045359,0.276912109571774,484197.621565225,4977495.20929068,-2.11372649316862,59.534
60,1,0,accepted,0.0263247976017616,0.289801266928697,484197.528047276,4977495.03855623,-2.11309618814165,50.713
61,1,0,accepted,0.0254823046575997,0.312404409296723,484197.431046712,4977494.87081461,-2.1115709760242,51.991
62,1,0,accepted,0.0279389755554816,0.301738638002307,484197.342195993,4977494.71241118,-2.11027417071393,49.152
63,1,0,accepted,0.031004916725183,0.257898978761728,484197.239283479,4977494.54230429,-2.10852234377975,61.389
64,1,0,accepted,0.0212985083710431,0.249110027015048,484197.128295491,4977494.3532688,-2.10730276268494,46.068
65,1,0,accepted,0.0294851467912642,0.274503425711191,484197.014261928,4977494.1710479,-2.10614995387339,48.893
66,1,0,accepted,0.0145027547130811,0.314885177627602,484196.948740664,4977493.96511668,-2.10356771628444,53.374
67,1,0,accepted,0.0169092465149597,0.265390044343445,484196.843118189,4977493.77488171,-2.10114159419804,51.594
68,1,0,accepted,0.0168323163997258,0.270072146934363,484196.731343494,4977493.57876305,-2.09673054655614,50.719
69,1,0,accepted,0.0307186190074968,0.295669346427523,484196.629602942,4977493.36942791,-2.09065350224872,44.141
70,1,0,accepted,0.0303616696960563,0.203124416944027,484196.517347408,4977493.17691321,-2.08505288995381,42.001
71,1,0,accepted,0.055847066529047,0.193372272548411,484196.325274245,4977492.92082709,-2.07675131434789,47.94
72,1,0,accepted,0.0368808013966532,0.0273665037744835,484196.199835396,4977492.7171481,-2.06976969188975,50.355
73,1,0,accepted,0.0277258253499204,0.0500153961716521,484196.074466391,4977492.46990608,-2.05789876522983,65.951
74,1,0,accepted,0.0322547219416294,0.0292713118647256,484195.927124322,4977492.20936807,-2.044803424619,50.009
75,1,0,accepted,0.0343210526702471,0.0778438936257321,484195.778973235,4977491.92036693,-2.02830063864708,50.415
76,1,0,accepted,0.0247559826780997,0.0711635748218398,484195.636000234,4977491.6358452,-2.01181747629508,55.299
77,1,0,accepted,0.0277196422754706,0.0319575770701481,484195.486194301,4977491.3415241,-1.99632446211111,50.026
78,1,0,accepted,0.0277938168849134,-0.143646988859774,484195.338777393,4977491.02057474,-1.97992562712506,54.049
79,1,0,accepted,0.0108159001575913,-0.167166607193541,484195.213337806,4977490.64404558,-1.96029745615546,49.278
80,1,0,accepted,0.0168075033458064,-0.256150955592389,484195.072690248,4977490.2891652,-1.93938736343505,50.25
81,1,0,accepted,0.014648038776304,-0.302395139288511,484194.917844456,4977489.92513526,-1.9157756287831,47.984
82,1,0,accepted,0.0197627197191109,-0.185313298890494,484194.769281087,4977489.54574712,-1.88821819292212,54.213
83,1,0,accepted,0.0451597455193158,-0.265239228433582,484194.613311461,4977489.16622,-1.86255644818427,52.973
84,1,0,accepted,0.0605962477000442,-0.305591468192078,484194.490452119,4977488.76998372,-1.83663969263136,49.537
85,1,0,accepted,0.0638554665998848,-0.287623291084057,484194.362729828,4977488.34146955,-1.80931372739559,46.998
86,1,0,accepted,0.077085582036988,-0.239990016919542,484194.241886183,4977487.91111313,-1.78255019606504,54.698
87,1,0,accepted,0.0728332649645134,-0.338716349814137,484194.143881876,4977487.45329897,-1.75683703897032,55.698
88,1,0,accepted,0.0712012028327598,-0.367363461652482,484194.065811864,4977486.99021026,-1.73039653633303,51.186
89,1,0,accepted,0.0792344534409253,-0.22374743724325,484193.979228535,4977486.53104075,-1.70005817650153,53.628
90,1,0,accepted,0.0727912045196182,-0.241519894810001,484193.921403659,4977486.04602853,-1.67209574565368,52.11
91,1,0,accepted,0.0736080712940586,-0.249670888094226,484193.861100382,4977485.5581264,-1.6423700173369,53.962
92,1,0,accepted,0.071110159260465,-0.251624982928536,484193.811609309,4977485.05913669,-1.61246698586607,68.468
93,1,0,accepted,0.0738336158153109,-0.219763955020158,484193.76683845,4977484.55552073,-1.5821595930442,65.621
94,1,0,accepted,0.0717862338526263,-0.305360523646973,484193.745000582,4977484.03803433,-1.55379880890389,73.808
95,1,0,accepted,0.0901848911621698,-0.433027421056417,484193.751680345,4977483.53193772,-1.52539711843558,71.621
96,1,0,accepted,0.116490365181376,-0.523251985778788,484193.777566803,4977483.02420683,-1.49559780673282,58.384
97,1,0,accepted,0.129035534139569,-0.523709638298244,484193.797387746,4977482.50519423,-1.46451637644898,65.075
98,1,0,accepted,0.153606423779141,-0.749800638764742,484193.859475711,4977481.99070759,-1.43695298356129,82.547
99,1,0,accepted,0.131370095621474,-0.664423408415745,484193.931374093,4977481.42150087,-1.4051882386506,67.958
100,1,0,accepted,0.10850327297007,-0.588023160126344,484194.005843085,4977480.84823265,-1.3732330887567,63.065
101,1,0,accepted,0.0931962353610987,-0.496247803730368,484194.10367694,4977480.26603543,-1.34272713617929,65.054
102,1,0,accepted,0.0859671479668191,-0.491922412611437,484194.256669771,4977479.70358969,-1.31559946843286,63.765
103,1,0,accepted,0.0708381358219782,-0.338848566246151,484194.379800878,4977479.11721991,-1.28703576145866,66.672
104,1,0,accepted,0.0771544111580873,-0.262437733411803,484194.536627994,4977478.55032007,-1.26064399601933,69.922
105,1,0,accepted,0.0815499443288012,-0.223650487974978,484194.709616165,4977477.97357651,-1.23623633049276,64.676
106,1,0,accepted,0.0763202170855119,-0.104127402164832,484194.908451624,4977477.38394329,-1.21314150389857,66.591
107,1,0,accepted,0.0699100690877165,-0.0138367820278408,484195.128376211,4977476.79055112,-1.19321454367076,65.535
108,1,0,accepted,0.0618614118860387,0.0820778920959859,484195.366350627,4977476.19230161,-1.17535309433209,63.807
109,1,0,accepted,0.0694159559744312,0.135707808063606,484195.618787651,4977475.59385324,-1.16015144676034,72.49
110,1,0,accepted,0.0629280440248773,0.206591168462296,484195.885242717,4977475.00614274,-1.14729651258699,69.275
111,1,0,accepted,0.0672397390353218,0.28553162353021,484196.152070493,4977474.39697506,-1.13554928538351,88.194
112,1,0,accepted,0.109747108767262,0.240628690055039,484196.424228241,4977473.8253877,-1.12757999929903,75.436
113,1,0,accepted,0.0679615501915169,0.207895486318398,484196.757106535,4977473.17302628,-1.12073105187999,76.933
114,1,0,accepted,0.0687541744879677,0.274451275492815,484197.064752684,4977472.54094502,-1.11358081169774,72.768
115,1,0,accepted,0.0808177187163328,0.324508897379388,484197.381720349,4977471.91744774,-1.1077662829686,71.488
116,1,0,accepted,0.0786727395976239,0.344845475999004,484197.71479355,4977471.26854175,-1.10372379470309,72.935
117,1,0,accepted,0.0546614899788094,0.272352598125453,484198.061235467,4977470.59810603,-1.10200068960474,75.637
118,1,0,accepted,0.0160646630638559,0.354471077488602,484198.418679356,4977469.89147299,-1.09916320212907,76.006
119,1,0,accepted,0.0367813818948199,0.500691255716804,484198.761114023,4977469.18761664,-1.09669037023017,71.167
120,1,0,accepted,0.0327726315034335,0.435721346169612,484199.120068701,4977468.51682488,-1.09903367942161,78.839
121,1,0,accepted,0.0469977366559335,0.51894351375333,484199.482636693,4977467.79836762,-1.09982347536129,75.809
122,1,0,accepted,0.0453424510152181,0.424872179835891,484199.855913867,4977467.08919886,-1.10277607964934,81.197
123,1,0,accepted,0.0423861715231004,0.398849971749634,484200.232919993,4977466.38170674,-1.10530853523989,67.806
124,1,0,accepted,0.0537374650006822,0.439526095402526,484200.605291926,4977465.64753981,-1.10692959936642,68.98
125,1,0,accepted,0.0645738503173893,0.380176601189156,484201.00016243,4977464.89987898,-1.11139658340936,74.873
126,1,0,accepted,0.0566329242815723,0.279518659398039,484201.391908625,4977464.16386177,-1.11731387364549,78.856
127,1,0,accepted,0.0606121284851819,0.339338229123452,484201.770375768,4977463.40491627,-1.12135669713732,71.85
128,1,0,accepted,0.0696270316895906,0.421194626701253,484202.144511451,4977462.63041112,-1.12577073831947,82.831
129,1,0,accepted,0.059541612220207,0.382279019507607,484202.532334262,4977461.85779517,-1.13196701040063,75.239
130,1,0,accepted,0.0771289800803159,0.459147552276345,484202.912094319,4977461.06220597,-1.13724857760898,79.914
131,1,0,accepted,0.0949949928865871,0.498184188101797,484203.281796488,4977460.25070736,-1.14238827288109,81.928
132,1,0,accepted,0.113834961985578,0.603236236493614,484203.654569066,4977459.42139297,-1.14766247471875,74.755
133,1,0,accepted,0.113146822349161,0.579517706253071,484204.036485051,4977458.60380266,-1.15486029402945,77.204
134,1,0,accepted,0.137115444654115,0.6475740903642,484204.411391286,4977457.74585289,-1.16052570842964,77.31
135,1,0,accepted,0.157861513296194,0.746923243946878,484204.780632713,4977456.88648135,-1.16563651430323,77.833
136,1,0,accepted,0.175587835835832,0.834042725458406,484205.152413226,4977456.0166258,-1.17104449700787,78.638
137,1,0,accepted,0.173662762758016,0.821065396062821,484205.538899547,4977455.14460031,-1.1781946838685,80.213
138,1,0,accepted,0.17627405250352,0.716994575914413,484205.930018748,4977454.25940551,-1.18696464824781,85.395
139,1,0,accepted,0.12359536093095,0.695263047070725,484206.297276985,4977453.43689166,-1.19404155527089,89.168
140,1,0,accepted,0.049036872535814,0.542667944637784,484206.716850254,4977452.64630571,-1.20380462479952,92.932
141,1,0,accepted,0.0502374052365518,0.496986204356374,484207.101496102,4977451.7597742,-1.21144685626655,83.291
142,1,0,accepted,0.0697046231556167,0.449017628805651,484207.469731384,4977450.86239442,-1.2189533388384,77.436
143,1,0,accepted,0.0595538851704292,0.501794454986249,484207.831574229,4977449.92641851,-1.2250950631621,68.823
144,1,0,accepted,0.0327011761828728,0.439974483118951,484208.187374275,4977448.95177906,-1.232824998192,63.608
145,1,0,accepted,0.0427845388785769,0.474597109801366,484208.551924592,4977447.96133405,-1.23985355464123,72.343
146,1,0,accepted,0.0595679406948872,0.390725489589161,484208.914711639,4977446.98898581,-1.24721825876661,78.702
147,1,0,accepted,0.251515955579307,0.66637958609308,484209.247004936,4977445.83339104,-1.25010901534479,114.014
148,1,0,accepted,0.274753666899367,0.733148334716954,484209.583433606,4977444.84646281,-1.25528382476761,103.892
149,1,0,accepted,0.236561782417072,0.720207015986763,484209.915198619,4977443.91167176,-1.26237178196103,100.663
150,1,0,accepted,0.301627712400734,1.0893998399433,484210.149797809,4977442.91508432,-1.26233964152651,123.279
151,1,0,accepted,0.12127342475942,0.469753381201182,484210.583690778,4977442.08743794,-1.28032692656714,92.878
152,1,0,accepted,0.123345804077209,0.439967502339218,484210.903305997,4977441.08926711,-1.28783927203396,82.114
153,1,0,accepted,0.137785610541369,0.532726115482081,484211.201570402,4977440.09462356,-1.29286026076873,84.351
154,1,0,accepted,0.141997169622277,0.566440644945866,484211.508766239,4977439.09629875,-1.298493850003,83.07
155,1,0,accepted,0.156874987598713,0.672422059793404,484211.809258142,4977438.08931267,-1.30383587866376,81.841
156,1,0,accepted,0.178619230104862,0.750440136573159,484212.10338429,4977437.05779266,-1.30914630807795,85.106
157,1,0,accepted,0.189443268345009,0.820703486192075,484212.387455961,4977436.05626424,-1.31490768131423,86.732
158,1,0,accepted,0.228777909423276,0.832349781492831,484212.713383379,4977434.9850395,-1.3216643939938,100.843
159,1,0,accepted,0.2303616401792,0.948619991911346,484212.968646797,4977433.96528041,-1.32605757252484,132.646
160,1,0,accepted,0.191238715318384,0.789571926869126,484213.260557018,4977432.98736256,-1.3351930657174,103.072
161,1,0,accepted,0.167388010844169,0.728585340881936,484213.539188019,4977431.99033081,-1.34310941211231,95.764
162,1,0,accepted,0.140281612818294,0.664797799735865,484213.805552818,4977431.00224187,-1.35085656421652,104.883
163,1,0,accepted,0.133821196800497,0.658785920719986,484214.055200189,4977429.99026108,-1.35735479375395,99.386
164,1,0,accepted,0.137199575726117,0.615981164732185,484214.292659935,4977428.99113005,-1.36453268162393,109.381
165,1,0,accepted,0.143480681919039,0.64780349226357,484214.527997284,4977427.975076,-1.37004071429436,97.7
166,1,0,accepted,0.159912221953351,0.738709232575658,484214.753857683,4977426.9297381,-1.37472454693995,103.548
167,1,0,accepted,0.173737044988802,0.835604348490051,484214.972699523,4977425.90399082,-1.37921039414424,116.575
168,1,0,accepted,0.166503653681604,0.796223267153874,484215.206971162,4977424.87433155,-1.38668810571455,101.091
169,1,0,accepted,0.178019969843653,0.942753481896654,484215.417553767,4977423.83848714,-1.39074139311818,109.778
170,1,0,accepted,0.185786107100609,0.952194594231227,484215.625157425,4977422.80536378,-1.39726365322285,124.65
171,1,0,accepted,0.173735867728568,0.8745523369211,484215.846236828,4977421.76131273,-1.40581973408579,99.108
172,1,0,accepted,0.1767602523743,0.863213747439604,484216.045594604,4977420.71083952,-1.41325638846454,107.725
173,1,0,accepted,0.18418567432182,0.905433339945497,484216.233375333,4977419.65642896,-1.42010419616293,104.406
174,1,0,accepted,0.187823814628505,0.882777833731251,484216.417477547,4977418.5916628,-1.42783662659062,152.281
175,1,0,accepted,0.224627969011273,1.00573868623993,484216.560685736,4977417.54258997,-1.43301871533574,109.092
176,1,0,accepted,0.243044915330084,1.04298538343203,484216.714700632,4977416.47554266,-1.43970348298434,110.465
177,1,0,accepted,0.245601612875904,0.994470718161733,484216.8764147,4977415.40899057,-1.44799221636152,99.837
178,1,0,accepted,0.386599396696457,1.78266284742817,484216.89311343,4977414.35262924,-1.44157468478465,130.153
179,1,0,accepted,0.379031202850133,1.53252115678369,484217.152790684,4977413.00211003,-1.45339490157972,111.338
180,1,0,accepted,0.390137746960639,1.53090526163791,484217.287200233,4977411.91329368,-1.46047900432453,104.358
181,1,0,accepted,0.44924576681539,1.7200532304121,484217.409720103,4977410.75565296,-1.46490550393857,117.969
182,1,0,accepted,0.513993240701223,1.96429072841225,484217.510317036,4977409.60760257,-1.46735831486288,112.114
183,1,0,accepted,0.490377593434975,1.9211507719203,484217.634509461,4977408.53265335,-1.47524222338953,99.417
184,1,0,accepted,0.441934558011627,1.69591940544932,484217.777550022,4977407.48649777,-1.48592729026194,101.335
185,1,0,accepted,0.288295904908317,1.05783255515943,484217.989586793,4977406.49719116,-1.50378596725964,128.994
186,1,0,accepted,0.149890340489717,0.319960557524316,484218.209473525,4977405.47287927,-1.52347406243076,116.69
187,1,0,accepted,0.0968812300782667,0.101011626138125,484218.342501487,4977404.40280832,-1.53419077916469,113.988
188,1,0,accepted,0.0932627344540822,0.0968198952759775,484218.418066728,4977403.28602422,-1.54028586381917,98.887
189,1,0,accepted,0.0689701509719513,0.214809896978105,484218.475087976,4977402.19387786,-1.54362614223678,84.322
190,1,0,accepted,0.0850033484776857,0.400841297503683,484218.520154382,4977401.08328415,-1.54507368732528,91.54
191,1,0,accepted,0.0926132935377151,0.48795984256778,484218.568063149,4977399.95890281,-1.54800684173376,90.516
192,1,0,accepted,0.10003701922289,0.489037134078589,484218.611638084,4977398.83932038,-1.55157938396799,94.766
193,1,0,accepted,0.129858745683652,0.689646675209541,484218.63238174,4977397.71346724,-1.5511202838933,102.116
194,1,0,accepted,0.138532398043381,0.731454625378044,484218.672464563,4977396.57235101,-1.55296632558903,93.246
195,1,0,accepted,0.133291265008476,0.69877012453821,484218.724927083,4977395.4173908,-1.55579029587888,105.571
196,1,0,accepted,0.145064931365212,0.732086201716653,484218.758190681,4977394.2630454,-1.55762669145803,115.274
197,1,0,accepted,0.127690298180287,0.645379324936047,484218.815712957,4977393.09362011,-1.56121834621777,114.233
198,1,0,accepted,0.134797834452475,0.659410547794622,484218.845344323,4977391.91911753,-1.56280283475731,122.008
199,1,0,accepted,0.149874045468792,0.670581970067057,484218.868256701,4977390.75060152,-1.56436117547127,116.268
200,1,0,accepted,0.0372328503563208,-0.109365714758867,484219.069629749,4977389.54235394,-1.57975217247498,157.591
201,1,0,accepted,0.0422139461717396,-0.0450957961679908,484219.080097495,4977388.36085477,-1.58000723567965,137.548
202,1,0,accepted,0.182781489286635,0.829215276638883,484218.96052483,4977387.23470147,-1.56607257466412,146.961
203,1,0,accepted,0.0722133681639435,0.12600476409435,484219.093525089,4977386.05415384,-1.57956673216335,170.295
204,1,0,accepted,0.0717853871281812,0.113128071202131,484219.102102701,4977384.82975725,-1.5793443491942,165.284
205,1,0,accepted,0.0773601499516276,0.185663350405057,484219.110581731,4977383.5994645,-1.57771901307233,152.196
206,1,0,accepted,0.138698109706898,0.532362449664817,484219.070886579,4977382.36889052,-1.57048393170289,130.085
207,1,0,accepted,0.122807314639011,0.388337167600719,484219.109759137,4977381.10488066,-1.5715418455692,125.847
208,1,0,accepted,0.126657819567135,0.318994069432116,484219.132193011,4977379.86824586,-1.57061710967072,114.817
209,1,0,accepted,0.134133868366388,0.270639058535632,484219.153307819,4977378.61663887,-1.56867657761595,116.841
210,1,0,accepted,0.145230396150147,0.256250621846393,484219.172098139,4977377.37282855,-1.56584524115987,112.169
211,1,0,accepted,0.108531422180349,0.134454568467951,484219.240159574,4977376.14460093,-1.56432003174751,136.478
212,1,0,accepted,0.115622883013466,0.127133021625778,484219.27174432,4977374.88320259,-1.56057956545344,115.587
213,1,0,accepted,0.127538000354057,0.129837847023068,484219.303193333,4977373.61951814,-1.55646463372242,109.579
214,1,0,accepted,0.1386425213916,0.212418538782356,484219.340197011,4977372.3560462,-1.55105403750261,118.147
215,1,0,accepted,0.133195744924188,0.446616443585207,484219.407880368,4977371.04083186,-1.54236214872985,111.92
216,1,0,accepted,0.141067123878233,0.450886743172035,484219.470543387,4977369.7402307,-1.53725286024833,115.972
217,1,0,accepted,0.136298581913474,0.455602233998533,484219.520999773,4977368.50229535,-1.53225611953035,117.575
218,1,0,accepted,0.121043919904658,0.333692304477297,484219.606255215,4977367.21505822,-1.52903247339445,106.646
219,1,0,accepted,0.0987188582952855,0.190875794607467,484219.693432276,4977365.95750484,-1.5262868344176,95.019
220,1,0,accepted,0.111394275747058,0.175956780667493,484219.780618211,4977364.75510575,-1.52106320078318,94.437
221,1,0,accepted,0.126836960303062,0.180128979747986,484219.870658201,4977363.49612586,-1.51546886931055,96.176
222,1,0,accepted,0.13792169632139,0.124451897823321,484219.958101768,4977362.20965322,-1.51082500578793,95.405
223,1,0,accepted,0.163557446779706,0.129331603823388,484220.050585618,4977360.93618792,-1.50455862780496,85.898
224,1,0,accepted,0.128053762376405,-0.143952892433143,484220.231875664,4977359.63782613,-1.50300058997056,88.205
225,1,0,accepted,0.122202991526726,-0.256578396468179,484220.366752599,4977358.33197464,-1.49841584980426,94.12
226,1,0,accepted,0.144720207422563,-0.126301711840054,484220.465114139,4977357.0423602,-1.48967434147277,89.562
227,1,0,accepted,0.157859690618795,-0.0517093891034353,484220.579127411,4977355.72246277,-1.4816618885231,93.444
228,1,0,accepted,0.156322734456324,0.0955405345731576,484220.701068975,4977354.42823759,-1.47221513677025,88.929
229,1,0,accepted,0.164739190337202,0.165141405067875,484220.837292621,4977353.12052857,-1.46420311492365,93.158
230,1,0,accepted,0.16778029341064,0.144527142885863,484220.992045955,4977351.81192359,-1.4581459341218,95.738
231,1,0,accepted,0.177325797809024,0.1699122881653,484221.149746316,4977350.50146564,-1.45085596841336,105.474
232,1,0,accepted,0.178837528141316,0.244149684909173,484221.323650666,4977349.18702142,-1.44328730114541,117.618
233,1,0,accepted,0.152578487767675,0.238635658216969,484221.539267992,4977347.87099274,-1.43683831317623,150.319
234,1,0,accepted,0.164541843262689,0.291214691021634,484221.726352868,4977346.56175277,-1.42934850514232,134.254
235,1,0,accepted,0.213625810800906,0.575939242712199,484221.893157261,4977345.27851067,-1.41790765059378,115.442
236,1,0,accepted,0.204665459514039,0.500828819169821,484222.110632276,4977343.93916895,-1.41266272028214,118.761
237,1,0,accepted,0.193660684731786,0.412712963870911,484222.341639703,4977342.60512554,-1.40753705504803,127.022
238,1,0,accepted,0.194568749474328,0.550096002021219,484222.568032224,4977341.28450929,-1.39854447396273,145.105
239,1,0,accepted,0.167465840874441,0.593816822567597,484222.825665899,4977339.92995114,-1.39086414147578,125
240,1,0,accepted,0.142928051792787,0.496456918799808,484223.098069785,4977338.54327315,-1.38643708107012,123.427
241,1,0,accepted,0.155045806583581,0.492231332452898,484223.343308517,4977337.2304326,-1.37963831465096,120.093
242,1,0,accepted,0.160960222090528,0.554504983668163,484223.607694937,4977335.90437533,-1.37245637685551,136.881
243,1,0,accepted,0.178100649037952,0.626415403894297,484223.867511297,4977334.60425393,-1.36513813019125,129.995
244,1,0,accepted,0.191813723780232,0.703776388370409,484224.142353456,4977333.27706834,-1.3580936860748,121.104
245,1,0,accepted,0.200169520089521,0.774821387798819,484224.434647585,4977331.93826278,-1.35200045539237,123.275
246,1,0,accepted,0.198060121348946,0.880152610140752,484224.744274094,4977330.66159686,-1.34646741335904,145.592
247,1,0,accepted,0.210670746086059,1.09895163268379,484225.066044891,4977329.39184658,-1.33989129774159,153.023
248,1,0,accepted,0.118572430028302,0.549508675845089,484225.453277907,4977327.98985471,-1.34755215346282,142.462
249,1,0,accepted,0.103038791324802,0.518095274953932,484225.789075849,4977326.64311441,-1.34590358687457,121.983
250,1,0,accepted,0.100611938377351,0.503822824423849,484226.121744482,4977325.28607396,-1.34401291143092,124.16
251,1,0,accepted,0.0977410295298112,0.381381290833131,484226.468100276,4977323.9231881,-1.34446465571378,125.638
252,1,0,accepted,0.0781861972550027,0.235586789718191,484226.836145445,4977322.57435767,-1.34547550290224,118.388
253,1,0,accepted,0.0894628671634203,0.250587051473133,484227.16139577,4977321.21866089,-1.34394605230984,116.605
254,1,0,accepted,0.0991326805526851,0.313455638693372,484227.485031502,4977319.89073783,-1.34108695473951,107.186
255,1,0,accepted,0.105776103560227,0.299913843711892,484227.817469474,4977318.53532123,-1.33950140364444,123.172
256,1,0,accepted,0.107059076020781,0.435647913241087,484228.13689622,4977317.20728421,-1.33592610993897,122.846
257,1,0,accepted,0.104129095268404,0.439359826878655,484228.474075091,4977315.87709815,-1.33444458544766,133.621
258,1,0,accepted,0.0931936338814703,0.422502596275272,484228.834924266,4977314.51807721,-1.33449538441041,128.129
259,1,0,accepted,0.0985577562597676,0.397125632994126,484229.168472566,4977313.18419799,-1.33341873592578,112.734
260,1,0,accepted,0.0876850385044586,0.305199013611824,484229.528260297,4977311.83687602,-1.33436911293976,122.111
261,1,0,accepted,0.0931313983481176,0.358699211434788,484229.869337978,4977310.50300654,-1.33256999073553,113.421
262,1,0,accepted,0.0953597491196809,0.325950855089107,484230.222147471,4977309.1532187,-1.3321109485822,117.796
263,1,0,accepted,0.0972020437115658,0.257823198124742,484230.586326975,4977307.82403948,-1.33303988204065,133.759
264,1,0,accepted,0.10429959438113,0.259169330873707,484230.933303736,4977306.45329719,-1.33167331288152,125.028
265,1,0,accepted,0.112490491580323,0.359407715157579,484231.287082859,4977305.05011022,-1.32965266615835,132.718
266,1,0,accepted,0.116611734854641,0.360837127651465,484231.645323064,4977303.67968852,-1.32922389678688,111.577
267,1,0,accepted,0.114893876347914,0.388936739670222,484232.007429539,4977302.30189226,-1.32814943284439,110.539
268,1,0,accepted,0.119772609121779,0.364097534003599,484232.370386769,4977300.90530148,-1.3276467907205,99.749
269,1,0,accepted,0.125872705959402,0.385582783869024,484232.736466226,4977299.50623105,-1.32644937098238,102.925
270,1,0,accepted,0.133138207372562,0.42647298082975,484233.106716618,4977298.10190253,-1.32540550045057,107.24
271,1,0,accepted,0.148537789537912,0.470636155145287,484233.479434219,4977296.68146979,-1.32435823489331,117.013
272,1,0,accepted,0.164736027324193,0.487551427906044,484233.844171286,4977295.27848823,-1.3239554654617,116.825
273,1,0,accepted,0.172774481804876,0.542306065754712,484234.211395068,4977293.88243136,-1.32343496853307,118.442
274,1,0,accepted,0.184513022769413,0.48498068473231,484234.565808998,4977292.50842047,-1.32473710775348,107.579
275,1,0,accepted,0.195649368526538,0.508307392746194,484234.936899488,4977291.09790908,-1.32537564833725,109.276
276,1,0,accepted,0.213008238202681,0.459566497500313,484235.308299363,4977289.67543224,-1.3271306270648,104.98
277,1,0,accepted,0.216033378665881,0.475623604840961,484235.678779248,4977288.27055631,-1.32796343451308,121.92
278,1,0,accepted,0.23406562202437,0.493880616358375,484236.039221904,4977286.85459539,-1.32844303271263,159.97
279,1,0,accepted,0.247269877949704,0.532691657891143,484236.402430558,4977285.43191411,-1.32985317474206,106.461
280,1,0,accepted,0.311331509357084,1.05153652364817,484236.67239326,4977284.068884,-1.32190198758485,125.905
281,1,0,accepted,0.25354613262207,1.06957479990344,484237.080044281,4977282.72394236,-1.32352407583943,119.142
282,1,0,accepted,0.217951167592962,1.07386103310821,484237.477527315,4977281.35698149,-1.32582590846151,113.279
283,1,0,accepted,0.180385387717173,0.89523061192689,484237.884996133,4977279.97870141,-1.33088587830644,109.108
284,1,0,accepted,0.138143666689804,0.66948600938242,484238.311414166,4977278.59086694,-1.33824914244626,124.033
285,1,0,accepted,0.233558949860235,0.977845144436436,484238.61972813,4977277.25760429,-1.33635605016882,108.63
286,1,0,accepted,0.155640354056954,0.666679469818899,484239.040934901,4977275.75939315,-1.34546597411042,124.179
287,1,0,accepted,0.10843476982281,0.518574863439699,484239.405428988,4977274.30735777,-1.35066487218881,128.947
288,1,0,accepted,0.098062515300249,0.523378142738222,484239.75282221,4977272.85028764,-1.3540921578241,120.031
289,1,0,accepted,0.0918364680563196,0.405807375908649,484240.101619222,4977271.33162666,-1.35904405569382,118.847
290,1,0,accepted,0.108031467336804,0.500376210834319,484240.427353112,4977269.88055134,-1.36093930600852,109.484
291,1,0,accepted,0.123369152259574,0.628895134277783,484240.743513978,4977268.44707006,-1.3620957860441,106.102
292,1,0,accepted,0.127974958496432,0.640224304167379,484241.069513373,4977267.00531083,-1.36524439113437,103.205
293,1,0,accepted,0.139099971579964,0.768854042637486,484241.384352017,4977265.63679028,-1.36674865872553,117.559
294,1,0,accepted,0.136975874629016,0.767290703385825,484241.707518914,4977264.17704365,-1.37058428842628,115.245
295,1,0,accepted,0.103250451492381,0.375302301674047,484242.096489183,4977262.6146667,-1.3803766546952,113.232
296,1,0,accepted,0.0991389176902419,0.214680284046961,484242.433775806,4977261.1536199,-1.38620021337646,107.083
297,1,0,accepted,0.0887787580184756,0.0411484080783535,484242.7624117,4977259.71082836,-1.39239621858493,129.767
298,1,0,accepted,0.0901247624095759,-0.010637722323903,484243.058988838,4977258.26100502,-1.39661057477611,117.203
299,1,0,accepted,0.0533896552996669,-0.12753690067625,484243.353900347,4977256.84023901,-1.40210062069984,116.911
300,1,0,accepted,0.0728811748309608,0.0644636765276413,484243.625853631,4977255.39618127,-1.4019672289872,115.457
301,1,0,accepted,0.106114529278036,0.314459758639227,484243.869559847,4977253.94921122,-1.40053114655199,113.58
302,1,0,accepted,0.0689640150790014,0.261672019864643,484244.181873736,4977252.5304731,-1.40476574114805,128.81
303,1,0,accepted,0.0191864382591392,0.171607738226291,484244.502621286,4977251.12038783,-1.40927609740226,135.561
304,1,0,accepted,0.0230756017304155,0.150705138396855,484244.774898442,4977249.68732453,-1.41283033082954,123.693
305,1,0,accepted,0.0291951336382435,0.0638005269754278,484245.043382025,4977248.26846808,-1.41757116262658,114.066
306,1,0,accepted,0.0338250193175898,0.0172408665922626,484245.30393973,4977246.83702609,-1.42112595212377,112.339
307,1,0,accepted,0.0492314714708299,0.0646154752198046,484245.536823076,4977245.38793541,-1.42353310673316,131.269
308,1,0,accepted,0.0519909755918583,0.133265706288554,484245.782884793,4977243.94669239,-1.42550972326444,114.172
309,1,0,accepted,0.0655453811684994,0.229960622138714,484246.015428977,4977242.50423292,-1.42695524013318,127.84
310,1,0,accepted,0.0575834172550443,0.260288280597583,484246.261540644,4977241.0938084,-1.4296640613348,146.317
311,1,0,accepted,0.0811871552405326,0.248944809402855,484246.476237023,4977239.62883444,-1.43262487694596,125.46
312,1,0,accepted,0.0901907162371888,0.301881474470887,484246.698258631,4977238.18377616,-1.43411156774874,121.485
313,1,0,accepted,0.0935799691016995,0.251869666261954,484246.915442138,4977236.77929899,-1.43677568567513,128.442
314,1,0,accepted,0.117367310183092,0.369017732303819,484247.122389266,4977235.33596313,-1.43758522737892,122.942
315,1,0,accepted,0.132308190258831,0.399420309296841,484247.33277754,4977233.90879789,-1.43943684563208,109.658
316,1,0,accepted,0.121717741801735,0.461560397154331,484247.546398208,4977232.53576669,-1.44157306037053,111.988
317,1,0,accepted,0.168827827848136,0.857354794586048,484247.707629812,4977231.18343549,-1.43713377958939,126.119
318,1,0,accepted,0.318027677289682,1.61042485888062,484247.816669605,4977229.89741373,-1.42612305177624,124.836
319,1,0,accepted,0.291179921889228,1.59680918994356,484248.031729074,4977228.4382573,-1.4285095117124,136.572
320,1,0,accepted,0.262499072785885,1.58237561429003,484248.249084992,4977226.9756739,-1.43057097117031,126.827
321,1,0,accepted,0.134654827971875,0.668277708739452,484248.566998424,4977225.50809616,-1.4487330922332,144.332
322,1,0,accepted,0.111360118374687,0.510309221948832,484248.801293619,4977224.12219813,-1.45373693403451,122.531
323,1,0,accepted,0.0926438690620528,0.43510061198625,484249.010082956,4977222.68587663,-1.45728097179883,97.647
324,1,0,accepted,0.0980382410452739,0.536797614568936,484249.188895744,4977221.25617414,-1.45776386946765,112.578
325,1,0,accepted,0.0960611511820163,0.484084925723301,484249.37105483,4977219.77407914,-1.46085172654624,107.626
326,1,0,accepted,0.0872699500324015,0.320056345489188,484249.563474312,4977218.34074369,-1.46551208680682,128.916
327,1,0,accepted,0.114160158359902,0.32629017188569,484249.732632419,4977216.89909072,-1.4670906658039,117.139
328,1,0,accepted,0.122646170955691,0.539190274879433,484249.892805718,4977215.46767147,-1.46544403006369,134.566
329,1,0,accepted,0.127475059963285,0.663390054949087,484250.055639942,4977214.06816265,-1.46409894226547,117.275
330,1,0,accepted,0.122744258434404,0.60305032819215,484250.234927368,4977212.63472855,-1.46746093595998,123.165
331,1,0,accepted,0.124626991388058,0.592469922547689,484250.403790688,4977211.21099708,-1.46913630457281,122.598
332,1,0,accepted,0.160393576017464,0.48082374049938,484250.605075687,4977209.65118297,-1.4712187024637,133.595
333,1,0,accepted,0.17103554097192,0.510694527012697,484250.76870906,4977208.21705548,-1.4730920335178,137.918
334,1,0,accepted,0.21699848092927,0.573169319481083,484250.951312589,4977206.73016741,-1.47360944182865,126.564
335,1,0,accepted,0.228766285521725,0.506262403504184,484251.117688943,4977205.28698223,-1.47565128560438,142.753
336,1,0,accepted,0.179880916969669,0.424623888507145,484251.264101003,4977203.91035798,-1.47855297007301,127.508
337,1,0,accepted,0.164937522138945,0.668429737366687,484251.352019302,4977202.56236736,-1.47608203586661,120.041
338,1,0,accepted,0.155619309878548,0.578369142595987,484251.515211979,4977201.13597488,-1.47853459526059,121.995
339,1,0,accepted,0.160225516217801,0.633642445008095,484251.665444106,4977199.7158914,-1.47965863379248,121.48
340,1,0,accepted,0.194787706249393,0.803860003384298,484251.795641997,4977198.25335251,-1.47849144125292,130.585
341,1,0,accepted,0.0713547061690534,0.197099132238563,484252.04611867,4977196.95363907,-1.49074570406426,127.424
342,1,0,accepted,0.080770368194714,0.302998134795054,484252.18350453,4977195.48732881,-1.49030619194512,119.443
343,1,0,accepted,0.074924769700889,0.266534802335763,484252.337231627,4977194.05022488,-1.49235963769287,122.775
344,1,0,accepted,0.0850386444747116,0.230937283244133,484252.492331356,4977192.5818815,-1.49402349824632,115.833
345,1,0,accepted,0.095180308959005,0.241027280987897,484252.632736623,4977191.13452782,-1.49494013729202,117.065
346,1,0,accepted,0.0898776180040234,0.308898288339851,484252.771198405,4977189.72799515,-1.49486752610115,126.551
347,1,0,accepted,0.0408202670962483,0.219998475076849,484252.928249061,4977188.36737765,-1.49697154905198,138.568
348,1,0,accepted,0.0348573860489423,0.17105695773204,484253.073922773,4977186.95807866,-1.4987354719346,123.933
349,1,0,accepted,0.0715230737003916,0.0670603113727019,484253.24840502,4977185.59958789,-1.50106063338171,132.036
350,1,0,accepted,0.0821808657037174,0.0316692359681707,484253.379303822,4977184.19035424,-1.50208706460502,118.985
351,1,0,accepted,0.0678319447488173,0.0436598433147993,484253.491932643,4977182.74464518,-1.50180610271895,115.537
352,1,0,accepted,0.0585151127926444,0.0448165338839471,484253.598868952,4977181.32344024,-1.50166765673181,103.292
353,1,0,accepted,0.0644236398861462,0.0639241888521931,484253.711270611,4977179.8961423,-1.50147914100403,111.305
354,1,0,accepted,0.0769866257327684,0.0485939278613276,484253.827276893,4977178.45908431,-1.50168502428006,133.258
355,1,0,accepted,0.0969340186483117,0.0749700117251315,484253.942459029,4977177.04715454,-1.50128007575433,103.03
356,1,0,accepted,0.114193567751504,0.172225292329255,484254.05828112,4977175.62690364,-1.49968541022092,120.139
357,1,0,accepted,0.12573307583619,0.240989314445656,484254.177621724,4977174.1969697,-1.49860246834968,121.295
358,1,0,accepted,0.122951817113074,0.314388200481039,484254.300662562,4977172.75673878,-1.49742933952085,113.319
359,1,0,accepted,0.106182961893846,0.300902776207142,484254.435557324,4977171.34068908,-1.49743764172715,112.139
360,1,0,accepted,0.108820345579417,0.35681102177259,484254.55991399,4977169.90571683,-1.4963154628506,105.059
361,1,0,accepted,0.0931138123997666,0.305263751194934,484254.690397946,4977168.49642004,-1.49691886184085,129.092
362,1,0,accepted,0.109173475696313,0.307154315953604,484254.810859911,4977167.05236068,-1.49652498043108,117.264
363,1,0,accepted,0.112205095855056,0.193875661623468,484254.940955531,4977165.61569483,-1.4982319891452,115.824
364,1,0,accepted,0.107716151275729,0.0551641202786128,484255.067754981,4977164.21100997,-1.50048427079679,117.234
365,1,0,accepted,0.147920566261819,0.140058557084373,484255.183467593,4977162.75654066,-1.49844278370883,139.824
366,1,0,accepted,0.173152656756543,0.103611247372714,484255.296944889,4977161.31534819,-1.49849867754963,121.351
367,1,0,accepted,0.184748066812625,0.127706230177307,484255.40677038,4977159.88979871,-1.49739473567064,118.657
368,1,0,accepted,0.188305173977219,0.198944831320734,484255.517199059,4977158.45228656,-1.49551404743354,117.342
369,1,0,accepted,0.187593026459456,0.249990030419101,484255.633359874,4977157.02155479,-1.49392183641864,135.242
370,1,0,accepted,0.163769057411101,0.211736539227749,484255.747522871,4977155.64148453,-1.49384377312555,113.077
371,1,0,accepted,0.173203965177228,0.332168076628916,484255.866410178,4977154.21245556,-1.49100456674312,124.522
372,1,0,accepted,0.182821799437687,0.441405375108252,484255.986565796,4977152.82765689,-1.48843771859368,123.315
373,1,0,accepted,0.26949459187916,0.950513016402461,484256.041486836,4977151.45531765,-1.47758667408222,157.744
374,1,0,accepted,0.231157133201859,0.914601476772189,484256.247385249,4977150.10056179,-1.4769399138582,111.535
375,1,0,accepted,0.197737869210437,0.562341058930829,484256.462826548,4977148.69712011,-1.48111470198751,116.809
376,1,0,accepted,0.166046931111651,0.212217870119573,484256.677227775,4977147.25504073,-1.48519392463829,111.946
377,1,0,accepted,0.154975166312434,0.0468907522454196,484256.873197995,4977145.82796403,-1.48673214946299,89.642
378,1,0,accepted,0.0371891885639804,-0.497501024582582,484257.076612866,4977144.28351962,-1.49438102624595,117.454
379,1,0,accepted,0.0111601076100939,-0.287144506500076,484257.192111905,4977142.83905496,-1.48929639729672,124.345
380,1,0,accepted,0.0360884523124804,-0.342033608231201,484257.339944248,4977141.38942655,-1.48856235789956,122.312
381,1,0,accepted,0.0685586994906884,-0.300544383703168,484257.4817202,4977139.92753429,-1.48640291893126,125.908
382,1,0,accepted,0.0775096914353838,-0.0903145167146457,484257.633988724,4977138.51293903,-1.48123756814839,101.348
383,1,0,accepted,0.0609364930793471,0.0932798193477378,484257.789805332,4977137.12148572,-1.4765801757655,98.889
384,1,0,accepted,0.0556733829857041,0.23588172782659,484257.957945836,4977135.70733184,-1.47315832834219,100.222
385,1,0,accepted,0.0392300501806715,0.0977073679579622,484258.136016738,4977134.3257136,-1.47426969277938,103.207
386,1,0,accepted,0.0196816945259026,-0.0705635519611772,484258.325189861,4977132.9185662,-1.47533590072614,103.773
387,1,0,accepted,0.0493546809387593,-0.146455786857581,484258.513205769,4977131.55387678,-1.47556995496704,104.359
388,1,0,accepted,0.0453055784076847,-0.140130409136755,484258.668588007,4977130.14596782,-1.47408027417571,97.622
389,1,0,accepted,0.0404804803477703,-0.111829705002055,484258.823728672,4977128.72136343,-1.47199383725751,92.399
390,1,0,accepted,0.0764970465253091,-0.00968422584970885,484258.971917032,4977127.34755726,-1.46870961327786,94.261
391,1,0,accepted,0.0778225587197399,0.0298207949071121,484259.133562436,4977125.93555482,-1.46650774209591,109.485
392,1,0,accepted,0.0821713267785113,0.112577829420335,484259.303878873,4977124.54479476,-1.46410734566314,94.013
393,1,0,accepted,0.0767707608665032,0.135125671411483,484259.477343723,4977123.14070824,-1.46218801499237,90.872
394,1,0,accepted,0.0791623024228037,0.18075984485588,484259.643458373,4977121.72245313,-1.46005136561684,86.717
395,1,0,accepted,0.083890777415184,0.169923690361495,484259.815920325,4977120.28723416,-1.45911036675962,96.488
396,1,0,accepted,0.0811733538796163,0.184926278274376,484260.000389393,4977118.89071326,-1.45786035416935,86.418
397,1,0,accepted,0.0892028626556638,0.1860361403097,484260.182031236,4977117.46783736,-1.45672458950737,88.004
398,1,0,accepted,0.0953937945651792,0.232761578624662,484260.367463237,4977116.07795465,-1.45446965670564,98.445
399,1,0,accepted,0.0769728019664464,0.267058155742416,484260.556259313,4977114.71035377,-1.45287564547001,94.669
400,1,0,accepted,0.0868477743377504,0.288857681043591,484260.735104594,4977113.32000923,-1.45128319082112,98.276
401,1,0,accepted,0.136568103010673,0.590744282953853,484260.878793558,4977111.91394023,-1.4443698608913,102.741
402,1,0,accepted,0.122001379389192,0.516416706778797,484261.078259151,4977110.55251464,-1.44404482810364,103.948
403,1,0,accepted,0.12314705884647,0.514974349929147,484261.271433148,4977109.17083108,-1.44261599971995,110.131
404,1,0,accepted,0.131152294500214,0.509649661955493,484261.457731537,4977107.78301208,-1.44071609429479,102.519
405,1,0,accepted,0.132668595689881,0.458930369564681,484261.646679549,4977106.43820047,-1.43947448440108,98.179
406,1,0,accepted,0.148191992277591,0.50529721113579,484261.826542788,4977105.0737324,-1.43640695860933,106.65
407,1,0,accepted,0.19961751717368,0.844112527777095,484261.977555554,4977103.77812953,-1.42823468923661,97.079
408,1,0,accepted,0.186304934386941,0.773292329579666,484262.18386464,4977102.38083785,-1.42720689550512,95.161
409,1,0,accepted,0.177087473351165,0.713799258293014,484262.397688812,4977100.97122327,-1.42612532172209,99.16
410,1,0,accepted,0.177555211339182,0.655167774512858,484262.615505165,4977099.57377476,-1.42486885076782,100.337
411,1,0,accepted,0.172665353639704,0.722427367230963,484262.81861962,4977098.25282786,-1.42144122943836,106.343
412,1,0,accepted,0.160358545413973,0.693322149401952,484263.045639156,4977096.9062672,-1.42039175831391,100.51
413,1,0,accepted,0.15256820196017,0.687617518004448,484263.272847121,4977095.54895424,-1.4186715815128,96.453
414,1,0,accepted,0.150310245677108,0.713546321938551,484263.496313118,4977094.20471995,-1.41592191451385,99.839
415,1,0,accepted,0.150915364449789,0.69657767217009,484263.719903755,4977092.85554926,-1.41451814429486,94.292
416,1,0,accepted,0.151720395920852,0.596109850104301,484263.947487584,4977091.51415128,-1.414082817582,100.451
417,1,0,accepted,0.156427195562721,0.593992730151552,484264.165630717,4977090.17269997,-1.41196072381018,84.247
418,1,0,accepted,0.159617610556568,0.599529698671171,484264.383457265,4977088.86253312,-1.41020669581232,90.063
419,1,0,accepted,0.16990776493293,0.559052949130195,484264.604423928,4977087.53084118,-1.40850582249934,93.661
420,1,0,accepted,0.18995421107543,0.546982848157809,484264.82879961,4977086.18581053,-1.40675451421162,98.72
421,1,0,accepted,0.208150419770617,0.577777144027402,484265.055450299,4977084.84629661,-1.40437725716934,99.339
422,1,0,accepted,0.207992562193559,0.632054384115287,484265.28561141,4977083.52363318,-1.40180853335999,93.557
423,1,0,accepted,0.205072642987143,0.645271043440424,484265.526656501,4977082.20118568,-1.39999191336209,96.774
424,1,0,accepted,0.204442904792067,0.65138479494028,484265.760582658,4977080.90440702,-1.39814950872532,91.375
425,1,0,accepted,0.161259979968545,0.464663928384256,484266.070627345,4977079.5927839,-1.39985547591347,94.71
426,1,0,accepted,0.159139904581507,0.304153359739236,484266.356130383,4977078.26950714,-1.40044393961324,91.025
427,1,0,accepted,0.153809398016707,0.243734771271792,484266.638012399,4977076.95591098,-1.40041060153437,97.942
428,1,0,accepted,0.145436150472175,0.20947528349823,484266.892877717,4977075.64884622,-1.39940579674713,101.063
429,1,0,accepted,0.143977447798496,0.26969215650479,484267.124949284,4977074.34003048,-1.39709180111356,103.575
430,1,0,accepted,0.0171059429386181,0.00578312103232314,484267.401049076,4977073.14581464,-1.39991507822073,119.858
431,1,0,accepted,0.0323696248547225,-0.00404898587740098,484267.633607913,4977071.88799599,-1.39820411794145,101.094
432,1,0,accepted,0.0428598834233309,-0.0508444565204591,484267.890219607,4977070.5900714,-1.39725994203117,103.579
433,1,0,accepted,0.0274228221070654,0.0264248047242827,484268.136998529,4977069.26136708,-1.39457109124246,110.917
434,1,0,accepted,0.0169996986787366,0.129120973963295,484268.383656417,4977067.93364207,-1.39095495535186,106.133
435,1,0,accepted,0.0478561926671803,0.25472309888858,484268.633340458,4977066.5748019,-1.38731509266426,89.307
436,1,0,accepted,0.0692526458651818,0.278529014510142,484268.888465863,4977065.24094502,-1.3849447905463,98.483
437,1,0,accepted,0.0869849330230991,0.262998587132538,484269.157038813,4977063.91832199,-1.38348580465349,86.576
438,1,0,accepted,0.0896526848593491,0.236705911709139,484269.424593219,4977062.60401078,-1.38167261415723,89.303
439,1,0,accepted,0.0953110081245084,0.307230170549034,484269.676231829,4977061.29010414,-1.37851676933056,110.487
440,1,0,accepted,0.0791083782109068,0.266886184713027,484269.925042137,4977060.03484953,-1.37699101121,87.976
441,1,0,accepted,0.10323821477964,0.264251274344761,484270.193162191,4977058.69527357,-1.37471046152796,90.148
442,1,0,accepted,0.0994547631539847,0.251320937091902,484270.474325831,4977057.39050072,-1.37291317951458,82.255
443,1,0,accepted,0.106392839821875,0.317005550735556,484270.734541294,4977056.09856358,-1.36933739592202,105.624
444,1,0,accepted,0.110248287407536,0.338482802741221,484271.016643076,4977054.79804514,-1.36700994929081,97.796
445,1,0,accepted,0.115621698161677,0.367201788752883,484271.297713472,4977053.4918161,-1.36414477056478,83.538
446,1,0,accepted,0.113392686879819,0.378601038610908,484271.587203027,4977052.19174281,-1.36099471894204,98.694
447,1,0,accepted,0.117616388748581,0.442929554236769,484271.877257825,4977050.88594723,-1.35725318267415,84.969
448,1,0,accepted,0.130183941705525,0.536594911148153,484272.162058295,4977049.57495641,-1.35269586482029,95.901
449,1,0,accepted,0.139798305422275,0.615938993632375,484272.450587206,4977048.27927865,-1.34817547829793,90.207
450,1,0,accepted,0.0750278176187756,0.453152363993395,484272.797565425,4977047.07961281,-1.34773722330881,97.837
451,1,0,accepted,0.0483301247324472,0.137822096727937,484273.14816332,4977045.81673134,-1.34999713227,97.303
452,1,0,accepted,0.0458177720261763,-0.188670697947048,484273.492123126,4977044.53804409,-1.35266624676106,106.756
453,1,0,accepted,0.0642846811123119,-0.100106188524408,484273.7852398,4977043.28104847,-1.34756489485283,89.653
454,1,0,accepted,0.0568880892596506,-0.0845733709010441,484274.102013952,4977042.000565,-1.34398237626994,89.756
455,1,0,accepted,0.034474517213736,0.00627009518014312,484274.409724041,4977040.70694828,-1.33843163979477,106.4
456,1,0,accepted,0.0326300028774705,0.156688602944963,484274.718320141,4977039.41853614,-1.33166306491425,81.838
457,1,0,accepted,0.0357186539837995,0.313544961031364,484275.033537591,4977038.16260428,-1.32505578993572,88.359
458,1,0,accepted,0.0338598598460835,0.376363727784532,484275.363601124,4977036.90515485,-1.31974649935588,85.108
459,1,0,accepted,0.0472145289672291,0.386887473222678,484275.685186425,4977035.65293297,-1.31575802920936,85.381
460,1,0,accepted,0.0567855407099975,0.356766273165503,484276.012279766,4977034.42353151,-1.31207548310114,88.357
461,1,0,accepted,0.0593931866314024,0.306448256282246,484276.3570534,4977033.16667911,-1.30873515121385,95.199
462,1,0,accepted,0.0664016404932089,0.233797429573437,484276.692692617,4977031.950641,-1.30576823197552,90.667
463,1,0,accepted,0.0761977743237401,0.223906356368708,484277.038362706,4977030.72751193,-1.30143991713363,94.763
464,1,0,accepted,0.198938637358109,0.257081625939809,484277.34894284,4977029.68067865,-1.29633579156314,95.275
465,1,0,accepted,0.194471300363023,0.417166346804326,484277.701610318,4977028.45659404,-1.28957298241604,106.884
466,1,0,accepted,0.188643391830029,0.473314406183329,484278.060085405,4977027.23564083,-1.28459908821967,100.074
467,1,0,accepted,0.158098657461258,0.468528686781501,484278.426997957,4977025.99403746,-1.28023332238356,99.842
468,1,0,accepted,0.155665124135459,0.507228868000585,484278.795497146,4977024.78401076,-1.27549223162767,99.144
469,1,0,accepted,0.125955140091662,0.391869978287222,484279.186814988,4977023.55088825,-1.27310892995158,105.612
470,1,0,accepted,0.123877990721699,0.39012990579461,484279.55879588,4977022.37136395,-1.26890890314229,98.763
471,1,0,accepted,0.1232067271831,0.376669889444901,484279.941258106,4977021.18699444,-1.26482944605109,89.489
472,1,0,accepted,0.130456017896781,0.433426306657577,484280.31738928,4977019.99818215,-1.25956060931983,89.928
473,1,0,accepted,0.12642518870383,0.470760117154306,484280.704634698,4977018.80691463,-1.25458266568965,84.491
474,1,0,accepted,0.132689939208938,0.564696734219175,484281.095740892,4977017.62382744,-1.24902557450113,87.3
475,1,0,accepted,0.105685536676353,0.513547169919097,484281.518091084,4977016.42350172,-1.24588358022381,90.715
476,1,0,accepted,0.0844912670997378,0.391156061162478,484281.944464604,4977015.22063574,-1.24379040214155,87.366
477,1,0,accepted,0.0774485268014021,0.277923955768044,484282.365444316,4977014.04442509,-1.24191459767764,83.477
478,1,0,accepted,0.0770497899401268,0.0807068756415122,484282.82011025,4977012.85223895,-1.24161173058071,82.754
479,1,0,accepted,0.11438109682917,0.296306029214635,484283.223747702,4977011.66157252,-1.23383609705889,87.888
480,1,0,accepted,0.123105952751248,0.265750639422616,484283.649463173,4977010.49774124,-1.23031988839725,77.548
481,1,0,accepted,0.12913558196494,0.282845502434308,484284.086536583,4977009.32940771,-1.22621240690793,85.871
482,1,0,accepted,0.130738485052639,0.332218929117625,484284.500142164,4977008.18059334,-1.22157222978055,79.427
483,1,0,accepted,0.144927101123125,0.375874823796038,484284.926049995,4977007.03836138,-1.21698476524985,80.427
484,1,0,accepted,0.147651079681731,0.361913811281319,484285.361499075,4977005.8904718,-1.21322783939991,78.396
485,1,0,accepted,0.147251506487948,0.305304351596058,484285.794966432,4977004.75708934,-1.21028367046833,94.071
486,1,0,accepted,0.157168920968298,0.30349440942211,484286.236642767,4977003.61015607,-1.20601604278153,90.274
487,1,0,accepted,0.107473701375301,0.345644820114147,484286.689476772,4977002.52904768,-1.20205090348065,94.872
488,1,0,accepted,0.118740720372248,0.39537817774098,484287.130844236,4977001.39102616,-1.19704491769165,86.766
489,1,0,accepted,0.1090368648391,0.390098509158403,484287.593863317,4977000.26053685,-1.19262850013335,95.916
490,1,0,accepted,0.0846030185595969,0.421817336018588,484288.0459362,4976999.19320827,-1.18963644766266,100.52
491,1,0,accepted,0.101709369585263,0.446639751612019,484288.489963305,4976998.08475408,-1.18551537524031,78.04
492,1,0,accepted,0.109891875580658,0.342192782721233,484288.961208063,4976997.03355459,-1.18349896020595,73.761
493,1,0,accepted,0.104340605439234,0.165655425332483,484289.456732837,4976995.93332106,-1.18282081776921,70.164
494,1,0,accepted,0.108115373113035,0.107246474634017,484289.936743155,4976994.8154677,-1.18035844804726,75.31
495,1,0,accepted,0.111670719876027,0.0427789964791197,484290.399313398,4976993.68673768,-1.17752395760236,68.618
496,1,0,accepted,0.102285035985096,0.0819863898319597,484290.886913584,4976992.56753272,-1.17370505302119,64.261
497,1,0,accepted,0.0769613840054889,0.00905096126678534,484291.395578935,4976991.43568811,-1.17166283958086,64.54
498,1,0,accepted,0.0578014453319669,-0.0324852849463669,484291.901328371,4976990.31335585,-1.16910601674165,64.096
499,1,0,accepted,0.0399181232017652,0.0279504847065048,484292.415452383,4976989.19140661,-1.16431181549275,62.417
500,1,0,accepted,0.0344145378271697,0.0378314343338335,484292.920408373,4976988.08339052,-1.16056463004877,68.437
501,1,0,accepted,0.025036528091276,0.0248209294730478,484293.434151417,4976986.95515363,-1.15731485655903,71.391
502,1,0,accepted,0.0501479056042655,0.0740581638594402,484293.948886255,4976985.80097208,-1.15319391061858,76.42
503,1,0,accepted,0.0818586735039252,0.05227248374201,484294.465363603,4976984.67873675,-1.15065845955635,81.165
504,1,0,accepted,0.134606141895407,0.23770423977211,484294.985987635,4976983.52841941,-1.14249117330422,88.015
505,1,0,accepted,0.156877446669816,0.211263488324319,484295.51739479,4976982.4058106,-1.14001432643208,98.168
506,1,0,accepted,0.155334399899303,0.244690399589502,484296.063169771,4976981.31126261,-1.1361975315123,93.117
507,1,0,accepted,0.123619127763717,0.411310747507728,484296.557261009,4976980.23857637,-1.1308643082752,94.878
508,1,0,accepted,0.109550547953706,0.52732633669393,484297.070309319,4976979.15997245,-1.12651643273354,86.189
509,1,0,accepted,0.0647404388491043,0.440731705353304,484297.565258787,4976978.13144285,-1.12582422583404,91.709
510,1,0,accepted,0.0882056157019066,0.455984309858665,484298.061288545,4976977.08446134,-1.12367569143037,78.529
511,1,0,accepted,0.115649654722904,0.54033478763292,484298.575016755,4976975.97883783,-1.12009424560316,85.186
512,1,0,accepted,0.138417731328383,0.620021663373131,484299.092409848,4976974.90539411,-1.1171257217668,81.659
513,1,0,accepted,0.136512165497512,0.566474831224332,484299.635984986,4976973.81678054,-1.11665771539497,79.084
514,1,0,accepted,0.124019571561152,0.523038805507529,484300.191679598,4976972.7116579,-1.11635478315854,80.727
515,1,0,accepted,0.111054195082107,0.486210051147094,484300.759642644,4976971.58165479,-1.11619652603651,83.365
516,1,0,accepted,0.0896597700390168,0.450896480801109,484301.320052763,4976970.48719511,-1.11661240322143,91.754
517,1,0,accepted,0.0253565251136703,0.165015202639422,484301.936128108,4976969.40144293,-1.12167333157952,102.711
518,1,0,accepted,0.0281042616990418,-0.0720282539273938,484302.530001996,4976968.27425404,-1.12563265557461,99.694
519,1,0,accepted,0.0298453129030786,-0.0262372097527256,484303.064891688,4976967.15798713,-1.12474198533659,80.479
520,1,0,accepted,0.0143761493135414,-0.0481862555257628,484303.622349233,4976966.07846873,-1.12522609537554,85.573
521,1,0,accepted,0.0169072794325904,-0.0411368729232172,484304.166740014,4976964.97392745,-1.1256234696609,87.065
522,1,0,accepted,0.00399879921356818,0.043770274331397,484304.707566799,4976963.88403499,-1.12545441333886,91.847
523,1,0,accepted,0.00518696499075571,-0.0289506085610291,484305.257189243,4976962.7857551,-1.12755601291963,86.998
524,1,0,accepted,0.0179756878218448,-0.0129501389515996,484305.795833465,4976961.68357068,-1.12866077232928,95.364
525,1,0,accepted,0.0670053232450188,-0.0178666289241888,484306.321617778,4976960.62744945,-1.13038849555979,83.521
526,1,0,accepted,0.0614262069248796,-0.0827989813311557,484306.857032217,4976959.51219691,-1.13202415869741,76.012
527,1,0,accepted,0.0591988419173753,0.0343807902177052,484307.387548143,4976958.38766066,-1.13208872734099,85.632
528,1,0,accepted,0.0612552153313849,0.0715152079947335,484307.927826867,4976957.2598663,-1.13301342830173,82.05
529,1,0,accepted,0.0582674863435898,0.0952159716929319,484308.464459813,4976956.13702343,-1.13484294571215,83.703
530,1,0,accepted,0.0651678316838287,0.176003569765798,484309.006155689,4976955.00353343,-1.1362929444057,83.033
531,1,0,accepted,0.0779274284985607,0.217029360248612,484309.546394831,4976953.86864121,-1.13859858212566,73.193
532,1,0,accepted,0.0959966380809247,0.293984845213219,484310.081618062,4976952.73829308,-1.14048887691591,77.942
533,1,0,accepted,0.112609677118841,0.377918331986184,484310.619038127,4976951.5997081,-1.14286700894943,83.365
534,1,0,accepted,0.116895673490549,0.445358986746888,484311.14825898,4976950.48329563,-1.14575102218409,77.776
535,1,0,accepted,0.109852830843292,0.460610031103475,484311.674740782,4976949.37195677,-1.14912455100406,76.322
536,1,0,accepted,0.105442341830386,0.434470486387624,484312.187056692,4976948.26062346,-1.153084126166,79.755
537,1,0,accepted,0.0888843663168638,0.373796741589159,484312.69515628,4976947.15921658,-1.15804588407608,79.997
538,1,0,accepted,0.0881936552572891,0.300418058279866,484313.194428497,4976946.04069753,-1.16249834862945,77.691
539,1,0,accepted,0.093053371739248,0.338099834248889,484313.686319218,4976944.90855933,-1.16559573654126,74.306
540,1,0,accepted,0.0955419314733263,0.452616816165913,484314.15727958,4976943.80246216,-1.16778310045128,82.012
541,1,0,accepted,0.0944416027635771,0.482603622112954,484314.653416557,4976942.6733423,-1.1709572080533,77.633
542,1,0,accepted,0.0984217717328745,0.514612329461979,484315.131293875,4976941.56127873,-1.17428799808153,76.76
543,1,0,accepted,0.108400262344027,0.473590801249221,484315.602753511,4976940.43465219,-1.17849610662059,86.818
544,1,0,accepted,0.118108882966883,0.464670493068214,484316.071554229,4976939.32487988,-1.18212110297882,84.558
545,1,0,accepted,0.12945248918937,0.490833695847854,484316.539446987,4976938.19612115,-1.18511785652726,104.83
546,1,0,accepted,0.239421048595047,0.91364398379351,484316.91031725,4976937.13343841,-1.18146604359261,121.702
547,1,0,accepted,0.248750765160691,0.956548998002418,484317.371090836,4976935.99645365,-1.18430869251458,100.595
548,1,0,accepted,0.257015288356191,1.01549724675589,484317.825657649,4976934.85929158,-1.18688078900639,107.734
549,1,0,accepted,0.267619532729531,1.05720967996752,484318.280467036,4976933.70209504,-1.18989295318794,90.676
550,1,0,accepted,0.281764880080909,1.16842434985602,484318.714186708,4976932.57253255,-1.19153187054874,81.903
551,1,0,accepted,0.258602718507522,1.09098712316931,484319.190021512,4976931.42548005,-1.19703894509019,78.749
552,1,0,accepted,0.249892512924655,1.10995609589606,484319.645407907,4976930.25846125,-1.2004127744144,91.97
553,1,0,accepted,0.224923870194758,1.08723089220271,484320.111114562,4976929.0833084,-1.20451345046545,94.702
554,1,0,accepted,0.178612509502346,0.958850136421622,484320.607075245,4976927.95902541,-1.21054251438105,91.452
555,1,0,accepted,0.148697700097882,0.829488795190575,484321.07626103,4976926.81054111,-1.2163630430983,94.137
556,1,0,accepted,0.105793236611393,0.6331345151528,484321.540876883,4976925.65908198,-1.22317282018135,86.154
557,1,0,accepted,0.0628929770460767,0.473386755301778,484322.00706393,4976924.46589423,-1.22977191154712,92.688
558,1,0,accepted,0.0611688152685164,0.443313357629755,484322.442631357,4976923.27486788,-1.23402295332001,93.197
559,1,0,accepted,0.0938236695430264,0.439171727325265,484322.861068089,4976922.06381718,-1.23753496688764,84.982
560,1,0,accepted,0.0997662866261461,0.449699372994312,484323.275328827,4976920.89589117,-1.24124908744983,83.215
561,1,0,accepted,0.0955832287772575,0.412933747829059,484323.68520066,4976919.74346929,-1.24534685858816,91.28
562,1,0,accepted,0.0871785505329266,0.383816752476785,484324.09253109,4976918.58523164,-1.24922585538302,91.116
563,1,0,accepted,0.0737517695978051,0.294707036004203,484324.498486505,4976917.4436976,-1.25464012497567,116.227
564,1,0,accepted,0.0858719976167567,0.31281786691024,484324.893953243,4976916.26156416,-1.25754957317749,94.483
565,1,0,accepted,0.0826319148999101,0.193592457881779,484325.303137556,4976915.09262286,-1.26298253299878,92.265
566,1,0,accepted,0.0843117435761263,0.189460970113149,484325.685836711,4976913.92703923,-1.26614155435033,85.063
567,1,0,accepted,0.0936782249399835,0.241863059397251,484326.056512699,4976912.75505243,-1.26863699239912,92.168
568,1,0,accepted,0.143164277588342,0.539112879991816,484326.381662441,4976911.58187932,-1.26666080491862,95.975
569,1,0,accepted,0.111962191851615,0.324781282192339,484326.780044575,4976910.44640207,-1.27364618530147,97.241
570,1,0,accepted,0.128564079953134,0.399360033192385,484327.135234517,4976909.28799622,-1.27533238279859,83.87
571,1,0,accepted,0.169988442215405,0.649082144522897,484327.466030646,4976908.11493872,-1.27399750011051,90.104
572,1,0,accepted,0.147704190597213,0.518543313875031,484327.862713522,4976906.92642802,-1.27927957484636,83.972
573,1,0,accepted,0.117319755252074,0.372164042721029,484328.257593789,4976905.76021068,-1.28471845862243,82.677
574,1,0,accepted,0.0885931475859835,0.232007199053267,484328.648532664,4976904.58942545,-1.28990473422072,89.718
575,1,0,accepted,0.0773597149845361,0.166385893640215,484329.015130828,4976903.43725929,-1.29377698614572,93.512
576,1,0,accepted,0.0971798252992305,0.174317080449814,484329.352299487,4976902.29207411,-1.29620422869856,96.873
577,1,0,accepted,0.0862058521757907,0.168278977423549,484329.712492823,4976901.10280046,-1.29886898851187,99.001
578,1,0,accepted,0.0928699877592943,0.100504949359405,484330.055378515,4976899.93401528,-1.30206035591305,85.069
579,1,0,accepted,0.110220302455217,0.195846098368119,484330.381834222,4976898.7433683,-1.30271059156189,86.011
580,1,0,accepted,0.079074945350847,0.124765560354556,484330.773144796,4976897.60743659,-1.3055912262705,91.196
581,1,0,accepted,0.0700655815649104,0.0544918061842983,484331.130664123,4976896.42936007,-1.30832728377585,81.778
582,1,0,accepted,0.0732926420342049,0.0764130726167552,484331.49400765,4976895.25665506,-1.30941631822215,95.159
583,1,0,accepted,0.0757647362890804,0.137585037710918,484331.822751759,4976894.10293454,-1.31041682193306,91.048
584,1,0,accepted,0.0832768404377041,0.147008840251574,484332.157216512,4976892.9300332,-1.31177123485947,87.884
585,1,0,accepted,0.0806509176388382,0.243556095910606,484332.477054845,4976891.74605354,-1.31175806793186,87.94
586,1,0,accepted,0.0513086769975205,0.289629605675665,484332.796820576,4976890.51755336,-1.31245862552243,92.448
587,1,0,accepted,0.0476626891731123,0.221577499104905,484333.123315401,4976889.31738927,-1.31503982039751,88.546
588,1,0,accepted,0.0597534431102437,0.279757638080642,484333.440047432,4976888.12601469,-1.31550485506941,81.916
589,1,0,accepted,0.110792699089515,0.346303794523211,484333.749357231,4976886.88576707,-1.31566911417002,91.997
590,1,0,accepted,0.0739289656563901,0.218498609768375,484334.08515658,4976885.75529305,-1.31941649422118,87.15
591,1,0,accepted,0.0821722056938436,0.240121147687714,484334.398635871,4976884.58013698,-1.32049085291581,76.089
592,1,0,accepted,0.0879505700651196,0.253694980471829,484334.713647189,4976883.40413118,-1.32171145349638,78.136
593,1,0,accepted,0.0974042004428105,0.277694379533694,484335.023887402,4976882.22881478,-1.32263197217893,76.272
594,1,0,accepted,0.106635559900766,0.305681344645327,484335.328363633,4976881.0635756,-1.32369286644514,70.527
595,1,0,accepted,0.114988563195511,0.386447018156831,484335.634574802,4976879.89060058,-1.32381916260415,79.49
596,1,0,accepted,0.124865162335732,0.415582554789329,484335.935741471,4976878.72788745,-1.32487683710715,73.388
597,0,1,acceptedDirectional,0.193628758073033,0.85496009694466,484336.183585563,4976877.5479635,-1.31870475431531,98.863
598,0,1,acceptedDirectional,0.204503447793321,0.818739878832945,484336.498846389,4976876.39493106,-1.32031143109071,70.557
599,1,0,accepted,0.478674031690178,2.31075427979831,484336.604693211,4976875.56697552,-1.29554863470415,74.59
600,1,0,accepted,0.484136606257606,2.44404735548297,484336.914655045,4976874.40835202,-1.29490965699867,62.581
601,1,0,accepted,0.466627136003998,2.41581041246497,484337.254490882,4976873.26194568,-1.29694855716361,65.489
602,1,0,accepted,0.421591725735942,2.20355678196427,484337.617576094,4976872.11937988,-1.30231670200508,67.156
603,1,0,accepted,0.392601879897002,2.06080636584585,484337.948697145,4976870.9618673,-1.30664832193496,63.529
604,1,0,accepted,0.244846822780905,1.16737599310753,484338.409055251,4976869.79093237,-1.3243445410102,85.928
605,1,0,accepted,0.151474566338575,0.45025826689477,484338.818775251,4976868.62943403,-1.33859810534884,87.305
606,1,0,accepted,0.168595015101048,0.60541570326457,484339.070686605,4976867.47648334,-1.33810860998939,72.224
607,1,0,accepted,0.191466030594118,0.746191259957567,484339.328105462,4976866.31998463,-1.33821113315031,79.985
608,1,0,accepted,0.162231344649677,0.612138757975804,484339.631333676,4976865.17554616,-1.34308139289714,81.171
609,1,0,accepted,0.195262253257996,0.877549582727424,484339.861569505,4976864.04772373,-1.34117751830786,93.366
610,1,0,accepted,0.145097338308137,0.584965763686843,484340.176594284,4976862.89156215,-1.34950465946213,90.269
611,1,0,accepted,0.12419597736261,0.485167104942116,484340.461586268,4976861.73004237,-1.35472520704563,76.983
612,1,0,accepted,0.118236490695328,0.556558564869711,484340.707247905,4976860.65262206,-1.35693607810799,74.064
613,1,0,accepted,0.118014006187921,0.632586949724412,484340.970042472,4976859.49478926,-1.35964099952895,85.589
614,1,0,accepted,0.124089695021186,0.558194216410602,484341.229378024,4976858.34227651,-1.36546865286587,79.962
615,1,0,accepted,0.143452072750558,0.530568510299922,484341.479526777,4976857.18655261,-1.37142856337573,74.077
616,1,0,accepted,0.16298781862144,0.575106455845559,484341.724194984,4976856.03210935,-1.37698647902979,78.234
617,1,0,accepted,0.16821757875081,0.599599059105513,484341.958820826,4976854.90682715,-1.38340189689228,72.159
618,1,0,accepted,0.175682107312098,0.647545260492897,484342.188095369,4976853.75962755,-1.38971718951777,69.64
619,1,0,accepted,0.18286899174926,0.602748999014135,484342.403597643,4976852.63015246,-1.39858384846776,74.407
620,1,0,accepted,0.182620779478858,0.602985727345603,484342.613125666,4976851.51714461,-1.40668484401236,72.644
621,1,0,accepted,0.17416847465088,0.687542509491282,484342.821033435,4976850.41785994,-1.41415929265544,72.287
622,1,0,accepted,0.176879080644753,0.702091610263236,484343.013429581,4976849.30051238,-1.42383725482693,68.452
623,1,0,accepted,0.175802622898569,0.774806573201727,484343.203354998,4976848.18232055,-1.43409915726503,69.788
624,1,0,accepted,0.173278823606379,0.701036064795641,484343.388640995,4976847.04658018,-1.44701341225307,68.339
625,1,0,accepted,0.177574850574143,0.819698735041595,484343.548673919,4976845.91130737,-1.45710788207354,62.868
626,0,1,acceptedDirectional,0.173524411692426,0.78216764131175,484343.703644671,4976844.78191006,-1.46998770139663,79.731
627,0,1,acceptedDirectional,0.159378117499641,0.674397393222666,484343.856954279,4976843.63440249,-1.48386101418742,82.152
628,0,1,acceptedDirectional,0.18747984726829,0.848445643692343,484343.940849226,4976842.50836561,-1.49286158979921,84.746
629,0,1,acceptedDirectional,0.187416831302861,0.84358638518024,484344.044934038,4976841.37053691,-1.50541175928224,76.474
630,1,0,accepted,0.275183140192797,1.19579645994803,484344.10202081,4976840.53090545,-1.51097511590212,92.24
631,1,0,accepted,0.291837078565258,1.30900778445465,484344.166716322,4976839.41201277,-1.52150516508137,86.28
632,1,0,accepted,0.190974061825456,0.973668289910069,484344.315410308,4976838.21937089,-1.53996602801295,106.969
633,1,0,accepted,0.200403698875972,0.946160042375305,484344.359441973,4976837.09855436,-1.55142910851791,99.532
634,1,0,accepted,0.182139522299229,0.825058559208088,484344.401875073,4976835.96381784,-1.5648714977363,96.186
635,1,0,accepted,0.169701415135054,0.736647199341307,484344.425723528,4976834.82270824,-1.57662377747719,97.813
636,1,0,accepted,0.245408747436134,1.11665099496352,484344.345808764,4976833.72423452,-1.57947844566238,106.637
637,1,0,accepted,0.225611111412666,1.02130180309609,484344.347463676,4976832.5747975,-1.5896086875129,96.263
638,1,0,accepted,0.203971808544229,0.95692774971735,484344.332479158,4976831.40961776,-1.59795678883275,95.322
639,1,0,accepted,0.192797180014449,0.884317424214717,484344.30762536,4976830.26129758,-1.60537035135774,90.742
640,1,0,accepted,0.21192586404993,1.01486561541269,484344.244330653,4976829.10542731,-1.60841839253616,101.375
641,1,0,accepted,0.208668741797371,1.03210995069943,484344.195772999,4976827.95362911,-1.61312582946999,89.22
642,1,0,accepted,0.208903971017164,1.07280601790386,484344.140203836,4976826.79334385,-1.61719104466758,87.24
643,1,0,accepted,0.21007404578762,1.11099241590555,484344.081730672,4976825.63083736,-1.62113039688766,84.246
644,1,0,accepted,0.187734638972218,0.983637638464401,484344.04150484,4976824.45419866,-1.62720896563848,96.303
645,1,0,accepted,0.174396623769458,0.942621775943247,484343.990753891,4976823.29680084,-1.63148518774532,91.979
646,1,0,accepted,0.164396306320462,0.898155660368482,484343.933071796,4976822.14755911,-1.63591019117376,93.104
647,1,0,accepted,0.141458027655678,0.749452360342228,484343.884744078,4976820.98865228,-1.64198506041974,86.699
648,1,0,accepted,0.136086908825584,0.666503682215721,484343.815848146,4976819.81950952,-1.64642459052091,80.506
649,1,0,accepted,0.131273287864002,0.626679952609177,484343.740183649,4976818.6696711,-1.64945618892163,82.21
650,1,0,accepted,0.133444172205708,0.621152064118265,484343.654729718,4976817.4879058,-1.65120247267719,77.737
651,1,0,accepted,0.142787959225284,0.59748689154245,484343.569135384,4976816.27778359,-1.65322383374541,90.164
652,1,0,accepted,0.149941316848621,0.552390379242065,484343.483317846,4976815.08488547,-1.65458889063617,86.209
653,1,0,accepted,0.154305598450048,0.531411921506471,484343.387102117,4976813.89446089,-1.65547817336702,81.692
654,1,0,accepted,0.144925528649819,0.511983717095935,484343.29734738,4976812.74425675,-1.65630906639707,87.101
655,1,0,accepted,0.15270087927242,0.527582013883553,484343.201158455,4976811.54860952,-1.65650067798341,86.14
656,1,0,accepted,0.177504892246274,0.583291157924934,484343.097290094,4976810.33437038,-1.65598852360592,76.323
657,1,0,accepted,0.144898272557337,0.54026552714658,484343.009028002,4976809.1968397,-1.65689099962604,85.474
658,1,0,accepted,0.166875168029084,0.597521665885745,484342.901365736,4976807.96834527,-1.65611589458794,78.161
659,1,0,accepted,0.218303805931279,0.976917110413898,484342.738959652,4976806.88731215,-1.64972920343913,79.681
660,1,0,accepted,0.222014036501167,1.03697794930328,484342.636447917,4976805.66593767,-1.64911877469387,84.654
661,1,0,accepted,0.209814060135033,0.969530524905579,484342.551283813,4976804.45880853,-1.65060015993538,85.695
662,1,0,accepted,0.200695552797874,0.927841553254465,484342.462047934,4976803.24245909,-1.65185041473747,80.501
663,1,0,accepted,0.200828743994176,0.94052461493113,484342.363573775,4976802.03891602,-1.65254887549903,77.974
664,1,0,accepted,0.224123923958734,0.996306853862868,484342.244211831,4976800.86027619,-1.65169971441639,85.692
665,1,0,accepted,0.221292765198015,1.00582663903921,484342.144675784,4976799.62397022,-1.65228482282192,79.845
666,1,0,accepted,0.222557553685482,1.02543123340123,484342.045066078,4976798.34765938,-1.65268148671587,76.754
667,1,0,accepted,0.236705022964019,1.06342844718884,484341.937612359,4976797.10435682,-1.6530119787937,81.1
668,1,0,accepted,0.233106991516259,0.987949563819482,484341.847204112,4976795.86161581,-1.65512099528188,75.791
669,1,0,accepted,0.14541968549566,0.79663163222865,484341.815918922,4976794.72131434,-1.65920182771454,88.155
670,1,0,accepted,0.0705988567648981,0.346172339951877,484341.786443294,4976793.4852794,-1.66743883371739,97.521
671,1,0,accepted,0.0114359661188627,0.0142757407053421,484341.745155228,4976792.2512195,-1.67364105826064,84.541
672,1,0,accepted,0.0190646883597726,0.0225988628331808,484341.639144177,4976791.01889763,-1.67423791926343,76.692
673,1,0,accepted,0.0401430749430186,0.029240267899185,484341.528907018,4976789.77081558,-1.67485226758176,77.264
674,1,0,accepted,0.0403966720848793,0.0390252337346988,484341.41399566,4976788.54622738,-1.67523617183437,80.235
675,1,0,accepted,0.0689934420748155,0.156950230242978,484341.274546904,4976787.3010514,-1.67348373824857,82.641
676,1,0,accepted,0.080988768063861,0.167666559375408,484341.153855313,4976786.06324394,-1.6737112185107,77.913
677,1,0,accepted,0.0923322107302684,0.18925203171155,484341.033831992,4976784.82230853,-1.67394721788345,71.931
678,1,0,accepted,0.0775170138574132,0.160302642090762,484340.92993126,4976783.59705885,-1.67518760554494,82.886
679,1,0,accepted,0.0783312750866866,0.140643221756798,484340.822650056,4976782.3340022,-1.67612058529925,78.685
680,1,0,accepted,0.0599546131234071,0.141390579216733,484340.720622856,4976781.13207478,-1.67693983072711,77.149
681,1,0,accepted,0.0470260981224066,0.143333591997892,484340.614045832,4976779.89757721,-1.67711880109476,73.767
682,1,0,accepted,0.0521621826590709,0.116325157468553,484340.545918654,4976778.73335989,-1.67828870923962,85.647
683,1,0,accepted,0.0653931176951587,0.0975857845500942,484340.429634912,4976777.4990103,-1.67884352257905,77.805
684,1,0,accepted,0.0927986301807298,0.117958696652932,484340.310650376,4976776.27660412,-1.67890461845935,78.113
685,1,0,accepted,0.113991950860057,0.161791952796881,484340.181534757,4976775.05192519,-1.67824305449657,79.456
686,1,0,accepted,0.134366408950922,0.141465418536056,484340.070773283,4976773.81570143,-1.67880835040121,80.065
687,1,0,accepted,0.122155582945165,0.202330737294955,484339.933011416,4976772.57455565,-1.67803279913257,80.86
688,1,0,accepted,0.117992540176125,0.23013699327125,484339.801865045,4976771.31538053,-1.6779343951973,79.066
689,1,0,accepted,0.112975516988796,0.251061139629716,484339.669093802,4976770.05590106,-1.67777685045517,77.604
690,1,0,accepted,0.0942513486673807,0.218931216230706,484339.548867881,4976768.77901574,-1.67856073330551,81.704
691,1,0,accepted,0.0872843415923454,0.259966865668617,484339.416213294,4976767.50714876,-1.67817048297124,77.937
692,1,0,accepted,0.0843548076129731,0.262487966726309,484339.286884113,4976766.23754956,-1.67798800226519,72.214
693,1,0,accepted,0.0765448824721785,0.267695347197953,484339.163130399,4976764.98588446,-1.67811222593473,77.642
694,1,0,accepted,0.0647686108711653,0.265440643117386,484339.039632962,4976763.70709191,-1.67871914803075,76.422
695,1,0,accepted,0.0896020173341925,0.480116910011498,484338.89047003,4976762.44597745,-1.67587252851223,71.046
696,1,0,accepted,0.0923902065071635,0.445913805071754,484338.769834003,4976761.15101693,-1.67727962773803,65.539
697,1,0,accepted,0.115764917240102,0.434208876502993,484338.641216324,4976759.85928999,-1.67805464846496,64.587
698,1,0,accepted,0.142497341108305,0.376849839664983,484338.511332579,4976758.58167834,-1.67972336273838,70.515
699,1,0,accepted,0.153787360631374,0.348683926761027,484338.381977106,4976757.30975304,-1.68099424847134,67.925
700,1,0,accepted,0.169971931805125,0.423460536069582,484338.250052637,4976756.06590709,-1.68065003235635,64.066
701,1,0,accepted,0.186053971990414,0.489827954241718,484338.116930164,4976754.80977254,-1.68020994234705,70.021
702,1,0,accepted,0.197343587103877,0.465124294910422,484337.988455285,4976753.55264756,-1.6814979484551,62.945
703,1,0,accepted,0.211517539005925,0.453605685537777,484337.858413584,4976752.29377877,-1.68209257144741,52.443
704,1,0,accepted,0.223352491662347,0.521179586022186,484337.734008319,4976751.03184418,-1.68214567230545,63.886
705,1,0,accepted,0.144686900098232,0.557510864094895,484337.623079931,4976749.88253509,-1.68176892373396,76.615
706,1,0,accepted,0.10265688209213,0.543064139852521,484337.506935709,4976748.71575068,-1.68251564123798,80.645
707,1,0,accepted,0.10374815421048,0.568820980728418,484337.380437232,4976747.54845293,-1.68303658798059,68.759
708,1,0,accepted,0.146642532468403,0.630831876379886,484337.247001981,4976746.38292358,-1.68284870343247,66.504
709,1,0,accepted,0.267987272087208,0.914596722182725,484337.087658809,4976745.27922276,-1.67874448580433,71.935
710,1,0,accepted,0.262159196869513,0.917220963899951,484336.951462386,4976744.04000626,-1.68009754754748,67.821
711,1,0,accepted,0.156968621618562,0.705184016469698,484336.827907039,4976742.69599203,-1.68560268100632,73.147
712,1,0,accepted,0.0694845362133455,0.17453603861463,484336.748323938,4976741.29481372,-1.69695408990771,88.305
713,1,0,accepted,0.0900180068331344,0.455823279565827,484336.579733275,4976740.17597231,-1.69499202718925,70.5
714,1,0,accepted,0.104422905934138,0.273192554521398,484336.434683355,4976738.84277618,-1.70055023121973,88.26
715,1,0,accepted,0.12050089848006,0.29236040087308,484336.280501851,4976737.58654795,-1.70397971427019,88.723
716,1,0,accepted,0.120304127403767,0.310793214753265,484336.127640926,4976736.36697435,-1.70768032863213,83.508
717,1,0,accepted,0.0919486232576606,0.472919569010926,484335.974549417,4976735.22917083,-1.70954680963822,68.638
718,1,0,accepted,0.101388527418519,0.556375556955526,484335.81042566,4976733.99877217,-1.71357107545939,71.981
719,1,0,accepted,0.109280563493908,0.594832336561499,484335.643227803,4976732.76559267,-1.71862602520097,81.568
720,1,0,accepted,0.114395309533762,0.608570505871949,484335.471806004,4976731.57250136,-1.72476240685218,78.526
721,1,0,accepted,0.128532972500003,0.627508376717484,484335.291254953,4976730.33516883,-1.73042115692647,69.762
722,1,0,accepted,0.148706821306213,0.466096517479584,484335.112359145,4976729.08797675,-1.739097868696,85.829
723,1,0,accepted,0.147172326620869,0.342410923865659,484334.936499928,4976727.87309279,-1.74728150097777,87.662
724,1,0,accepted,0.148097912392335,0.420741521360216,484334.741090329,4976726.67273234,-1.75217748037814,78.893
725,1,0,accepted,0.161712957008744,0.405934281557882,484334.531313275,4976725.47221518,-1.75910752580627,78.283
726,1,0,accepted,0.162807724500842,0.458865295752579,484334.323362465,4976724.29064526,-1.76493235255196,81.257
727,1,0,accepted,0.161769207070307,0.363858292862451,484334.100017451,4976723.09207832,-1.77269443156722,77.18
728,1,0,accepted,0.152049787709247,0.396686475696061,484333.883719575,4976721.91390616,-1.77849861587073,86.931
729,1,0,accepted,0.154051798948729,0.409254078305373,484333.638674342,4976720.75144066,-1.78469445968478,78.954
730,1,0,accepted,0.0877402047964369,0.341108904165918,484333.425172438,4976719.66198481,-1.79074948743728,75.672
731,1,0,accepted,0.0680017560828132,0.371852731875298,484333.191144303,4976718.52552518,-1.79652789823032,82.36
732,1,0,accepted,0.067923996321766,0.347069583209627,484332.939829858,4976717.37654185,-1.80195471664467,89.058
733,1,0,accepted,0.0972938698246166,0.332610205739314,484332.730491266,4976716.2809555,-1.80695846825698,88.648
734,1,0,accepted,0.0986613233704211,0.367321945116932,484332.456420314,4976715.13135917,-1.81085771083825,86.985
735,1,0,accepted,0.0853505754227588,0.242593349787617,484332.213934862,4976713.97172853,-1.81682866625134,95.412
736,1,0,accepted,0.082154717876288,0.267723822909264,484331.924848243,4976712.80557874,-1.81998275852884,95.666
737,1,0,accepted,0.0784133382835658,0.227083911540792,484331.649877304,4976711.6573923,-1.82400783192752,93.443
738,1,0,accepted,0.0834162810714591,0.240015759236359,484331.366710442,4976710.51281845,-1.82711100730958,84.935
739,1,0,accepted,0.0896402701519159,0.240271306983042,484331.087390395,4976709.3843793,-1.83010196604472,95.889
740,1,0,accepted,0.0906669883245776,0.404270190030116,484330.76086551,4976708.19967884,-1.82981241651709,110.801
741,1,0,accepted,0.0926670318254024,0.400318148719479,484330.472588336,4976707.05455989,-1.83186986735378,90.474
742,1,0,accepted,0.0844983878654855,0.312718652711056,484330.193779816,4976705.91505343,-1.83532385888002,91.414
743,1,0,accepted,0.0943157565168316,0.374419631565779,484329.895663099,4976704.7733855,-1.83553897891178,95.783
744,1,0,accepted,0.0966575317759632,0.38324271991603,484329.605288922,4976703.65169648,-1.83650111067528,83.639
745,1,0,accepted,0.0973494500193074,0.321827261950309,484329.316192738,4976702.5302029,-1.83876602187074,81.461
746,1,0,accepted,0.098944926952542,0.274530054319276,484329.02600783,4976701.3790036,-1.84071603004925,86.922
747,1,0,accepted,0.123909352149176,0.346999057870582,484328.727974776,4976700.2344096,-1.84040029413312,89.935
748,1,0,accepted,0.218432742883296,0.47278375124252,484328.386489691,4976699.02904188,-1.83885243278522,86.161
749,1,0,accepted,0.125283999544036,-0.0587781435048959,484328.162272981,4976697.98659185,-1.84911085434042,101
750,1,0,accepted,0.100899987178466,0.491507997146372,484327.859289671,4976696.95039047,-1.83968954809384,101.301
751,1,0,accepted,0.10228913182658,0.578838992167354,484327.562422532,4976695.8651166,-1.83872120790733,95.24
752,1,0,accepted,0.105175007303599,0.608682383549022,484327.266166102,4976694.7743614,-1.83899221378401,96.921
753,1,0,accepted,0.102805466629236,0.59641841320957,484326.979127088,4976693.69516667,-1.83924210763195,88.286
754,1,0,accepted,0.0995016817741552,0.649939354532841,484326.692948242,4976692.61070889,-1.8392623083236,95.106
755,1,0,accepted,0.094366474574311,0.592231769183035,484326.406894052,4976691.52011744,-1.84051865225277,86.774
756,1,0,accepted,0.10118715294523,0.598700335649559,484326.111984479,4976690.44367673,-1.8407463985782,82.885
757,1,0,accepted,0.1134349870693,0.570417473486718,484325.818687343,4976689.37799748,-1.84138041812598,95.012
758,1,0,accepted,0.125407105243675,0.602704907509187,484325.523638349,4976688.30466564,-1.8413563726869,91.002
759,1,0,accepted,0.1288908060953,0.635195381255246,484325.230164377,4976687.22273505,-1.84029156310659,91.996
760,1,0,accepted,0.137600228072761,0.600624150565754,484324.937931646,4976686.16063844,-1.83943962398742,108.398
761,1,0,accepted,0.128372376653977,0.501200533520943,484324.656385658,4976685.07667228,-1.83979979283993,94.936
762,1,0,accepted,0.136132577679268,0.409744463926996,484324.397249988,4976684.04576717,-1.83839361749579,90.597
763,1,0,accepted,0.141694211171136,0.377445422383438,484324.117822926,4976682.99013262,-1.83539221981552,88.481
764,1,0,accepted,0.148162187311364,0.303514383935133,484323.840822047,4976681.94885562,-1.83234401732233,85.556
765,1,0,accepted,0.158275194319552,0.322744186467146,484323.57153976,4976680.91678428,-1.82751210465564,87.324
766,1,0,accepted,0.166840263533292,0.345179172497204,484323.302134394,4976679.88027336,-1.82259474734993,86.065
767,1,0,accepted,0.169128087058646,0.307622562159203,484323.043906942,4976678.86330845,-1.81833824160126,98.799
768,1,0,accepted,0.179440356807477,0.323766367228013,484322.78360509,4976677.85178268,-1.81248137508035,81.497
769,1,0,accepted,0.180072018118027,0.324528439909728,484322.530398478,4976676.82931256,-1.80661621835257,82.63
770,1,0,accepted,0.246027720336743,0.792155377449031,484322.202367942,4976675.81600194,-1.79119167164019,102.297
771,1,0,accepted,0.212647431057701,0.818512156273953,484321.989414641,4976674.76882255,-1.78323001778034,86.155
772,1,0,accepted,0.217313637541082,0.964190962879083,484321.760083531,4976673.74803068,-1.77258085950805,87.326
773,1,0,accepted,0.201878244432705,0.93133509066898,484321.571857258,4976672.76709534,-1.76469211702648,106.061
774,1,0,accepted,0.171708109814981,0.856983090210519,484321.408223423,4976671.79794847,-1.75653148606316,97.57
775,1,0,accepted,0.142738466973834,0.784748586035773,484321.265590365,4976670.90123857,-1.74885766891405,112.919
776,1,0,accepted,0.104075522103012,0.341809476231228,484321.164559878,4976670.02129097,-1.74621180911125,74.972
777,1,0,accepted,0.0924219308296033,0.129089803782009,484321.028242639,4976669.07641521,-1.73866867444553,76.445
778,1,0,accepted,0.0744788177045065,0.109552258033761,484320.864244836,4976668.13261064,-1.72771338172523,70.509
779,1,0,accepted,0.201476614074515,0.77049381049017,484320.61926859,4976667.03758057,-1.70436366311158,110.734
780,1,0,accepted,0.0401800542080193,-0.0994183715542124,484320.609139751,4976666.27618851,-1.70725905781237,92.227
781,1,0,accepted,0.0411682205688229,-0.0413133231026125,484320.484662199,4976665.36605147,-1.69360871997544,85.603
782,1,0,accepted,0.047723404900221,-0.0388049935488734,484320.368508691,4976664.45594655,-1.68023090446194,103.336
783,1,0,accepted,0.0536962348940237,-0.0363107011356843,484320.270923694,4976663.56807333,-1.66625611267215,89.071
784,1,0,accepted,0.0629998046259996,-0.00413729633081356,484320.182934052,4976662.6952687,-1.65089112570399,92.81
785,1,0,accepted,0.0714418810001027,-0.0488947566576993,484320.108986065,4976661.8237892,-1.63647142925039,79.95
786,1,0,accepted,0.0779347888569221,0.0856063100492223,484320.052521936,4976660.962042,-1.6185319012634,89.295
787,1,0,accepted,0.087940569311575,0.211974462150975,484320.012660062,4976660.09889172,-1.59940726115105,81.917
788,1,0,accepted,0.0754500422456041,0.195483620579145,484319.98336444,4976659.32023551,-1.58241735388317,85.234
789,1,0,accepted,0.0736874175909107,0.11416986893394,484319.985750172,4976658.54419079,-1.56550684387431,81.52
790,1,0,accepted,0.0786213835832477,-0.0686063302350895,484319.990440448,4976657.73035586,-1.54972300885818,86.022
791,1,0,accepted,0.100253770823808,-0.112042746384356,484319.990867933,4976656.94459878,-1.53094616430886,82.817
792,1,0,accepted,0.11319538589365,-0.25050363146486,484320.030935796,4976656.15901475,-1.51314086390631,88.797
793,1,0,accepted,0.103980135608312,-0.1296514578075,484320.061979731,4976655.32516702,-1.48994149744625,90.328
794,1,0,accepted,0.0964571161894799,-0.146824269630584,484320.124438818,4976654.51028253,-1.46871336586626,81.308
795,1,0,accepted,0.101840597190773,-0.154005748402455,484320.195594844,4976653.6980185,-1.44635057531893,87.412
796,1,0,accepted,0.101593921371741,-0.133243989831825,484320.290733503,4976652.90056505,-1.42318129972548,85.447
797,1,0,accepted,0.0945353374126998,-0.0904613528043491,484320.408069695,4976652.10390669,-1.39875690143075,90.12
798,1,0,accepted,0.0836040433903695,-0.081580301915561,484320.53750113,4976651.31574335,-1.37486196351376,88.089
799,1,0,accepted,0.0959610240320669,0.0432620407606099,484320.691710084,4976650.50891504,-1.34859668647835,89.361
800,1,0,accepted,0.120268792191219,0.0934889119351471,484320.855679143,4976649.72408229,-1.32358440839973,108.89
801,1,0,accepted,0.130824707688204,-0.0212571928896694,484321.035258795,4976648.97816033,-1.30193289045337,92.663
802,1,0,accepted,0.164372391294568,0.0940361989747494,484321.233559435,4976648.2133469,-1.27620583024028,82.56
803,1,0,accepted,0.189627727328441,0.0858484628529571,484321.459726309,4976647.46078434,-1.2524393492105,81.478
804,1,0,accepted,0.216461518500024,0.156921396120431,484321.689015496,4976646.73021497,-1.22789635319807,89.552
805,1,0,accepted,0.271857970557206,0.394870146954281,484321.940395092,4976645.96979433,-1.20020955029492,94.999
806,1,0,accepted,0.291392815685393,0.382187865961962,484322.211520892,4976645.26278404,-1.17724874299967,79.667
807,1,0,accepted,0.255712781888244,0.524766112527334,484322.448236772,4976644.60335654,-1.15163559692518,113.415
808,1,0,accepted,0.269916438631502,0.459679123461563,484322.770432573,4976643.89715994,-1.12976470703616,105.73
809,1,0,accepted,0.281573403806488,0.5736468353517,484323.094330776,4976643.20838662,-1.10545422779304,100.346
810,1,0,accepted,0.237443045479537,0.38322247323718,484323.414537641,4976642.57040901,-1.08588560341833,99.411
811,1,0,accepted,0.228335107974604,0.407784385292945,484323.748700323,4976641.91444658,-1.06288969319628,87.42
812,1,0,accepted,0.18060448445066,0.336191340833729,484324.076377665,4976641.30033284,-1.04183347626935,86.84
813,1,0,accepted,0.152230545107273,0.293077279259939,484324.434905726,4976640.67708792,-1.02020607090633,91.94
814,1,0,accepted,0.123318002114529,0.378954912517531,484324.806855309,4976640.06255336,-0.996282088197432,87.592
815,1,0,accepted,0.090547719529294,0.292183716869012,484325.204960464,4976639.46352667,-0.975501870252577,97.131
816,1,0,accepted,0.0894882192864517,0.270759850510131,484325.619591725,4976638.83750862,-0.953116916109468,81.28
817,1,0,accepted,0.0635617205617293,0.188132675896126,484326.027065305,4976638.26869607,-0.932412225660071,85.076
818,1,0,accepted,0.0755482902848409,0.252413505235357,484326.479625123,4976637.64408381,-0.908876933686352,90.434
819,1,0,accepted,0.0800740925538332,0.186739726630229,484326.949115714,4976637.0408419,-0.887352996941383,80.501
820,1,0,accepted,0.0683766213406544,0.0866140822700366,484327.398553995,4976636.48088089,-0.866626228667256,86.02
821,1,0,accepted,0.0738294289997018,0.145955177717336,484327.876904498,4976635.90444008,-0.84284703844671,97.783
822,1,0,accepted,0.0740864183988962,0.0884212718401043,484328.36304289,4976635.36325527,-0.821164367532438,88.945
823,1,0,accepted,0.0810439284266684,0.0416792688393695,484328.879177579,4976634.79373427,-0.79878374461406,85.246
824,1,0,accepted,0.0914538018221476,0.157810257164227,484329.443437871,4976634.1981216,-0.773981624622147,98.229
825,1,0,accepted,0.104700147233017,-0.00767157213447465,484329.926972814,4976633.72183918,-0.753705001160767,93.647
826,1,0,accepted,0.111035138491769,-0.0037527895023344,484330.488998339,4976633.17618153,-0.730779542219562,98.685
827,1,0,accepted,0.117730282443601,0.0736502784194474,484331.059928505,4976632.64514014,-0.70633871480369,91.25
828,1,0,accepted,0.0904155444145806,0.282266235971966,484331.723134198,4976632.08858172,-0.679612508985136,89.148
829,1,0,coarseRetainedByTrustRadius,0.318396536168659,-0.36844422297154,484332.03908972,4976631.80046842,-0.668340105912857,120.998
830,1,0,coarseRetainedByTrustRadius,0.279142768143585,-0.419711533081436,484332.670550501,4976631.29240236,-0.646733203894575,129.421
831,1,0,coarseRetainedByTrustRadius,0.274414056898507,-0.411104512502579,484333.289337147,4976630.81041968,-0.624195602925784,114.104
832,1,0,coarseRetainedByTrustRadius,0.263207628585382,-0.407823080761069,484333.926053104,4976630.33402626,-0.601354526685871,118.806
833,1,0,coarseRetainedByTrustRadius,0.217315477153621,-0.400578325351326,484334.610878024,4976629.8576411,-0.578927671026594,119.706
834,1,0,coarseRetainedByTrustRadius,0.187318622047332,-0.467359878718182,484335.295449899,4976629.41142428,-0.558116856996609,110.501
835,1,0,coarseRetainedByTrustRadius,0.167953692789624,-0.38929341179661,484335.973337761,4976628.96284186,-0.534795369577524,136.598
836,1,0,coarseRetainedByTrustRadius,0.158312235652171,-0.195857519044392,484336.664782041,4976628.50278616,-0.509354218530168,121.893
837,1,0,accepted,0.0389199736152387,-0.026237967599968,484337.510926932,4976628.05714199,-0.484895099539951,131.763
838,1,0,accepted,0.0998571473140213,-0.349113744853361,484338.093545108,4976627.74048977,-0.468958455829898,89.442
839,1,0,accepted,0.0495962569583819,-0.332715666432773,484338.850041181,4976627.35397117,-0.447254887040665,77.428
840,1,0,accepted,0.0279032299948936,-0.289304941779798,484339.616651812,4976626.97811569,-0.425411848501182,81.17
841,1,0,accepted,0.0746647480419342,-0.14143795907093,484340.393117806,4976626.59720169,-0.402317777200537,81.267
842,1,0,accepted,0.0807454623954052,-0.0946942532163297,484341.129998189,4976626.2560005,-0.38192610279001,90.775
843,1,0,accepted,0.0867442047039168,-0.119612544052562,484341.871981467,4976625.94977739,-0.363281629477711,93.333
844,1,0,accepted,0.0429122530380057,-0.342665696026497,484342.55543578,4976625.68042528,-0.348540255349361,123.289
845,1,0,coarseRetainedByTrustRadius,0.141415272272403,0.0201610726516478,484343.434796965,4976625.34063026,-0.324265306545146,103.894
846,1,0,coarseRetainedByTrustRadius,0.171291625252268,-0.0367012504438536,484344.237535265,4976625.07267609,-0.307659755488589,84.237
847,1,0,coarseRetainedByTrustRadius,0.194807860649432,0.00192087456066042,484345.040201082,4976624.81243465,-0.29012925497709,71.283
848,1,0,coarseRetainedByTrustRadius,0.208441641972777,0.015663371748552,484345.864027494,4976624.56060834,-0.273646401767613,78.971
849,1,0,coarseRetainedByTrustRadius,0.168372570973536,-0.0275204375729536,484346.650563879,4976624.34569729,-0.258909520110814,79.524
850,1,0,accepted,0.105381995140921,-0.559332323672152,484347.34026516,4976624.20202337,-0.25407126821725,73.454
851,1,0,accepted,0.113685295544592,-0.286115414243991,484348.2289671,4976623.95438941,-0.235399390769634,85.698
852,1,0,accepted,0.121243321685404,-0.271018374420195,484349.08315018,4976623.75316449,-0.222213882070418,69.562
853,1,0,accepted,0.137150375229895,-0.213698766109332,484349.957916681,4976623.55823337,-0.209573623129112,77.858
854,1,0,accepted,0.145870240773691,-0.406421357237372,484350.813543826,4976623.41275987,-0.201909197556518,95.704
855,1,0,accepted,0.196061914586805,0.0570740750922036,484351.739573027,4976623.15290454,-0.183796884696337,115.721
856,1,0,accepted,0.0838181260584373,0.239762722077101,484352.504990229,4976623.0259879,-0.171680636392352,92.749
857,1,0,accepted,0.0795195598762544,0.385107421384694,484353.371962604,4976622.8722408,-0.160829452714463,102.739
858,1,0,accepted,0.0681986237278407,0.373240129029966,484354.277321793,4976622.73199528,-0.153428754392712,82.877
859,1,0,accepted,0.0501790096903921,0.279959554964723,484355.183300768,4976622.62211975,-0.147635403029112,89.519
860,1,0,accepted,0.0357882368230146,0.237276395437835,484356.098299897,4976622.50259645,-0.141500091001612,80.429
861,1,0,accepted,0.0420721537469468,0.133799003270486,484357.036674707,4976622.39014242,-0.136089015183121,94.957
862,1,0,accepted,0.0421766247524727,0.216866412317323,484357.962964328,4976622.26252899,-0.127614308907574,90.211
863,1,0,accepted,0.0643463806646162,0.313226129088092,484358.869251264,4976622.14350231,-0.120142922696903,84.795
864,1,0,accepted,0.0750642936142195,0.308806175958661,484359.799864824,4976622.04583934,-0.115281511725827,77.614
865,1,0,accepted,0.0821291104878822,0.2561014531185,484360.745088313,4976621.95883621,-0.111715720477838,89.599
866,1,0,accepted,0.110042565547875,0.304987785600023,484361.6844492,4976621.85367118,-0.106371807416144,86.01
867,1,0,accepted,0.128170320069299,0.273525191495817,484362.65113318,4976621.75360996,-0.102017133139404,80.594
868,1,0,accepted,0.15358860875878,0.345135984995621,484363.59846057,4976621.65674419,-0.0963422920133123,84.189
869,1,0,accepted,0.172513924171389,0.329283281911924,484364.558260507,4976621.57265958,-0.0921125276446454,73.093
870,1,0,accepted,0.17401416873912,0.254016442707476,484365.531774991,4976621.5025357,-0.0889150960842626,79.267
871,1,0,accepted,0.170359370838434,0.230889645543674,484366.522229385,4976621.44142252,-0.0850217203607479,62.896
872,1,0,accepted,0.191491256098197,0.430243812761933,484367.494028701,4976621.36964362,-0.0771353003684511,74.564
873,1,0,accepted,0.194943783311401,0.529334557871525,484368.489694759,4976621.30598242,-0.070835361394449,80.091
874,1,0,accepted,0.197401400513267,0.52062386752832,484369.493981537,4976621.25421025,-0.0669147918682886,81.343
875,1,0,accepted,0.186685532112175,0.333680495462497,484370.518745945,4976621.2068946,-0.0658139117620885,112.047
876,1,0,accepted,0.195051797504215,0.28833093701617,484371.513815313,4976621.15243978,-0.0621382840502226,82.409
877,1,0,accepted,0.233498185232504,0.542734863803098,484372.526092072,4976621.06520849,-0.0534385897202242,94.599
878,1,0,accepted,0.221616471173965,0.500279837187312,484373.535870415,4976621.02394529,-0.0496069069484357,106.421
879,1,0,accepted,0.228424439907956,0.655713834385716,484374.548998701,4976620.96944418,-0.0423721098070545,82.307
880,1,0,accepted,0.233605720081258,0.829835733557259,484375.570952067,4976620.91602756,-0.0348188515437538,85.958
881,1,0,accepted,0.210113715609336,0.678028641174758,484376.598002974,4976620.89940174,-0.0323566135546884,79.124
882,1,0,accepted,0.184885435243205,0.388245393702793,484377.669760192,4976620.87690219,-0.0313631545888903,85.939
883,1,0,accepted,0.179669216197256,0.152917456613004,484378.72888782,4976620.85022152,-0.0293554516562466,82.186
884,1,0,accepted,0.180366157300533,0.08802696636273,484379.757204763,4976620.82851166,-0.0242317365357174,77.522
885,1,0,accepted,0.203222529200323,0.0812547353748157,484380.809951754,4976620.7922632,-0.0181631297810106,77.066
886,1,0,accepted,0.203171693080221,0.105535007302675,484381.844275673,4976620.78500228,-0.0114401192508349,78.33
887,1,0,accepted,0.201364553191505,0.237097762223388,484382.881230532,4976620.7857289,-0.0030615470057996,87.219
888,1,0,accepted,0.205191022966748,0.25800726286465,484383.947159972,4976620.79099943,0.00358690569837529,75.884
889,1,0,accepted,0.216024286310402,0.165369708075552,484385.010304922,4976620.80386522,0.00752850668198873,84.673
890,1,0,accepted,0.213779177883082,0.280681239493961,484386.055555962,4976620.82746362,0.0156171487245549,80.183
891,1,0,accepted,0.20106293951861,1.04222631999745,484387.008724944,4976620.84793592,0.0351346369082568,81.359
892,0,1,acceptedDirectional,0.255789028547509,1.31489065107605,484388.07333582,4976620.82340161,0.0457746965521366,73.173
893,0,1,acceptedDirectional,0.253597300504208,1.30552559599325,484389.132518256,4976620.86236008,0.0512914466832953,69.315
894,0,1,acceptedDirectional,0.229797614541582,1.11176381945839,484390.189946917,4976620.9289203,0.0532938542092169,77.694
895,1,0,accepted,0.339482475421808,1.01935375830069,484390.977264486,4976621.00571575,0.0573386836861139,67.879
896,1,0,accepted,0.316002974301348,1.0312314106616,484392.041225744,4976621.08480098,0.0628617965388467,68.407
897,1,0,accepted,0.282307596925679,1.01218080329126,484393.12161775,4976621.17519386,0.0678338366517397,72.132
898,1,0,accepted,0.300083480315488,1.00557490865962,484394.178481049,4976621.21980018,0.0730379569967867,74.989
899,1,0,accepted,0.290342750924176,0.978073851352409,484395.255827296,4976621.29982166,0.0776472625400109,63.901
900,1,0,accepted,0.264042493112753,0.859334278608916,484396.334401128,4976621.41083404,0.0812074884515453,70.828
901,1,0,accepted,0.290001035418609,0.871888972824799,484397.376058761,4976621.50478418,0.0865669624849255,61.644
902,1,0,accepted,0.153921510610561,0.335655166001445,484398.526648324,4976621.70816879,0.08238046858998,72.834
903,1,0,accepted,0.112566700788709,0.221366419998268,484399.638918007,4976621.82353121,0.0859698551392607,73.117
904,1,0,accepted,0.0803930589211607,0.105714577137449,484400.740995701,4976621.9375067,0.0885530799294373,70.068
905,1,0,accepted,0.0558582970280544,0.0527838283000393,484401.849752341,4976622.04760426,0.0911416482197256,72.599
906,1,0,accepted,0.0459664634073778,0.0376798418147377,484402.963816615,4976622.16999375,0.0932877775802919,76.592
907,1,0,accepted,0.0567560892940956,-0.0738506328810651,484404.075976774,4976622.30556323,0.0919133536147961,71.064
908,1,0,accepted,0.0649908309342686,0.0878216551162433,484405.170180544,4976622.41569693,0.094125939592622,71.111
909,1,0,accepted,0.0900783429889237,0.282838173933783,484406.261309806,4976622.52556378,0.0964149207538488,74.091
910,1,0,accepted,0.10019932223757,0.290828798314109,484407.357131102,4976622.65104109,0.0957889806864466,76.564
911,1,0,accepted,0.0840530904014809,0.258190003096931,484408.429032907,4976622.77936279,0.0942624657075512,75.38
912,1,0,accepted,0.103327309109488,0.209590628263817,484409.543122897,4976622.90146124,0.0929832011057054,70.297
913,1,0,accepted,0.114539603939801,0.236487942629596,484410.643801199,4976623.00584259,0.0932868934421757,74.746
914,1,0,accepted,0.111052626955278,0.207267676868304,484411.736829191,4976623.12517308,0.0931646952062895,80.017
915,1,0,accepted,0.109147470683163,0.213473698378197,484412.818944384,4976623.23619079,0.0938326219878952,70.931
916,1,0,accepted,0.102701184178223,0.198715292360097,484413.912796209,4976623.35190241,0.0942900879018589,74.206
917,1,0,accepted,0.114728686482353,0.252746341703824,484415.016812524,4976623.45685912,0.0958039884345732,78.849
918,1,0,accepted,0.117212847899333,0.231634400073242,484416.122918618,4976623.57417122,0.0958582948131218,73.893
919,1,0,accepted,0.143996603801379,0.275224731146084,484417.253189168,4976623.68155228,0.0971732957002103,67.587
920,1,0,accepted,0.144095420281834,0.330015232037936,484418.356325743,4976623.80210319,0.0987988134741443,66.186
921,1,0,accepted,0.136116027942708,0.309764124782407,484419.463092738,4976623.92740441,0.099144338715842,74.852
922,1,0,accepted,0.0510866338095959,0.0234000213842389,484420.46537506,4976624.10268633,0.0946225430697874,63.573
923,1,0,accepted,0.0664392476502755,0.0731480062120261,484421.581426741,4976624.2185255,0.0961636384444429,68.739
924,1,0,accepted,0.0663557462468288,0.0792399098105212,484422.701698281,4976624.3509112,0.0967140053384005,64.515
925,1,0,accepted,0.0567718017342826,0.143158306524414,484423.832723585,4976624.49585425,0.0984028452138443,64.031
926,1,0,accepted,0.0540304602751646,0.199494623407401,484424.932059477,4976624.62973996,0.0996088479366702,70.003
927,1,0,accepted,0.0581142740559729,0.211460005983608,484426.039385116,4976624.76042519,0.100501062593389,66.799
928,1,0,accepted,0.0601936903132194,0.205053197233888,484427.151089635,4976624.89824201,0.100805070013333,84.4
929,1,0,accepted,0.0872180913695041,0.306375165022411,484428.27064603,4976625.00898491,0.103157380021227,81.563
930,1,0,accepted,0.271139555519047,1.31258101733529,484429.341540746,4976624.97363753,0.121146397975549,81.347
931,1,0,accepted,0.288129027107324,1.46667734106122,484430.485576374,4976625.09155359,0.124429531555382,81.222
932,1,0,accepted,0.24972277222877,1.21324750496791,484431.648796724,4976625.26319751,0.120556227108361,71.653
933,1,0,accepted,0.249003694435898,1.2462367868806,484432.812515738,4976625.39640704,0.121676772472408,79.452
934,1,0,accepted,0.263874991974321,1.29032769331411,484433.998447481,4976625.51945283,0.123359860078087,67.86
935,1,0,accepted,0.279105477813465,1.34293913927164,484435.156864259,4976625.64628505,0.124657957165206,69.07
936,1,0,accepted,0.281056956684969,1.35547654489102,484436.323606834,4976625.79016502,0.125366227335133,71.488
937,1,0,accepted,0.252390636478443,1.25150435324959,484437.475891937,4976625.96457235,0.123551600938515,78.472
938,1,0,accepted,0.238546625709065,1.15234700735138,484438.650398445,4976626.12603779,0.121684289939602,79.64
939,1,0,accepted,0.211995867423442,0.991229297207208,484439.828421256,4976626.30500995,0.118998271617627,76.205
940,1,0,accepted,0.199393031458116,0.717239818546998,484441.012107529,4976626.48516744,0.114274130068502,89.061
941,1,0,accepted,0.130508798915413,-0.426701629167943,484442.154301388,4976626.72266078,0.0943089768896001,107.492
942,1,0,accepted,0.146823231335125,-0.269263188620947,484443.33092644,4976626.86391904,0.0972948733862484,89.288
943,1,0,accepted,0.169602518873498,-0.232586988513466,484444.507364051,4976626.99046427,0.0980494137452642,90.008
944,1,0,accepted,0.126527341972288,0.143889000392616,484445.624813572,4976627.1380439,0.10444648584864,81.435
945,1,0,accepted,0.103844553973758,0.250827883668834,484446.759990687,4976627.2808394,0.106721108389161,87.966
946,1,0,accepted,0.111017275368923,0.245678194552777,484447.929104943,4976627.41734332,0.10713345103927,93.362
947,1,0,accepted,0.118600453513842,0.283187893975972,484449.098532345,4976627.55029258,0.108057051791699,83.177
948,1,0,accepted,0.132845893739369,0.241390011551455,484450.270456544,4976627.68231404,0.107547817250982,93.538
949,1,0,accepted,0.168117099026286,0.212880578667358,484451.476412931,4976627.80286863,0.107135404389441,84.329
950,1,0,accepted,0.189420629064024,0.278367489099514,484452.662783966,4976627.9283057,0.108792268279109,79.373
951,1,0,accepted,0.221176266834618,0.245648104930555,484453.852244423,4976628.03863675,0.108731105773295,70.53
952,1,0,accepted,0.215292884269314,0.239856663155705,484455.016705069,4976628.17515741,0.108884353615267,81.524
953,1,0,accepted,0.211322806979493,0.157641741878861,484456.18172269,4976628.31747714,0.107201339822732,73.592
954,1,0,accepted,0.192771312558175,0.16394821882911,484457.337727779,4976628.47217537,0.106935243267469,77.152
955,1,0,accepted,0.103415021162589,0.0507591869264158,484458.455701876,4976628.68783356,0.105164263528706,82.698
956,1,0,accepted,0.11084596159983,0.0517941502363869,484459.641413573,4976628.82925028,0.105585879405608,77.049
957,1,0,accepted,0.115129391657698,0.0501157754005909,484460.8209317,4976628.97313725,0.105900227913951,88.631
958,1,0,accepted,0.100730230870815,-0.00694325815618091,484461.99520899,4976629.13764501,0.105128414428368,68.185
959,1,0,accepted,0.117281617806216,0.0831864592557128,484463.17869181,4976629.27461798,0.106982350675954,72.14
960,1,0,accepted,0.127297388464577,0.236883217047223,484464.349990591,4976629.41910293,0.10995402054891,68.484
961,1,0,accepted,0.13062777135818,0.265097217361479,484465.525500146,4976629.56946371,0.110489176532271,71.217
962,1,0,accepted,0.139013506620263,0.283213306917342,484466.746296509,4976629.7155901,0.111655670910758,70.688
963,1,0,accepted,0.19846271622701,0.737468752661507,484467.909775575,4976629.80794584,0.119902428530593,79.601
964,1,0,accepted,0.209355295494444,0.809736956272559,484469.119842264,4976629.95013339,0.12148811775123,69.327
965,1,0,accepted,0.141158057237995,0.531769708912792,484470.21927649,4976630.19392563,0.117364079568401,73.708
966,1,0,accepted,0.0985402788128002,-0.231210770901462,484471.387617704,4976630.46257574,0.104672646809209,90.569
967,1,0,accepted,0.0971140475918025,-0.362116408209321,484472.581912285,4976630.62981919,0.10274869883677,73.761
968,1,0,accepted,0.0656080584949019,-0.365351915205132,484473.786020177,4976630.77836539,0.102980377990046,67.02
969,1,0,accepted,0.0382612106165725,-0.40878038501563,484475.002635132,4976630.93224588,0.102521627482259,74.015
970,1,0,accepted,0.0095381960863001,-0.259692858017048,484476.226888712,4976631.08064484,0.105378229145978,80.817
971,1,0,accepted,0.0299635524433226,0.0212771036601377,484477.443476412,4976631.22870341,0.110162295925579,91.268
972,1,0,accepted,0.0319310360248287,0.276066380487518,484478.619190998,4976631.37601483,0.114606855095957,87.61
973,1,0,accepted,0.0289299297197255,0.276951861959847,484479.79290898,4976631.53782348,0.114198979643967,80.639
974,1,0,accepted,0.0340236651033224,0.314947632759082,484480.989431459,4976631.68975505,0.114692601047471,89.399
975,1,0,accepted,0.0415339118617078,0.397984877223003,484482.162054571,4976631.84016048,0.115809022814101,77.845
976,1,0,accepted,0.0622671812706246,0.377458393840177,484483.311541197,4976631.99756218,0.114929594865986,73.436
977,1,0,accepted,0.0610378527732412,0.414798478464508,484484.507233934,4976632.14832664,0.114783394486291,72.155
978,1,0,accepted,0.0489565188736239,0.378323870132052,484485.710451719,4976632.31543376,0.113421112992501,77.104
979,1,0,accepted,0.0574764544754645,0.436328219349664,484486.912881568,4976632.4636578,0.113600427356469,78.349
980,1,0,accepted,0.0674452016704369,0.496463231565048,484488.106217806,4976632.61761618,0.113540625719017,84.716
981,1,0,accepted,0.0686773053827086,0.493901382686688,484489.289399328,4976632.77490697,0.112454024248823,86.582
982,1,0,accepted,0.085538687455959,0.479230871344178,484490.463505472,4976632.91657787,0.113540174929935,79.515
983,1,0,accepted,0.12212538607367,0.422958591061949,484491.578030314,4976633.10568285,0.112034810467479,85.698
984,1,0,accepted,0.0881554376135801,0.398339460287873,484492.822613722,4976633.27352141,0.109526669638297,86.969
985,1,0,accepted,0.0448257407969371,0.135068393427514,484494.044994634,4976633.44208868,0.105629064020862,89.362
986,1,0,accepted,0.0166801301729126,0.166447599434964,484495.271643313,4976633.59477559,0.105600810379554,93.262
987,1,0,accepted,0.0288323021625631,0.188836962480696,484496.457712749,4976633.73511113,0.105163581897584,82.063
988,1,0,accepted,0.071873711965682,0.437197240583703,484497.668223224,4976633.85219836,0.108889995388703,98.091
989,1,0,accepted,0.090649278341658,0.539397479648881,484498.869803129,4976633.99427417,0.110858832761359,84.775
990,1,0,accepted,0.103813089557492,0.566042007755652,484500.056661938,4976634.13413573,0.110638536056117,80.303
991,1,0,accepted,0.125003735232229,0.636722025758159,484501.25250071,4976634.27174028,0.111730494951339,89.091
992,1,0,accepted,0.131398687702192,0.563300698836332,484502.435680575,4976634.41538284,0.110113102001375,88.811
993,1,0,accepted,0.133115066311889,0.475120356323422,484503.582814372,4976634.55148469,0.107951051032825,78.431
994,1,0,accepted,0.16463925875317,0.674693528639185,484504.791065774,4976634.68056081,0.110904464618168,80.354
995,1,0,accepted,0.188967750038523,0.830119730389125,484505.952610603,4976634.79992686,0.113418737597163,80.867
996,1,0,accepted,0.150996716186316,0.619889050949979,484507.106257115,4976634.98171172,0.10968591933187,82.512
997,1,0,accepted,0.155873068196467,0.641022517049897,484508.273447465,4976635.12294098,0.109647195641182,79.566
998,1,0,accepted,0.1490046257899,0.627518363546874,484509.434375993,4976635.27430964,0.108906409187447,85.532
999,1,0,accepted,0.130254187472919,0.519432849773046,484510.575704893,4976635.43085976,0.107085378399499,88.025
1000,1,0,accepted,0.118922099200272,0.523397873143581,484511.699081688,4976635.57886334,0.106507137903069,97.481
1001,1,0,accepted,0.115725457721327,0.359080307195877,484512.752427932,4976635.76076035,0.103461651314795,110.765
1002,1,0,accepted,0.132813838726906,0.307154244539578,484513.889602632,4976635.89607769,0.102491853360599,92.883
1003,1,0,accepted,0.161037735305613,0.490739288956633,484515.03804011,4976636.0041483,0.105277161908206,85.951
1004,1,0,accepted,0.171841804069211,0.563603692849614,484516.191637097,4976636.12983485,0.10689397785504,93.009
1005,1,0,accepted,0.165726960460067,0.577741567619693,484517.353232407,4976636.27264362,0.107719459962756,90.643
1006,1,0,accepted,0.165018693357008,0.601354554104418,484518.512742431,4976636.41032498,0.108429999295642,90.485
1007,1,0,accepted,0.158856891471895,0.59650832722395,484519.675022641,4976636.55145754,0.109007767034257,94.59
1008,1,0,accepted,0.158210297843668,0.663905833679158,484520.837146477,4976636.68396886,0.110645862554645,99.242
1009,1,0,accepted,0.167790154637474,0.742718706322473,484522.004145512,4976636.81291669,0.112331942486713,88.899
1010,1,0,accepted,0.19716438161295,0.84601618653514,484523.181259562,4976636.93265304,0.114526830782236,90.582
1011,1,0,accepted,0.2254384288645,0.863925280853173,484524.368508554,4976637.06855299,0.114838310785681,87.675
1012,1,0,accepted,0.172291226024144,0.596411841910549,484525.453771307,4976637.24406389,0.109719655964892,86.446
1013,1,0,accepted,0.15362178741012,0.344104466148496,484526.581051022,4976637.40662646,0.1064171478836,89.255
1014,1,0,accepted,0.156367910945052,0.275699399134276,484527.718108749,4976637.55125494,0.105150122343971,115.743
1015,1,0,accepted,0.169159713781261,0.220498373175059,484528.853240709,4976637.68383808,0.10447256145471,111.945
1016,1,0,accepted,0.173451459825967,0.289518140236705,484529.976397503,4976637.81953088,0.106011293762954,108.581
1017,1,0,accepted,0.176672282815158,0.280723049075502,484531.102666843,4976637.95810682,0.106087047116859,109.786
1018,1,0,accepted,0.185480993405519,0.250599224435514,484532.236713479,4976638.09312299,0.105595584994688,114.127
1019,1,0,accepted,0.195979922850135,0.164944995081377,484533.375553816,4976638.22439716,0.104917933425243,110.172
1020,1,0,accepted,0.180820332265302,0.310040942467813,484534.484213966,4976638.36728918,0.108666402566128,99.87
1021,1,0,accepted,0.185339605518962,0.441042577584169,484535.584325502,4976638.49496896,0.112323301747489,89.544
1022,1,0,accepted,0.191497020955793,0.363915699205044,484536.715524302,4976638.63444578,0.11216658353896,78.338
1023,1,0,accepted,0.187711191203396,0.534582682084085,484537.828483238,4976638.77690363,0.115892558565905,91.749
1024,1,0,accepted,0.179274670339837,0.47758864411989,484538.930268377,4976638.92053984,0.115878739164886,86.933
1025,1,0,accepted,0.17147795328504,0.585141550906322,484540.017689974,4976639.06294524,0.118726528012257,72.385
1026,1,0,accepted,0.166626386026612,0.644095578018277,484541.091426068,4976639.21176501,0.120554523332361,74.198
1027,1,0,accepted,0.389069202180029,1.61890610361682,484541.989275504,4976639.21679975,0.138669954960813,88.749
1028,1,0,accepted,0.366150576060083,1.51560378910244,484543.115567436,4976639.39124482,0.137962746405432,83.319
1029,1,0,accepted,0.309644698792507,1.34909657126076,484544.26530605,4976639.59012205,0.135199005857928,90.86
1030,1,0,accepted,0.271340830090175,1.11308602878821,484545.401174985,4976639.78195633,0.132969829375992,83.442
1031,1,0,accepted,0.237229593997172,0.984635665543398,484546.525882421,4976639.97280755,0.131230908116898,83.544
1032,1,0,accepted,0.238038628910985,1.00523745759356,484547.667796278,4976640.12057455,0.13230343815673,86.138
1033,1,0,accepted,0.222419340645215,0.923035695244448,484548.817846695,4976640.28719778,0.131620437204059,94.38
1034,1,0,accepted,0.184710310866785,0.571155635433675,484549.843183622,4976640.56273943,0.126320939852396,102.31
1035,1,0,accepted,0.138071197182403,-0.0807778404804126,484550.978766513,4976640.80166483,0.11590790362299,96.589
1036,1,0,accepted,0.134687382225405,-0.106610078369142,484552.132993539,4976640.95506677,0.116932434908213,86.033
1037,1,0,accepted,0.12812630681112,-0.135805943126964,484553.277420384,4976641.10757746,0.11812180176676,81.083
1038,1,0,accepted,0.116380435160631,-0.243107345875492,484554.408729529,4976641.27037391,0.117898611197186,82.583
1039,1,0,accepted,0.0922782527512317,-0.301549080361164,484555.555365599,4976641.41901414,0.11858581436502,67.406
1040,1,0,accepted,0.0437175119207682,-0.169323613288518,484556.675359004,4976641.54619477,0.122324959226117,100.125
1041,1,0,accepted,0.0521175067920819,-0.0691509155858648,484557.826974827,4976641.69464771,0.124847441880996,84.299
1042,1,0,accepted,0.0875905228059953,-0.0306983705474099,484559.001963975,4976641.84682487,0.125777806591508,80.901
1043,1,0,accepted,0.127955948919198,-0.0255656853948378,484560.172000412,4976641.9978054,0.125613981447157,83.669
1044,1,0,accepted,0.145396399571394,0.0658728770853668,484561.327703273,4976642.1617782,0.126756681553233,83.191
1045,1,0,accepted,0.168924695059922,0.0458877468288383,484562.481451365,4976642.31468039,0.126556036602847,89.256
1046,1,0,accepted,0.189656889592874,0.0718180295356032,484563.631318664,4976642.46199861,0.127185122588123,92.022
1047,1,0,accepted,0.182921941235646,0.0836028322013429,484564.765684514,4976642.61923451,0.127854347834219,92.083
1048,1,0,accepted,0.0812814721116418,0.192237541961312,484565.791015048,4976642.77772733,0.13044178522551,88.262
1049,1,0,accepted,0.0686019647711193,0.251758312342016,484566.913666003,4976642.93655745,0.132162535914782,98.756
1050,1,0,accepted,0.0806988452667825,0.35995680575796,484568.012507515,4976643.0813612,0.134898192480778,99.564
1051,1,0,accepted,0.0889018572491018,0.422487933272832,484569.144159548,4976643.24807069,0.136012331185328,104.64
1052,1,0,accepted,0.113471295966892,0.462582863391553,484570.279223881,4976643.41151747,0.137061424632642,101.279
1053,1,0,accepted,0.229287198071413,0.732535247226364,484571.298904296,4976643.53553195,0.141747987950768,97.836
1054,1,0,accepted,0.18793278618903,0.496296784948741,484572.474431513,4976643.75604723,0.137292791785466,122.098
1055,1,0,accepted,0.148465834096085,0.170534703548078,484573.6531923,4976643.98551977,0.13155471145562,101.025
1056,1,0,accepted,0.148814398295621,0.273071350743954,484574.822564559,4976644.13896605,0.133180260357512,95.156
1057,1,0,accepted,0.119601331962893,0.117290510341587,484576.020106352,4976644.33792397,0.129980679849197,96.219
1058,1,0,accepted,0.0976501128342524,0.0746502838885596,484577.20171703,4976644.49910847,0.129100805866842,100.399
1059,1,0,accepted,0.0365895507225253,-0.200546228740851,484578.435318796,4976644.72098416,0.124246448738429,97.687
1060,1,0,accepted,0.0150794940834897,-0.134556141243772,484579.631363299,4976644.88167152,0.125057206986785,87.322
1061,1,0,accepted,0.0495793485161111,-0.482869138532189,484580.822755548,4976645.08300426,0.118859010222807,100.446
1062,1,0,accepted,0.0538365964831864,-0.48713099052117,484582.022554937,4976645.24945079,0.118878549046964,103.696
1063,1,0,accepted,0.0582227557493679,-0.541483585637945,484583.209702679,4976645.41600424,0.117490313425939,96.749
1064,1,0,accepted,0.0563888896718588,-0.525075011224363,484584.399534385,4976645.57175681,0.117916621206998,93.404
1065,1,0,accepted,0.0685660344942442,-0.385266851674052,484585.613639862,4976645.74217919,0.120099142034272,102.241
1066,1,0,accepted,0.0733902522894829,-0.185155036865084,484586.789440797,4976645.91092206,0.123421922406133,105.773
1067,1,0,accepted,0.087992369650224,-0.0320112771430246,484587.993304979,4976646.08230497,0.125984722518796,106.125
1068,1,0,accepted,0.0919077752535277,0.0629954978551255,484589.189564949,4976646.25842138,0.127450024326813,95.414
1069,1,0,accepted,0.0915835184763621,0.113053018272246,484590.390105383,4976646.42760765,0.128098399233977,109.954
1070,1,0,accepted,0.0982077567743377,0.192240522138585,484591.588476278,4976646.59412364,0.129600023522751,105.815
1071,1,0,accepted,0.0981227694662011,0.180599456563748,484592.791009534,4976646.75666546,0.129672123282363,94.891
1072,1,0,accepted,0.0994383208254827,0.199856161503733,484593.985895047,4976646.91818226,0.130354362537928,99.555
1073,1,0,accepted,0.0524833551700193,0.140217241889377,484595.134237721,4976647.10028663,0.129731889391518,105.65
1074,1,0,accepted,0.0368958804788488,0.177824324024429,484596.323199239,4976647.27944633,0.131034292358415,120.235
1075,1,0,accepted,0.0148479095968958,0.173365847390184,484597.499877579,4976647.46100498,0.131201513147638,108.846
1076,1,0,accepted,0.0186941232890797,0.183366091489191,484598.689761738,4976647.63445673,0.131659502864336,106.594
1077,1,0,accepted,0.031742625337332,0.121063671678717,484599.875347228,4976647.83412869,0.131190101155961,106.019
1078,1,0,accepted,0.0455980273184571,0.11247986783951,484601.061100341,4976648.02408551,0.131555975814593,101.146
1079,1,0,accepted,0.056430319759279,0.072323007545063,484602.247688963,4976648.21367812,0.131356502975976,110.76
1080,1,0,accepted,0.0666992393913569,0.0871902811413698,484603.458986784,4976648.37986914,0.13195712235832,98.892
1081,1,0,accepted,0.0847704047364537,0.121112175217324,484604.675598019,4976648.54855352,0.133501171386838,105.831
1082,1,0,accepted,0.102790508114228,0.170215907756453,484605.886456499,4976648.72292067,0.134641132788675,101.803
1083,1,0,accepted,0.133346273266357,0.329819574926716,484607.116715288,4976648.89276877,0.137921159587244,107.792
1084,1,0,accepted,0.171324685643476,0.571711096566994,484608.319456744,4976649.05518421,0.142389444400366,87.335
1085,1,0,accepted,0.241699946863095,1.09254586729205,484609.514904491,4976649.18702849,0.151812407522215,93.709
1086,1,0,accepted,0.251418931750503,1.13595055932283,484610.720300606,4976649.37821653,0.152518019845157,88.717
1087,1,0,accepted,0.298822182714967,1.27481185031806,484611.914326812,4976649.53204449,0.155043919778037,94.63
1088,1,0,accepted,0.243636881392026,1.08273360911115,484613.014512923,4976649.80088365,0.151969816123605,94.123
1089,1,0,accepted,0.171206542057578,0.665498915316379,484614.240458296,4976650.06457047,0.144823241034834,116.815
1090,1,0,accepted,0.176222152665581,0.737150041246282,484615.434341059,4976650.25840908,0.146236647424349,90.137
1091,1,0,accepted,0.170021120930945,0.704101676528301,484616.655235704,4976650.45686503,0.145995634274721,89.323
1092,1,0,accepted,0.173291691471722,0.69794300942825,484617.868661607,4976650.64431401,0.146028640713134,106.566
1093,1,0,accepted,0.175557817301656,0.697702250539677,484619.100602296,4976650.84006939,0.145854725806641,95.417
1094,1,0,accepted,0.200485947866888,0.801088949483065,484620.33741121,4976651.02019771,0.14789128522025,98.224
1095,1,0,accepted,0.346862780786652,1.43205400261087,484621.691200888,4976651.13816422,0.158736583230837,127.357
1096,1,0,accepted,0.356095067712184,1.38698047629469,484622.909194572,4976651.33924202,0.15804983607131,99.42
1097,1,0,accepted,0.239632772012395,0.905323165684286,484623.997671586,4976651.60209214,0.14962360561507,101.563
1098,1,0,accepted,0.240227024104918,0.908810410358498,484625.213264904,4976651.7986802,0.149657653155786,97.669
1099,1,0,accepted,0.241530073781424,0.939857861441545,484626.380535811,4976651.98786599,0.150114895903499,93.989
1100,1,0,accepted,0.23683271411149,0.915602921779839,484627.564716034,4976652.18208041,0.149872478090473,83.557
1101,1,0,accepted,0.235469401496097,1.17233663334236,484628.692159705,4976652.35616844,0.154139584315353,93.911
1102,1,0,accepted,0.223493253804765,1.11117251297432,484629.786415673,4976652.56526421,0.152647992480291,89.72
1103,1,0,accepted,0.310627328293759,1.32425136863173,484630.830785685,4976652.7378874,0.156760030803758,83.073
1104,1,0,accepted,0.307780560870728,1.3484278905957,484632.022894007,4976652.94219059,0.156905635502867,70.694
1105,1,0,accepted,0.249338594362977,1.05513838066516,484633.239012974,4976653.18603549,0.1515564532039,76.891
1106,1,0,accepted,0.227770691409789,0.96854657550443,484634.447737712,4976653.39546936,0.149641904033426,71.991
1107,1,0,accepted,0.163313563121239,0.57072919980489,484635.66752541,4976653.64739636,0.142378899817322,80.467
1108,1,0,accepted,0.185209456844275,0.733736013211352,484636.855651,4976653.80641546,0.144787909816916,78.128
1109,1,0,accepted,0.184651565550269,0.741779846124702,484638.072057194,4976653.97654608,0.144599453690695,67.943
1110,1,0,accepted,0.154503345638321,0.708044934856482,484639.294169203,4976654.18167269,0.14359777162847,70.488
1111,1,0,accepted,0.154592605368827,0.793012604245008,484640.536875027,4976654.36241077,0.144850462687795,73.033
1112,1,0,accepted,0.148449725822652,0.782046646319909,484641.750130986,4976654.5536082,0.144145248897641,67.783
1113,1,0,accepted,0.140571729180997,0.704136491635501,484642.94872561,4976654.75350286,0.142267626326012,66.768
1114,1,0,accepted,0.122182283894545,0.418357283832378,484644.104081718,4976654.95372878,0.137261369544433,85.429
1115,1,0,accepted,0.129635998931851,0.40145505879623,484645.291591886,4976655.13424241,0.13619015176968,76.286
1116,1,0,accepted,0.141191450404344,0.378558536739255,484646.467151129,4976655.30746487,0.136014285933845,79.657
1117,1,0,accepted,0.15988691554868,0.606366724152169,484647.573981041,4976655.47020455,0.139535738698195,80.319
1118,1,0,accepted,0.153467941833065,0.522692413964206,484648.784056803,4976655.65932657,0.137533132152286,89.898
1119,1,0,accepted,0.156574045732107,0.538890468696045,484649.955952267,4976655.84083805,0.137572889577812,76.028
1120,1,0,accepted,0.159549224679164,0.568709194948756,484651.111747654,4976656.01839425,0.137788275895444,74.37
1121,1,0,accepted,0.160731172466737,0.666822684943815,484652.287577018,4976656.20456459,0.139482878139231,74.792
1122,1,0,accepted,0.165717363803896,0.682501598429427,484653.434325975,4976656.37639884,0.139644359071571,70.689
1123,1,0,accepted,0.17249407660399,0.711071178750033,484654.570614027,4976656.54622754,0.139717805332975,67.874
1124,1,0,accepted,0.138793561511732,0.753920577750681,484655.599998351,4976656.75823311,0.140095700303046,73.742
1125,1,0,accepted,0.187292829217493,0.64673995463839,484656.7096269,4976656.88947683,0.137952527048851,81.325
1126,1,0,accepted,0.185983555263106,0.603614297337427,484657.848998406,4976657.06252301,0.136889236259781,76.02
1127,1,0,accepted,0.196763319477318,0.635330623239959,484658.978560064,4976657.2252942,0.137215180640325,78.336
1128,1,0,accepted,0.197447351908422,0.625210064461558,484660.122408178,4976657.39281511,0.136913369889882,74.044
1129,1,0,accepted,0.194632854516139,0.545883892746031,484661.278222115,4976657.56687495,0.135138269883664,70.987
1130,1,0,accepted,0.17807551868145,0.552645541812075,484662.390267076,4976657.75387343,0.134941429116608,65.177
1131,1,0,accepted,0.174426886178668,0.469542705401138,484663.516514543,4976657.92747222,0.133334304299794,57.863
1132,1,0,accepted,0.228344931010233,0.855195012910353,484664.619111569,4976658.04406403,0.13983823217529,60.329
1133,1,0,accepted,0.229419748772297,0.869571374309915,484665.725841643,4976658.21353067,0.140100095686379,53.889
1134,1,0,accepted,0.221748664842331,0.856436208487398,484666.855744214,4976658.38986962,0.140347410964043,57.397
1135,1,0,accepted,0.216882069637819,0.865828043180004,484667.957498656,4976658.56427222,0.140644560576421,53.889
1136,1,0,accepted,0.208000734120933,0.836412923306728,484669.081242733,4976658.74549579,0.140444396265098,57.844
1137,1,0,accepted,0.194053863549123,0.773436398156575,484670.181470465,4976658.9297852,0.139582851929054,54.822
1138,1,0,accepted,0.174883144891518,0.73697828865586,484671.287448077,4976659.12420217,0.139092496062658,57.525
1139,1,0,accepted,0.101466931701614,0.422017041581013,484672.314006844,4976659.35421953,0.133866390149427,59.154
1140,1,0,accepted,0.0913032172447316,0.308366705797243,484673.384666247,4976659.53277728,0.131969283114781,57.434
1141,1,0,accepted,0.0842142987937762,0.283993994463232,484674.478895622,4976659.70917845,0.131736316503798,56.866
1142,1,0,accepted,0.109113355437219,0.355453541661091,484675.587226963,4976659.85866325,0.13300701986257,58.094
1143,1,0,accepted,0.11871915192009,0.427266427425214,484676.658772859,4976660.01856812,0.134250717996919,57.631
1144,1,0,accepted,0.205544263122281,1.00353442235648,484677.778597898,4976660.1162001,0.144183224640872,69.286
1145,1,0,accepted,0.225014966983363,1.17306161385907,484678.852188112,4976660.26679847,0.147447238911715,67.035
1146,1,0,accepted,0.220887372151215,1.17683882885286,484679.90117115,4976660.4332319,0.147600331629071,71.352
1147,1,0,accepted,0.206459889357175,1.12568185141298,484680.905444567,4976660.59585742,0.146756001178391,62.113
1148,1,0,accepted,0.202758460194327,1.09703266058857,484681.955846425,4976660.76381601,0.146316013981333,58.848
1149,1,0,accepted,0.315156605529047,1.64247938297044,484683.100225234,4976660.84290155,0.155980302029275,91.752
1150,0,1,acceptedDirectional,0.250440056407688,1.23312535061516,484684.148641084,4976661.07898085,0.148904595657214,66.16
1151,1,0,accepted,0.328084452386202,1.41601886114687,484684.855656502,4976661.18355457,0.152041647205796,56.565
1152,1,0,accepted,0.325718006109163,1.40659459127993,484685.891290662,4976661.34958338,0.151719064065694,52.025
1153,1,0,accepted,0.327289608672097,1.42755771242907,484686.932114171,4976661.5051615,0.152035051964034,50.232
1154,1,0,accepted,0.33424629150869,1.46506293574506,484687.964864263,4976661.65978608,0.152029131787262,50.904
1155,1,0,accepted,0.335468901055225,1.44634050550261,484688.995055764,4976661.81799997,0.151828629447257,49.861
1156,1,0,accepted,0.26499856868983,1.09454903493781,484690.036605483,4976662.05408375,0.145347873774622,56.078
1157,1,0,accepted,0.247478268661199,1.06825288943518,484691.057653461,4976662.21546255,0.144778921308356,48.224
1158,1,0,accepted,0.235799183014871,0.96661047619003,484692.083251337,4976662.38165862,0.142764191538994,53.218
1159,1,0,accepted,0.222812930228725,0.943306858571292,484693.109463512,4976662.5447553,0.14200901072816,49.706
1160,1,0,accepted,0.216339617210495,0.935249513619481,484694.134584463,4976662.69793085,0.141412602587518,47.237
1161,1,0,accepted,0.212426887661634,0.934864801726016,484695.157110426,4976662.84930431,0.140687371537931,45.241
1162,1,0,accepted,0.212013914051256,0.885722377695434,484696.166864737,4976663.00418613,0.139132644660601,43.947
1163,1,0,accepted,0.206535087219731,0.874768637152588,484697.192329475,4976663.15387894,0.138166104108726,45.843
1164,1,0,accepted,0.216774429514261,0.903320999890199,484698.185566686,4976663.29209214,0.137705052199949,48.351
1165,1,0,accepted,0.208519171995704,0.807106002401536,484699.20456976,4976663.44560051,0.135021362620303,50.239
1166,1,0,accepted,0.215358260331365,0.792487670256176,484700.226938325,4976663.58670502,0.133727717984189,45.576
1167,1,0,accepted,0.226544639350305,0.802056405388246,484701.234379543,4976663.72602299,0.132912717300733,49.163
1168,1,0,accepted,0.208777658307183,0.563628778586491,484702.21007612,4976663.88786583,0.12775454381967,49.633
1169,1,0,accepted,0.216206374358159,0.516635647926872,484703.19617785,4976664.02517855,0.125998196165088,42.614
1170,1,0,accepted,0.221813014786911,0.494803938401166,484704.181609826,4976664.16405958,0.124452814617725,43.069
