frame,accepted,directional,reason,errorM,yawErrorDeg,x,y,psi,matchingMs
1,0,0,insufficientComponents,0.640312423976002,2,484201.572914107,4977500.52147539,-2.10588080737395,93.536
2,1,0,accepted,0.0697381872401734,0.124477322848855,484201.047305685,4977500.85676003,-2.13861724700554,295.865
3,1,0,accepted,0.0684929050037479,-0.207952547729765,484201.062828741,4977500.85401217,-2.14439960621793,79.845
4,1,0,accepted,0.0716228563495927,-0.145838059124727,484201.060946218,4977500.85132371,-2.14332009066633,73.139
5,1,0,accepted,0.0782956051215414,0.0630555160784207,484201.052901994,4977500.846458,-2.13967762429715,22.618
6,1,0,accepted,0.0791731745331848,0.29707320505233,484201.042471549,4977500.84940736,-2.13557805331403,44.596
7,1,0,accepted,0.0787365048419727,0.332205037049056,484201.041340525,4977500.85038039,-2.13495836754938,19.868
8,1,0,accepted,0.0794860046859414,0.400377137608902,484201.041351781,4977500.84798039,-2.13377236703446,13.186
9,1,0,accepted,0.0912373349234684,0.382261599356992,484201.030046581,4977500.83638448,-2.13407059027397,21.416
10,1,0,accepted,0.0914536745384064,0.433454835984796,484201.029980109,4977500.82875276,-2.13318698555008,12.458
11,1,0,accepted,0.0815386919525073,0.381244100725632,484201.032160859,4977500.82636671,-2.13410816515304,12.694
12,1,0,accepted,0.0755979340842187,0.483014470912626,484201.020789851,4977500.82146221,-2.13229925615081,22.915
13,1,0,accepted,0.066396122245533,0.580359889814098,484201.006295185,4977500.81712314,-2.13064225185522,15.235
14,1,0,accepted,0.0403387050842375,0.466145335523476,484201.010408078,4977500.81569189,-2.1325642477689,11.257
15,1,0,accepted,0.043408150797615,0.608329590927107,484200.988172464,4977500.79021481,-2.13002266216976,11.648
16,0,0,notConverged,0.0305677382759843,0.606961131797994,484200.976354847,4977500.77028366,-2.12993379641006,92.18
17,1,0,accepted,0.0447350346085234,0.579185852052379,484200.946853524,4977500.72358672,-2.13024619712034,15.066
18,1,0,accepted,0.0442632223154343,0.605096449798303,484200.919782548,4977500.68564996,-2.12961624780329,10.729
19,1,0,accepted,0.0414458281384028,0.268796590979202,484200.898605339,4977500.63919601,-2.13520739540128,11.126
20,1,0,accepted,0.0559004121673019,0.665272035078761,484200.851937158,4977500.58140526,-2.12782916353814,13.03
21,1,0,accepted,0.0456878339106222,0.349933719221775,484200.829122015,4977500.53005893,-2.13269483536245,11.04
22,1,0,accepted,0.0420476812370278,0.249994234937052,484200.802289765,4977500.46822511,-2.13373575055675,11.186
23,0,0,inconsistentClasses,0.0356976814006426,0.246274675786737,484200.764354591,4977500.40534535,-2.13289346326153,20.535
24,0,0,inconsistentClasses,0.0307710460915242,0.237365189504342,484200.721707836,4977500.33557296,-2.13177374231956,27.909
25,0,0,inconsistentClasses,0.0278661451455435,0.228564124402544,484200.674173838,4977500.25833801,-2.1305379700877,18.702
26,0,0,inconsistentClasses,0.0292377740225244,0.196932690278372,484200.619565268,4977500.17024169,-2.12896597572029,22.74
27,0,0,inconsistentClasses,0.0322857275101609,0.204592722895834,484200.558544327,4977500.0736851,-2.127261046858,24.369
28,0,0,inconsistentClasses,0.0352136679573785,0.211271009268391,484200.495631641,4977499.96676692,-2.12683775642764,58.164
29,1,0,accepted,0.0129176457059662,0.0173921859419866,484200.396269328,4977499.85356711,-2.12807288235656,12.999
30,1,0,accepted,0.0154098240568112,0.0133090966357136,484200.325569478,4977499.73322336,-2.12552619550037,11.737
31,1,0,accepted,0.0179054140625956,0.0901064646179024,484200.252785509,4977499.60560664,-2.12340309637652,13.878
32,1,0,accepted,0.0216404842962586,0.119628340303064,484200.179250249,4977499.47541949,-2.1218663855554,10.889
33,1,0,accepted,0.0170366725108116,0.109894419265177,484200.092213845,4977499.34440213,-2.12024733018901,12.383
34,1,0,accepted,0.0284060498434082,0.179928946569824,484200.017589526,4977499.19720058,-2.11701569938903,15.846
35,1,0,accepted,0.0272803970179334,0.198214706034641,484199.933947947,4977499.05660155,-2.11483327715404,15.354
36,1,0,accepted,0.0304873304078649,0.230329596586605,484199.839794347,4977498.89821195,-2.11296604300685,13.781
37,1,0,accepted,0.0235101741605923,0.203214340387617,484199.750261865,4977498.75823794,-2.11235477614155,11.227
38,1,0,accepted,0.0205938041405517,0.164178424901975,484199.655353422,4977498.60823051,-2.11158916301884,11.269
39,1,0,accepted,0.0190600590761469,0.178779885187522,484199.557741611,4977498.44795779,-2.10999689392799,10.207
40,0,0,inconsistentClasses,0.0205986578833893,0.184336992309814,484199.461438092,4977498.28937131,-2.10905655579894,19.858
41,0,0,inconsistentClasses,0.0231083922316739,0.184566559337591,484199.361451733,4977498.12562613,-2.10869637759793,19.639
42,1,0,accepted,0.0242807576637126,0.276257921436071,484199.261671409,4977497.93967054,-2.10721456760297,10.093
43,1,0,accepted,0.0254881052274121,0.28624843446973,484199.159356056,4977497.76443052,-2.10701243194871,13.551
44,1,0,accepted,0.0232683867267286,0.321534021970193,484199.056646029,4977497.59351173,-2.10659743608978,22.602
45,1,0,accepted,0.0217830211254252,0.319617712088935,484198.953651948,4977497.42297477,-2.1068261323331,25.911
46,1,0,accepted,0.0219486679813604,0.301615171207839,484198.847641587,4977497.25168032,-2.10705434874678,34.369
47,1,0,accepted,0.0256591981297531,0.329915132563305,484198.754642841,4977497.08507265,-2.10754405359169,14.821
48,1,0,accepted,0.0226542605243957,0.31070395474828,484198.653350848,4977496.91887116,-2.10875583056142,12.732
49,1,0,accepted,0.0221279552794445,0.301736250312173,484198.559144755,4977496.75343779,-2.10966643642344,11.015
50,1,0,accepted,0.0223389032501711,0.290928990514585,484198.466945887,4977496.59076337,-2.11050059925656,15.44
51,1,0,accepted,0.0400165366086017,0.343443540274799,484198.376956165,4977496.41793125,-2.11024514977307,17.869
52,1,0,accepted,0.0338477280471032,0.318851784255643,484198.289918082,4977496.27179255,-2.1107090355637,10.18
53,1,0,accepted,0.0305971606032811,0.322980216670512,484198.210941229,4977496.12705753,-2.11095199777368,29.484
54,1,0,accepted,0.039104581925724,0.352553904719539,484198.123701997,4977495.967317,-2.11118252413256,17.583
55,1,0,accepted,0.0328522886119741,0.33917932005567,484198.034411806,4977495.81923464,-2.11174480140288,11.876
56,1,0,accepted,0.0353843089489446,0.405537960984329,484197.95776132,4977495.66814485,-2.11072108448667,11.082
57,1,0,accepted,0.0407835417970264,0.456946962348122,484197.86494508,4977495.49961861,-2.11034191882175,23.536
58,1,0,accepted,0.0366408504985763,0.254549378732571,484197.761561087,4977495.40437632,-2.1142622318804,11.937
59,1,0,accepted,0.046630723308975,0.23891823200081,484197.663356299,4977495.24844851,-2.11438961142783,10.401
60,1,0,accepted,0.05072843454494,0.2481856735676,484197.568887837,4977495.08157458,-2.11382251726597,17.001
61,1,0,accepted,0.101980349143644,0.139364395950963,484197.485027481,4977494.95760924,-2.11459109399477,24.123
62,1,0,accepted,0.102650894337306,0.144267106121821,484197.381385764,4977494.7849969,-2.1130225674234,11.956
63,1,0,accepted,0.0211786540526327,0.326611251286454,484197.266694603,4977494.51651629,-2.10732308838767,14.065
64,1,0,accepted,0.0186003138343074,0.336761343294896,484197.154732616,4977494.32364474,-2.10577295862215,12.704
65,1,0,accepted,0.0121489023640667,0.34580057127959,484197.045648627,4977494.14431593,-2.10490558393595,10.923
66,1,0,accepted,0.0151019737193985,0.340466583713857,484196.938356042,4977493.95726299,-2.10312123652094,32.045
67,1,0,accepted,0.0160665721151938,0.289967238447537,484196.830346241,4977493.76945075,-2.10071264124002,9.357
68,1,0,accepted,0.0200866073722931,0.30488282977753,484196.716219971,4977493.57214805,-2.09612298552566,9.513
69,1,0,accepted,0.019584838756688,0.302787425688348,484196.614539872,4977493.37229426,-2.0905292683292,9.223
70,1,0,accepted,0.0158843913059499,0.250587214094321,484196.497864402,4977493.16759572,-2.08422450787133,9.599
71,1,0,accepted,0.0407939024338004,0.104063037194835,484196.332290335,4977492.9353888,-2.07831005455725,11.754
72,1,0,accepted,0.0287828185185184,0.110959027062545,484196.209270769,4977492.71541655,-2.06831072712833,10.789
73,1,0,accepted,0.0222083140192334,0.00872001803776696,484196.078036593,4977492.4778425,-2.05861950554412,23.194
74,1,0,accepted,0.0304962734595997,-0.0318000310252586,484195.928220012,4977492.21726269,-2.04586932063105,10.444
75,1,0,accepted,0.0309803068648062,0.0594393930996553,484195.781261894,4977491.92369628,-2.02862185777845,14.274
76,1,0,accepted,0.0207008658941258,0.0463909319192359,484195.639800318,4977491.64107141,-2.01224984047815,13.928
77,1,0,accepted,0.02496726327396,0.0359966147314434,484195.493062317,4977491.34662645,-1.99625396760531,11.534
78,1,0,accepted,0.0283114651386357,-0.109720035376005,484195.34314338,4977491.02417911,-1.9793334900816,16.165
79,1,0,accepted,0.00837718433103984,-0.0473457601651842,484195.202349757,4977490.65957565,-1.95820618786229,11.389
80,1,0,accepted,0.0185473223680362,-0.231640796369667,484195.067990236,4977490.30541366,-1.93895958045643,12.039
81,1,0,accepted,0.020370866907732,-0.273412499269201,484194.92024815,4977489.93103303,-1.91526978628884,12.748
82,1,0,accepted,0.036267146598977,-0.343520292802072,484194.779831109,4977489.55883933,-1.89097942586556,11.947
83,1,0,accepted,0.0432357240137344,-0.250168648638263,484194.622686533,4977489.16436812,-1.86229341694666,14.507
84,1,0,accepted,0.0650034247294974,-0.189263736508097,484194.493777839,4977488.77402824,-1.8346093907021,18.136
85,1,0,accepted,0.072166211415318,-0.130450655279048,484194.358663032,4977488.3498426,-1.80657054740675,12.078
86,1,0,accepted,0.085019888016106,-0.139308186245232,484194.242402194,4977487.9191314,-1.78079296662284,13.606
87,1,0,accepted,0.0840722817722152,-0.22613409830137,484194.148144442,4977487.46476149,-1.75487210800211,20.245
88,1,0,accepted,0.0828467745038576,-0.0416613179296967,484194.062292764,4977487.00198437,-1.72471196154426,17.676
89,1,0,accepted,0.0844663549912599,-0.176327514064193,484193.982468419,4977486.53651205,-1.69923054271101,19.685
90,1,0,accepted,0.0783744845279162,0.0354394821113954,484193.916514039,4977486.05172605,-1.66726189263213,13.769
91,1,0,accepted,0.079208800921275,0.0507737164320917,484193.859175593,4977485.56390242,-1.63712626976806,15.348
92,1,0,accepted,0.0734622821902672,-0.0961511663627326,484193.812173087,4977485.06143787,-1.60975345586636,17.001
93,1,0,accepted,0.07850513596531,-0.0917753485404133,484193.771520835,4977484.56026642,-1.57992577045609,16.161
94,1,0,accepted,0.0721480570364613,-0.152942119651763,484193.745424002,4977484.03846163,-1.55113860591354,13.899
95,1,0,accepted,0.0851635481822756,-0.269002296212354,484193.751020679,4977483.52688463,-1.52253433995105,13.092
96,1,0,accepted,0.105544228366392,-0.353434092457943,484193.771988805,4977483.01342376,-1.49263392536557,13.797
97,1,0,accepted,0.129349189315814,-0.485056284991682,484193.800194772,4977482.50565018,-1.46384174816685,13.03
98,1,0,accepted,0.136298438098422,-0.586671560519984,484193.848376289,4977481.97314861,-1.43410584404018,15.12
99,1,0,accepted,0.134720356511008,-0.684229527286961,484193.933929579,4977481.42477644,-1.40553392063694,16.473
100,1,0,accepted,0.110431082709273,-0.595374996170442,484194.008062461,4977480.85040032,-1.37336140250174,17.11
101,1,0,accepted,0.116708194902033,-0.689877675311939,484194.117801143,4977480.29229419,-1.34610661496861,14.734
102,1,0,accepted,0.105367369699848,-0.613638333860175,484194.267960573,4977479.7223923,-1.31772381201075,15.629
103,1,0,accepted,0.0729112629941071,-0.347210337335166,484194.383564473,4977479.12074419,-1.28718170189546,13.357
104,1,0,accepted,0.0830329847707754,-0.326239888298943,484194.541349206,4977478.55881221,-1.26175755369197,13.679
105,1,0,accepted,0.0765923568555017,-0.155786385817536,484194.706621154,4977477.96524792,-1.2350518784662,16.956
106,1,0,accepted,0.0728240669915701,-0.0522628089650221,484194.905996189,4977477.37680215,-1.21223629598202,15.707
107,1,0,accepted,0.0743519105270236,-0.0952088035529827,484195.128673772,4977476.79731599,-1.19463475336537,13.916
108,1,0,accepted,0.0610938396868621,0.100729730554163,484195.366090662,4977476.19057847,-1.17502755833945,18.122
109,1,0,accepted,0.0689141937336182,0.149028152548425,484195.617784447,4977475.59182372,-1.15991896289158,14.69
110,1,0,accepted,0.0609961420375248,0.250193262161682,484195.884208855,4977475.00237684,-1.14653551249117,18.225
111,1,0,accepted,0.0673976370592521,0.280340575857685,484196.152133044,4977474.39729025,-1.13563988625702,18.084
112,1,0,accepted,0.101583166942871,0.324279734065167,484196.425577779,4977473.81594046,-1.12612001315832,17.467
113,1,0,accepted,0.0851432809618616,0.153334400823214,484196.752895247,4977473.19039824,-1.12168332246535,19.243
114,1,0,accepted,0.0982894646378128,0.21092924788711,484197.059378111,4977472.57207638,-1.114689480227,17.813
115,1,0,accepted,0.0894770291135299,0.228935874926763,484197.384648803,4977471.92883909,-1.10943434688649,16.022
116,1,0,accepted,0.077293522760186,0.360464436144558,484197.716631455,4977471.26797223,-1.10345119242281,17.211
117,1,0,accepted,0.0529031707058624,0.325371466471812,484198.067050315,4977470.5987956,-1.10107533578642,13.521
118,1,0,accepted,0.0096501158211003,0.32514395754017,484198.43367579,4977469.89468263,-1.0996750569323,13.899
119,1,0,accepted,0.0290151846203096,0.525913016442719,484198.773559871,4977469.18635026,-1.09625016746235,17.239
120,1,0,accepted,0.0171883445890514,0.388401347923753,484199.134595885,4977468.52255811,-1.09985956919304,16.619
121,1,0,accepted,0.0303817952925998,0.448270327341735,484199.501071951,4977467.80567303,-1.10105695515705,16.892
122,1,0,accepted,0.0378393803602488,0.408080976007697,484199.866671056,4977467.09189915,-1.10306914144151,17.402
123,1,0,accepted,0.0378511829928292,0.4018651622893,484200.245354699,4977466.38370245,-1.1052559102374,17.767
124,1,0,accepted,0.0463476599576095,0.394192959118286,484200.61931198,4977465.6524498,-1.10772081185484,15.63
125,1,0,accepted,0.0559192154264556,0.227658889653115,484201.015847651,4977464.91096092,-1.11405851964327,22.623
126,1,0,accepted,0.0502035031266987,0.138707299608702,484201.40360955,4977464.17490289,-1.11977149549803,15.629
127,1,0,accepted,0.050309217635405,0.172427215948041,484201.777791941,4977463.41694502,-1.12426984387507,13.846
128,1,0,accepted,0.054580123549544,0.19328988861697,484202.156065039,4977462.64464826,-1.12974842637993,16.547
129,1,0,accepted,0.0353523710805063,0.0740060339525319,484202.548404932,4977461.87938824,-1.13734738899352,16.139
130,1,0,accepted,0.0481070172799659,0.119060573987875,484202.924402501,4977461.08911075,-1.14318421512327,16.909
131,1,0,accepted,0.0549526899802043,0.0922503077619063,484203.301536302,4977460.28571945,-1.14947315563842,15.273
132,1,0,accepted,0.080110081551961,0.227557898312068,484203.666855947,4977459.45363246,-1.15421929864843,18.419
133,1,0,accepted,0.089379428204036,0.248046268095499,484204.039493992,4977458.63109857,-1.16064556200162,16.355
134,1,0,accepted,0.105503856529982,0.261918356459201,484204.420628512,4977457.77759667,-1.16725667076547,35.527
135,1,0,accepted,0.150653282392482,0.473114127755611,484204.769878377,4977456.90265333,-1.17041538490275,34.573
136,1,0,accepted,0.158653268138326,0.489191003113931,484205.150400508,4977456.03774905,-1.17706329499396,19.821
137,1,0,accepted,0.158727923007343,0.466906102735861,484205.529677224,4977455.1674734,-1.18437592961359,21.722
138,1,0,accepted,0.149121891596019,0.340940580254054,484205.928671304,4977454.29027648,-1.19352802863737,32.56
139,1,0,accepted,0.108059728427346,0.370000560938758,484206.292474286,4977453.46605122,-1.19971845658712,25.573
140,1,0,accepted,0.0455492489251553,0.242228731981331,484206.729734805,4977452.65707332,-1.20904827826248,26.613
141,1,0,accepted,0.0496772814993976,0.277853771250801,484207.10713296,4977451.76248497,-1.21527143872215,27.9
142,1,0,accepted,0.0691106276547772,0.267100894953145,484207.468779577,4977450.86134476,-1.2221283848086,22.276
143,1,0,accepted,0.0591738861462802,0.337116819807052,484207.826198495,4977449.92274306,-1.22796923010037,23.085
144,1,0,accepted,0.0285828346510566,0.186531178993932,484208.189638293,4977448.9440119,-1.23724841831611,28.294
145,1,0,accepted,0.0546041926152694,0.2107919105955,484208.552796679,4977447.94777469,-1.24445782395125,18.089
146,1,0,accepted,0.0731508621128047,0.0927151702442066,484208.918552293,4977446.97506132,-1.25241952004409,16.237
147,1,0,accepted,0.235452972609335,0.332727775196808,484209.261985046,4977445.84838415,-1.25593233800017,22.98
148,1,0,accepted,0.251939139724895,0.435586202277909,484209.592870958,4977444.8683286,-1.26047726370793,30.602
149,1,0,accepted,0.20329294233513,0.391122793273133,484209.928338659,4977443.94305338,-1.26811538516375,18.883
150,0,0,inconsistentClasses,0.217109739747979,0.37544266029784,484210.240787298,4977442.96941054,-1.27480054502958,43.531
151,1,0,accepted,0.0978768509896234,0.149631893696358,484210.594825821,4977442.10837712,-1.28591410053048,51.784
152,1,0,accepted,0.106584651342461,0.144896221532923,484210.904569423,4977441.1072039,-1.29298923741211,37.532
153,1,0,accepted,0.131332920212002,0.260904957461773,484211.190369722,4977440.11009878,-1.29760443495276,16.429
154,1,0,accepted,0.145786160179535,0.315412827431294,484211.486228534,4977439.10945152,-1.30287511193273,15.546
155,1,0,accepted,0.160146334109057,0.417005555837122,484211.782266625,4977438.10755959,-1.30829373762173,15.104
156,1,0,accepted,0.170573690949041,0.41936348177036,484212.079651931,4977437.08762263,-1.31492468578075,19.613
157,1,0,accepted,0.164207373637667,0.372741954823495,484212.376535768,4977436.09794622,-1.32272608495889,16.831
158,1,0,accepted,0.101338153055938,-0.0986222857009224,484212.807086422,4977435.10330261,-1.33791292181043,23.506
159,1,0,accepted,0.0861751090416609,-0.216704283801906,484213.107029445,4977434.0897131,-1.34639631798946,35.141
160,1,0,accepted,0.0772986881927672,-0.122706182377871,484213.352799347,4977433.07834257,-1.35111532241762,18.403
161,1,0,accepted,0.0754552625901059,-0.0259283338307941,484213.597680377,4977432.06347293,-1.35627815998737,21.224
162,1,0,accepted,0.081103532215828,0.0575431345756689,484213.832072232,4977431.0586798,-1.36145515752166,29.396
163,1,0,accepted,0.0888875198503794,0.0452487000138249,484214.074297289,4977430.04447858,-1.36806303833881,17.259
164,1,0,accepted,0.10686017315002,0.0196959564301211,484214.304291538,4977429.04350222,-1.37493982178975,22.815
165,1,0,accepted,0.0934139763225577,-0.0721805703329586,484214.566516417,4977428.02111515,-1.38260680674855,22.014
166,1,0,accepted,0.109739785333957,0.000414173295634554,484214.795814507,4977426.96997381,-1.38761022657559,19.863
167,1,0,accepted,0.0961961409406952,-0.12564719110796,484215.044884077,4977425.94299525,-1.39598739845009,22.597
168,1,0,accepted,0.118277564125607,0.0653709573042974,484215.252524168,4977424.90078092,-1.39944388486723,21.336
169,1,0,accepted,0.15449997931191,0.287495967244082,484215.439817905,4977423.86243157,-1.4021777941973,31.01
170,1,0,accepted,0.143237333488915,0.214417175904123,484215.667873619,4977422.82302413,-1.41014029831952,33.809
171,1,0,accepted,0.152979590054601,0.294449080661593,484215.866828136,4977421.77682519,-1.41594444590906,20.673
172,1,0,accepted,0.1727200772374,0.326767194167146,484216.049642472,4977420.72594428,-1.42261914708012,29.773
173,1,0,accepted,0.189682970680499,0.384977301187663,484216.227882613,4977419.66935774,-1.42918786765114,21.315
174,1,0,accepted,0.204438701857823,0.404998739326467,484216.400371735,4977418.60319046,-1.43617544488518,21.424
175,1,0,accepted,0.223554006216784,0.393279893114031,484216.561833313,4977417.5470765,-1.44370813780857,15.537
176,1,0,accepted,0.238513979836917,0.452396840132966,484216.719216798,4977416.47356698,-1.45001119758946,16.495
177,1,0,accepted,0.242593054453495,0.435783003359979,484216.879503887,4977415.40547211,-1.45774315647525,22.856
178,1,0,accepted,0.169431683110513,0.12686021332603,484217.124877674,4977414.26625156,-1.47047389251292,28.061
179,1,0,accepted,0.171664074005904,0.342909837539019,484217.331133571,4977413.12057282,-1.47415753591953,16.087
180,1,0,accepted,0.169941493325637,0.215232848350763,484217.474993742,4977412.04037548,-1.48344181981405,20.726
181,1,0,accepted,0.196673531593376,0.405372328674114,484217.599548129,4977410.92756059,-1.48785101428699,15.814
182,1,0,accepted,0.200961455052453,0.388740510831985,484217.728741151,4977409.83542359,-1.49485685369017,16.995
183,1,0,accepted,0.218616201823604,0.4317587717768,484217.81844756,4977408.73292932,-1.5012370176449,12.461
184,1,0,accepted,0.221282138776246,0.421473177108268,484217.909724739,4977407.66521243,-1.50817057308612,16.44
185,1,0,accepted,0.121832976351113,-0.120418421161574,484218.11935522,4977406.60895643,-1.52435032621128,19.383
186,1,0,accepted,0.0899898394837804,-0.27368584639612,484218.25851161,4977405.5185016,-1.5338351467718,20.506
187,1,0,accepted,0.0546798776833841,-0.394073219984743,484218.388886543,4977404.44466907,-1.54283163980626,21.855
188,1,0,accepted,0.0545050361161993,-0.409235465313206,484218.462918493,4977403.31947389,-1.54911819605882,22.271
189,1,0,accepted,0.0412916342386621,-0.218948317957965,484218.499159825,4977402.2088162,-1.55119665124498,24.171
190,1,0,accepted,0.0518803556123768,-0.0786466186385311,484218.5499771,4977401.09805849,-1.55344233018549,20.592
191,1,0,accepted,0.0716639318250284,-0.00223469060531745,484218.585153661,4977399.97459443,-1.55656235031291,17.021
192,1,0,accepted,0.0883028540661658,0.0324892789051608,484218.622765904,4977398.84605521,-1.55954764723368,20.2
193,1,0,accepted,0.111593766184534,0.239530754124053,484218.650503621,4977397.70625079,-1.55897628873189,21.99
194,1,0,accepted,0.130586087772629,0.335344730657533,484218.679310019,4977396.55841831,-1.55987974745163,22.976
195,1,0,accepted,0.114867515949312,0.323754134263874,484218.743242192,4977395.41498201,-1.5623355596568,25.506
196,1,0,accepted,0.119927443478627,0.397318529293909,484218.783110616,4977394.25902851,-1.56346948957105,27.75
197,1,0,accepted,0.102666604714223,0.234423389814157,484218.840048924,4977393.08778401,-1.56839088036626,37.931
198,1,0,accepted,0.0772141751590306,0.154238930052653,484218.900796331,4977391.90336738,-1.57161974277453,36.508
199,1,0,accepted,0.0479167425320415,0.0480150590172382,484218.966087641,4977390.72156762,-1.57522701788306,36.582
200,1,0,accepted,0.0573215853424566,-0.343821311842457,484219.095651799,4977389.53940893,-1.58384419459382,24.725
201,1,0,accepted,0.0513111328581478,-0.289343368683682,484219.107237351,4977388.35837834,-1.58427016001005,19.397
202,1,0,accepted,0.0608455721515956,-0.143204416477212,484219.107734221,4977387.18098568,-1.58304450002023,15.709
203,1,0,accepted,0.0572959336061598,-0.104008454294746,484219.118868868,4977386.04760398,-1.58358122014735,17.441
204,1,0,accepted,0.0525803054935165,-0.106990648910607,484219.124670519,4977384.82413782,-1.58318614560544,15.868
205,1,0,accepted,0.0586679188485996,-0.0901452442122963,484219.127945273,4977383.59236487,-1.5825327811537,17.506
206,1,0,accepted,0.0949524221036088,-0.00462109477016324,484219.111310741,4977382.3467734,-1.57985606258231,19.578
207,1,0,accepted,0.107451791288725,-0.0120409455591489,484219.126074706,4977381.09461818,-1.57852976189676,15.054
208,1,0,accepted,0.126540293157053,0.0308331425770369,484219.133389829,4977379.8618978,-1.57564646661994,14.26
209,1,0,accepted,0.144536840561148,0.0021725999873291,484219.14380876,4977378.61142237,-1.57336220124879,17.394
210,1,0,accepted,0.162945767462402,-0.0180264197420682,484219.154403361,4977377.37113166,-1.57063227859822,12.43
211,1,0,accepted,0.122361691622461,-0.0427129440241713,484219.226367822,4977376.14754443,-1.56741218816807,21.628
212,1,0,accepted,0.138722911481246,-0.0479232351053837,484219.248477137,4977374.88632214,-1.56363487350962,14.441
213,1,0,accepted,0.145900485067379,-0.0143696197455552,484219.284751914,4977373.62279075,-1.5589815288235,12.375
214,1,0,accepted,0.151249784241792,0.0918616202164826,484219.327607052,4977372.35971975,-1.55315815266764,15.996
215,1,0,accepted,0.115852464714961,0.236061105819403,484219.421814223,4977371.05274803,-1.54603703263151,12.265
216,1,0,accepted,0.124822694274191,0.384723635127089,484219.483852909,4977369.74955049,-1.53840762432706,13.474
217,1,0,accepted,0.122284438380722,0.48380326201755,484219.532793437,4977368.51158265,-1.53176391873897,15.973
218,1,0,accepted,0.111263867659973,0.342326110202686,484219.613759656,4977367.22251377,-1.52888178505757,17.274
219,1,0,accepted,0.09238306807448,0.235109116779545,484219.699159194,4977365.96544872,-1.5255148173066,24.974
220,1,0,accepted,0.0961357873544651,0.0626472305293562,484219.80120514,4977364.75642393,-1.52304082550704,15.956
221,1,0,accepted,0.117225147183681,0.0579515968483613,484219.878941984,4977363.49077971,-1.51760126691362,15.251
222,1,0,accepted,0.126733231250788,-0.0586798393579494,484219.964420599,4977362.20006874,-1.51402125756664,27.935
223,1,0,accepted,0.150443437452388,0.0160858270244198,484220.058560609,4977360.92568908,-1.50653513947408,18.698
224,1,0,accepted,0.126475424284876,-0.150773694109973,484220.226952165,4977359.63420332,-1.50311963541745,27.576
225,1,0,accepted,0.131843835097997,-0.240215363557522,484220.344867348,4977358.3344564,-1.49813026100436,24.136
226,1,0,accepted,0.157724651205931,-0.0490427762891387,484220.450541577,4977357.04934765,-1.48832591867082,29.587
227,1,0,accepted,0.164139265717594,-0.0216932729325455,484220.576149666,4977355.72803193,-1.48113800846726,18.672
228,1,0,accepted,0.157710385112025,-0.00966178278376234,484220.701643178,4977354.43067196,-1.47405126358886,17.168
229,1,0,accepted,0.164327811839684,0.0787040844092345,484220.839394567,4977353.12221093,-1.46571173076575,17.762
230,1,0,accepted,0.170295219949406,0.18359333298116,484220.990524294,4977351.8140231,-1.45746410047843,20.833
231,1,0,accepted,0.169602406185932,0.0890784050363871,484221.155955661,4977350.4968719,-1.45226678582113,17.385
232,1,0,accepted,0.151856162389399,0.0909286688468205,484221.349558161,4977349.17692771,-1.44596151235895,15.054
233,1,0,accepted,0.103193285509619,0.032317799572185,484221.584548871,4977347.84835661,-1.44043923911525,14.135
234,1,0,accepted,0.124067707985752,0.179904464756801,484221.768152041,4977346.54939011,-1.43129123508179,14.471
235,1,0,accepted,0.143775007912881,0.333553481248439,484221.957241471,4977345.24756803,-1.42213808019127,15.15
236,1,0,accepted,0.150128236588122,0.234509435195746,484222.155366318,4977343.90748201,-1.41731087039437,11.495
237,1,0,accepted,0.15083437283544,0.172083697363147,484222.374631727,4977342.57473246,-1.41173682802525,12.71
238,1,0,accepted,0.146206143448487,0.191978458976251,484222.603659472,4977341.24083658,-1.40479480419802,16.213
239,1,0,accepted,0.141442923787309,0.212729546855503,484222.845194177,4977339.88881327,-1.39751536917441,37.271
240,1,0,accepted,0.150897707222604,0.173398861598781,484223.095090269,4977338.51338752,-1.39207550784337,28.612
241,1,0,accepted,0.170054548134841,0.187674708106788,484223.334271457,4977337.19955867,-1.38495383050456,13.369
242,1,0,accepted,0.181486626463138,0.233382089954267,484223.59440026,4977335.86983571,-1.37806102865435,17.933
243,1,0,accepted,0.202723126299963,0.316702259150481,484223.84754347,4977334.56258695,-1.37054364430373,16.458
244,1,0,accepted,0.211970716029781,0.379196426724606,484224.128126327,4977333.2357789,-1.36375867509152,19.263
245,1,0,accepted,0.219346578499712,0.424959292229964,484224.424195091,4977331.89368537,-1.35810670088798,16.778
246,1,0,accepted,0.169622940987801,0.372281012228204,484224.77426714,4977330.60681255,-1.35533144491998,14.458
247,1,0,accepted,0.100607374082342,0.244320751211221,484225.15863625,4977329.3236201,-1.3548074205125,16.842
248,1,0,accepted,0.0953286755685903,0.257654193505043,484225.47680015,4977327.98040521,-1.35264597511636,12.033
249,1,0,accepted,0.0939408034587397,0.341049644744836,484225.800064171,4977326.63527141,-1.34899361604798,17.637
250,1,0,accepted,0.100778839038048,0.359680896188414,484226.125485676,4977325.27782741,-1.3465286626688,16.62
251,1,0,accepted,0.0925125734478763,0.21638041428699,484226.476861509,4977323.92157414,-1.34734446427819,16.128
252,1,0,accepted,0.0753899266127468,0.104911945742881,484226.846828513,4977322.57242834,-1.34775620917913,17.787
253,1,0,accepted,0.0843625158971011,0.0599008961454999,484227.175053905,4977321.2173527,-1.34727415355828,16.619
254,1,0,accepted,0.094978150105029,0.104578709810601,484227.496757141,4977319.88902856,-1.34473254487997,13.158
255,1,0,accepted,0.0995454820425325,0.113469625201387,484227.828206685,4977318.53603574,-1.34275546912876,13.322
256,1,0,accepted,0.0861748636412858,0.231076574115606,484228.162436168,4977317.21151536,-1.33949655336193,13.294
257,1,0,accepted,0.080041796628965,0.175879972404562,484228.499977624,4977315.88286849,-1.3390431764209,22.241
258,1,0,accepted,0.0678838117428937,0.17471081213058,484228.861299187,4977314.52546666,-1.33882016690313,16.004
259,1,0,accepted,0.0746870723798598,0.161029912194177,484229.190846413,4977313.19253467,-1.33753938360361,14.142
260,1,0,accepted,0.0697188631653638,0.0945771049446799,484229.54506895,4977311.85083348,-1.33804515872283,27.496
261,1,0,accepted,0.074398480081946,0.0921068614045615,484229.888382087,4977310.51995719,-1.33722290500418,19.111
262,1,0,accepted,0.0804745353355808,0.068708291128372,484230.239329152,4977309.16689948,-1.33660067829958,20.031
263,1,0,accepted,0.0789169706329224,0.0204434812555631,484230.612547964,4977307.83135248,-1.33718293967747,24.393
264,1,0,accepted,0.083206101045044,-0.0378614999853843,484230.958944399,4977306.45951639,-1.33685747885994,14.776
265,1,0,accepted,0.0873238389035644,0.0460910342713145,484231.314054724,4977305.0566996,-1.33512107384124,17.77
266,1,0,accepted,0.0953714005166432,0.0909495624181905,484231.667334647,4977303.68344091,-1.33393432341039,12.78
267,1,0,accepted,0.0960567480188087,0.157245295065414,484232.026263665,4977302.30529257,-1.33219321140144,15.771
268,1,0,accepted,0.102547891413539,0.137522572811132,484232.387549514,4977300.90722338,-1.33160126979588,11.29
269,1,0,accepted,0.113536412936667,0.153785718301808,484232.749640066,4977299.50613598,-1.33049499297299,10.634
270,1,0,accepted,0.123235438929741,0.219536774014122,484233.117798947,4977298.10177368,-1.32901721860109,14.823
271,1,0,accepted,0.144077856050738,0.247820387102057,484233.487231991,4977296.67839076,-1.32824710367102,15.267
272,1,0,accepted,0.1654777218788,0.245465580428028,484233.847978159,4977295.27259345,-1.32818066057267,14.518
273,1,0,accepted,0.172765340510709,0.275230365598808,484234.217009263,4977293.87532929,-1.32809631885286,16.91
274,1,0,accepted,0.17795264502702,0.234927457090899,484234.58017539,4977292.49952338,-1.32910135988106,17.746
275,1,0,accepted,0.19351064531723,0.257094510126132,484234.946922795,4977291.08832189,-1.32976014026239,17.837
276,1,0,accepted,0.205433209027086,0.237960628044373,484235.322762719,4977289.67075143,-1.33099837912855,18.505
277,1,0,accepted,0.213153941658409,0.231802480359796,484235.690029986,4977288.26214563,-1.33221891592119,16.966
278,1,0,accepted,0.240679952296396,0.254588959770144,484236.040373951,4977286.84320379,-1.33261945999265,14.177
279,1,0,accepted,0.257263532098175,0.307869528706902,484236.40106023,4977285.4182233,-1.33377706112767,14.523
280,1,0,accepted,0.246679801433833,0.126332977305606,484236.777897486,4977284.02378177,-1.33804983571965,15.805
281,1,0,accepted,0.170731430698312,0.174205074509939,484237.184188411,4977282.6840269,-1.33915122557022,21.776
282,1,0,accepted,0.1184867154723,0.153938797089638,484237.58325675,4977281.32185362,-1.34188158034235,13.733
283,1,0,accepted,0.10322573994561,0.235494849792856,484237.959669614,4977279.95786444,-1.34240043954883,14.046
284,1,0,accepted,0.0888265488631413,0.157962080059826,484238.35740989,4977278.57070511,-1.34717691921568,15.275
285,1,0,accepted,0.118484712283883,0.287933665733836,484238.739269631,4977277.20398217,-1.34839727701948,14.581
286,1,0,accepted,0.0508004641676603,0.0467733763126046,484239.140264265,4977275.69854825,-1.35628537649528,13.67
287,1,0,accepted,0.00356676734814493,-0.103420650375933,484239.498190001,4977274.24476508,-1.36152074183753,11.932
288,1,0,accepted,0.0333114441331809,0.0634877464235831,484239.812685607,4977272.79551443,-1.36211875943809,16.273
289,1,0,accepted,0.0649520464459805,-0.0296377327141912,484240.150865798,4977271.31232289,-1.36664400655099,12.226
290,1,0,accepted,0.0937425357908057,0.1304671777579,484240.457284769,4977269.86154125,-1.36739543656857,11.533
291,1,0,accepted,0.100935354933633,0.209947531490566,484240.781748583,4977268.42255953,-1.36940780110607,13.789
292,1,0,accepted,0.104342153158258,0.288846424818355,484241.102944098,4977266.98089689,-1.37137709204768,15.849
293,1,0,accepted,0.10363308072675,0.363352352941751,484241.416667197,4977265.58410949,-1.37382599833312,13.138
294,1,0,accepted,0.103189064387699,0.350527725063965,484241.74234711,4977264.12562946,-1.37785817459842,15.048
295,1,0,accepted,0.0959781270850737,0.126617363265589,484242.115821778,4977262.61082309,-1.38471702567054,24.047
296,1,0,accepted,0.0860972379091541,-0.018842275331815,484242.452957063,4977261.16130313,-1.39027595091531,22.705
297,1,0,accepted,0.0725453030800532,-0.194569447057037,484242.78249384,4977259.72614196,-1.39651027126278,14.645
298,1,0,accepted,0.0686143461286472,-0.232418680841244,484243.078156347,4977258.28006005,-1.40048138272047,14.287
299,1,0,accepted,0.0310339353236644,-0.362603216265279,484243.370840637,4977256.85669562,-1.40620330186741,13.194
300,1,0,accepted,0.0615779732379036,-0.249574779339384,484243.625993907,4977255.41183021,-1.40744823401996,15.498
301,1,0,accepted,0.114059135224634,0.0801603966260378,484243.862384097,4977253.94576656,-1.40462044185444,12.365
302,1,0,accepted,0.0660294355020021,0.108437196648679,484244.181900802,4977252.53885157,-1.40744019334188,11.517
303,1,0,accepted,0.0194813194966974,0.0577316510454027,484244.503756957,4977251.13007358,-1.41126361006285,15.554
304,1,0,accepted,0.0241358122486285,0.116288505523439,484244.775254534,4977249.69019703,-1.41343101439063,15.814
305,1,0,accepted,0.024617274999378,0.118033980053525,484245.047739092,4977248.26614921,-1.41662461030564,11.263
306,1,0,accepted,0.0333836899500506,0.00268481097263151,484245.306563937,4977246.83850402,-1.42138000322044,14.567
307,1,0,accepted,0.0430488157397323,-0.00432971841220878,484245.545586774,4977245.39358878,-1.42473642736547,14.617
308,1,0,accepted,0.0515297350451402,0.0428000670692984,484245.783859022,4977243.95120177,-1.42708864652874,14.6
309,1,0,accepted,0.0696660266922084,0.126160871525288,484246.010573847,4977242.50827322,-1.42876688754413,11.882
310,1,0,accepted,0.0650717367177631,0.196041233324659,484246.254127392,4977241.09601808,-1.43078538384439,17.79
311,1,0,accepted,0.0870515050509029,0.175187075138839,484246.469065391,4977239.63280492,-1.43391219225768,13.833
312,1,0,accepted,0.0929453833941681,0.200666128594928,484246.692921442,4977238.19090195,-1.43587810878782,13.938
313,1,0,accepted,0.0951860266183999,0.105191270690671,484246.910064938,4977236.78867149,-1.43933570661939,16.616
314,1,0,accepted,0.117421920478681,0.188905330081969,484247.115872277,4977235.34805585,-1.44072878182137,13.107
315,1,0,accepted,0.137464111250622,0.202410875073643,484247.320901855,4977233.91945753,-1.44287530891676,11.174
316,1,0,accepted,0.126796336906029,0.277136004077071,484247.539397371,4977232.54297545,-1.44479187325072,18.408
317,1,0,accepted,0.12873226942325,0.303015142797422,484247.747763181,4977231.16413924,-1.44680883168746,25.473
318,1,0,accepted,0.0972495294360429,-0.138498386852895,484248.07029886,4977229.83086959,-1.45664752077896,17.905
319,1,0,accepted,0.0819354437129351,-0.0661369850195246,484248.25013076,4977228.38476214,-1.45753339774895,19.482
320,1,0,accepted,0.0612773908056392,-0.116896323658228,484248.452374248,4977226.93495824,-1.46022886137425,14.606
321,1,0,accepted,0.0543821871437216,-0.136235115179057,484248.64512333,4977225.48963823,-1.4627744898851,17.607
322,1,0,accepted,0.0327101840319262,-0.121663687924644,484248.864157215,4977224.07357201,-1.46476694209521,12.278
323,1,0,accepted,0.030045992288447,-0.154113170769955,484249.059313025,4977222.62896242,-1.46756469230606,17.683
324,1,0,accepted,0.0555650842001379,-0.0145466005699912,484249.22643204,4977221.19544751,-1.46738664133365,10.443
325,1,0,accepted,0.0954925200416654,-0.102994218893127,484249.397368628,4977219.70772201,-1.47109819058959,10.606
326,1,0,accepted,0.11578787806225,-0.218348925772047,484249.573444344,4977218.27101991,-1.47490903150043,12.665
327,1,0,accepted,0.155138418836986,-0.194896189392499,484249.740915027,4977216.83610473,-1.47618708382469,15.256
328,1,0,accepted,0.156379393088259,0.00518009287615227,484249.894701002,4977215.40543287,-1.47476426597882,12.534
329,1,0,accepted,0.128851746580163,0.0230177843170693,484250.078220694,4977213.99953323,-1.47527554682648,14.371
330,1,0,accepted,0.125248518074779,0.0120186741908923,484250.254667289,4977212.5726341,-1.47777638430581,15.514
331,1,0,accepted,0.122657248197018,0.085903224969732,484250.420176628,4977211.15932341,-1.4779775613265,12.552
332,1,0,accepted,0.128943273693354,0.0331579102397514,484250.643893327,4977209.66505247,-1.4790319451504,20.144
333,1,0,accepted,0.147523907987906,0.072811439865831,484250.798954984,4977208.22712112,-1.48073453512731,12.475
334,1,0,accepted,0.165349853918931,0.0971535326747012,484251.008068605,4977206.77041085,-1.4819174845999,15.064
335,1,0,accepted,0.178163945114311,0.0699435124797981,484251.173526171,4977205.32840712,-1.48326648684141,25.804
336,1,0,accepted,0.111003911090231,-0.199577206788795,484251.350818574,4977203.96200654,-1.48944733438048,19.269
337,1,0,accepted,0.0804628354151892,0.00995591237129471,484251.428470107,4977202.59837548,-1.48757457215099,13.171
338,1,0,accepted,0.0497391298733739,-0.15951548374287,484251.607042632,4977201.20116409,-1.49141311149005,17.323
339,1,0,accepted,0.0750101564858667,-0.047487615381655,484251.736240606,4977199.7762835,-1.49154659598059,14.777
340,1,0,accepted,0.107398507184438,0.0716702477079812,484251.863155882,4977198.3154341,-1.49127056323885,16.346
341,1,0,accepted,0.0615327908229505,-0.0533170646923634,484252.058143294,4977196.95794179,-1.49511629120103,14.179
342,1,0,accepted,0.0653650312875311,0.0155194312459925,484252.197182464,4977195.50102229,-1.49532364185142,16.593
343,1,0,accepted,0.0628271853750973,-0.0149828680673049,484252.346664439,4977194.06146909,-1.49727304794395,16.695
344,1,0,accepted,0.0796531199019062,0.0442629531828677,484252.495805194,4977192.58601666,-1.49728157993484,13.998
345,1,0,accepted,0.0934609346186055,0.0073458122721631,484252.629558964,4977191.1395491,-1.499018648322,14.574
346,1,0,accepted,0.0956991714313405,0.0817602642419283,484252.759400501,4977189.73164225,-1.49883183247814,16.716
347,1,0,accepted,0.0424347787622399,-0.0112058667188277,484252.926201924,4977188.37236364,-1.50100682606122,15.368
348,1,0,accepted,0.0491354903560342,0.00887169376251092,484253.057477771,4977186.95316073,-1.50156613878909,15.773
349,1,0,accepted,0.0655874872664793,0.00557312263168074,484253.236489198,4977185.59390222,-1.50213378727303,20.104
350,1,0,accepted,0.0753021773807462,0.0460490690343949,484253.356358835,4977184.18136078,-1.50183608917213,21.138
351,1,0,accepted,0.0697376760047397,0.086750510289624,484253.46557767,4977182.73434771,-1.50105402870336,18.5
352,1,0,accepted,0.0708632991756972,0.0742531014629445,484253.575460747,4977181.31353865,-1.50115389170707,14.396
353,1,0,accepted,0.0661657566679679,0.0948466883130835,484253.708635472,4977179.89446851,-1.50093944157549,14.514
354,1,0,accepted,0.0773083536092079,0.00953280760108229,484253.826840404,4977178.45824859,-1.50236676943812,17.677
355,1,0,accepted,0.0946083684761655,-0.0267392411786035,484253.944754748,4977177.04678257,-1.50305523709724,17.062
356,1,0,accepted,0.1042127429509,-0.00560279886546717,484254.068638589,4977175.63212115,-1.5027890959148,20.172
357,1,0,accepted,0.115414809182002,0.0301507178435261,484254.187805348,4977174.20020757,-1.50228229605067,25.341
358,1,0,accepted,0.118610077973416,0.131118440911795,484254.3049075,4977172.75765337,-1.50062800024467,16.95
359,1,0,accepted,0.108834816095196,0.24679358918072,484254.433243087,4977171.33928799,-1.49838202519633,16.769
360,1,0,accepted,0.112001021493903,0.247097869672992,484254.557538357,4977169.90352482,-1.49823031858748,19.67
361,1,0,accepted,0.0944546733004867,0.219705578235912,484254.690362841,4977168.49409713,-1.49841213366097,16.381
362,1,0,accepted,0.10858998252807,0.152911577427425,484254.814531191,4977167.04993569,-1.49921702406566,26.59
363,1,0,accepted,0.122775986987976,0.060296954665735,484254.936006306,4977165.60632247,-1.50056337739217,19.467
364,1,0,accepted,0.129005423460713,-0.0622340720139413,484255.058413512,4977164.19187565,-1.50253325578818,22.814
365,1,0,accepted,0.162793723357545,-0.00298155147148427,484255.16951014,4977162.74599798,-1.50093930456554,25.248
366,1,0,accepted,0.186949164167955,-0.00284080191234421,484255.279941749,4977161.3068094,-1.50035661630515,14.886
367,1,0,accepted,0.196208344515633,-0.00996543373893473,484255.391502536,4977159.88350703,-1.49979755949268,16.323
368,1,0,accepted,0.199668547744184,0.0583949427294297,484255.502114095,4977158.44777262,-1.49796710575277,14.723
369,1,0,accepted,0.202092301247986,0.106698581004216,484255.617409036,4977157.01549195,-1.49642274400088,12.619
370,1,0,accepted,0.19234558388909,0.0675146781434043,484255.726296547,4977155.62191078,-1.49636091945482,13.227
371,1,0,accepted,0.196910325457952,0.146612190913625,484255.849382802,4977154.19252042,-1.49424312789531,17.296
372,1,0,accepted,0.201333250516983,0.222436085543792,484255.97262979,4977152.80510156,-1.49225945365734,21.988
373,1,0,accepted,0.203655404925361,0.241648050271555,484256.105690837,4977151.41017807,-1.48995870169325,21.593
374,1,0,accepted,0.139960710618997,0.175350090821921,484256.33772913,4977150.07371251,-1.48984228454296,18.354
375,1,0,accepted,0.143860561117116,0.0201728119623461,484256.534479898,4977148.6813337,-1.49057732299687,23.294
376,1,0,accepted,0.144434155412111,-0.0860250413839545,484256.707554171,4977147.24302103,-1.49039924541476,22.717
377,1,0,accepted,0.138943519361179,-0.209729595182372,484256.892065301,4977145.81351983,-1.49121101945322,16.213
378,1,0,accepted,0.0378677155829964,-0.490832840283517,484257.077210709,4977144.28385703,-1.49426464447481,17.774
379,1,0,accepted,0.0121326392131104,-0.424277634185291,484257.193324206,4977142.83591128,-1.49168982188838,13.116
380,1,0,accepted,0.0405176319345488,-0.347619652505592,484257.333874127,4977141.38828473,-1.48865985276431,11.615
381,1,0,accepted,0.0749529248770878,-0.295149332461687,484257.473149099,4977139.92584989,-1.48630875752378,25.435
382,1,0,accepted,0.0919319872379607,-0.23434740223578,484257.615168624,4977138.5099083,-1.48375141623188,22.881
383,1,0,accepted,0.0822011572925364,-0.0442493295136756,484257.767782233,4977137.11804385,-1.4789805122306,30.173
384,1,0,accepted,0.0604383847574914,0.115150111836382,484257.952695899,4977135.70758359,-1.47526549255247,14.706
385,1,0,accepted,0.0464875384969628,0.0274368827937774,484258.128693528,4977134.32576002,-1.47549614411247,13.501
386,1,0,accepted,0.0262235719906353,-0.0952304505668163,484258.318620382,4977132.91870853,-1.47576641932306,13.88
387,1,0,accepted,0.0495984566532718,-0.159912025619595,484258.511455694,4977131.55403276,-1.47580481063837,18.049
388,1,0,accepted,0.0458762066336391,-0.152355205670431,484258.667295525,4977130.14615398,-1.47429363712561,24.024
389,1,0,accepted,0.0429339184027179,-0.147025987728007,484258.821698972,4977128.72285723,-1.47260812827554,13.148
390,1,0,accepted,0.0762216609123678,-0.0237513377832872,484258.973081295,4977127.34811791,-1.46895513069735,12.361
391,1,0,accepted,0.0784941236692324,-0.0243137526837024,484259.132628355,4977125.93551797,-1.46745256819045,20.53
392,1,0,accepted,0.0898585727506951,0.0374081202138124,484259.2926466,4977124.54299937,-1.46541930458656,18.414
393,1,0,accepted,0.0911392716615673,0.045407255488236,484259.458960887,4977123.13735226,-1.4637538967499,12.787
394,1,0,accepted,0.0977161000414684,0.0817325007661201,484259.623584332,4977121.71989912,-1.46177971882071,17.828
395,1,0,accepted,0.106655660332171,0.0884729531243741,484259.792829256,4977120.28580467,-1.46053195030258,14.314
396,1,0,accepted,0.0984609458842714,0.109495700010933,484259.982092178,4977118.89076624,-1.45917686611673,16.436
397,1,0,accepted,0.103413231932121,0.113106311259892,484260.165556091,4977117.46867845,-1.4579974551472,15.369
398,1,0,accepted,0.108756056569693,0.148362274791594,484260.350253571,4977116.07861626,-1.45594270244392,11.441
399,1,0,accepted,0.0813899806214601,0.180640625673501,484260.549897309,4977114.71455794,-1.45438391590115,19.476
400,1,0,accepted,0.0848270573576423,0.190147780883001,484260.735602302,4977113.32396734,-1.45300600358324,18.657
401,1,0,accepted,0.103608580613539,0.28888859977133,484260.914034778,4977111.9167942,-1.44963823642869,14.306
402,1,0,accepted,0.103927630739664,0.311419886150618,484261.096988377,4977110.55164348,-1.44762269757972,16.481
403,1,0,accepted,0.11166857847186,0.238183097015876,484261.284803853,4977109.16673287,-1.447446918424,19.474
404,1,0,accepted,0.120724296666498,0.18261301211957,484261.470287518,4977107.77491139,-1.44642396060912,16.555
405,1,0,accepted,0.126497246171948,0.115648987774382,484261.655891936,4977106.42454339,-1.44546587477412,17.091
406,1,0,accepted,0.126927983818983,0.0817336246632195,484261.849956252,4977105.06136668,-1.44379953778483,15.073
407,1,0,accepted,0.102143669442677,0.0549868806032583,484262.07102855,4977103.74946425,-1.44200752999172,14.641
408,1,0,accepted,0.114717085353453,0.0144555962567738,484262.256868438,4977102.35184186,-1.44045109498668,16
409,1,0,accepted,0.133496106334368,0.0220196901558807,484262.451028286,4977100.94566537,-1.43819915288411,15.576
410,1,0,accepted,0.152227703789445,0.0638408418401181,484262.655471748,4977099.5567974,-1.43518945269868,12.925
411,1,0,accepted,0.133852063939715,-0.0135390916479103,484262.866055381,4977098.24242427,-1.43428626733004,14.174
412,1,0,accepted,0.131187244596301,0.0735010489642036,484263.081842862,4977096.90145144,-1.43120967728988,16.481
413,1,0,accepted,0.135303958482021,0.160683716472555,484263.29592422,4977095.54500654,-1.42786831128959,17.826
414,1,0,accepted,0.123991695389778,0.221980687750019,484263.527267753,4977094.20772823,-1.4245013533201,14.009
415,1,0,accepted,0.130513074950426,0.220958595118824,484263.743696641,4977092.85944039,-1.4228192631747,16.297
416,1,0,accepted,0.135526090727433,0.19126772186337,484263.965529868,4977091.51935988,-1.42114864567059,19.98
417,1,0,accepted,0.136658159460864,0.149835770974839,484264.185210368,4977090.18135115,-1.41971272514346,16.395
418,1,0,accepted,0.137867637248123,0.186609304061093,484264.402796539,4977088.87397594,-1.4174135162469,13.311
419,1,0,accepted,0.144178902163685,0.17826245300284,484264.625232083,4977087.54650967,-1.41515187041707,17.656
420,1,0,accepted,0.163775799301331,0.259535805254084,484264.849087241,4977086.20293018,-1.41177141153541,13.669
421,1,0,accepted,0.180218220182874,0.352257677656878,484265.076913317,4977084.8649782,-1.40831331438485,15.624
422,1,0,accepted,0.178399391007173,0.325937119113002,484265.313612373,4977083.53889784,-1.40715128753148,17.311
423,1,0,accepted,0.184162472198091,0.321080809079234,484265.548676988,4977082.21019794,-1.4056501003545,22.08
424,1,0,accepted,0.188439720633992,0.207880894801441,484265.78306632,4977080.90659588,-1.40589011202818,17.271
425,1,0,accepted,0.122632640801536,-0.2389871540271,484266.169563445,4977079.6198536,-1.41213650408677,17.439
426,1,0,accepted,0.135482328817604,-0.13221042811854,484266.418706274,4977078.29573196,-1.40805992444783,13.569
427,1,0,accepted,0.13354989498906,-0.102142275284937,484266.665293123,4977076.98068292,-1.40644729480386,14.296
428,1,0,accepted,0.131138988733606,-0.0053898161261695,484266.90220108,4977075.66456767,-1.4031559001832,24.077
429,1,0,accepted,0.123365823695459,0.019144602105538,484267.13531338,4977074.36083132,-1.40146468087065,13.62
430,1,0,accepted,0.0230650886968237,-0.0804028106832185,484267.406528679,4977073.14943196,-1.40141930649806,12.773
431,1,0,accepted,0.0356866819291595,-0.0980664335751535,484267.64329112,4977071.88938482,-1.39984503195809,14.75
432,1,0,accepted,0.0438493231674169,-0.12112257401791,484267.894290548,4977070.59043355,-1.39848652657361,14.722
433,1,0,accepted,0.0267296785827161,-0.0575683793065756,484268.141535058,4977069.26116779,-1.39603704885303,22.222
434,1,0,accepted,0.0124063911257719,0.0119703910927363,484268.387886201,4977067.93179701,-1.39299961874358,15.864
435,1,0,accepted,0.0481555581225373,0.0417965634189391,484268.640218388,4977066.57023404,-1.39103136177307,15.203
436,1,0,accepted,0.0694737102834333,0.00845780506759104,484268.89633112,4977065.23622627,-1.38965842236592,12.776
437,1,0,accepted,0.0899743037962617,0.00204385508250753,484269.164062965,4977063.91264953,-1.38804032392642,24.066
438,1,0,accepted,0.0932316472159018,0.00621844251228428,484269.425482146,4977062.59985233,-1.3856953793793,15.17
439,1,0,accepted,0.0897019692004902,0.101001010288263,484269.687785182,4977061.28990722,-1.38211614719074,12.893
440,1,0,accepted,0.0722619773770713,0.0959793119308242,484269.930672086,4977060.04031759,-1.37997389885433,11.53
441,1,0,accepted,0.0901975633592151,0.132291958143782,484270.204876918,4977058.70160186,-1.37701358607435,13.299
442,1,0,accepted,0.0864618733835438,0.0680993714846882,484270.481016996,4977057.40314204,-1.37611099909508,13.192
443,1,0,accepted,0.101753868209228,0.0861740686051174,484270.740414985,4977056.09596335,-1.37336616530246,15.753
444,1,0,accepted,0.0987228614517445,0.121372242047397,484271.02484674,4977054.80764505,-1.37079924341577,12.341
445,1,0,accepted,0.102085873502379,0.166517957792283,484271.307716126,4977053.50223637,-1.36764736417056,13.376
446,1,0,accepted,0.103489063232202,0.184447678295616,484271.594875743,4977052.19865895,-1.36438333433336,14.428
447,1,0,accepted,0.113527060026095,0.185252995793357,484271.878794132,4977050.89173662,-1.3617504870242,12.331
448,1,0,accepted,0.11895711126671,0.216722214956581,484272.167371837,4977049.58902884,-1.35827869655606,13.219
449,1,0,accepted,0.112511894817807,0.198949624818216,484272.466953052,4977048.30729854,-1.35545331572955,14.303
450,1,0,accepted,0.0183852130911634,-0.162613660049271,484272.868932621,4977047.0802679,-1.35848436785027,25.378
451,1,0,accepted,0.0415670632063278,-0.231858330794395,484273.174716468,4977045.81773163,-1.35644927291044,25.229
452,1,0,accepted,0.0456753217036519,-0.257567356218824,484273.484912232,4977044.53887023,-1.35386872029153,29.982
453,1,0,accepted,0.0646819933410281,-0.1561258128009,484273.769323675,4977043.27751938,-1.34854262174218,15.707
454,1,0,accepted,0.0569328900898089,0.0194846900385326,484274.083873361,4977041.99589844,-1.34216622049331,25.155
455,1,0,accepted,0.0404431908092976,0.0712905200554422,484274.394023032,4977040.7025941,-1.33729681929965,15.707
456,1,0,accepted,0.0468671944216054,0.108430447291538,484274.701620145,4977039.41396199,-1.33250532862134,14.744
457,1,0,accepted,0.0570630320279341,0.346989152958504,484275.011855706,4977038.1577445,-1.32447207867092,18.855
458,1,0,accepted,0.0431293866488683,0.419537356684056,484275.354425316,4977036.9032541,-1.31899297738154,13.516
459,1,0,accepted,0.039069239934483,0.429376693526182,484275.693187697,4977035.65445823,-1.31501645241846,14.061
460,1,0,accepted,0.0457217610632106,0.396178544918507,484276.023306586,4977034.42531461,-1.31138760919336,16.485
461,1,0,accepted,0.0518924108437994,0.299879603838649,484276.364282226,4977033.16878291,-1.30884979582641,25.872
462,1,0,accepted,0.0630774202073074,0.198572494249625,484276.695756503,4977031.95293519,-1.30638302307572,12.99
463,1,0,accepted,0.0733474499513038,0.175488789034865,484277.042032015,4977030.73153282,-1.30228496309942,17.581
464,1,0,accepted,0.193508635708683,0.155868034711976,484277.372926365,4977029.68870389,-1.29810230197783,14.466
465,1,0,accepted,0.182689618455149,0.261127859017249,484277.732389279,4977028.46282396,-1.29229636778775,17.993
466,1,0,accepted,0.172463210286135,0.288166321895817,484278.08989845,4977027.23814108,-1.28783053189425,17.015
467,1,0,accepted,0.142206205247426,0.327065435149512,484278.450670793,4977025.99651296,-1.28270232189512,14.048
468,1,0,accepted,0.141174624647645,0.390073785376782,484278.815258171,4977024.78528205,-1.27753697355491,15.184
469,1,0,accepted,0.114628867726181,0.294104201965669,484279.20174859,4977023.55314402,-1.27481526464416,24.555
470,1,0,accepted,0.113305715769673,0.283242938152862,484279.571999596,4977022.3729554,-1.27077443265511,15.721
471,1,0,accepted,0.111215988862624,0.234781257625473,484279.956141567,4977021.18827373,-1.26730586984748,39.602
472,1,0,accepted,0.111845591483275,0.22758119177166,484280.338867388,4977019.99891179,-1.26315328432373,17.476
473,1,0,accepted,0.100069494968741,0.221471131452377,484280.733057251,4977018.80734204,-1.2589335792791,23.961
474,1,0,accepted,0.0777562207929354,0.0787556482571778,484281.160033665,4977017.63113962,-1.25750684642188,17.996
475,1,0,accepted,0.0511466197838661,-0.000862981303328333,484281.574533044,4977016.42681819,-1.25486173106833,23.5
476,1,0,accepted,0.0419979508828175,-0.10182896925401,484281.988463218,4977015.22085934,-1.25239461408536,15.319
477,1,0,accepted,0.0580247403057742,-0.0957346544727957,484282.392197656,4977014.04369072,-1.24843617070477,20.345
478,1,0,accepted,0.0587990864662901,-0.200158165349292,484282.831645425,4977012.86803398,-1.24651375029975,17.351
479,1,0,accepted,0.0948671280233637,0.147809145273976,484283.236897422,4977011.67801181,-1.2364278566126,16.219
480,1,0,accepted,0.1040563995534,0.109076532260715,484283.660861255,4977010.51457337,-1.23305436741985,23.373
481,1,0,accepted,0.114181463942147,0.197642439216385,484284.097029107,4977009.34282513,-1.22769948089387,17.214
482,1,0,accepted,0.119554650974398,0.254658996368325,484284.507998516,4977008.18976263,-1.22292590597465,13.367
483,1,0,accepted,0.131890945793865,0.279052790761184,484284.933618952,4977007.04966522,-1.21867462851479,15.664
484,1,0,accepted,0.138531773304725,0.315775622504922,484285.368047062,4977005.89791765,-1.21403310270496,13.645
485,1,0,accepted,0.14168599281915,0.253453423523462,484285.796425477,4977004.76249779,-1.21118863988341,14.603
486,1,0,accepted,0.151536859448824,0.178127070863598,484286.231999616,4977003.61817968,-1.20820411561384,20.548
487,1,0,accepted,0.0794341378523524,0.24977251290729,484286.704440621,4977002.55280651,-1.20372419090289,20.408
488,1,0,accepted,0.0808399185114076,0.213610400483257,484287.147536215,4977001.42586531,-1.20021736387883,14.463
489,1,0,accepted,0.0918237130951731,0.322240441290138,484287.604079515,4977000.27442739,-1.1938128468417,18.032
490,1,0,accepted,0.0573171003545237,0.249325663084762,484288.067426274,4976999.21444286,-1.19264699528763,19.094
491,1,0,accepted,0.0719965689404802,0.243936222601362,484288.51816014,4976998.09933185,-1.18905321922696,16.747
492,1,0,accepted,0.0720705815969585,0.0384132564348493,484289.031014125,4976997.04869711,-1.1888009131398,17.764
493,1,0,accepted,0.0869186494899588,-0.139498110840502,484289.528062407,4976995.94689233,-1.18814675169953,15.266
494,1,0,accepted,0.0896653473702794,-0.200339028792345,484290.001434587,4976994.82569351,-1.18572682781345,12.346
495,1,0,accepted,0.086159583537706,-0.162233114879221,484290.443696612,4976993.69464083,-1.18110209395203,14.138
496,1,0,accepted,0.0715177598830322,-0.186026220097093,484290.932889893,4976992.57241542,-1.17838275550131,11.411
497,1,0,accepted,0.0496912014084412,-0.216266765585521,484291.433801739,4976991.44002358,-1.17559537577754,15.227
498,1,0,accepted,0.0375328058956857,-0.18709047724762,484291.925419147,4976990.31567297,-1.17180438638799,15.842
499,1,0,accepted,0.0320102999900291,-0.0774952443394605,484292.423165352,4976989.18953969,-1.16615219064677,13.741
500,1,0,accepted,0.0331559787773352,0.0110827739578203,484292.921417855,4976988.08242809,-1.16103148224282,18.707
501,1,0,accepted,0.0299720801217806,0.0366622731800218,484293.429486713,4976986.95339182,-1.15710818612349,30.162
502,1,0,accepted,0.0510239996588704,-0.0629970884352232,484293.954172095,4976985.79798996,-1.15558597602827,14.903
503,1,0,accepted,0.0850494501176194,-0.0588210119345897,484294.466075217,4976984.67548681,-1.15259740683345,12.089
504,1,0,accepted,0.121607412997575,-0.0577324806298874,484295.00551074,4976983.54346989,-1.14764751680653,16.951
505,1,0,accepted,0.144872605014191,0.0197691808579814,484295.528163605,4976982.41937163,-1.14335653259619,12.722
506,1,0,accepted,0.146958624161864,0.15498865598829,484296.07417401,4976981.32324196,-1.13776312228292,18.417
507,1,0,accepted,0.114460235105045,0.262671777849695,484296.571885628,4976980.24908895,-1.1334585476925,24.816
508,1,0,accepted,0.0971305681232729,0.285491641039845,484297.091290731,4976979.17205922,-1.13073724441827,16.24
509,1,0,accepted,0.0433012142856925,0.210820209803748,484297.587351122,4976978.1401594,-1.12983693841956,19.711
510,1,0,accepted,0.0544851820800741,0.192378868988111,484298.096332605,4976977.08973539,-1.12827647429973,14.533
511,1,0,accepted,0.0793255798333888,0.257132370713589,484298.611276337,4976975.9766692,-1.12503706022801,14.583
512,1,0,accepted,0.105723439370729,0.371192009927754,484299.124084456,4976974.89672459,-1.12146861849601,14.802
513,1,0,accepted,0.112509418763386,0.343959786675491,484299.659611201,4976973.81241834,-1.12054133555757,14.109
514,1,0,accepted,0.105814535845214,0.31061969046912,484300.20897793,4976972.70446423,-1.12006219611014,12.443
515,1,0,accepted,0.0894229766391898,0.242801504697202,484300.781072962,4976971.57332805,-1.12044480659955,17.714
516,1,0,accepted,0.0576863769458238,0.197906438567693,484301.351460157,4976970.49844051,-1.12102791243316,14.692
517,1,0,accepted,0.0288683176823634,-0.120148260455374,484301.984728374,4976969.3782605,-1.12665037291691,19.889
518,1,0,accepted,0.0387320759262168,-0.177077127027062,484302.542279673,4976968.27334918,-1.12746610428571,14.624
519,1,0,accepted,0.0355199016874552,-0.148210172030579,484303.080304136,4976967.15909454,-1.12687081512675,13.033
520,1,0,accepted,0.0185217249247117,-0.099649708989192,484303.626449863,4976966.07761276,-1.12612430208292,17.133
521,1,0,accepted,0.0178990554109924,-0.0647968934698984,484304.165601942,4976964.97184778,-1.12603641492053,11.632
522,1,0,accepted,0.0118685734838785,-0.0425902844958933,484304.718513952,4976963.88661167,-1.12696168943426,21.075
523,1,0,accepted,0.0079549267317778,-0.0730342445947515,484305.262059933,4976962.78708897,-1.12832541751467,17.018
524,1,0,accepted,0.0162752385989617,-0.0684269634892904,484305.803070983,4976961.68613598,-1.12962902557602,13.537
525,1,0,accepted,0.0664184720429382,-0.0404757852472526,484306.326992546,4976960.62943377,-1.13078309977872,11.889
526,1,0,accepted,0.0593371039433835,-0.119959195951858,484306.861095826,4976959.51283661,-1.13267272679329,19.578
527,1,0,accepted,0.0531924020216402,-0.0558207820192841,484307.394815295,4976958.38835278,-1.133663041767,13.077
528,1,0,accepted,0.051757276121654,-0.0494959266131677,484307.937783379,4976957.25995375,-1.13512547103221,16.641
529,1,0,accepted,0.0510564448959212,-0.0237209895673528,484308.471589037,4976956.13815035,-1.13691878728846,12.834
530,1,0,accepted,0.0606495587607788,0.0809553269792193,484309.011026482,4976955.00449218,-1.13795184919056,18.601
531,1,0,accepted,0.0737975579570871,0.114283066471768,484309.54948179,4976953.87144172,-1.14039184324628,13.884
532,1,0,accepted,0.0935222931923163,0.166828795528827,484310.084087559,4976952.73980171,-1.14270816864673,19.028
533,1,0,accepted,0.111755646968281,0.21851272924598,484310.622375032,4976951.59946982,-1.14564916156337,17.452
534,1,0,accepted,0.115481304253691,0.306067692061831,484311.151175451,4976950.48398018,-1.14818211389571,18.63
535,1,0,accepted,0.109586530997939,0.287401755832228,484311.677020513,4976949.3717307,-1.15214760569924,15.03
536,1,0,accepted,0.109540137636727,0.286447638983923,484312.185237275,4976948.25685213,-1.15566761222138,23.233
537,1,0,accepted,0.0944965807039035,0.314449086369123,484312.690779573,4976947.15470899,-1.15908169606301,14.187
538,1,0,accepted,0.0973492552527137,0.225583170465837,484313.189628764,4976946.0327235,-1.16380446381717,15.394
539,1,0,accepted,0.0993019104726055,0.295620324345298,484313.683319773,4976944.9030774,-1.16633714385371,23.158
540,1,0,accepted,0.0981348411402414,0.394731247226964,484314.159340796,4976943.79640773,-1.16879339421866,21.155
541,1,0,accepted,0.0988568163109087,0.418787494672674,484314.653736812,4976942.66634987,-1.17207100959301,20.373
542,1,0,accepted,0.104726079358727,0.422155532190736,484315.131031132,4976941.55166093,-1.17590167360976,21.206
543,1,0,accepted,0.111770286621871,0.319283086591792,484315.604475677,4976940.41746641,-1.18118928430259,19.364
544,1,0,accepted,0.106356546621793,0.241670820778583,484316.084993125,4976939.3058214,-1.18601318149114,26.683
545,1,0,accepted,0.116141796100511,0.251853885133262,484316.552703264,4976938.17541958,-1.18928884107002,19.319
546,1,0,accepted,0.083530636934693,-0.0162198095918969,484317.070113939,4976937.1073577,-1.19769522838227,18.992
547,1,0,accepted,0.0896343728024602,-0.0309239418573871,484317.53402566,4976935.96968645,-1.20154334658948,16.619
548,1,0,accepted,0.104416689500202,0.0249132580435899,484317.978539178,4976934.83129438,-1.20416974112696,17.207
549,1,0,accepted,0.100976880809135,-0.03695609778713,484318.44948297,4976933.67785054,-1.20898974857241,15.514
550,1,0,accepted,0.115792478665261,0.0580043709626386,484318.881342818,4976932.55148824,-1.21091235526036,16.56
551,1,0,accepted,0.128332312144144,0.126077157409088,484319.318256801,4976931.40116917,-1.21387980097801,16.748
552,1,0,accepted,0.124865815273669,0.184260215545149,484319.76938658,4976930.24173975,-1.21656921539867,31.218
553,1,0,accepted,0.110980023405942,0.175838529936586,484320.225248907,4976929.06613322,-1.22042024796453,16.462
554,1,0,accepted,0.0803319115662816,0.144782553506468,484320.706328501,4976927.94659848,-1.22475067403667,14.808
555,1,0,accepted,0.0686131055772729,0.104435568664245,484321.158453891,4976926.797425,-1.22901760915339,14.152
556,1,0,accepted,0.040207407967123,-0.0250705023609485,484321.604350674,4976925.64112632,-1.23466066489011,15.259
557,1,0,accepted,0.0220849997981186,-0.0748670084184359,484322.053302667,4976924.44879485,-1.23934074486049,17.072
558,1,0,accepted,0.0546700666622975,-0.115590721187197,484322.484333706,4976923.25701349,-1.2437776696982,14.432
559,1,0,accepted,0.0753190372382809,0.0378574686135221,484322.899466077,4976922.06553413,-1.24453922203736,15.622
560,1,0,accepted,0.0794443845956098,0.0695504609362996,484323.310241105,4976920.90050768,-1.24788393761312,15.41
561,1,0,accepted,0.074650602738851,0.0787851332423156,484323.714496464,4976919.74996353,-1.25117885210367,18.77
562,1,0,accepted,0.0674063052487834,0.0943375585553174,484324.119795243,4976918.58871447,-1.25427822043297,17.442
563,1,0,accepted,0.0599951915065265,0.0722863962097388,484324.51758337,4976917.44513244,-1.25852209746448,15.791
564,1,0,accepted,0.0712646365748104,0.0250462034288776,484324.914038253,4976916.26494753,-1.26257213619918,20.431
565,1,0,accepted,0.0860463374837967,-0.0111106523566744,484325.307173474,4976915.08688647,-1.26655527626152,18.768
566,1,0,accepted,0.0849631580343412,0.00586173131998283,484325.689645114,4976913.92403923,-1.26934596557142,15.266
567,1,0,accepted,0.0929597754127444,0.0588829680295293,484326.0599558,4976912.75303619,-1.27183059745909,13.199
568,1,0,accepted,0.110022172734931,0.169763050977161,484326.412660569,4976911.59520071,-1.27310717552661,13.629
569,1,0,accepted,0.0963363146712062,0.079546831407407,484326.794753649,4976910.45174961,-1.27792633390698,14.63
570,1,0,accepted,0.110371209794469,0.14678637383669,484327.152685038,4976909.29318163,-1.27974062475816,17.313
571,1,0,accepted,0.148032357452721,0.352162018354691,484327.487099149,4976908.12159658,-1.27917973392758,22.253
572,1,0,accepted,0.116484464581595,0.181988228653447,484327.8914799,4976906.94190626,-1.28515356919781,18.863
573,1,0,accepted,0.077802224748334,0.0337078131556853,484328.294538506,4976905.77873612,-1.29062563420223,13.472
574,1,0,accepted,0.0635679272723781,-0.0563256194665916,484328.672375511,4976904.60666072,-1.29493709124545,16.399
575,1,0,accepted,0.0703228945348321,0.0741658809169212,484329.022626827,4976903.44274391,-1.29538652900397,11.89
576,1,0,accepted,0.110654870152312,0.256610209389796,484329.336938948,4976902.2861659,-1.29476794264679,13.308
577,1,0,accepted,0.0947002868439214,0.097781518065767,484329.704082466,4976901.10402289,-1.30009940129195,16.567
578,1,0,accepted,0.122464824589644,0.214338111513252,484330.023593412,4976899.92164348,-1.30007359243551,33.597
579,1,0,accepted,0.137487473928179,0.250839218314603,484330.354311703,4976898.73456783,-1.30175078055288,10.158
580,1,0,accepted,0.0884608433405995,0.256991376761301,484330.757882948,4976897.60169395,-1.30328345041807,13.873
581,1,0,accepted,0.0646965384551415,0.0150236533804968,484331.147671443,4976896.43418752,-1.30901613299196,21.488
582,1,0,accepted,0.0732219668479449,0.0534260605712408,484331.502116448,4976895.25877331,-1.30981751726754,27.279
583,1,0,accepted,0.0764679775159063,0.0971757340844566,484331.840501336,4976894.10735645,-1.31112209732978,19.97
584,1,0,accepted,0.08500249614903,0.123650884752361,484332.177872849,4976892.93533695,-1.31217890808946,21.273
585,1,0,accepted,0.0799178917784314,0.158774201479974,484332.502107674,4976891.75290976,-1.31323779113575,15.794
586,1,0,accepted,0.0364499464584196,0.166184821352512,484332.817990937,4976890.52088319,-1.31461314345328,13.948
587,1,0,accepted,0.0316851293549816,0.0929046527132168,484333.139397138,4976889.31767857,-1.31728558522496,20.48
588,1,0,accepted,0.0461319880944022,0.125142270130775,484333.454772688,4976888.12372674,-1.31820340231431,16.881
589,1,0,accepted,0.115808520336912,0.100944816839021,484333.75733888,4976886.87305509,-1.31995143617994,14.173
590,1,0,accepted,0.0756215290175138,-0.00591498506161343,484334.092523906,4976885.7428312,-1.3233332503372,11.128
591,1,0,accepted,0.0863073003978396,0.0338942466314576,484334.401664617,4976884.56793941,-1.32409019134543,12.417
592,1,0,accepted,0.104345983109517,-0.00775936241254552,484334.706113254,4976883.38524109,-1.32627469262335,21.09
593,1,0,accepted,0.116851537639935,0.0172239023503447,484335.012973357,4976882.20925524,-1.32717803961002,23.59
594,1,0,accepted,0.125200074192807,0.0495486421063617,484335.317004466,4976881.04474181,-1.32816322542648,13.724
595,1,0,accepted,0.131408501303391,0.0996303377571917,484335.62497886,4976879.87132978,-1.32882505802677,13.142
596,1,0,accepted,0.139557770981342,0.107417393991881,484335.928659719,4976878.70901014,-1.33025533380301,10.552
597,0,1,acceptedDirectional,0.112414878229806,0.086635333262918,484336.272174257,4976877.55204281,-1.33211455116616,52.091
598,0,1,acceptedDirectional,0.124899622967736,0.0687399594942374,484336.586023407,4976876.39815795,-1.33340139907286,14.218
599,1,0,accepted,0.234698993864483,0.796399193228161,484336.933511392,4976875.54002761,-1.32197911700912,15.505
600,1,0,accepted,0.232389469927592,0.930881805143592,484337.251155858,4976874.3868598,-1.32131937797984,10.634
601,1,0,accepted,0.219007084800058,0.812553814228862,484337.600142318,4976873.2377689,-1.32493066355716,10.416
602,1,0,accepted,0.201553752465928,0.56224605818857,484337.957339325,4976872.09232169,-1.33096297818326,14.769
603,1,0,accepted,0.168082055049264,0.346866527863763,484338.277596486,4976870.92747391,-1.33656221528884,26.051
604,1,0,accepted,0.136648173244415,0.00828365865913923,484338.618932199,4976869.76468777,-1.34457451858095,12.422
605,1,0,accepted,0.110133362285667,-0.0520274801121938,484338.894121886,4976868.61209431,-1.34736464541995,20.871
606,1,0,accepted,0.086850841605633,-0.0907923694740417,484339.167118734,4976867.45216196,-1.35025973313764,10.951
607,1,0,accepted,0.0646904900802471,-0.264896736314685,484339.452993091,4976866.28194042,-1.35585794771266,15.133
608,1,0,accepted,0.073332591203875,-0.252760454372281,484339.710437898,4976865.13486621,-1.35817673185052,10.825
609,1,0,accepted,0.0877469774607662,-0.184212856542907,484339.9602876,4976864.0017574,-1.35970876874713,12.331
610,1,0,accepted,0.104150071651763,-0.00214475746355422,484340.2119196,4976862.8602063,-1.3597516711293,15.822
611,1,0,accepted,0.103088210119976,-0.0337052603158356,484340.480698866,4976861.69910188,-1.36378123821699,12.136
612,1,0,accepted,0.114544475930756,0.124391964445806,484340.716372066,4976860.62497549,-1.36447880820254,15.369
613,1,0,accepted,0.124708408613908,0.321281927839103,484340.97132411,4976859.47399004,-1.36507429713884,17.245
614,1,0,accepted,0.131064738512731,0.0383286255020836,484341.246293785,4976858.3118821,-1.37454201909505,15.502
615,1,0,accepted,0.154817944081221,0.144042067561057,484341.488471548,4976857.16377373,-1.37817472244754,14.164
616,1,0,accepted,0.165994922678076,0.558589305168595,484341.721748623,4976856.03020652,-1.37727475769215,11.778
617,1,0,accepted,0.169874462946278,0.61168623922883,484341.95669231,4976854.90638645,-1.38319093580184,11.545
618,1,0,accepted,0.195524925727392,0.110135457014047,484342.195774912,4976853.72900406,-1.39909676002098,16.598
619,1,0,accepted,0.197208387761397,0.254555498749643,484342.40465044,4976852.60952784,-1.40466097148142,24.065
620,1,0,accepted,0.186476517097899,0.434953102085911,484342.615344828,4976851.50873686,-1.40961756657391,21.626
621,1,0,accepted,0.174808086136076,0.416853372376783,484342.830513304,4976850.40452871,-1.41888370934747,17.95
622,1,0,accepted,0.166970553539984,0.60856139216412,484343.025533003,4976849.29955301,-1.42546966508287,13.093
623,1,0,accepted,0.177909915017698,0.614696756431772,484343.205524989,4976848.17372639,-1.43689360073243,14.078
624,1,0,accepted,0.169595355939521,0.80292307533175,484343.387894751,4976847.05606052,-1.4452351484542,14.637
625,1,0,accepted,0.179828343806858,0.755575857586877,484343.549362408,4976845.90502606,-1.45822703741097,11.818
626,0,1,acceptedDirectional,0.101830652432021,-0.456219653400923,484343.916904463,4976844.77835266,-1.49160163710423,16.158
627,0,1,acceptedDirectional,0.161951775463811,-0.782677264552269,484344.128677408,4976843.6260244,-1.50929176441296,24.369
628,0,1,acceptedDirectional,0.1544941947347,-0.668996232893861,484344.225025183,4976842.4966361,-1.51934594675328,17.539
629,0,1,acceptedDirectional,0.108084094799188,-0.176120434264937,484344.232743783,4976841.35977473,-1.52320900068659,15.591
630,1,0,accepted,0.129066496387609,0.479829593163951,484344.246072026,4976840.45334276,-1.52347109506269,20.434
631,1,0,accepted,0.112083133454221,0.28397479557841,484344.377145251,4976839.31050292,-1.53939536567882,14.516
632,1,0,accepted,0.119090342191404,0.432231229526462,484344.419349138,4976838.18110295,-1.54941588740897,15.545
633,1,0,accepted,0.142654694085112,0.521620396151812,484344.440643404,4976837.06917678,-1.55883872314976,13.852
634,1,0,accepted,0.123809084704663,0.348396284233612,484344.481498548,4976835.9297405,-1.57319082385465,15.206
635,1,0,accepted,0.124376946687019,0.339651196848917,484344.491950241,4976834.79769728,-1.58355266483794,12.855
636,1,0,accepted,0.11549557707519,0.245334965283265,484344.49686743,4976833.6569503,-1.5946857792057,22.337
637,1,0,accepted,0.106208557395151,0.200123054598384,484344.482974935,4976832.51522253,-1.60394096042159,14.52
638,1,0,accepted,0.0656115846612287,-0.0408957470558076,484344.484445303,4976831.34043772,-1.6153720942052,18.446
639,1,0,accepted,0.0592449677784532,-0.0644446779194787,484344.441743065,4976830.1994654,-1.62192937385813,15.538
640,1,0,accepted,0.0552745390327279,-0.0993327618969364,484344.390070214,4976829.03796619,-1.62786482274059,15.514
641,1,0,accepted,0.080715150445728,0.0639078181593341,484344.311622947,4976827.89922949,-1.63002414450764,15.641
642,1,0,accepted,0.0917039003947401,0.106720371851282,484344.248972253,4976826.74474789,-1.63405242004746,14.489
643,1,0,accepted,0.111861298966086,0.218461773083007,484344.175600894,4976825.59085282,-1.63670799527985,15.606
644,1,0,accepted,0.113931134044405,0.18261239244686,484344.117146331,4976824.42192137,-1.64118949357309,13.612
645,1,0,accepted,0.118709724183872,0.316510781935816,484344.04766473,4976823.27100081,-1.64241288607368,14.635
646,1,0,accepted,0.114297419239321,0.344148250704609,484343.983778861,4976822.1294542,-1.64557944455284,16.479
647,1,0,accepted,0.103380663049093,0.28845763223482,484343.924073383,4976820.97397512,-1.65003093625955,16.53
648,1,0,accepted,0.107793773344356,0.250194500122136,484343.847058039,4976819.80632013,-1.65369055645473,11.998
649,1,0,accepted,0.0908073319475144,0.232834974845553,484343.781871498,4976818.65565822,-1.65633008052605,23.301
650,1,0,accepted,0.0934543983960679,0.221065307653399,484343.697832579,4976817.47608726,-1.65818530387112,13.762
651,1,0,accepted,0.124319554666721,0.253852880258557,484343.592187982,4976816.27274256,-1.65922137866414,28.132
652,1,0,accepted,0.134049024549646,0.21541048428523,484343.504765471,4976815.0819274,-1.66047029931619,15.882
653,1,0,accepted,0.141445399297667,0.202548302007253,484343.40334945,4976813.89338684,-1.6612179263173,19.545
654,1,0,accepted,0.133754581026152,0.188049040371006,484343.310951139,4976812.74268087,-1.66196279306731,20.268
655,1,0,accepted,0.14453653707601,0.212782044273545,484343.21073557,4976811.54851108,-1.66199497393828,17.175
656,1,0,accepted,0.165087883047586,0.244838388412969,484343.110870257,4976810.33707393,-1.6618956387964,24.548
657,1,0,accepted,0.130832842755627,0.201081240843419,484343.025404043,4976809.19388858,-1.66281088219306,26.556
658,1,0,accepted,0.146636922447432,0.217946324940485,484342.926063178,4976807.96611069,-1.66274073404681,21.562
659,1,0,accepted,0.0898740703674423,0.0464576120337253,484342.875264099,4976806.8082191,-1.66596878524232,25.612
660,1,0,accepted,0.114941950092649,0.0968871239934663,484342.766605347,4976805.58543986,-1.66552645486332,17.57
661,1,0,accepted,0.123257834685024,0.151644203354987,484342.656203569,4976804.38912656,-1.66487496915346,14.929
662,1,0,accepted,0.12741328193582,0.154525718982993,484342.55643094,4976803.17612698,-1.66534732220331,17.13
663,1,0,accepted,0.133598437735861,0.246406594805655,484342.444012403,4976801.97944299,-1.66466352034765,12.887
664,1,0,accepted,0.12982108102823,0.193580251441915,484342.338623151,4976800.79215531,-1.66570993662199,19.777
665,1,0,accepted,0.134572908910976,0.244155655303551,484342.240886553,4976799.55666798,-1.66557848930501,13.91
666,1,0,accepted,0.166059703454628,0.448782959188847,484342.103552115,4976798.34293495,-1.66274589772682,14.281
667,1,0,accepted,0.189352245911291,0.509573424168082,484341.988641712,4976797.10100622,-1.66267857252413,16.736
668,1,0,accepted,0.180875800745282,0.356139621816217,484341.902777682,4976795.86523701,-1.66614815901667,16.439
669,1,0,accepted,0.0820328641526149,0.0669361330121502,484341.902459152,4976794.66633504,-1.67193741671286,12.701
670,1,0,accepted,0.0249381506262569,-0.0968714460575914,484341.839710951,4976793.47746659,-1.67517140651376,17.729
671,1,0,accepted,0.0249336477184658,-0.258966777815835,484341.775232444,4976792.25859099,-1.67841003986528,12.368
672,1,0,accepted,0.0204561339199332,-0.204147946245168,484341.661607345,4976791.02561038,-1.67819539765024,15.165
673,1,0,accepted,0.0318673074552533,-0.183768319978688,484341.548848815,4976789.77959497,-1.67856996877525,15.79
674,1,0,accepted,0.0271014489624252,-0.186326046517281,484341.428481345,4976788.55612646,-1.67916929364835,12.655
675,1,0,accepted,0.0573719932160228,-0.065935736433624,484341.286635612,4976787.30614915,-1.67737383222357,13.045
676,1,0,accepted,0.0672641040852094,-0.0459265085227636,484341.165433591,4976786.07123155,-1.67743912080495,13.402
677,1,0,accepted,0.0824481979615763,-0.0221360226330276,484341.039977557,4976784.8301524,-1.67763663543114,9.084
678,1,0,accepted,0.0696910827051698,-0.0133478164984891,484340.932516443,4976783.60621042,-1.67821837779492,11.34
679,1,0,accepted,0.060749480183109,0.0490422947587577,484340.836692317,4976782.34512861,-1.67771932307325,11.127
680,1,0,accepted,0.0428499618848647,0.0312517565848218,484340.732343329,4976781.14458681,-1.67886211581631,12.458
681,1,0,accepted,0.0454426095937671,0.0158869920114848,484340.611795821,4976779.90327313,-1.67934316388499,12.204
682,1,0,accepted,0.0642617884877597,0.0598028718925305,484340.570866519,4976778.73552209,-1.67927520922367,15.169
683,1,0,accepted,0.0736352545159519,0.0525867078829703,484340.456598369,4976777.49733052,-1.67962890462725,12.826
684,1,0,accepted,0.0994091670802481,0.0537273605102383,484340.340700455,4976776.27527209,-1.680025666758,13.795
685,1,0,accepted,0.116734368977938,0.0928230221292427,484340.20690622,4976775.0522841,-1.6794467894183,17.498
686,1,0,accepted,0.137655343380636,0.0407157145982478,484340.100491725,4976773.81431842,-1.68056676445533,14.541
687,1,0,accepted,0.123027407184223,0.110005485202014,484339.954197108,4976772.57637476,-1.67964417876432,17.435
688,1,0,accepted,0.119692492860625,0.109582594126426,484339.81855362,4976771.31992137,-1.68003846639014,10.67
689,1,0,accepted,0.11439558381673,0.114768381005965,484339.682831692,4976770.06170286,-1.68015560783978,13.978
690,1,0,accepted,0.0931606080695865,0.0606118861799566,484339.559525404,4976768.7820075,-1.68132392688445,11.712
691,1,0,accepted,0.0883787971522088,0.0873909494205256,484339.418741537,4976767.51018656,-1.68118250091942,12.811
692,1,0,accepted,0.0849584066160707,0.0825789974577337,484339.28776586,4976766.23913358,-1.68112800613279,16.103
693,1,0,accepted,0.0779750381693224,0.0827932453700314,484339.161126357,4976764.98563783,-1.68133937640549,14.004
694,1,0,accepted,0.0722319395761674,0.0817263923332903,484339.031151962,4976763.70474384,-1.68192556658977,18.379
695,1,0,accepted,0.076869278719404,0.109822869307846,484338.90316422,4976762.42219669,-1.68233537872302,17.389
696,1,0,accepted,0.0958055206300934,0.145402964651017,484338.774925712,4976761.13245322,-1.68252453134131,12.144
697,1,0,accepted,0.12381033876939,0.174730061768728,484338.643632878,4976759.8439428,-1.68258340812125,11.673
698,1,0,accepted,0.154248867963038,0.106057418595982,484338.510445828,4976758.56640935,-1.68444958207548,10.892
699,1,0,accepted,0.169230801623161,0.0278154026691863,484338.377691412,4976757.29273666,-1.68659446068276,11.083
700,1,0,accepted,0.182960783165066,0.159151636971472,484338.245233052,4976756.05267635,-1.68526309288794,11.888
701,1,0,accepted,0.198041127591001,0.247497895942889,484338.111728192,4976754.79828777,-1.68443939974092,13.818
702,1,0,accepted,0.208513764163516,0.241155691936297,484337.983294539,4976753.54234514,-1.68540693799809,15.778
703,1,0,accepted,0.224019999727197,0.243842171139807,484337.849923256,4976752.2845726,-1.68575363542421,9.739
704,1,0,accepted,0.244709370545454,0.249285225572693,484337.71362447,4976751.02043868,-1.6868911241129,12.632
705,1,0,accepted,0.154778389178982,0.25614021715241,484337.626588371,4976749.86360072,-1.68702883379197,14.332
706,1,0,accepted,0.0982026393729551,0.293361612712857,484337.518431868,4976748.69767771,-1.68687377248712,14.204
707,1,0,accepted,0.0588967354917307,0.23489979604189,484337.420055079,4976747.52623014,-1.68886461209553,15.115
708,1,0,accepted,0.0895422153145475,0.238936634763821,484337.31175012,4976746.35615788,-1.68968856572157,15.943
709,1,0,accepted,0.175756495534891,-0.0526794608562333,484337.288657476,4976745.19720147,-1.69562663997448,16.566
710,1,0,accepted,0.166226666836149,-0.0470786206488556,484337.137861792,4976743.96110773,-1.69692775027347,14.49
711,1,0,accepted,0.0833854831615381,-0.159667351940611,484336.978663731,4976742.655903,-1.70069718492545,17.277
712,1,0,accepted,0.0506703137976822,-0.3096109884299,484336.828732987,4976741.30385326,-1.70540404959337,16.785
713,1,0,accepted,0.0376085168892569,-0.11446480516795,484336.658419026,4976740.17000186,-1.70494543195275,12.767
714,1,0,accepted,0.0751119575678218,-0.0234528838654691,484336.464700896,4976738.85372003,-1.70572767083061,12.677
715,1,0,accepted,0.0895637841439722,-0.0107274349037916,484336.309877311,4976737.60143452,-1.70926959492724,14.074
716,1,0,accepted,0.081551050910153,-0.0692348445692812,484336.164037285,4976736.38533776,-1.71431306951728,15.588
717,1,0,accepted,0.0737924083802064,0.204061011341504,484335.992746114,4976735.23411438,-1.71423927669171,15.059
718,1,0,accepted,0.0771247402266616,0.240106637305079,484335.834304556,4976734.0035669,-1.71909100942902,11.326
719,1,0,accepted,0.055788862141348,0.0463880281695133,484335.697078834,4976732.77157143,-1.72819818414623,14.224
720,1,0,accepted,0.0726393788095893,0.117561407284217,484335.515299626,4976731.57048338,-1.73333213227978,11.838
721,1,0,accepted,0.121232920468429,0.130302362275995,484335.31971994,4976730.30514728,-1.73909903893919,11.245
722,1,0,accepted,0.152421456387704,0.138529318693744,484335.125815745,4976729.06941737,-1.74481499483634,11.129
723,1,0,accepted,0.138666632844214,0.143580128819131,484334.954613583,4976727.86978582,-1.75075175300569,11.81
724,1,0,accepted,0.136486569516005,0.266191220843212,484334.762688142,4976726.67140942,-1.75487489198211,13.91
725,1,0,accepted,0.152014960831727,0.155143903360334,484334.547014699,4976725.47258746,-1.76348464363814,14.95
726,1,0,accepted,0.155101515578643,0.315728088829021,484334.336353441,4976724.29065,-1.76743056809489,10.578
727,1,0,accepted,0.155486635211011,0.277884436257322,484334.110227095,4976723.09203829,-1.77419495843562,15.659
728,1,0,accepted,0.1478292643272,0.396544389727461,484333.893567287,4976721.9118855,-1.7785010957387,22.202
729,1,0,accepted,0.149638009593886,0.342374757335846,484333.645102253,4976720.7514596,-1.7858617240372,30.852
730,1,0,accepted,0.0680256312545539,0.205559243257991,484333.446965838,4976719.66204427,-1.79311527532009,18.485
731,1,0,accepted,0.0463324671848682,0.250923826718864,484333.212817778,4976718.52441566,-1.79863850578613,18.746
732,1,0,accepted,0.0406472402491273,0.208190673135652,484332.967780059,4976717.37410176,-1.80437861088704,14.526
733,1,0,accepted,0.0894945820570685,0.135152833617715,484332.784032456,4976716.26509152,-1.81040474953283,19.635
734,1,0,accepted,0.0826802767723388,0.166494392123889,484332.511121801,4976715.11479186,-1.8143628128667,13.796
735,1,0,accepted,0.0822871506636027,0.131203765346978,484332.254126405,4976713.96064029,-1.81877278125226,13.191
736,1,0,accepted,0.0717906158272124,0.153607324241664,484331.961137321,4976712.79623477,-1.82197446716143,16.459
737,1,0,accepted,0.0661337750678014,0.0950473927666994,484331.684538173,4976711.64820914,-1.826312303913,12.409
738,1,0,accepted,0.0682923039653088,0.0828212187579577,484331.402164631,4976710.50422093,-1.82985456960708,16.793
739,1,0,accepted,0.0732924590027696,0.105660445791806,484331.118603553,4976709.37581232,-1.83245136878146,13.21
740,1,0,accepted,0.0474391740231666,0.180734100748665,484330.805791982,4976708.19310451,-1.83371385727208,17.957
741,1,0,accepted,0.0496619362201435,0.178254005761059,484330.515722534,4976707.04942294,-1.83574561779902,16.878
742,1,0,accepted,0.0531985137156442,0.165790937994972,484330.224777719,4976705.91063046,-1.83788823126425,20.232
743,1,0,accepted,0.0622461256031341,0.186438048608214,484329.927915072,4976704.76962662,-1.8388198764675,17.57
744,1,0,accepted,0.0622364224217461,0.121779590096876,484329.639714209,4976703.65146787,-1.8410645031632,18.802
745,1,0,accepted,0.0628825622323051,0.076724174012058,484329.350660251,4976702.53008351,-1.84304387776207,13.565
746,1,0,accepted,0.0737253344245203,0.0568327051084787,484329.052248204,4976701.37893678,-1.84451556556584,17.43
747,1,0,accepted,0.0964189949064092,0.0224160219757472,484328.761352846,4976700.23458005,-1.8460653368056,16.24
748,1,0,accepted,0.161685730884573,-0.180519616113153,484328.465622696,4976699.03934748,-1.85025472755994,14.654
749,1,0,accepted,0.105191757322321,-0.0933647712636468,484328.186209426,4976697.99198126,-1.84971450487197,16.133
750,1,0,accepted,0.0923753241130908,0.149932024516188,484327.868653314,4976696.94735135,-1.84565117346194,74.795
751,1,0,accepted,0.100297138246421,0.289516126901017,484327.564455049,4976695.86114257,-1.84377084450753,18.132
752,1,0,accepted,0.103978217720579,0.318177991365903,484327.266734497,4976694.76776817,-1.84406247191911,16.361
753,1,0,accepted,0.0966453785514956,0.271396597911947,484326.983333201,4976693.68639764,-1.8449148084497,14.44
754,1,0,accepted,0.0877844344241177,0.263689623437052,484326.698022236,4976692.58666098,-1.84600363786616,15.539
755,1,0,accepted,0.0930890867108846,0.263520579390536,484326.401409765,4976691.50004176,-1.8462557448028,16.67
756,1,0,accepted,0.0867040150176496,0.23115468457934,484326.118026522,4976690.42153155,-1.84716128034076,15.725
757,1,0,accepted,0.108015850924675,0.25930771500661,484325.815589515,4976689.36324619,-1.84681030774654,13.264
758,1,0,accepted,0.122805251744237,0.349163937103786,484325.518507327,4976688.29353487,-1.84578149740918,31.07
759,1,0,accepted,0.123804688726203,0.386967824397273,484325.227041594,4976687.21023542,-1.84462395126795,16.325
760,1,0,accepted,0.126332751465313,0.431093167863526,484324.945880344,4976686.15259566,-1.84239849781971,17.098
761,1,0,accepted,0.113196581331773,0.388350481601833,484324.669247366,4976685.06840606,-1.84176939780697,16.13
762,1,0,accepted,0.121486219694929,0.269334030541425,484324.412550511,4976684.03791372,-1.84084424186252,13.101
763,1,0,accepted,0.126546408489141,0.239081412766346,484324.134924726,4976682.98210037,-1.8378071273496,14.486
764,1,0,accepted,0.135085839557264,0.170621079066034,484323.855139968,4976681.94167241,-1.83466344304616,12.544
765,1,0,accepted,0.146966814849524,0.122503176943803,484323.578888324,4976680.90785946,-1.83100696956934,13.393
766,1,0,accepted,0.159215721697517,0.146797145966822,484323.303191802,4976679.87213345,-1.82605716688966,16.144
767,1,0,accepted,0.16096539573456,0.070074645088073,484323.040710128,4976678.85157622,-1.8224842348854,25.16
768,1,0,accepted,0.17092309159056,0.00498028506044171,484322.775630675,4976677.83511433,-1.8180452418237,19.473
769,1,0,accepted,0.169431107599307,-0.191598939013475,484322.512616425,4976676.79624876,-1.81562434047447,12.531
770,1,0,accepted,0.0771799712063269,-0.936153783695363,484322.335543742,4976675.68252349,-1.82135635699454,14.426
771,1,0,accepted,0.152433920783501,-0.606736935259757,484322.209832712,4976674.84528864,-1.80810530708866,16.716
772,1,0,accepted,0.14534194373489,-0.254814269556194,484321.967072008,4976673.85646274,-1.79385651441308,18.158
773,1,0,accepted,0.170906060001825,-0.834918560800012,484321.812548474,4976672.90916197,-1.79551905866998,24.326
774,1,0,accepted,0.171028747843937,-0.546702104995928,484321.611730161,4976671.94626341,-1.78103041438101,39.583
775,1,0,accepted,0.159741122166896,-0.52325234751691,484321.440211397,4976671.04074361,-1.7716865918237,24.273
776,1,0,accepted,0.172355330751952,-0.49637473946934,484321.284829936,4976670.11146858,-1.76084088341348,52.934
777,1,0,accepted,0.120693260721444,-0.289500538435888,484321.08530001,4976669.11493254,-1.74597445413428,18.245
778,1,0,accepted,0.0587194411440552,0.273324081573629,484320.87291821,4976668.11866296,-1.72485502418246,26.559
779,1,0,accepted,0.109850886385108,0.685735786308205,484320.682526404,4976667.10616759,-1.70584296970104,22.873
780,1,0,accepted,0.0799385575511754,0.452903613162141,484320.569255407,4976666.22897564,-1.69761922064792,38.611
781,1,0,accepted,0.0826307427901037,0.501103759996434,484320.448273085,4976665.32095549,-1.6841417559563,11.287
782,1,0,accepted,0.0698940969530085,0.383593476233012,484320.347920486,4976664.44088929,-1.67285866040886,14.793
783,1,0,accepted,0.0690438592783036,0.110811006172471,484320.254711509,4976663.57897456,-1.66368835447846,13.693
784,1,0,accepted,0.0747134251081673,0.0320221683947002,484320.17049978,4976662.72554126,-1.65026002398877,11.886
785,1,0,accepted,0.0786358930743835,-0.0480725223165235,484320.102773624,4976661.87296485,-1.63645707855392,17.643
786,0,0,notConverged,0.0935561658521691,-0.0336404130254206,484320.034962372,4976661.02141352,-1.62061314920327,113.487
787,1,0,accepted,0.0477005974412108,0.34386994714216,484320.036611339,4976660.14792993,-1.59710525066944,25.216
788,1,0,accepted,0.0510941412265442,0.372095392926009,484320.008424057,4976659.33293698,-1.57933489695793,17.967
789,1,0,accepted,0.0519293264224617,0.643250839713902,484320.008109798,4976658.4667483,-1.55627263892455,16.442
790,1,0,accepted,0.0811929748616709,0.627142048491165,484319.967554778,4976657.66425141,-1.53757990888399,18.815
791,1,0,accepted,0.102949901617478,0.562788127549234,484319.961651617,4976656.87052354,-1.51916814366461,16.275
792,1,0,accepted,0.0894919813477443,0.209736306561922,484320.013639052,4976656.09939804,-1.50510816163856,19.105
793,1,0,accepted,0.0912661745152191,-0.0417691371518357,484320.071513779,4976655.31665426,-1.48840766159652,15.652
794,1,0,accepted,0.0906955378027764,-0.00658220502444075,484320.124661657,4976654.49543846,-1.46626568008909,13.244
795,1,0,accepted,0.0971987335948052,-0.060336563243069,484320.198152596,4976653.68851423,-1.44471573963024,16.562
796,1,0,accepted,0.101106313261463,-0.0188868358590916,484320.29095998,4976652.88789448,-1.42118539086544,24.277
797,1,0,accepted,0.0853598660899922,-0.204982317322673,484320.416381429,4976652.11931905,-1.40075566932415,24.925
798,1,0,accepted,0.0968028170995897,0.0946860197448446,484320.535773532,4976651.29335848,-1.37178553584041,20.799
799,1,0,accepted,0.0819715916473614,-0.0517852957642774,484320.697319597,4976650.52190988,-1.35025557544596,23.28
800,1,0,accepted,0.100648745205096,-0.0397378845297126,484320.862464092,4976649.74255795,-1.32590965464992,15.956
801,1,0,accepted,0.105964946789382,-0.28690120303467,484321.025849401,4976649.00490151,-1.3065692530686,35.231
802,1,0,accepted,0.127867749366539,-0.249133334685766,484321.220153435,4976648.2501754,-1.28219526849519,17.549
803,1,0,accepted,0.181270716543219,0.0082321105239376,484321.450131243,4976647.46783235,-1.25379401011203,16.798
804,1,0,accepted,0.243645439634464,0.391455348894957,484321.68994704,4976646.70258926,-1.22380296351444,18.473
805,1,0,accepted,0.275839491418431,0.476968078710743,484321.944098782,4976645.96666913,-1.19877667107669,26.538
806,1,0,accepted,0.296223084292349,0.538430835512052,484322.216321169,4976645.25935028,-1.17452178874793,11.967
807,1,0,accepted,0.195794265370491,1.07402999275251,484322.402927901,4976644.65565866,-1.14204913375297,15.416
808,1,0,accepted,0.208673696343858,1.02811894469898,484322.732169959,4976643.95011133,-1.11984356055612,18.041
809,1,0,accepted,0.206108849356896,1.31918448490333,484323.053095921,4976643.27485221,-1.09244214111079,17.43
810,1,0,accepted,0.178558068410298,1.12146534384761,484323.377647301,4976642.62118064,-1.07300083464681,17.248
811,1,0,accepted,0.189314499657751,0.833836897037665,484323.733183942,4976641.95062187,-1.05545367407994,19.022
812,1,0,accepted,0.15584575298937,0.511562808141274,484324.069938908,4976641.32434725,-1.03877266675078,14.544
813,1,0,accepted,0.129523571041069,0.499051769040548,484324.426128999,4976640.69924359,-1.01661113788454,12.026
814,1,0,accepted,0.0979371570814847,0.233678730931897,484324.817079085,4976640.08783843,-0.998817635890827,16.98
815,1,0,accepted,0.0600263269467308,0.29064645066232,484325.20999534,4976639.49363003,-0.975528700609363,17.022
816,1,0,accepted,0.0638302401893689,0.475067080810891,484325.624118578,4976638.86288072,-0.94955108225509,17.614
817,1,0,accepted,0.0421265070592732,0.385479157538255,484326.036599159,4976638.29204076,-0.928967879788189,15.335
818,1,0,accepted,0.0433802336634191,0.308681378128074,484326.486212777,4976637.67863015,-0.90789487404128,14.464
819,1,0,accepted,0.0495515934983697,0.254697041223469,484326.95578785,4976637.07075798,-0.886166918050917,12.857
820,1,0,accepted,0.0467021305633681,0.128476462169527,484327.405438351,4976636.50582217,-0.865895592305289,18.41
821,1,0,accepted,0.0542891808057233,0.0698315378609577,484327.879306703,4976635.94329817,-0.844175646600807,19.952
822,1,0,accepted,0.0450061244253976,0.298876181919022,484328.388222602,4976635.38534806,-0.817491236424572,13.808
823,1,0,accepted,0.0572065214580204,0.188350330329474,484328.897435197,4976634.81498703,-0.796223851673663,13.522
824,1,0,accepted,0.0594368860732402,0.225286632220396,484329.455725703,4976634.22773224,-0.772803939710106,14.363
825,1,0,accepted,0.0907597614390199,-0.00138860422595046,484329.93995948,4976633.75591971,-0.753595342683966,35.63
826,1,0,accepted,0.1015532476185,-0.128419544621187,484330.491444351,4976633.21331744,-0.732955387564163,16.227
827,1,0,accepted,0.104701157258507,-0.0189699938226731,484331.062154918,4976632.68270974,-0.707955243508409,20.721
828,1,0,accepted,0.043597264006238,0.490131408399077,484331.756530858,4976632.13527544,-0.675984577326057,15.745
829,1,0,accepted,0.0353713831362565,0.3595654896378,484332.303122659,4976631.6498497,-0.655633939441326,33.885
830,1,0,accepted,0.0378649022002416,0.31265446514107,484332.91874247,4976631.14825619,-0.633951005895938,13.38
831,1,0,accepted,0.0450788233882737,0.434186056066594,484333.545452427,4976630.65981689,-0.609442499368197,18.152
832,1,0,accepted,0.059115113127048,0.48391156804308,484334.174739887,4976630.17809115,-0.585790821010123,10.801
833,1,0,accepted,0.0724982776881771,0.510711093914916,484334.833167907,4976629.71023212,-0.563022670221811,14.238
834,1,0,accepted,0.0697698947532051,0.232826237132834,484335.519542733,4976629.29219543,-0.545896303898259,22.115
835,1,0,accepted,0.089287635026008,0.274046074530411,484336.201664023,4976628.85474448,-0.523217911482629,29.819
836,1,0,accepted,0.146576271117041,0.488525151932479,484336.927686085,4976628.39050538,-0.497409487578029,31.091
837,1,0,accepted,0.166930514798152,0.405211689664615,484337.648460374,4976628.0163044,-0.477364882464083,19.389
838,1,0,accepted,0.118303721595334,0.258409516718864,484338.292106446,4976627.65054486,-0.458355174633008,19.922
839,1,0,accepted,0.0936034813826856,0.122704864786365,484338.973043782,4976627.28292429,-0.439306299289709,19.294
840,1,0,accepted,0.0578861393531819,-0.148797495278788,484339.655156856,4976626.96427564,-0.422959530936169,29.549
841,1,0,accepted,0.0664310824731446,-0.176489177319806,484340.385242501,4976626.60851289,-0.402929536365815,41.71
842,1,0,accepted,0.0598016751228275,-0.167685943713215,484341.110359988,4976626.27136252,-0.383200048115777,39.322
843,1,0,accepted,0.0853449336003181,-0.100402127557948,484341.870475097,4976625.94591436,-0.3629463444592,65.253
844,1,0,accepted,0.0438094778080389,-0.102535719905036,484342.580040183,4976625.64851712,-0.344349196633306,102.051
845,1,0,accepted,0.0900559650247674,-0.459575905388256,484343.235813143,4976625.4167604,-0.33263829635551,24.408
846,1,0,accepted,0.0963344418451868,-0.46826177346306,484344.026065696,4976625.15375443,-0.315191907536903,11.056
847,1,0,accepted,0.0718338535468434,-0.27161700949254,484344.834229641,4976624.87170994,-0.294903391682757,36.777
848,1,0,accepted,0.0850313506390396,-0.371561001055048,484345.673595587,4976624.63840707,-0.280404742017005,12.288
849,1,0,accepted,0.0899764072426052,-0.429021057842864,484346.514912923,4976624.40536725,-0.265917027883323,13.851
850,1,0,accepted,0.0918344651696355,-0.320628703329183,484347.349694316,4976624.18059647,-0.249905104105835,15.355
851,1,0,accepted,0.120878806861321,-0.0772693759377159,484348.242442991,4976623.94242886,-0.231754339771443,38.361
852,1,0,accepted,0.133945379464227,-0.0632310382690956,484349.099916268,4976623.74481291,-0.218587308910633,14.801
853,1,0,accepted,0.149661323548186,-0.0316005094628598,484349.971732786,4976623.55514438,-0.20639540898849,17.656
854,1,0,accepted,0.15671134642398,-0.360640158819869,484350.820124993,4976623.42316521,-0.201110164908623,15.548
855,1,0,accepted,0.16350474387186,-0.199167342373923,484351.705332067,4976623.21002892,-0.188269141111098,16.191
856,1,0,accepted,0.105872892260191,0.0799160383273617,484352.50573273,4976623.08248307,-0.174470487322179,16.495
857,1,0,accepted,0.0866434784417538,0.399893336938519,484353.374980876,4976622.89943794,-0.160571389805127,21.301
858,1,0,accepted,0.0665121583386632,0.438947361847999,484354.277040194,4976622.74720899,-0.152281946837663,14.892
859,1,0,accepted,0.0675541597980453,0.225647788203377,484355.191791197,4976622.65952142,-0.148583322181673,21.355
860,1,0,accepted,0.0531588651929995,0.160657931465256,484356.108442788,4976622.54046036,-0.142837335465754,12.357
861,1,0,accepted,0.0464459647365932,0.142409320993746,484357.041741652,4976622.4170231,-0.135938736789207,12.066
862,1,0,accepted,0.0254175682563793,0.154047057746353,484357.97002093,4976622.29681762,-0.128710713478816,12.772
863,1,0,accepted,0.0320407460310158,0.277733107035115,484358.875168995,4976622.17544778,-0.12076239279321,14.06
864,1,0,accepted,0.034509350193203,0.198509827070232,484359.81018855,4976622.08524022,-0.117206546166859,15.217
865,1,0,accepted,0.0503186929410552,0.142169109046193,484360.754649125,4976621.99023746,-0.113704215006415,11.1
866,1,0,accepted,0.0907240622276005,0.212925756431694,484361.691800924,4976621.87180945,-0.107978592941198,11.094
867,1,0,accepted,0.116991859111426,0.209178664320076,484362.64906182,4976621.76740774,-0.103140191900844,9.981
868,1,0,accepted,0.120411277317722,0.0459095578107623,484363.617682417,4976621.6840287,-0.101564778376667,12.435
869,1,0,accepted,0.147720864717137,0.0919918497760115,484364.574670367,4976621.59157878,-0.0962540444221898,11.377
870,1,0,accepted,0.159606339646929,0.112202691941144,484365.541809553,4976621.51314526,-0.0913902129597377,10.175
871,1,0,accepted,0.136636158127951,-0.134819145511977,484366.547278871,4976621.4652596,-0.091404542868157,13.057
872,1,0,accepted,0.140015009370341,0.0111202622872046,484367.524430798,4976621.4112555,-0.0844503862968837,11.918
873,1,0,accepted,0.167359906070508,0.236931727866811,484368.502419652,4976621.33098758,-0.0759387535201805,10.911
874,1,0,accepted,0.196461520142889,0.455866910407192,484369.495490272,4976621.25421565,-0.0680450139836251,12.012
875,1,0,accepted,0.192054702427086,0.256906655768153,484370.518887435,4976621.20028464,-0.0671538680441531,12.372
876,1,0,accepted,0.195567663479409,0.0982134447209978,484371.515878164,4976621.15047879,-0.0654564602564083,21.956
877,1,0,accepted,0.220870771104559,0.19210794805677,484372.535095571,4976621.07472714,-0.0595581838461104,13.96
878,1,0,accepted,0.217425891390854,0.322172253697039,484373.540868722,4976621.02608258,-0.0527154707031116,15.297
879,1,0,accepted,0.226149965684026,0.5780711036533,484374.550992897,4976620.97099325,-0.0437272310985745,16.099
880,1,0,accepted,0.224784468388006,0.700991454739135,484375.573934829,4976620.92434242,-0.0370676084314876,11.001
881,1,0,accepted,0.203090703561615,0.627863453381042,484376.598274023,4976620.90693993,-0.03323216125157,11.056
882,1,0,accepted,0.192599342218326,0.420655763785826,484377.668091229,4976620.86937001,-0.0307974869191515,10.077
883,1,0,accepted,0.179325866380014,0.139036494891643,484378.727849587,4976620.85053023,-0.0295977201416276,11.459
884,1,0,accepted,0.180270090639461,0.189614375489839,484379.760048867,4976620.82885677,-0.0224587017678788,15.239
885,1,0,accepted,0.198110102171831,0.135034927202314,484380.812032585,4976620.79778623,-0.0172244883612666,13.42
886,1,0,accepted,0.187765254464417,0.137363016938219,484381.846818199,4976620.801134,-0.0108846156883382,11.788
887,1,0,accepted,0.189985454264771,0.168415318816651,484382.883216732,4976620.79768327,-0.00426028178156184,11.355
888,1,0,accepted,0.190503248172266,0.166738549245151,484383.949890784,4976620.80676288,0.00199396614165524,9.042
889,1,0,accepted,0.196590051479245,-0.00385631543272253,484385.006633857,4976620.82333404,0.00457495539171201,8.941
890,1,0,accepted,0.17896981885878,0.310322117516657,484386.060280139,4976620.86847491,0.016134479639233,14.826
891,1,0,accepted,0.149853360164229,0.740510513183018,484387.025953772,4976620.89875961,0.0298687026740339,10.716
892,0,1,acceptedDirectional,0.129373513798284,0.614253539350824,484388.082351493,4976620.95001013,0.0335462720908681,8.489
893,0,1,acceptedDirectional,0.144636918194548,0.658250960158252,484389.142217543,4976620.97180791,0.0399943731233273,8.444
894,0,1,acceptedDirectional,0.146920316019721,0.642990290413477,484390.201769395,4976621.01271932,0.0451122126811899,10.838
895,1,0,accepted,0.28883770259413,0.736569230608991,484390.986606936,4976621.08938973,0.0524031626041968,9.758
896,1,0,accepted,0.267497898189708,0.732209233295706,484392.049903871,4976621.17428295,0.0576428750073295,10.804
897,1,0,accepted,0.240420178520365,0.717093471844806,484393.12866904,4976621.26174277,0.0626835911370753,16.97
898,1,0,accepted,0.238862146536634,0.59006284431706,484394.19167205,4976621.32304219,0.0657859033922504,14.364
899,1,0,accepted,0.194516888510247,0.183224278068913,484395.285870307,4976621.46664652,0.063774520428142,16.207
900,1,0,accepted,0.185561981292058,0.187502696355992,484396.359148188,4976621.54848915,0.0694818153223487,11.349
901,1,0,accepted,0.250222999346165,0.468254826046729,484397.374344412,4976621.60334895,0.0795222176501701,15.417
902,1,0,accepted,0.141278480679652,0.129897078455295,484398.527890808,4976621.76094221,0.0787893124996929,10.385
903,1,0,accepted,0.100016813993826,-0.0490215151634974,484399.641070241,4976621.87311976,0.081250695413019,9.411
904,1,0,accepted,0.0684115992145358,-0.133847824605454,484400.741117782,4976621.97649809,0.0843719272550382,10.111
905,1,0,accepted,0.0328287815427955,-0.236527655689228,484401.849286515,4976622.08234195,0.0860922102602821,10.964
906,1,0,accepted,0.0216588810310021,-0.247395929005585,484402.963347579,4976622.19498741,0.0883122667618165,8.364
907,1,0,accepted,0.0539834719857602,-0.222351566689664,484404.075766399,4976622.31026297,0.0893215233775498,10.269
908,1,0,accepted,0.0617408809163451,-0.0733425873317602,484405.171096257,4976622.42176313,0.091313092925422,9.371
909,1,0,accepted,0.0877988999551152,-0.0488211860115777,484406.262848855,4976622.5319072,0.0906263729277453,8.787
910,1,0,accepted,0.100795454700914,0.063860658630802,484407.358417555,4976622.65226054,0.0918276393518465,9.242
911,1,0,accepted,0.0820664195826277,0.109950958062304,484408.425772745,4976622.77716972,0.0916752062916849,11.557
912,1,0,accepted,0.107095207705881,0.058044191235123,484409.541855516,4976622.88724044,0.0903382168098885,9.488
913,1,0,accepted,0.12043804876105,0.102798900325211,484410.6445255,4976622.99291751,0.0909535794801262,9.14
914,1,0,accepted,0.116451122948822,0.139939751260994,484411.737650158,4976623.11304184,0.0919896012259042,12.545
915,1,0,accepted,0.114579380489255,0.156947198055757,484412.819476071,4976623.22452224,0.092846048442639,10.03
916,1,0,accepted,0.107410225042502,0.17845496900993,484413.913627193,4976623.34319282,0.0939364785518798,9.492
917,1,0,accepted,0.116496792373315,0.148350621141337,484415.013645094,4976623.44862923,0.0939819393857659,11.451
918,1,0,accepted,0.115951768568424,0.130805409459811,484416.118029162,4976623.56975534,0.0940984969454549,12.986
919,1,0,accepted,0.146436496323313,0.149807588710616,484417.248982808,4976623.67269839,0.0949843536262687,11.187
920,1,0,accepted,0.143486679090873,0.192495914518399,484418.349350477,4976623.79555114,0.0963986485983328,11.425
921,1,0,accepted,0.135781554997878,0.150752701946785,484419.451593272,4976623.918179,0.0963690658390795,10.13
922,1,0,accepted,0.0463243228352897,-0.159550562159543,484420.44457516,4976624.10968406,0.0914294530185035,10.272
923,1,0,accepted,0.0675432224387807,-0.0822998991707648,484421.563526391,4976624.21885795,0.0934505606801846,11.45
924,1,0,accepted,0.0692767941055648,-0.0656016903640942,484422.685744193,4976624.34786756,0.0941860425214962,8.803
925,1,0,accepted,0.0370194159555794,0.0340998534804562,484423.824464946,4976624.51386861,0.0964994161310956,10.761
926,1,0,accepted,0.0372222855877459,0.092525863207546,484424.926056661,4976624.64877101,0.0977418908744065,10.641
927,1,0,accepted,0.0455587089673091,0.146322875801705,484426.035057233,4976624.77549258,0.0993642052064142,11.624
928,1,0,accepted,0.0552256813299413,0.203872106876633,484427.147170714,4976624.90649093,0.100784456097836,11.355
929,1,0,accepted,0.0712619244907782,0.21191409549474,484428.267271518,4976625.02924992,0.101508723343014,10.643
930,1,0,accepted,0.0955854820296799,0.278324001159379,484429.391768203,4976625.14404073,0.103095207731427,9.648
931,1,0,accepted,0.146411459647558,0.532447365580962,484430.530167939,4976625.22607976,0.108124142512426,10.651
932,1,0,accepted,0.170728689066646,0.608267431151232,484431.677687674,4976625.33727141,0.109997332911302,12.605
933,1,0,accepted,0.172508015682031,0.595686175720757,484432.839499715,4976625.47026835,0.110322522356807,12.737
934,1,0,accepted,0.139506726319212,0.311136937592962,484434.01671304,4976625.64500031,0.106269757385661,12.529
935,1,0,accepted,0.155682100320606,0.352242791928701,484435.163068903,4976625.77178686,0.10736704401659,11.044
936,1,0,accepted,0.153708367881625,0.354119567537581,484436.315160975,4976625.91841959,0.107889251092497,11.212
937,1,0,accepted,0.141454254614291,0.319283965473556,484437.462752714,4976626.07546368,0.107281285817605,10.463
938,1,0,accepted,0.13064392324309,0.266092169318942,484438.62604113,4976626.2319231,0.106216225004207,16.035
939,1,0,accepted,0.151371751592808,0.376183428537495,484439.813090904,4976626.36559762,0.108263696158552,11.304
940,1,0,accepted,0.168251776627654,0.404619325870253,484440.999552675,4976626.51582219,0.108817873162086,11.439
941,1,0,accepted,0.189149210690167,0.492440259155271,484442.181225496,4976626.65733757,0.110351029133838,12.714
942,1,0,accepted,0.177700064553703,0.291516873433803,484443.348544374,4976626.83099479,0.107082331848642,13.899
943,1,0,accepted,0.181616721481834,0.263361399054788,484444.515326357,4976626.97973808,0.106705346028287,14.044
944,1,0,accepted,0.116083214660227,0.274046872434172,484445.614863239,4976627.14204501,0.106718169263155,14.707
945,1,0,accepted,0.0963128974339598,0.271898096151466,484446.755296704,4976627.28684007,0.107088852971077,15.136
946,1,0,accepted,0.102038445097198,0.258555659482982,484447.924094673,4976627.42508291,0.107358205201612,14.339
947,1,0,accepted,0.103241677757222,0.230385088193819,484449.093854088,4976627.56703861,0.10713546897651,15.001
948,1,0,accepted,0.116258856058856,0.220247555694004,484450.264240642,4976627.69926558,0.107178811784312,18.324
949,1,0,accepted,0.137799495105864,0.224023996797911,484451.46109734,4976627.83039369,0.107329893725745,12.938
950,1,0,accepted,0.163675571871205,0.235042612216046,484452.651286921,4976627.95325179,0.108036106529471,16.928
951,1,0,accepted,0.18598187573095,0.203774912716059,484453.834838838,4976628.07039119,0.108000280700831,19.243
952,1,0,accepted,0.181172516302109,0.15879540378148,484455.002499196,4976628.20742623,0.107469567743374,12.14
953,1,0,accepted,0.183113574435118,0.154016353022771,484456.168787674,4976628.34292584,0.107138064850528,12.957
954,1,0,accepted,0.183299855087539,0.159437540048569,484457.333799255,4976628.48088495,0.106856517071249,33.632
955,1,0,accepted,0.146721612712599,0.109045968777165,484458.467226744,4976628.64593337,0.106181559782393,18.072
956,1,0,accepted,0.158935942337281,0.113282553594182,484459.655120044,4976628.78308962,0.106659054495996,23.294
957,1,0,accepted,0.169221110927056,0.205525811011992,484460.825057664,4976628.91828355,0.108612644726012,15.192
958,1,0,accepted,0.160431268393042,0.273392489966335,484461.985415992,4976629.07634541,0.110021196244147,16.504
959,1,0,accepted,0.160212894753119,0.300946150859701,484463.170614768,4976629.23166513,0.110782974272571,17.99
960,1,0,accepted,0.144812393349538,0.290216060022856,484464.353310646,4976629.40135936,0.110884854258284,15.798
961,1,0,accepted,0.135503530634649,0.268870496493698,484465.528454239,4976629.56431779,0.110555032676725,13.571
962,1,0,accepted,0.133312854331339,0.223265788161672,484466.750309337,4976629.72177119,0.11060938933007,21.33
963,1,0,accepted,0.142685353746007,0.261208105477186,484467.931280777,4976629.86415539,0.111590112139547,12.5
964,1,0,accepted,0.152213173428147,0.337993933791233,484469.132820304,4976630.00928868,0.113254648785621,21.591
965,1,0,accepted,0.103492959688858,0.221149136133144,484470.20733793,4976630.25936557,0.111942727848966,16.327
966,1,0,accepted,0.118094666490783,0.0738295290504744,484471.369084437,4976630.45016395,0.109996604394641,16.178
967,1,0,accepted,0.118304241630875,0.00576317083379943,484472.560464957,4976630.61848344,0.109169408741923,12.133
968,1,0,accepted,0.0870479360818572,-0.0137483905859813,484473.764528312,4976630.77503752,0.109117017156267,11.922
969,1,0,accepted,0.0776822136113611,0.296711965098745,484474.964340669,4976630.91915954,0.114834791839388,9.741
970,1,0,accepted,0.0241109081667261,0.137289818780859,484476.205733204,4976631.08230866,0.112306883929482,10.027
971,1,0,accepted,0.0338521355444697,0.210000642379935,484477.437274883,4976631.21875061,0.113456143052254,17.831
972,1,0,accepted,0.0369795710963278,0.156275334529329,484478.628774335,4976631.37497395,0.112516106929579,12.316
973,1,0,accepted,0.0335561725534049,0.159843995015107,484479.805304957,4976631.53251475,0.112155061785793,11.645
974,1,0,accepted,0.0465190204743812,0.263692389635366,484480.998792301,4976631.67904982,0.113798028296052,11.452
975,1,0,accepted,0.0467052446930304,0.274508750865899,484482.174125955,4976631.83528342,0.113653957861561,8.71
976,1,0,accepted,0.0568893560855975,0.320277948434058,484483.317401163,4976631.99937594,0.113931607825893,9.12
977,1,0,accepted,0.0562007705767887,0.353309570983587,484484.512739285,4976632.15076393,0.113710210597295,12.95
978,1,0,accepted,0.0591560007115302,0.554602410802881,484485.694833306,4976632.31267588,0.116497753927817,12.272
979,1,0,accepted,0.060589523861484,0.47300956947069,484486.910685765,4976632.46095395,0.114240637690158,11.751
980,1,0,accepted,0.0580612175678578,0.388621037631371,484488.11330665,4976632.62522712,0.1116584243623,16.421
981,1,0,accepted,0.054104512830779,0.377476407709243,484489.293296595,4976632.78908979,0.110422025103914,13.592
982,1,0,accepted,0.0623051046700206,0.307361315332673,484490.464051369,4976632.94429837,0.110540485293594,12.03
983,1,0,accepted,0.143716654275339,-0.0173033023060738,484491.557945816,4976633.19366674,0.104350790857143,13.995
984,1,0,accepted,0.116721471459322,0.050910230166005,484492.798939221,4976633.34925164,0.103462885655002,11.955
985,1,0,accepted,0.0820333609975808,-0.207369960781596,484494.024665345,4976633.50866442,0.0996523872548025,10.434
986,1,0,accepted,0.0527888482240167,-0.124755143643696,484495.24324618,4976633.65125977,0.100518363721992,12.161
987,1,0,accepted,0.0324773023539128,-0.0317853192609429,484496.430830271,4976633.78484189,0.10131299667793,12.375
988,1,0,accepted,0.0130994848863475,0.259280945100959,484497.639414205,4976633.90342775,0.105784770239578,17.965
989,1,0,accepted,0.0454249468771873,0.511975145024642,484498.85089084,4976634.03931755,0.110380222733582,10.743
990,1,0,accepted,0.0650878749535539,0.547106872751676,484500.040991421,4976634.17242457,0.110308055605988,12.263
991,1,0,accepted,0.086443887580739,0.547645990080879,484501.232769832,4976634.30614543,0.110175824844146,16.002
992,1,0,accepted,0.0963483068315331,0.518147062874535,484502.419955345,4976634.44828177,0.109325022384594,14.587
993,1,0,accepted,0.0957160530249451,0.297358669986491,484503.561793684,4976634.58254542,0.104848524322348,19.453
994,1,0,accepted,0.124970332962798,0.449671270439716,484504.768056411,4976634.71289855,0.106977085322314,13.45
995,1,0,accepted,0.140396680182319,0.577725956600328,484505.928450581,4976634.84206365,0.109013635233014,21.021
996,1,0,accepted,0.12008098705582,0.407140806623136,484507.089465699,4976635.00768299,0.10597276199053,19.176
997,1,0,accepted,0.122758928694899,0.420768263631678,484508.256528763,4976635.15140832,0.105803033727512,23.001
998,1,0,accepted,0.126865287958286,0.362196166136402,484509.416260451,4976635.28971638,0.104275663264008,14.114
999,1,0,accepted,0.104467200300133,0.228195522542649,484510.555490804,4976635.4509886,0.10200232813462,13.924
1000,1,0,accepted,0.0949578336385081,0.180201138468167,484511.676335964,4976635.60230142,0.10051722490089,16.814
1001,1,0,accepted,0.107467124737942,-0.0555628623419702,484512.727476378,4976635.83706326,0.0962247627854546,22.073
1002,1,0,accepted,0.121137258450156,0.0378059821049293,484513.875020024,4976635.93909828,0.0977908393465884,15.033
1003,1,0,accepted,0.140958974028722,0.214007506533392,484515.017597623,4976636.05601493,0.100447281160008,18.099
1004,1,0,accepted,0.150294620702548,0.306074067305727,484516.171512924,4976636.17566612,0.102399237967872,12.068
1005,1,0,accepted,0.143478242517915,0.285037731510387,484517.328178312,4976636.32087641,0.102610814289431,17.69
1006,1,0,accepted,0.141365591851651,0.331148964846507,484518.486220477,4976636.45572391,0.1037140221058,12.063
1007,1,0,accepted,0.132187952538142,0.266172543999716,484519.642734168,4976636.59807786,0.10324231997984,21.396
1008,1,0,accepted,0.119978137001068,0.214919341290519,484520.796608747,4976636.73669839,0.102809569965483,22.017
1009,1,0,accepted,0.11408394624385,0.292393548608651,484521.962888077,4976636.86860884,0.104472285780044,31.361
1010,1,0,accepted,0.13104879641397,0.380232770897073,484523.14084192,4976636.99027149,0.106397376578166,21.379
1011,1,0,accepted,0.157743249788601,0.289699011279437,484524.343170807,4976637.13324232,0.104816171730175,20.472
1012,1,0,accepted,0.129414575684103,0.0995494709330411,484525.466030162,4976637.30268994,0.101047771662069,18.521
1013,1,0,accepted,0.132219784735728,-0.0284561627708897,484526.599003911,4976637.44778473,0.0999147382456564,15.588
1014,1,0,accepted,0.142981551183821,0.00636001689025573,484527.733268613,4976637.58273798,0.100449263318526,13.572
1015,1,0,accepted,0.157387791015659,0.0250735759246091,484528.863803501,4976637.70944581,0.101061755302648,17.949
1016,1,0,accepted,0.172953862337056,0.0369487382618169,484529.996931443,4976637.83922399,0.101603126108699,22.178
1017,1,0,accepted,0.190550024489756,0.0979195681720308,484531.125234911,4976637.95975137,0.102896524490987,13.106
1018,1,0,accepted,0.204415199386765,0.0167001309535945,484532.264439051,4976638.09306715,0.101513275695998,14.654
1019,1,0,accepted,0.21281032014625,0.0746379200580915,484533.391054894,4976638.21547794,0.103341777628241,19.527
1020,1,0,accepted,0.216779938080369,0.102316853010775,484534.518254906,4976638.34788925,0.105040933269395,29.385
1021,1,0,accepted,0.231981383626526,0.123644172868306,484535.630464135,4976638.46987479,0.106783654544619,17.001
1022,1,0,accepted,0.250128737458965,0.00976513714458249,484536.765445725,4976638.5977322,0.105985490183216,16.767
1023,1,0,accepted,0.243123702107191,0.219926471860341,484537.873204641,4976638.73943868,0.110400771685653,15.952
1024,1,0,accepted,0.230669129229195,0.191240889633028,484538.97680834,4976638.88651433,0.110881028043398,18.594
1025,1,0,accepted,0.189735218676068,0.2415593110969,484540.057349528,4976639.0553276,0.112729886676205,28.022
1026,1,0,accepted,0.161103759061641,0.265314662008506,484541.134676929,4976639.21935584,0.11394354920427,21.145
1027,1,0,accepted,0.119292480374894,0.117713217167339,484542.134862104,4976639.44762419,0.112469196384752,15.335
1028,1,0,accepted,0.118874235859506,-0.0123913050727445,484543.223972022,4976639.64056146,0.111294201057754,11.866
1029,1,0,accepted,0.107972973907412,-0.13014364971168,484544.335658513,4976639.84276776,0.109381393574031,9.867
1030,1,0,accepted,0.113089197307208,-0.463779186603148,484545.45380636,4976640.04866651,0.105448339507243,10.153
1031,1,0,accepted,0.123544821884919,-0.701547554107816,484546.570818916,4976640.24510712,0.101801459142105,9.342
1032,1,0,accepted,0.100048045596074,-0.447781480719813,484547.686442979,4976640.35371225,0.106943473589329,14.059
1033,1,0,accepted,0.0857612205123187,-0.234430245688092,484548.816275114,4976640.47496454,0.111418845555092,9.827
1034,1,0,accepted,0.132279651545871,-0.176431507856742,484549.869426132,4976640.65458878,0.113273082756399,12.541
1035,1,0,accepted,0.133151125005899,-0.207253512411766,484550.981807922,4976640.82413074,0.113700486724116,13.753
1036,1,0,accepted,0.127185757500225,-0.220320751579818,484552.135403045,4976640.97764444,0.114947809266027,10.121
1037,1,0,accepted,0.123702431527627,-0.177392832441977,484553.275025496,4976641.12727455,0.11739597362255,9.423
1038,1,0,accepted,0.119904927063456,-0.17837039711405,484554.401205035,4976641.28656567,0.119028484100768,9.585
1039,1,0,accepted,0.0959066984957542,-0.224339597578289,484555.546986292,4976641.43543639,0.119933374053343,8.186
1040,1,0,accepted,0.0258252959647571,-0.220359163261587,484556.6762064,4976641.56407553,0.121434220843521,10.988
1041,1,0,accepted,0.0420625244098392,-0.231410008746353,484557.835367457,4976641.71389086,0.122015486464046,9.305
1042,1,0,accepted,0.0867446688575657,-0.209366042678221,484559.009371612,4976641.86279877,0.122659467445952,10.127
1043,1,0,accepted,0.131306868008081,-0.189989297782655,484560.179077993,4976642.0070709,0.122744248042966,9.661
1044,1,0,accepted,0.148340883434094,-0.068961527571091,484561.332634318,4976642.16896288,0.124403377247011,14.89
1045,1,0,accepted,0.173041792303219,-0.0870105339490769,484562.486966303,4976642.32049017,0.124236524033033,10.455
1046,1,0,accepted,0.190755794574172,-0.0485026353175493,484563.633900562,4976642.46830567,0.125085130828247,8.554
1047,1,0,accepted,0.190447520817836,-0.0631424456297107,484564.774253143,4976642.62288177,0.125293159574313,12.89
1048,1,0,accepted,0.074080972450954,0.00358222067043194,484565.798948431,4976642.81231274,0.127149128717576,10.064
1049,1,0,accepted,0.0557192196147641,0.00925111107313925,484566.926965503,4976642.97380954,0.127929986792844,11.171
1050,1,0,accepted,0.0300115960105935,0.0727590525202007,484568.029558755,4976643.13132582,0.129885646082449,11.644
1051,1,0,accepted,0.0381928384542614,0.127827767777157,484569.163009641,4976643.29514667,0.130869541122957,11.059
1052,1,0,accepted,0.0556565003430395,0.102725886334755,484570.304111027,4976643.46615038,0.130780735546728,11.908
1053,1,0,accepted,0.140466851717573,-0.179867019606892,484571.348348936,4976643.71451775,0.125823564291868,12.181
1054,1,0,accepted,0.135147473192036,-0.0573724799725588,484572.505152858,4976643.8551812,0.127629440145492,9.703
1055,1,0,accepted,0.124717188172149,-0.219982169860202,484573.677082872,4976644.0469033,0.124738906230052,11.596
1056,1,0,accepted,0.117926151850737,-0.071704658473588,484574.844382144,4976644.18679285,0.127162783814779,11.857
1057,1,0,accepted,0.0976072856270949,-0.134690696979822,484576.039464854,4976644.36300157,0.125582778128288,9.569
1058,1,0,accepted,0.0697895320842767,-0.268348824430891,484577.224598413,4976644.53340808,0.123114342095263,21.02
1059,1,0,accepted,0.0661354978947093,-0.524473827311032,484578.435284859,4976644.75781878,0.118592845605301,12.349
1060,1,0,accepted,0.0327651753337049,-0.313733634248266,484579.628980278,4976644.89926863,0.121929969788387,12.14
1061,1,0,accepted,0.0521708570285474,-0.512983627169891,484580.82154871,4976645.08601991,0.118333413243525,10.557
1062,1,0,accepted,0.0550894340648128,-0.377123665567053,484582.025054468,4976645.24917885,0.120798539068725,10.144
1063,1,0,accepted,0.0598601826468762,-0.449278373299945,484583.212719127,4976645.41528067,0.119099597968738,10.675
1064,1,0,accepted,0.059907424112028,-0.431200206866752,484584.402221277,4976645.57414194,0.119555045627704,12.283
1065,1,0,accepted,0.0736415742445079,-0.302269783616804,484585.613981688,4976645.75298883,0.121547714141373,12.284
1066,1,0,accepted,0.0762018903662193,-0.142004685397943,484586.789137296,4976645.91876571,0.124175038112627,13.161
1067,1,0,accepted,0.0882442311392351,-0.0271314203944673,484587.99250153,4976646.08561988,0.126069892086084,26.93
1068,1,0,accepted,0.091211791700696,0.0379920104366814,484589.190507599,4976646.25156223,0.127013631146881,15.596
1069,1,0,accepted,0.0898828183860875,0.0313509121851952,484590.389912784,4976646.41262267,0.126672428476944,10.138
1070,1,0,accepted,0.0942206155672186,0.0336663620994551,484591.58393815,4976646.57401798,0.126832382321484,11.663
1071,1,0,accepted,0.0980749633767777,0.0269138327421321,484592.786950696,4976646.73475075,0.126989803133694,11.061
1072,1,0,accepted,0.101067942061787,0.025896604394036,484593.979569333,4976646.89506267,0.127318195501053,13.405
1073,1,0,accepted,0.0430528390606199,0.0461207905916571,484595.124807599,4976647.10180558,0.12808959650193,11.526
1074,1,0,accepted,0.0324779609807267,0.0928015236670258,484596.317765676,4976647.27850695,0.129550364552912,9.402
1075,1,0,accepted,0.00921191337590609,0.111930106117565,484597.495064733,4976647.46477216,0.130129257184027,11.887
1076,1,0,accepted,0.0166567958748634,0.13732796624026,484598.686741831,4976647.63751135,0.130855985997297,15.574
1077,1,0,accepted,0.034634386507754,0.0887045481558774,484599.87228037,4976647.83979566,0.130625327907428,13.768
1078,1,0,accepted,0.0488523546929404,0.0238550098241898,484601.057888928,4976648.02352966,0.130009180243113,10.437
1079,1,0,accepted,0.0568035524057762,-0.0230747910072194,484602.24584229,4976648.21911995,0.129691497292084,12.777
1080,1,0,accepted,0.062270046335142,-0.0061134962385001,484603.457208275,4976648.3881678,0.130328664238494,9.314
1081,1,0,accepted,0.0788265014608772,0.0130808464197197,484604.674283436,4976648.55562665,0.131615669004015,11.02
1082,1,0,accepted,0.0956328397257599,0.0482390508002051,484605.886728111,4976648.73013491,0.132512235023554,12.422
1083,1,0,accepted,0.125299197973761,0.125294321902437,484607.120352517,4976648.90096803,0.134351520518496,10.924
1084,1,0,accepted,0.169903527761994,0.360067206286856,484608.324363692,4976649.05688176,0.138695561673248,10.489
1085,1,0,accepted,0.167231907768005,0.19773110649337,484609.565145799,4976649.26974349,0.136194943750833,9.309
1086,1,0,accepted,0.183424276284741,0.20031119846694,484610.769698022,4976649.4581635,0.136188032386967,8.424
1087,1,0,accepted,0.145535177409111,0.114612845862913,484611.930837189,4976649.68863518,0.134794627171934,16.698
1088,1,0,accepted,0.0895966798446814,0.0408051298065405,484613.086911612,4976649.93997362,0.133784733589442,14.061
1089,1,0,accepted,0.0913453132861499,0.0474021370330272,484614.295061193,4976650.13409456,0.13403541715782,18.237
1090,1,0,accepted,0.100778857798206,0.133668312057718,484615.493320476,4976650.32150198,0.13570390427438,16.545
1091,1,0,accepted,0.106252139995891,0.0612737291927439,484616.718330243,4976650.51524682,0.134776170069878,15.953
1092,1,0,accepted,0.129652111874571,0.0593113628975815,484617.925454179,4976650.69163693,0.134882415773741,16.169
1093,1,0,accepted,0.144205856822621,0.0586053122566271,484619.146315676,4976650.88310378,0.134700379994186,18.771
1094,1,0,accepted,0.172130380383544,0.0753993383746614,484620.369121666,4976651.0646824,0.135225612158891,15.486
1095,1,0,accepted,0.271830100584368,0.362545638602851,484621.656224415,4976651.20665546,0.140070140901279,16.437
1096,1,0,accepted,0.297909243713228,0.500682698897462,484622.876414392,4976651.38792401,0.14258102170262,29.226
1097,1,0,accepted,0.230316211836011,0.369088741048497,484624.015877454,4976651.62633241,0.140264549342639,21.304
1098,1,0,accepted,0.230339028270637,0.373345195837765,484625.229512643,4976651.82165741,0.140312022132501,18.014
1099,1,0,accepted,0.235449270401631,0.435314370339264,484626.395295512,4976652.00475503,0.141308950764258,17.638
1100,1,0,accepted,0.22793097018955,0.39732628305316,484627.583703671,4976652.20394955,0.140826844308524,14.001
1101,1,0,accepted,0.124559340538759,0.396045206198531,484628.641728901,4976652.4634799,0.140590742956688,16.787
1102,1,0,accepted,0.133136126781823,0.413512341925951,484629.773635863,4976652.66614158,0.14047152543547,12.768
1103,1,0,accepted,0.158567446083375,0.162989496227835,484630.871397737,4976652.95551933,0.136492187652436,12.795
1104,1,0,accepted,0.157981245444454,0.069700258081686,484632.068560898,4976653.1719112,0.134587628079265,14.031
1105,1,0,accepted,0.134958852726735,0.0445014947935493,484633.276169879,4976653.3555473,0.133917512003338,12.586
1106,1,0,accepted,0.120783971880632,0.0246379693995732,484634.483636863,4976653.54726596,0.133167591018986,21.421
1107,1,0,accepted,0.101490094488098,-0.00467072519099789,484635.691866143,4976653.73336278,0.132336276610415,11.871
1108,1,0,accepted,0.101554947801709,0.0457144404761684,484636.886989829,4976653.90278684,0.132779668047937,11.425
1109,1,0,accepted,0.0924118285570417,0.0432106481527527,484638.103756966,4976654.06832219,0.132407121133069,7.661
1110,1,0,accepted,0.0741233537783855,0.0313555161039564,484639.328933552,4976654.25423669,0.131787313257831,8.674
1111,1,0,accepted,0.0790644289934817,-0.024765674365563,484640.580433763,4976654.43774134,0.130577539174749,8.575
1112,1,0,accepted,0.100252162896328,-0.0432568604666322,484641.795651618,4976654.62420366,0.129740985375961,8.581
1113,1,0,accepted,0.12586577015984,-0.0137311050511914,484642.99164563,4976654.79441264,0.129738473170451,7.305
1114,1,0,accepted,0.122618751993937,0.00302433481963079,484644.142439094,4976654.96693033,0.130012442092143,11.839
1115,1,0,accepted,0.133620278318067,0.0553834794436002,484645.326221151,4976655.14502458,0.1301500632624,12.191
1116,1,0,accepted,0.148157423737645,0.0585832084277476,484646.502336256,4976655.31524465,0.130429662929659,11.612
1117,1,0,accepted,0.136122412598446,0.118744537973486,484647.626180428,4976655.4944309,0.131025126043604,13.84
1118,1,0,accepted,0.16676786051706,0.145456225202023,484648.830751038,4976655.66169074,0.130949118600711,8.988
1119,1,0,accepted,0.165437408681611,0.259654837747444,484649.990070742,4976655.8443481,0.132699308428875,12.883
1120,1,0,accepted,0.182785241996221,0.247990170560878,484651.15407512,4976656.010369,0.132190672946092,9.173
1121,1,0,accepted,0.192885167520149,0.309139267473872,484652.323909038,4976656.18762348,0.133240124824595,12.76
1122,1,0,accepted,0.195356329483965,0.335680060740259,484653.467249646,4976656.35923407,0.133591181322065,10.305
1123,1,0,accepted,0.198146629659325,0.361892849808807,484654.599933898,4976656.5312507,0.133623493816338,11.225
1124,1,0,accepted,0.147842354319894,0.298462964239819,484655.66378283,4976656.73816486,0.132146465344005,11.797
1125,1,0,accepted,0.118832632255748,0.130808331199253,484656.776507122,4976656.94268141,0.128947821504678,8.504
1126,1,0,accepted,0.142908257483196,0.179498591934604,484657.910543735,4976657.09356398,0.129487020791083,13.186
1127,1,0,accepted,0.159946074744731,0.192735369064265,484659.044566428,4976657.25090287,0.129490436201258,16.098
1128,1,0,accepted,0.172045276913608,0.178048577337493,484660.185000642,4976657.41272989,0.129108929651453,11.548
1129,1,0,accepted,0.17898191036219,0.140675012946204,484661.321680047,4976657.58070339,0.128066040772839,11.346
1130,1,0,accepted,0.135028735812463,0.0400965030485925,484662.401684292,4976657.7957763,0.125995760812253,10.474
1131,1,0,accepted,0.138158035866851,0.0477867536647259,484663.525152429,4976657.96335018,0.125973274302111,10.688
1132,1,0,accepted,0.134658446493876,0.0743607749444863,484664.625084556,4976658.13756335,0.126210103810484,11.157
1133,1,0,accepted,0.133633827594653,0.0769217341485866,484665.727653917,4976658.30954589,0.126265749650816,12.086
1134,1,0,accepted,0.122170354433154,0.0886324409372926,484666.851290493,4976658.48936593,0.126946707211077,9.263
1135,1,0,accepted,0.12041347005765,0.124933649289782,484667.948634647,4976658.66068138,0.127713513993468,8.173
1136,1,0,accepted,0.10650269594656,0.012440289045658,484669.067935577,4976658.8461734,0.126063360850911,12.213
1137,1,0,accepted,0.102994134323054,-0.0479890264227188,484670.16545691,4976659.01942965,0.125246273710553,8.842
1138,1,0,accepted,0.092111955476285,-0.167927637837607,484671.269191434,4976659.20677213,0.123298908224537,8.549
1139,1,0,accepted,0.0735115424367003,-0.143848973681592,484672.316077689,4976659.38234455,0.123990165057954,8.882
1140,1,0,accepted,0.0886825384535863,-0.0560162007565224,484673.39674046,4976659.53532437,0.125609601657431,10.27
1141,1,0,accepted,0.0969245351220995,-0.0486146922838781,484674.50455236,4976659.70180124,0.125931199799327,8.633
1142,1,0,accepted,0.130819026443637,-0.0106608316394388,484675.623037103,4976659.85060915,0.1266171186096,7.363
1143,1,0,accepted,0.131067933099591,0.0948430594086934,484676.682973535,4976660.01619044,0.128448835714462,10.682
1144,1,0,accepted,0.153174940603374,0.167919986297844,484677.753211304,4976660.16201365,0.129599001454453,7.78
1145,1,0,accepted,0.124628277701679,0.0561930218038077,484678.814526743,4976660.36120539,0.127954204668238,9.619
1146,1,0,accepted,0.12860593588974,0.105954559860633,484679.868821854,4976660.52077505,0.128909875227344,16.052
1147,1,0,accepted,0.138206940033556,0.237339321402142,484680.87623763,4976660.6594022,0.131251499144206,10.004
1148,1,0,accepted,0.126026659298658,0.196322259993045,484681.929216548,4976660.83657582,0.130595651883984,12.297
1149,1,0,accepted,0.19470731670729,0.414196647009607,484683.070079536,4976660.96463319,0.134542724141355,9.476
1150,0,1,acceptedDirectional,0.114479612595025,0.036346997870499,484684.116104725,4976661.2382715,0.128016872985226,8.411
1151,1,0,accepted,0.131695874949852,0.316416697099251,484684.914468554,4976661.42895182,0.13284996898111,10.201
1152,1,0,accepted,0.136881471892874,0.339353576057893,484685.943979886,4976661.60621381,0.133092194437743,7.638
1153,1,0,accepted,0.125339697388045,0.245532704816918,484686.989597248,4976661.7905973,0.131404823740291,8.973
1154,1,0,accepted,0.12563128377835,0.278268062386163,484688.021997497,4976661.94485397,0.13131565370136,9.661
1155,1,0,accepted,0.119185409672839,0.0376523280080574,484689.064854638,4976662.14375518,0.127242382616059,9.357
1156,1,0,accepted,0.117924011733825,0.105521670169666,484690.085628427,4976662.27864692,0.128086089867095,7.982
1157,1,0,accepted,0.0972883011984743,0.137907453402973,484691.104676216,4976662.41727331,0.128541330268691,7.807
1158,1,0,accepted,0.0906595440611103,0.0792466350210829,484692.129968657,4976662.56104029,0.127276770847451,7.906
1159,1,0,accepted,0.0777879287302974,0.067703461808315,484693.156642424,4976662.71240589,0.126726848513,10.318
1160,1,0,accepted,0.061683389707831,0.0381043262050373,484694.183635485,4976662.86170449,0.125754465198715,8.438
1161,1,0,accepted,0.0589325687155228,0.0525046221446832,484695.206897163,4976662.99775529,0.125287281215748,9.973
1162,1,0,accepted,0.0743144236894381,0.0731187916456981,484696.212888959,4976663.13524279,0.12495003657052,10.993
1163,1,0,accepted,0.0836641397814682,0.101676747789174,484697.236294365,4976663.26944063,0.124673105218871,7.745
1164,1,0,accepted,0.101113519479946,0.113050000938319,484698.230853811,4976663.40167576,0.123912221285214,13.732
1165,1,0,accepted,0.123278170866218,0.100731469106268,484699.246543703,4976663.53165233,0.122692801262063,10.582
1166,1,0,accepted,0.154336108054258,0.119636455833041,484700.26815066,4976663.65819229,0.121984248916463,8.223
1167,1,0,accepted,0.183043161601362,0.148232163093588,484701.276154557,4976663.78533312,0.121501331543334,19.226
1168,1,0,accepted,0.183110791356522,0.175526419592517,484702.242066387,4976663.92427767,0.120980879820469,10.298
1169,1,0,accepted,0.199841307910878,0.168823876638141,484703.226278724,4976664.05295937,0.119927735578906,10.146
1170,1,0,accepted,0.21082438115816,0.158329525199074,484704.20999952,4976664.18672953,0.118580228258633,11.034
