frame,accepted,directional,reason,errorM,yawErrorDeg,x,y,psi,matchingMs
1,0,0,insufficientComponents,0.640312423976002,2,484201.572914107,4977500.52147539,-2.10588080737395,18.729
2,1,0,accepted,0.038624769414625,0.0207936755472236,484201.061212827,4977500.88480795,-2.14042686803143,41.494
3,1,0,accepted,0.0329757916346968,-0.209247634717636,484201.066523727,4977500.88941418,-2.14442220974997,7.817
4,1,0,accepted,0.0368714519488626,-0.163539835165406,484201.065471808,4977500.88583429,-2.14362904494169,7.82
5,1,0,accepted,0.0442479002499912,-0.00211410190432343,484201.060634963,4977500.87965265,-2.14081504870322,9.139
6,1,0,accepted,0.0487103972116315,0.176588733917912,484201.055724215,4977500.87690157,-2.13768090403285,8.73
7,1,0,accepted,0.0467292576971758,0.190268644170492,484201.057572187,4977500.87833764,-2.13743562493352,8.389
8,1,0,accepted,0.0465642252251367,0.227239500455073,484201.058846514,4977500.87657707,-2.13679418886192,8.743
9,1,0,accepted,0.0581063779297722,0.269737816672513,484201.044364899,4977500.86627007,-2.13603450076861,11.533
10,1,0,accepted,0.0582520199005357,0.326807771207541,484201.044395992,4977500.85868125,-2.13504832796803,7.776
11,1,0,accepted,0.0483450436402948,0.293072700429809,484201.0450969,4977500.85696895,-2.1356470463943,7.937
12,1,0,accepted,0.0413437563458287,0.366121512736465,484201.036316489,4977500.85201687,-2.13433942314338,8.098
13,1,0,accepted,0.0305592735650781,0.436000325769085,484201.027585756,4977500.84608741,-2.13316180155455,7.563
14,1,0,accepted,0.00672129638906097,0.309816543686298,484201.032290218,4977500.84531852,-2.13529269990212,8.289
15,1,0,accepted,0.00683407897690638,0.376423265241574,484201.014693287,4977500.81906549,-2.13407019110917,8.122
16,1,0,accepted,0.00758388314408487,0.437814851590112,484200.992964939,4977500.78777935,-2.13288595591719,8.105
17,1,0,accepted,0.00882925495425271,0.338186800219906,484200.972548322,4977500.7519279,-2.134452424069,9.708
18,1,0,accepted,0.008126566969245,0.367551361468221,484200.945876815,4977500.7129124,-2.13376219171659,8.247
19,1,0,accepted,0.00358904506058382,0.110799488899723,484200.918388954,4977500.6724527,-2.13796496504118,7.95
20,1,0,accepted,0.014923662751862,0.350242105341288,484200.878857235,4977500.61267571,-2.13332747305438,8.478
21,1,0,accepted,0.0054142525432089,0.17347259588448,484200.847894488,4977500.56569296,-2.13577466296645,8.46
22,1,0,accepted,0.00614138977608383,0.112428146852165,484200.81532195,4977500.50496241,-2.13613673173292,6.998
23,0,0,inconsistentClasses,0.0103682853299859,0.10870858770185,484200.777235912,4977500.44217392,-2.1352944444377,10.661
24,0,0,inconsistentClasses,0.0178459132587261,0.0997991014194545,484200.734421759,4977500.37250412,-2.13417472349573,9.849
25,0,0,inconsistentClasses,0.0254074156177988,0.0909980363176564,484200.686702458,4977500.29538353,-2.13293895126387,8.723
26,0,0,inconsistentClasses,0.0327725655411567,0.0593666021934842,484200.631882528,4977500.20741857,-2.13136695689646,8.951
27,0,0,inconsistentClasses,0.0401545707629228,0.0670266348109463,484200.570629933,4977500.11100877,-2.12966202803417,9.004
28,0,0,inconsistentClasses,0.0478567440316315,0.0737049211835033,484200.50746072,4977500.00424195,-2.12923873760381,9.71
29,1,0,accepted,0.0269996901749192,-0.116262904713126,484200.410547573,4977499.88507279,-2.13040560375054,7.907
30,1,0,accepted,0.026484995159015,-0.123429253183032,484200.336113167,4977499.76487387,-2.12791272991845,6.863
31,1,0,accepted,0.0249148626456963,-0.0506576057779348,484200.262034238,4977499.63651387,-2.12585989287344,6.681
32,1,0,accepted,0.0259949353496239,-0.029108726491469,484200.188709647,4977499.50402494,-2.12446233709072,6.511
33,1,0,accepted,0.02481580149696,-0.0379052859420778,484200.103030547,4977499.3714893,-2.12282692167836,6.968
34,1,0,accepted,0.028610646115134,0.0251794922489967,484200.025438003,4977499.22552133,-2.1197165868826,6.668
35,1,0,accepted,0.0318294749324515,0.0611402102286852,484199.941877304,4977499.08273737,-2.11722567842636,7.55
36,1,0,accepted,0.0341292096452873,0.0540339484665857,484199.853326816,4977498.93635418,-2.11604298252348,6.637
37,1,0,accepted,0.0332782951165935,0.0691999560388696,484199.758699605,4977498.78037616,-2.11469376839347,6.879
38,1,0,accepted,0.0348956569816047,0.0386103950376874,484199.66539336,4977498.62801325,-2.11378073857522,7.666
39,1,0,accepted,0.0319499488071304,0.0138610772840938,484199.564665736,4977498.46775654,-2.11287527012437,8.264
40,0,0,inconsistentClasses,0.0360654646770516,0.0194181844063852,484199.467906145,4977498.30944792,-2.11193493199532,8.528
41,0,0,inconsistentClasses,0.0400649520799731,0.019647751434162,484199.36744888,4977498.14599122,-2.11157475379431,8.201
42,1,0,accepted,0.0338597860440901,0.119040519723894,484199.269573746,4977497.96154324,-2.10995852890427,6.91
43,1,0,accepted,0.0284229318295719,0.113774978711997,484199.163007282,4977497.78908719,-2.11002266162397,7.036
44,1,0,accepted,0.025810213319052,0.150376035205129,484199.059886245,4977497.61785138,-2.10958470649991,6.626
45,1,0,accepted,0.0215183199009227,0.148387456748465,484198.957333219,4977497.44759285,-2.10981466406783,7.347
46,1,0,accepted,0.0168151043633253,0.13964820933706,484198.85340482,4977497.27474185,-2.10988120551088,6.72
47,1,0,accepted,0.0193070576198379,0.16816909481455,484198.757545054,4977497.10948565,-2.11036705450246,6.745
48,1,0,accepted,0.0129208000800192,0.160617660452294,484198.655190105,4977496.94361211,-2.111375330559,6.782
49,1,0,accepted,0.00730140143417874,0.15819279337755,484198.557796876,4977496.77750164,-2.11217174236665,6.822
50,1,0,accepted,0.00203921590715991,0.160925463498528,484198.463557003,4977496.61485784,-2.1127695888422,6.885
51,1,0,accepted,0.0156853367985563,0.203730999270185,484198.369831096,4977496.44465995,-2.11268359361993,6.563
52,1,0,accepted,0.0127790203934563,0.161646718542807,484198.278995282,4977496.29901391,-2.1134527815612,7.69
53,1,0,accepted,0.00912928974009539,0.165524510339108,484198.194505539,4977496.14998609,-2.11370011827522,9.333
54,1,0,accepted,0.0138336879211676,0.180682602614493,484198.105530106,4977495.99397042,-2.11418224424398,6.907
55,1,0,accepted,0.0126680429072712,0.17089616816068,484198.014025238,4977495.84319067,-2.11468189647908,6.91
56,1,0,accepted,0.00479122336706232,0.22391138516159,484197.930459392,4977495.69096291,-2.1138910662439,6.535
57,1,0,accepted,0.00675667930087768,0.263318390463543,484197.837802837,4977495.52766942,-2.11372137492707,8.133
58,1,0,accepted,0.0278134676587385,0.183908309285988,484197.744155801,4977495.39776726,-2.11549515112937,6.614
59,1,0,accepted,0.031408137286632,0.182421797816285,484197.64494142,4977495.23408377,-2.11537566021998,6.543
60,1,0,accepted,0.0322076091609649,0.207555234064106,484197.55482409,4977495.06533073,-2.11453165221184,6.574
61,1,0,accepted,0.0536862058258998,0.151074165636864,484197.448213407,4977494.9137123,-2.1143867199591,12.433
62,1,0,accepted,0.054006052116499,0.158242083386419,484197.345135159,4977494.7399629,-2.11277865805724,6.728
63,1,0,accepted,0.0107282427762813,0.248485609855406,484197.238510809,4977494.51972056,-2.10868663806087,8.499
64,1,0,accepted,0.0123088000506162,0.243980344662408,484197.128787548,4977494.3342858,-2.10739229253157,6.178
65,1,0,accepted,0.0152600704697985,0.258876578693876,484197.02342212,4977494.15728711,-2.10642269380555,6.488
66,1,0,accepted,0.0192964268474738,0.248715464602825,484196.916791364,4977493.97269459,-2.10472259564182,11.547
67,1,0,accepted,0.0228025483558042,0.191657337103964,484196.807237794,4977493.78731495,-2.10242847270578,6.002
68,1,0,accepted,0.0307718394374896,0.179969469060921,484196.689932737,4977493.59390065,-2.0983031349499,6.686
69,1,0,accepted,0.0309102433558324,0.141643299814274,484196.578081473,4977493.40080022,-2.09334176389595,7.4
70,1,0,accepted,0.0321790290217684,0.0629719006081928,484196.46170741,4977493.19905141,-2.08749901281883,5.875
71,1,0,accepted,0.0522992522305721,0.00378086445037145,484196.313832601,4977492.97606511,-2.08006030865269,8.285
72,1,0,accepted,0.0606870121416704,-0.0719780786512804,484196.180972995,4977492.75613177,-2.0715035819471,6.802
73,1,0,accepted,0.0573960156441584,-0.0883048596322083,484196.051990692,4977492.51183688,-2.06031290911581,8.328
74,1,0,accepted,0.0652656301064755,-0.0986483863150482,484195.901668332,4977492.24774993,-2.0470360445304,7.81
75,1,0,accepted,0.0649040210507973,-0.0280634742456111,484195.750425643,4977491.95843311,-2.03014907091856,8.41
76,1,0,accepted,0.0567903224507063,-0.0288126275339807,484195.613017865,4977491.67091584,-2.01356239019982,7.325
77,1,0,accepted,0.0561881252957247,-0.0195829439974585,484195.468049749,4977491.36547026,-1.99722401390194,7.522
78,1,0,accepted,0.0631401100621302,-0.115642760315769,484195.30940892,4977491.04117401,-1.97943686113249,7.59
79,1,0,accepted,0.0463324725271192,-0.0229121483198489,484195.169212722,4977490.680117,-1.95777974088743,7.475
80,1,0,accepted,0.0371262617108174,-0.152915491652067,484195.033962038,4977490.32112068,-1.93758556468447,7.561
81,1,0,accepted,0.0346853243020213,-0.18519792708382,484194.890297556,4977489.94723626,-1.91373015155597,7.707
82,1,0,accepted,0.0525412983349433,-0.174469576692349,484194.742516495,4977489.57675658,-1.88802893426659,7.893
83,1,0,accepted,0.0585201150603977,-0.155947254228269,484194.590823826,4977489.17296818,-1.86064894338838,7.319
84,1,0,accepted,0.0752698472511241,-0.0888566489883153,484194.454707186,4977488.77868906,-1.83285695643254,7.637
85,1,0,accepted,0.0855308348741688,-0.0656734291142018,484194.324185082,4977488.35547719,-1.80543997152986,7.368
86,1,0,accepted,0.0936939303264398,-0.072939914131377,484194.208393209,4977487.91850424,-1.77963462175559,8.598
87,1,0,accepted,0.0982345511632101,-0.143442491157934,484194.112137584,4977487.47144011,-1.75342886719369,9.213
88,1,0,accepted,0.0928637106074292,-0.00383434808343588,484194.025895041,4977487.00492199,-1.72405175637439,7.662
89,1,0,accepted,0.0949287059806952,-0.134327155118135,484193.946809803,4977486.53836291,-1.69849749816038,7.843
90,1,0,accepted,0.0880704624935949,0.042040027104494,484193.879420023,4977486.05288032,-1.66714669138957,8.695
91,1,0,accepted,0.074577323677906,0.0601339439985533,484193.825605748,4977485.55384313,-1.63696290297829,8.93
92,1,0,accepted,0.0439757320298917,-0.00730759917964546,484193.796071955,4977485.03190986,-1.6082028430998,9.405
93,1,0,accepted,0.0280390109693657,-0.00316333211060702,484193.769883642,4977484.50980547,-1.57837919901256,9.532
94,1,0,accepted,0.0166042012525904,-0.0418307249673463,484193.741280079,4977483.97546512,-1.54919934623981,9.745
95,1,0,accepted,0.00919242880882401,-0.139245926876554,484193.751228198,4977483.45020331,-1.52026966408071,10.491
96,1,0,accepted,0.011727249189569,-0.208608689379659,484193.776723206,4977482.91831611,-1.49010624524132,10.598
97,1,0,accepted,0.0307734937452077,-0.324515689654743,484193.808684598,4977482.40699039,-1.46103978619511,8.995
98,1,0,accepted,0.0292570011809995,-0.425966784177616,484193.857342637,4977481.86637622,-1.43130101656932,10.531
99,1,0,accepted,0.0234811988827368,-0.474113236808479,484193.943754922,4977481.3081617,-1.40186669955601,9.209
100,1,0,accepted,0.00406324610273829,-0.440603329748424,484194.022233975,4977480.73987387,-1.37066012733387,9.163
101,1,0,accepted,0.0129324709770062,-0.570488148815328,484194.140044277,4977480.18017374,-1.34402287463884,11.029
102,1,0,accepted,0.0386950603675361,-0.440155619828405,484194.293985128,4977479.60707992,-1.3146959674556,9.212
103,1,0,accepted,0.0381774953811396,-0.251641092146646,484194.414659347,4977479.01415122,-1.28551370390327,9.187
104,1,0,accepted,0.038870781643877,-0.214991693318405,484194.575822193,4977478.44270308,-1.25981590640266,9.787
105,1,0,accepted,0.0501574410366622,-0.131864590815343,484194.749384743,4977477.85572603,-1.23463436438042,11.18
106,1,0,accepted,0.0635464643996362,-0.0149399898026618,484194.951836293,4977477.26305478,-1.21158488990151,9.771
107,1,0,accepted,0.0469342067837135,-0.0951371500139545,484195.169011156,4977476.69883817,-1.1946335027752,10.873
108,1,0,accepted,0.0516615926181208,0.0106065614834991,484195.407125468,4977476.10567445,-1.17660050437206,9.305
109,1,0,accepted,0.0450387168255532,0.086258867179208,484195.663578502,4977475.50495949,-1.16101449359039,9.789
110,1,0,accepted,0.044012765477501,0.15957261590574,484195.934800866,4977474.91689096,-1.14811714113863,8.554
111,1,0,accepted,0.0426677178404897,0.199240568225035,484196.205720907,4977474.31068263,-1.13705534841361,9.741
112,1,0,accepted,0.0417349611729916,0.256741941955948,484196.483351938,4977473.69803701,-1.12729877000015,14.867
113,1,0,accepted,0.0281006698536106,0.135135402262756,484196.787805716,4977473.08747294,-1.12200095491079,12.035
114,1,0,accepted,0.0261763554883804,0.178561625608082,484197.088603909,4977472.46337048,-1.11525440180682,12.57
115,1,0,accepted,0.0188429084079017,0.125789286866003,484197.412160738,4977471.83288356,-1.11123459446034,11.056
116,1,0,accepted,0.0161396362510587,0.177700602083839,484197.743039028,4977471.1870869,-1.10664102308074,10.67
117,1,0,accepted,0.0085800929094347,0.171468798586829,484198.085359646,4977470.54094724,-1.10376144406861,10.127
118,1,0,accepted,0.0527212814846974,0.0866217147716308,484198.484571329,4977469.87235395,-1.10383805540785,10.339
119,1,0,accepted,0.0469819959597147,0.220650212406435,484198.826099358,4977469.17977775,-1.10157800847666,9.069
120,1,0,accepted,0.0368658551776733,0.15681867902166,484199.181768626,4977468.51166287,-1.10390144925594,9.15
121,1,0,accepted,0.040321402852282,0.173843895229665,484199.546696245,4977467.80870069,-1.10584659995191,8.752
122,1,0,accepted,0.0376120171574389,0.156170866331238,484199.909426205,4977467.10199251,-1.10746580227443,9.454
123,1,0,accepted,0.0380499553347022,0.181954502316036,484200.276195388,4977466.3964525,-1.10909407531417,11.745
124,1,0,accepted,0.0467581250341859,0.0831639236854779,484200.662709569,4977465.67644845,-1.11314929259244,11.871
125,1,0,accepted,0.039248790001501,0.0412034425410768,484201.035555861,4977464.94884777,-1.11731278110365,9.669
126,1,0,accepted,0.0331931800515008,0.0170972901012634,484201.411456165,4977464.20845936,-1.12189399056731,9.024
127,1,0,accepted,0.0311751024344691,-0.0114464728417463,484201.792661005,4977463.45474972,-1.12747904515224,10.18
128,1,0,accepted,0.026641852312592,0.0233116738957598,484202.180746168,4977462.69183215,-1.13271510588348,11.887
129,1,0,accepted,0.0143774835996323,-0.0200806629414056,484202.564187716,4977461.91428613,-1.13898951163664,12.956
130,1,0,accepted,0.01977599778321,0.0278471421184005,484202.940677475,4977461.11819182,-1.14477618983144,12.88
131,1,0,accepted,0.0244485184197431,0.013873199538582,484203.326195423,4977460.31212435,-1.15084109423511,15.866
132,1,0,accepted,0.0269356798401408,0.0153944081398372,484203.709952233,4977459.49218901,-1.15792225010446,11.997
133,1,0,accepted,0.0436768184380446,0.078835735311324,484204.071731797,4977458.6638271,-1.16359884292776,11.167
134,1,0,accepted,0.0465843393843292,0.0468781312976158,484204.460636103,4977457.82197672,-1.17100983071877,11.646
135,1,0,accepted,0.0577813569186553,0.121863247755419,484204.83076635,4977456.97317281,-1.17654586925928,10.64
136,1,0,accepted,0.0584489863623528,0.13706909872357,484205.210428715,4977456.11839173,-1.18320898159396,11.21
137,1,0,accepted,0.0533825247749434,0.0588346407108876,484205.597046468,4977455.25002909,-1.19149812020935,9.598
138,1,0,accepted,0.0468672723871499,-0.0433033839559805,484205.983103752,4977454.37746216,-1.20023435094375,11.688
139,1,0,accepted,0.0589893499601661,0.0237035337252015,484206.341325867,4977453.4841532,-1.20576247990186,9.291
140,1,0,accepted,0.0114330030389905,0.0138648644043686,484206.749965905,4977452.62848982,-1.21303397964428,9.574
141,1,0,accepted,0.0160605413782898,-0.00816242971700421,484207.135531816,4977451.73334421,-1.22026336314308,11.215
142,1,0,accepted,0.0275526970663486,-0.00160089926855832,484207.501198679,4977450.82511804,-1.22681811582378,12.768
143,1,0,accepted,0.0230883445377053,0.042418849405171,484207.863660601,4977449.8964744,-1.23311267998283,11.215
144,1,0,accepted,0.0113505115964461,-0.00889291020243153,484208.226390237,4977448.94784902,-1.2406592121103,11.15
145,1,0,accepted,0.03532642775568,0.0706125388006046,484208.565280002,4977447.96396635,-1.24690441553245,8.637
146,1,0,accepted,0.0512400499595412,-0.0478752891203632,484208.91608614,4977446.99721102,-1.2548732864569,8.334
147,1,0,accepted,0.157545563309712,0.488941549871652,484209.193698708,4977445.94726685,-1.25320589329513,12.769
148,1,0,accepted,0.160409552676931,0.502853282077775,484209.534311188,4977444.9825913,-1.25930323168722,15.302
149,1,0,accepted,0.132954122977771,0.404304190104688,484209.892911932,4977444.03017657,-1.26788532638903,11.607
150,1,0,accepted,0.0382912928588473,-0.0201730266504996,484210.29994721,4977443.14191746,-1.28170534133936,13.463
151,1,0,accepted,0.0472767620275983,0.0484148281217964,484210.605805878,4977442.15819988,-1.28768067158396,7.624
152,1,0,accepted,0.0596491660702253,0.0510588320597014,484210.9163804,4977441.15502848,-1.29462700881989,9.658
153,1,0,accepted,0.0823174549654766,0.135985575652109,484211.21059293,4977440.15805062,-1.2997846894649,8.674
154,1,0,accepted,0.0916894181024224,0.149614603958598,484211.514539079,4977439.15862205,-1.30576883682628,7.723
155,1,0,accepted,0.108085332461332,0.2565318699604,484211.80946293,4977438.15581828,-1.31109453180309,9.095
156,1,0,accepted,0.113248987514406,0.255314856199231,484212.112615269,4977437.13677061,-1.31778787443033,8.349
157,1,0,accepted,0.122349138047447,0.330239346528375,484212.409807313,4977436.1239646,-1.32346789541433,12.879
158,1,0,accepted,0.0818764960336393,0.0490671820148849,484212.77721858,4977435.1207648,-1.33533525432827,12.465
159,1,0,accepted,0.0741646273419855,0.0283421151519511,484213.062423489,4977434.0965666,-1.34211945150756,10.049
160,1,0,accepted,0.0753903102033334,0.0502874667195296,484213.338941583,4977433.08128107,-1.34809601365584,9.285
161,1,0,accepted,0.0720975837122543,0.0552866616857971,484213.609202119,4977432.06326954,-1.35486069091362,9.028
162,1,0,accepted,0.0568232600146328,0.0229164473471174,484213.864054835,4977431.06287497,-1.36205950722285,8.176
163,1,0,accepted,0.0510805474174945,0.0227791651611743,484214.121345665,4977430.04055372,-1.36845520570338,8.108
164,1,0,accepted,0.0570634171548225,-0.0730848594726296,484214.356085052,4977429.04275407,-1.37655915250994,10.563
165,1,0,accepted,0.0399821378347667,-0.136668879243945,484214.622508911,4977428.01726185,-1.38373234006809,10.455
166,1,0,accepted,0.0473141442552152,-0.0459782510340405,484214.86331653,4977426.95973917,-1.38841992712813,9.513
167,1,0,accepted,0.0423210936968413,-0.111821439590905,484215.101363275,4977425.93229205,-1.39574609356455,11.18
168,1,0,accepted,0.0484980638314423,0.0144501411486529,484215.32626419,4977424.88502158,-1.40033262076695,8.693
169,1,0,accepted,0.0426594238726488,0.0562325000612548,484215.554041125,4977423.84566225,-1.40621410313922,8.128
170,1,0,accepted,0.0461168636272091,0.0312442436795389,484215.764822775,4977422.80936493,-1.41333726908737,10.345
171,1,0,accepted,0.059103633195906,0.0497921201072242,484215.960783877,4977421.76634387,-1.42021451540865,8.809
172,1,0,accepted,0.064672318892956,0.0765085892931372,484216.158042106,4977420.71016938,-1.42698698371662,10.013
173,1,0,accepted,0.0668139687967486,0.112756369453105,484216.351386777,4977419.6528017,-1.43393901920276,10.054
174,1,0,accepted,0.0707857155992365,0.109445791665542,484216.535892142,4977418.58919458,-1.44133381693583,9.176
175,1,0,accepted,0.117304685586907,0.0262623867166351,484216.668625284,4977417.55321907,-1.45011380170767,16.629
176,1,0,accepted,0.128471321558156,0.0491171902883542,484216.830550007,4977416.49090877,-1.45704975528554,9.443
177,1,0,accepted,0.146650687317051,0.0737466534962285,484216.978488803,4977415.44300654,-1.46406188279228,9.018
178,1,0,accepted,0.162952675044673,0.123212768819017,484217.129734225,4977414.40043008,-1.47053755242886,14.284
179,1,0,accepted,0.0559927922126214,0.113358948533847,484217.374049108,4977413.25168727,-1.47816395473355,11.153
180,1,0,accepted,0.0717022631680781,0.0824206530196521,484217.501923354,4977412.16497326,-1.48575982990938,10.464
181,1,0,accepted,0.0832635273490041,0.19398157588009,484217.633214522,4977411.05475981,-1.49154047893151,11.61
182,1,0,accepted,0.090219001569122,0.165156561255382,484217.766467619,4977409.94751342,-1.4987591297649,11.164
183,1,0,accepted,0.124267167432669,0.224001401125506,484217.886700059,4977408.79946563,-1.50486306780805,9.942
184,1,0,accepted,0.125888548495718,0.129778783687381,484218.019489798,4977407.70263536,-1.51326160066092,10.487
185,1,0,accepted,0.11563384025179,-0.146808828201722,484218.177019701,4977406.60070625,-1.52481092570507,12.092
186,1,0,accepted,0.0871481371769853,-0.269473690572247,484218.289432351,4977405.52016372,-1.53376163078406,11.237
187,1,0,accepted,0.142324665930787,-0.533774016912973,484218.475686053,4977404.40096895,-1.54526987868032,12.832
188,1,0,accepted,0.119905606110056,-0.534772605068767,484218.53224819,4977403.28375701,-1.55130923248109,10.806
189,1,0,accepted,0.0444312157123307,-0.164390576886115,484218.485678071,4977402.2228194,-1.55024443903083,8.392
190,1,0,accepted,0.0579529994011656,-0.0232830919732096,484218.538612146,4977401.10732657,-1.55247605435966,7.753
191,1,0,accepted,0.06574302382495,0.00222667657591001,484218.590266129,4977399.9790089,-1.55648448476645,9.318
192,1,0,accepted,0.0847108015906221,-0.0128866911916411,484218.626244026,4977398.85581946,-1.56033960731316,7.738
193,1,0,accepted,0.102373760717451,0.159104517218186,484218.65979341,4977397.71117777,-1.56037999137088,8.348
194,1,0,accepted,0.11486481761721,0.238307238282305,484218.694983396,4977396.55276976,-1.56157337119145,9.011
195,1,0,accepted,0.0473874591251449,0.0455147467085872,484218.816460453,4977395.364402,-1.56719175307837,11.592
196,1,0,accepted,0.0323799084830403,0.011145519602038,484218.87749986,4977394.20402531,-1.57020948007251,8.881
197,1,0,accepted,0.0276420236703822,-0.0307809190711116,484218.921969891,4977393.04098001,-1.57301956874678,8.494
198,1,0,accepted,0.0160312493080801,-0.0909923341964253,484218.969355654,4977391.87236488,-1.57589983576451,11.35
199,1,0,accepted,0.0189380109873883,-0.0714136754190657,484218.991940152,4977390.70456112,-1.57731144252046,10.591
200,1,0,accepted,0.0197672470528138,-0.151961708744319,484219.040826329,4977389.53560941,-1.58049561281819,7.542
201,1,0,accepted,0.0399912691000927,-0.115187748212659,484219.057574084,4977388.35537208,-1.58123057102198,8.836
202,1,0,accepted,0.0562459269449405,-0.0959393255541649,484219.076743161,4977387.17001,-1.58221956856237,8.634
203,1,0,accepted,0.0613199603803978,-0.0569396828402228,484219.092642099,4977386.04065284,-1.5827597151106,7.932
204,1,0,accepted,0.0590587916097306,-0.0904585116789975,484219.112375467,4977384.82210246,-1.58289760537836,8.823
205,1,0,accepted,0.0613175711739823,-0.0799023866378852,484219.127901703,4977383.59759377,-1.58235400956421,9.027
206,1,0,accepted,0.0682141275263827,-0.0884317918567822,484219.146440533,4977382.37000599,-1.58131883519486,9.105
207,1,0,accepted,0.0672880224850087,-0.0782029630328215,484219.168428111,4977381.13024256,-1.57968450694144,9.109
208,1,0,accepted,0.0667236644630872,-0.0667208375786594,484219.194017125,4977379.90659364,-1.57734910477208,9.366
209,1,0,accepted,0.0675897330587231,-0.079510840604182,484219.221545514,4977378.66861771,-1.57478784623147,7.852
210,1,0,accepted,0.0845330528933535,-0.11581501627777,484219.237396172,4977377.43301764,-1.57233901157867,8.384
211,1,0,accepted,0.0633853475055662,-0.0740317948281652,484219.294685127,4977376.17765386,-1.56795880523254,10.566
212,1,0,accepted,0.0646814115114203,-0.0685507967622164,484219.328058715,4977374.91681898,-1.56399489237719,9.111
213,1,0,accepted,0.056334884373819,-0.00917898107299984,484219.38111544,4977373.65103158,-1.55889093508838,8.473
214,1,0,accepted,0.0665388449729318,0.036265856530818,484219.419307133,4977372.38688481,-1.55412848179412,9.048
215,1,0,accepted,0.0572898077956757,0.111418890861537,484219.481616525,4977371.12253843,-1.5482124496695,10.44
216,1,0,accepted,0.0548928148085703,0.145839185985493,484219.538458009,4977369.8430654,-1.5425769444964,8.027
217,1,0,accepted,0.0480390086780296,0.204939288391656,484219.604017368,4977368.55797233,-1.53663101324393,11.925
218,1,0,accepted,0.0639913933414495,0.207588403315024,484219.653393641,4977367.26118537,-1.53123340166934,10.486
219,1,0,accepted,0.0682587633627027,0.156697148193997,484219.72521179,4977365.95267153,-1.52688336433139,9.675
220,1,0,accepted,0.0579926530018895,0.0981649917648722,484219.815072641,4977364.67998433,-1.52242092363055,8.473
221,1,0,accepted,0.068966603523376,0.120593618542846,484219.891282438,4977363.4008236,-1.51650795738494,7.979
222,1,0,accepted,0.0810909133270194,0.16266482958436,484219.975872072,4977362.11364368,-1.51015806431186,7.879
223,1,0,accepted,0.0922279086675467,0.212748407045035,484220.070342995,4977360.82733656,-1.50310272993725,7.602
224,1,0,accepted,0.0700272431337854,0.123281109485355,484220.206396915,4977359.52691667,-1.4983364767638,7.809
225,1,0,accepted,0.0581805728738953,0.0241274631911444,484220.340507371,4977358.22113883,-1.49351660832356,7.431
226,1,0,accepted,0.0702297373813463,0.0484205698449662,484220.459106522,4977356.92116432,-1.48662486238077,7.934
227,1,0,accepted,0.0677070528644973,0.0509281532073467,484220.602105568,4977355.60684945,-1.47987052547363,9.07
228,1,0,accepted,0.0629738437950069,0.00801838190671853,484220.747738185,4977354.33122567,-1.47374268650271,8.347
229,1,0,accepted,0.068033130619479,0.0282331211324133,484220.892789266,4977353.02311243,-1.46659261525158,7.716
230,1,0,accepted,0.0685918532692193,0.0644532826900114,484221.054043378,4977351.72004365,-1.459543486627,9.151
231,1,0,accepted,0.0646618534692732,0.00401335450983099,484221.227751226,4977350.40728698,-1.4537514510312,12.17
232,1,0,accepted,0.0515981911463249,-0.00288953458831642,484221.420068674,4977349.08691023,-1.4475989489072,9.623
233,1,0,accepted,0.0368266646758393,-0.0129292503418695,484221.624687521,4977347.77426566,-1.44122894911306,9.074
234,1,0,accepted,0.0366953878818364,0.00213636279080761,484221.824551367,4977346.46061169,-1.43439387376611,8.112
235,1,0,accepted,0.0396669544109063,0.0842664500080748,484222.029599271,4977345.1493678,-1.42648895966894,7.581
236,1,0,accepted,0.0479146349918035,0.0576859707141335,484222.242234834,4977343.81949264,-1.42039702204435,7.844
237,1,0,accepted,0.0528817003416498,0.03959239569665,484222.464830427,4977342.49522201,-1.41404923746958,6.907
238,1,0,accepted,0.0581329984980711,0.0282954929220076,484222.690080448,4977341.18524937,-1.40765161088509,6.976
239,1,0,accepted,0.0533862811601658,-0.00466199612137625,484222.934707601,4977339.87059523,-1.40130956736535,8.443
240,1,0,accepted,0.0688471728004478,-0.0361746154065139,484223.172492148,4977338.54347213,-1.39573325504197,6.948
241,1,0,accepted,0.08255481026441,-0.0559323419275207,484223.415005415,4977337.24248329,-1.38920557560873,7.37
242,1,0,accepted,0.0871752524673674,-0.0305786569459802,484223.680238862,4977335.92825619,-1.38266801278378,7.539
243,1,0,accepted,0.0993297361321292,0.00353040705704566,484223.946297979,4977334.60369282,-1.37600952424733,6.753
244,1,0,accepted,0.114176375422278,0.0604657651104331,484224.219954845,4977333.27981507,-1.36932157456375,7.086
245,1,0,accepted,0.128770804552043,0.123977782550855,484224.505835603,4977331.94401441,-1.3633598192195,7.763
246,1,0,accepted,0.112297980416235,0.14090577607213,484224.828986139,4977330.64686612,-1.35936970459848,10.223
247,1,0,accepted,0.0899600338061776,0.0798978039671599,484225.177465398,4977329.34493393,-1.35767714230775,7.962
248,1,0,accepted,0.0718980836474618,0.0484164358880277,484225.515967031,4977328.03315204,-1.35629786290626,9.728
249,1,0,accepted,0.0691756034977655,0.13250743166658,484225.830533768,4977326.69373645,-1.35263336429559,7.799
250,1,0,accepted,0.0552953228407954,0.100100524362524,484226.159705435,4977325.33304767,-1.35105919483071,9.108
251,1,0,accepted,0.0411317704658907,-0.0480083756524974,484226.50572664,4977323.96732413,-1.351958919168,8.234
252,1,0,accepted,0.0526944466805173,-0.0695699882935107,484226.837321699,4977322.60497882,-1.35080149341332,9.43
253,1,0,accepted,0.0651168587122818,-0.0785576464863272,484227.165409663,4977321.24578284,-1.34969071100472,10.123
254,1,0,accepted,0.0375331331002787,-0.148593496858135,484227.506505471,4977319.95380978,-1.34915123346088,9.393
255,1,0,accepted,0.0381487304116901,-0.168711808970477,484227.844641875,4977318.60219143,-1.34768046424305,9.002
256,1,0,accepted,0.0208481853808708,-0.0851972750004115,484228.197016239,4977317.2731938,-1.34501657336696,9.436
257,1,0,accepted,0.0261100734432948,-0.103249469725527,484228.53509327,4977315.92865566,-1.34391490422533,8.199
258,1,0,accepted,0.031625403794168,-0.0332879351670104,484228.881054626,4977314.56282474,-1.34245042988349,8.573
259,1,0,accepted,0.0431513841343676,-0.0448757451790127,484229.217657817,4977313.21285288,-1.34113311527326,8.93
260,1,0,accepted,0.0470029339805659,-0.034703973851093,484229.568480962,4977311.84301746,-1.34030153920835,8.908
261,1,0,accepted,0.0493389435285488,-0.0288688967715145,484229.913094489,4977310.50537311,-1.33933433029945,7.451
262,1,0,accepted,0.0513091890284906,-0.0460157152000369,484230.265997694,4977309.1464665,-1.33860298994109,10.707
263,1,0,accepted,0.0455136235778548,-0.070153615306371,484230.630917492,4977307.79695505,-1.33876415730522,8.886
264,1,0,accepted,0.0505393960480192,-0.126712056003633,484230.983767839,4977306.43463525,-1.33840821360469,8.477
265,1,0,accepted,0.0521376663288288,-0.0810994895362592,484231.347326464,4977305.04449935,-1.33734096725902,9.037
266,1,0,accepted,0.0506549630213035,0.00675709262871942,484231.71303481,4977303.6821997,-1.33540375921361,9.004
267,1,0,accepted,0.0410283786895516,0.0594149974345632,484232.083052944,4977302.31569259,-1.33390067220331,7.188
268,1,0,accepted,0.0358761267381005,0.0356292201387249,484232.452425091,4977300.92838322,-1.33337964428591,7.117
269,1,0,accepted,0.0324050662011968,0.0265462127810848,484232.82429243,4977299.53839351,-1.33271574128293,7.816
270,1,0,accepted,0.0322787167022706,0.0678448412025113,484233.198512321,4977298.14371877,-1.33166474227737,9.402
271,1,0,accepted,0.0370437565705555,0.0978925451641374,484233.577647034,4977296.73794135,-1.33086383815325,9.137
272,1,0,accepted,0.0491432100207165,0.0793607012648877,484233.938935914,4977295.3453326,-1.33107973761769,8.857
273,1,0,accepted,0.0550428946070094,0.119600011147756,484234.307628017,4977293.95047551,-1.33081258095408,7.467
274,1,0,accepted,0.0516979761615951,0.177491486794763,484234.67907721,4977292.57803555,-1.3301038066718,7.949
275,1,0,accepted,0.0613890596609662,0.167730098528923,484235.048795468,4977291.17245472,-1.33131984347887,6.682
276,1,0,accepted,0.0756934322457866,0.122779261528273,484235.417701827,4977289.7592567,-1.3330086732112,6.963
277,1,0,accepted,0.0846365269927677,0.114319222958458,484235.787385776,4977288.34645623,-1.33426938557881,8.216
278,1,0,accepted,0.105141892511831,0.10668151030038,484236.141704569,4977286.93324097,-1.33520093197412,7.245
279,1,0,accepted,0.132666545794084,0.130495794266527,484236.498679333,4977285.49628779,-1.33687281680021,7.685
280,1,0,accepted,0.169483802965892,0.110560213370214,484236.842808433,4977284.06797348,-1.33832512238246,7.569
281,1,0,accepted,0.150444920104961,0.161658312231497,484237.20963339,4977282.68310831,-1.33937020788244,8.609
282,1,0,accepted,0.135977846521429,0.164061250509791,484237.5799555,4977281.28817397,-1.34170491020178,8.733
283,1,0,accepted,0.13378014897425,0.286934496626613,484237.93542776,4977279.899313,-1.34150264834552,9.933
284,1,0,accepted,0.108580960552192,0.260480637714164,484238.319814899,4977278.50876727,-1.34538763284022,9.648
285,1,0,accepted,0.102283581064616,0.294986659272616,484238.717096204,4977277.16939695,-1.3482741790601,7.428
286,1,0,accepted,0.0549995499359356,0.0878354832859033,484239.110508547,4977275.68661453,-1.35556870753079,9.445
287,1,0,accepted,0.0243492666670183,-0.0590555826771088,484239.471833239,4977274.25395981,-1.36074642533332,7.422
288,1,0,accepted,0.0329842602544482,0.0169910884653692,484239.809476314,4977272.81154258,-1.36293027921064,8.303
289,1,0,accepted,0.0364554596407329,-0.142986899798783,484240.161677696,4977271.33993718,-1.36862232272101,8.61
290,1,0,accepted,0.0516244951466964,0.0139217980458701,484240.475290466,4977269.91344054,-1.36942953717253,7.921
291,1,0,accepted,0.050921876507021,0.0817662493139168,484240.810469773,4977268.47761445,-1.37164498651948,8.832
292,1,0,accepted,0.0596518290931967,0.139770261933052,484241.135841652,4977267.03637933,-1.37397896192627,7.838
293,1,0,accepted,0.0675049705323126,0.184909477950435,484241.452081469,4977265.61122646,-1.37694041402844,8.962
294,1,0,accepted,0.0618151546236566,0.161087336700262,484241.780359985,4977264.15343454,-1.38116453311162,9.648
295,1,0,accepted,0.0466202336610306,-0.0236050247235497,484242.131471515,4977262.65920016,-1.38733890095116,9.734
296,1,0,accepted,0.0492154265065801,-0.0922196524053786,484242.446222594,4977261.20299713,-1.39155662774172,8.909
297,1,0,accepted,0.0516916991048608,-0.184742258930686,484242.755561793,4977259.75127092,-1.39633875447376,9.807
298,1,0,accepted,0.0611458363364246,-0.189738696168252,484243.046212002,4977258.29767729,-1.39973647646322,7.912
299,1,0,accepted,0.0462793195490628,-0.282850357029736,484243.342853771,4977256.86087673,-1.40481135188587,7.326
300,1,0,accepted,0.0653743297622721,-0.235907573911039,484243.614657515,4977255.42175592,-1.40720969628569,7.825
301,1,0,accepted,0.0719442872683218,-0.068047703714258,484243.892150649,4977253.98430526,-1.40720716118351,8.826
302,1,0,accepted,0.0592958715397491,0.0190072409178098,484244.185791489,4977252.55638705,-1.40900104051929,7.274
303,1,0,accepted,0.0353981049424469,0.057458760912132,484244.486599547,4977251.11784693,-1.41126837289417,8.725
304,1,0,accepted,0.0312087512197757,0.0936659435996683,484244.76457032,4977249.67673348,-1.41382585258143,8.231
305,1,0,accepted,0.0245489706705467,0.0782029862137981,484245.038578209,4977248.25018368,-1.41731979229248,7.948
306,1,0,accepted,0.0303205957107328,-0.0101809871622789,484245.297246363,4977246.8213381,-1.42160455375879,6.155
307,1,0,accepted,0.0390922794449372,-0.0492234002688789,484245.545957591,4977245.3826521,-1.42551996992721,6.548
308,1,0,accepted,0.044687912353419,-0.0329158503155159,484245.790165625,4977243.94611702,-1.42841013858327,7.002
309,1,0,accepted,0.0538462454560169,0.00771687421980506,484246.026051807,4977242.51213493,-1.43083412527633,7.578
310,1,0,accepted,0.0410743454586457,0.0786626503163974,484246.278232441,4977241.09665387,-1.43283402658921,8.95
311,1,0,accepted,0.054689231358694,0.0396564974379238,484246.500438503,4977239.64076552,-1.43627764707569,6.998
312,1,0,accepted,0.0530514920923959,0.0453654057605512,484246.730771025,4977238.20372411,-1.43858861773201,7.212
313,1,0,accepted,0.0509527913329626,-0.0375103463875557,484246.9519022,4977236.80306473,-1.44182631968533,9.158
314,1,0,accepted,0.0620150864516518,0.0164633380019176,484247.165398019,4977235.37304515,-1.44373846235186,8.078
315,1,0,accepted,0.0782975447243809,0.0181141690163009,484247.373839457,4977233.94589074,-1.44609189323804,9.304
316,1,0,accepted,0.0708771926300623,0.0952441961927492,484247.593197242,4977232.55997621,-1.44796648418071,8.955
317,1,0,accepted,0.0872289758259474,0.20925655301613,484247.789034309,4977231.1691855,-1.44844522778117,7.943
318,1,0,accepted,0.0666686514284387,-0.138901151753968,484248.073586357,4977229.80022668,-1.45665455035259,10.185
319,1,0,accepted,0.0708254359920794,-0.0892862214353268,484248.266298398,4977228.38129069,-1.45793742814373,10.819
320,1,0,accepted,0.066545285285743,-0.147532905366381,484248.472001427,4977226.95595324,-1.46076357059661,8.209
321,1,0,accepted,0.0654520482696947,-0.189862545866325,484248.672398938,4977225.53801327,-1.46371046511998,8.124
322,1,0,accepted,0.0528340287725029,-0.105894316002679,484248.873715205,4977224.10971858,-1.4644917146342,7.803
323,1,0,accepted,0.0397548322304565,-0.13235679918685,484249.069890122,4977222.67158946,-1.46718497198865,8.873
324,1,0,accepted,0.0418792769045582,-0.0244079089195355,484249.248582867,4977221.24531041,-1.4675587536329,8.352
325,1,0,accepted,0.0379793413569515,-0.13050222747937,484249.42920797,4977219.77052093,-1.47157829591008,8.328
326,1,0,accepted,0.0475036477396135,-0.240960308682987,484249.607568193,4977218.33537069,-1.47530367458065,7.108
327,1,0,accepted,0.0740037391319229,-0.236546876313415,484249.781069024,4977216.906889,-1.47691402544718,7.341
328,1,0,accepted,0.0654032669311146,-0.0955718173120473,484249.948780842,4977215.48337802,-1.47652271853927,8.118
329,1,0,accepted,0.0545308835562836,-0.0998642029780921,484250.130959075,4977214.05815288,-1.47742024209617,8.199
330,1,0,accepted,0.066471646157127,-0.0839356019307694,484250.294585134,4977212.6223745,-1.4794511023555,8.528
331,1,0,accepted,0.0679002664905749,-0.0242340792655142,484250.46189661,4977211.20294068,-1.47989981991467,8.654
332,1,0,accepted,0.0720491741970471,-0.0977037653733936,484250.626946494,4977209.76680032,-1.48131591225453,10.072
333,1,0,accepted,0.0787948422243494,0.000319025268770883,484250.785551013,4977208.33977787,-1.48199976644475,8.275
334,1,0,accepted,0.0792287584201003,0.0571087902009087,484250.947531992,4977206.90979683,-1.48261639720418,9.032
335,1,0,accepted,0.084245726748857,0.083600072231904,484251.103393224,4977205.47771165,-1.48302813490924,8.911
336,1,0,accepted,0.107428521538962,-0.200791629502098,484251.369757262,4977203.96893368,-1.48946853005533,11.704
337,1,0,accepted,0.0125990247143175,-0.303788036920309,484251.504930662,4977202.64701931,-1.49305043707433,8.564
338,1,0,accepted,0.0216971471868911,-0.249619980658178,484251.636183531,4977201.20742623,-1.49298573163207,7.947
339,1,0,accepted,0.0368910730740376,-0.158360757716843,484251.774167316,4977199.78576953,-1.49348169736637,7.652
340,1,0,accepted,0.0534075425838075,-0.080696968909712,484251.914016762,4977198.3336074,-1.49392987284092,6.999
341,1,0,accepted,0.033685663132789,-0.166559105253431,484252.082260515,4977196.94301888,-1.49709273766049,7.857
342,1,0,accepted,0.0378164375134551,-0.107606552960441,484252.226620028,4977195.4922838,-1.49747259567058,7.756
343,1,0,accepted,0.0490872814291897,-0.135049511242456,484252.365253151,4977194.05054335,-1.49936860618917,10.091
344,1,0,accepted,0.071181496289715,-0.0764118983018846,484252.498449228,4977192.59551587,-1.49938775341761,7.698
345,1,0,accepted,0.085359808649578,-0.100550679077602,484252.629102395,4977191.15154235,-1.50090179734741,8.591
346,1,0,accepted,0.0898879287371117,-0.0311996675488555,484252.758685841,4977189.74179595,-1.50080335521071,7.498
347,1,0,accepted,0.0606076363490722,-0.000546532120941425,484252.913245419,4977188.34876223,-1.50082078557641,7.616
348,1,0,accepted,0.0598203353353659,0.0223114937062968,484253.048268697,4977186.92705626,-1.50133157002926,7.35
349,1,0,accepted,0.0357585843812427,0.0580786419329717,484253.205207493,4977185.5309494,-1.50121739308576,7.649
350,1,0,accepted,0.0422697303312208,0.0755888448060136,484253.334251607,4977184.12083553,-1.50132052282462,7.256
351,1,0,accepted,0.0478465364848607,0.0818276799926603,484253.460178803,4977182.68561533,-1.50113994830056,7.701
352,1,0,accepted,0.0560088878029688,0.0644669240673234,484253.581716535,4977181.27829152,-1.50132469272381,7.072
353,1,0,accepted,0.0533900834244956,0.0809843682302377,484253.716391897,4977179.86735634,-1.5011813847029,6.962
354,1,0,accepted,0.0624221770512388,0.0239448385000079,484253.841487875,4977178.4414857,-1.50211523204703,8.798
355,1,0,accepted,0.0715547697215224,0.000309585705009988,484253.966627799,4977177.03477251,-1.50258314600932,10.224
356,1,0,accepted,0.0773015749339442,-0.00406286842715439,484254.095652129,4977175.63161572,-1.5027622190584,9.532
357,1,0,accepted,0.0776652492754501,0.0335824795482227,484254.227077303,4977174.21962244,-1.50222240050978,9.567
358,1,0,accepted,0.0678949558434149,0.106550587690264,484254.353501251,4977172.79610531,-1.50105679017353,8.128
359,1,0,accepted,0.052481490789291,0.155381238578669,484254.484693717,4977171.38927865,-1.49997747169133,6.615
360,1,0,accepted,0.0373288453171383,0.110952461333621,484254.6154782,4977169.97195343,-1.50060650422447,8.97
361,1,0,accepted,0.0369466686821679,0.119205117359266,484254.742352913,4977168.57503902,-1.50016619760304,7.777
362,1,0,accepted,0.0264213042513401,0.100773416175513,484254.860121902,4977167.14407237,-1.50012700664544,6.607
363,1,0,accepted,0.0248579977236869,0.0642494523547366,484254.977493513,4977165.70183261,-1.50049439329382,7.297
364,1,0,accepted,0.0226331760646444,0.0458249190357897,484255.096917476,4977164.29628987,-1.50064727060798,7.139
365,1,0,accepted,0.0330658120138895,0.0219737826146015,484255.208385815,4977162.87361477,-1.5005037518198,8.168
366,1,0,accepted,0.0462383050680586,0.0345533969545073,484255.327022956,4977161.43993661,-1.49970396441378,7.59
367,1,0,accepted,0.0502513822729897,0.0236678884884921,484255.440434924,4977160.02246002,-1.49921054728143,7.407
368,1,0,accepted,0.0545966579800017,0.0797413308765781,484255.555720111,4977158.5958694,-1.4975945409962,10.157
369,1,0,accepted,0.0690859124068625,0.102050336507299,484255.674741887,4977157.16863675,-1.49650387117179,7.493
370,1,0,accepted,0.0884843959944397,0.115739675975832,484255.795792155,4977155.74278382,-1.49551923446088,7.972
371,1,0,accepted,0.112956994039705,0.156891986294332,484255.915129,4977154.2972938,-1.49406371161948,8.168
372,1,0,accepted,0.133979610594055,0.218692159600175,484256.036318968,4977152.88881773,-1.492324797492,8.847
373,1,0,accepted,0.156253973401959,0.205370783559759,484256.152950001,4977151.43095977,-1.49059185944099,7.016
374,1,0,accepted,0.120754808796194,0.186027175355853,484256.332966476,4977150.01423828,-1.48965593426333,10.378
375,1,0,accepted,0.101898849190044,0.0705144955692527,484256.506639996,4977148.59919504,-1.48969869486694,10.198
376,1,0,accepted,0.0923838846904085,-0.0178113846057324,484256.674922237,4977147.16336426,-1.48920869250915,8.031
377,1,0,accepted,0.108469116519895,-0.179475604663456,484256.879833166,4977145.78193359,-1.4906829877068,6.707
378,1,0,accepted,0.0379477828985604,-0.400931487717875,484257.02213834,4977144.28880393,-1.49269556987054,7.859
379,1,0,accepted,0.0388591506776722,-0.463202591551021,484257.163353173,4977142.83896406,-1.49236919055561,7.337
380,1,0,accepted,0.0569781083093237,-0.420010391336963,484257.305063496,4977141.40166846,-1.48992330950487,8.866
381,1,0,accepted,0.0884217002444295,-0.385982137127902,484257.443446807,4977139.93970895,-1.48789408903403,8.134
382,1,0,accepted,0.0936881143830274,-0.321591524063963,484257.597327141,4977138.53025475,-1.48527411341079,9.656
383,1,0,accepted,0.0756358070066087,-0.141784711281282,484257.767634926,4977137.144592,-1.48068282577963,8.802
384,1,0,accepted,0.066504473621584,0.128286570337303,484257.945811844,4977135.70884596,-1.47503621809958,11.117
385,1,0,accepted,0.0704253139258038,0.156219199656408,484258.105669422,4977134.31807228,-1.47324846866487,9.796
386,1,0,accepted,0.0668990410112201,0.0391792138912418,484258.282081565,4977132.89247128,-1.47342052813177,8.187
387,1,0,accepted,0.0524161740660093,0.0298216586090634,484258.464032003,4977131.49158218,-1.47249333314664,9.712
388,1,0,accepted,0.0540566665709442,-0.00606477392693622,484258.631282964,4977130.0834374,-1.47174038742752,8.303
389,1,0,accepted,0.057452730334922,-0.0400885931699387,484258.798998677,4977128.66347503,-1.470741718647,6.995
390,1,0,accepted,0.0532940777081398,0.0111151789674009,484258.966557217,4977127.29354047,-1.46834659518135,9.493
391,1,0,accepted,0.0572104993788203,-0.0264540330991391,484259.135198905,4977125.89441428,-1.46748992313061,9.156
392,1,0,accepted,0.0701965299443768,0.0326375491070592,484259.299122929,4977124.51300648,-1.46550256675958,7.244
393,1,0,accepted,0.0702204350458431,0.00436194496528083,484259.475596555,4977123.1230922,-1.46447027256103,7.826
394,1,0,accepted,0.073449784010804,0.012401805137624,484259.64870576,4977121.72008651,-1.46298976773212,6.621
395,1,0,accepted,0.0711438678875173,-0.0211114964682657,484259.826755768,4977120.29726255,-1.46244455975696,8.12
396,1,0,accepted,0.0596537289013603,-0.0353500502329632,484260.016869418,4977118.91343111,-1.46170490136601,6.803
397,1,0,accepted,0.0571254744043994,-0.0559370325206239,484260.20287977,4977117.50274738,-1.46094781807475,7.827
398,1,0,accepted,0.0512423000798448,-0.0419801518125972,484260.390576937,4977116.1276474,-1.45926480449439,8.342
399,1,0,accepted,0.0349315118416543,0.0187733244795596,484260.592126599,4977114.73750826,-1.4572090332583,7.666
400,1,0,accepted,0.039159207266307,0.0312443457335262,484260.775493258,4977113.34990021,-1.45577939171932,7.841
401,1,0,accepted,0.0533707654456476,0.159593537257919,484260.951604569,4977111.9741696,-1.45189486097613,7.1
402,1,0,accepted,0.0675535832398363,0.135392735025451,484261.133821644,4977110.59864912,-1.45069495093976,6.915
403,1,0,accepted,0.0738301664383861,0.123746639212825,484261.317777614,4977109.22045658,-1.44944421139699,7.4
404,1,0,accepted,0.0876820118453829,0.10274888888797,484261.500799023,4977107.82467202,-1.44781785251373,6.537
405,1,0,accepted,0.097817389092556,0.0603292615055107,484261.680478435,4977106.46766286,-1.44643138613881,8.383
406,1,0,accepted,0.104265737607763,0.0618073069264696,484261.870901092,4977105.10341573,-1.44414731763714,7.308
407,1,0,accepted,0.0897304926770171,0.0106205640054671,484262.105907982,4977103.79168325,-1.44278186829334,6.929
408,1,0,accepted,0.0842196734151635,-0.0702487434861664,484262.303531026,4977102.42310619,-1.44192946460592,8.128
409,1,0,accepted,0.0774389226911963,-0.119778710241936,484262.510124939,4977101.04834622,-1.44067400184511,7.145
410,1,0,accepted,0.0608539866348532,-0.183825066707223,484262.731872066,4977099.6918738,-1.43951203824777,7.261
411,1,0,accepted,0.0517657182495151,-0.144628762449892,484262.929968981,4977098.31548268,-1.43657421370089,7.817
412,1,0,accepted,0.0459039446298235,-0.11147665047309,484263.145207293,4977096.96814148,-1.43443814718783,8.554
413,1,0,accepted,0.0471277444513081,-0.0629796375987306,484263.360562269,4977095.6099109,-1.43177197323418,8.165
414,1,0,accepted,0.0446896613289109,-0.0837245371969453,484263.581979641,4977094.26669643,-1.42983691603597,8.153
415,1,0,accepted,0.0478937411642502,-0.0967016238054364,484263.795015865,4977092.9278689,-1.42836347989754,7.794
416,1,0,accepted,0.0517106238438762,-0.128409018149783,484264.009475503,4977091.59701237,-1.42672805732586,8.209
417,1,0,accepted,0.0582116976139888,-0.156461131303746,484264.220819788,4977090.26621025,-1.42505861457688,7.215
418,1,0,accepted,0.0666429606037965,-0.135762494950581,484264.431839583,4977088.96609185,-1.42303996555523,8.522
419,1,0,accepted,0.0670105917183797,-0.0933742012591542,484264.657063541,4977087.65272383,-1.41989282440304,7.102
420,1,0,accepted,0.0729103870372774,-0.0330200940524427,484264.880697637,4977086.32356648,-1.41687747522444,6.899
421,1,0,accepted,0.0684608521072426,0.0800954022480728,484265.11766225,4977085.00116643,-1.41306344219045,10.476
422,1,0,accepted,0.0611437150399441,0.156742191128814,484265.362824515,4977083.6675272,-1.41010429610248,6.368
423,1,0,accepted,0.0710396022866132,0.177254704359224,484265.592011925,4977082.33870882,-1.40816033943219,6.541
424,1,0,accepted,0.0825743866872835,0.12429972397187,484265.816833188,4977081.03663888,-1.40734887865183,7.477
425,1,0,accepted,0.0254752005549445,-0.241237981777617,484266.128514092,4977079.71561169,-1.41217578844191,8.667
426,1,0,accepted,0.0468977971036908,-0.162870232640288,484266.361319932,4977078.38472778,-1.40859503898476,7.883
427,1,0,accepted,0.0650897300414204,-0.0733843071606611,484266.599931173,4977077.05185218,-1.40594537357391,7.592
428,1,0,accepted,0.0915435949638327,0.0455122626232969,484266.829714687,4977075.71630686,-1.40226749131291,8.252
429,1,0,accepted,0.0982219155218318,0.0966893005817484,484267.070381962,4977074.40438891,-1.40011127056477,8.404
430,1,0,accepted,0.0254832160791614,0.032925244726227,484267.362153734,4977073.13139001,-1.39944135879628,8.669
431,1,0,accepted,0.024982785907284,0.0209432961534687,484267.606697266,4977071.85846734,-1.39776792033242,9.865
432,1,0,accepted,0.02803396261977,0.0227064091886255,484267.858529512,4977070.55503372,-1.39597623725686,9.072
433,1,0,accepted,0.0331941896751179,0.0753986782108614,484268.109039254,4977069.23372651,-1.39371633590266,8.762
434,1,0,accepted,0.0426867999093668,0.0979680244326645,484268.361590029,4977067.90900472,-1.39149867689287,8.619
435,1,0,accepted,0.0687257844238673,0.112680052269113,484268.619963293,4977066.55875089,-1.38979421150733,9.83
436,1,0,accepted,0.0824331321050227,0.0702355155038918,484268.880355189,4977065.23051233,-1.38858019791446,11.291
437,1,0,accepted,0.0659705864912166,0.0359555249876563,484269.153970493,4977063.94359242,-1.38744845363173,13.642
438,1,0,accepted,0.0615826054598327,-0.000811206064894344,484269.422775598,4977062.63646938,-1.38581806989223,11.393
439,1,0,accepted,0.06187631339915,0.0448259104823941,484269.685598857,4977061.32514992,-1.38309658763998,8.487
440,1,0,accepted,0.0517864582823912,0.0565643552526126,484269.953004702,4977060.03753743,-1.3806618196229,8.825
441,1,0,accepted,0.0696662535453521,0.0866827560787534,484270.222233033,4977058.71300121,-1.37780961681959,9.68
442,1,0,accepted,0.0556242080279692,-0.00512559271192194,484270.506940935,4977057.41993056,-1.37738901581497,8.068
443,1,0,accepted,0.0670968786524306,0.0294311188938922,484270.768265687,4977056.13466516,-1.37435651660221,8.791
444,1,0,accepted,0.0491687029643794,0.0449549014836392,484271.067203315,4977054.83653403,-1.37213297761423,8.599
445,1,0,accepted,0.0445076393197104,0.0745242875198112,484271.359652176,4977053.52716928,-1.36925295660781,7.903
446,1,0,accepted,0.0436360793108351,0.074324351743643,484271.646921439,4977052.22995564,-1.36630534896494,8.844
447,1,0,accepted,0.0510155927794272,0.0499126831334323,484271.933656096,4977050.92181923,-1.36411262109079,9.072
448,1,0,accepted,0.0542560364498644,0.056558263821845,484272.23025486,4977049.60902312,-1.36107408484637,8.796
449,1,0,accepted,0.0612469202821911,0.032133205178343,484272.524361567,4977048.31073867,-1.35836481149866,8.997
450,1,0,accepted,0.0143454293876998,-0.214833854482529,484272.85762995,4977047.05557948,-1.35939578217916,8.417
451,1,0,accepted,0.0202139621378335,-0.247371037803955,484273.154253972,4977045.77731414,-1.35672002072366,7.879
452,1,0,accepted,0.0291432720364265,-0.353044261392988,484273.453630552,4977044.49768644,-1.35553510664643,8.263
453,1,0,accepted,0.0407178241292487,-0.225606357846309,484273.763034381,4977043.24512779,-1.34975528601931,10.234
454,1,0,accepted,0.0386930262492802,-0.150105335135542,484274.083500957,4977041.97459487,-1.34512612481113,8.644
455,1,0,accepted,0.0365721828196283,-0.145456693476108,484274.392329859,4977040.69361545,-1.3410797718203,8.666
456,1,0,accepted,0.0455599374344392,-0.0605835270470179,484274.703717221,4977039.41678223,-1.33545517895543,10.222
457,1,0,accepted,0.0348367420665071,0.163112169980196,484275.035127433,4977038.16617591,-1.32768133744253,10.221
458,1,0,accepted,0.0203414269724613,0.249691778485601,484275.380983092,4977036.91840898,-1.32195734194106,8.269
459,1,0,accepted,0.0252433020779631,0.247246851489586,484275.712797971,4977035.67886044,-1.31819521782813,7.848
460,1,0,accepted,0.0325420729791797,0.221583768493165,484276.048901217,4977034.45117736,-1.31443486289877,9.222
461,1,0,accepted,0.0242415965670521,0.14321472430613,484276.392411913,4977033.20129165,-1.31158411379649,7.631
462,1,0,accepted,0.0368213765527528,0.0469949336810561,484276.728045989,4977031.98056863,-1.30902855057978,8.292
463,1,0,accepted,0.0460022426429001,-0.00340950488364828,484277.081737592,4977030.74870011,-1.3054073273545,8.218
464,1,0,accepted,0.090569341529213,-0.00314062303193435,484277.43249533,4977029.60246908,-1.30087752659464,9.302
465,1,0,accepted,0.071376297193914,0.0657063528704826,484277.787599123,4977028.36613925,-1.29570711649922,9.379
466,1,0,accepted,0.0631438473371926,0.0825360285798764,484278.142730755,4977027.14119068,-1.29141945755445,8.196
467,1,0,accepted,0.0524965764184928,0.10301715241918,484278.506466191,4977025.92401486,-1.2866127021122,7.638
468,1,0,accepted,0.0595934232014885,0.127303285630122,484278.868153139,4977024.71984593,-1.2821231839526,7.67
469,1,0,accepted,0.0499990573087945,0.0182522552161887,484279.251347893,4977023.51071935,-1.27962978936298,8.307
470,1,0,accepted,0.0543956475293411,-0.00190330437822354,484279.620577081,4977022.33948408,-1.27575117343697,7.622
471,1,0,accepted,0.0582132116213231,-0.0324793589400268,484279.999578755,4977021.15787118,-1.27197044756746,7.888
472,1,0,accepted,0.0628845890611884,-0.0254060617788532,484280.378810249,4977019.96997046,-1.26756874486376,7.776
473,1,0,accepted,0.0609572623822817,-0.0205874694914261,484280.765693336,4977018.78279045,-1.26315829884834,8.231
474,1,0,accepted,0.0570580586674769,0.027688432288083,484281.16583136,4977017.59049822,-1.25839813748037,8.114
475,1,0,accepted,0.0480337958432713,0.00835918076738429,484281.57497592,4977016.41264576,-1.25470077397604,7.698
476,1,0,accepted,0.0386738370315829,-0.110131829763667,484281.989623728,4977015.22845642,-1.25253952633859,6.76
477,1,0,accepted,0.036604990207416,-0.129590052520308,484282.39604905,4977014.07288556,-1.24902705887027,7.443
478,1,0,accepted,0.0357719760652175,-0.219327535070881,484282.818651196,4977012.90007795,-1.24684831891692,9.043
479,1,0,accepted,0.0497018240572006,-0.10383769698856,484283.226685067,4977011.73340832,-1.24081992256233,9.301
480,1,0,accepted,0.055318145445714,-0.150699417919586,484283.642553185,4977010.5777955,-1.23758831306799,9.27
481,1,0,accepted,0.0598514096914381,-0.100286361004411,484284.070128011,4977009.41309631,-1.23289931939424,9.988
482,1,0,accepted,0.056994360832821,-0.0150357588920617,484284.500970438,4977008.26614957,-1.2276329674293,10.878
483,1,0,accepted,0.0574152906390901,0.0298272892632308,484284.929634024,4977007.13617656,-1.22302443409586,8.394
484,1,0,accepted,0.0576052604051601,0.0334751593620214,484285.366259545,4977005.99205628,-1.21896017526671,9.465
485,1,0,accepted,0.0659931440254003,-0.00558804439872055,484285.798766767,4977004.85121349,-1.21570976639786,9.004
486,1,0,accepted,0.0738307577033891,-0.0392137653705132,484286.238975316,4977003.70684235,-1.21199742880517,8.696
487,1,0,accepted,0.0467197253637152,0.0967897114365414,484286.706021876,4977002.59339649,-1.20639424448748,9.706
488,1,0,accepted,0.0485988667158013,0.0793537519144046,484287.157569611,4977001.46247754,-1.20256058443905,9.194
489,1,0,accepted,0.0534528683797098,0.131772945602215,484287.617830945,4977000.31635102,-1.19713713175948,8.96
490,1,0,accepted,0.0496624263359732,0.145021203431825,484288.076338769,4976999.21122555,-1.19446745153309,9.08
491,1,0,accepted,0.0651257183108074,0.158926287507467,484288.529073441,4976998.07989428,-1.19053692249126,8.251
492,1,0,accepted,0.0513216224389031,0.0703007164103863,484289.007718184,4976996.97293133,-1.18824437197313,8.921
493,1,0,accepted,0.04772857763439,-0.0284498648025225,484289.483283712,4976995.86142827,-1.18620859417761,8.633
494,1,0,accepted,0.0520591800172334,-0.0755683663748005,484289.959565374,4976994.74685411,-1.18354916894437,7.613
495,1,0,accepted,0.0770575570475828,-0.0644238433819008,484290.413951519,4976993.63086564,-1.17939500012542,9.105
496,1,0,accepted,0.071119119927455,-0.0738828354945553,484290.902997132,4976992.51777098,-1.17642548420567,9.216
497,1,0,accepted,0.0589187443995477,-0.0853061076682985,484291.405274536,4976991.39719292,-1.17330968110631,8.902
498,1,0,accepted,0.0531682055701211,-0.06646706221653,484291.903263724,4976990.28346697,-1.1696991106407,8.611
499,1,0,accepted,0.0477689176271792,0.00824319264994864,484292.406467178,4976989.17043044,-1.16465577262579,8.409
500,1,0,accepted,0.0449805691220743,0.0695075835117046,484292.908634534,4976988.07967795,-1.16001177695126,8.221
501,1,0,accepted,0.0350058756873608,0.037627168847255,484293.420914217,4976986.96668952,-1.15709134551715,8.378
502,1,0,accepted,0.0272609387650802,-0.157423418769771,484293.96374058,4976985.81999024,-1.15723402639318,7.074
503,1,0,accepted,0.0573928440132511,-0.277251028307258,484294.485954632,4976984.70476246,-1.15640972980434,7.469
504,1,0,accepted,0.097700201950458,-0.297818448708359,484295.018982763,4976983.5721221,-1.15183780743734,7.831
505,1,0,accepted,0.0738721911272169,-0.149419220557227,484295.505207458,4976982.48817543,-1.14630942725707,7.707
506,1,0,accepted,0.075583648096223,0.0505150126666966,484296.049942479,4976981.39038956,-1.13958653134044,9.537
507,1,0,accepted,0.0572602118305794,0.135178137453493,484296.570606511,4976980.30733368,-1.13568373149277,9.695
508,1,0,accepted,0.0406471029081465,0.121020579337875,484297.088915453,4976979.22863653,-1.13360780596922,9.097
509,1,0,accepted,0.0238533696103738,0.0321747816303906,484297.610019447,4976978.15116966,-1.13295488933482,8.599
510,1,0,accepted,0.0296627949339157,0.0134770387021418,484298.126517876,4976977.09540776,-1.13139890027607,10.232
511,1,0,accepted,0.0436977316215618,0.017918696323516,484298.656228212,4976975.99945348,-1.12921212646191,8.255
512,1,0,accepted,0.0516397621878718,0.0642466048862903,484299.188170817,4976974.91223384,-1.12682582643786,7.868
513,1,0,accepted,0.048788095069765,0.0326639605181057,484299.731238012,4976973.81742219,-1.12597447267173,10.954
514,1,0,accepted,0.0423560194581543,-0.00690228514839484,484300.275897742,4976972.70901404,-1.1256040000321,11.223
515,1,0,accepted,0.0443445890916023,-0.0442896850497216,484300.826627117,4976971.58134202,-1.12545549311411,10.024
516,1,0,accepted,0.0365293239910613,-0.0317592649208614,484301.372663054,4976970.49531908,-1.12503633513795,9.516
517,1,0,accepted,0.0291748910716788,-0.068420419076279,484301.93159154,4976969.38780486,-1.1257475517699,10.28
518,1,0,accepted,0.0352290564110212,-0.0654458133415953,484302.474980958,4976968.28188946,-1.12551777031357,9.112
519,1,0,accepted,0.0440925604353821,-0.0256927668302954,484303.016929989,4976967.17246965,-1.12473248301501,8.787
520,1,0,accepted,0.0433017332855812,0.0200156954013045,484303.567280916,4976966.07185975,-1.12403574677558,10.787
521,1,0,accepted,0.0440527802041507,0.0444669171012611,484304.113871934,4976964.97342765,-1.12412940167279,9.745
522,1,0,accepted,0.038545337362959,0.0655044029761296,484304.670780031,4976963.87247882,-1.12507508123396,9.6
523,1,0,accepted,0.0360955679291376,0.0327125041149747,484305.221551778,4976962.77722209,-1.1264797885764,10.831
524,1,0,accepted,0.0367277296204785,0.00535906650602879,484305.772828799,4976961.67967183,-1.12834121641062,11.614
525,1,0,accepted,0.0568559747952091,0.00266467713239421,484306.310249832,4976960.60530803,-1.13003015666936,10.006
526,1,0,accepted,0.0635269154082592,-0.0845857007136201,484306.846558685,4976959.50396904,-1.13205534283344,9.942
527,1,0,accepted,0.0662207111294592,-0.0479456962648315,484307.385168005,4976958.39744758,-1.13352559559171,9.78
528,1,0,accepted,0.0657897172180331,-0.0650761818901247,484307.934864182,4976957.28380894,-1.13539739778509,10.836
529,1,0,accepted,0.0599397590655167,-0.0566188571476753,484308.470786004,4976956.18022721,-1.13749296339462,10.799
530,1,0,accepted,0.0471087611084905,0.00523353501403372,484309.016454783,4976955.05920898,-1.13927344377587,10.79
531,1,0,accepted,0.0372642481933039,0.022965406864944,484309.559965325,4976953.93418054,-1.14198563707164,11.063
532,1,0,accepted,0.0317958626044059,0.0370234295349347,484310.094697192,4976952.82053092,-1.14497369967008,10.661
533,1,0,accepted,0.0274345316667869,0.0628564270818845,484310.636522768,4976951.68746637,-1.14836587653762,9.783
534,1,0,accepted,0.0271921975900653,0.126097865162479,484311.168149558,4976950.57127015,-1.15132317992935,9.727
535,1,0,accepted,0.0225796558873732,0.0807559960575443,484311.695436874,4976949.45678097,-1.1557542545926,9.562
536,1,0,accepted,0.0266118551293387,0.0206213476048428,484312.205270326,4976948.33732535,-1.16030715624431,9.267
537,1,0,accepted,0.0182961767400428,0.0489904467864832,484312.714028583,4976947.22729525,-1.16371482335159,9.702
538,1,0,accepted,0.0265555581634327,-0.00830686655962192,484313.211335089,4976946.10061381,-1.16788661505087,8.329
539,1,0,accepted,0.0277516907458253,0.0488242648288761,484313.711202221,4976944.97035846,-1.17064454767322,9.277
540,1,0,accepted,0.040146880070406,0.139734607996699,484314.200156729,4976943.83761976,-1.17324392515475,9.695
541,1,0,accepted,0.0301568277041794,0.185549652171691,484314.700522913,4976942.7175096,-1.1761417778849,8.514
542,1,0,accepted,0.033730854373797,0.185982978536403,484315.178937881,4976941.60684228,-1.18002366227387,9.357
543,1,0,accepted,0.0534381333218924,0.0910819952121182,484315.658860726,4976940.43856044,-1.18517214470381,7.673
544,1,0,accepted,0.0507044079429196,0.0618217142944875,484316.140215203,4976939.31346922,-1.18915214055606,8.131
545,1,0,accepted,0.0568681712757265,0.0940738295557379,484316.611576848,4976938.18411319,-1.19204262253383,7.329
546,1,0,accepted,0.0378986319583616,-0.00744005628447366,484317.099733671,4976937.05604773,-1.19754199277954,8.05
547,1,0,accepted,0.0385350448156181,-0.0248656389955584,484317.568578487,4976935.91996218,-1.20143760925746,7.782
548,1,0,accepted,0.0354365332173355,-0.0616541194785005,484318.035639101,4976934.78425577,-1.20568062688953,7.383
549,1,0,accepted,0.0481720046397338,-0.0303744345906366,484318.489960662,4976933.63318121,-1.20887487687937,7.195
550,1,0,accepted,0.0652654797506426,0.0568463115663028,484318.922963424,4976932.50473327,-1.21093256720976,8.098
551,1,0,accepted,0.0650833842727775,0.0334876029376186,484319.37756239,4976931.3556335,-1.2154957935565,7.407
552,1,0,accepted,0.0811363797866287,0.157606912010228,484319.815149576,4976930.19351214,-1.21703440330189,7.245
553,1,0,accepted,0.0771811657626992,0.137366982480322,484320.276034669,4976929.02617091,-1.22109170313597,7.422
554,1,0,accepted,0.044324568124763,0.122128519695101,484320.73793614,4976927.90148783,-1.22514606151554,8.78
555,1,0,accepted,0.0329514967316134,0.0691718766558035,484321.183339388,4976926.76006644,-1.22963307668535,7.762
556,1,0,accepted,0.0216049121907975,-0.039249762039139,484321.620228467,4976925.61632665,-1.23490813965699,7.194
557,1,0,accepted,0.0320353713002549,-0.0829352428095594,484322.062854698,4976924.43210822,-1.23948156211544,7.964
558,1,0,accepted,0.0856756960520761,-0.0691074026763406,484322.48228172,4976923.22602416,-1.24296638274293,8.479
559,1,0,accepted,0.0903630341942503,0.0761942806861608,484322.904973653,4976922.04914847,-1.24387011844198,8.543
560,1,0,accepted,0.0974082667243376,0.119888629222639,484323.317657515,4976920.88019611,-1.2470053708371,9.66
561,1,0,accepted,0.0963828119107373,0.125946955487154,484323.724273938,4976919.72400907,-1.25035572302426,9.183
562,1,0,accepted,0.0167702950049138,-0.0147308576875607,484324.15817345,4976918.63003719,-1.25618182340634,7.645
563,1,0,accepted,0.0168738042032794,-0.0249052554782247,484324.553331715,4976917.47707649,-1.26021841179189,7.47
564,1,0,accepted,0.0268647456464978,-0.0437492983551503,484324.954312731,4976916.29955477,-1.26377284421587,7.523
565,1,0,accepted,0.0361416841648057,-0.0620616950941098,484325.343380727,4976915.12958435,-1.26744453971461,7.688
566,1,0,accepted,0.0334038858812127,-0.0512920304117171,484325.730983868,4976913.96503078,-1.27034348689354,6.891
567,1,0,accepted,0.0430831950564949,-0.0178254699325383,484326.101170423,4976912.78557581,-1.27316941226559,7.635
568,1,0,accepted,0.0746423766391228,0.162577279626571,484326.44516462,4976911.61099939,-1.27323259089597,8.383
569,1,0,accepted,0.072946855708544,0.127568384145531,484326.82145521,4976910.4511505,-1.27708819969978,7.521
570,1,0,accepted,0.083284089296748,0.179319689029622,484327.182451002,4976909.28917722,-1.27917281129145,8.05
571,1,0,accepted,0.10214505729093,0.302243315587519,484327.534447906,4976908.12059718,-1.28005097964919,8.215
572,1,0,accepted,0.0527721215516326,0.0536727682024128,484327.955432487,4976906.9468976,-1.28739309646389,9.122
573,1,0,accepted,0.021696851156861,-0.0760674209162382,484328.352180513,4976905.77743182,-1.29254157347393,8.945
574,1,0,accepted,0.00814596014710694,-0.159692651687162,484328.730852811,4976904.61054772,-1.29674118629571,9.112
575,1,0,accepted,0.00485397530164557,-0.105025375306537,484329.090784278,4976903.43878145,-1.29851400641585,8.459
576,1,0,accepted,0.0372391694475172,0.0163372610489676,484329.418114162,4976902.28951704,-1.29896149669881,10.179
577,1,0,accepted,0.0348819259294143,-0.0555167681258009,484329.763193849,4976901.09468356,-1.30277496112366,8.706
578,1,0,accepted,0.0528499488779692,0.0181395358020495,484330.09320792,4976899.91848629,-1.3034979035694,10.48
579,1,0,accepted,0.0688410306578655,0.0614840112108691,484330.423293894,4976898.72894535,-1.30505565237263,8.66
580,1,0,accepted,0.0459099289613415,0.122353093759161,484330.796438691,4976897.58318621,-1.30563333175569,10.306
581,1,0,accepted,0.0408954292875124,0.0142620703189033,484331.151365251,4976896.40860303,-1.30902942512391,9.112
582,1,0,accepted,0.0495084921657528,0.0705747028905501,484331.495682567,4976895.2317249,-1.30951821699682,8.413
583,1,0,accepted,0.0551941509812918,0.142534156113721,484331.827577064,4976894.0828171,-1.31033044352186,11.366
584,1,0,accepted,0.0577456488665275,0.188406922138469,484332.166204839,4976892.90606285,-1.31104870202653,8.591
585,1,0,accepted,0.0589558599555608,0.214936659979181,484332.497022532,4976891.73053417,-1.31225757131893,8.592
586,1,0,accepted,0.0331517808453424,0.187638169539085,484332.819780889,4976890.51805506,-1.31423871189185,9.784
587,1,0,accepted,0.0312436079678652,0.122600269450797,484333.141647051,4976889.32490481,-1.31676729893947,9.815
588,1,0,accepted,0.0382079281400476,0.117681857663511,484333.460325167,4976888.1401856,-1.31833361107543,7.316
589,1,0,accepted,0.0831963747870945,0.0613436560818186,484333.761223884,4976886.9129183,-1.32064260682276,8.217
590,1,0,accepted,0.0566310943913361,-0.035572157969444,484334.093940219,4976885.77738868,-1.32385086565128,6.575
591,1,0,accepted,0.0656891133390439,-0.0103083315388658,484334.406315556,4976884.60589726,-1.32486167187237,6.425
592,1,0,accepted,0.0827653020725272,-0.0555391726605615,484334.710761971,4976883.42598922,-1.32710860762816,7.038
593,1,0,accepted,0.09298656276551,-0.0405437246443547,484335.019662352,4976882.2521078,-1.32818627490214,6.555
594,1,0,accepted,0.102799520860462,-0.0160150472225145,484335.324834932,4976881.08889298,-1.32930752767502,6.628
595,1,0,accepted,0.109932716681006,0.0273918624926152,484335.633533476,4976879.91683831,-1.33008585726675,6.295
596,1,0,accepted,0.118119946824971,0.0429702902519989,484335.934591775,4976878.75452929,-1.33138014795664,6.455
597,0,1,acceptedDirectional,0.107081017483357,0.0441785127611928,484336.260328219,4976877.59338355,-1.33285556247385,11.677
598,0,1,acceptedDirectional,0.117154289483871,0.0686877796930646,484336.576231462,4976876.4399755,-1.33340230978219,6.401
599,1,0,accepted,0.104652628934564,0.536676044767926,484336.924308024,4976875.37269132,-1.3265121410934,6.984
600,1,0,accepted,0.124272669412489,0.702912905723486,484337.231501764,4976874.23725559,-1.32529818586687,6.852
601,1,0,accepted,0.115897062410365,0.637030709794157,484337.567024344,4976873.09905912,-1.32799411964287,5.709
602,1,0,accepted,0.0971671773690943,0.455355919465307,484337.906283295,4976871.96274543,-1.3328285630419,6.16
603,1,0,accepted,0.0802894252595659,0.301947307984746,484338.227917931,4976870.81586017,-1.33734620357316,7.07
604,1,0,accepted,0.0534844194586779,0.0727220136339393,484338.559362261,4976869.67119863,-1.34344985712207,6.842
605,1,0,accepted,0.0564690592422474,-0.0215474329758386,484338.857910753,4976868.53875603,-1.34683266824126,6.906
606,1,0,accepted,0.0659348048329227,-0.0587343023928297,484339.143149679,4976867.3983114,-1.34970021431525,6.719
607,1,0,accepted,0.0605336502382373,-0.242978582742887,484339.441857884,4976866.24759439,-1.35547540376687,6.856
608,1,0,accepted,0.0661732337167806,-0.251526286997314,484339.712843981,4976865.11976319,-1.3581551915663,6.364
609,1,0,accepted,0.0738346757267692,-0.209413110111904,484339.975532755,4976864.00550889,-1.36014859614425,6.505
610,1,0,accepted,0.0804417154709109,-0.0624057151915122,484340.24180239,4976862.88191841,-1.36080342325206,6.928
611,1,0,accepted,0.0687790498484658,-0.133749845389622,484340.522609468,4976861.73840266,-1.36552734562532,7.254
612,1,0,accepted,0.0531792510114368,-0.0411360208738515,484340.775721569,4976860.68014816,-1.36736781655056,7.182
613,1,0,accepted,0.037542080845872,-0.0525928672184786,484341.045200553,4976859.5339124,-1.37159964330281,7.661
614,1,0,accepted,0.0230231921478829,-0.210369517049514,484341.315282511,4976858.39568188,-1.37888262052617,7.279
615,1,0,accepted,0.0350720580258265,-0.117168663223043,484341.561650623,4976857.25863112,-1.38273370974127,6.561
616,1,0,accepted,0.0387814105601843,0.146056849727351,484341.80645366,4976856.12624857,-1.38447480731094,6.718
617,1,0,accepted,0.0474994145928275,-0.126686085976594,484342.04944865,4976854.99399837,-1.39607796398228,7.459
618,1,0,accepted,0.0638739308771246,-0.350407611745302,484342.271092287,4976853.83716593,-1.40713475291806,6.855
619,1,0,accepted,0.0519519226711709,-0.111190926297002,484342.490514433,4976852.7298188,-1.41104445082588,6.398
620,1,0,accepted,0.0508609120270953,-0.0653901667843549,484342.703208818,4976851.62514123,-1.41835020400588,6.263
621,1,0,accepted,0.0414444418767481,0.0522558934547121,484342.926032882,4976850.53485085,-1.42524713579913,6.466
622,1,0,accepted,0.0597120139203749,0.225707890142394,484343.127651504,4976849.4326734,-1.43215171924594,6.598
623,1,0,accepted,0.0757441579347222,0.229887489329492,484343.300454433,4976848.30680302,-1.44360978943555,6.185
624,1,0,accepted,0.0803040418312549,0.280208502641049,484343.476748396,4976847.17866652,-1.45435823879581,6.721
625,1,0,accepted,0.0834514185273858,0.243504058541886,484343.634849242,4976846.02985717,-1.46716437631092,6.176
626,0,1,acceptedDirectional,0.0702097938728403,-0.447964535662111,484343.916174762,4976844.90053659,-1.49145755811955,8.051
627,0,1,acceptedDirectional,0.141369953391983,-0.775713110593876,484344.131590921,4976843.74806684,-1.50917021699677,8.28
628,0,1,acceptedDirectional,0.126241818390031,-0.664833476716317,484344.230830926,4976842.61856055,-1.51927329295203,7.406
629,0,1,acceptedDirectional,0.03692668765571,-0.172779770048316,484344.239786471,4976841.48164256,-1.52315069509681,8.713
630,1,0,accepted,0.0794456323578354,0.39252857160646,484344.225381245,4976840.37409937,-1.52499478532922,11.496
631,1,0,accepted,0.0281627710221361,0.129063619159727,484344.371152296,4976839.22667605,-1.54209907575546,8.488
632,1,0,accepted,0.0675448631634419,0.407115644579766,484344.374231395,4976838.10804339,-1.54985423705985,10.608
633,1,0,accepted,0.120255806575582,0.574756952386558,484344.370754885,4976837.00229475,-1.5579113152903,9.027
634,1,0,accepted,0.0829924155972281,0.371943146770233,484344.437690012,4976835.86775066,-1.57277985357487,7.529
635,1,0,accepted,0.0899478182231551,0.389926410837249,484344.450025536,4976834.74300719,-1.5826751968217,7.409
636,1,0,accepted,0.0678917487669679,0.238902431202143,484344.479144882,4976833.60249603,-1.59479804810466,7.265
637,1,0,accepted,0.0661819015989145,0.199586913744447,484344.474895201,4976832.47099935,-1.60395031784475,7.88
638,1,0,accepted,0.0329278947574222,-0.0435835329215467,484344.488813272,4976831.30760414,-1.61541900491815,8.047
639,1,0,accepted,0.0353190920337623,-0.0748501232397259,484344.457128907,4976830.17828764,-1.6221109831391,6.515
640,1,0,accepted,0.0351462545778208,-0.122337828170572,484344.416588684,4976829.0295855,-1.6282663368917,6.54
641,1,0,accepted,0.0512542009802826,0.028339091872798,484344.352886057,4976827.90682402,-1.63064493589208,7.193
642,1,0,accepted,0.0508154837933385,0.0366013403699143,484344.303193,4976826.76667911,-1.63527622801511,6.857
643,1,0,accepted,0.0602995652902851,0.117258296464886,484344.243625799,4976825.62963036,-1.63847432916131,7.141
644,1,0,accepted,0.0479320075003815,0.0540416919337125,484344.193793764,4976824.47640107,-1.64343347561864,7.733
645,1,0,accepted,0.0440750537486738,0.192665698978306,484344.121000507,4976823.29200477,-1.6445743905337,7.319
646,1,0,accepted,0.0374465479008746,0.103050124880236,484344.062117104,4976822.15468962,-1.64978740066887,10.922
647,1,0,accepted,0.0303841949983807,0.0801181130439142,484343.996739556,4976820.9975143,-1.65366714683145,8.551
648,1,0,accepted,0.0316061019034414,0.0901110914916586,484343.919625751,4976819.8316982,-1.65648453901315,10.04
649,1,0,accepted,0.0272095072766503,0.126649531371033,484343.846084755,4976818.66068527,-1.65818336613237,9.682
650,1,0,accepted,0.0240948223911463,0.128811979463415,484343.764516011,4976817.49524943,-1.65979542819396,10.158
651,1,0,accepted,0.0191804028068405,0.115110331612158,484343.681288254,4976816.3342421,-1.66164289295063,9.509
652,1,0,accepted,0.012714771933055,0.0601453691865458,484343.599339551,4976815.15819641,-1.66318018678815,9.72
653,1,0,accepted,0.0197967100227776,0.0195517688833614,484343.498838082,4976813.98247815,-1.66441181834005,7.675
654,1,0,accepted,0.0305044808344042,-0.0273545556871061,484343.396680354,4976812.8175745,-1.66572229503916,7.374
655,1,0,accepted,0.0360005143344918,-0.00968214061299825,484343.298349719,4976811.63301638,-1.66587770643232,7.541
656,1,0,accepted,0.0322529638338859,0.0465910050956717,484343.208114266,4976810.44519904,-1.66535570836875,8.769
657,1,0,accepted,0.0481736821568803,0.0120995941989774,484343.099307041,4976809.26248248,-1.66610923415284,8.719
658,1,0,accepted,0.0396143227907179,0.0942159743189022,484343.011472227,4976808.05752071,-1.66490023604981,8.491
659,1,0,accepted,0.0279771922115635,0.106188819574945,484342.927760051,4976806.8601393,-1.66492627900453,8.162
660,1,0,accepted,0.0185033542836371,0.14497283503464,484342.842447768,4976805.64516937,-1.66468720088249,9.29
661,1,0,accepted,0.03561794667959,0.161895699489088,484342.72544785,4976804.45263042,-1.66469604679267,7.882
662,1,0,accepted,0.0305494405020174,0.136355490460163,484342.632155618,4976803.24659015,-1.66566445251687,8.372
663,1,0,accepted,0.056519381974885,0.212546273785852,484342.510198257,4976802.05340614,-1.66525449443523,7.878
664,1,0,accepted,0.0925011365250831,0.165813557920255,484342.377746375,4976800.85249603,-1.66619455684633,7.647
665,1,0,accepted,0.0902169840963449,0.210289609442199,484342.27705923,4976799.62620083,-1.66616956330993,7.003
666,1,0,accepted,0.0905423175438995,0.290451331350705,484342.174546513,4976798.37729722,-1.66550930594264,7.486
667,1,0,accepted,0.110841271620859,0.347185419323838,484342.059263115,4976797.13681532,-1.6655127778744,7.377
668,1,0,accepted,0.120312667592613,0.232463274980356,484341.95578341,4976795.89466455,-1.66830671847579,8.212
669,1,0,accepted,0.0849843329065263,0.0752464954492019,484341.898313632,4976794.66644259,-1.67179237352629,8.519
670,1,0,accepted,0.0500113343866085,-0.0430050869532448,484341.818815087,4976793.46295542,-1.67423126119133,8.073
671,1,0,accepted,0.00321310887118108,-0.18399876883684,484341.748148526,4976792.25911498,-1.67710160127493,9.526
672,1,0,accepted,0.0108169041394828,-0.132984545072835,484341.636386406,4976791.03021937,-1.67695336199287,6.457
673,1,0,accepted,0.0240260134611584,-0.104997585873217,484341.524834038,4976789.79008077,-1.67719516011089,6.407
674,1,0,accepted,0.022270805541962,-0.11813961408917,484341.413036259,4976788.56916204,-1.67797921589729,6.675
675,1,0,accepted,0.0470824331755975,-0.0303449755649444,484341.285006501,4976787.32166545,-1.67675265626312,7.323
676,1,0,accepted,0.0272811799792968,-0.120906684944817,484341.182723577,4976786.12112254,-1.67874777175725,6.71
677,1,0,accepted,0.0440157162527489,-0.096700891148152,484341.056898088,4976784.87507686,-1.67893803789305,8.741
678,1,0,accepted,0.0510494042183367,-0.0622986462159645,484340.940306045,4976783.62998477,-1.67907273094507,7.256
679,1,0,accepted,0.0456587115230008,-0.00713277147178883,484340.838238915,4976782.36515715,-1.6786997629365,7.929
680,1,0,accepted,0.0294797031029007,-0.0310864050411372,484340.736863665,4976781.16201211,-1.67995012198633,8.12
681,1,0,accepted,0.0293667876792163,-0.0647292746920332,484340.621512797,4976779.92068872,-1.68075018316964,8.667
682,1,0,accepted,0.012870848162343,0.0204635145095372,484340.534205359,4976778.6695629,-1.67996181053563,8.46
683,1,0,accepted,0.00909169970378508,0.000205967200135761,484340.42571383,4976777.43000832,-1.6805431210168,9.288
684,1,0,accepted,0.00962512314943748,-0.00739747859507191,484340.305661472,4976776.19247325,-1.68109249645514,8.928
685,1,0,accepted,0.0268093986425986,0.0179414998767997,484340.174743411,4976774.96333299,-1.68075371853051,6.936
686,1,0,accepted,0.0352146555140183,-0.0478987533648004,484340.069417555,4976773.71633837,-1.68211337868619,8.293
687,1,0,accepted,0.0410647001440018,0.01321703143104,484339.93461379,4976772.49190455,-1.68133345596054,7.616
688,1,0,accepted,0.0474329642078941,0.0131104690962636,484339.809407824,4976771.24354339,-1.68172222260831,6.566
689,1,0,accepted,0.0526904286108804,0.0140500722700605,484339.683118367,4976769.99592422,-1.68191347394426,7.623
690,1,0,accepted,0.0394814441423998,-0.0590164814264899,484339.56711677,4976768.72673656,-1.68341183577797,8.809
691,1,0,accepted,0.0468826104556936,-0.0425733316623833,484339.434379238,4976767.4698908,-1.6834508055343,8.045
692,1,0,accepted,0.0508483212918578,-0.0685911875764787,484339.3098659,4976766.21314841,-1.68376642359249,8.382
693,1,0,accepted,0.0503920666917716,-0.0818921613834772,484339.189070238,4976764.97548306,-1.68421367898332,8.08
694,1,0,accepted,0.0432592654059546,-0.0828753150861932,484339.066708388,4976763.71282553,-1.68479840833864,8.114
695,1,0,accepted,0.0493799658267682,0.033430899414668,484338.944786203,4976762.46891047,-1.68366867011974,10.365
696,1,0,accepted,0.0349920222849984,0.0437354308394209,484338.826653982,4976761.19996617,-1.6842989645487,8.294
697,1,0,accepted,0.0285472590317976,0.0464748854804037,484338.705360277,4976759.93137764,-1.6848218832302,6.538
698,1,0,accepted,0.0367872949190944,-0.0413546525505189,484338.576888685,4976758.67196408,-1.68702240807418,6.589
699,1,0,accepted,0.0403266287506264,-0.135603971637493,484338.44903348,4976757.41371607,-1.68944666682596,6.406
700,1,0,accepted,0.044272503929102,-0.0275548899408359,484338.323380924,4976756.18364951,-1.68852173651752,6.65
701,1,0,accepted,0.0470711482827987,0.040762995518445,484338.197230945,4976754.93933009,-1.68804760443211,5.994
702,1,0,accepted,0.0530277559660267,0.0197988223703267,484338.066276955,4976753.69188148,-1.68927034419392,6.255
703,1,0,accepted,0.0606255187581424,0.0072398527751664,484337.933782742,4976752.44160203,-1.68988312489752,5.737
704,1,0,accepted,0.0752293642592203,0.0177606914288064,484337.794560454,4976751.18510832,-1.69093198953286,6.502
705,1,0,accepted,0.0507723816496058,0.0881895416473772,484337.689294796,4976749.95273839,-1.68996012606049,6.495
706,1,0,accepted,0.0434998476075909,0.11913805813519,484337.56446736,4976748.72961175,-1.68991454714903,6.349
707,1,0,accepted,0.039273252757132,0.113603787335755,484337.438207592,4976747.49940239,-1.69098162681698,6.111
708,1,0,accepted,0.0338088347288841,0.134141830653487,484337.30957003,4976746.27365534,-1.69151758009228,6.992
709,1,0,accepted,0.038361219804453,-0.0840268997666281,484337.246763812,4976745.04841898,-1.69617375599553,6.062
710,1,0,accepted,0.0319609973129789,-0.0615452289949739,484337.099822783,4976743.82582334,-1.6971802402207,6.552
711,1,0,accepted,0.0146739428691315,-0.0937753750995409,484336.951923847,4976742.58519467,-1.69954715297893,7.01
712,1,0,accepted,0.107259778560531,-0.318889651448031,484336.828815874,4976741.24120668,-1.70556599281322,7.905
713,1,0,accepted,0.0149469950644943,-0.0487662972485623,484336.645349279,4976740.13949861,-1.70379877667591,7.598
714,1,0,accepted,0.0988930793321661,-0.0520995893983601,484336.474975732,4976738.81906238,-1.706227650162,8.749
715,1,0,accepted,0.0879504947823513,-0.210834202802944,484336.350884578,4976737.58387292,-1.7127621168826,8.451
716,1,0,accepted,0.0904724984130329,-0.140617017472022,484336.18750822,4976736.3614714,-1.71555892346166,8.392
717,1,0,accepted,0.0546657746887518,0.172754740869758,484336.013214924,4976735.24342037,-1.71478567418796,7.172
718,1,0,accepted,0.0467224649777752,0.175032118505586,484335.864888284,4976734.01834409,-1.72022677404122,6.548
719,1,0,accepted,0.0185360504566375,-0.03663535391425,484335.73346057,4976732.79870985,-1.72964721551973,7.976
720,1,0,accepted,0.0343667952882196,0.0202794899807282,484335.557683754,4976731.61477561,-1.73503002203938,6.632
721,1,0,accepted,0.0322462777890157,0.0114587556795906,484335.377335334,4976730.39539681,-1.74117325116924,6.935
722,1,0,accepted,0.0327871742107802,0.0116194244394515,484335.192738506,4976729.17810299,-1.74702999034444,6.896
723,1,0,accepted,0.0416722679778984,-0.122289928693251,484335.00476398,4976727.95357649,-1.75539206089175,7.715
724,1,0,accepted,0.0433293211930567,-0.0389583641827214,484334.810282567,4976726.75161047,-1.76020075695191,7.461
725,1,0,accepted,0.0522014742564396,-0.111716079869132,484334.591951915,4976725.56574208,-1.76814222898731,8.09
726,1,0,accepted,0.058175158731019,0.0502394843906797,484334.38087767,4976724.37960756,-1.77206421836886,8.092
727,1,0,accepted,0.0589081631324552,0.0235796009536731,484334.153968728,4976723.18433562,-1.77863341511541,8.396
728,1,0,accepted,0.051815739137016,0.13663998482088,484333.932940998,4976722.00727844,-1.78303728334476,8.815
729,1,0,accepted,0.0608110566154774,0.119542623430664,484333.686446357,4976720.84901331,-1.78975087845309,8.964
730,1,0,accepted,0.0484885592161275,0.110851836303215,484333.457945316,4976719.69540447,-1.79476823139748,7.571
731,1,0,accepted,0.0462800935164661,0.186062177858732,484333.213499135,4976718.53275827,-1.79977055511702,6.349
732,1,0,accepted,0.0499206450090135,0.170684267038274,484332.95543503,4976717.36053804,-1.80503322116403,6.347
733,1,0,accepted,0.0219579999724933,0.123975948968676,484332.725496612,4976716.19535621,-1.81059982297008,6.437
734,1,0,accepted,0.0332516739976568,0.151236204196056,484332.452324343,4976715.04649552,-1.81462911848393,7.894
735,1,0,accepted,0.0236961766338384,0.118515033563031,484332.199103364,4976713.90020095,-1.81899424139979,7.895
736,1,0,accepted,0.0317854345938529,0.122223827695303,484331.917848412,4976712.74140103,-1.82252221250696,9.033
737,1,0,accepted,0.0319607798741304,0.0815206211064408,484331.647841364,4976711.60082361,-1.82654839061563,8.318
738,1,0,accepted,0.0378090657458455,0.0783474173604876,484331.370754168,4976710.46089086,-1.82993265217155,8.983
739,1,0,accepted,0.0421605053404447,0.0840376771601583,484331.093968439,4976709.33189342,-1.83282875728748,9.445
740,1,0,accepted,0.048461519566722,0.140810115785969,484330.797864832,4976708.17610041,-1.8344106622602,9.526
741,1,0,accepted,0.0526680281661812,0.142152176910506,484330.511062787,4976707.04300544,-1.83637571357845,10.118
742,1,0,accepted,0.0497001966005033,0.0978089291814204,484330.228813299,4976705.9140594,-1.83907474115016,9.916
743,1,0,accepted,0.0543389328579013,0.115097908506598,484329.93680818,4976704.78570441,-1.8400649968011,9.653
744,1,0,accepted,0.0528044373202635,0.0515523648158572,484329.652496372,4976703.67089446,-1.84229019946889,9.31
745,1,0,accepted,0.050192814740977,-0.0182793060047412,484329.368030757,4976702.55157652,-1.84470200128922,7.772
746,1,0,accepted,0.0525730725439575,-0.0203096823292549,484329.070788007,4976701.41348362,-1.84586195421948,8.504
747,1,0,accepted,0.0551956653035572,-0.0350293393332879,484328.780193453,4976700.29086552,-1.84706794750044,10.064
748,1,0,accepted,0.0508271823863764,-0.322743549561885,484328.514956755,4976699.1389494,-1.85273700347376,6.759
749,1,0,accepted,0.0513455745629966,-0.0903661187258356,484328.215628318,4976698.03779004,-1.84966216851206,8.862
750,1,0,accepted,0.0525493964515534,0.0236457790016141,484327.906616855,4976696.97749035,-1.84785528424615,9.317
751,1,0,accepted,0.0580472651716656,0.113761322638741,484327.608711554,4976695.87944634,-1.84683834451811,8.476
752,1,0,accepted,0.0583606426883831,0.152401202326005,484327.314428334,4976694.77725153,-1.84695582271124,8.713
753,1,0,accepted,0.0533648364421136,0.120665480110506,484327.031506973,4976693.69327933,-1.84754556274054,8.338
754,1,0,accepted,0.0311824672532054,0.113399083130448,484326.75518302,4976692.58233942,-1.84862670262912,6.991
755,1,0,accepted,0.0325363235289041,0.110566983237124,484326.461666206,4976691.49092977,-1.84892528865844,7.748
756,1,0,accepted,0.0286113609723944,0.0979001460638802,484326.176175726,4976690.40969164,-1.84948701078108,7.338
757,1,0,accepted,0.033851840998944,0.086512297672839,484325.883692336,4976689.33197916,-1.84982615671138,7.611
758,1,0,accepted,0.0455180931912458,0.132091357367254,484325.579845799,4976688.24581193,-1.84957012864138,8.236
759,1,0,accepted,0.0438249584933555,0.167673889824521,484325.290918401,4976687.16169837,-1.84845135245589,7.801
760,1,0,accepted,0.0442259618553998,0.205595415730823,484325.003754079,4976686.09267499,-1.84633417605027,8.037
761,1,0,accepted,0.0418917110360472,0.237547443715182,484324.718919272,4976685.01535032,-1.8444014073401,7.653
762,1,0,accepted,0.0341486863451612,0.146070550884944,484324.440231659,4976683.94500844,-1.84299559542999,7.526
763,1,0,accepted,0.0324746083538876,0.12345906524766,484324.162872185,4976682.88631642,-1.83982511800269,8.054
764,1,0,accepted,0.0398872411327665,0.0476377739483437,484323.880822228,4976681.84148968,-1.83680990664544,6.654
765,1,0,accepted,0.0507572921928106,-0.00734410938761465,484323.601824637,4976680.80255475,-1.8332732322406,7.888
766,1,0,accepted,0.0623564968840212,-0.0088986066363729,484323.326925007,4976679.76299111,-1.82877457040396,7.904
767,1,0,accepted,0.0716376263539709,-0.0504887842844604,484323.065389083,4976678.74686498,-1.82458846368545,6.908
768,1,0,accepted,0.0939131930473319,-0.0968033897047382,484322.795418922,4976677.73239255,-1.81982170207313,7.079
769,1,0,accepted,0.114337946223783,-0.206659640179535,484322.532667016,4976676.71265297,-1.81588719929748,6.465
770,1,0,accepted,0.0856524966354679,-0.988327689240692,484322.363571171,4976675.61779374,-1.82226696342993,7.981
771,1,0,accepted,0.0792359987048986,-0.318694387340538,484322.109716219,4976674.68679346,-1.80307801624163,9.16
772,1,0,accepted,0.104152227936015,0.00752906685543722,484321.871029531,4976673.69755106,-1.78927775942203,8.629
773,1,0,accepted,0.0750149153109502,-0.386085964693014,484321.697289067,4976672.7422825,-1.78768545207764,9.865
774,1,0,accepted,0.0665171980144081,-0.156815061599283,484321.513662755,4976671.79181921,-1.77422560176288,10.043
775,1,0,accepted,0.052336600407802,-0.11606450375961,484321.358094163,4976670.90215588,-1.76457982327604,8.302
776,1,0,accepted,0.120566243287779,-0.588496898056213,484321.278998736,4976670.05885198,-1.76244871839486,9.072
777,1,0,accepted,0.0886565358336517,-0.432626440577102,484321.086633337,4976669.08241191,-1.74847247237154,8.577
778,1,0,accepted,0.0344998705274344,-0.00972955105494923,484320.896943541,4976668.10842587,-1.72979524203156,8.833
779,1,0,accepted,0.188697606495243,0.790714185637044,484320.663530578,4976667.01308372,-1.70401075098928,11.977
780,1,0,accepted,0.130594711517714,0.478141134873481,484320.560549153,4976666.15640626,-1.69717874279902,10.465
781,1,0,accepted,0.132711817346531,0.543904344561698,484320.443210165,4976665.24870313,-1.68339474483385,8.799
782,1,0,accepted,0.0951597201334961,0.323593220755788,484320.34674739,4976664.39066342,-1.67390586241897,9.268
783,1,0,accepted,0.086894332703602,0.173724745388823,484320.255314591,4976663.52417773,-1.6625903025844,8.211
784,1,0,accepted,0.0723432019121207,0.0612097166688326,484320.176356658,4976662.68529546,-1.6497506051708,7.799
785,0,0,notConverged,0.0838375477534597,0.0683875307947475,484320.096260195,4976661.82297062,-1.63442446718008,37.189
786,1,0,accepted,0.0541329994076014,-0.051468575786119,484320.080993434,4976661.02570251,-1.62092430934303,8.542
787,1,0,accepted,0.0266841884015474,0.131421831396294,484320.063116712,4976660.16620328,-1.60081316977886,9.364
788,1,0,accepted,0.0271658385023383,0.191562763690358,484320.036508637,4976659.33959307,-1.58248578574537,7.529
789,1,0,accepted,0.0129352496693008,0.29508726401719,484320.033852328,4976658.49818285,-1.56234923965597,8.13
790,1,0,accepted,0.0337931991751586,0.342179198005184,484320.014233893,4976657.68046214,-1.54255344887084,11.441
791,1,0,accepted,0.0554694806445619,0.18045006567881,484320.013587385,4976656.8986654,-1.52584120169994,7.932
792,1,0,accepted,0.0597793371861523,0.0799226630659638,484320.046497003,4976656.09896399,-1.50737383713158,10.245
793,1,0,accepted,0.0701698624015235,-0.0825250183323911,484320.096716847,4976655.31379804,-1.48911898591267,9.183
794,1,0,accepted,0.0742603826029993,-0.0816417798825244,484320.150223334,4976654.51042991,-1.46757571680551,6.892
795,1,0,accepted,0.0893131624438443,-0.16174517761816,484320.218115407,4976653.71828653,-1.44648565384097,7.424
796,1,0,accepted,0.095775946914289,-0.135724289854779,484320.307753783,4976652.93773798,-1.42322458912731,6.991
797,1,0,accepted,0.0937710856268576,-0.270394620125063,484320.424419733,4976652.1700056,-1.40189732937936,7.245
798,1,0,accepted,0.0832843994730269,-0.278971360755977,484320.543181295,4976651.39740128,-1.37830708740452,7.03
799,1,0,accepted,0.049770106224654,-0.228682804123766,484320.699180602,4976650.6166041,-1.3533430194054,8.579
800,1,0,accepted,0.0363736068161667,-0.265729109966066,484320.856720083,4976649.85677096,-1.3298539456144,6.612
801,1,0,accepted,0.0327215014646168,-0.37929373045917,484321.017038043,4976649.11318175,-1.30818180687639,7.519
802,1,0,accepted,0.0261794905416694,-0.364427365346043,484321.204327784,4976648.37173903,-1.28420752893811,6.623
803,1,0,accepted,0.0316650279046323,-0.219444777949898,484321.421899507,4976647.61672897,-1.2577677214466,7.495
804,1,0,accepted,0.0498809342806247,-0.0320836310758668,484321.648330786,4976646.89189145,-1.23119511322546,7.584
805,1,0,accepted,0.0724764187946672,0.0818647303782379,484321.891978494,4976646.16327372,-1.20567252539074,8.362
806,1,0,accepted,0.0862127079045052,0.138238829590753,484322.156839703,4976645.46204317,-1.18150645689141,7.437
807,1,0,accepted,0.0362945997372829,0.792119615159156,484322.347758304,4976644.83810549,-1.14696939803751,8.347
808,1,0,accepted,0.0271777267989903,0.764436258463806,484322.662068145,4976644.14253076,-1.12444569161143,9.296
809,1,0,accepted,0.0212151819662508,0.887550198459808,484322.982602357,4976643.47109144,-1.09997558057372,11.312
810,1,0,accepted,0.0192613230669776,0.471264560890507,484323.331626698,4976642.77765559,-1.08434897910845,9.883
811,1,0,accepted,0.0442598611739226,0.238699586048579,484323.685200378,4976642.0893075,-1.06584077965817,10.435
812,1,0,accepted,0.0488700490412437,0.166904948004563,484324.036465315,4976641.42992139,-1.04478808120304,7
813,1,0,accepted,0.0423916806882997,0.136124418405081,484324.401340098,4976640.79093141,-1.02294541509867,8.327
814,1,0,accepted,0.0331010193621956,0.110179969496857,484324.786609816,4976640.16612733,-1.0009730959,6.788
815,1,0,accepted,0.0320043870258685,0.134012379746,484325.188257015,4976639.5588665,-0.978262480867655,7.348
816,1,0,accepted,0.0414225612204411,0.284108393680724,484325.602924568,4976638.93701568,-0.952883940080797,6.969
817,1,0,accepted,0.0591784489075476,0.256597277914859,484326.023738835,4976638.34323243,-0.931217292933776,7.787
818,1,0,accepted,0.0478443898336523,0.216671030997308,484326.472778072,4976637.73170125,-0.909500757544615,6.514
819,1,0,accepted,0.0337454206275244,0.176990850269332,484326.940523796,4976637.12937515,-0.88752314693225,6.457
820,1,0,accepted,0.0308660806545223,0.0882339373505051,484327.414463669,4976636.52390255,-0.866597956862696,7.481
821,1,0,accepted,0.038025701378312,0.0428721094153355,484327.894750127,4976635.95292917,-0.844646177391638,8.273
822,1,0,accepted,0.0452812248561188,0.181936943196803,484328.394338887,4976635.41032511,-0.81953221116505,7.446
823,1,0,accepted,0.045411130550802,0.0803844527831151,484328.908439188,4976634.82114793,-0.798108211716652,6.833
824,1,0,accepted,0.0417972346550719,0.101243843165896,484329.442568728,4976634.26706624,-0.774968894792464,7.32
825,1,0,accepted,0.051231041337731,0.0377577872904633,484329.978494585,4976633.74446325,-0.75291210926173,6.786
826,1,0,accepted,0.0702219880105645,-0.0728614193773471,484330.527005774,4976633.19107277,-0.731985715352423,6.981
827,1,0,accepted,0.0729478028878199,0.0189034576926956,484331.098904685,4976632.66758531,-0.707294227080371,7.509
828,1,0,accepted,0.0205575542462858,0.22537158190173,484331.726632371,4976632.16448574,-0.680605508025445,7.149
829,1,0,accepted,0.065760249243193,0.206383700348273,484332.265741416,4976631.66088989,-0.658307466018525,8.585
830,1,0,accepted,0.0752108899448484,-0.00548247136482925,484332.853003052,4976631.18247722,-0.639503542910174,9.778
831,1,0,accepted,0.0744050698052137,0.190827876668743,484333.470177315,4976630.68780256,-0.613689900860349,7.697
832,1,0,accepted,0.105879365561814,0.202604808925202,484334.06874667,4976630.20869671,-0.590700550164844,6.433
833,1,0,accepted,0.129437633211229,0.325089219404891,484334.692744664,4976629.73455794,-0.566262383095734,7.485
834,1,0,accepted,0.112912384067062,0.0487321337910844,484335.358394707,4976629.31491977,-0.549109352135079,7.613
835,1,0,accepted,0.128986277197764,0.018495793467628,484336.006859474,4976628.88836217,-0.527678105291572,7.738
836,1,0,accepted,0.139180291150526,0.233672011306886,484336.695309605,4976628.43700794,-0.501857513990994,9.825
837,1,0,accepted,0.134733436430763,-0.033758513619367,484337.367290121,4976628.07943602,-0.485026357829537,9.946
838,1,0,accepted,0.0616033862297499,0.102028947779969,484338.130600261,4976627.67685056,-0.461084530447134,7.532
839,1,0,accepted,0.0492401762760985,0.113379342917242,484338.864636594,4976627.27874461,-0.439469060350792,7.379
840,1,0,accepted,0.0342802590493389,0.0364578243204015,484339.603399209,4976626.9238908,-0.419726215652329,8.456
841,1,0,accepted,0.0533681167429384,0.0606227176267974,484340.354509651,4976626.56553012,-0.398791153103354,8.548
842,1,0,accepted,0.0590809155480562,0.113847615264676,484341.093873954,4976626.23031121,-0.378286360556756,7.629
843,1,0,accepted,0.0541531479548646,0.054105379362537,484341.830639428,4976625.92069221,-0.36024967974439,7.877
844,1,0,accepted,0.0352127959581359,0.0413258738568721,484342.559943525,4976625.61530035,-0.341838338154994,7.028
845,1,0,accepted,0.0158899410300258,-0.000299671784551931,484343.307542672,4976625.34011199,-0.324622413902966,6.528
846,1,0,accepted,0.0385460522955586,0.0109581545824406,484344.10438963,4976625.0725669,-0.306827941951339,6.731
847,1,0,accepted,0.0534872727566285,0.0462380454689209,484344.898414843,4976624.81009542,-0.289355774429572,7
848,1,0,accepted,0.0601759319362192,0.0697424457392235,484345.71407402,4976624.56971965,-0.272702543870046,7.113
849,1,0,accepted,0.0458526950069747,-0.0501364426853542,484346.523004201,4976624.34501723,-0.259304243863673,6.575
850,1,0,accepted,0.0522443596774144,0.00618666751367163,484347.33879432,4976624.13521623,-0.244201099838501,6.616
851,1,0,accepted,0.0713021708878897,0.132625719474505,484348.198378514,4976623.91780453,-0.228090979272712,8.127
852,1,0,accepted,0.0656377430824097,0.0354831212360582,484349.031932727,4976623.73147031,-0.216864421808929,6.858
853,1,0,accepted,0.0730024489779785,0.0338449612889329,484349.889738354,4976623.55543012,-0.205253170043353,7.512
854,1,0,accepted,0.108519596175544,-0.275279918664732,484350.746306345,4976623.43326563,-0.199620347667623,8.124
855,1,0,accepted,0.0799752544841312,-0.128693180593385,484351.613159192,4976623.21956601,-0.187039134950444,8.48
856,1,0,accepted,0.071594803041883,-0.019451237468557,484352.458722,4976623.07948438,-0.176204773453555,8.717
857,1,0,accepted,0.051642008654919,0.126557718562938,484353.333418572,4976622.90450575,-0.165341996308756,10.202
858,1,0,accepted,0.022920716390105,0.265075759156939,484354.231585086,4976622.73674903,-0.155316578780341,9.573
859,1,0,accepted,0.0214048776556372,0.111790078298675,484355.15418121,4976622.63030728,-0.15057051409829,9.716
860,1,0,accepted,0.0147806564711436,0.12432040636037,484356.076714901,4976622.50474141,-0.143471544920861,10.992
861,1,0,accepted,0.0151760850904837,-0.0241251193070882,484357.007124837,4976622.41568808,-0.138845311090423,10.157
862,1,0,accepted,0.00653753468273673,-0.0158449634531342,484357.942838668,4976622.30684421,-0.131675888621615,9.395
863,1,0,accepted,0.00494102323624287,-0.0537106330919736,484358.871446623,4976622.2087988,-0.126547177343552,8.493
864,1,0,accepted,0.0122133933549675,-0.0460395987574336,484359.812688546,4976622.11128344,-0.121474738831413,9.013
865,1,0,accepted,0.0273759287193904,-0.025733400915662,484360.763954221,4976622.01236126,-0.116634666627612,8.973
866,1,0,accepted,0.0717440417425115,0.142304280518995,484361.704130175,4976621.88652847,-0.109211170218492,7.338
867,1,0,accepted,0.080717271145827,0.0816062317521712,484362.668367853,4976621.79815256,-0.105366750883933,8.545
868,1,0,accepted,0.0841619176175272,0.0297187360687634,484363.62784761,4976621.7201317,-0.101847361524669,7.754
869,1,0,accepted,0.0975045021189674,0.0425430506506041,484364.595775776,4976621.63790484,-0.0971170887780854,8.402
870,1,0,accepted,0.0900059989825832,-0.0316518615762169,484365.571303803,4976621.57796795,-0.093900948562602,7.418
871,1,0,accepted,0.0764961212352362,-0.182838885138133,484366.573255227,4976621.52037787,-0.0922426454305838,6.444
872,1,0,accepted,0.0787536886148289,-0.112188166568865,484367.559677597,4976621.46176323,-0.0866025243758833,6.832
873,1,0,accepted,0.0867827634970132,0.014017773809926,484368.55191594,4976621.39457671,-0.0798293359671126,7.572
874,1,0,accepted,0.0882310170171919,0.112743154518599,484369.558035085,4976621.34294423,-0.0740336532656903,9.076
875,1,0,accepted,0.0904974772459409,0.0732176326292576,484370.564420025,4976621.29337663,-0.0703598462976989,7.685
876,1,0,accepted,0.0947319388075257,0.0245123302855822,484371.55664702,4976621.24602611,-0.0667427873656954,8.23
877,1,0,accepted,0.0897406323360083,-0.0046943907090099,484372.582310832,4976621.19954415,-0.0629930326331985,8.29
878,1,0,accepted,0.0792434202764638,-0.0608590386522803,484373.58988859,4976621.15791214,-0.0594006278927762,8.14
879,1,0,accepted,0.0687460600045077,-0.0975409372547772,484374.616962888,4976621.1141088,-0.0555188856785391,8.304
880,1,0,accepted,0.0572428885328149,0.0642552871338219,484375.62944105,4976621.08386125,-0.0481807510227308,8.363
881,1,0,accepted,0.0494672959718028,0.000294112047577976,484376.658635639,4976621.04826144,-0.0441853125424111,6.292
882,1,0,accepted,0.0421305494017708,0.0380816615468381,484377.689861406,4976621.01947408,-0.0374746646360832,7.062
883,1,0,accepted,0.0542431657021698,-0.159982081134443,484378.721145272,4976620.97554202,-0.0348165788179078,7.662
884,1,0,accepted,0.0438659260875138,-0.0730592150092605,484379.740629255,4976620.96450532,-0.0270432207801234,6.743
885,1,0,accepted,0.0445985881465581,0.0749808460621006,484380.756028658,4976620.95448211,-0.0182726298064232,6.773
886,1,0,accepted,0.0413796181589631,0.0154835260894283,484381.795897934,4976620.94650516,-0.0130118140943039,6.356
887,1,0,accepted,0.0465963709044061,-0.0311752590575257,484382.843406002,4976620.93746055,-0.00774379452142436,6.779
888,1,0,accepted,0.0531336109634257,-0.0544516928852142,484383.906796373,4976620.93828671,-0.00186653185680312,6.818
889,1,0,accepted,0.0779042964631125,-0.137873706514964,484384.943781979,4976620.9281004,0.00223591066239402,6.791
890,1,0,accepted,0.0371325592691252,0.131989335679852,484385.984195486,4976620.98921273,0.01302198543194,8.269
891,1,0,accepted,0.0441015143763283,0.146129334263546,484387.036833503,4976621.00703111,0.0194947940900036,6.549
892,0,1,acceptedDirectional,0.111174172089147,0.449800999938317,484388.099544913,4976620.97071529,0.0306760338148542,7.788
893,0,1,acceptedDirectional,0.145709237861396,0.658569777491302,484389.160856713,4976620.97349332,0.0399999375355015,6.624
894,0,1,acceptedDirectional,0.148457074528851,0.643217837533503,484390.220397449,4976621.01452483,0.0451161841276378,7.144
895,1,0,accepted,0.146139049144266,0.65855649879596,484391.169026354,4976621.08615819,0.051041583575584,6.067
896,1,0,accepted,0.141606697464985,0.702201617042931,484392.225071191,4976621.14411755,0.0571191433030436,7.402
897,1,0,accepted,0.127100784812275,0.708376459248205,484393.292970213,4976621.21805515,0.0625314505663268,6.112
898,1,0,accepted,0.125883773394897,0.601806828435682,484394.3426083,4976621.30019238,0.0659908745824223,6.863
899,1,0,accepted,0.0714054877716277,0.202180696594262,484395.420077665,4976621.44535539,0.0641053723457954,7.249
900,1,0,accepted,0.0835726430962776,0.213702860619543,484396.47366412,4976621.52608557,0.069939094453311,6.502
901,1,0,accepted,0.097994747080548,0.282520294885444,484397.538173283,4976621.60806958,0.0762805385467577,8.314
902,1,0,accepted,0.0450339826862962,-0.00112667569170547,484398.642191182,4976621.73043538,0.0765025165915042,6.674
903,1,0,accepted,0.0452344331450485,-0.0751124556172992,484399.719303485,4976621.83118128,0.0807953225971584,7.289
904,1,0,accepted,0.0516230434139365,-0.104304346175573,484400.792779566,4976621.93079592,0.0848875582261315,5.937
905,1,0,accepted,0.0497810551865327,-0.176416004285121,484401.877696031,4976622.04503326,0.0871413564960948,6.052
906,1,0,accepted,0.0509675712450912,-0.207835769657875,484402.970068603,4976622.16634529,0.0890027217950476,6.007
907,1,0,accepted,0.0614886882708489,-0.17388086208984,484404.061476351,4976622.28583362,0.0901674967635783,5.78
908,1,0,accepted,0.0433475430158784,-0.0409213934450024,484405.128393556,4976622.41697988,0.0918789495061733,6.961
909,1,0,accepted,0.0413154210890454,-0.0234322572385561,484406.203969983,4976622.54025814,0.0910694933283888,7.642
910,1,0,accepted,0.0370213264086938,0.0113705821905164,484407.287688246,4976622.66564675,0.0909115146933401,7.964
911,1,0,accepted,0.0341919242699492,0.0722634672781889,484408.365016958,4976622.78242196,0.091017435490687,6.369
912,1,0,accepted,0.0439979968060431,-0.0210870328748459,484409.469718461,4976622.89522041,0.088957116408036,6.34
913,1,0,accepted,0.0298422013219401,-0.0421383067723332,484410.550032035,4976623.02018574,0.0884239480076291,7.617
914,1,0,accepted,0.0164406517642146,-0.0440607117947365,484411.636437909,4976623.14671827,0.0887781873203875,7.638
915,1,0,accepted,0.0176168424428558,-0.0586133315789888,484412.717798935,4976623.26020626,0.0890838074631699,7.746
916,1,0,accepted,0.0166852183346824,-0.0501223072430904,484413.813148874,4976623.38012156,0.0899470524860239,7.482
917,1,0,accepted,0.0268441748560833,-0.0743968484244388,484414.912219608,4976623.48880062,0.0900942626413572,7.869
918,1,0,accepted,0.0391324262280057,-0.0768768575232109,484416.023504736,4976623.60293968,0.0904737575885953,6.565
919,1,0,accepted,0.0573012279476896,-0.0727985204758796,484417.142505977,4976623.71286464,0.0910991440859103,6.938
920,1,0,accepted,0.0618594665829718,-0.0279485929632632,484418.249717819,4976623.83526518,0.0925511661248406,7.804
921,1,0,accepted,0.0715272814071436,-0.0344182540238997,484419.370266262,4976623.95519339,0.0931372229783256,7.35
922,1,0,accepted,0.0568035016619456,-0.114115950856296,484420.445546405,4976624.09845527,0.092222436580109,6.586
923,1,0,accepted,0.0685151332215706,-0.0801934280353997,484421.562115704,4976624.21818069,0.0934873255370949,5.67
924,1,0,accepted,0.0657270256970346,-0.084520731217089,484422.681264538,4976624.35211465,0.0938558429672921,6.117
925,1,0,accepted,0.0269956073550055,0.0183365912186337,484423.824461894,4976624.52470304,0.0962242953037714,5.943
926,1,0,accepted,0.0220557284861331,0.0596022128669751,484424.934127461,4976624.66197564,0.0971672647741882,6.431
927,1,0,accepted,0.0241089062854954,0.0826310265792387,484426.050055523,4976624.79278941,0.0982525727307984,6.152
928,1,0,accepted,0.0258943619381856,0.112816828909449,484427.171977856,4976624.9265877,0.0991952416959895,6.558
929,1,0,accepted,0.039663795669978,0.136426382010985,484428.298694171,4976625.04932001,0.10019121419792,6.246
930,1,0,accepted,0.07752783795647,0.277945826961249,484429.438575475,4976625.14822107,0.103088607346524,6.697
931,1,0,accepted,0.135097416345911,0.60093132770814,484430.564209475,4976625.23004371,0.109319413136356,8.04
932,1,0,accepted,0.150406511711647,0.672346959150333,484431.696769363,4976625.35434327,0.11111573165801,6.631
933,1,0,accepted,0.146343972287708,0.639984448726878,484432.849217846,4976625.49604349,0.111095673073711,6.616
934,1,0,accepted,0.108261010562439,0.306352798483495,484434.020163126,4976625.67723345,0.106186258406328,6.275
935,1,0,accepted,0.107231415707863,0.29638357069103,484435.147838843,4976625.81825575,0.106392116688393,6.117
936,1,0,accepted,0.0920188526159475,0.274643882733359,484436.280705971,4976625.97540871,0.106502138717386,6.204
937,1,0,accepted,0.0659242298458445,0.131939778239234,484437.411916469,4976626.14711936,0.104011512915893,7.657
938,1,0,accepted,0.0550596754113389,0.101279956877932,484438.557827299,4976626.30138568,0.103339709249615,5.889
939,1,0,accepted,0.0490425782025338,0.160028106510501,484439.718206991,4976626.44954805,0.104491074093472,5.98
940,1,0,accepted,0.0355907518235976,0.143924225097955,484440.889907298,4976626.60192698,0.104267885309791,6.408
941,1,0,accepted,0.0264017952398689,0.170975203068274,484442.046693505,4976626.7550204,0.104740405475012,6.259
942,1,0,accepted,0.0271216507627191,0.0535316491066173,484443.21847418,4976626.90707739,0.102928706113035,6.276
943,1,0,accepted,0.0238831091209547,-0.0179051580969078,484444.37675106,4976627.05508712,0.101796318530241,5.734
944,1,0,accepted,0.0105673845318134,0.15656723116233,484445.531027223,4976627.21067337,0.104667762718899,6.781
945,1,0,accepted,0.00704956630307472,0.144491660749808,484446.68267338,4976627.35920359,0.104865191185089,6.695
946,1,0,accepted,0.009243069348025,0.137018974480478,484447.858095723,4976627.49949927,0.105236989886359,6.697
947,1,0,accepted,0.0150682418036835,0.119136407705241,484449.034616354,4976627.64236324,0.105193813213485,6.065
948,1,0,accepted,0.0193211832458686,0.108606247187309,484450.201207564,4976627.78144927,0.105230303369635,7.211
949,1,0,accepted,0.0300317637633905,0.101098870133612,484451.390172235,4976627.91767071,0.105184445532022,6.766
950,1,0,accepted,0.0438096336441388,0.107693127013062,484452.572370929,4976628.04824422,0.10581343871196,7.388
951,1,0,accepted,0.0579381411286354,0.0473724877872316,484453.74747654,4976628.16403159,0.10527054342772,7.745
952,1,0,accepted,0.0692768622066008,0.0462017261468047,484454.932549946,4976628.29482293,0.10550443735172,7.045
953,1,0,accepted,0.0821476968428904,0.0665101482912507,484456.11167507,4976628.42635904,0.105610793462039,7.866
954,1,0,accepted,0.0908076988500959,0.0945954140880267,484457.29051164,4976628.56322257,0.105724808479245,6.938
955,1,0,accepted,0.114076486808025,0.195384447505795,484458.460471096,4976628.67824999,0.107688450507371,7.693
956,1,0,accepted,0.116474082078013,0.203771646765743,484459.639255606,4976628.82255781,0.108238387108983,6.906
957,1,0,accepted,0.127889461542987,0.317155551209748,484460.805624649,4976628.95666175,0.110560951235609,7.062
958,1,0,accepted,0.125931608493381,0.314541416378022,484461.983439162,4976629.11078854,0.110739380493692,7.234
959,1,0,accepted,0.122394680674771,0.325900712273026,484463.169623434,4976629.26953506,0.111218513532625,6.237
960,1,0,accepted,0.11096319223296,0.293838176437022,484464.357289754,4976629.43509458,0.110948072115602,7.508
961,1,0,accepted,0.103150387377134,0.26145087942066,484465.535318066,4976629.59635636,0.110425535929564,6.641
962,1,0,accepted,0.0871655690055491,0.211682927428905,484466.7464033,4976629.76781926,0.110407230273483,6.571
963,1,0,accepted,0.0994163100111358,0.234210535332124,484467.931371729,4976629.90770317,0.111118915650478,5.848
964,1,0,accepted,0.118793305233344,0.295258212370092,484469.140410582,4976630.04551858,0.112508769738607,6.354
965,1,0,accepted,0.093016524522943,0.281751704978826,484470.316092802,4976630.22130566,0.113000442210489,6.795
966,1,0,accepted,0.0765236763855862,0.201005109769923,484471.499558148,4976630.39081,0.112216237006331,6.753
967,1,0,accepted,0.0631379841473816,0.148383418960974,484472.684638995,4976630.55919379,0.111658601651753,6.469
968,1,0,accepted,0.0701907849250078,0.148147968501644,484473.880976853,4976630.71195745,0.111942641669337,6.369
969,1,0,accepted,0.059684292395141,0.454716588996702,484475.053537973,4976630.87401176,0.117592492759782,7.373
970,1,0,accepted,0.0781760071312697,0.276127027810833,484476.288774269,4976631.04015997,0.114730050351335,6.583
971,1,0,accepted,0.156978240426627,0.388352484245745,484477.547253282,4976631.15526256,0.116568969919809,8.254
972,1,0,accepted,0.151343854364725,0.366296403032778,484478.726390837,4976631.31059248,0.11618166607352,7.858
973,1,0,accepted,0.106023995507547,0.299888342172106,484479.873839445,4976631.48913021,0.114599296742489,7.737
974,1,0,accepted,0.139287997041874,0.372262990516665,484481.085459702,4976631.62694638,0.115692942752299,8.019
975,1,0,accepted,0.0244147749044839,0.104734158880016,484482.157811504,4976631.85873466,0.110690832245177,6.471
976,1,0,accepted,0.030509094354899,0.153241633228547,484483.342351758,4976632.01392184,0.111016274155157,5.574
977,1,0,accepted,0.0339406387703991,0.187426232192834,484484.53039086,4976632.16763757,0.110815000161195,5.595
978,1,0,accepted,0.0339133819171192,0.311565497453709,484485.715914031,4976632.32946366,0.11225595958599,6.213
979,1,0,accepted,0.0356146726024185,0.244913241870088,484486.918867531,4976632.48478135,0.11025960576182,6.011
980,1,0,accepted,0.0419117501137631,0.233238653422771,484488.117448387,4976632.6408371,0.108946490158261,6.207
981,1,0,accepted,0.0406192357875946,0.201355384206918,484489.302644142,4976632.79990545,0.107348133361816,6.632
982,1,0,accepted,0.0502588582573807,0.201508077107991,484490.471633055,4976632.95366733,0.108692997762675,6.271
983,1,0,accepted,0.0840800387530393,0.290785045309974,484491.613091417,4976633.12084493,0.109727946910072,5.954
984,1,0,accepted,0.0641680901781065,0.1485753269344,484492.841713848,4976633.30315726,0.105167463157889,6.577
985,1,0,accepted,0.0383304159118888,-0.120314057272957,484494.051033179,4976633.46755024,0.101171799404327,6.217
986,1,0,accepted,0.0421238391191255,-0.091605180469834,484495.243227914,4976633.63589249,0.101096939726291,6.016
987,1,0,accepted,0.0183400343131745,0.0116899974196407,484496.437522327,4976633.76093761,0.102071784097353,6.651
988,1,0,accepted,0.0156742475152489,0.213458409981002,484497.629985613,4976633.89946981,0.104985016130125,6.527
989,1,0,accepted,0.0206750505300702,0.355358307343573,484498.823766978,4976634.04744593,0.107646743251986,6.538
990,1,0,accepted,0.0305457805094842,0.386819834646315,484500.005078872,4976634.1878184,0.10751051904278,6.594
991,1,0,accepted,0.037374996428989,0.362980869658314,484501.185786577,4976634.33194891,0.106952810479181,7.03
992,1,0,accepted,0.0418061440100162,0.31203705030421,484502.367040098,4976634.47797187,0.105727724043915,6.617
993,1,0,accepted,0.0548506200895074,0.220744102351616,484503.530110013,4976634.61342127,0.103511347862128,7.199
994,1,0,accepted,0.0529462669524353,0.267092212037024,484504.716318749,4976634.76711835,0.103790479607996,6.302
995,1,0,accepted,0.0580113418935401,0.309658844002438,484505.878792419,4976634.90932173,0.104334981501867,6.814
996,1,0,accepted,0.0355002464804564,0.10410734887321,484507.049350374,4976635.08259733,0.10068383040909,6.677
997,1,0,accepted,0.0431548742184731,0.118258543451702,484508.218020728,4976635.2213156,0.100523243091085,6.556
998,1,0,accepted,0.0519074733060315,0.0948581144494402,484509.384132346,4976635.35746782,0.0996097340462037,6.592
999,1,0,accepted,0.0506167642039337,0.0270469613149812,484510.542040532,4976635.50321706,0.0984916234555479,6.564
1000,1,0,accepted,0.0496661269779157,0.0333191422575694,484511.676748663,4976635.64785685,0.0979536504551132,7.413
1001,1,0,accepted,0.0523688875889888,-0.0267032336963152,484512.784289528,4976635.82829583,0.0967284583262242,6.366
1002,1,0,accepted,0.0742798634255293,0.0236636187585802,484513.921334998,4976635.95101429,0.0975440085421812,6.556
1003,1,0,accepted,0.0951448788146001,0.129725511567282,484515.053085355,4976636.08600216,0.0989762828476996,6.369
1004,1,0,accepted,0.105357273573647,0.16702814038342,484516.193853519,4976636.22147078,0.0999724287315898,6.285
1005,1,0,accepted,0.106380577354293,0.166877732275402,484517.342497968,4976636.36397222,0.100548533258627,7.249
1006,1,0,accepted,0.107855627667202,0.173388139084086,484518.486722905,4976636.50831006,0.10096057626558,6.955
1007,1,0,accepted,0.103139851100596,0.134805188218606,484519.635559698,4976636.64880362,0.100949527091821,6.427
1008,1,0,accepted,0.0920116521997379,0.10382130328933,484520.78103719,4976636.78739392,0.100870543409857,6.341
1009,1,0,accepted,0.0763887363778712,0.136835482256504,484521.930281807,4976636.92975972,0.101757285344163,7.146
1010,1,0,accepted,0.0626175784899374,0.179674050298973,484523.084526057,4976637.06599899,0.102896966560142,7.099
1011,1,0,accepted,0.0475436758187713,0.0540506717520226,484524.255911999,4976637.21233998,0.100703332328564,7.47
1012,1,0,accepted,0.0432367123546326,0.0645821656654828,484525.399197915,4976637.36101181,0.1004374770546,6.649
1013,1,0,accepted,0.0425368557179815,-0.0146666148343271,484526.528730355,4976637.50498608,0.100155411259511,6.662
1014,1,0,accepted,0.0463860049594071,0.0143358283429861,484527.660874568,4976637.64670279,0.100588467488894,6.667
1015,1,0,accepted,0.0462573943667501,0.0511868151690625,484528.782575464,4976637.78528771,0.101517517305824,7.586
1016,1,0,accepted,0.0488140458405756,0.0562352079083066,484529.906194299,4976637.92397476,0.101939738505116,6.94
1017,1,0,accepted,0.0571145509649025,0.0753553971877143,484531.032438891,4976638.05568081,0.102502705414328,6.92
1018,1,0,accepted,0.0527897372434188,0.0666917382436191,484532.154678294,4976638.19770805,0.102385793841573,7.344
1019,1,0,accepted,0.0456754897829966,0.101110046799322,484533.27211716,4976638.33521095,0.103803803399881,7.172
1020,1,0,accepted,0.0482335028605005,0.111046094484018,484534.398027374,4976638.47082631,0.105193287274305,7.247
1021,1,0,accepted,0.0533073106100427,0.12414747769162,484535.504521992,4976638.60324448,0.106792438870927,7.568
1022,1,0,accepted,0.0647127248816147,0.0706226955768699,484536.627462936,4976638.73356143,0.107047654952585,6.575
1023,1,0,accepted,0.0629243214239866,0.193704394233879,484537.742332765,4976638.87805773,0.109943110094358,6.949
1024,1,0,accepted,0.0760320724822321,0.170982239439671,484538.866851054,4976639.00984661,0.110527447895514,6.531
1025,1,0,accepted,0.0812119858258207,0.190768052031036,484539.983763632,4976639.15062603,0.111843411974273,6.861
1026,1,0,accepted,0.0845302441422666,0.220158816453408,484541.092153155,4976639.29432619,0.113155431022812,6.361
1027,1,0,accepted,0.0493330022872637,0.105654678211509,484542.191905532,4976639.48957684,0.112258735176992,7.143
1028,1,0,accepted,0.0418290377111436,0.0187450856766248,484543.312649136,4976639.64909631,0.111837633593518,6.421
1029,1,0,accepted,0.000965198088033147,-0.128786777782996,484544.44273814,4976639.84363108,0.109405075456714,6.861
1030,1,0,accepted,0.0397721843478125,-0.451221313287311,484545.585728819,4976640.03177838,0.105667515743653,6.984
1031,1,0,accepted,0.0709127137652308,-0.669748914257915,484546.71669551,4976640.2134713,0.102356450105142,6.604
1032,1,0,accepted,0.0506818691159078,-0.390147957155867,484547.832435062,4976640.31621894,0.107949368335046,6.927
1033,1,0,accepted,0.0955349839242199,-0.0381294685131141,484548.955095964,4976640.41593585,0.114844940441019,7.004
1034,1,0,accepted,0.0684535941104564,-0.0038717909251768,484550.021473416,4976640.59207838,0.116284817973165,8.086
1035,1,0,accepted,0.054970274199589,-0.0410572846604877,484551.112826155,4976640.76943628,0.11660115810277,8.222
1036,1,0,accepted,0.0609209614100524,-0.107611485483343,484552.239391405,4976640.93942647,0.116914957056917,7.904
1037,1,0,accepted,0.0700518929414731,-0.110351720392407,484553.350920473,4976641.10506102,0.118566061762014,7.592
1038,1,0,accepted,0.0913795764063419,-0.151782268873664,484554.432291395,4976641.27878121,0.119492534480506,6.457
1039,1,0,accepted,0.0798180460550693,-0.199512420902845,484555.565536791,4976641.42755397,0.120366690030304,6.455
1040,1,0,accepted,0.0594308621448839,-0.157497922772968,484556.715273708,4976641.54495728,0.122531356461935,8.093
1041,1,0,accepted,0.0769257321775841,-0.170766790442741,484557.865380145,4976641.69569319,0.123073910292449,7.145
1042,1,0,accepted,0.133193323422611,-0.125303725442991,484559.049857317,4976641.83940374,0.124126631658563,8.441
1043,1,0,accepted,0.183718120881842,-0.0909891365484474,484560.225105188,4976641.98032822,0.124472126816508,8.193
1044,1,0,accepted,0.174416624838189,0.0284716720271499,484561.355358931,4976642.15296151,0.126103907380754,7.682
1045,1,0,accepted,0.190100185300034,-0.0204497555429172,484562.500196625,4976642.30275326,0.12539822876891,7.797
1046,1,0,accepted,0.070981368445266,-0.159959402513534,484563.51433497,4976642.48455392,0.123139843267048,8.772
1047,1,0,accepted,0.069845529765171,-0.161044200646116,484564.651936468,4976642.63476644,0.123584451605796,6.986
1048,1,0,accepted,0.0254578185621368,-0.019041307282759,484565.749595233,4976642.8166142,0.126754273666376,7.167
1049,1,0,accepted,0.0225486974586722,-0.0159402133101997,484566.891634631,4976642.97815327,0.127490315239417,6.688
1050,1,0,accepted,0.023763282042126,0.0226234130087907,484568.02672888,4976643.13731506,0.129010614100382,6.64
1051,1,0,accepted,0.031109637174069,0.0730724770945224,484569.171593185,4976643.29994295,0.129913881017659,6.76
1052,1,0,accepted,0.0376120932025624,0.0668347024647883,484570.332124454,4976643.46870651,0.130154316215758,6.607
1053,1,0,accepted,0.0348862556061114,-0.214804287939994,484571.469323319,4976643.70518045,0.125213793927802,6.985
1054,1,0,accepted,0.0261254724049016,-0.0768420661936642,484572.613818878,4976643.84613304,0.127289631761933,6.974
1055,1,0,accepted,0.0335875873359215,-0.227641818933185,484573.772156166,4976644.03843706,0.124605220134181,6.852
1056,1,0,accepted,0.0396230051274219,-0.0710422023857489,484574.924064263,4976644.17971697,0.127174345854662,7.262
1057,1,0,accepted,0.035496151019993,-0.130196301423306,484576.10184918,4976644.35849797,0.125661220128636,6.806
1058,1,0,accepted,0.0265812000714785,-0.264678036094703,484577.267894672,4976644.53308331,0.123178409437873,6.366
1059,1,0,accepted,0.0176284899172878,-0.345351382050345,484578.448659192,4976644.70696328,0.121719122039323,6.776
1060,1,0,accepted,0.0226063116706486,-0.154593318555079,484579.628570235,4976644.84556281,0.124707492269896,6.412
1061,1,0,accepted,0.0117960089770688,-0.307358792701655,484580.810107494,4976645.02371767,0.121922243628864,6.67
1062,1,0,accepted,0.0221963471349248,-0.176809410485239,484582.002105499,4976645.18570279,0.124294682358582,6.638
1063,1,0,accepted,0.0216079097083568,-0.256509597343522,484583.183017851,4976645.35754385,0.122464047804217,6.734
1064,1,0,accepted,0.0241401440911577,-0.266727794940594,484584.363998263,4976645.52393334,0.122425630744512,6.625
1065,1,0,accepted,0.0192723002514468,-0.179039735626786,484585.566575386,4976645.70607723,0.123698484216189,8.025
1066,1,0,accepted,0.0166606392175868,-0.0429663398779583,484586.735728131,4976645.87831019,0.125903583327679,7.63
1067,1,0,accepted,0.0211683531282776,0.0173780331824709,484587.929975593,4976646.05376614,0.126846728599265,8.002
1068,1,0,accepted,0.0193556763614734,0.050464144027018,484589.119491447,4976646.22742806,0.12723131094278,8.653
1069,1,0,accepted,0.0254863703973702,0.0234238008234714,484590.319953097,4976646.39506072,0.12653407428351,8.218
1070,1,0,accepted,0.0321028415195241,-0.000981481174819029,484591.511174279,4976646.56197111,0.126227663377633,7.955
1071,1,0,accepted,0.0406292316792946,-0.036150854511573,484592.711443206,4976646.72699387,0.125889116699376,7.974
1072,1,0,accepted,0.0547760574847951,-0.0656622292984408,484593.90491447,4976646.88706799,0.125720192393833,8.531
1073,1,0,accepted,0.0345174436813547,0.0569847565632029,484595.100207258,4976647.08543531,0.128279208477959,8.333
1074,1,0,accepted,0.0296214419453421,0.0899582600497094,484596.296949668,4976647.26594275,0.129500740241288,8.734
1075,1,0,accepted,0.0247722618467114,0.120599566898006,484597.492039913,4976647.44850404,0.130280567819018,7.578
1076,1,0,accepted,0.0278612051720623,0.139536278795932,484598.692528631,4976647.62495556,0.130894528322306,8.199
1077,1,0,accepted,0.0258579259064811,0.115074542795207,484599.902559518,4976647.8124153,0.131085571137617,8.856
1078,1,0,accepted,0.0380580456650756,0.0698660307402154,484601.097397382,4976647.99720167,0.130812224050301,9.887
1079,1,0,accepted,0.0378951272837573,0.0150822704491599,484602.293093688,4976648.19407061,0.130357463647384,9.034
1080,1,0,accepted,0.0561550044457769,0.0186139171322796,484603.498468796,4976648.37261943,0.130760239017315,9.258
1081,1,0,accepted,0.075292525094325,0.0272621431803885,484604.705419885,4976648.55169365,0.131863179324691,7.04
1082,1,0,accepted,0.0869509965682096,0.0532374097367163,484605.906195469,4976648.73743563,0.132599472844193,8.938
1083,1,0,accepted,0.10558123511245,0.112424930227107,484607.125437287,4976648.92118207,0.134126907261033,7.865
1084,1,0,accepted,0.135943405819511,0.354730557552008,484608.318402781,4976649.09055269,0.138602419581802,7.83
1085,1,0,accepted,0.104311546649918,0.124953003495271,484609.518770701,4976649.32455693,0.13492472623016,7.937
1086,1,0,accepted,0.101409181673013,0.0824230830071328,484610.708950789,4976649.52780534,0.134130496623222,7.37
1087,1,0,accepted,0.087437377533423,0.0424922029323883,484611.901994554,4976649.74307438,0.133535884494141,8.629
1088,1,0,accepted,0.0701050138534769,0.00762800354599717,484613.098220233,4976649.95829849,0.133205683499845,7.4
1089,1,0,accepted,0.0640688285815135,0.00561252463123275,484614.296458365,4976650.16133566,0.133306050828276,7.685
1090,1,0,accepted,0.0617402206160253,0.0381001410443266,484615.487283152,4976650.36159316,0.134035925030087,7.932
1091,1,0,accepted,0.0581657993056982,-0.050501523608812,484616.698657972,4976650.56221136,0.132825323886242,7.64
1092,1,0,accepted,0.0632586747096237,-0.0884563768947908,484617.887608272,4976650.75308633,0.132303382186134,7.824
1093,1,0,accepted,0.0669921094210583,-0.130527624242724,484619.093862738,4976650.94843253,0.131399387528307,7.144
1094,1,0,accepted,0.0814704793934211,-0.153629680982213,484620.301833372,4976651.13382574,0.1312283016885,6.898
1095,1,0,accepted,0.0938036556190567,-0.0698611471262347,484621.519039055,4976651.32698693,0.132523218782341,7.176
1096,1,0,accepted,0.0962061134621413,0.0264256561236687,484622.721659876,4976651.52381297,0.134303674805446,7.189
1097,1,0,accepted,0.0984410331192539,0.0536744848109752,484623.919678467,4976651.71998634,0.134759532063565,7.054
1098,1,0,accepted,0.09674637572316,0.0759251996747171,484625.128531372,4976651.91606165,0.135121063938187,7.188
1099,1,0,accepted,0.101176284726638,0.114786922040314,484626.290242519,4976652.1000533,0.135714691448425,6.765
1100,1,0,accepted,0.107786352504636,0.111854674391199,484627.482825485,4976652.28767687,0.135844424816408,6.73
1101,1,0,accepted,0.101267201326409,0.215660809745377,484628.675127758,4976652.48975341,0.137442441319357,6.551
1102,1,0,accepted,0.11372357867159,0.272023396543698,484629.86629388,4976652.67263404,0.138002077483375,7.1
1103,1,0,accepted,0.0858175441191386,0.135908635815358,484631.052565398,4976652.89516998,0.136019537473965,6.11
1104,1,0,accepted,0.0781504829561519,0.0852264145313996,484632.234197047,4976653.09519266,0.134858610629492,6.313
1105,1,0,accepted,0.0794448311318148,0.0906924568718285,484633.412246883,4976653.28746628,0.134723696376268,6.416
1106,1,0,accepted,0.0783928999081926,0.085814081622625,484634.59733504,4976653.48344598,0.134235315600848,6.645
1107,1,0,accepted,0.0681052476137252,0.0595192211383974,484635.778169262,4976653.68717601,0.133456602520542,5.938
1108,1,0,accepted,0.0763874670521847,0.0975239724454042,484636.948400481,4976653.87416611,0.133683914964717,6.709
1109,1,0,accepted,0.0813860558394442,0.0676554568468829,484638.13838738,4976654.05825733,0.132833763529801,5.989
1110,1,0,accepted,0.0675641480473038,0.0261020210710777,484639.337839603,4976654.25810244,0.13169562247227,6.186
1111,1,0,accepted,0.0570648739306215,-0.058126289371318,484640.56020182,4976654.45780844,0.129995286602408,5.907
1112,1,0,accepted,0.0484246600689525,-0.129411787693757,484641.748030028,4976654.65549009,0.128237298229032,6.358
1113,1,0,accepted,0.0434995830113693,-0.117605067656927,484642.913889175,4976654.84483326,0.127925530515887,6.073
1114,1,0,accepted,0.0429606097575453,-0.135856396603951,484644.067802598,4976655.03374959,0.127588516061223,6.434
1115,1,0,accepted,0.0384406594974134,-0.0917127633602603,484645.245938627,4976655.22212098,0.12758274950816,6.111
1116,1,0,accepted,0.0344002078249344,-0.10021107599357,484646.420076301,4976655.40914548,0.127658179833159,6.655
1117,1,0,accepted,0.0368364848212014,-0.0720287512584699,484647.592611215,4976655.59186686,0.127695504021647,6.403
1118,1,0,accepted,0.0366140712294143,-0.0573301555937338,484648.750408824,4976655.77345563,0.127409828577622,6.126
1119,1,0,accepted,0.0385103629019914,-0.00570857565058624,484649.915983934,4976655.95366531,0.128067843150749,5.781
1120,1,0,accepted,0.0397914324541248,0.0094797494660327,484651.07093034,4976656.13233018,0.128027880797669,6.641
1121,1,0,accepted,0.0411541573456968,0.0302139857895805,484652.215116049,4976656.3104581,0.128371960292151,6.75
1122,1,0,accepted,0.0512615098306451,0.0400016766223259,484653.369997472,4976656.47917797,0.12843061999223,6.274
1123,1,0,accepted,0.0643280791137283,0.0660517252107067,484654.519048203,4976656.64387581,0.128460092129299,6.143
1124,1,0,accepted,0.0793834132080574,0.103792130240547,484655.65013269,4976656.80649175,0.128748818333115,7.744
1125,1,0,accepted,0.110720038230666,0.12811290948039,484656.77882515,4976656.95067446,0.128900777520954,7.328
1126,1,0,accepted,0.132389056361944,0.150531428140594,484657.910139674,4976657.10410291,0.128981448407914,6.948
1127,1,0,accepted,0.148383930263243,0.154923457184619,484659.043912989,4976657.26246414,0.128830493842484,7.505
1128,1,0,accepted,0.154748208085269,0.130807324909539,484660.18740967,4976657.43032994,0.12828441425382,7.36
1129,1,0,accepted,0.152389267910476,0.102546620034429,484661.332277548,4976657.60869878,0.127400574778034,6.731
1130,1,0,accepted,0.101704064647872,0.0146170105824547,484662.438518724,4976657.83055582,0.125551059776982,7.011
1131,1,0,accepted,0.101740982852659,-0.00099890845321021,484663.557145662,4976658.00370548,0.125121803870388,7.053
1132,1,0,accepted,0.105099603867478,0.0303457464246542,484664.660165196,4976658.16976067,0.125441896642454,7.004
1133,1,0,accepted,0.107537073757728,0.0409919600778954,484665.766032343,4976658.33735631,0.125638656793785,6.644
1134,1,0,accepted,0.107907370278998,0.0392954706403058,484666.890778918,4976658.51205462,0.126085614636436,7.115
1135,1,0,accepted,0.122888408493277,0.120899393883169,484667.999070319,4976658.66784487,0.127643102953757,5.631
1136,1,0,accepted,0.127853599953779,0.0324701664116305,484669.124912382,4976658.84281952,0.126412948159718,5.789
1137,1,0,accepted,0.135078653863682,-0.0199168699206566,484670.226491004,4976659.01204729,0.125736225269649,6.128
1138,1,0,accepted,0.138194141312086,-0.111224930362086,484671.313423394,4976659.18145049,0.12428855716478,7.382
1139,1,0,accepted,0.0416759835919941,-0.146458363812108,484672.316716991,4976659.41446794,0.123944622608707,6.616
1140,1,0,accepted,0.0377244120351845,-0.0924900362320218,484673.395152808,4976659.58631292,0.124973013137553,5.808
1141,1,0,accepted,0.0513585729820434,-0.108637339425479,484674.483836086,4976659.74312593,0.124883606980943,6.172
1142,1,0,accepted,0.0997933362604298,-0.115508723380274,484675.613785514,4976659.8814866,0.124787177684948,6.245
1143,1,0,accepted,0.112224835142431,-0.00398234456185415,484676.676618484,4976660.03431212,0.126724007030562,6.773
1144,1,0,accepted,0.177566826407288,0.162341843471162,484677.784146787,4976660.15244535,0.129501644495981,6.662
1145,1,0,accepted,0.13748109074764,0.0604609431514731,484678.819081658,4976660.34882468,0.128028693947971,8.524
1146,1,0,accepted,0.142362131255967,0.111863206207239,484679.872658902,4976660.50705091,0.129013000560428,9.348
1147,1,0,accepted,0.158806107067593,0.0402350565796756,484680.729133964,4976660.69773412,0.127811380753331,6.878
1148,1,0,accepted,0.119103654021044,0.0590031870163191,484681.831054846,4976660.86925648,0.128198981934754,6.192
1149,0,1,acceptedDirectional,0.0964088967024952,0.00502478206035114,484682.883187801,4976661.06599659,0.127401327891464,8.277
1150,0,1,acceptedDirectional,0.101029458186541,0.0359902946085719,484683.944346716,4976661.21709624,0.128010647338852,6.373
1151,1,0,accepted,0.036514013593389,0.185468627861927,484685.021462656,4976661.423473,0.130564494023789,6.565
1152,1,0,accepted,0.0366854525438108,0.178286838587036,484686.052442715,4976661.59112366,0.130281049553431,5.807
1153,1,0,accepted,0.0215776100393212,0.100146207666209,484687.094782411,4976661.76772703,0.12886735067707,5.473
1154,1,0,accepted,0.0328553870392696,0.131759257236597,484688.122505068,4976661.91841093,0.128758592668337,5.666
1155,1,0,accepted,0.020475755869498,-0.0628484633902016,484689.15813763,4976662.11067237,0.125488312905299,5.547
1156,1,0,accepted,0.0325179122572277,0.00792895067066294,484690.171653617,4976662.24985663,0.126382775585862,5.981
1157,1,0,accepted,0.0345229835727431,0.0706867622010622,484691.180850495,4976662.38919554,0.127368107881752,5.548
1158,1,0,accepted,0.0451011205989225,0.0575734491202493,484692.191712659,4976662.53860154,0.126898502394085,5.578
1159,1,0,accepted,0.0416087599168184,0.0607937085330956,484693.207852996,4976662.69697741,0.126606250567847,5.362
1160,1,0,accepted,0.0398590947750798,0.0500170296381631,484694.223210044,4976662.85070446,0.125962381096436,5.589
1161,1,0,accepted,0.0429992335102909,0.0562848105191193,484695.234710322,4976663.00093798,0.125353257949227,5.474
1162,1,0,accepted,0.0553723886532587,0.0682738160089705,484696.229758103,4976663.14764849,0.12486547579348,5.48
1163,1,0,accepted,0.0614977528789803,0.0859286838303821,484697.242496799,4976663.29086178,0.124398249651975,4.995
1164,1,0,accepted,0.0713427207711302,0.0824201486233746,484698.227161229,4976663.43197351,0.123377629512918,5.429
1165,1,0,accepted,0.0860270036242934,0.0523059992548097,484699.233630066,4976663.56746366,0.121847617371329,5.123
1166,1,0,accepted,0.106887941255084,0.0534946057483521,484700.246250523,4976663.70063626,0.120829855859125,5.053
1167,1,0,accepted,0.122385311411109,0.0566126757870223,484701.245563478,4976663.83791556,0.119902269830845,5.95
1168,1,0,accepted,0.123975053251269,0.083186735806182,484702.226322883,4976663.98211602,0.119369248308147,5.479
1169,1,0,accepted,0.135699476130853,0.0959768329185337,484703.210882892,4976664.11705153,0.118656314815654,5.563
1170,1,0,accepted,0.134319534109228,0.116710357632269,484704.184898155,4976664.25988287,0.117853836752653,5.593
