frame,accepted,directional,reason,errorM,yawErrorDeg,x,y,psi,matchingMs
1,0,0,insufficientComponents,0.640312423976002,2,484201.572914107,4977500.52147539,-2.10588080737395,4.574
2,1,0,accepted,0.0769649806174716,0.143357566915967,484201.05737224,4977500.8462255,-2.13828772458298,9.447
3,1,0,accepted,0.0726491583233988,-0.0838781876469869,484201.059986449,4977500.85027288,-2.14223410011718,6.869
4,1,0,accepted,0.075431315173552,-0.0498656957995638,484201.059806552,4977500.84765716,-2.14164505693538,7.142
5,1,0,accepted,0.0819611329886244,0.0978378096772563,484201.05744139,4977500.84163896,-2.13907055875246,6.462
6,1,0,accepted,0.0820225161113842,0.268010306103735,484201.052359186,4977500.84302147,-2.13608529659086,7.153
7,1,0,accepted,0.0809221147541115,0.276042323246522,484201.051259353,4977500.84447933,-2.13593859182209,7.259
8,1,0,accepted,0.0815505896741095,0.323244169736365,484201.054494226,4977500.84154667,-2.13511859128567,7.873
9,1,0,accepted,0.0945393500044008,0.317671795612631,484201.045041121,4977500.82703735,-2.13519789501252,7.074
10,1,0,accepted,0.095425770287955,0.372142641476862,484201.045821886,4977500.81922449,-2.13425708521586,7.219
11,1,0,accepted,0.0869524636594747,0.336765165224738,484201.045025054,4977500.8170826,-2.13488446902531,7.019
12,1,0,accepted,0.0788761882714516,0.418040810588416,484201.039211386,4977500.81208748,-2.13343326045054,7.022
13,1,0,accepted,0.0666484848421439,0.47945257670211,484201.032735278,4977500.80673924,-2.13240341670837,7.331
14,1,0,accepted,0.0428497647061833,0.389188257738026,484201.026018789,4977500.80861141,-2.13390740215897,7.743
15,1,0,accepted,0.0432612782588558,0.489520590226988,484201.009249707,4977500.78263578,-2.13209627041298,7.327
16,1,0,accepted,0.0440756949060422,0.565737139238556,484200.987629188,4977500.75167834,-2.13065329081104,7.964
17,1,0,accepted,0.0448419604882374,0.459780526604609,484200.966504932,4977500.71619575,-2.13233021319382,7.48
18,1,0,accepted,0.0445751533809931,0.483377855847358,484200.939023789,4977500.67706055,-2.13174063802863,7.3
19,1,0,accepted,0.0413831679939808,0.214004168520206,484200.909679952,4977500.63537982,-2.13616370357834,7.184
20,1,0,accepted,0.0527583996344497,0.491118513126279,484200.877809558,4977500.57374296,-2.13086871590015,8.483
21,1,0,accepted,0.0463426155291858,0.267056631359998,484200.847059905,4977500.52433477,-2.1341413134201,6.916
22,1,0,accepted,0.0458551549950982,0.199015230022382,484200.814172601,4977500.4636072,-2.13462550204191,7.328
23,0,0,inconsistentClasses,0.0412368861846861,0.195295670872042,484200.776181495,4977500.40076122,-2.13378321474668,9.241
24,0,0,inconsistentClasses,0.0384202434873296,0.186386184589621,484200.733472677,4977500.3310268,-2.13266349380471,9.721
25,0,0,inconsistentClasses,0.0375204168572233,0.177585119487798,484200.685869978,4977500.25383418,-2.13142772157285,8.24
26,0,0,inconsistentClasses,0.0403003460694996,0.145953685363625,484200.631183046,4977500.16578647,-2.12985572720544,8.424
27,0,0,inconsistentClasses,0.0441112673489498,0.153613717981088,484200.570076218,4977500.06928422,-2.12815079834316,9.098
28,0,0,inconsistentClasses,0.047380244503593,0.160292004353619,484200.507068426,4977499.96242206,-2.12772750791279,8.26
29,1,0,accepted,0.0271753453948338,-0.00496248437265399,484200.410556883,4977499.84604199,-2.12846304495675,7.263
30,1,0,accepted,0.0295961618217759,-0.0245048898849227,484200.338395398,4977499.72546653,-2.12618617406846,6.907
31,1,0,accepted,0.0339714107756742,0.0540054607576248,484200.267074919,4977499.59666496,-2.12403317775716,8.027
32,1,0,accepted,0.0372346662255075,0.0738161628571938,484200.192053371,4977499.46601436,-2.12266595888934,6.489
33,1,0,accepted,0.0419884354499145,0.0988204892528794,484200.112330772,4977499.32896616,-2.12044060672886,6.554
34,1,0,accepted,0.0423362548467254,0.121381245408885,484200.030752952,4977499.19096766,-2.11803754954377,6.49
35,1,0,accepted,0.0412919656227748,0.138557506224269,484199.947453299,4977499.05171507,-2.11587449171325,6.846
36,1,0,accepted,0.0412159380418444,0.12852778946397,484199.859445943,4977498.90582221,-2.11474281972562,6.855
37,1,0,accepted,0.0423290934039759,0.141218711892255,484199.768097451,4977498.75220298,-2.11343680398064,6.569
38,1,0,accepted,0.0384076138081795,0.115064033020408,484199.671588016,4977498.59946966,-2.11244637086729,6.955
39,1,0,accepted,0.0353697294368332,0.111780219815165,484199.57222416,4977498.43779063,-2.11116625868647,7.278
40,0,0,inconsistentClasses,0.0349369252832042,0.117337326937482,484199.475735262,4977498.27931687,-2.11022592055742,8.884
41,0,0,inconsistentClasses,0.035418959988945,0.117566893965259,484199.375557493,4977498.11568873,-2.10986574235641,8.76
42,1,0,accepted,0.0411229050569027,0.215226301338004,484199.276780455,4977497.93202229,-2.1082797703215,6.99
43,1,0,accepted,0.041904282937753,0.217020464805304,484199.173912104,4977497.75682423,-2.10822068795382,7.399
44,1,0,accepted,0.0438577481442663,0.246015227264095,484199.075954529,4977497.58583536,-2.10791548770454,7.048
45,1,0,accepted,0.0417203727948084,0.245326411197759,484198.972285105,4977497.4143496,-2.10812276013924,6.806
46,1,0,accepted,0.0401616888394346,0.229682199610645,484198.865615784,4977497.24268064,-2.1083098159419,6.561
47,1,0,accepted,0.0450246861156642,0.250345105766471,484198.775104053,4977497.07867107,-2.10893281254519,6.987
48,1,0,accepted,0.0414842611559204,0.236140378451112,484198.674702129,4977496.91220296,-2.11005721046986,6.98
49,1,0,accepted,0.0351616929693089,0.242312205742925,484198.574077932,4977496.74733373,-2.11070358165603,6.828
50,1,0,accepted,0.0350014785528509,0.234315015599475,484198.484747143,4977496.58506617,-2.11148869952147,7.066
51,1,0,accepted,0.0425506845890226,0.269447503943302,484198.393433883,4977496.41819986,-2.11153662424048,6.755
52,1,0,accepted,0.0388746367669776,0.249496068037053,484198.301647505,4977496.26857613,-2.11191952116679,7.418
53,1,0,accepted,0.0417522090984631,0.261598594511461,484198.223633938,4977496.12082194,-2.11202330918057,6.58
54,1,0,accepted,0.0458642089804685,0.278826339128675,484198.135832931,4977495.96494667,-2.1124693129016,6.708
55,1,0,accepted,0.0402129627413425,0.263177790158534,484198.046056247,4977495.8166525,-2.11307127833614,6.609
56,1,0,accepted,0.0485848571908923,0.324732381572177,484197.972441036,4977495.6646866,-2.11213140790139,7.028
57,1,0,accepted,0.0477093501973109,0.366771956319317,484197.878918358,4977495.50325658,-2.11191576957996,6.844
58,1,0,accepted,0.0332353907745473,0.247248578387119,484197.778836834,4977495.38317469,-2.11438965488446,6.896
59,1,0,accepted,0.0370562525383552,0.225115759736052,484197.681164295,4977495.22551813,-2.11463051001376,6.548
60,1,0,accepted,0.0423360960808317,0.232956520274646,484197.586050486,4977495.06057653,-2.11408831613322,6.983
61,1,0,accepted,0.0804650704534379,0.0815283558932359,484197.508967446,4977494.91940574,-2.1156005233201,7.484
62,1,0,accepted,0.0789579212971989,0.0719456079700774,484197.409208337,4977494.74149089,-2.11428481568613,7.816
63,1,0,accepted,0.0498430212495116,0.1887538003792,484197.295785663,4977494.51433097,-2.10972915480441,6.903
64,1,0,accepted,0.0410059837543041,0.192307338386211,484197.180028095,4977494.32369812,-2.10829415662549,6.914
65,1,0,accepted,0.0310389244791745,0.227812289172302,484197.067376568,4977494.14307898,-2.10696486793749,6.963
66,1,0,accepted,0.0287215404841161,0.228098683459087,484196.959958848,4977493.95623058,-2.10508242635394,6.576
67,1,0,accepted,0.0280365067184262,0.165193095703083,484196.85260227,4977493.76896654,-2.10289036085226,6.546
68,1,0,accepted,0.0247727499328919,0.178003398309545,484196.736400684,4977493.57264134,-2.09833744935783,6.608
69,1,0,accepted,0.031117050638152,0.167931810997706,484196.633512269,4977493.37382946,-2.09288294282036,6.631
70,1,0,accepted,0.0296625638761782,0.122860293232031,484196.515155913,4977493.16969447,-2.08645376318382,6.708
71,1,0,accepted,0.0271427812374369,0.0942634396180044,484196.346470819,4977492.94034905,-2.07848108980033,6.569
72,1,0,accepted,0.0176315467159091,0.0795705861749806,484196.220312733,4977492.71858502,-2.06885855876888,6.645
73,1,0,accepted,0.011781179428956,0.0162876637053259,484196.088309432,4977492.48090397,-2.0584874252106,7.617
74,1,0,accepted,0.0187367419439331,-0.0107123641946457,484195.94022561,4977492.21918152,-2.04550127141329,8.308
75,1,0,accepted,0.0194439009576952,0.0440376537603238,484195.792329849,4977491.92701401,-2.02889066884045,7.76
76,1,0,accepted,0.00866827461493218,0.0248905139441731,484195.652664148,4977491.64349317,-2.01262509356237,7.864
77,1,0,accepted,0.0194967673386692,-0.0490917859324307,484195.514241984,4977491.34861577,-1.99773904035215,8.565
78,1,0,accepted,0.0275199167721491,-0.208126866349757,484195.36963477,4977491.02358945,-1.98105101328855,8.265
79,1,0,accepted,0.0187785603702896,-0.151098376930837,484195.223267235,4977490.65970873,-1.96001701263241,7.396
80,1,0,accepted,0.0324092800853719,-0.280222554644586,484195.083828864,4977490.30788446,-1.93980749209473,7.856
81,1,0,accepted,0.0391165686818755,-0.332584007617651,484194.941611237,4977489.93279376,-1.91630252393289,7.604
82,1,0,accepted,0.0528463834745459,-0.374679968384494,484194.796667747,4977489.56692312,-1.89152326479833,7.184
83,1,0,accepted,0.0531806104479603,-0.325081298065346,484194.641042428,4977489.16946077,-1.86360088933055,7.572
84,1,0,accepted,0.0801280740978512,-0.346071958140154,484194.519157762,4977488.78200761,-1.83734621046378,7.691
85,1,0,accepted,0.0798672514023566,-0.280282395561022,484194.390680689,4977488.35131276,-1.80918560459866,8.146
86,1,0,accepted,0.0926177092347449,-0.278677369270775,484194.265964162,4977487.92561557,-1.78322541774245,9.495
87,1,0,accepted,0.0944120478229055,-0.559806660386799,484194.197844258,4977487.46196883,-1.76069579283407,9.184
88,1,0,accepted,0.0862172571151125,-0.364283685399984,484194.10919044,4977486.99094667,-1.7303427840972,8.661
89,1,0,accepted,0.089044260008557,-0.399443501167748,484194.034032038,4977486.52745862,-1.70312465129981,7.896
90,1,0,accepted,0.0912845851015625,-0.353158058181604,484193.972787143,4977486.04581228,-1.67404419917539,8.7
91,1,0,accepted,0.0844320738034707,-0.232250648400805,484193.908751049,4977485.54910388,-1.64206597679776,10.63
92,1,0,accepted,0.110037398285198,-0.414995622759864,484193.859866478,4977485.0828669,-1.61531834143222,10.344
93,1,0,accepted,0.112827507931255,-0.413333945433617,484193.815073489,4977484.58535072,-1.58553802670997,9.394
94,1,0,accepted,0.10071306640255,-0.41382322380617,484193.777073539,4977484.06542609,-1.55569184013727,9.946
95,1,0,accepted,0.124308779064499,-0.535831423471068,484193.782113588,4977483.56312572,-1.52719138676194,9.292
96,1,0,accepted,0.143799128137446,-0.60994587686951,484193.798154574,4977483.04916418,-1.49711090057372,9.555
97,1,0,accepted,0.174320282068188,-0.810256845666331,484193.834624512,4977482.54824039,-1.46951756867995,9.176
98,1,0,accepted,0.177890493031704,-0.923834860900405,484193.873826274,4977482.01421192,-1.43999045374871,9.626
99,1,0,accepted,0.150772603114319,-0.814808795186294,484193.940888207,4977481.44043595,-1.40781295879663,9.597
100,1,0,accepted,0.126681354980236,-0.712970778742244,484194.011183807,4977480.8669228,-1.37541383609407,9.913
101,1,0,accepted,0.130453651253317,-0.787060324372347,484194.118382682,4977480.30612838,-1.34780277217052,9.588
102,1,0,accepted,0.119950096267157,-0.69677453957946,484194.276645278,4977479.73591189,-1.31917481252816,8.834
103,1,0,accepted,0.0879011282807502,-0.414979358326003,484194.38725374,4977479.13720163,-1.2883644944426,8.895
104,1,0,accepted,0.0938739118957335,-0.39845070497117,484194.543856179,4977478.57112387,-1.26301787019846,8.428
105,1,0,accepted,0.100114453617388,-0.407680586989711,484194.714910658,4977477.9974835,-1.23944826164333,10.137
106,1,0,accepted,0.0873690434018364,-0.206184455227995,484194.91118873,4977477.39975808,-1.2149227354994,10.027
107,1,0,accepted,0.0800510480225953,-0.11117042099832,484195.124347548,4977476.80105322,-1.19491333614374,8.158
108,1,0,accepted,0.0693568461234526,0.037024374257598,484195.361109185,4977476.19783671,-1.17613942655798,8.059
109,1,0,accepted,0.0742726711304868,0.117535163229492,484195.615810951,4977475.59784709,-1.16046861924649,7.864
110,1,0,accepted,0.0738902477899971,0.18320425798503,484195.881731485,4977475.01764716,-1.14770469117669,7.603
111,1,0,accepted,0.07496934347157,0.249448506183079,484196.152074049,4977474.40813172,-1.1361790545856,8.182
112,1,0,accepted,0.108729978410232,0.257281282414944,484196.424428228,4977473.82425145,-1.12728935673336,8.391
113,1,0,accepted,0.0830945235587966,0.166219391205173,484196.748868948,4977473.18572496,-1.12145843695909,8.407
114,1,0,accepted,0.0834024439616693,0.289732675673147,484197.052635055,4977472.55019908,-1.11331410095028,8.362
115,1,0,accepted,0.0755842522794721,0.288408603765558,484197.379663221,4977471.9098675,-1.1083963519531,9.321
116,1,0,accepted,0.0670561400633556,0.366262349872165,484197.713086096,4977471.25365012,-1.10334999973852,8.944
117,1,0,accepted,0.0490013783018068,0.315970311300224,484198.065884891,4977470.59407092,-1.10123941689765,8.813
118,1,0,accepted,0.0271023280442309,0.284281365234342,484198.438102284,4977469.91172748,-1.10038824370894,10.745
119,1,0,accepted,0.0179204488525115,0.533089821057627,484198.773410958,4977469.2038895,-1.09612490859205,8.584
120,1,0,accepted,0.0170519247144493,0.43002540368569,484199.135219767,4977468.53887186,-1.09913309237196,8.718
121,1,0,accepted,0.0162310517448637,0.49400706619135,484199.500276185,4977467.82507279,-1.100258698475,7.991
122,1,0,accepted,0.0255952214892712,0.498444049648929,484199.863421499,4977467.10842045,-1.10149200828425,7.929
123,1,0,accepted,0.0261169853039369,0.501141025016401,484200.227373806,4977466.40489915,-1.10352321956505,7.79
124,1,0,accepted,0.0376219037565082,0.549360268674029,484200.608855609,4977465.66334569,-1.10501263141163,7.651
125,1,0,accepted,0.0476569725257688,0.482668281219045,484200.990697302,4977464.91762069,-1.10960776613693,8.236
126,1,0,accepted,0.0427657777524321,0.474043116581708,484201.366098573,4977464.17882047,-1.11391878139198,7.827
127,1,0,accepted,0.0433268871250598,0.455011783241248,484201.74434074,4977463.42612972,-1.11933781276048,7.48
128,1,0,accepted,0.0508881426962105,0.456962870801351,484202.134127837,4977462.65287743,-1.12514646469226,8.206
129,1,0,accepted,0.044159589995521,0.40721318587702,484202.516891332,4977461.88528456,-1.13153182710124,8.446
130,1,0,accepted,0.0581203807767561,0.432322287166017,484202.898113245,4977461.08998299,-1.13771676680787,8.754
131,1,0,accepted,0.0575332560498,0.284685049357599,484203.293341577,4977460.28698962,-1.14611453580235,9.652
132,1,0,accepted,0.0657859364378669,0.272102994969078,484203.67721301,4977459.4639018,-1.15344184004615,10.072
133,1,0,accepted,0.0859207824519333,0.303999230221835,484204.03617977,4977458.63892149,-1.15966899858628,10.799
134,1,0,accepted,0.110361104416943,0.383314349388081,484204.40898708,4977457.78069151,-1.16513791099014,10.282
135,1,0,accepted,0.138342963669304,0.509112674924537,484204.774814623,4977456.91446973,-1.16978709172871,10.517
136,1,0,accepted,0.149189437592053,0.553508565374034,484205.150650655,4977456.04912976,-1.17594074176566,9.834
137,1,0,accepted,0.142954643671382,0.500639547720652,484205.533883788,4977455.18382852,-1.18378716993056,10.215
138,1,0,accepted,0.130439852458354,0.37334966976665,484205.926759028,4977454.3133438,-1.1929623833178,12.326
139,1,0,accepted,0.101343425824593,0.376530933404681,484206.289565139,4977453.48459086,-1.1996044800862,9.366
140,1,0,accepted,0.0457135175485651,0.261671398930435,484206.754429189,4977452.66842427,-1.20870893970884,10.13
141,1,0,accepted,0.0523783767629079,0.296067435216749,484207.137618269,4977451.77011728,-1.21495355031709,12.87
142,1,0,accepted,0.0615568694649815,0.232871024804041,484207.506622801,4977450.85868862,-1.22272580874523,9.502
143,1,0,accepted,0.0473962950725017,0.371141943713534,484207.858554939,4977449.9211663,-1.2273753796598,9.463
144,1,0,accepted,0.00153752823400041,0.176765011163629,484208.217069104,4977448.94148221,-1.23741887010005,7.595
145,1,0,accepted,0.0476147511418073,0.15416076185287,484208.573285173,4977447.95073804,-1.24544622395599,8.11
146,1,0,accepted,0.0735764325939795,0.068185483717045,484208.928576825,4977446.97489376,-1.25284764383848,8.08
147,1,0,accepted,0.211990011075775,0.365723203939341,484209.273940708,4977445.87160874,-1.25535645913051,10.43
148,1,0,accepted,0.245798039602692,0.507186940747974,484209.618505455,4977444.87312867,-1.25922759507476,10.797
149,1,0,accepted,0.198333327805874,0.394632207894688,484209.984826559,4977443.94637673,-1.26805413432378,8.988
150,0,0,inconsistentClasses,0.207069888755273,0.378952074919396,484210.297334834,4977442.97275303,-1.27473929418961,11.127
151,1,0,accepted,0.142346548603884,0.195467033342928,484210.659880782,4977442.06389051,-1.28511412643054,11.208
152,1,0,accepted,0.137393608577387,0.211449430826796,484210.960264396,4977441.06502513,-1.29182766478216,7.881
153,1,0,accepted,0.142154013229012,0.313379793147753,484211.248085178,4977440.0730651,-1.2966885762956,7.946
154,1,0,accepted,0.144162785174336,0.349135761750065,484211.540569971,4977439.07831764,-1.30228653569543,8.351
155,1,0,accepted,0.155782064616369,0.442350563288094,484211.839658269,4977438.07456474,-1.30785138379277,7.816
156,1,0,accepted,0.163528224249863,0.429087343740256,484212.148458035,4977437.05241799,-1.31475497237336,9.132
157,1,0,accepted,0.137079575595161,0.536812769198697,484212.452304335,4977436.08255291,-1.31986250904162,8.018
158,1,0,accepted,0.197362757886266,-0.192387704247093,484212.948264975,4977435.09105629,-1.33954943708857,10.034
159,1,0,accepted,0.160942047314652,-0.212000499021938,484213.209498221,4977434.08143903,-1.34631422145774,8.107
160,1,0,accepted,0.128711682041759,-0.151038119177863,484213.45109552,4977433.07417837,-1.35160980799825,8.364
161,1,0,accepted,0.0942302594641849,-0.114127525593647,484213.688080368,4977432.06229649,-1.35781752628123,8.669
162,1,0,accepted,0.0451987199868352,-0.119975023341755,484213.912258493,4977431.0700416,-1.36455343385939,6.77
163,1,0,accepted,0.0391398561846109,-0.0537648138774883,484214.131926869,4977430.0470848,-1.36979115016018,7.317
164,1,0,accepted,0.0696493411835926,-0.130265272086819,484214.340843477,4977429.05047392,-1.3775571389777,8.774
165,1,0,accepted,0.0856633139775258,-0.1523846704399,484214.573537838,4977428.02985811,-1.38400663236902,9.306
166,1,0,accepted,0.116477074471427,-0.0104555256014489,484214.788626713,4977426.9746882,-1.38779993861005,8.479
167,1,0,accepted,0.142229694571408,-0.0266321203682585,484214.998806453,4977425.95075532,-1.39425925945658,8.752
168,1,0,accepted,0.17107570540737,0.137107749997582,484215.199673169,4977424.90384039,-1.39819184163991,7.884
169,1,0,accepted,0.200189330026266,0.274963600794339,484215.394183901,4977423.86537317,-1.40239652525492,8.327
170,1,0,accepted,0.230160010680861,0.302558088740002,484215.581262207,4977422.8304699,-1.40860194918482,8.595
171,1,0,accepted,0.255207687931954,0.315098493625902,484215.765355685,4977421.79204604,-1.41558404566423,8.721
172,1,0,accepted,0.278031623013507,0.38255058884093,484215.944867036,4977420.73810977,-1.42164554317512,9.309
173,1,0,accepted,0.298500144689752,0.465973505756693,484216.119556342,4977419.68177489,-1.42777421719979,9.049
174,1,0,accepted,0.321281239025244,0.499471593191083,484216.283587017,4977418.61209069,-1.43452658253148,9.502
175,1,0,accepted,0.369938169631197,0.474757378388837,484216.416645697,4977417.57185038,-1.44228608742428,10.091
176,1,0,accepted,0.397069926992762,0.508665772974105,484216.561312883,4977416.49550585,-1.4490291194448,10.002
177,1,0,accepted,0.425315890250644,0.538510221377741,484216.696826031,4977415.42423085,-1.45595022828943,10.232
178,1,0,accepted,0.418104517012242,0.554481606857314,484216.865402557,4977414.27704353,-1.46301049124384,10.56
179,1,0,accepted,0.35242100203736,0.797708484438639,484217.142525758,4977413.05646904,-1.46621980209751,13.123
180,1,0,accepted,0.354541819778299,0.722105341912487,484217.288973168,4977411.96641741,-1.47459522591361,11.753
181,1,0,accepted,0.337482361059081,0.86323892008787,484217.504839262,4977410.82213059,-1.47985973473193,12.259
182,1,0,accepted,0.313523662457113,0.787467437682973,484217.687954218,4977409.72906048,-1.48789775600026,11.665
183,1,0,accepted,0.379998310281183,1.09859548646368,484217.712816845,4977408.61088825,-1.48959852140043,9.157
184,1,0,accepted,0.360463564789521,1.01581379419851,484217.844617826,4977407.53653627,-1.49779737243956,8.839
185,1,0,accepted,0.143932354278953,-0.0260717863811497,484218.138210761,4977406.57770657,-1.52270366679618,11.97
186,1,0,accepted,0.0901444326153233,-0.340841012016463,484218.306584777,4977405.52118241,-1.53500722552159,9.523
187,1,0,accepted,0.197667364632562,-0.710985124055165,484218.537711147,4977404.3918811,-1.54836279597106,9.974
188,1,0,accepted,0.156185775267089,-0.635961197952845,484218.57292987,4977403.27399587,-1.55307530659237,7.156
189,1,0,accepted,0.0379217623072208,-0.247900379950438,484218.508934994,4977402.20600611,-1.55170196005199,7.804
190,1,0,accepted,0.0497721037148674,-0.102186161665443,484218.5536574,4977401.09652077,-1.55385317271572,7.642
191,1,0,accepted,0.0700806668781123,-0.0186663474701068,484218.587137843,4977399.97319528,-1.55684913682676,8.096
192,1,0,accepted,0.0748450949773128,0.0152172368146537,484218.636067395,4977398.85456126,-1.55984910123671,7.582
193,1,0,accepted,0.0920123200585355,0.253572254363791,484218.673040728,4977397.73042559,-1.55873121832078,8.052
194,1,0,accepted,0.112232806150778,0.377939232784741,484218.701557406,4977396.58398201,-1.55913633314626,7.883
195,1,0,accepted,0.0320781629739402,0.199975376905771,484218.823651311,4977395.38826065,-1.56449590651672,8.654
196,1,0,accepted,0.0178154747273302,0.222669360854379,484218.881200784,4977394.22848269,-1.56651769259619,8.771
197,1,0,accepted,0.0184332788689869,0.196965284079762,484218.921439725,4977393.06596653,-1.56904464764288,8.172
198,1,0,accepted,0.0185490462720867,0.144789250863728,484218.96132565,4977391.89790175,-1.57178467078963,8.894
199,1,0,accepted,0.0432897790219307,0.165914786912894,484218.979986737,4977390.73487037,-1.57316927944407,7.792
200,1,0,accepted,0.0650697807116709,0.135346060259474,484219.050542615,4977389.58066957,-1.57548114628251,7.837
201,1,0,accepted,0.0814921083027327,0.192340145168115,484219.056593567,4977388.39858951,-1.57586319674076,7.86
202,1,0,accepted,0.100416145004705,0.233862055253272,484219.073181398,4977387.2161755,-1.57646344858965,8.042
203,1,0,accepted,0.101954395213847,0.273169076969253,484219.082206111,4977386.08183096,-1.57699823036225,7.294
204,1,0,accepted,0.103043242926812,0.231339176632066,484219.084516249,4977384.85637825,-1.57728117619202,7.372
205,1,0,accepted,0.111351491565921,0.270818034272129,484219.085819151,4977383.62466091,-1.57623278346535,7.211
206,1,0,accepted,0.131452925307572,0.266344578073337,484219.081435477,4977382.37913011,-1.57512681943131,7.1
207,1,0,accepted,0.142940279633248,0.341467605789529,484219.091498355,4977381.13322148,-1.57235987374177,7.398
208,1,0,accepted,0.157139702761878,0.347910211497519,484219.101017261,4977379.89988544,-1.5701124277847,7.69
209,1,0,accepted,0.162217187208596,0.376545264433433,484219.122440994,4977378.64936586,-1.56682816562474,7.796
210,1,0,accepted,0.179327608764815,0.372092055045966,484219.135878825,4977377.40973254,-1.56382342674031,7.275
211,1,0,accepted,0.164126212430821,0.445095463784366,484219.188279066,4977376.17919099,-1.5588983253329,7.386
212,1,0,accepted,0.173326277496937,0.460617446216371,484219.215639157,4977374.91559286,-1.55475916424022,7.379
213,1,0,accepted,0.181012789488459,0.479744061008918,484219.251741107,4977373.65173785,-1.55035761821518,7.683
214,1,0,accepted,0.189628696845664,0.543198788576922,484219.291993918,4977372.38955008,-1.54528083304312,7.811
215,1,0,accepted,0.146120428830968,0.686079583839729,484219.384647424,4977371.10079004,-1.53818272849524,7.906
216,1,0,accepted,0.139918484657042,0.739567091475231,484219.447812905,4977369.81583966,-1.53221443768463,7.577
217,1,0,accepted,0.150552036460257,0.834942456667882,484219.506044487,4977368.58819799,-1.52563538365952,8.442
218,1,0,accepted,0.152507531321469,0.695440500868272,484219.570578152,4977367.30451073,-1.52271877630428,7.76
219,1,0,accepted,0.152130666587936,0.574127375880037,484219.653935708,4977366.03409209,-1.51959783246092,8.413
220,1,0,accepted,0.183187870074231,0.547966695495406,484219.7514907,4977364.82934094,-1.51457040291937,9.336
221,1,0,accepted,0.193127724123179,0.500287899659098,484219.845322591,4977363.5615,-1.50988104202847,7.998
222,1,0,accepted,0.178648559369814,0.321227917826363,484219.955822653,4977362.26074367,-1.50739061634991,9.049
223,1,0,accepted,0.18890804363456,0.294627358315166,484220.067790297,4977360.98015742,-1.50167367264951,7.876
224,1,0,accepted,0.141493944713643,-0.0829681327735789,484220.274445855,4977359.65902652,-1.50193620512096,6.803
225,1,0,accepted,0.136805513998036,-0.169914603366419,484220.384040605,4977358.34996379,-1.49690328127237,7.533
226,1,0,accepted,0.147864598671764,-0.0742077574490106,484220.476505909,4977357.05071333,-1.48876513044826,7.196
227,1,0,accepted,0.153902432541251,-0.0523024963911946,484220.592499924,4977355.72613049,-1.48167224019809,7.288
228,1,0,accepted,0.153964664914251,0.0652970149423857,484220.717235565,4977354.43867935,-1.4727429857652,7.696
229,1,0,accepted,0.158615241264979,0.13947709947098,484220.855830825,4977353.13012099,-1.46465104155656,6.982
230,1,0,accepted,0.165426656269596,0.231483891799414,484221.005661398,4977351.82313392,-1.45662825254643,7.152
231,1,0,accepted,0.167543867279222,0.206264399049322,484221.168883801,4977350.50900721,-1.45022150438839,7.493
232,1,0,accepted,0.15282128116372,0.216644315054766,484221.348177215,4977349.17667754,-1.44376736041135,7.425
233,1,0,accepted,0.122045349105926,0.216534353527084,484221.544580452,4977347.81530152,-1.43722405371206,7.567
234,1,0,accepted,0.13085757236161,0.23906617610863,484221.730483695,4977346.47948728,-1.43025866842758,7.967
235,1,0,accepted,0.140868735224971,0.337459178344777,484221.936023591,4977345.20424812,-1.42206991291736,7.607
236,1,0,accepted,0.176235413431203,0.296315887876765,484222.1303346,4977343.91597578,-1.41623214429611,7.78
237,1,0,accepted,0.182325064752079,0.262435018837529,484222.346669314,4977342.58940785,-1.41015989998199,7.525
238,1,0,accepted,0.184954396023413,0.307279158577238,484222.564391754,4977341.2431924,-1.40278242736013,8.436
239,1,0,accepted,0.175585283393482,0.344174862209452,484222.813651053,4977339.85271896,-1.39522121563517,8.318
240,1,0,accepted,0.193615292396255,0.306905873366036,484223.054092076,4977338.50136967,-1.38974537091353,9.107
241,1,0,accepted,0.204535920014879,0.329124851135569,484223.299735534,4977337.19502632,-1.38248505978129,8.215
242,1,0,accepted,0.209092343025137,0.357293636661744,484223.564570781,4977335.87384868,-1.37589836418306,7.477
243,1,0,accepted,0.229447760623884,0.382880467333953,484223.82347016,4977334.54834423,-1.36938861667786,7.138
244,1,0,accepted,0.24046713291604,0.446109801735872,484224.100960659,4977333.22695727,-1.36259081638395,7.101
245,1,0,accepted,0.253489317986487,0.505866037046664,484224.389403257,4977331.89104991,-1.35669461180385,9.218
246,1,0,accepted,0.220137545565687,0.520705323712703,484224.722942822,4977330.60771021,-1.35274095199457,10.396
247,1,0,accepted,0.127547263510531,0.397496850758109,484225.131292726,4977329.32390506,-1.35213399324005,9.671
248,1,0,accepted,0.11296016694416,0.354888051516175,484225.459954337,4977327.97230946,-1.35094892414965,11.926
249,1,0,accepted,0.122612241168006,0.446416734193288,484225.776745551,4977326.61463451,-1.34715461341386,8.708
250,1,0,accepted,0.134327698233184,0.457378419662789,484226.100624003,4977325.25384985,-1.34482351921313,8.311
251,1,0,accepted,0.118684873161153,0.26268743201474,484226.471652857,4977323.89184679,-1.34653625435206,8.637
252,1,0,accepted,0.0736462724134522,0.0905490561699466,484226.868204184,4977322.56930149,-1.34800688889228,7.782
253,1,0,accepted,0.0836806277129233,0.0511816565144084,484227.192949186,4977321.21268689,-1.34742633299811,9.601
254,1,0,accepted,0.0905599502681739,0.117664099925311,484227.513482473,4977319.88747633,-1.34450416173856,10.41
255,1,0,accepted,0.0974955525624412,0.0936349490131933,484227.843232697,4977318.53141905,-1.34310164953431,9.111
256,1,0,accepted,0.0679898483409167,0.269246755806218,484228.195323406,4977317.21362262,-1.33883035801534,7.738
257,1,0,accepted,0.053597289576609,0.24455304863746,484228.533970653,4977315.88879836,-1.33784460513317,8.143
258,1,0,accepted,0.0439823186706874,0.269510111642716,484228.892188781,4977314.53159288,-1.33716560699806,7.68
259,1,0,accepted,0.0346984008517096,0.191323070125483,484229.227001079,4977313.21012104,-1.33701066825688,8.014
260,1,0,accepted,0.0406306298034435,0.128386275945506,484229.574346097,4977311.85499718,-1.3374550773715,7.738
261,1,0,accepted,0.0493201650113985,0.120314814583971,484229.914606592,4977310.52349595,-1.33673058334595,7.852
262,1,0,accepted,0.0619720934674574,0.0919082508125189,484230.259856344,4977309.17024256,-1.33619576261677,9.018
263,1,0,accepted,0.073891962721523,-0.0279697979801477,484230.638677216,4977307.84655363,-1.33802791080182,8.464
264,1,0,accepted,0.0748469077876931,-0.0372450709700901,484230.97857169,4977306.47219494,-1.33684672014402,8.942
265,1,0,accepted,0.0782084313406585,0.0383003060838152,484231.327244994,4977305.06663311,-1.33525704769924,7.215
266,1,0,accepted,0.0892951951739518,0.10147006765553,484231.675680886,4977303.69221142,-1.33375070595503,7.181
267,1,0,accepted,0.0914124865657397,0.199348257324473,484232.031133254,4977302.31034706,-1.33145837608518,8.015
268,1,0,accepted,0.103907020058998,0.188023804179901,484232.385770502,4977300.90944045,-1.33071985703219,6.814
269,1,0,accepted,0.122003464777428,0.196736112344209,484232.741611597,4977299.5034211,-1.32974536718192,7.154
270,1,0,accepted,0.139707101542571,0.265149326613616,484233.103990616,4977298.09262947,-1.32822112937799,7.323
271,1,0,accepted,0.16790427101674,0.295834935627432,484233.469851622,4977296.66194469,-1.3274090917104,7.434
272,1,0,accepted,0.199688706420823,0.283750199028376,484233.824146771,4977295.24783427,-1.32751246792522,7.47
273,1,0,accepted,0.218935552798556,0.315242019225431,484234.183843469,4977293.84305065,-1.32739798375791,7.261
274,1,0,accepted,0.233126511462874,0.278473593021838,484234.537356635,4977292.4647125,-1.32834133643254,7.766
275,1,0,accepted,0.254336061516487,0.297173832184409,484234.900017663,4977291.04959656,-1.32906062413051,8.216
276,1,0,accepted,0.279492302714947,0.271806453422076,484235.264989281,4977289.62407593,-1.33040765803766,8.257
277,1,0,accepted,0.293396875985138,0.262189643860956,484235.624450133,4977288.21503125,-1.33168855986776,7.473
278,1,0,accepted,0.320065404111899,0.26595340089655,484235.975916786,4977286.79628021,-1.33242111307734,8.097
279,1,0,accepted,0.342789298520984,0.283150148904304,484236.327149871,4977285.37306672,-1.33420849569427,8.037
280,1,0,accepted,0.334673983664836,0.132717276565053,484236.686740149,4977283.99644012,-1.33793840867714,7.292
281,1,0,accepted,0.293867971620794,0.23544652865949,484237.07685394,4977282.6234762,-1.3380823605566,8.99
282,1,0,accepted,0.209508063712541,0.230812777553285,484237.506839238,4977281.26873642,-1.34053987627414,11.335
283,1,0,accepted,0.132821762779461,0.283147254538922,484237.929624155,4977279.93039116,-1.34156874818952,10.359
284,1,0,accepted,0.0812988065281125,0.157665091892541,484238.35918988,4977278.56005865,-1.34718210263704,8.713
285,1,0,accepted,0.120042925943452,0.327052580867095,484238.768585238,4977277.21461533,-1.34771452315059,8.023
286,1,0,accepted,0.075880322969538,0.136558170532075,484239.16116082,4977275.72388993,-1.35471833621792,7.053
287,1,0,accepted,0.0298843522591107,-0.0511039643476725,484239.516064639,4977274.26708346,-1.36060764341261,6.956
288,1,0,accepted,0.00262670208995052,0.0529657211634246,484239.842163263,4977272.81309655,-1.36230240342286,7.42
289,1,0,accepted,0.0456685101244275,-0.086121858462318,484240.177214771,4977271.3218977,-1.36762984052041,8.103
290,1,0,accepted,0.077433650035248,0.0879540331975188,484240.474296169,4977269.86777623,-1.36813743091652,6.966
291,1,0,accepted,0.0721557052726818,0.232498667118803,484240.798040796,4977268.4497177,-1.36901420953929,7.52
292,1,0,accepted,0.0729292105122828,0.342208690511316,484241.122738181,4977267.02092062,-1.37044574481502,7.76
293,1,0,accepted,0.0910147361132177,0.518679941572246,484241.445721339,4977265.65551039,-1.37111502049233,8.835
294,1,0,accepted,0.0916982669451687,0.546520428556942,484241.765586323,4977264.20228769,-1.37443745661258,7.826
295,1,0,accepted,0.0185164201820641,0.288259517799003,484242.148905639,4977262.68124442,-1.38189583786392,9.052
296,1,0,accepted,0.0657778172327925,-0.0352117244822589,484242.535950531,4977261.23454356,-1.39056165169972,12.181
297,1,0,accepted,0.139607343452542,-0.459769815353805,484242.915507017,4977259.81315908,-1.40113889086706,12.874
298,1,0,accepted,0.123675552106162,-0.531603750986574,484243.202647747,4977258.36444285,-1.40570314726731,9.418
299,1,0,accepted,0.0941369089372261,-0.595246387528725,484243.466500407,4977256.92701647,-1.41026369118823,8.318
300,1,0,accepted,0.0478889996368704,-0.469351960764427,484243.712957122,4977255.47783126,-1.41128406945658,8.393
301,1,0,accepted,0.0573048750929067,0.131623231569848,484243.906552921,4977253.98704642,-1.40372224594226,14.089
302,1,0,accepted,0.0239624292415668,0.0201579363298245,484244.233013228,4977252.57881169,-1.40898095709567,9.977
303,1,0,accepted,0.0697684538677711,-0.139725504075805,484244.567760139,4977251.17487045,-1.41470988755134,9.213
304,1,0,accepted,0.0624815104817461,-0.0744698171651642,484244.833193202,4977249.72751733,-1.41676037519713,8.639
305,1,0,accepted,0.0460270603201066,-0.0254541043829292,484245.087652957,4977248.28553728,-1.41912894981643,7.764
306,1,0,accepted,0.0314896458986865,-0.0347381331121216,484245.331004377,4977246.84230954,-1.42203315681051,6.672
307,1,0,accepted,0.0258587623937878,-0.0425761546638275,484245.565733119,4977245.39266219,-1.42540395360521,6.541
308,1,0,accepted,0.0380394505854481,0.0137261645244065,484245.796797552,4977243.94564752,-1.42759608185455,6.832
309,1,0,accepted,0.0620131811889034,0.0923145181144916,484246.019854081,4977242.50091858,-1.42935761785094,6.997
310,1,0,accepted,0.0435825636112424,0.189532591788095,484246.275839451,4977241.09784888,-1.43089898106904,7.579
311,1,0,accepted,0.0681296553733702,0.183971962743283,484246.489240991,4977239.63107159,-1.43375886704456,7.135
312,1,0,accepted,0.0737007133752371,0.225387380766442,484246.71465997,4977238.18726975,-1.43544664154221,7.174
313,1,0,accepted,0.0802149681286806,0.19295086864639,484246.93156523,4977236.77726948,-1.43780401268484,9.395
314,1,0,accepted,0.119638598410091,0.338520038740878,484247.137959774,4977235.31255908,-1.43811751254586,11.027
315,1,0,accepted,0.142801029601079,0.333342079184795,484247.340695816,4977233.88166578,-1.44059012831142,10.227
316,1,0,accepted,0.101271553892323,0.386485916501292,484247.571752722,4977232.52608845,-1.44288335724215,8.793
317,1,0,accepted,0.128722910435509,0.621552169060047,484247.747971927,4977231.18513919,-1.44124931178967,9.392
318,1,0,accepted,0.154427432743069,-0.194998284153,484248.129405715,4977229.88520785,-1.45763363001388,6.982
319,1,0,accepted,0.11193603674498,-0.162648997182277,484248.306062461,4977228.42879969,-1.45921785012891,6.592
320,1,0,accepted,0.0712984521168049,-0.17038896822888,484248.48698196,4977226.96538444,-1.46116248414761,6.637
321,1,0,accepted,0.0447450276282565,-0.175557956378356,484248.666629205,4977225.50955986,-1.46346080293527,7.015
322,1,0,accepted,0.0345358504997296,-0.0831587030110428,484248.870114587,4977224.08565883,-1.46409490333004,7.543
323,1,0,accepted,0.030050054667264,-0.101491932294161,484249.058392896,4977222.63523209,-1.46664627843818,7.626
324,1,0,accepted,0.0534680764942096,0.0183497698349124,484249.227987422,4977221.1972604,-1.46681249135812,7.724
325,1,0,accepted,0.104387576373503,-0.0667762278180894,484249.392696938,4977219.69974376,-1.47046606739687,7.463
326,1,0,accepted,0.137378633998816,-0.173180058916016,484249.5606867,4977218.25353132,-1.47412068605439,7.616
327,1,0,accepted,0.18983099622064,-0.14177992670691,484249.718772269,4977216.80914102,-1.47526003015448,7.042
328,1,0,accepted,0.196246089410019,0.0437834732300307,484249.871157642,4977215.37271887,-1.47409050988924,7.639
329,1,0,accepted,0.154382449568456,0.161902470166442,484250.053577277,4977213.99035566,-1.47285155177781,8.636
330,1,0,accepted,0.148403314457782,0.228704654034584,484250.225611655,4977212.57599377,-1.47399450051463,8.196
331,1,0,accepted,0.145711752495179,0.327747318762737,484250.390270703,4977211.17050328,-1.47375658561331,8.582
332,1,0,accepted,0.146662986505552,0.31987130307132,484250.582338493,4977209.69132969,-1.47402785243593,7.943
333,1,0,accepted,0.15082352669918,0.355269359736776,484250.747622786,4977208.26184499,-1.47580471442723,8.342
334,1,0,accepted,0.150817964663483,0.357923101319314,484250.95402058,4977206.80079897,-1.47736619703804,8.022
335,1,0,accepted,0.154945441673967,0.315439143332319,484251.125414591,4977205.36234222,-1.47898177978377,8.308
336,1,0,accepted,0.0549639100181009,-0.253494697563485,484251.371725124,4977204.02659195,-1.49038837211891,8.102
337,1,0,accepted,0.0602203231383995,-0.0295490346314147,484251.442194752,4977202.61814563,-1.48826406354701,7.238
338,1,0,accepted,0.0484516121365965,-0.200534412508718,484251.608393522,4977201.2031382,-1.49212902685265,6.483
339,1,0,accepted,0.081831939928995,-0.0489647094788238,484251.729989215,4977199.7710762,-1.49157237613595,6.612
340,1,0,accepted,0.118968646106583,0.0971138974742544,484251.854436081,4977198.30562485,-1.4908264877767,6.838
341,1,0,accepted,0.047961559231221,-0.134301249878053,484252.070088952,4977196.95135194,-1.49652973187456,8.844
342,1,0,accepted,0.0535536531253622,0.00368651251480516,484252.211024294,4977195.48943918,-1.4955301652434,7.508
343,1,0,accepted,0.0346590872263066,-0.0712107935006048,484252.378161629,4977194.05702975,-1.49825441037432,9.489
344,1,0,accepted,0.125145283188235,0.168202351519742,484252.487581786,4977192.53533183,-1.49511842936092,9.09
345,1,0,accepted,0.149715658226242,0.161734058625131,484252.620187013,4977191.07743322,-1.49632406509676,8.51
346,1,0,accepted,0.143344886783957,0.224767275760153,484252.758974765,4977189.67109022,-1.49633588927371,9.405
347,1,0,accepted,0.0276479679494147,-0.0721094824722721,484252.976588781,4977188.39986467,-1.50206979468249,8.991
348,1,0,accepted,0.0612144162149898,-0.0682346462176551,484253.120828161,4977187.00308572,-1.5029118982959,8.084
349,1,0,accepted,0.147624517073281,-0.00080970329035062,484253.29765672,4977185.6647312,-1.50224518860095,8.035
350,1,0,accepted,0.14696904872213,0.0275895553828674,484253.412399349,4977184.25033771,-1.50215826846367,7.708
351,1,0,accepted,0.120552638943797,0.0587620967171558,484253.517572644,4977182.79875874,-1.50154251867261,6.905
352,1,0,accepted,0.0907673367336851,0.0635757338281966,484253.619015119,4977181.36849518,-1.50134024692775,7.273
353,1,0,accepted,0.0739138712303526,0.111992874499611,484253.73486367,4977179.93428087,-1.50064018417238,7.593
354,1,0,accepted,0.0722180530839449,0.0813500581041436,484253.842408996,4977178.48690761,-1.50111332195711,7.206
355,1,0,accepted,0.0922865701773343,0.0834367876835329,484253.955967667,4977177.0734695,-1.50113230263683,8.859
356,1,0,accepted,0.101388114197712,0.102381650771697,484254.074062876,4977175.64697004,-1.50090441172768,8.132
357,1,0,accepted,0.108419231053775,0.151061818840686,484254.195368903,4977174.21568873,-1.50017199923606,8.056
358,1,0,accepted,0.106511693496276,0.211220103567793,484254.313982845,4977172.7804899,-1.499229962495,6.557
359,1,0,accepted,0.10463915496361,0.287874239741419,484254.434276244,4977171.35010455,-1.49766503258519,6.329
360,1,0,accepted,0.116536490711121,0.286653364568706,484254.552726116,4977169.90266011,-1.49753994496429,7.776
361,1,0,accepted,0.115603252358619,0.289228350243975,484254.67334256,4977168.4815348,-1.49719873238432,6.316
362,1,0,accepted,0.144673484185943,0.263762585968244,484254.790520931,4977167.02298263,-1.49728230898746,6.631
363,1,0,accepted,0.176498263174528,0.222331803442073,484254.902191272,4977165.56422289,-1.49773533577805,6.813
364,1,0,accepted,0.185112431567947,0.0844029227613751,484255.017492747,4977164.15071032,-1.49997395742412,8.081
365,1,0,accepted,0.256969375768196,0.133348377498991,484255.129965655,4977162.66048773,-1.49855989843599,8.655
366,1,0,accepted,0.274342977201614,0.138416796972782,484255.243452391,4977161.22731961,-1.49789120611115,7.071
367,1,0,accepted,0.29260433763095,0.137669441276363,484255.352381075,4977159.79540227,-1.49722084483289,6.95
368,1,0,accepted,0.294698960694872,0.199635244091715,484255.466277184,4977158.3588646,-1.49550199745749,7.193
369,1,0,accepted,0.298225839482407,0.226004694420134,484255.580982477,4977156.92334459,-1.49434045950402,7.006
370,1,0,accepted,0.282138824959614,0.155874130078031,484255.674046687,4977155.54366052,-1.49481875609331,7.376
371,1,0,accepted,0.286194547324228,0.20488021516335,484255.790262974,4977154.11699931,-1.49322615902352,6.55
372,1,0,accepted,0.291266789099118,0.258152602936585,484255.904218148,4977152.73229776,-1.49163608283149,7.06
373,1,0,accepted,0.317020549646095,0.31925039463538,484256.000261994,4977151.35038205,-1.48860428527683,6.748
374,1,0,accepted,0.226302230844379,0.310058321181566,484256.227574802,4977149.96166743,-1.48749118239365,8.834
375,1,0,accepted,0.137293447902584,0.122670540432806,484256.464734269,4977148.58928437,-1.48878840015925,10.37
376,1,0,accepted,0.0997342102457699,-0.0520264318288126,484256.691622426,4977147.18762712,-1.48980585773692,9.459
377,1,0,accepted,0.135857835133647,-0.236253954308299,484256.905273676,4977145.81013807,-1.49167395685195,6.71
378,1,0,accepted,0.0495254527767025,-0.469671210745149,484257.056860755,4977144.30910948,-1.49389530436427,6.989
379,1,0,accepted,0.0274714140728172,-0.385234904342454,484257.177374163,4977142.85715575,-1.49100839770366,6.621
380,1,0,accepted,0.0442159793312205,-0.279803462374211,484257.315262918,4977141.41348404,-1.48747623696036,7.082
381,1,0,accepted,0.0740016295907939,-0.214904547795649,484257.452519713,4977139.95337935,-1.4849082218238,7.069
382,1,0,accepted,0.0921289867022988,-0.15021823744515,484257.595031619,4977138.5382963,-1.48228308530933,6.662
383,1,0,accepted,0.0876364570162058,0.0331378489700776,484257.755544716,4977137.14527251,-1.47762985116723,8.054
384,1,0,accepted,0.0737120474553799,0.253900737184306,484257.94607625,4977135.76766998,-1.47284383730095,9.266
385,1,0,accepted,0.0917656424696776,0.241519416827504,484258.123233741,4977134.4070454,-1.47175969902257,9.163
386,1,0,accepted,0.0828215797376648,0.13088570146933,484258.2958263,4977132.98286652,-1.47181994797809,6.713
387,1,0,accepted,0.130829867585724,0.104080197471869,484258.505830147,4977131.63506918,-1.47119727714576,6.911
388,1,0,accepted,0.117462279095583,0.0991096491157994,484258.659053684,4977130.21787199,-1.46990474745654,6.813
389,1,0,accepted,0.101813975749735,0.117190489187771,484258.814734204,4977128.7859661,-1.46799668081534,6.44
390,1,0,accepted,0.121525579860235,0.186662293205052,484258.968799874,4977127.3981141,-1.46528272004552,7.309
391,1,0,accepted,0.118045733201523,0.181431915656132,484259.124349095,4977125.98061671,-1.4638616288562,7.697
392,1,0,accepted,0.130013191715549,0.277051411104009,484259.277472347,4977124.5861467,-1.46123674013022,6.112
393,1,0,accepted,0.125412439989394,0.27230761730963,484259.445569765,4977123.1792407,-1.45979373836215,6.09
394,1,0,accepted,0.120604823355355,0.318748769566837,484259.615462752,4977121.76059725,-1.45764300454934,6.759
395,1,0,accepted,0.109475755335982,0.338425749139235,484259.789503594,4977120.33035854,-1.45616945103755,6.461
396,1,0,accepted,0.100943657754556,0.350125099001802,484259.975881772,4977118.93110918,-1.45497709082724,6.424
397,1,0,accepted,0.0980742431128634,0.362321989325268,484260.161665363,4977117.5017958,-1.45364782101737,6.819
398,1,0,accepted,0.101440636398472,0.392830461312621,484260.346586572,4977116.10092415,-1.45167592767274,7.637
399,1,0,accepted,0.0870923273297622,0.392652660728141,484260.540517964,4977114.7521516,-1.4506836078356,8.012
400,1,0,accepted,0.0870782616361622,0.406986814178797,484260.727125669,4977113.35436978,-1.44922144850538,6.56
401,1,0,accepted,0.120172959293808,0.465857918803904,484260.902695678,4977111.90343978,-1.44654953913656,8.655
402,1,0,accepted,0.120801370892825,0.486401924228162,484261.087564733,4977110.52750922,-1.44456868488342,8.146
403,1,0,accepted,0.146113317987751,0.452874211398112,484261.267635756,4977109.12450688,-1.44369985160326,8.273
404,1,0,accepted,0.149560427919815,0.419181094996634,484261.453306111,4977107.73929293,-1.44229506865778,8.333
405,1,0,accepted,0.167235372627752,0.322806243481416,484261.631338553,4977106.37751753,-1.44185029859263,8.098
406,1,0,accepted,0.148729972171383,0.253997120735192,484261.833144767,4977105.04045701,-1.44079297259738,8.13
407,1,0,accepted,0.092406093591347,0.0254548189213822,484262.094002046,4977103.7808466,-1.44252296170297,6.513
408,1,0,accepted,0.0924285161893376,-0.0228726062275959,484262.278004048,4977102.38096591,-1.44110259502388,6.33
409,1,0,accepted,0.107118091751742,-0.0196738121050883,484262.469042435,4977100.97268716,-1.43892684177525,6.633
410,1,0,accepted,0.120078078591752,-0.02250796257368,484262.675662887,4977099.58380082,-1.43669652364086,6.387
411,1,0,accepted,0.124733294379213,0.0899939327173592,484262.867948566,4977098.25853088,-1.43247927517031,7.405
412,1,0,accepted,0.13793645712732,0.151490368009443,484263.073354385,4977096.90215425,-1.42984850689115,7.056
413,1,0,accepted,0.155006487509108,0.204482055154673,484263.27845367,4977095.53556864,-1.42710388607268,7.454
414,1,0,accepted,0.167781614437198,0.219338953681219,484263.492940357,4977094.18047155,-1.42454746027756,7.49
415,1,0,accepted,0.191781250237567,0.228755711437666,484263.699172866,4977092.81734611,-1.42268317782278,7.488
416,1,0,accepted,0.214289642624823,0.171750492808794,484263.906959417,4977091.46625212,-1.42148928557846,7.041
417,1,0,accepted,0.225771991692277,0.179908565804947,484264.117815413,4977090.12245105,-1.4191878558584,7.893
418,1,0,accepted,0.242797365643708,0.200773446882783,484264.323053976,4977088.80534086,-1.41716630531894,8.1
419,1,0,accepted,0.249078089851061,0.262316298700756,484264.549670067,4977087.47364606,-1.41368485406068,8.132
420,1,0,accepted,0.267766066702727,0.3415982524757,484264.773760793,4977086.1306226,-1.41033915163915,8.33
421,1,0,accepted,0.276539280283589,0.475424108931459,484265.014539569,4977084.79145387,-1.40616365463117,9.046
422,1,0,accepted,0.254325059554419,0.51228422097011,484265.255235135,4977083.48864723,-1.40389891705252,7.868
423,1,0,accepted,0.256662456263102,0.513341423786162,484265.48617166,4977082.16820553,-1.40229451960596,7.403
424,1,0,accepted,0.257473922146103,0.429729088936116,484265.71114289,4977080.87848365,-1.40201813060093,8.09
425,1,0,accepted,0.111736372988156,-0.26410108761454,484266.166403983,4977079.63029412,-1.412574824916,10.171
426,1,0,accepted,0.125087135419532,-0.159313629894348,484266.415740989,4977078.30569795,-1.40853296455665,9.473
427,1,0,accepted,0.127130293298755,-0.113807098017007,484266.663309993,4977076.98679642,-1.4066508843672,8.533
428,1,0,accepted,0.129830675020105,-0.00327638301753628,484266.90131384,4977075.66573799,-1.40311901381693,9.106
429,1,0,accepted,0.129703898746083,0.0348507470591694,484267.133645965,4977074.35439832,-1.40119055692841,8.951
430,1,0,accepted,0.0374898032233784,-0.111796374735391,484267.421147694,4977073.13952998,-1.40196722755471,10.76
431,1,0,accepted,0.0409621561677641,-0.107699777265586,484267.657123741,4977071.88767203,-1.40001316552347,9.097
432,1,0,accepted,0.0507115519216853,-0.11909445550904,484267.910444366,4977070.59163539,-1.39845112922801,8.53
433,1,0,accepted,0.0317035674015046,-0.0230809156190505,484268.153862471,4977069.26393771,-1.39543512906102,8.113
434,1,0,accepted,0.00531532213955006,0.020707376064837,484268.399184269,4977067.93343356,-1.39284712958912,7.92
435,1,0,accepted,0.0386307021022358,0.0428980070439934,484268.651511366,4977066.57605356,-1.39101213795529,8.224
436,1,0,accepted,0.0578017638900066,0.0053846055043609,484268.906835936,4977065.24444623,-1.38971205981687,8.263
437,1,0,accepted,0.0815196186487441,-0.00170681965562266,484269.174245739,4977063.91880639,-1.38810578554977,8.349
438,1,0,accepted,0.0855286617916648,-0.0161550599351726,484269.439116434,4977062.60392356,-1.38608587066221,8.254
439,1,0,accepted,0.0864223355018034,0.06334214371333,484269.697609812,4977061.28915126,-1.38277341840504,8.677
440,1,0,accepted,0.0749664971752684,0.065145198688319,484269.932685854,4977060.02612293,-1.38051205565235,7.549
441,1,0,accepted,0.089108526031948,0.0976709385625187,484270.20615672,4977058.7017909,-1.37761783685644,8.196
442,1,0,accepted,0.090063247697229,0.0529060721981451,484270.480704837,4977057.39755777,-1.37637617219187,7.648
443,1,0,accepted,0.0979926932550259,0.0905379419682579,484270.746869352,4977056.09047876,-1.37329000134413,8.509
444,1,0,accepted,0.0972170177972975,0.129738046502342,484271.028392012,4977054.80368837,-1.37065323258345,7.491
445,1,0,accepted,0.0996918799890299,0.191117092947439,484271.312295315,4977053.49829519,-1.36721802826896,8.067
446,1,0,accepted,0.103704177676172,0.20532963488079,484271.597106996,4977052.19364585,-1.36401887543669,7.564
447,1,0,accepted,0.118239747982698,0.21158316334367,484271.877268174,4977050.88466474,-1.36129093890785,7.747
448,1,0,accepted,0.128752198661365,0.259618027778138,484272.161206941,4977049.57946408,-1.35753002338701,8.721
449,1,0,accepted,0.123146284172314,0.24761107051659,484272.46181139,4977048.293299,-1.35460401328334,8.961
450,1,0,accepted,0.0183242833516153,-0.110073526960866,484272.854477002,4977047.07086742,-1.35756736953844,9.053
451,1,0,accepted,0.0447431395310424,-0.165545972038725,484273.156381793,4977045.81710475,-1.35529190391539,7.826
452,1,0,accepted,0.0611272825679218,-0.153153208559176,484273.456754366,4977044.54873276,-1.3520463496292,6.868
453,1,0,accepted,0.0755155203127669,-0.0301036680358413,484273.764247887,4977043.28716056,-1.34634312038561,8.525
454,1,0,accepted,0.0700032360998074,0.0684634133375961,484274.08196594,4977042.00925194,-1.34131138050831,7.833
455,1,0,accepted,0.0516437050777079,0.163193987858766,484274.39378995,4977040.71740437,-1.33569280119248,8.23
456,1,0,accepted,0.0492728054557521,0.22629668807729,484274.70376152,4977039.42661081,-1.33044817464268,8.687
457,1,0,accepted,0.04184786129797,0.404560013316452,484275.027776094,4977038.16535586,-1.32346727760447,7.929
458,1,0,accepted,0.0285258127750997,0.520039180014059,484275.369107081,4977036.90979134,-1.31723888966018,7.973
459,1,0,accepted,0.0270287885804866,0.588657290141288,484275.70468219,4977035.66503641,-1.31223648157298,7.516
460,1,0,accepted,0.036046899900067,0.559815277786488,484276.034149745,4977034.43471186,-1.30853160942761,7.344
461,1,0,accepted,0.0394353169087729,0.50919842613605,484276.37409143,4977033.17913276,-1.30519649319092,7.083
462,1,0,accepted,0.0607778792250181,0.409552282626249,484276.69785083,4977031.95525998,-1.30270073111339,7.367
463,1,0,accepted,0.0784655859311003,0.339352819301992,484277.036716204,4977030.7311445,-1.29942499624567,7.862
464,1,0,accepted,0.25329249176746,0.318820026226736,484277.378066389,4977029.75582559,-1.29525825320322,8.038
465,1,0,accepted,0.248933214048261,0.412522096193393,484277.736919069,4977028.53734728,-1.28965403988048,7.732
466,1,0,accepted,0.24070898228193,0.472878742672344,484278.094137315,4977027.31715588,-1.28460669198237,7.314
467,1,0,accepted,0.194989033200485,0.508179896429433,484278.452531771,4977026.06368188,-1.27954127822281,7.185
468,1,0,accepted,0.188740704567098,0.573691891368252,484278.816953419,4977024.84886683,-1.27433223303908,7.564
469,1,0,accepted,0.14668797593026,0.434375201332491,484279.204764427,4977023.60234479,-1.27236707386015,7.68
470,1,0,accepted,0.138031448199884,0.428912655873297,484279.575335072,4977022.41479579,-1.26823201646044,7.922
471,1,0,accepted,0.135481229516175,0.407195219604352,484279.96012809,4977021.22895108,-1.26429667853454,7.674
472,1,0,accepted,0.132310019722937,0.393036302302902,484280.344669608,4977020.03844574,-1.26026554788071,7.466
473,1,0,accepted,0.114807755083454,0.379265178153716,484280.738371814,4977018.842572,-1.25617955362412,7.46
474,1,0,accepted,0.0698833017146867,-0.04352725153264,484281.190146615,4977017.64688252,-1.2596410856421,8.326
475,1,0,accepted,0.0426704409200231,-0.0466373099144511,484281.593733984,4977016.44144155,-1.25566064381548,7.158
476,1,0,accepted,0.0263352455203142,-0.136459660973864,484282.001845816,4977015.23033848,-1.25299903367811,7.381
477,1,0,accepted,0.0470127272490818,-0.122922322502514,484282.40206677,4977014.04999183,-1.24891068502783,7.392
478,1,0,accepted,0.0616928748358473,-0.245929369390225,484282.843459669,4977012.86388324,-1.24731260851286,9.703
479,1,0,accepted,0.0847636112366777,0.06935027600105,484283.252536977,4977011.68552224,-1.23779722220881,9.409
480,1,0,accepted,0.101933387358052,0.0631063426899715,484283.67266694,4977010.51493809,-1.23385669858563,9.871
481,1,0,accepted,0.11469749056886,0.1508557089377,484284.108999983,4977009.34138259,-1.22851606338347,10.11
482,1,0,accepted,0.122302889088496,0.246408775094298,484284.51795229,4977008.18429984,-1.2230698994999,9.625
483,1,0,accepted,0.137624303473486,0.27800907398671,484284.939356208,4977007.04222334,-1.21869284480896,8.532
484,1,0,accepted,0.141804485700285,0.299130275346117,484285.37216247,4977005.89330061,-1.21432361881802,8.618
485,1,0,accepted,0.156840152147589,0.28484350942855,484285.800426393,4977004.74494492,-1.21064077953189,8.869
486,1,0,accepted,0.170254099248948,0.263878877776453,484286.238558612,4977003.59553848,-1.20670746424368,9.62
487,1,0,accepted,0.107525316282023,0.329015506142305,484286.705579807,4977002.52152649,-1.2023411397618,10.582
488,1,0,accepted,0.115261394695322,0.339148128091363,484287.146534161,4977001.38570938,-1.1980263171966,9.17
489,1,0,accepted,0.117055539613813,0.385877881663316,484287.605009491,4977000.24314487,-1.19270216397964,8.733
490,1,0,accepted,0.0751937961000528,0.345687519851063,484288.061193564,4976999.18514766,-1.19096516361372,11.556
491,1,0,accepted,0.0779371971854579,0.298892114358461,484288.517169802,4976998.07515074,-1.18809405797243,10.697
492,1,0,accepted,0.074718587584109,-0.0802523629659426,484289.066130851,4976997.05626677,-1.19087201890726,9.873
493,1,0,accepted,0.0918515434867803,-0.221525258085358,484289.551047896,4976995.94965815,-1.18957839549497,9.839
494,1,0,accepted,0.0877405310837191,-0.285751191090779,484290.02193018,4976994.82349994,-1.18721755126681,8.793
495,1,0,accepted,0.073340682386096,-0.258046133520403,484290.459234704,4976993.68865051,-1.18277434659359,8.791
496,1,0,accepted,0.0601317845762425,-0.268018841503495,484290.941787221,4976992.56467047,-1.17981379670719,8.808
497,1,0,accepted,0.0393987117202204,-0.305336934982036,484291.437944501,4976991.43010312,-1.17714994349882,8.261
498,1,0,accepted,0.0318879322919082,-0.232940573744033,484291.9292668,4976990.3113528,-1.17260462153421,8.057
499,1,0,accepted,0.0312106735849506,-0.126838548565184,484292.422604784,4976989.18398023,-1.16701339376932,8.057
500,1,0,accepted,0.0363740219204851,-0.0770368537058166,484292.916669767,4976988.07361062,-1.16256945988119,6.938
501,1,0,accepted,0.0424295515549555,-0.00783484646642071,484293.420062012,4976986.94484104,-1.15788480736897,7.176
502,1,0,accepted,0.0656406057632487,-0.0921965683138264,484293.943134951,4976985.78657146,-1.15609560309202,6.804
503,1,0,accepted,0.103155408724074,-0.108146427076298,484294.453007076,4976984.65889996,-1.15345829773259,6.634
504,1,0,accepted,0.137437943142701,-0.0898437444579153,484294.995911031,4976983.52615496,-1.1482079640873,7.047
505,1,0,accepted,0.15010844137039,-0.0244850972798834,484295.52210117,4976982.41314487,-1.14412891545779,6.765
506,1,0,accepted,0.138644134823752,0.113422471962751,484296.057650745,4976981.32710172,-1.13848858905165,7.752
507,1,0,accepted,0.119653998606874,0.274415385677977,484296.554500105,4976980.2425011,-1.13325358306984,7.355
508,1,0,accepted,0.103168784720292,0.324386681735046,484297.066242263,4976979.16697495,-1.13005839789544,8.714
509,1,0,accepted,0.0830267188416165,0.278242772021474,484297.560025171,4976978.11114756,-1.12866019271873,8.387
510,1,0,accepted,0.0922830665835649,0.341994531356722,484298.057382926,4976977.06601497,-1.12566518837885,8.851
511,1,0,accepted,0.0720958642566549,0.314061314678758,484298.618668653,4976975.97869024,-1.12404346271613,8.416
512,1,0,accepted,0.107103644662365,0.46916178072951,484299.130257136,4976974.92267194,-1.1197587234281,8.819
513,1,0,accepted,0.1079067800152,0.427968053888448,484299.667941235,4976973.82414997,-1.11907511469581,9.932
514,1,0,accepted,0.102659742791026,0.403142120722387,484300.214548421,4976972.71630579,-1.11844737507027,9.795
515,1,0,accepted,0.0884320622375088,0.317409896626407,484300.783137791,4976971.58859892,-1.11914264451077,11.433
516,1,0,accepted,0.0613380533747135,0.257513944485671,484301.349499691,4976970.51169285,-1.11998756519599,11.712
517,1,0,accepted,0.0267071664577335,-0.138656820841784,484301.986892099,4976969.39456452,-1.12697340823546,11.929
518,1,0,accepted,0.0302430614237614,-0.184079532487623,484302.537378728,4976968.28319571,-1.12758831931656,11.31
519,1,0,accepted,0.0293491851650984,-0.146810319101118,484303.074249328,4976967.16237037,-1.12684638308409,9.928
520,1,0,accepted,0.0112985212324629,-0.0624246011131949,484303.611915635,4976966.07276042,-1.12547460138607,10.401
521,1,0,accepted,0.0248651987902438,-0.0273667691535287,484304.150380107,4976964.96258483,-1.12538313601178,9.555
522,1,0,accepted,0.011195656793897,0.00623697551226613,484304.701766205,4976963.87125501,-1.12610949298239,10.262
523,1,0,accepted,0.0166125677094531,-0.00146058230337782,484305.244901192,4976962.7697385,-1.12707622144997,9.746
524,1,0,accepted,0.015919111817533,-0.0282806800016404,484305.792667162,4976961.67274972,-1.12892834074672,9.816
525,1,0,accepted,0.0665141812732707,-0.0763784179524021,484306.328347272,4976960.63011385,-1.13140971892956,10.805
526,1,0,accepted,0.060059528276809,-0.146153506821244,484306.85955931,4976959.51253941,-1.13312990376325,8.989
527,1,0,accepted,0.0563440435795325,-0.0732097812940466,484307.391177073,4976958.38837996,-1.13396653705797,10.212
528,1,0,accepted,0.0546378145842763,-0.072871420096669,484307.935457304,4976957.26203317,-1.13553345035777,9.856
529,1,0,accepted,0.0540837459864928,-0.0368968302601502,484308.467908235,4976956.1419269,-1.13714874909027,9.391
530,1,0,accepted,0.0597839010130752,0.0665633295876945,484309.009308462,4976955.00851654,-1.13820303693099,8.478
531,1,0,accepted,0.0675193905217736,0.0759136489566164,484309.550944812,4976953.87850708,-1.141061515914,11.395
532,1,0,accepted,0.087502046519485,0.137951834891666,484310.084209923,4976952.74654491,-1.14321216668782,9.809
533,1,0,accepted,0.103297483605644,0.216602230012738,484310.624361073,4976951.6077208,-1.14568250606535,9.166
534,1,0,accepted,0.106960622108547,0.31431586023121,484311.154976046,4976950.49181892,-1.14803815620389,8.98
535,1,0,accepted,0.099605738449989,0.320998182769323,484311.679618802,4976949.38138644,-1.15156123743228,9.333
536,1,0,accepted,0.0970693945923182,0.317991579904391,484312.190301773,4976948.26846053,-1.15511706659326,8.907
537,1,0,accepted,0.0817663177787227,0.350074328108913,484312.69704236,4976947.16608192,-1.15845991829783,9.854
538,1,0,accepted,0.0781214062618829,0.278187738976743,484313.192459506,4976946.05238606,-1.16288634089506,9.566
539,1,0,accepted,0.0808190311944627,0.348424175278746,484313.688712749,4976944.92125424,-1.16541554279719,9.193
540,1,0,accepted,0.0700137633880353,0.452322143707644,484314.168949632,4976943.82981113,-1.1677882434559,9.957
541,1,0,accepted,0.0684253703122412,0.481694121927291,484314.666377531,4976942.69999861,-1.17097308182609,9.452
542,1,0,accepted,0.0767680762090925,0.480257383124204,484315.142672497,4976941.58329707,-1.17488760500947,9.837
543,1,0,accepted,0.0951833789102905,0.39203464690475,484315.613690968,4976940.46572968,-1.17991953003916,8.103
544,1,0,accepted,0.107683326259425,0.347585744373732,484316.088364802,4976939.36121702,-1.18416461734741,7.646
545,1,0,accepted,0.138995694907469,0.376672811849506,484316.549377539,4976938.25689685,-1.18711033983002,7.898
546,1,0,accepted,0.125183487435613,0.0862960654524106,484317.069279425,4976937.16301307,-1.19590598882718,7.616
547,1,0,accepted,0.128907814899932,0.060478136096269,484317.535974267,4976936.02524879,-1.19994807938602,7.647
548,1,0,accepted,0.130038321598078,0.0523150529819756,484317.992662044,4976934.88662765,-1.20369148958433,6.844
549,1,0,accepted,0.126053803009608,-0.026074189939579,484318.466399277,4976933.73296795,-1.20879982345157,7.418
550,1,0,accepted,0.130938369744723,0.0580825076458595,484318.897043361,4976932.60087281,-1.21091099151797,7.421
551,1,0,accepted,0.129894828764517,0.0813140933661622,484319.341169831,4976931.44848978,-1.21466106382884,6.559
552,1,0,accepted,0.125222594660737,0.160890399315712,484319.784089835,4976930.28226931,-1.21697709563746,6.967
553,1,0,accepted,0.100303992262129,0.145693717564251,484320.242420704,4976929.11132171,-1.22094637419282,7.064
554,1,0,accepted,0.0718473981433471,0.114178435438431,484320.725346131,4976927.96139711,-1.22528481666163,8.003
555,1,0,accepted,0.0569667719579654,0.0585847907583675,484321.177111446,4976926.8018636,-1.22981785619245,7.76
556,1,0,accepted,0.0285818743830244,-0.0488750688348889,484321.617731011,4976925.64084289,-1.23507613295209,7.437
557,1,0,accepted,0.0247819442375543,-0.0771007335994194,484322.056604301,4976924.44244827,-1.23937973071948,8.066
558,1,0,accepted,0.0827583591069293,-0.0506146899964482,484322.472563687,4976923.23068664,-1.24264362401904,7.931
559,1,0,accepted,0.0480297046710537,0.0941770859547034,484322.913148346,4976922.09079648,-1.2435562592813,8.222
560,1,0,accepted,0.0509061448677105,0.127099447229699,484323.327541906,4976920.92570369,-1.24687951832111,7.482
561,1,0,accepted,0.0449559508140314,0.120285253144113,484323.733712905,4976919.77461447,-1.25045453837142,7.849
562,1,0,accepted,0.0404514387415132,0.121503455137547,484324.137828031,4976918.60962625,-1.25380408609335,7.42
563,1,0,accepted,0.0414035085964014,0.0915237238520319,484324.529592707,4976917.45943168,-1.25818634275784,7.489
564,1,0,accepted,0.0501584921087339,0.0493893248723874,484324.932126584,4976916.27949763,-1.26214726857977,7.264
565,1,0,accepted,0.0725960177006517,0.00464946799728477,484325.321054059,4976915.09609929,-1.26628021027083,7.299
566,1,0,accepted,0.0682624755852699,-0.00195747525569654,484325.708257714,4976913.93396015,-1.26948243647106,6.763
567,1,0,accepted,0.0745335453661771,0.0173780576455689,484326.08013635,4976912.76121431,-1.27255499480103,8.484
568,1,0,accepted,0.0539984748860456,0.00414198614408291,484326.469118698,4976911.61649923,-1.2759978084186,8.923
569,1,0,accepted,0.0376000059913887,-0.106061532612738,484326.85191894,4976910.46913923,-1.28116581097838,8.826
570,1,0,accepted,0.0583326845264416,-0.0380029170338717,484327.202490726,4976909.30872445,-1.28296580630627,8.388
571,1,0,accepted,0.0875259714616684,0.103616988292781,484327.545525237,4976908.13992937,-1.28351766304163,10.403
572,1,0,accepted,0.0438119669025489,-0.161798670515467,484327.963315599,4976906.96712032,-1.29115378251353,11.339
573,1,0,accepted,0.0216548610414004,-0.285479506081152,484328.353612804,4976905.79781649,-1.29619650385353,9.766
574,1,0,accepted,0.0294027690252264,-0.352810251988524,484328.72611739,4976904.63187873,-1.30011172426452,10.279
575,1,0,accepted,0.0295800730870719,-0.292279133659883,484329.075842023,4976903.458706,-1.30178220103585,9.923
576,1,0,accepted,0.0664679280329819,-0.123458544980922,484329.396984804,4976902.30971507,-1.30140139379451,9.356
577,1,0,accepted,0.0703943742858657,-0.176439578060767,484329.731720226,4976901.11304421,-1.30488546229779,9.276
578,1,0,accepted,0.0908299004240436,-0.0430439528177545,484330.057233273,4976899.9329908,-1.30456575689367,10.179
579,1,0,accepted,0.118403701086223,0.0105034979131164,484330.373473157,4976898.74022653,-1.30594543018404,8.482
580,1,0,accepted,0.0705639028511192,0.113248813796846,484330.786019658,4976897.60886874,-1.30579223141705,9.92
581,1,0,accepted,0.0652068610557814,0.0274897499533881,484331.150081065,4976896.43586962,-1.30879855856189,8.797
582,1,0,accepted,0.0734996966464164,0.104758482958733,484331.503333632,4976895.25930059,-1.30892159748385,9.627
583,1,0,accepted,0.0767282174987998,0.191348058910107,484331.838460703,4976894.10741559,-1.30947848019731,8.89
584,1,0,accepted,0.0779090229198721,0.272636531266724,484332.178711938,4976892.92827195,-1.30957861801958,9.122
585,1,0,accepted,0.0731720017160457,0.315501677423303,484332.505865349,4976891.7465479,-1.3105023806522,8.474
586,1,0,accepted,0.0356465051354859,0.27492032953237,484332.821029669,4976890.52231665,-1.31271535082171,9.701
587,1,0,accepted,0.0258644799887286,0.19834289837348,484333.147367011,4976889.32463491,-1.31544534068066,9.821
588,1,0,accepted,0.0359768511062897,0.177099046741095,484333.463554685,4976888.12986596,-1.31729658549374,7.329
589,1,0,accepted,0.0923460596784307,0.0596140107785784,484333.765726148,4976886.89605786,-1.32067279482819,7.251
590,1,0,accepted,0.0771962939273965,0.000712354269165612,484334.090429094,4976885.74279455,-1.32321758144523,6.391
591,1,0,accepted,0.0873701025620294,0.0381935998205809,484334.400370637,4976884.56789273,-1.32401515347657,6.383
592,1,0,accepted,0.107477505918512,0.00495834083993039,484334.702407552,4976883.38508063,-1.3260527268283,6.364
593,1,0,accepted,0.119833747811729,0.0294069734308237,484335.009518693,4976882.20907058,-1.32696540490666,6.264
594,1,0,accepted,0.127944363263342,0.0607765219917168,484335.313953479,4976881.04458639,-1.32796726195446,6.265
595,1,0,accepted,0.133835958561265,0.109735410591711,484335.622341572,4976879.87119351,-1.32864869123465,6.676
596,1,0,accepted,0.143696925529728,0.125719408088115,484335.924007374,4976878.70888879,-1.32993590339728,6.219
597,0,1,acceptedDirectional,0.112079619146575,0.0866345672936617,484336.271960241,4976877.55296057,-1.33211456453485,7.11
598,0,1,acceptedDirectional,0.124576014610403,0.0687392417832828,484336.585808597,4976876.39907552,-1.33340141159928,6.261
599,1,0,accepted,0.205664457447673,0.81451233782332,484336.944410929,4976875.51309846,-1.32166298299804,7.071
600,1,0,accepted,0.210763215461039,0.940416458842361,484337.258468864,4976874.36649535,-1.32115296687976,6.102
601,1,0,accepted,0.200758458376133,0.815315640942579,484337.605528999,4976873.22032026,-1.32488246058763,5.733
602,1,0,accepted,0.185946531459074,0.562452965629802,484337.961341172,4976872.076945,-1.33095936696716,6.098
603,1,0,accepted,0.15401936984283,0.34699284597427,484338.281290198,4976870.91353291,-1.33656001062191,5.752
604,1,0,accepted,0.126206988040874,0.00809768943951938,484338.622898202,4976869.75318193,-1.34457776435614,6.093
605,1,0,accepted,0.10114710527306,-0.0535853596205592,484338.898846251,4976868.60329705,-1.34739183554672,6.046
606,1,0,accepted,0.0795797827998301,-0.0939395033034251,484339.171966247,4976867.4463876,-1.35031466098496,6.507
607,1,0,accepted,0.0595034748194913,-0.269108546851258,484339.457254611,4976866.27893365,-1.35593145767399,6.518
608,1,0,accepted,0.0700293675629645,-0.256308427037292,484339.713488281,4976865.13359496,-1.35823865565529,6.201
609,1,0,accepted,0.0863657910725241,-0.186340808603823,484339.96167183,4976864.00163524,-1.35974590851692,6.464
610,1,0,accepted,0.102034200141977,-0.00583494134068002,484340.214042188,4976862.8601655,-1.35981607698796,6.994
611,1,0,accepted,0.101655666558775,-0.0366522129425157,484340.482115474,4976861.69937772,-1.36383267224322,6.588
612,1,0,accepted,0.110545705611461,0.115029979633086,484340.720494912,4976860.62525162,-1.36464220566205,7.082
613,1,0,accepted,0.11874181927243,0.303827126807684,484340.977963147,4976859.4741631,-1.36537894088712,6.807
614,1,0,accepted,0.133100035076798,0.0493516250907093,484341.241863713,4976858.31319719,-1.37434963145878,7.536
615,1,0,accepted,0.157362143136594,0.159425772203557,484341.483037302,4976857.16475828,-1.37790622615038,6.752
616,1,0,accepted,0.163821754113732,0.528286495571496,484341.725807663,4976856.02981983,-1.37780364149223,6.343
617,1,0,accepted,0.17314374814875,0.469162954618644,484341.960738997,4976854.89925311,-1.38567843637905,6.374
618,1,0,accepted,0.199473834427332,0.190356952020951,484342.18476479,4976853.73185654,-1.39769663080223,7.129
619,1,0,accepted,0.202681538401109,0.283598691721699,484342.396302689,4976852.60965149,-1.40415407213877,6.228
620,1,0,accepted,0.18887608783315,0.448064985666696,484342.611799311,4976851.50909482,-1.40938872103428,6.312
621,1,0,accepted,0.180987952063471,0.446477912615395,484342.821995642,4976850.40516502,-1.41836666358092,6.005
622,1,0,accepted,0.170210277518547,0.623349922425268,484343.02125138,4976849.30034322,-1.42521155653828,5.958
623,1,0,accepted,0.18252201189324,0.637045679395543,484343.199211749,4976848.17567826,-1.43650353844244,5.934
624,1,0,accepted,0.169568570242064,0.802513742695485,484343.388019417,4976847.05586469,-1.44524229265644,6.158
625,1,0,accepted,0.181846137474442,0.765400168740723,484343.546873551,4976845.90541722,-1.4580555708346,5.82
626,0,1,acceptedDirectional,0.101466772683346,-0.456188503534845,484343.916901379,4976844.77879728,-1.49160109343651,7.762
627,0,1,acceptedDirectional,0.161714293185868,-0.782651166531058,484344.128687604,4976843.62646854,-1.50929130891656,7.92
628,0,1,acceptedDirectional,0.15422569342325,-0.668981015827255,484344.22504628,4976842.49707979,-1.51934568116537,7.231
629,0,1,acceptedDirectional,0.107659607459496,-0.176108192548917,484344.232769381,4976841.36021821,-1.52320878702834,7.571
630,1,0,accepted,0.185984939501019,0.59044170878169,484344.270013381,4976840.5178213,-1.52154054945256,7.95
631,1,0,accepted,0.177946060345112,0.399064293702968,484344.408368534,4976839.3718269,-1.53738667500208,7.326
632,1,0,accepted,0.1806086605437,0.672201634607854,484344.418686371,4976838.24263151,-1.54522761373295,8.151
633,1,0,accepted,0.183210921033214,0.608650851308022,484344.463926113,4976837.11197991,-1.55731975515778,6.859
634,1,0,accepted,0.165337174632514,0.430012396318304,484344.508809138,4976835.9711855,-1.5717663539761,7.018
635,1,0,accepted,0.157346081285735,0.396542807989375,484344.517666744,4976834.83144263,-1.58255971890677,6.489
636,1,0,accepted,0.140480102518787,0.258306350507065,484344.528348993,4976833.68159357,-1.594459385825,6.656
637,1,0,accepted,0.125145342252437,0.200992364446509,484344.512344975,4976832.53555686,-1.60392578810252,6.587
638,1,0,accepted,0.0874286366064236,-0.0498067441364972,484344.51295001,4976831.35786824,-1.61552762044389,7.065
639,1,0,accepted,0.070123422655984,-0.0776950116619137,484344.465628834,4976830.21297049,-1.62216063580892,6.324
640,1,0,accepted,0.0554891016725322,-0.11427680985897,484344.409084777,4976829.04858927,-1.6281256455811,6.214
641,1,0,accepted,0.0700954923456116,0.0458932338918505,484344.329091699,4976827.90868975,-1.63033855831649,6.657
642,1,0,accepted,0.0810625098731033,0.0911187396067203,484344.261295797,4976826.75195519,-1.63432471989881,6.655
643,1,0,accepted,0.101497058611195,0.202477057445663,484344.186358772,4976825.5974733,-1.63698698119772,6.57
644,1,0,accepted,0.110216538187471,0.177806402131933,484344.120209679,4976824.42585968,-1.6412733739279,6.207
645,1,0,accepted,0.112258404747451,0.495908962026964,484344.05277752,4976823.29261726,-1.63928179715901,7.263
646,1,0,accepted,0.112839505404393,0.411866062899679,484343.984544733,4976822.14337785,-1.64439754576779,8.449
647,1,0,accepted,0.107974991727359,0.387366612996872,484343.918246809,4976820.98765879,-1.64830464888546,7.886
648,1,0,accepted,0.114539563877473,0.405785012332906,484343.837439686,4976819.82038813,-1.65097498973179,7.881
649,1,0,accepted,0.100206852397639,0.388272602423405,484343.771276959,4976818.66808481,-1.65361718214333,8.578
650,1,0,accepted,0.104866634944444,0.386344940239199,484343.683692616,4976817.4869246,-1.65530063009602,8.357
651,1,0,accepted,0.131372490467885,0.432627992865783,484343.580981945,4976816.27921519,-1.65610116432852,8.849
652,1,0,accepted,0.136591960274877,0.390550671563155,484343.495828568,4976815.09009191,-1.65741352639563,8.356
653,1,0,accepted,0.149735894160117,0.361234744575519,484343.390684155,4976813.89735086,-1.65844832541621,6.53
654,1,0,accepted,0.153276055888173,0.292292621246957,484343.288567513,4976812.74314408,-1.66014339935695,7.219
655,1,0,accepted,0.167664242791418,0.313684673834649,484343.18620566,4976811.5446834,-1.66023389082852,7.278
656,1,0,accepted,0.178479413329723,0.37738470081174,484343.096118202,4976810.33431744,-1.65958226923366,7.545
657,1,0,accepted,0.167099689552262,0.290562120651012,484342.988812539,4976809.18752042,-1.66124914622283,7.715
658,1,0,accepted,0.160448041433939,0.361238677073071,484342.908454464,4976807.96871622,-1.66023981070917,7.241
659,1,0,accepted,0.0718140422726949,0.0581959467463322,484342.888826859,4976806.8214792,-1.66576391265288,7.004
660,1,0,accepted,0.0886471828212841,0.108448157180406,484342.790433769,4976805.59773322,-1.66532467676928,6.997
661,1,0,accepted,0.107937087175773,0.151862253488503,484342.669946723,4976804.39604774,-1.6648711634607,6.224
662,1,0,accepted,0.115101847609701,0.149711692309397,484342.568187486,4976803.18072421,-1.66543134281904,6.613
663,1,0,accepted,0.136688082405348,0.245895539091245,484342.441248607,4976801.97806115,-1.66467243995253,6.698
664,1,0,accepted,0.18935129405944,0.241896338228506,484342.280266408,4976800.78030053,-1.66486666182588,6.467
665,1,0,accepted,0.204880383161804,0.322543070351793,484342.168610065,4976799.5506887,-1.6642103708203,6.484
666,1,0,accepted,0.223724353860471,0.602531626624076,484342.047083249,4976798.33114989,-1.66006247725952,6.885
667,1,0,accepted,0.249069191042222,0.678804333667119,484341.929334051,4976797.08940714,-1.65972493595722,6.752
668,1,0,accepted,0.247153243679329,0.568620325539852,484341.838109657,4976795.84696621,-1.66243967113973,7.138
669,1,0,accepted,0.179794411029402,0.193810775177232,484341.831510435,4976794.59907284,-1.66972303646979,8.196
670,1,0,accepted,0.0545806453481381,-0.13823939086021,484341.839354785,4976793.44426176,-1.67589341335535,9.196
671,1,0,accepted,0.0472536391103751,-0.390929319273466,484341.796530076,4976792.25087814,-1.68071322070302,6.993
672,1,0,accepted,0.0370386763184313,-0.325447348446754,484341.677803952,4976791.02050958,-1.68031247159936,6.618
673,1,0,accepted,0.0406169558240728,-0.278434442364126,484341.563853458,4976789.77795606,-1.68022220430097,6.569
674,1,0,accepted,0.0306003001814964,-0.245161186785438,484341.444180285,4976788.55586361,-1.6801961605619,6.715
675,1,0,accepted,0.0399238812808346,-0.125245336571685,484341.305287459,4976787.31544312,-1.67840898002402,6.801
676,1,0,accepted,0.044342832531254,-0.106192912194545,484341.187069393,4976786.08365936,-1.67849096797736,8.254
677,1,0,accepted,0.0658101342080878,-0.0695990034653928,484341.055846969,4976784.83802002,-1.67846502071948,7.8
678,1,0,accepted,0.0617920635774372,-0.0471147060329222,484340.943771141,4976783.60527417,-1.67880772119545,7.596
679,1,0,accepted,0.0566540950173315,0.0242783731713191,484340.844844711,4976782.34432919,-1.67815153504065,7.759
680,1,0,accepted,0.0336278562827076,0.022216738486104,484340.742322083,4976781.14774449,-1.67901980663011,7.167
681,1,0,accepted,0.0365337147107337,0.00950270266975751,484340.620488491,4976779.90634815,-1.67945459075441,7.111
682,1,0,accepted,0.0786144541307356,0.0599928665879894,484340.590565412,4976778.73770408,-1.67927189319068,10.337
683,1,0,accepted,0.0852252822178541,0.0426723743763774,484340.472109718,4976777.5004486,-1.67980194239008,8.219
684,1,0,accepted,0.109820197269773,0.041380114330632,484340.355982729,4976776.27912454,-1.68024116685739,8.752
685,1,0,accepted,0.118807108070311,0.073786813862829,484340.219505287,4976775.05112505,-1.67977903392964,6.851
686,1,0,accepted,0.143712797741046,0.0169092623844033,484340.115447836,4976773.81581604,-1.68098226542969,8.278
687,1,0,accepted,0.119703627915289,0.0914468666162295,484339.963159609,4976772.57232314,-1.67996808776327,7.055
688,1,0,accepted,0.114025085428584,0.102608149725808,484339.826601989,4976771.3147457,-1.68016019340843,6.587
689,1,0,accepted,0.107184302674683,0.118610536738963,484339.689658544,4976770.05581273,-1.68008854957186,6.273
690,1,0,accepted,0.0890639380590394,0.0582751885377675,484339.566740696,4976768.77981312,-1.68136470995193,7.915
691,1,0,accepted,0.084431967401514,0.0908242422497545,484339.423611712,4976767.5085652,-1.68112257865536,7.561
692,1,0,accepted,0.08237049237126,0.0771968359207366,484339.29126187,4976766.23869205,-1.68122194257249,7.765
693,1,0,accepted,0.0762057034415711,0.0784266553039479,484339.163460768,4976764.98575506,-1.68141558777922,7.18
694,1,0,accepted,0.0710696658274026,0.081019769366169,484339.032257902,4976763.70437862,-1.68193789948711,8.422
695,1,0,accepted,0.0757079470299015,0.107000922238776,484338.904447547,4976762.42149649,-1.68238463099069,6.455
696,1,0,accepted,0.0950149138786776,0.142135967643418,484338.776286349,4976761.13175369,-1.68258155119574,6.15
697,1,0,accepted,0.123394416256273,0.171911220411029,484338.6447298,4976759.84339206,-1.68263260618403,6.126
698,1,0,accepted,0.154809234595584,0.110490045445022,484338.508850798,4976758.56707489,-1.68437221814246,6.281
699,1,0,accepted,0.170175533064692,0.0353414950319223,484338.375094781,4976757.29377163,-1.68646310559122,6.003
700,1,0,accepted,0.182900513235436,0.157812313215264,484338.245664152,4976756.05237196,-1.68528646849723,5.883
701,1,0,accepted,0.19739098477696,0.240661447639284,484338.113814714,4976754.79730838,-1.68455871827296,5.905
702,1,0,accepted,0.2084443692332,0.239696938164389,484337.983709827,4976753.54208331,-1.68543239805439,5.596
703,1,0,accepted,0.224086248625035,0.243879871728493,484337.849904699,4976752.28450207,-1.6857529774248,5.514
704,1,0,accepted,0.2462504522414,0.266184285750736,484337.709126001,4976751.02205226,-1.6865961798723,5.921
705,1,0,accepted,0.168876235195577,0.298142998721269,484337.618821118,4976749.85148337,-1.6862957469586,7.04
706,1,0,accepted,0.110756118999205,0.32509957711782,484337.512349468,4976748.6828731,-1.68631984051037,7.734
707,1,0,accepted,0.064846796841483,0.291033356415459,484337.412240039,4976747.51873747,-1.68788489664615,7.761
708,1,0,accepted,0.0886824781891844,0.294760609420879,484337.30903916,4976746.35415289,-1.68871425356225,8.947
709,1,0,accepted,0.175824197249587,-0.0351902725556854,484337.302832773,4976745.1892562,-1.69532139605513,7.096
710,1,0,accepted,0.163902058603602,-0.0395453873429027,484337.15018015,4976743.95268977,-1.69679627054896,6.004
711,1,0,accepted,0.0840876155840995,-0.2112392970519,484336.997223998,4976742.64251317,-1.7015972851693,6.304
712,1,0,accepted,0.0605869291146386,-0.345628063320321,484336.856640351,4976741.3302846,-1.70603266613715,6.89
713,1,0,accepted,0.0402557655322494,-0.175237915247481,484336.679395815,4976740.16680088,-1.70600612282031,6.331
714,1,0,accepted,0.0355953054735591,-0.0746715143463186,484336.49398553,4976738.88077,-1.70662160457086,6.977
715,1,0,accepted,0.0467709402510458,-0.0488218437685414,484336.337977246,4976737.63373606,-1.70993446778853,6.748
716,1,0,accepted,0.0759913420263126,-0.168240174479647,484336.210563011,4976736.37110824,-1.71604103850124,8.356
717,1,0,accepted,0.0618228746142385,0.192518744006326,484336.006184208,4976735.24478107,-1.71444072725985,7.131
718,1,0,accepted,0.0673397022389063,0.247673625523589,484335.843906659,4976734.0162335,-1.71895894057014,6.589
719,1,0,accepted,0.0512186125077728,0.0876313540275834,484335.698570642,4976732.78850784,-1.72747835231553,6.397
720,1,0,accepted,0.0680312494677614,0.161760426340114,484335.516353984,4976731.5904755,-1.73256071387111,5.9
721,1,0,accepted,0.125438277122737,0.150334160501146,484335.311715944,4976730.30792253,-1.73874941810507,5.917
722,1,0,accepted,0.154128971042252,0.150828283593988,484335.121266535,4976729.07114134,-1.74460033740425,5.673
723,1,0,accepted,0.140821434744156,0.202173741135134,484334.954275282,4976727.86740785,-1.74972910155014,7.103
724,1,0,accepted,0.136885244186474,0.319840612361515,484334.770651716,4976726.66630952,-1.75393853345843,6.675
725,1,0,accepted,0.152845034166058,0.226499405673284,484334.548950071,4976725.47028462,-1.76223925518337,9.067
726,1,0,accepted,0.154281065274277,0.357454606334379,484334.343514675,4976724.28698202,-1.76670230297903,8.019
727,1,0,accepted,0.153560468728877,0.335511966828844,484334.117097094,4976723.0895147,-1.77318916828735,8.202
728,1,0,accepted,0.146300250875267,0.452202197474485,484333.897825188,4976721.91086934,-1.77752968373908,8.092
729,1,0,accepted,0.150510904671743,0.424003800728661,484333.648692994,4976720.74714963,-1.78443702846474,8.292
730,1,0,accepted,0.073107341505193,0.28776426487089,484333.446664837,4976719.65297633,-1.79168052703127,7.287
731,1,0,accepted,0.0464707704654009,0.331107949591055,484333.215034057,4976718.51050102,-1.79723902883419,7.702
732,1,0,accepted,0.0335555160660391,0.277840809427075,484332.971768238,4976717.35930629,-1.8031629866843,8.21
733,1,0,accepted,0.0957894051284701,0.131746687882097,484332.809128159,4976716.25558721,-1.81046419799072,8.635
734,1,0,accepted,0.0888633058914445,0.12918236526873,484332.537285533,4976715.10783649,-1.81501403058591,8.779
735,1,0,accepted,0.0900587858785341,0.0919436972900943,484332.274380306,4976713.95707056,-1.81945799870441,8.802
736,1,0,accepted,0.0739797908532978,0.116673421330654,484331.974371467,4976712.79432533,-1.82261908537284,9.628
737,1,0,accepted,0.0669195815706939,0.0989703283069479,484331.685826377,4976711.64879185,-1.82624383577148,9.183
738,1,0,accepted,0.0722752768305671,0.131946490130107,484331.393017276,4976710.50800234,-1.8289971718757,9.963
739,1,0,accepted,0.0763381245763132,0.147651614492607,484331.110266422,4976709.37776379,-1.83171848463087,9.447
740,1,0,accepted,0.0575392539643602,0.232857803457103,484330.790706337,4976708.18472703,-1.83280412704149,10.479
741,1,0,accepted,0.0658344131517918,0.256149745194304,484330.497253141,4976707.0378493,-1.83438608067263,9.639
742,1,0,accepted,0.0682225115747423,0.247323769545291,484330.209775668,4976705.89830193,-1.83646521490522,10.368
743,1,0,accepted,0.0769807312367291,0.287280974172045,484329.91484317,4976704.75768709,-1.83705983538906,10.41
744,1,0,accepted,0.0763958955181969,0.241266793785946,484329.62595256,4976703.64451848,-1.83897905804482,9.531
745,1,0,accepted,0.072223192696469,0.154009777535716,484329.341352664,4976702.53262156,-1.84169498951619,9.056
746,1,0,accepted,0.0808418513572555,0.162508445285806,484329.04465912,4976701.37934234,-1.84267117596027,10.075
747,1,0,accepted,0.102424733630075,0.146492557703915,484328.754441209,4976700.23356394,-1.84389979273268,10.264
748,1,0,accepted,0.143266484050559,-0.194611660174951,484328.492788094,4976699.04710183,-1.85050068012715,6.822
749,1,0,accepted,0.0410713647351593,0.106812109799537,484328.220949218,4976698.04712767,-1.84622075921104,9.206
750,1,0,accepted,0.0622400393587166,0.248469369933953,484327.896726049,4976696.97681102,-1.84393137234822,8.35
751,1,0,accepted,0.0731933606659705,0.335483251073769,484327.600196774,4976695.89872849,-1.84296856684305,8.741
752,1,0,accepted,0.060419779983912,0.296349878053884,484327.318067033,4976694.79108181,-1.8444434443659,7.543
753,1,0,accepted,0.0633793693089709,0.250662606660686,484327.030719473,4976693.70932153,-1.84527668486411,7.715
754,1,0,accepted,0.0666390821436305,0.272944085629815,484326.753859556,4976692.63100174,-1.8458421170304,7.332
755,1,0,accepted,0.0726841712597195,0.256383152503101,484326.453549817,4976691.54150854,-1.84638031640211,7.293
756,1,0,accepted,0.0784529236250428,0.228721280275241,484326.161173027,4976690.46240488,-1.8472037512579,7.035
757,1,0,accepted,0.0953322112344609,0.253406976188175,484325.849430086,4976689.3842274,-1.84691329506723,7.45
758,1,0,accepted,0.115827617387452,0.302729511300598,484325.544868424,4976688.31257901,-1.84659193102571,7.242
759,1,0,accepted,0.121222286879872,0.340239355150311,484325.251759608,4976687.2334291,-1.84543951691072,7.615
760,1,0,accepted,0.130369223829548,0.399580690413494,484324.962720964,4976686.17421321,-1.84294849430668,7.139
761,1,0,accepted,0.133681583198057,0.353203595539587,484324.679254074,4976685.10502876,-1.84238282669057,7.532
762,1,0,accepted,0.144546165303336,0.23996098469906,484324.402495948,4976684.05870288,-1.84135689822381,6.725
763,1,0,accepted,0.15289734736218,0.21535978957721,484324.11940452,4976683.00380247,-1.83822114777817,7.826
764,1,0,accepted,0.16292356432193,0.140528647370042,484323.832442719,4976681.96106008,-1.83518865505918,7.722
765,1,0,accepted,0.175398379889138,0.0906557857060374,484323.550276239,4976680.9241356,-1.83156281140461,7.873
766,1,0,accepted,0.185904038064687,0.0918410515707316,484323.272496146,4976679.88401562,-1.82701633168091,7.067
767,1,0,accepted,0.194005700265547,0.046946398670209,484323.004709508,4976678.86556637,-1.82288789893561,6.969
768,1,0,accepted,0.210012978174645,0.00446417117836119,484322.73220816,4976677.84788997,-1.81805424971026,6.489
769,1,0,accepted,0.225851995435884,-0.103868372447173,484322.459044359,4976676.81872671,-1.81409315323325,6.666
770,1,0,accepted,0.148332488422556,-0.84905538003999,484322.264802351,4976675.70153215,-1.81983620307752,8.311
771,1,0,accepted,0.190868963220662,-0.006237239588149,484322.011904672,4976674.76654024,-1.79762461024196,9.353
772,1,0,accepted,0.205941790723754,0.450561036693769,484321.775420212,4976673.76487739,-1.78154539285676,8.43
773,1,0,accepted,0.172305674238984,-0.0198369472135711,484321.611989522,4976672.80622782,-1.78129320084043,9.992
774,1,0,accepted,0.143441490258389,0.233259523845661,484321.453334291,4976671.84792305,-1.76741751591851,8.099
775,1,0,accepted,0.103593208848216,0.232737677687243,484321.326093241,4976670.94869798,-1.75849207677165,9.19
776,1,0,accepted,0.143099945886909,-0.284602009709762,484321.273027694,4976670.08438864,-1.75714475201323,9.552
777,1,0,accepted,0.108728217603472,-0.176251392226333,484321.081563199,4976669.10328234,-1.74399788365786,7.366
778,1,0,accepted,0.0504042172918523,0.203361199023395,484320.890176313,4976668.12314096,-1.72607610683715,8.236
779,1,0,accepted,0.213919556328973,1.10917158262579,484320.605287702,4976667.03519553,-1.69845262088449,11.037
780,1,0,accepted,0.117088073503565,0.554337202551949,484320.535763415,4976666.21260342,-1.69584887054096,10.463
781,1,0,accepted,0.0570574330527814,0.289995157881653,484320.466989505,4976665.3557458,-1.68782629614248,7.482
782,1,0,accepted,0.0639971586062835,0.134126423228037,484320.357039605,4976664.48001198,-1.67721268185904,7.421
783,1,0,accepted,0.0751984675818465,-0.0421787088109066,484320.258291254,4976663.61475488,-1.66635852872661,8.643
784,1,0,accepted,0.092651134594876,-0.140060995677693,484320.168486102,4976662.76522935,-1.65326344178908,7.38
785,1,0,accepted,0.104136056599296,-0.236430042260912,484320.097406998,4976661.91377743,-1.63974453744784,7.803
786,1,0,accepted,0.098197781776355,-0.0965431748252705,484320.049377835,4976661.05666797,-1.62171100950527,7.242
787,1,0,accepted,0.0692630844521765,0.0913764213260713,484320.025972848,4976660.18733807,-1.6015120940349,8.084
788,1,0,accepted,0.0852023479191894,0.0568293609487998,484319.990914338,4976659.37554539,-1.58483732723563,6.873
789,1,0,accepted,0.0672519388340856,0.156637551602912,484319.984529393,4976658.52887971,-1.56476564298604,7.198
790,1,0,accepted,0.0949408923279154,0.180546710715933,484319.971218172,4976657.73270049,-1.54537446795223,9.291
791,1,0,accepted,0.125747497832038,0.000610882619439933,484319.971646973,4976656.96136022,-1.52897998756842,7.591
792,1,0,accepted,0.129884469248084,-0.0803292952792471,484320.005175112,4976656.15891889,-1.51017076143747,9.075
793,1,0,accepted,0.134045467866354,-0.208602116807861,484320.055898273,4976655.36308243,-1.49131944639243,8.717
794,1,0,accepted,0.122610796866849,-0.167030456829241,484320.107140917,4976654.53291636,-1.46906603036215,7.197
795,1,0,accepted,0.127334518366922,-0.213378605186223,484320.176725736,4976653.72101054,-1.44738682715612,7.144
796,1,0,accepted,0.125168428523619,-0.149057910932135,484320.269659598,4976652.9186989,-1.42345730471633,6.638
797,1,0,accepted,0.110548528893149,-0.249197616442262,484320.392474249,4976652.13390942,-1.40152737187354,6.904
798,1,0,accepted,0.0983766940862793,-0.219918741537615,484320.515415226,4976651.33867635,-1.37727642476724,6.515
799,1,0,accepted,0.08264863624447,-0.0841838448247697,484320.680134222,4976650.53570685,-1.35082103679993,7.546
800,1,0,accepted,0.0973259387127783,-0.0689305187124915,484320.844645368,4976649.75297463,-1.32641916223374,6.721
801,1,0,accepted,0.12070425477046,-0.204112082127978,484321.010426774,4976648.99397491,-1.30512431032394,7.26
802,1,0,accepted,0.142774224222065,-0.161957781127773,484321.206419397,4976648.2368342,-1.28067376805836,6.851
803,1,0,accepted,0.17971091931018,0.00559555663088362,484321.43345592,4976647.46813441,-1.25384002665837,7.939
804,1,0,accepted,0.214584730283378,0.271425977586324,484321.67069325,4976646.72869972,-1.22589787124287,7.059
805,1,0,accepted,0.245920948882082,0.360306529742544,484321.921631006,4976645.99199167,-1.20081279921666,7.324
806,1,0,accepted,0.266566995308363,0.448272054660132,484322.194260214,4976645.28327836,-1.17609535632338,7.129
807,1,0,accepted,0.149991808716548,1.35049181017556,484322.368835258,4976644.70090545,-1.13722396478289,11.222
808,1,0,accepted,0.153498982257249,1.33100708841491,484322.694228316,4976644.00047439,-1.11455716518303,8.506
809,1,0,accepted,0.162804124696906,1.39557047316951,484323.030982201,4976643.31443511,-1.09110895411315,9.889
810,1,0,accepted,0.184618064528283,0.969177588817252,484323.389689104,4976642.61798871,-1.07565875738256,12.642
811,1,0,accepted,0.211527685343374,0.878209966740092,484323.743654516,4976641.9304824,-1.05467921791442,10.312
812,1,0,accepted,0.241014186560387,0.251440941750299,484324.097104851,4976641.24289538,-1.04331264977573,9.636
813,1,0,accepted,0.231427870346735,0.126102356470779,484324.459409642,4976640.60048792,-1.02312033307727,9.985
814,1,0,accepted,0.195427034219345,0.164965951716567,484324.842494452,4976639.99246832,-1.00001690012633,7.255
815,1,0,accepted,0.164987113699307,0.0368620034670531,484325.236795809,4976639.38876924,-0.979958074803274,9.678
816,1,0,accepted,0.145009754171696,0.323551171591632,484325.657175107,4976638.77983251,-0.952195533740119,8.591
817,1,0,accepted,0.105049486278491,0.218180221868692,484326.063917607,4976638.20715496,-0.931887797050705,8.577
818,1,0,accepted,0.106774239457833,0.169756397642416,484326.508672897,4976637.60393867,-0.910319572364024,7.507
819,1,0,accepted,0.125484640594544,0.0106727740406747,484326.955083529,4976636.99321678,-0.890425944968023,8.813
820,1,0,accepted,0.104754463114561,-0.296154022595446,484327.34143044,4976636.51207871,-0.873306792368777,12.235
821,1,0,accepted,0.103986561983774,-0.280779679516071,484327.841618339,4976635.90266604,-0.850294966738461,14.663
822,1,0,accepted,0.199065019338566,-0.175527516286432,484328.24952627,4976635.46383786,-0.825771142941895,12.567
823,1,0,accepted,0.237661133001389,-0.34069442690466,484328.730564916,4976634.90784258,-0.805457424577812,10.325
824,1,0,accepted,0.152158254438338,0.0425450281115651,484329.43671912,4976634.13579101,-0.775993382382182,11.192
825,1,0,accepted,0.256893959759053,-0.41953472791817,484329.796376857,4976633.8497407,-0.760893369296847,9.776
826,1,0,accepted,0.281147627225755,-0.532976225434839,484330.327889373,4976633.30876992,-0.740016233655301,9.034
827,1,0,accepted,0.256005794113994,-0.424094642863277,484330.917245558,4976632.75688482,-0.715026002515154,8.685
828,1,0,accepted,0.280484644289538,-0.355142808177207,484331.494255296,4976632.30612864,-0.690737395487529,8.998
829,1,0,accepted,0.348823178969939,-0.509301772557429,484332.034996894,4976631.85755008,-0.670798533929422,8.687
830,1,0,accepted,0.307920936308541,-0.61788617437078,484332.663180391,4976631.3417514,-0.650192003879033,8.474
831,1,0,accepted,0.287377545278196,-0.362894645705362,484333.281065547,4976630.82387999,-0.623354182018225,7.878
832,1,0,accepted,0.277352317589703,-0.284739182191606,484333.910020895,4976630.33163938,-0.599206307399643,7.427
833,1,0,accepted,0.23775318083373,-0.155452883395885,484334.583985253,4976629.840678,-0.574649424984065,7.573
834,1,0,accepted,0.194606582001869,-0.228035418843832,484335.278938501,4976629.38367948,-0.553939857191245,7.262
835,1,0,accepted,0.17253519873025,-0.308510456255911,484335.966415028,4976628.95525436,-0.533385441023846,7.154
836,1,0,accepted,0.131360113638983,-0.143817954406818,484336.691952205,4976628.50464842,-0.508445956785938,9.867
837,1,0,accepted,0.100179126545365,-0.263591896658157,484337.404775224,4976628.12218102,-0.489037707094561,8.213
838,1,0,accepted,0.0518360640299755,-0.179789661717522,484338.146159538,4976627.73620811,-0.466003193076257,7.044
839,1,0,accepted,0.0162135028490353,-0.164044814527161,484338.896889958,4976627.33565067,-0.444311025322768,8.405
840,1,0,accepted,0.0548233121865085,-0.235112729391804,484339.649823237,4976626.97451503,-0.424466015966071,9.228
841,1,0,accepted,0.0839347926688196,-0.206471523585261,484340.402423435,4976626.61347584,-0.40345282702562,8.248
842,1,0,accepted,0.106365061880584,-0.133053582609617,484341.15676899,4976626.26465259,-0.38259559938678,6.975
843,1,0,accepted,0.144552508934362,-0.00992300720992651,484341.92803644,4976625.92775723,-0.361367185904819,6.963
844,1,0,accepted,0.157056361682171,0.262357641037842,484342.685752038,4976625.59214708,-0.337980606066185,7.07
845,1,0,accepted,0.161975549313301,0.285182634106362,484343.45289911,4976625.31856858,-0.319639807708984,5.944
846,1,0,accepted,0.205521357164774,0.341448144711518,484344.271070422,4976625.04796876,-0.301059803478703,6.746
847,1,0,accepted,0.241468116326325,0.411327364887697,484345.086651956,4976624.78441479,-0.282983763741849,6.735
848,1,0,accepted,0.270293343598672,0.491617377196914,484345.925773262,4976624.54559905,-0.265339437284484,6.417
849,1,0,accepted,0.261251656207319,0.614920534668129,484346.745247045,4976624.32534603,-0.247696809895493,6.62
850,1,0,accepted,0.256842101549914,0.511637466621007,484347.55081175,4976624.12850955,-0.235379319187241,6.475
851,1,0,accepted,0.277503899495224,0.500747707814275,484348.406530765,4976623.91580426,-0.221666038527195,7.595
852,1,0,accepted,0.308312472493554,0.451060087170357,484349.279686331,4976623.72881862,-0.209611235457927,6.583
853,1,0,accepted,0.333709884397446,0.3636511693246,484350.158353206,4976623.55427588,-0.199496965819613,6.73
854,1,0,accepted,0.427009714033234,0.0629848750127701,484351.107192963,4976623.40809872,-0.193716513274372,7.203
855,1,0,accepted,0.409322318516807,0.237348893826729,484351.954307839,4976623.1691114,-0.180650495550983,9.36
856,1,0,accepted,0.224449698090169,0.430366097124198,484352.638680053,4976623.07506582,-0.168353979932367,10.618
857,1,0,accepted,0.175123946634338,0.463752253101639,484353.450296575,4976622.94891128,-0.159456841461325,13.808
858,1,0,accepted,0.150610611749266,0.479514519622548,484354.352417744,4976622.79638109,-0.151573916366321,12.13
859,1,0,accepted,0.142392616093514,0.294309951032994,484355.244398794,4976622.71480961,-0.147384941368756,12.161
860,1,0,accepted,0.122848537779969,0.314373829781082,484356.167940451,4976622.5767613,-0.140154486927482,10.152
861,1,0,accepted,0.132881185762677,0.137211069148333,484357.099011093,4976622.48955679,-0.136029463399257,9.941
862,1,0,accepted,0.110944276714603,0.106512488812855,484358.025497369,4976622.37687015,-0.129540348215221,9.894
863,1,0,accepted,0.0704633994199848,0.169009586808655,484358.923929688,4976622.25931332,-0.122659976195521,9.014
864,1,0,accepted,0.0544173980290091,0.11030482850678,484359.853652524,4976622.16235917,-0.118746013808508,9.758
865,1,0,accepted,0.0277531674195245,0.0984340961382995,484360.796885375,4976622.05574393,-0.11446753498006,9.614
866,1,0,accepted,0.0396333212331784,0.295670230452712,484361.730195925,4976621.91020094,-0.1065344294317,8.412
867,1,0,accepted,0.0627530364413655,0.243660634095684,484362.687162036,4976621.80929037,-0.102538367995687,9.732
868,1,0,accepted,0.0762367402365621,0.183527010784113,484363.643560881,4976621.72052377,-0.0991629007140737,9.776
869,1,0,accepted,0.102775063093098,0.176197108788129,484364.616055937,4976621.62084788,-0.0947843854049337,7.706
870,1,0,accepted,0.117508624746713,0.199995345176369,484365.594243463,4976621.53418958,-0.0898579421017214,6.84
871,1,0,accepted,0.122357048579126,0.0668056028291062,484366.581582042,4976621.46477944,-0.0878855271561001,6.973
872,1,0,accepted,0.145475845727841,0.184326542118064,484367.534196296,4976621.39737935,-0.0814273664287046,7.435
873,1,0,accepted,0.16219357066104,0.230272189489885,484368.517829781,4976621.32627106,-0.0760549843915208,8.026
874,1,0,accepted,0.182682473648905,0.306167658151264,484369.498792795,4976621.26930142,-0.0706577588232646,7.97
875,1,0,accepted,0.192638170107688,0.213955193077369,484370.513419853,4976621.20337747,-0.0679035124866548,8.953
876,1,0,accepted,0.206977361700958,0.174920890333078,484371.504180666,4976621.14455625,-0.064117662769683,9.805
877,1,0,accepted,0.220011059318589,0.203591850609577,484372.527020445,4976621.080137,-0.0593577519355857,9.285
878,1,0,accepted,0.215709306938059,0.274049083171473,484373.533995109,4976621.03167725,-0.0535553784752815,9.297
879,1,0,accepted,0.212083825881084,0.34421385074084,484374.554611023,4976620.98491636,-0.047808810141566,9.017
880,1,0,accepted,0.206888405042678,0.544893688274357,484375.572037802,4976620.9448048,-0.0397920284113072,6.856
881,1,0,accepted,0.195258761338438,0.46453371052001,484376.593997885,4976620.91758163,-0.0360828030309307,6.53
882,1,0,accepted,0.20596900984906,0.428593440196604,484377.651086134,4976620.85975199,-0.0306589483308255,6.484
883,1,0,accepted,0.22726903911612,0.213825379904546,484378.709506856,4976620.80286598,-0.028292407854257,6.799
884,1,0,accepted,0.228279649830088,0.267416460218145,484379.739006129,4976620.78006526,-0.0211007992244542,6.598
885,1,0,accepted,0.246627478593089,0.204695541141914,484380.78261353,4976620.74643805,-0.0160086812890599,6.497
886,1,0,accepted,0.243221156253191,0.233172502829441,484381.818691823,4976620.74223282,-0.00921242470489335,6.63
887,1,0,accepted,0.241171437086106,0.287093695995923,484382.857679748,4976620.7430975,-0.00218895334885984,6.391
888,1,0,accepted,0.242186246214427,0.302670099582016,484383.922575793,4976620.74989373,0.00436641925237393,6.342
889,1,0,accepted,0.271043439976585,0.178178832237173,484384.974818353,4976620.73747065,0.00775206807290577,6.331
890,1,0,accepted,0.222310264163659,0.450809840821376,484386.02111786,4976620.8075339,0.0185864529695311,6.975
891,1,0,accepted,0.160533520675499,0.779335396822858,484387.020502846,4976620.88803401,0.0305463247252528,6.742
892,0,1,acceptedDirectional,0.129708429327126,0.614100280016174,484388.076098631,4976620.94947898,0.0335435972108691,6.443
893,0,1,acceptedDirectional,0.14481808048103,0.658141982800778,484389.135967585,4976620.97124274,0.0399924711096293,6.337
894,0,1,acceptedDirectional,0.146936178023641,0.642914116002576,484390.195523172,4976621.01211378,0.0451108831869139,5.908
895,1,0,accepted,0.275954231297446,0.770967036617134,484390.988638843,4976621.11943208,0.0530035175745011,6.307
896,1,0,accepted,0.250865943017466,0.688307310159194,484392.054812308,4976621.22197494,0.0568766419006398,6.459
897,1,0,accepted,0.229322098901876,0.722973796133057,484393.133846637,4976621.29026679,0.0627862221569902,6.244
898,1,0,accepted,0.216194596283273,0.581962417531603,484394.206154098,4976621.35493718,0.0656445242740274,7.348
899,1,0,accepted,0.176846852896544,0.169803481311205,484395.302873687,4976621.49315523,0.063540283336479,7.07
900,1,0,accepted,0.168495069454944,0.171471558943219,484396.374662032,4976621.5706844,0.0692020191916562,6.933
901,1,0,accepted,0.219674298593375,0.461788904047951,484397.400155659,4976621.62785613,0.0794093660221143,7.526
902,1,0,accepted,0.136363092026844,0.0264928802011783,484398.534176289,4976621.78663135,0.0769845687797736,7.33
903,1,0,accepted,0.110500303210067,-0.160517613586539,484399.634510696,4976621.90011969,0.0793047213924093,6.68
904,1,0,accepted,0.0837569328765784,-0.261954538177631,484400.730286302,4976622.00698724,0.0821360433092944,7.071
905,1,0,accepted,0.0477403550006046,-0.347958284327575,484401.835397859,4976622.11263956,0.0841473789029758,6.406
906,1,0,accepted,0.0108673612128557,-0.383509814082648,484402.946973492,4976622.22179146,0.0859366313095406,6.697
907,1,0,accepted,0.0279765140879356,-0.370766584453066,484404.05761215,4976622.33581879,0.0867311926581726,6.604
908,1,0,accepted,0.0339129424741578,-0.181686111046007,484405.154111176,4976622.44747731,0.0894221417133958,7.501
909,1,0,accepted,0.0624120055133575,-0.116019619978482,484406.24712644,4976622.55723972,0.0894535390028388,7.632
910,1,0,accepted,0.0854653741947773,-0.0353292164019081,484407.348576873,4976622.66820895,0.090096449447884,7.637
911,1,0,accepted,0.0648921985598137,0.00280035547940089,484408.41625896,4976622.80182879,0.0898050754811173,6.399
912,1,0,accepted,0.0955319268420229,-0.0458472020766271,484409.536172655,4976622.90549728,0.088524969932114,5.704
913,1,0,accepted,0.120104894965214,0.0205629163641405,484410.649183593,4976623.00433657,0.0895182907963882,8.01
914,1,0,accepted,0.122448745162518,0.0548341386878612,484411.748186101,4976623.12312793,0.0905042280745763,7.788
915,1,0,accepted,0.122086660610676,0.0835406604125322,484412.832746336,4976623.2359948,0.0915648626682756,8.352
916,1,0,accepted,0.117025684931553,0.120512512535202,484413.929657748,4976623.35516897,0.0929251919097023,8.358
917,1,0,accepted,0.122946888681239,0.128782633115459,484415.028255822,4976623.46078067,0.0936404135667235,8.804
918,1,0,accepted,0.113351602784877,0.117748995298724,484416.12549283,4976623.58535284,0.09387061952984,7.49
919,1,0,accepted,0.148315599352936,0.15137998722203,484417.259265504,4976623.68242887,0.0950117971574463,9.497
920,1,0,accepted,0.138012233703038,0.165541991185487,484418.355501392,4976623.81057696,0.0959282138898434,9.458
921,1,0,accepted,0.117618918364455,0.116435527905921,484419.447708361,4976623.93841647,0.0957701181620865,10.489
922,1,0,accepted,0.0492869487325121,-0.153579524889241,484420.441058099,4976624.10784602,0.0915336672786295,5.857
923,1,0,accepted,0.064880876616616,-0.096025479844216,484421.561526406,4976624.22207052,0.0932110041056848,5.499
924,1,0,accepted,0.0669532338870031,-0.0764850662881797,484422.68414642,4976624.35040625,0.0939960917778886,5.97
925,1,0,accepted,0.016247472202944,0.0968567491701779,484423.796936634,4976624.54417253,0.0975947305892119,7.364
926,1,0,accepted,0.0616994525122141,0.177310405399083,484424.878825545,4976624.68728575,0.0992216602904449,7.601
927,1,0,accepted,0.0807835444775768,0.214399412525848,484425.974841907,4976624.82411885,0.100552364915605,6.397
928,1,0,accepted,0.102921706016126,0.261687551525788,484427.076797799,4976624.96115095,0.101793525965468,7.035
929,1,0,accepted,0.110984777894358,0.28147523553592,484428.197027372,4976625.07923633,0.102722794268174,6.054
930,1,0,accepted,0.127578082484777,0.353642298864552,484429.318289393,4976625.19244536,0.10440976001338,6.231
931,1,0,accepted,0.143219068985857,0.582053054903859,484430.466562598,4976625.27457547,0.108989925118832,6.683
932,1,0,accepted,0.153303219175788,0.63557819136089,484431.620031316,4976625.38484285,0.110473995598183,5.979
933,1,0,accepted,0.139799833007891,0.595033134600268,484432.79299112,4976625.51531044,0.110311124639103,6.279
934,1,0,accepted,0.109324170624497,0.281695547195631,484433.989970811,4976625.67434565,0.105755908186863,5.761
935,1,0,accepted,0.122553997782876,0.295164419666304,484435.139486908,4976625.80194238,0.106370838488932,5.814
936,1,0,accepted,0.130602182013221,0.322787868080498,484436.29825023,4976625.93846956,0.107342409776726,5.476
937,1,0,accepted,0.127804863476597,0.297781134954084,484437.453483481,4976626.08719103,0.106905990626541,5.563
938,1,0,accepted,0.127461027746535,0.260570205018618,484438.624279418,4976626.23464512,0.106119848545989,5.635
939,1,0,accepted,0.143398259436068,0.361070917006291,484439.808127513,4976626.37192375,0.107999933074087,5.989
940,1,0,accepted,0.172483865851451,0.411898805204716,484441.002737017,4976626.51301484,0.108944924044303,5.974
941,1,0,accepted,0.184844489880651,0.483002250920895,484442.178507944,4976626.66079351,0.110186304815318,5.978
942,1,0,accepted,0.206816745342597,0.352081262286222,484443.370088638,4976626.81054464,0.108139379843575,6.245
943,1,0,accepted,0.217582528227341,0.340270183903343,484444.542777123,4976626.95524392,0.108047657547602,5.877
944,1,0,accepted,0.126265647040491,0.641132371886666,484445.611804124,4976627.12244055,0.113125019864929,7.097
945,1,0,accepted,0.0992073406520766,0.642194440650034,484446.741009525,4976627.27072594,0.113551743390676,7.412
946,1,0,accepted,0.0987780800791285,0.637607204948697,484447.901707038,4976627.41104477,0.113973902704762,6.994
947,1,0,accepted,0.0966345046008137,0.603686182436795,484449.062964918,4976627.55257429,0.113650802172347,7.172
948,1,0,accepted,0.111642916731029,0.606274620429994,484450.23796154,4976627.68478738,0.113916255065764,6.928
949,1,0,accepted,0.142157279379936,0.588502948009902,484451.451557153,4976627.81554156,0.113691251478611,7.48
950,1,0,accepted,0.163427440416664,0.553528257289597,484452.642453201,4976627.94488045,0.113594729656343,6.78
951,1,0,accepted,0.208453316794726,0.485862745046441,484453.851954139,4976628.055676,0.11292364215481,8.662
952,1,0,accepted,0.201761854002847,0.458500803729084,484455.008057087,4976628.18558291,0.112700413758466,9.605
953,1,0,accepted,0.192944175690933,0.445627675537884,484456.151527104,4976628.32037618,0.112227642564512,8.926
954,1,0,accepted,0.183614891425781,0.441069864567487,484457.285129715,4976628.45919445,0.111771928414149,7.974
955,1,0,accepted,0.127202565471508,0.177509012586869,484458.400101783,4976628.65849312,0.10737646531281,6.936
956,1,0,accepted,0.131978314459358,0.160641594917309,484459.588218852,4976628.8022881,0.107485625697672,6.662
957,1,0,accepted,0.154414796110822,0.245284336869652,484460.765025699,4976628.93040775,0.109306561907967,7.915
958,1,0,accepted,0.164132208417312,0.275503782066304,484461.949065071,4976629.07454899,0.110058045242763,6.597
959,1,0,accepted,0.170825913268865,0.297561203941211,484463.142872341,4976629.2239755,0.110723895803838,6.562
960,1,0,accepted,0.165154455758552,0.28809772546604,484464.337882817,4976629.38232024,0.110847882345609,6.416
961,1,0,accepted,0.161944811346843,0.274727428146629,484465.521529649,4976629.53838866,0.110657255418133,6.734
962,1,0,accepted,0.161301917030578,0.214508711324971,484466.743589811,4976629.69302159,0.11045654950642,5.461
963,1,0,accepted,0.183317493281244,0.25742460270164,484467.934280569,4976629.82362874,0.111524077558856,5.374
964,1,0,accepted,0.213530877291825,0.405166429464633,484469.14482484,4976629.94915279,0.114427030001904,6.503
965,1,0,accepted,0.164186821914549,0.391962852618543,484470.314448588,4976630.14901439,0.114923989609204,7.132
966,1,0,accepted,0.115678965546449,0.268653601154891,484471.490659737,4976630.35055098,0.113396925915006,7.89
967,1,0,accepted,0.0678462866436609,0.146836808169484,484472.659874345,4976630.55687555,0.111631608201195,7.831
968,1,0,accepted,0.0562329842759047,0.125498226135005,484473.851606315,4976630.71945991,0.111547329090311,8.498
969,1,0,accepted,0.046168129468113,0.410630867198101,484475.024459953,4976630.88919855,0.116823051761278,7.161
970,1,0,accepted,0.0547890787867349,0.244795858860599,484476.265269819,4976631.04934886,0.114183218294655,7.491
971,1,0,accepted,0.025379775571713,0.372736069023709,484477.400201725,4976631.2336081,0.116296412056826,7.308
972,1,0,accepted,0.0359047483162909,0.39448428632806,484478.574987044,4976631.39538653,0.116673637446191,7.395
973,1,0,accepted,0.0688440545407157,0.418166406803926,484479.731886595,4976631.56054445,0.116663638403201,7.338
974,1,0,accepted,0.0612692027791723,0.461548778048628,484480.924628762,4976631.71343029,0.117251273719968,7.32
975,1,0,accepted,0.0640163844828515,0.432621198013429,484482.103828649,4976631.8701373,0.116413540652671,6.995
976,1,0,accepted,0.102045143400164,0.481466039444689,484483.254638643,4976632.02866744,0.116744870729032,6.75
977,1,0,accepted,0.0790834823324786,0.441229071619281,484484.462202675,4976632.18136045,0.115244695360097,6.375
978,1,0,accepted,0.0744359114842439,0.595268059512126,484485.65823114,4976632.3398099,0.117207503390253,6.62
979,1,0,accepted,0.0580199420680417,0.530888072589248,484486.876965751,4976632.48667631,0.115250808135703,6.175
980,1,0,accepted,0.0618127183266804,0.481054832645857,484488.079452316,4976632.64376661,0.113271698425416,6.709
981,1,0,accepted,0.0635232309105268,0.458508834785799,484489.263709045,4976632.80158022,0.111836307757282,6.691
982,1,0,accepted,0.0736292705296405,0.370984313945208,484490.441087388,4976632.95436731,0.111650916099374,6.393
983,1,0,accepted,0.119036496065928,0.218834583746814,484491.574677649,4976633.1540885,0.108472174457465,6.999
984,1,0,accepted,0.078681056200584,0.11816193172657,484492.828657905,4976633.31756657,0.104636649274802,6.269
985,1,0,accepted,0.026174363899678,-0.113179805645784,484494.063044024,4976633.46511556,0.101296315584887,5.996
986,1,0,accepted,0.0314062475423374,0.00944975631930414,484495.253279357,4976633.63128317,0.102860681098656,6.591
987,1,0,accepted,0.0147436923505087,0.164293354672238,484496.459709073,4976633.74970062,0.104735215131008,6.776
988,1,0,accepted,0.0400630343512166,0.42494990814559,484497.659527226,4976633.884826,0.108676239113072,7.177
989,1,0,accepted,0.0564948864327174,0.640607708642918,484498.860528189,4976634.03378891,0.112625284494002,6.75
990,1,0,accepted,0.0765841574209449,0.688780075402185,484500.053174764,4976634.16916245,0.112780719454085,6.573
991,1,0,accepted,0.0950699538495019,0.69771537648332,484501.24501626,4976634.30708332,0.112795029743317,6.668
992,1,0,accepted,0.107503743879756,0.682766832484393,484502.43619149,4976634.44956382,0.112198179378161,6.525
993,1,0,accepted,0.114637359176888,0.470702803903055,484503.581235619,4976634.57242058,0.10787395019821,6.89
994,1,0,accepted,0.126406321062609,0.54732225384383,484504.773930832,4976634.71523077,0.108681416500526,6.965
995,1,0,accepted,0.107395466056612,0.593010788883965,484505.909273191,4976634.86913441,0.109280405881979,6.576
996,1,0,accepted,0.0662901104279759,0.35728330535426,484507.060866649,4976635.05325653,0.10510258443657,7.539
997,1,0,accepted,0.0679189367209258,0.390775555037471,484508.226215374,4976635.19719732,0.105279562210952,7.48
998,1,0,accepted,0.0636020145388911,0.303584834603191,484509.379598301,4976635.34291813,0.103252702549775,7.682
999,1,0,accepted,0.0426281693114871,0.128913522201406,484510.512633794,4976635.51046314,0.100269530340699,8.513
1000,1,0,accepted,0.0758253017831661,0.0396821155993054,484511.610344739,4976635.68151648,0.0980647052901431,8.806
1001,1,0,accepted,0.167220223591177,-0.033634738685522,484512.675086802,4976635.89146161,0.0966074807420441,6.648
1002,1,0,accepted,0.160216314719423,0.0311657383509534,484513.82630008,4976635.99774367,0.0976749452299465,6.068
1003,1,0,accepted,0.161907383003036,0.148687293528238,484514.975370554,4976636.11752005,0.0993072283749636,6.291
1004,1,0,accepted,0.155398065352893,0.198913211919902,484516.133810379,4976636.23889088,0.100528928212135,6.429
1005,1,0,accepted,0.142557581165061,0.21245237869935,484517.301044919,4976636.36750386,0.101343960894157,6.364
1006,1,0,accepted,0.133622664310614,0.24053068365225,484518.463020664,4976636.49797096,0.102132434736462,6.373
1007,1,0,accepted,0.122574875387967,0.22928980645218,484519.628690892,4976636.62501785,0.102598594772487,6.205
1008,1,0,accepted,0.110801246907782,0.224599029793036,484520.790440546,4976636.75158202,0.102978512400419,6.063
1009,1,0,accepted,0.103725492367526,0.285040771956015,484521.958418386,4976636.88046936,0.104343955618292,6.377
1010,1,0,accepted,0.114619458237299,0.355337222251559,484523.133518007,4976637.00573039,0.105962867285211,6.418
1011,1,0,accepted,0.153060103611919,0.278100921326319,484524.341689273,4976637.13800026,0.104613746873551,6.044
1012,1,0,accepted,0.110249910995574,0.517945338723583,484525.404000518,4976637.2923973,0.108350157131753,7.311
1013,1,0,accepted,0.108929193408222,0.454469661096844,484526.523970357,4976637.43225953,0.108343383915055,7.383
1014,1,0,accepted,0.112101358553731,0.502454842651215,484527.650062584,4976637.56855864,0.109107751430162,6.896
1015,1,0,accepted,0.119505386527156,0.528818847990829,484528.769090627,4976637.69916245,0.109853768891558,6.978
1016,1,0,accepted,0.135296097501534,0.555567147944716,484529.911654917,4976637.82751392,0.110654724919122,7.083
1017,1,0,accepted,0.157918368996278,0.543976614978583,484531.055858585,4976637.95107311,0.110681688609484,6.853
1018,1,0,accepted,0.170385212940316,0.522850482572725,484532.196550055,4976638.08435387,0.110347265841879,6.854
1019,1,0,accepted,0.181181527694215,0.577485909867392,484533.330791677,4976638.21304691,0.112118130687448,6.609
1020,1,0,accepted,0.193265522592704,0.554375167930661,484534.472967624,4976638.34587025,0.112930839275765,7.394
1021,1,0,accepted,0.210572672576612,0.548479179254509,484535.591887601,4976638.47023176,0.11419842418379,7.165
1022,1,0,accepted,0.223422766497106,0.525338762642543,484536.727472563,4976638.60435696,0.1149839474846,7.138
1023,1,0,accepted,0.229398629925574,0.632449371298514,484537.854491069,4976638.74379086,0.117600654520723,7.098
1024,1,0,accepted,0.238385654561097,0.584406399039689,484538.960801602,4976638.86943239,0.117743060687825,7.456
1025,1,0,accepted,0.233002551780088,0.566472338735648,484540.054691277,4976639.00863643,0.118400688791125,7.954
1026,1,0,accepted,0.226139934318844,0.549523154991531,484541.140510301,4976639.15438215,0.118903923168955,7.238
1027,1,0,accepted,0.136414589606817,0.075355150062608,484542.191509949,4976639.39486249,0.111729908648993,5.928
1028,1,0,accepted,0.143669693512201,-0.0134749046333805,484543.32698251,4976639.54142226,0.111275288677647,5.655
1029,1,0,accepted,0.124803429415157,-0.138278776289954,484544.468953056,4976639.72105545,0.109239408830173,6.033
1030,1,0,accepted,0.140935393602455,-0.333057409380908,484545.618497005,4976639.87660819,0.10772986492383,5.917
1031,1,0,accepted,0.146508759629633,-0.68947061261305,484546.770884229,4976640.06387789,0.10201224153476,6.355
1032,1,0,accepted,0.223806297638679,-0.164854461061479,484547.884339925,4976640.12899601,0.111881481625222,6.751
1033,1,0,accepted,0.304061655295577,0.298128083840038,484549.010284278,4976640.21059955,0.120713741864279,6.24
1034,1,0,accepted,0.246294506218663,0.339081906491956,484550.06556159,4976640.41974181,0.122270489174982,8.452
1035,1,0,accepted,0.144218671525398,0.0966412958495795,484551.119238873,4976640.68021002,0.119004451707993,9.7
1036,1,0,accepted,0.101074562712227,-0.0723544184122299,484552.199526438,4976640.91623719,0.117530308961904,8.079
1037,1,0,accepted,0.104597939839313,-0.124359529469615,484553.304881828,4976641.10579942,0.118321579372626,7.069
1038,1,0,accepted,0.118887141153327,-0.186906879102445,484554.401671051,4976641.29035898,0.118879494383534,5.84
1039,1,0,accepted,0.0955163697562596,-0.227845672469752,484555.547131239,4976641.43689026,0.119872181502666,6.109
1040,0,0,inconsistentClasses,0.0884340280204586,-0.226645740280956,484556.592620556,4976641.56155005,0.121324499375853,9.865
1041,0,0,inconsistentClasses,0.0842794762570439,-0.211404138026296,484557.729969446,4976641.6994234,0.122364654777839,9.461
1042,1,0,accepted,0.153308144420358,-0.0414739036508119,484559.062484404,4976641.81992436,0.125589738060196,8.462
1043,1,0,accepted,0.123070265921203,-0.209122720847252,484560.172148693,4976642.01247783,0.122410306813312,6.806
1044,1,0,accepted,0.138875718570476,-0.08797471408441,484561.323998374,4976642.17372217,0.124071534541058,7.133
1045,1,0,accepted,0.160961253724805,-0.103151846119432,484562.47529642,4976642.3237418,0.123954804990068,6.614
1046,1,0,accepted,0.18052124422685,-0.0638882038102328,484563.6240908,4976642.47139517,0.124816602000758,6.283
1047,1,0,accepted,0.175759456515107,-0.0776130516603772,484564.759700037,4976642.62508688,0.125040599854319,6.386
1048,1,0,accepted,0.0359234680459983,0.0902594568670026,484565.762000602,4976642.82271876,0.128661931875735,8.122
1049,1,0,accepted,0.0047836719414627,0.117342207978272,484566.874200712,4976642.98822119,0.129816532325931,7.544
1050,1,0,accepted,0.0626525056258904,0.166604491079457,484567.963757247,4976643.14939962,0.131523557973286,7.524
1051,1,0,accepted,0.0815790583189296,0.214724713275541,484569.097735915,4976643.31331787,0.13238617893183,8.753
1052,1,0,accepted,0.106170298429571,0.187008636927818,484570.240581496,4976643.48389708,0.132251747047214,7.328
1053,1,0,accepted,0.177653266554422,-0.142663767024721,484571.316782219,4976643.73689084,0.126472883541878,6.503
1054,1,0,accepted,0.164546921307704,-0.0375411459120672,484572.478707528,4976643.87804134,0.127975562219911,6.422
1055,1,0,accepted,0.150810394965494,-0.211628721003081,484573.655980423,4976644.06735944,0.124884701416506,6.279
1056,1,0,accepted,0.135226120864638,-0.0728494709949064,484574.827847698,4976644.20510564,0.127142803066964,7.565
1057,1,0,accepted,0.111074905234786,-0.140887997212885,484576.027011481,4976644.37787051,0.125474614834486,6.401
1058,1,0,accepted,0.0808174216534811,-0.276829795049355,484577.214961424,4976644.54545895,0.122966321234206,6.446
1059,1,0,accepted,0.0689784806770019,-0.591568918760083,484578.432015205,4976644.75935825,0.117421815347588,7.298
1060,1,0,accepted,0.0306003219625447,-0.400181898364201,484579.625216434,4976644.89600228,0.12042116294693,7.566
1061,1,0,accepted,0.040230441917606,-0.566542626438942,484580.824601496,4976645.07242307,0.117398632362207,6.778
1062,1,0,accepted,0.0457410235770786,-0.436597035242947,484582.030293909,4976645.22990155,0.119760532950625,6.86
1063,1,0,accepted,0.0599887570634664,-0.446611999774888,484583.227377772,4976645.38884349,0.119146134965838,6.952
1064,1,0,accepted,0.0723063400813426,-0.398716565123798,484584.422791737,4976645.54412883,0.120121992129157,7.151
1065,1,0,accepted,0.0878778710897325,-0.255219246794639,484585.638022862,4976645.71875769,0.12236890092375,7.066
1066,1,0,accepted,0.0975440127479114,-0.0611084940690603,484586.818183315,4976645.88498335,0.12558694300364,6.927
1067,1,0,accepted,0.11178186607905,0.0531660350965031,484588.020816717,4976646.05529835,0.127471347065375,6.514
1068,1,0,accepted,0.121522705611434,0.127749176558322,484589.222203075,4976646.22331585,0.128580189222963,6.903
1069,1,0,accepted,0.129944472001515,0.148004753710454,484590.427858174,4976646.38753492,0.12870842209666,7.51
1070,1,0,accepted,0.137973250495358,0.159387650373944,484591.624187137,4976646.55222791,0.129026632741722,6.416
1071,1,0,accepted,0.144602870150771,0.155126778878179,484592.829423224,4976646.71499979,0.12922754118745,7.069
1072,1,0,accepted,0.151913043452411,0.165198144689299,484594.027378308,4976646.87728221,0.129749466032305,6.802
1073,1,0,accepted,0.0768760172365891,0.234821182267191,484595.160020861,4976647.10354033,0.131383039636471,8.657
1074,1,0,accepted,0.0530534332381947,0.305147536227251,484596.342562194,4976647.29202377,0.133256501625569,8.149
1075,1,0,accepted,0.0181996968473806,0.307199463717754,484597.503897829,4976647.48660381,0.133537350402404,9.082
1076,1,0,accepted,0.00970123986173281,0.31897307334739,484598.689256344,4976647.66160407,0.134026291186454,8.817
1077,1,0,accepted,0.0446232020095036,0.188720506083478,484599.868137632,4976647.86008312,0.1323709356778,9.344
1078,1,0,accepted,0.0578624457662218,0.104914109267584,484601.048826375,4976648.04595175,0.131423928417102,8.692
1079,1,0,accepted,0.0787611094272707,0.021004291144535,484602.225007429,4976648.25030168,0.130460822406889,8.961
1080,1,0,accepted,0.064293419649208,0.0342704019751868,484603.441743679,4976648.41545186,0.131033496227113,7.623
1081,1,0,accepted,0.067215276937455,0.051210443043113,484604.659154869,4976648.58061988,0.13228115600755,7.838
1082,1,0,accepted,0.077876405594881,0.0823511241691208,484605.871986274,4976648.75299558,0.133107603018524,7.305
1083,1,0,accepted,0.10360460594956,0.148869849365181,484607.105491987,4976648.92277029,0.134762991095615,7.99
1084,1,0,accepted,0.148276466294935,0.40210035160878,484608.311225501,4976649.07809159,0.139429178454085,7.619
1085,1,0,accepted,0.14384196699022,0.168545733931484,484609.546712339,4976649.2888247,0.135685562906206,6.702
1086,1,0,accepted,0.158843442461707,0.161852350229909,484610.749588573,4976649.47717586,0.135516798858705,6.896
1087,1,0,accepted,0.14532033125425,0.106039650235228,484611.932729645,4976649.68930784,0.134644996680813,7.165
1088,1,0,accepted,0.120244738098922,0.113106694158862,484613.110158284,4976649.90834515,0.135046633941732,6.957
1089,1,0,accepted,0.128436726763291,0.129071136892406,484614.319173663,4976650.09844765,0.135460810102177,7.303
1090,1,0,accepted,0.137608096814867,0.211711642021399,484615.516301481,4976650.28548461,0.137066017341466,7.386
1091,1,0,accepted,0.154926169817581,0.157629007771786,484616.743418844,4976650.47092414,0.136457886932759,7.069
1092,1,0,accepted,0.187092222295381,0.154166561317399,484617.956640774,4976650.64154022,0.1365379512988,7.285
1093,1,0,accepted,0.222771432576007,0.183468284753166,484619.187872464,4976650.81583322,0.136879649978078,7.302
1094,1,0,accepted,0.266562608576907,0.249145602127757,484620.422660386,4976650.98673616,0.138258056524421,8.31
1095,1,0,accepted,0.348941859959922,0.570106055038602,484621.701273416,4976651.14368999,0.143692753564894,7.408
1096,1,0,accepted,0.35983051845147,0.677815069848932,484622.914225983,4976651.3386739,0.145672564787587,6.703
1097,1,0,accepted,0.318013056751825,0.563340829435104,484624.072919927,4976651.55968071,0.14365488786386,7.24
1098,1,0,accepted,0.321320039731568,0.60979874417912,484625.289393435,4976651.75298185,0.144438915079081,7.098
1099,1,0,accepted,0.325191107719129,0.668305729663022,484626.457191203,4976651.93899685,0.145375417113154,6.726
1100,1,0,accepted,0.32144419189496,0.63131822736029,484627.645892646,4976652.13347516,0.144910774159826,7.639
1101,1,0,accepted,0.271515640351845,0.840784147447114,484628.803954438,4976652.36432404,0.148352901793309,8.179
1102,1,0,accepted,0.207487625108268,0.813986005840395,484629.902362125,4976652.58553722,0.147461109438302,10.657
1103,1,0,accepted,0.135105518028868,0.157510215909519,484630.893873028,4976652.98967575,0.136396556170241,7.083
1104,1,0,accepted,0.137138276722609,0.0662740325281372,484632.091182653,4976653.19500492,0.13452782916244,6.544
1105,1,0,accepted,0.115085522115959,0.035406213178551,484633.296171354,4976653.3786905,0.13375876939276,7.099
1106,1,0,accepted,0.0978743214780436,0.0131763511014524,484634.505706501,4976653.56315084,0.132967548042077,6.767
1107,1,0,accepted,0.076836937648097,-0.0185214924169472,484635.714605177,4976653.74834372,0.132094535118395,6.023
1108,1,0,accepted,0.0735552153724171,0.0291304659225034,484636.911230353,4976653.91743409,0.132490223088909,6.415
1109,1,0,accepted,0.0665083233855669,0.0256040906022472,484638.127508683,4976654.0817556,0.13209982873387,6.001
1110,1,0,accepted,0.0559097004676282,0.0106373107620514,484639.349265714,4976654.26759225,0.131425712359511,6.05
1111,1,0,accepted,0.0697582262452435,-0.0377263716115633,484640.594445961,4976654.45264732,0.130351332334452,6.224
1112,1,0,accepted,0.100612094278821,-0.0612493409405055,484641.805480343,4976654.63318309,0.129426957351091,6.039
1113,1,0,accepted,0.118226232600612,0.000237964001098183,484642.993881999,4976654.80733306,0.129982279418852,6.445
1114,1,0,accepted,0.0913974239462197,0.235615088900228,484644.11836811,4976654.98986684,0.134071916560546,6.545
1115,1,0,accepted,0.0906281036048534,0.338724452462282,484645.29001272,4976655.17482522,0.13509529614738,6.448
1116,1,0,accepted,0.100855043801918,0.325853482880892,484646.464290021,4976655.34911604,0.135094409211575,6.22
1117,1,0,accepted,0.10175011069987,0.321305468226256,484647.579453163,4976655.52830035,0.134560481212418,7.05
1118,1,0,accepted,0.119286402754268,0.348753456241929,484648.795233876,4976655.69784974,0.134497324642545,6.863
1119,1,0,accepted,0.135195132162174,0.390618086906253,484649.967834318,4976655.8673963,0.134985048325806,6.022
1120,1,0,accepted,0.15362383127361,0.37390397149746,484651.132540019,4976656.03226998,0.134388283346136,6.319
1121,1,0,accepted,0.172489158102814,0.39394050831376,484652.320800368,4976656.2100346,0.134720185687027,6.583
1122,1,0,accepted,0.179614209247555,0.395070952160558,484653.471709712,4976656.38029241,0.134627747923044,6.513
1123,1,0,accepted,0.186021589212162,0.400587528401,484654.60954874,4976656.55075363,0.134298843360773,6.553
1124,1,0,accepted,0.124163662431576,0.256660655414719,484655.675885713,4976656.7633704,0.131416877420072,9.142
1125,1,0,accepted,0.103044443876991,0.0549893624575151,484656.788184456,4976656.95829221,0.127624530864668,7.369
1126,1,0,accepted,0.133466054587106,0.0949328902519292,484657.925396807,4976657.10334269,0.128011070862461,7.255
1127,1,0,accepted,0.157145761866351,0.107566180241242,484659.060970519,4976657.25461864,0.128003953435043,7.333
1128,1,0,accepted,0.1744535054607,0.0834409377559969,484660.203616165,4976657.41283191,0.127457714843216,7.588
1129,1,0,accepted,0.176464085943421,0.0191132652332419,484661.338278367,4976657.58529167,0.125944388030769,6.344
1130,1,0,accepted,0.114818158562599,-0.158610548827463,484662.415854067,4976657.81512866,0.122527668510085,6.2
1131,1,0,accepted,0.122171148609297,-0.178318176478292,484663.540184026,4976657.97980453,0.122026998816124,5.738
1132,1,0,accepted,0.143624903449165,-0.104414416282454,484664.656010353,4976658.12973955,0.123089888102692,6.015
1133,1,0,accepted,0.161605722683251,-0.0605473649961252,484665.771540919,4976658.2833201,0.12386646125099,6.185
1134,1,0,accepted,0.178710163043423,-0.00734053481035062,484666.90454923,4976658.44168111,0.125271662791344,7.703
1135,1,0,accepted,0.220229111937101,0.137687318466233,484668.019538214,4976658.57167714,0.127936107512308,5.886
1136,1,0,accepted,0.218863987133175,0.0813579523030174,484669.147685405,4976658.75226037,0.127266200987533,6.453
1137,1,0,accepted,0.206774250354204,0.0556224048729612,484670.246789107,4976658.93999306,0.127054634329367,6.14
1138,1,0,accepted,0.185490350471578,-0.0228240163919788,484671.337316477,4976659.14001716,0.125831444175331,6.559
1139,1,0,accepted,0.0852060713379256,-0.0298402283308486,484672.319232073,4976659.37089823,0.125979993040392,6.477
1140,1,0,accepted,0.0919760052094599,0.0458822137654033,484673.39908923,4976659.5321944,0.127388064493401,6.091
1141,1,0,accepted,0.0971820417700674,0.0596137209154897,484674.50018671,4976659.700094,0.127820141953865,6.001
1142,1,0,accepted,0.153475547603797,0.0629705734334327,484675.626716188,4976659.82680183,0.127902229060991,6.525
1143,1,0,accepted,0.13266582900754,0.175541182143919,484676.664478251,4976660.00580648,0.12985728365637,6.224
1144,1,0,accepted,0.164074857907339,0.260044321344439,484677.732470461,4976660.14144024,0.131206874422227,6.436
1145,1,0,accepted,0.142250545812986,0.175273689948594,484678.804194463,4976660.3352971,0.130032554402839,7.248
1146,1,0,accepted,0.143439404625634,0.218588850326891,484679.855635952,4976660.49752277,0.130875714446628,7.898
1147,1,0,accepted,0.157959880703186,0.335939503776883,484680.842194627,4976660.63829812,0.132972396969712,6.289
1148,1,0,accepted,0.135287303478446,0.340572480876117,484681.913008838,4976660.82552532,0.133113293185122,6.259
1149,1,0,accepted,0.209188672567513,0.425582071017949,484683.093269734,4976660.96406352,0.134741437277036,6.531
1150,0,1,acceptedDirectional,0.134115756930912,0.0363922982123384,484684.138876963,4976661.24107975,0.128017663625343,6.237
1151,1,0,accepted,0.139379743728775,0.415585460811418,484684.905136035,4976661.44150726,0.13458079042302,6.44
1152,1,0,accepted,0.143263616279101,0.418887642435616,484685.937407378,4976661.61908463,0.134480325763534,5.894
1153,1,0,accepted,0.131824945816155,0.315910103159272,484686.985137619,4976661.80391525,0.132633141060352,6.005
1154,1,0,accepted,0.128222584864876,0.327876396635656,484688.020522993,4976661.95736983,0.132181482470443,6.051
1155,1,0,accepted,0.125438583527707,0.0735094604840144,484689.065476062,4976662.15999308,0.127868207638088,5.758
1156,1,0,accepted,0.117535495375013,0.117417599410203,484690.089726176,4976662.29501849,0.128293712999927,5.758
1157,1,0,accepted,0.0932861729008773,0.138161973550085,484691.110200247,4976662.43330958,0.128545772483271,5.828
1158,1,0,accepted,0.0834561236036304,0.0861208541409007,484692.136277082,4976662.57168108,0.127396748604596,5.232
1159,1,0,accepted,0.0690444632885672,0.057544951035869,484693.16330622,4976662.72701311,0.126549549052921,5.834
1160,1,0,accepted,0.0535240833078066,0.0412199344396602,484694.188945383,4976662.87064407,0.125808842820611,5.688
1161,1,0,accepted,0.049809740315716,0.054605832130364,484695.211304148,4976663.00603388,0.125323954248274,5.542
1162,1,0,accepted,0.067288288463586,0.0704875634122785,484696.216507515,4976663.14126728,0.124904112974476,5.864
1163,1,0,accepted,0.0799034213663062,0.0992424990833215,484697.23827107,4976663.27290391,0.124630619564141,5.119
1164,1,0,accepted,0.100034595227923,0.112067996584483,484698.231442123,4976663.4027201,0.12389508207597,5.695
1165,1,0,accepted,0.12595246710603,0.104298537685005,484699.245052074,4976663.52869229,0.122755058353406,5.148
1166,1,0,accepted,0.158965120205511,0.127878716421406,484700.265420769,4976663.65218848,0.122128103501537,4.989
1167,1,0,accepted,0.187951436762306,0.15864891239307,484701.273574811,4976663.77863285,0.121683138115965,5.399
1168,1,0,accepted,0.18905836633763,0.131015145480086,484702.249799651,4976663.92119478,0.120204011532949,5.399
1169,1,0,accepted,0.209268984660691,0.124106411272026,484703.236585802,4976664.04742005,0.11914726857512,5.969
1170,1,0,accepted,0.219486338721261,0.124660063054645,484704.21846602,4976664.18125657,0.117992585286837,5.844
