frame,accepted,directional,reason,errorM,yawErrorDeg,x,y,psi,matchingMs,rank
1,0,0,insufficientComponents,0.640312423976002,2,484201.572914107,4977500.52147539,-2.10588080737395,28.921,0
2,1,0,accepted,0.0204113145623395,-0.114344476516651,484201.056405893,4977500.90973407,-2.14278547373,40.382,3
3,1,0,accepted,0.0183504950926206,-0.402452061491981,484201.054699395,4977500.92227385,-2.14779426312661,10.714,3
4,1,0,accepted,0.0175479466357296,-0.351240532533599,484201.055925018,4977500.91833215,-2.14690504011905,8.442,3
5,1,0,accepted,0.0234845394077284,-0.123876441027646,484201.056474174,4977500.9056519,-2.14294020242585,8.511,3
6,1,0,accepted,0.0281800496607565,0.0894217313406569,484201.060018047,4977500.89748266,-2.13920225522692,9.733,3
7,1,0,accepted,0.0324919992533864,0.10905811428431,484201.060068586,4977500.89266298,-2.13885301606732,9.907,3
8,1,0,accepted,0.0329400205637333,0.135952198492377,484201.059845079,4977500.89069596,-2.13838745284643,10.398,3
9,1,0,accepted,0.0418426450327653,0.147271003576688,484201.049746047,4977500.88185987,-2.13817194988156,12.145,3
10,1,0,accepted,0.0439242552352529,0.230335034112632,484201.049646046,4977500.87202359,-2.13673209486874,9.358,3
11,1,0,accepted,0.0344839731081186,0.198545762834067,484201.047680604,4977500.87084611,-2.13729685268717,9.521,3
12,1,0,accepted,0.0232892210382855,0.273283400781123,484201.044830902,4977500.86801296,-2.13595975386834,8.812,3
13,1,0,accepted,0.0207111279224384,0.34333240402815,484201.041179564,4977500.85198174,-2.13477916189991,10.088,3
14,1,0,accepted,0.0135757807088605,0.261475618021839,484201.042842461,4977500.85045385,-2.13613640821843,10.44,3
15,1,0,accepted,0.0187141522416994,0.337872161236731,484201.031538326,4977500.82228006,-2.13474303480434,9.13,3
16,1,0,accepted,0.0161476534558967,0.347441139491813,484201.009504369,4977500.79108942,-2.13446327475055,10.26,3
17,1,0,accepted,0.0154146964023738,0.301759011519756,484200.986041555,4977500.75484293,-2.13508820892104,10.043,3
18,1,0,accepted,0.0117393159378932,0.262004556375901,484200.957771759,4977500.71814401,-2.13560433098041,9.544,3
19,1,0,accepted,0.00928581366411354,0.087356852729048,484200.926932239,4977500.67705033,-2.13837411622771,8.911,3
20,1,0,accepted,0.0160884476473947,0.340575999011145,484200.899571567,4977500.61760779,-2.13349617843569,10.489,3
21,1,0,accepted,0.0134509627873722,0.130670866482883,484200.863699774,4977500.57082254,-2.13652169407006,8.844,3
22,1,0,accepted,0.0152272670733401,0.0491904411047169,484200.826255239,4977500.50956093,-2.13724043790962,8.726,3
23,1,0,accepted,0.0237202354268314,0.365966367256645,484200.786454754,4977500.42746476,-2.13080444915809,11.745,3
24,0,0,inconsistentClasses,0.027526885781624,0.357056880974249,484200.743953848,4977500.35760343,-2.12968472821613,11.686,3
25,0,0,inconsistentClasses,0.0329465760381198,0.348255815872426,484200.696581299,4977500.28026936,-2.12844895598427,10.01,3
26,0,0,inconsistentClasses,0.0400726350157603,0.316624381748254,484200.642156882,4977500.19205914,-2.12687696161686,11.627,3
27,0,0,inconsistentClasses,0.0473737653973779,0.32428441436569,484200.581337782,4977500.09537529,-2.12517203275457,10.578,3
28,0,0,inconsistentClasses,0.0544088181512344,0.330962700738247,484200.518648587,4977499.98832592,-2.12474874232421,11.912,3
29,1,0,accepted,0.0352751170992701,-0.101646211989301,484200.419935348,4977499.88690899,-2.13015049433676,9.328,3
30,1,0,accepted,0.0371999098026488,-0.0414369819286534,484200.350003006,4977499.76396467,-2.12648169482387,9.786,3
31,1,0,accepted,0.0352176359527308,0.0139984577581839,484200.275545054,4977499.63378392,-2.12473143168336,8.343,3
32,1,0,accepted,0.0387161350808218,0.109812695852326,484200.20339847,4977499.50041669,-2.12203770086927,8.778,3
33,1,0,accepted,0.0414863130772916,0.0932575439725294,484200.122907572,4977499.36570747,-2.12053769844011,8.93,3
34,1,0,accepted,0.0430840500217843,0.114388807153855,484200.040817791,4977499.22168428,-2.11815959061406,8.056,3
35,1,0,accepted,0.0382575393398208,0.0446764973330698,484199.947649792,4977499.08569038,-2.1175130244235,8.663,3
36,1,0,accepted,0.0390558859469268,0.0346567808728765,484199.858645423,4977498.93629793,-2.1163811778977,8.249,3
37,1,0,accepted,0.0438074474515542,0.0927944164604295,484199.769922157,4977498.78053464,-2.11428196737388,9.152,3
38,1,0,accepted,0.0513588832181002,0.16446138223178,484199.683719698,4977498.62704937,-2.11158422448179,8.918,3
39,1,0,accepted,0.0524511879042654,0.144655541492082,484199.58949414,4977498.46226141,-2.11059247608056,8.067,3
40,0,0,inconsistentClasses,0.0550550945066293,0.150212648614373,484199.493096187,4977498.30373232,-2.10965213795151,9.325,3
41,0,0,inconsistentClasses,0.0578010650932003,0.15044221564215,484199.393012321,4977498.14004672,-2.1092919597505,8.802,3
42,1,0,accepted,0.0465106314476128,0.138979133949951,484199.283900557,4977497.95863967,-2.10961053443774,8.358,3
43,1,0,accepted,0.0422566701723385,0.132418389248023,484199.178952022,4977497.78384388,-2.10969727272632,7.932,3
44,1,0,accepted,0.0411671464207332,0.159404941421006,484199.077171304,4977497.61487417,-2.10942712235859,7.973,3
45,1,0,accepted,0.0368349258105046,0.156722814358233,484198.974450839,4977497.44348193,-2.1096691846332,8.137,3
46,1,0,accepted,0.032655280195264,0.138556443833232,484198.869689775,4977497.27065809,-2.10990026041358,7.927,3
47,1,0,accepted,0.0314986720210717,0.156956699593957,484198.770172564,4977497.10691501,-2.1105627477161,7.764,3
48,1,0,accepted,0.0250690572318679,0.118474175045709,484198.667938143,4977496.94241967,-2.11211087313761,7.793,3
49,1,0,accepted,0.0164512228803676,0.133486172142647,484198.567766346,4977496.77383658,-2.11260295425424,7.825,3
50,1,0,accepted,0.0125015101912015,0.140090653731989,484198.475432745,4977496.6093467,-2.11313322487165,7.823,3
51,1,0,accepted,0.0146088548921877,0.203920499816781,484198.390335211,4977496.44980079,-2.11268028621146,8.221,3
52,1,0,accepted,0.01971022089126,0.19898496456915,484198.301953471,4977496.29002817,-2.11280110623112,9.2,3
53,1,0,accepted,0.0236057818960527,0.212883868475989,484198.217080225,4977496.13854476,-2.1128735415441,8.092,3
54,0,0,inconsistentClasses,0.0167915291797167,0.216781586882571,484198.123332641,4977495.99136127,-2.11355219811188,7.587,3
55,0,0,inconsistentClasses,0.0101215593053189,0.20354085913338,484198.028173731,4977495.84113553,-2.11411213913831,7.432,3
56,0,0,inconsistentClasses,0.00615605661742529,0.20791371048437,484197.930562539,4977495.68911961,-2.11417027833968,8.405,3
57,0,0,inconsistentClasses,0.0109866045192987,0.220172944707491,484197.830769952,4977495.53371483,-2.11447440501276,8.571,3
58,0,0,inconsistentClasses,0.0196692365461606,0.221500196696838,484197.729773366,4977495.37708716,-2.11483904892201,9.18,3
59,0,0,inconsistentClasses,0.0299002677802256,0.219728023666182,484197.625262343,4977495.21776735,-2.11472454374741,9.024,3
60,0,0,inconsistentClasses,0.041079376796508,0.213606748122689,484197.519617566,4977495.05590935,-2.11442603336678,9.881,3
61,1,0,accepted,0.020361863969413,0.168345452592483,484197.464769886,4977494.87782947,-2.11408527913567,11.964,3
62,1,0,accepted,0.0274725892988203,0.124815382542892,484197.366856971,4977494.70994072,-2.11336206404504,8.952,3
63,0,0,inconsistentClasses,0.0308921131835902,0.102936106168798,484197.253916131,4977494.54189408,-2.11122695612485,9.842,3
64,0,0,inconsistentClasses,0.035428803333783,0.114467235170032,484197.140213623,4977494.37156247,-2.10965272271671,9.212,3
65,0,0,inconsistentClasses,0.0449686193015401,0.122650570735818,484197.027973581,4977494.19777086,-2.10880028617126,9.408,3
66,1,0,accepted,0.00354753438825897,0.192104207781681,484196.932536694,4977493.97204762,-2.10571064846704,9.177,3
67,1,0,accepted,0.00995356288017447,0.15740864777311,484196.820026981,4977493.78503413,-2.10302622509909,8.321,3
68,1,0,accepted,0.0189778706738558,0.121769681968927,484196.70179414,4977493.59407051,-2.09931891285861,8.909,3
69,1,0,accepted,0.0226714875546604,0.0909460169154566,484196.587988454,4977493.40247861,-2.09422659840435,8.653,3
70,1,0,accepted,0.0264905700268213,0.014483078616025,484196.472777934,4977493.20155499,-2.08834530241301,8.772,3
71,1,0,accepted,0.0476458147342857,-0.0305428905502512,484196.319142013,4977492.9773141,-2.0806593711891,9.53,3
72,1,0,accepted,0.0523445849729024,-0.0202582983276336,484196.186534685,4977492.74828837,-2.07060090149205,10.424,3
73,1,0,accepted,0.0529285178465765,-0.0559360546618096,484196.055728631,4977492.50939016,-2.05974796689414,9.264,3
74,1,0,accepted,0.0601455783670951,-0.0660245969951763,484195.905569303,4977492.24420667,-2.04646665199229,8.299,3
75,1,0,accepted,0.0599331959974911,-0.00207129131781279,484195.753786241,4977491.9532368,-2.02969542174669,9.324,3
76,1,0,accepted,0.0465449917690274,0.0225503352409011,484195.619735443,4977491.66223973,-2.01266593738582,11.082,3
77,1,0,accepted,0.0494189547213985,-0.000838825665665321,484195.473510986,4977491.36144522,-1.99689686732166,9.885,3
78,1,0,accepted,0.0545322346233902,-0.0494788625627468,484195.314334017,4977491.03367569,-1.97828208327075,10.137,3
79,1,0,accepted,0.0410337399873818,-0.0276425361705039,484195.174168036,4977490.67785168,-1.95786230173032,10.308,3
80,1,0,accepted,0.034041079950163,-0.15065122816309,484195.03658477,4977490.31920483,-1.93754604583146,11.484,3
81,1,0,accepted,0.0331982932716469,-0.174053788678173,484194.887601563,4977489.94392489,-1.91353564964849,10.769,3
82,1,0,accepted,0.0445661022108923,-0.1445368264494,484194.744797492,4977489.56908607,-1.88750650922068,11.036,3
83,1,0,accepted,0.0464558946400404,-0.177584365158977,484194.600421331,4977489.16418731,-1.86102658221474,9.717,3
84,1,0,accepted,0.0587026542454497,-0.0862517869776774,484194.466508303,4977488.7654674,-1.8328114930139,12.279,3
85,1,0,accepted,0.0606917280865901,-0.0771695580427045,484194.347538283,4977488.33713791,-1.8056406168309,11.771,3
86,1,0,accepted,0.0722522429976849,-0.0409776159728657,484194.231202676,4977487.90426171,-1.77907677441622,12.247,3
87,1,0,accepted,0.0891107095423234,-0.125466242632052,484194.120295037,4977487.46479537,-1.75311512246976,11.671,3
88,1,0,accepted,0.086345673126988,0.0405296599908616,484194.032194238,4977487.00037373,-1.72327745836411,10.728,3
89,1,0,accepted,0.0888502725768608,0.0283441949873293,484193.949482119,4977486.53290144,-1.69565834750238,9.641,3
90,1,0,accepted,0.0856069308333747,0.121353301386651,484193.88288915,4977486.0517575,-1.66576241361281,9.933,3
91,1,0,accepted,0.0821232245042157,0.112559726156928,484193.822838603,4977485.56086413,-1.63604790046669,10.709,3
92,1,0,accepted,0.0349523051867872,0.0728560366331618,484193.804752175,4977485.02344074,-1.60680372371449,13.672,3
93,1,0,accepted,0.0277253907045375,0.0821790393894374,484193.771400557,4977484.50947526,-1.57688969363842,12.835,3
94,1,0,accepted,0.0126851364382709,0.0184264332973165,484193.746338868,4977483.97571856,-1.5481476604302,13.392,3
95,1,0,accepted,0.0170648366585539,-0.0156504738977997,484193.740270866,4977483.45045731,-1.51811251648574,12.882,3
96,1,0,accepted,0.0226151639362642,-0.14183246247771,484193.764624362,4977482.92946666,-1.48894078021983,10.631,3
97,1,0,accepted,0.0502205171362319,-0.334961574381653,484193.807787283,4977482.42656174,-1.46122210127688,10.187,3
98,1,0,accepted,0.0393735846847609,-0.381385480642518,484193.850790341,4977481.87600669,-1.4305229260378,10.829,3
99,1,0,accepted,0.0314193123049016,-0.446658268014963,484193.934933322,4977481.32094916,-1.40138751995454,11.677,3
100,1,0,accepted,0.0253016959591774,-0.417891455424127,484194.037722169,4977480.75654376,-1.37026373034762,11.52,3
101,1,0,accepted,0.021240566924811,-0.446759896293725,484194.146243844,4977480.18654776,-1.3418634092546,11.184,3
102,1,0,accepted,0.0316421229372489,-0.430193910029273,484194.287534944,4977479.62495435,-1.31452210282047,10.81,3
103,1,0,accepted,0.014251637355004,-0.35202121042264,484194.414348028,4977479.04001903,-1.28726566747073,10.723,3
104,1,0,accepted,0.0193894637967827,-0.270207079504033,484194.579294073,4977478.46372113,-1.26077959668936,11.304,3
105,1,0,accepted,0.0313537655658973,-0.197195421211114,484194.754592342,4977477.87425025,-1.23577460247389,13.436,3
106,1,0,accepted,0.0430382699961714,-0.106940337053906,484194.957448463,4977477.28323162,-1.21319059887403,12.925,3
107,1,0,accepted,0.0264907149771336,-0.202583601743705,484195.176125096,4977476.71819462,-1.19650879712747,13.201,3
108,1,0,accepted,0.0382225817501855,-0.0471494458612449,484195.410014596,4977476.11880714,-1.17760853686303,12.059,3
109,1,0,accepted,0.0353771868433586,0.04939239966514,484195.665487918,4977475.51443137,-1.16165793483209,11.065,3
110,1,0,accepted,0.0370704250240664,0.120875184377281,484195.928339148,4977474.92338224,-1.14879253873086,11.544,3
111,1,0,accepted,0.036360235066131,0.190435992829994,484196.198921028,4977474.31716335,-1.13720901724349,10.704,3
112,1,0,accepted,0.0363259907908383,0.230374156635449,484196.47498339,4977473.70670847,-1.12775897467046,11.437,3
113,1,0,accepted,0.0283386348538011,0.0782585055072241,484196.779616291,4977473.09001233,-1.12299364402749,13.294,3
114,1,0,accepted,0.0318380923371129,0.212846394048277,484197.081814591,4977472.46171262,-1.11465601971425,11.806,3
115,1,0,accepted,0.019384054553865,0.12850602534392,484197.410381299,4977471.83362185,-1.11118717842899,12.007,3
116,1,0,accepted,0.00853118850113376,0.124222395953048,484197.748249894,4977471.19269812,-1.10757439385578,11.677,3
117,1,0,accepted,0.00654058975643924,0.0559195263237909,484198.092721143,4977470.5488381,-1.10577815931789,11.943,3
118,1,0,accepted,0.0396119057473517,0.0828171574060344,484198.472657932,4977469.87976596,-1.10390445746046,10.417,3
119,1,0,accepted,0.0309193130757884,0.100061197404287,484198.819862246,4977469.20131827,-1.10368268383018,9.835,3
120,1,0,accepted,0.0338729310982391,0.108583532757655,484199.183254034,4977468.52409768,-1.10474331137343,9.764,3
121,1,0,accepted,0.0473085984079206,0.133081849710957,484199.557465871,4977467.81319695,-1.10655803185606,9.187,3
122,1,0,accepted,0.0466293290778758,0.12986429668578,484199.920663937,4977467.10201748,-1.10792493852965,10.623,3
123,1,0,accepted,0.0487365359060061,0.140080840800153,484200.288184647,4977466.39459088,-1.10982490857748,10.26,3
124,1,0,accepted,0.0329505497466264,0.0707703339377584,484200.648515024,4977465.67972159,-1.11336560153968,12.118,3
125,1,0,accepted,0.0474059834549136,0.0679371647790737,484201.037931728,4977464.93663782,-1.11684618962928,10.466,3
126,1,0,accepted,0.0362954990132991,0.00617654657549094,484201.412783975,4977464.20353499,-1.1220845934986,11.703,3
127,1,0,accepted,0.0323355562909233,0.0230401012506265,484201.789846653,4977463.4467079,-1.12687714088659,11.365,3
128,1,0,accepted,0.0235242857860153,0.0550636571685531,484202.17432159,4977462.68558924,-1.13216092923133,12.245,3
129,1,0,accepted,0.0112303492223105,0.0180100216399396,484202.553799053,4977461.90421192,-1.13832470377636,12.796,3
130,1,0,accepted,0.0189952151171545,0.000902532981556814,484202.942452776,4977461.11993386,-1.14524646197654,12.78,3
131,1,0,accepted,0.0151498373649366,-0.0350011636018442,484203.327408099,4977460.32188631,-1.15169411279173,13.655,3
132,1,0,accepted,0.0098571551440736,-0.0875398905066571,484203.72158894,4977459.51361091,-1.15971879252907,11.594,3
133,1,0,accepted,0.0125414547526153,-0.0604844960946769,484204.093348797,4977458.68724038,-1.16603043968044,12.357,3
134,1,0,accepted,0.0222622182863908,-0.0377657938726974,484204.474495844,4977457.84238213,-1.17248714590481,10.999,3
135,1,0,accepted,0.0365621966260215,0.0357015335519493,484204.8492633,4977456.98735387,-1.17804967486129,11.854,3
136,1,0,accepted,0.0494151820298092,0.101275866971126,484205.218807723,4977456.12430321,-1.18383369133797,11.492,3
137,1,0,accepted,0.0440060742162787,0.0181045536057275,484205.604302957,4977455.25721145,-1.19220899433396,11.465,3
138,1,0,accepted,0.0500645784688349,-0.0186110125103201,484205.983032575,4977454.37406667,-1.1998033877619,11.356,3
139,1,0,accepted,0.0390528405492792,0.0302569943537232,484206.358582784,4977453.4957454,-1.20564810043649,11.961,3
140,1,0,accepted,0.0307785075501469,-0.0445647816602592,484206.765131696,4977452.65340622,-1.21405376934888,13.2,3
141,1,0,accepted,0.049774516692906,-0.123075150352226,484207.14781853,4977451.7647405,-1.22226896847059,13.299,3
142,1,0,accepted,0.0494480266840718,-0.115886783710248,484207.508522928,4977450.84592451,-1.22881278079585,11.701,3
143,1,0,accepted,0.0334192343874041,-0.0256487672503745,484207.86580712,4977449.90658206,-1.23430068400745,12.035,3
144,1,0,accepted,0.0115068671982379,-0.038691870321474,484208.228104811,4977448.93478625,-1.24117930207805,10.907,3
145,1,0,accepted,0.0240397059058672,0.00710532588726853,484208.577762721,4977447.97471674,-1.24801282549655,11.102,3
146,1,0,accepted,0.032505602745496,-0.0830824948141264,484208.926664245,4977447.01602546,-1.25548776811668,10.518,3
147,1,0,accepted,0.0495243127275303,0.0569022829880445,484209.290031217,4977446.03721621,-1.26074640100015,10.562,3
148,1,0,accepted,0.0429667745172769,0.0497058746064966,484209.633152659,4977445.0784161,-1.26721214594447,10.395,3
149,0,0,inconsistentClasses,0.0533486607492716,0.0605907882682152,484209.949454229,4977444.09172833,-1.2738842569343,12.687,3
150,0,0,inconsistentClasses,0.0740547122356397,0.0449106552929227,484210.256280879,4977443.11629922,-1.28056941680013,13.659,3
151,0,0,inconsistentClasses,0.0995097470471121,0.0772517089620022,484210.560168899,4977442.12561546,-1.2871773730673,14.092,3
152,1,0,accepted,0.0561134313072138,0.0419258669207882,484210.919374739,4977441.15719498,-1.29478640913203,11.1,3
153,1,0,accepted,0.0756320534260133,0.114678068366435,484211.217014774,4977440.16096139,-1.30015657562243,9.95,3
154,1,0,accepted,0.0848279734990222,0.135924288503643,484211.521594512,4977439.16078554,-1.30600777790661,9.822,3
155,1,0,accepted,0.0947683140208209,0.217383351765157,484211.823709775,4977438.1591707,-1.31177780234287,9.931,3
156,1,0,accepted,0.101866557249567,0.221760162557907,484212.126972268,4977437.13753709,-1.31837351431387,10.838,3
157,1,0,accepted,0.114969489657963,0.310817457289369,484212.421473346,4977436.12361787,-1.32380687132851,11.325,3
158,1,0,accepted,0.0738566878720511,0.0103372758466156,484212.777420683,4977435.12880556,-1.3360112187099,15.738,3
159,1,0,accepted,0.0653872385256209,-0.0419914718417066,484213.070732891,4977434.10442001,-1.34334700417533,13.6,3
160,1,0,accepted,0.0640229494268644,-0.0536197622162339,484213.354158088,4977433.09166423,-1.34990953691739,15.13,3
161,1,0,accepted,0.0531098895830241,-0.0951922400655347,484213.622492363,4977432.0803585,-1.35748704320396,12.74,3
162,1,0,accepted,0.0349552033430899,-0.166665594449126,484213.889162574,4977431.07664857,-1.36536833805485,11.209,3
163,1,0,accepted,0.0285543534966163,-0.15262537659181,484214.14587132,4977430.05086297,-1.37151659247992,11.655,3
164,1,0,accepted,0.048760352523146,-0.0955792591254829,484214.374732119,4977429.02899232,-1.37695175384714,12.302,3
165,1,0,accepted,0.0366490266817495,-0.177723137210674,484214.629679281,4977428.01149294,-1.38444887204158,12.104,3
166,1,0,accepted,0.0406134831408198,-0.110266755783761,484214.874568417,4977426.95533907,-1.38954197320719,12.642,3
167,1,0,accepted,0.0324955957218389,-0.215916565203684,484215.110004197,4977425.93736156,-1.39756289624177,12.873,3
168,1,0,accepted,0.0417411080860366,-0.14558900668062,484215.329054559,4977424.90234971,-1.40312583082865,12.186,3
169,1,0,accepted,0.0421193576069765,-0.116032582547052,484215.552217609,4977423.86165958,-1.40922069601696,11.397,3
170,1,0,accepted,0.0494626868379414,-0.113822071433379,484215.762092938,4977422.82198576,-1.41586915391983,11.546,3
171,1,0,accepted,0.0454718122527916,0.00409422022703084,484215.975525844,4977421.76027046,-1.42101209422281,12.16,3
172,1,0,accepted,0.0636526395603664,-0.0541234971064626,484216.158805003,4977420.72411904,-1.42926694373304,12.38,3
173,1,0,accepted,0.0713076185038911,-0.0303350991235256,484216.346324375,4977419.6678502,-1.43643643646093,12.861,3
174,1,0,accepted,0.0724073789358191,0.0126300180000737,484216.532428064,4977418.60308542,-1.44302357095416,12.148,3
175,1,0,accepted,0.099265762303862,0.013913121555674,484216.686115731,4977417.5449548,-1.45032933704493,12.803,3
176,1,0,accepted,0.100513636161993,0.0554359729969538,484216.857310823,4977416.47710669,-1.45693947172256,11.484,3
177,1,0,accepted,0.107422217597633,0.107621243117937,484217.01527018,4977415.42505177,-1.46347065967062,12.225,3
178,1,0,accepted,0.0736414024189024,0.0038057922207096,484217.207174802,4977414.35048889,-1.47262159732035,14.208,3
179,1,0,accepted,0.0619491650129464,0.221171104268339,484217.398013267,4977413.20794423,-1.47628227764231,13.54,3
180,1,0,accepted,0.0423156657542055,0.0335654735129512,484217.554541538,4977412.14134884,-1.48661251364843,13.855,3
181,1,0,accepted,0.0643492328666256,0.153684926980273,484217.668818402,4977411.04056418,-1.49224378813234,12.073,3
182,1,0,accepted,0.0750619116143362,0.13591263825623,484217.786236781,4977409.9490125,-1.49926953250743,12.129,3
183,1,0,accepted,0.0796016738348084,0.115462774546933,484217.895360383,4977408.85197515,-1.50675742420744,11.892,3
184,1,0,accepted,0.110332939113573,0.178871511965786,484217.984293414,4977407.74825235,-1.51240477091367,10.418,3
185,1,0,accepted,0.0428294756274543,-0.192192819636388,484218.152911665,4977406.68086244,-1.5256030257833,12.055,3
186,1,0,accepted,0.0290242150802766,-0.301364174631198,484218.274668499,4977405.57758818,-1.53431822473095,11.484,3
187,1,0,accepted,0.0450884053149824,-0.323775095030543,484218.383909202,4977404.45307632,-1.54160470606783,12.56,3
188,1,0,accepted,0.0532868240724971,-0.360293417523223,484218.470332061,4977403.32283434,-1.54826399618221,11.17,3
189,1,0,accepted,0.033169353558262,-0.200227792868042,484218.500505425,4977402.21931301,-1.55086991644446,8.936,3
190,1,0,accepted,0.0410844162198906,-0.0809004220973317,484218.559998274,4977401.10255039,-1.55348166647654,10.159,3
191,1,0,accepted,0.0427857378820565,-0.0698949379751256,484218.616017843,4977399.97325662,-1.55774324440222,10.207,3
192,1,0,accepted,0.0539913376984008,-0.0656659526280256,484218.657470345,4977398.84401689,-1.56126077920199,10.304,3
193,1,0,accepted,0.0681357851578301,0.100033247439213,484218.694609116,4977397.69786878,-1.56141097952186,10.854,3
194,1,0,accepted,0.0802330203522356,0.153516456346164,484218.730530225,4977396.54228932,-1.56305324951158,10.657,3
195,1,0,accepted,0.0366705201517808,-0.052107381032405,484218.833635658,4977395.36174997,-1.56889558063025,11.92,3
196,1,0,accepted,0.0285010707516276,-0.0558920190733279,484218.88936606,4977394.20140585,-1.57137950584482,10.143,3
197,1,0,accepted,0.021227537029204,-0.0803009034845435,484218.930728702,4977393.04301695,-1.57388385552033,10.931,3
198,1,0,accepted,0.0153774465959828,-0.116275310738293,484218.969300864,4977391.87311941,-1.57634110694987,11.824,3
199,1,0,accepted,0.0158857871049992,-0.09531925955098,484218.994993592,4977390.7043461,-1.57772867367318,11.799,3
200,1,0,accepted,0.0199338364470492,-0.14222208302413,484219.042751429,4977389.53592655,-1.58032562428146,10.862,3
201,1,0,accepted,0.0391156919503939,-0.112345237617259,484219.062222814,4977388.35624979,-1.58118095985307,10.562,3
202,1,0,accepted,0.0569058093643553,-0.0583290900438486,484219.074395116,4977387.16945773,-1.58156314612026,10.401,3
203,1,0,accepted,0.0613067731826333,-0.0166585392261928,484219.09048927,4977386.03898399,-1.58205667652806,10.545,3
204,1,0,accepted,0.0602547482234277,-0.0819108418201705,484219.110263715,4977384.82159526,-1.58274842039595,9.881,3
205,1,0,accepted,0.0613981845512796,-0.0570437958378413,484219.128109156,4977383.59807214,-1.58195505189238,10.168,3
206,1,0,accepted,0.0729694833746075,-0.0475553151206795,484219.138956747,4977382.36572981,-1.5806054060892,10.293,3
207,1,0,accepted,0.0663521956737276,-0.0468525525612682,484219.168339449,4977381.1266177,-1.57913733905686,10.02,3
208,1,0,accepted,0.0694970825213623,-0.0562794957068414,484219.189923095,4977379.90220477,-1.57716686897809,8.994,3
209,1,0,accepted,0.0679433537906065,-0.0729802220273321,484219.218953638,4977378.66182074,-1.57467386543511,10.362,3
210,1,0,accepted,0.0781670906450392,-0.0966782028266825,484219.240263362,4977377.42249413,-1.57200501117561,9.622,3
211,1,0,accepted,0.069014308440627,-0.113032838877567,484219.292125969,4977376.184011,-1.56863950186291,10.436,3
212,1,0,accepted,0.0672338775104717,-0.0906208288616878,484219.327572618,4977374.92167048,-1.56438008710335,10.147,3
213,1,0,accepted,0.0631689764327912,-0.0424380639100343,484219.376580539,4977373.65686104,-1.55947141559008,10.232,3
214,1,0,accepted,0.0717167588648451,0.00947509666178668,484219.416604896,4977372.39280219,-1.55459606876294,10.099,3
215,1,0,accepted,0.0359449912329933,0.0972981411837377,484219.495075958,4977371.09856325,-1.54845890324423,9.864,3
216,1,0,accepted,0.0376896892070497,0.105418223495407,484219.550649248,4977369.81189638,-1.54328242337867,9.541,3
217,1,0,accepted,0.0452685043828049,0.12634010562912,484219.605847638,4977368.5369567,-1.53800282777252,9.85,3
218,1,0,accepted,0.0655730952667812,0.116611017316506,484219.655094026,4977367.24252896,-1.53282125659987,9.134,3
219,1,0,accepted,0.0697542280103923,0.0723538967446697,484219.725757723,4977365.94567479,-1.52835543177101,10.037,3
220,1,0,accepted,0.066744294328492,0.0234431638476099,484219.810070195,4977364.66630038,-1.52372506555081,9.787,3
221,1,0,accepted,0.0774899025494675,0.0538409838788054,484219.885517351,4977363.38491387,-1.51767301064421,9.508,3
222,1,0,accepted,0.085314504457852,0.109807140169608,484219.972759018,4977362.09976044,-1.51108060502714,9.955,3
223,1,0,accepted,0.0983362843875051,0.15879729666511,484220.063770522,4977360.81025475,-1.50404435444849,8.912,3
224,1,0,accepted,0.0754402407176096,0.167435019748102,484220.20050799,4977359.52236962,-1.49756584565209,9.725,3
225,1,0,accepted,0.0547786461878178,0.045229969604002,484220.343456843,4977358.2139656,-1.49314830010624,8.899,3
226,1,0,accepted,0.0621536522412788,0.136555227493825,484220.467105293,4977356.92004289,-1.48508662241968,9.062,3
227,1,0,accepted,0.0580047199852122,0.101190493887133,484220.610895693,4977355.60116036,-1.47899328213901,10.197,3
228,1,0,accepted,0.0499134668853141,-0.00200854274990204,484220.759122278,4977354.32197707,-1.47391768935182,9.275,3
229,1,0,accepted,0.0552082157118896,-0.00173104318456624,484220.90448404,4977353.01375567,-1.46711558857652,8.389,3
230,1,0,accepted,0.0596604385389894,0.0383153181881623,484221.061510116,4977351.71082059,-1.45999968016733,9.332,3
231,1,0,accepted,0.055483762942739,-0.0207166448922243,484221.235762698,4977350.39815381,-1.45418307094478,9.024,3
232,1,0,accepted,0.0478694065417393,-0.0248535260688484,484221.424308561,4977349.07966992,-1.44798229287541,9.703,3
233,1,0,accepted,0.0348415177372624,-0.0114757101910085,484221.626426594,4977347.77671721,-1.44120358005162,9.398,3
234,1,0,accepted,0.0336856572479442,-0.027300525355342,484221.827160652,4977346.46391252,-1.4349076443858,9.331,3
235,1,0,accepted,0.0415477651188876,0.0657579789503419,484222.027281606,4977345.16100803,-1.42681199342841,10.056,3
236,1,0,accepted,0.0458512784219842,0.012957176206622,484222.241812796,4977343.82992173,-1.42117768677896,10.457,3
237,1,0,accepted,0.0581803807001774,0.047069010531832,484222.455878414,4977342.50791071,-1.4139187459238,10.024,3
238,1,0,accepted,0.05757782097643,0.0282313821190028,484222.687623238,4977341.20108074,-1.40765272982969,10.355,3
239,1,0,accepted,0.038662832028697,-0.0242236803719728,484222.947879977,4977339.8825702,-1.40165098316276,9.943,3
240,1,0,accepted,0.0550566902166523,-0.0553998646953496,484223.185601759,4977338.55269181,-1.39606879894157,11.343,3
241,1,0,accepted,0.0687259072536125,-0.061329474121403,484223.428797605,4977337.25167086,-1.38929977333568,10.094,3
242,1,0,accepted,0.0769009390303494,-0.0435797091120087,484223.691325717,4977335.93644503,-1.3828949239503,9.723,3
243,1,0,accepted,0.0884272718894988,-0.019090059579309,484223.957466994,4977334.61295487,-1.37640432586848,9.511,3
244,1,0,accepted,0.1063013413639,0.0151021645437017,484224.227637021,4977333.28557312,-1.3701133187542,9.317,3
245,1,0,accepted,0.119653090618107,0.0788018856617598,484224.514532581,4977331.94885124,-1.36414828736276,10.655,3
246,1,0,accepted,0.10342454058368,0.0877139506287469,484224.838049766,4977330.64861864,-1.36029807708761,11.713,3
247,1,0,accepted,0.0820905829254438,0.0414887655210051,484225.18892887,4977329.34883878,-1.35834750649116,10.356,3
248,1,0,accepted,0.0804212483486804,0.0181599542247196,484225.493603994,4977328.00653959,-1.35682593813136,10.701,3
249,1,0,accepted,0.0777041957372516,0.0599260258492038,484225.814444811,4977326.67430565,-1.35390014880283,11.717,3
250,1,0,accepted,0.0733884799933574,-0.00439067645595934,484226.141136252,4977325.32166812,-1.35288291032436,10.048,3
251,1,0,accepted,0.0560798406008249,-0.10743944541178,484226.488031711,4977323.97047159,-1.35299618701328,11.941,3
252,1,0,accepted,0.0340392132519647,-0.196589286737715,484226.846414057,4977322.62291459,-1.35301839838474,10.639,3
253,1,0,accepted,0.0352338741851938,-0.149957950825663,484227.178612147,4977321.27563887,-1.35093688140236,11.993,3
254,1,0,accepted,0.0386953507237357,-0.160525725786197,484227.503900391,4977319.95582864,-1.34935949014277,11.915,3
255,1,0,accepted,0.0393083590111206,-0.155038153948732,484227.841311566,4977318.60570615,-1.34744181394214,12.922,3
256,1,0,accepted,0.0284332631991509,-0.0711117574716278,484228.189162964,4977317.2739529,-1.34477073470923,10.563,3
257,1,0,accepted,0.0313999623631938,-0.0679997571319294,484228.529855001,4977315.92777767,-1.34329968068019,10.33,3
258,1,0,accepted,0.0369907881048997,-0.0368928030985028,484228.87648693,4977314.55939221,-1.342513346698,10.618,3
259,1,0,accepted,0.0446386554945421,-0.043385074051924,484229.216587598,4977313.21062731,-1.34110709815402,9.234,3
260,1,0,accepted,0.0496955083018487,-0.0468514863461741,484229.565577215,4977311.84415075,-1.34051355329732,11.859,3
261,1,0,accepted,0.0511665206391031,-0.0423503505650902,484229.911106202,4977310.50723117,-1.33956962605611,10.287,3
262,1,0,accepted,0.0529358202544293,-0.0402467925169552,484230.264372367,4977309.14634269,-1.33850230324598,11.966,3
263,1,0,accepted,0.0433742939749379,-0.100251997196123,484230.636394251,4977307.80358357,-1.33928947316872,12.06,3
264,1,0,accepted,0.0510977416188749,-0.145546297934948,484230.987725966,4977306.44521105,-1.33873693313851,11.138,3
265,1,0,accepted,0.0543064745878615,-0.119842100963952,484231.348643989,4977305.05593036,-1.33801715338925,10.471,3
266,1,0,accepted,0.0533760844417254,-0.0174611616438522,484231.713574058,4977303.69059358,-1.33582644748975,9.885,3
267,1,0,accepted,0.0468545054593131,0.0352364004427014,484232.079766588,4977302.32339701,-1.33432266832933,9.839,3
268,1,0,accepted,0.0403417374252503,0.0229414311542872,484232.448823857,4977300.93509296,-1.33360108797849,9.944,3
269,1,0,accepted,0.0358322795471403,0.0109735385727304,484232.819840847,4977299.54327445,-1.33298753572121,9.67,3
270,1,0,accepted,0.0370950043559108,0.0551623922233836,484233.191710884,4977298.14808885,-1.33188609276927,9.736,3
271,1,0,accepted,0.0384179039630693,0.091867684971251,484233.572098089,4977296.74145564,-1.33096899180059,10.547,3
272,1,0,accepted,0.0509068769790367,0.071292008657358,484233.933983507,4977295.34842638,-1.33122056287002,10.476,3
273,1,0,accepted,0.056119191063544,0.11721298274716,484234.304411278,4977293.95284502,-1.33085424245901,9.427,3
274,1,0,accepted,0.0534964359116869,0.169977533400597,484234.675704138,4977292.57975375,-1.33023494989837,10.299,3
275,1,0,accepted,0.0596254083984369,0.160733827802598,484235.048010806,4977291.17637737,-1.33144195143841,9.571,3
276,1,0,accepted,0.0703392886079861,0.118073275488063,484235.419007553,4977289.76558106,-1.33309080816216,9.262,3
277,1,0,accepted,0.0800062218035106,0.116258939539191,484235.786954354,4977288.35343649,-1.33423553113792,9.449,3
278,1,0,accepted,0.0972451580013978,0.108374488924447,484236.144808364,4977286.94162342,-1.33517138392297,9.278,3
279,1,0,accepted,0.123502855111695,0.146086884654514,484236.502064786,4977285.5059736,-1.33660070093896,9.489,3
280,1,0,accepted,0.151752693481296,0.109415178146031,484236.850920892,4977284.08478886,-1.33834510701718,9.174,3
281,1,0,accepted,0.129747141481494,0.146371106415169,484237.223191856,4977282.69951185,-1.33963701995737,10.618,3
282,1,0,accepted,0.119104484910356,0.16096867822414,484237.590419697,4977281.30378157,-1.34175888577052,10.295,3
283,1,0,accepted,0.110312347094504,0.253885078660743,484237.953957054,4977279.92006579,-1.34207946950489,9.321,3
284,1,0,accepted,0.0973380472496102,0.242259420799508,484238.331628116,4977278.52993272,-1.3457056530691,9.235,3
285,1,0,accepted,0.119415298050687,0.413735107121423,484238.700884062,4977277.1772904,-1.34620162766351,9.338,3
286,1,0,accepted,0.0668246666353056,0.15555843886877,484239.102595914,4977275.69544569,-1.35438671897668,9.173,3
287,1,0,accepted,0.0298838548630183,-0.0294543744441857,484239.470943569,4977274.2639546,-1.36022978678708,10.009,3
288,1,0,accepted,0.0371229409247514,0.0558675822845671,484239.808171291,4977272.82475093,-1.36225175639186,9.558,3
289,1,0,accepted,0.0284464599481758,-0.0877595290583774,484240.160426115,4977271.355309,-1.36765842326437,9.712,3
290,1,0,accepted,0.0428313048244193,-0.0119348495761541,484240.484036601,4977269.91474775,-1.36988082080706,9.588,3
291,1,0,accepted,0.0458319017928607,0.0115030683090665,484240.818423137,4977268.46786976,-1.37287131037094,9.655,3
292,1,0,accepted,0.0523487164558884,0.0637787624919418,484241.143722301,4977267.01988466,-1.37530526379505,9.757,3
293,1,0,accepted,0.0507435170471572,0.117693152194725,484241.469708232,4977265.61395451,-1.37811356022397,10.533,3
294,1,0,accepted,0.0510072559712763,0.135181554811081,484241.791603355,4977264.15863795,-1.38161667430089,9.376,3
295,1,0,accepted,0.034041264651432,-0.0519436923589139,484242.138551077,4977262.66964524,-1.38783350400703,10.734,3
296,1,0,accepted,0.0374747437711942,-0.119053005470784,484242.450251743,4977261.21432085,-1.39202495810206,9.544,3
297,1,0,accepted,0.046768970071359,-0.176981305607029,484242.750992592,4977259.75936805,-1.39620330028517,10.695,3
298,1,0,accepted,0.0576122471947608,-0.18040160424091,484243.041780913,4977258.30552644,-1.39957351346653,10.105,3
299,1,0,accepted,0.0494605558263551,-0.25316814197891,484243.338464138,4977256.8620683,-1.40429329950394,9.742,3
300,1,0,accepted,0.066232628513038,-0.192947077528463,484243.613355223,4977255.42241274,-1.40645989417552,9.537,3
301,1,0,accepted,0.0694340632569167,-0.0661939189937884,484243.893966751,4977253.98774868,-1.40717480653651,11.06,3
302,1,0,accepted,0.0584672635759332,-0.00514360446414266,484244.186645003,4977252.56050763,-1.40942255228835,10.117,3
303,1,0,accepted,0.0323276714808215,0.0239111784731928,484244.489366497,4977251.1224407,-1.41185388866382,11.163,3
304,1,0,accepted,0.0253995373644798,0.0548007030574595,484244.770882996,4977249.68255927,-1.41450417899348,11.039,3
305,1,0,accepted,0.0227091036848579,0.0276745940722849,484245.041655689,4977248.25480657,-1.41820167910109,9.468,3
306,1,0,accepted,0.0274672702536419,-0.0273320177865352,484245.301398031,4977246.82378146,-1.42190389571329,9.518,3
307,1,0,accepted,0.0357512924843095,-0.0644081918877581,484245.550215534,4977245.38565228,-1.42578499453719,8.568,3
308,1,0,accepted,0.0397094652227176,-0.0421512138025003,484245.795621266,4977243.94988194,-1.42857132608374,10.347,3
309,1,0,accepted,0.0489859835063216,-0.00521138612177531,484246.030664851,4977242.51643686,-1.43105976598585,9.458,3
310,1,0,accepted,0.0427781332873732,0.0479668951077736,484246.276879842,4977241.09947411,-1.43336976858399,9.625,3
311,1,0,accepted,0.0552553785231235,0.0153372007729171,484246.499119096,4977239.64464557,-1.43670209887426,8.909,3
312,1,0,accepted,0.0491589204619775,0.0293985661854971,484246.73375734,4977238.20835684,-1.43886729165373,9.798,3
313,1,0,accepted,0.0473204675188049,-0.0486550736410331,484246.954812661,4977236.80608396,-1.44202083187014,10.823,3
314,1,0,accepted,0.0587152184600478,-0.00133264019311435,484247.167799058,4977235.37590289,-1.44404906076498,11.048,3
315,1,0,accepted,0.0732164569551934,0.00988931632207161,484247.378973311,4977233.94696515,-1.44623544399805,13.113,3
316,1,0,accepted,0.0685505373965316,0.0825234481774148,484247.595132381,4977232.56399497,-1.44818850311689,9.621,3
317,1,0,accepted,0.0856372829399934,0.210718247317478,484247.790523194,4977231.17355135,-1.44841971640296,9.584,3
318,1,0,accepted,0.0530447917991227,-0.148300255255529,484248.074311866,4977229.78625098,-1.45681859565543,9.651,3
319,1,0,accepted,0.0611113233427466,-0.0996071000294799,484248.269197479,4977228.37189837,-1.45811756145689,8.49,3
320,1,0,accepted,0.0595123277563384,-0.148688729050656,484248.473818445,4977226.94905525,-1.46078374352548,9.65,3
321,1,0,accepted,0.0589975106341399,-0.208574232356005,484248.67318314,4977225.53129143,-1.46403704565782,8.778,3
322,1,0,accepted,0.0571884154126223,-0.045809342783851,484248.863983421,4977224.10953146,-1.46344303402056,10.235,3
323,1,0,accepted,0.042109607049228,-0.11901530165517,484249.068456056,4977222.67349358,-1.46695211892957,9.359,3
324,1,0,accepted,0.0366750157947985,-0.0871312301144147,484249.254923223,4977221.24403964,-1.46865348210554,9.421,3
325,1,0,accepted,0.0319035612594554,-0.136617931623306,484249.436456739,4977219.78179882,-1.47168503508347,9.363,3
326,1,0,accepted,0.0310584768069648,-0.252747474160877,484249.618905419,4977218.35060167,-1.47550939942772,10.359,3
327,1,0,accepted,0.0574845482587021,-0.265927380776806,484249.790258354,4977216.92063619,-1.47742681198596,9.982,3
328,1,0,accepted,0.0498675996521953,-0.122133875905528,484249.958632274,4977215.49912818,-1.47698631391784,9.598,3
329,1,0,accepted,0.0413174667149883,-0.06234414155438,484250.14182223,4977214.07851945,-1.47676539348878,10.116,3
330,1,0,accepted,0.0476991264920892,-0.0547159087763543,484250.309639415,4977212.64221795,-1.47894112250353,8.882,3
331,1,0,accepted,0.0513644359369002,-0.0248783400425277,484250.476892846,4977211.21732405,-1.47991106438647,9.287,3
332,1,0,accepted,0.0576005046833772,-0.0547846306036354,484250.639756591,4977209.77946968,-1.48056683204069,9.985,3
333,1,0,accepted,0.0578798996565559,0.00949099998738918,484250.805071806,4977208.34788917,-1.481839685287,10.234,3
334,1,0,accepted,0.0581794137270036,0.0365126429282104,484250.976130714,4977206.9001203,-1.48297586778731,10.5,3
335,1,0,accepted,0.0695378454604693,0.0127510859773896,484251.146139075,4977205.44714215,-1.48426468299108,10.146,3
336,1,0,accepted,0.0553003864863712,-0.137896800038155,484251.328763384,4977204.01887221,-1.48837080819871,11.778,3
337,1,0,accepted,0.0529675920125058,-0.0156578757175158,484251.453930828,4977202.60910931,-1.48802161708704,9.386,3
338,1,0,accepted,0.0147219138702524,-0.287600150501388,484251.644926758,4977201.20933224,-1.4936486106463,9.672,3
339,1,0,accepted,0.029608071605878,-0.200139583468472,484251.781973271,4977199.78904263,-1.49421087543335,9.458,3
340,1,0,accepted,0.0441842109631104,-0.119782384072176,484251.921892634,4977198.33976434,-1.49461204202502,9.359,3
341,1,0,accepted,0.0332245173759843,-0.181990633256511,484252.081470089,4977196.93693172,-1.49736206863276,8.772,3
342,1,0,accepted,0.0359622703614463,-0.123254670120744,484252.227575616,4977195.49561407,-1.49774570683677,9.588,3
343,1,0,accepted,0.0456157411196737,-0.140512840913346,484252.367316787,4977194.05407098,-1.49946395928005,9.954,3
344,1,0,accepted,0.0586628035424832,-0.137514699990808,484252.505270953,4977192.60687829,-1.50045419848927,9.376,3
345,1,0,accepted,0.0731377192392913,-0.177518434120368,484252.63544627,4977191.1629834,-1.50224513809077,8.938,3
346,1,0,accepted,0.0743442497261871,-0.0936096532846749,484252.769737726,4977189.75308817,-1.50189261494793,10.812,3
347,1,0,accepted,0.0568378170700499,-0.0419406772062694,484252.91591223,4977188.35212904,-1.5015432496992,10.064,3
348,1,0,accepted,0.0574357386658863,-0.0210166614999388,484253.050477614,4977186.92800257,-1.50208778899642,9.27,3
349,1,0,accepted,0.0422139857963944,0.0195025287283383,484253.198735921,4977185.52602386,-1.5018906732738,9.005,3
350,1,0,accepted,0.0473465346754454,0.0290111103798841,484253.327611438,4977184.11393792,-1.50213345764847,9.555,3
351,1,0,accepted,0.0509530092910667,0.0668338764365025,484253.456666979,4977182.68193937,-1.50140163954001,9.391,3
352,1,0,accepted,0.0564977260915465,0.0610867421331774,484253.581275783,4977181.27696135,-1.50138368802788,8.921,3
353,1,0,accepted,0.0521314077995952,0.077652953615607,484253.717751049,4977179.86544589,-1.50123952885668,9.679,3
354,1,0,accepted,0.0611093047696595,0.0258612349571856,484253.842908762,4977178.44066385,-1.50208178461908,9.53,3
355,1,0,accepted,0.0665509039757423,0.00657771767850147,484253.971925637,4977177.03843537,-1.50247374646844,10.88,3
356,1,0,accepted,0.0736603272995501,0.0129352759301045,484254.099344691,4977175.6317894,-1.50246554547264,10.433,3
357,1,0,accepted,0.0778828175241742,0.0264984648397008,484254.227497791,4977174.22248712,-1.5023460398907,10.681,3
358,1,0,accepted,0.0680043212216232,0.0661871190942492,484254.352958589,4977172.79321925,-1.50176126559806,8.771,3
359,1,0,accepted,0.0534779124219221,0.113671452311953,484254.483570462,4977171.38888668,-1.50070544479198,9.146,3
360,1,0,accepted,0.0425548868757057,0.108675703423771,484254.611746847,4977169.97789097,-1.50064624114627,11.403,3
361,1,0,accepted,0.0402371120145845,0.116336896610917,484254.737551214,4977168.57479212,-1.50021625749878,9.602,3
362,1,0,accepted,0.0297578929701178,0.0789749883311688,484254.859227812,4977167.14938636,-1.50050746098308,9.283,3
363,1,0,accepted,0.022097956060607,0.0549683378117098,484254.978646552,4977165.71128296,-1.50065637930085,8.385,3
364,1,0,accepted,0.0156444471977451,0.000876702726041638,484255.101794392,4977164.30292555,-1.50143176497548,8.546,3
365,1,0,accepted,0.0272131007110957,-0.0289161060672233,484255.212454633,4977162.87783918,-1.50139194793327,9.988,3
366,1,0,accepted,0.0349997326846765,-0.0181098665931669,484255.332564226,4977161.44971451,-1.50062311175753,8.915,3
367,1,0,accepted,0.0399119082206468,-0.0278302375795397,484255.448389386,4977160.02961093,-1.50010935913992,7.925,3
368,1,0,accepted,0.0416105445864756,0.0298961511024728,484255.568085758,4977158.60011295,-1.4984645034995,9.375,3
369,1,0,accepted,0.0546921051137852,0.0444794471833783,484255.689193197,4977157.16845135,-1.4975086727438,8.836,3
370,1,0,accepted,0.0675583839363401,0.0672658503356655,484255.816636067,4977155.74084584,-1.49636526231934,9.16,3
371,1,0,accepted,0.0906019464260828,0.102543915455554,484255.936831253,4977154.29138512,-1.49501226439773,7.792,3
372,1,0,accepted,0.110037656234004,0.157505616110575,484256.059207287,4977152.8814706,-1.49339270413381,8.813,3
373,1,0,accepted,0.145660648576544,0.220205034956314,484256.163725726,4977151.43343819,-1.49033295291205,8.608,3
374,1,0,accepted,0.111616922094186,0.1858839364309,484256.342478825,4977150.01527698,-1.48965843425419,10.42,3
375,1,0,accepted,0.0953677297896925,0.0625905340501001,484256.516063674,4977148.60246483,-1.48983699408525,10.873,3
376,1,0,accepted,0.0906522978456102,-0.016425798405581,484256.686581644,4977147.17261397,-1.48918450946789,9.991,3
377,1,0,accepted,0.106951718113295,-0.12025679068396,484256.869412138,4977145.77830838,-1.48964942442373,9.253,3
378,1,0,accepted,0.0492683615299327,-0.33654806149341,484257.016779504,4977144.29908464,-1.49157186709921,9.657,3
379,1,0,accepted,0.0457121542998533,-0.322493993317242,484257.162338101,4977142.86765729,-1.48991336223057,8.88,3
380,1,0,accepted,0.049839063923857,-0.372679537682308,484257.31076559,4977141.43269203,-1.48909723027082,9.334,3
381,1,0,accepted,0.0611124970305452,-0.349436087917834,484257.45845952,4977139.98385363,-1.48725624014672,8.836,3
382,1,0,accepted,0.0563338718816885,-0.247073928044841,484257.624933511,4977138.59140525,-1.48397353600959,9.078,3
383,1,0,accepted,0.0672423985604137,-0.147702966248518,484257.776630237,4977137.1621908,-1.48078611881478,9.445,3
384,1,0,accepted,0.0652308243220523,0.0789228133801892,484257.943911815,4977135.72621383,-1.47589777818964,10.134,3
385,1,0,accepted,0.0768861882869589,0.134965818634642,484258.098955879,4977134.34340781,-1.47361941014088,9.945,3
386,1,0,accepted,0.0703381713031278,-0.0243527328425896,484258.275898357,4977132.90140444,-1.47452936978247,8.42,3
387,1,0,accepted,0.0526583383419986,0.00765629571221715,484258.463024829,4977131.49504833,-1.47288019170909,9.417,3
388,1,0,accepted,0.0511932741186264,-0.0228837237433718,484258.632368482,4977130.08937908,-1.47203393347854,8.668,3
389,1,0,accepted,0.0505442612777258,-0.0598041751989436,484258.802662338,4977128.67204475,-1.47108582046735,9.246,3
390,1,0,accepted,0.0543579660882183,0.00879426429337088,484258.965172434,4977127.28814933,-1.46838710278407,10.992,3
391,1,0,accepted,0.0545618724479016,-0.0394014779086661,484259.137945912,4977125.8946337,-1.46771589867226,11.614,3
392,1,0,accepted,0.0700890225937704,0.0372479313447947,484259.29961295,4977124.51409332,-1.46542210040975,8.109,3
393,1,0,accepted,0.0716302423780711,0.026190672964974,484259.478257391,4977123.13227182,-1.46408928938591,8.292,3
394,1,0,accepted,0.0740155167942063,0.0346727884083353,484259.651960804,4977121.73012776,-1.46260106574639,8.558,3
395,1,0,accepted,0.067560171550416,-0.0100324793359751,484259.829499604,4977120.30452215,-1.46225119443011,8.554,3
396,1,0,accepted,0.0581551613213306,-0.0302789618796981,484260.018109942,4977118.92279799,-1.46161639417758,8.698,3
397,1,0,accepted,0.0555129195376569,-0.0580457328441369,484260.203679059,4977117.5152915,-1.46098462183834,9.722,3
398,1,0,accepted,0.0480236518719338,-0.0461268033986311,484260.392534674,4977116.1424126,-1.4593371772175,9.329,3
399,1,0,accepted,0.0366000527525489,0.00842287916814284,484260.591230041,4977114.74920766,-1.45738968260804,9.878,3
400,1,0,accepted,0.0409838208620672,0.0140301598954715,484260.773475643,4977113.36058462,-1.45607983594025,9.21,3
401,1,0,accepted,0.0523310517910293,0.105139902930845,484260.953766805,4977111.97998604,-1.45284525618481,9.096,3
402,1,0,accepted,0.0655763073802446,0.0984891610305535,484261.139259453,4977110.60650596,-1.45133903981173,7.95,3
403,1,0,accepted,0.0733659245621462,0.112631080646974,484261.321143209,4977109.23021427,-1.44963821449216,7.862,3
404,1,0,accepted,0.085691489478524,0.0988054980476517,484261.506188619,4977107.83638068,-1.44788667766758,9.143,3
405,1,0,accepted,0.0930118378719168,0.0369814013369886,484261.68792967,4977106.48201735,-1.44683888317205,9.286,3
406,1,0,accepted,0.100395545335686,0.0409517020232041,484261.879552527,4977105.12204564,-1.4445113166102,8.922,3
407,1,0,accepted,0.0824000783512128,-0.0140942264984861,484262.110103227,4977103.78541502,-1.44321322276157,9.034,3
408,1,0,accepted,0.0812509506279493,-0.0695616657910357,484262.307632799,4977102.42345821,-1.44191747283793,8.932,3
409,1,0,accepted,0.0775221070250787,-0.109450685173085,484262.513375025,4977101.05252113,-1.44049374380243,9.386,3
410,1,0,accepted,0.0638727706447898,-0.189263717021945,484262.734153222,4977099.69821048,-1.43960696060263,9.253,3
411,1,0,accepted,0.0514690615571275,-0.238325380153779,484262.930232696,4977098.31513536,-1.4382095281778,8.414,3
412,1,0,accepted,0.0479275592298972,-0.172558094365597,484263.143149957,4977096.96823685,-1.43550421949562,9.528,3
413,1,0,accepted,0.0473686709185893,-0.0428490460987975,484263.359836933,4977095.61144562,-1.43142062813214,10.401,3
414,1,0,accepted,0.0368461593566707,0.0320588241108451,484263.587317133,4977094.273261,-1.42781611516212,10.289,3
415,1,0,accepted,0.0295951760797581,0.0993017542432925,484263.809316634,4977092.9406897,-1.42494257560556,10.168,3
416,1,0,accepted,0.0272493570047411,0.0381154026576242,484264.030642662,4977091.60939123,-1.42382165789779,9.855,3
417,1,0,accepted,0.0249766299849282,0.0496677151294543,484264.251661035,4977090.28102748,-1.42146098752329,9.388,3
418,1,0,accepted,0.0248761414124915,0.0623517131092948,484264.475764642,4977088.98469066,-1.4195822203296,9.135,3
419,1,0,accepted,0.029985151209579,0.0655716393543024,484264.699981506,4977087.66935248,-1.41711869615199,9.585,3
420,1,0,accepted,0.0334300240470895,0.074613845849337,484264.921155613,4977086.33805699,-1.41499890858626,8.781,3
421,1,0,accepted,0.0383435898490138,0.130702330225181,484265.147660236,4977085.01336251,-1.41218018467293,9.372,3
422,1,0,accepted,0.047634835089384,0.166896839772214,484265.375449991,4977083.67377265,-1.40992706404926,7.842,3
423,1,0,accepted,0.0589096415093153,0.21148957789948,484265.603098304,4977082.34463475,-1.40756282816991,9.32,3
424,1,0,accepted,0.0714442159750038,0.20098794832044,484265.826427942,4977081.04513062,-1.40601041663944,8.529,3
425,1,0,accepted,0.0437817139941324,-0.132551278061649,484266.109608421,4977079.70651407,-1.41027884760893,11.288,3
426,1,0,accepted,0.0608360955381129,-0.0514175794658319,484266.349547626,4977078.37548131,-1.40664982322678,11.327,3
427,1,0,accepted,0.0794175027186236,0.0199502161338474,484266.584831306,4977077.04427904,-1.40431637883664,9.857,3
428,1,0,accepted,0.0887990508344801,0.108747967150918,484266.827743487,4977075.72092294,-1.40116382006408,10.591,3
429,1,0,accepted,0.0882174041139251,0.126693043189612,484267.079265094,4977074.41040548,-1.39958760646834,10.377,3
430,1,0,accepted,0.0101152054270592,-0.00723452041545186,484267.373894264,4977073.14511881,-1.40014227892483,13.082,3
431,1,0,accepted,0.0231222209389577,-0.0110300900027775,484267.614901847,4977071.87176477,-1.39832596119386,11.432,3
432,1,0,accepted,0.0247346882148952,0.00230352177172268,484267.870100627,4977070.5668069,-1.3963323348192,11.573,3
433,1,0,accepted,0.0248417437462895,0.0411394389716053,484268.119132971,4977069.24360355,-1.39431427242662,10.191,3
434,1,0,accepted,0.0209022627476686,0.0450099617132065,484268.379324402,4977067.9236807,-1.3924229694528,9.672,3
435,1,0,accepted,0.031644838995836,0.0437773574768872,484268.640742534,4977066.58965042,-1.39099679039495,10.181,3
436,1,0,accepted,0.0394490582028621,-0.0383623486034583,484268.899652122,4977065.26993154,-1.39047558820377,10.373,3
437,1,0,accepted,0.0426430707031856,-0.0247620061871064,484269.171049705,4977063.96063179,-1.38850817446441,10.169,3
438,1,0,accepted,0.0386407417431102,-0.0578431737340251,484269.44218408,4977062.6519208,-1.38681346550695,11.892,3
439,1,0,accepted,0.0446256854739249,-0.00820557663534074,484269.701723644,4977061.33408523,-1.38402216169742,11.832,3
440,1,0,accepted,0.0574796176756906,0.0250739600898512,484269.950030881,4977060.03043497,-1.38121143070124,11.385,3
441,1,0,accepted,0.0553348297736636,0.0349371808133155,484270.231331947,4977058.72430798,-1.37871274748131,11.408,3
442,1,0,accepted,0.0557816759429323,-0.00756202448701712,484270.509482676,4977057.41655024,-1.37743153957144,11.975,3
443,1,0,accepted,0.0754832543075173,0.00282723674093158,484270.761397772,4977056.11741824,-1.37482084193959,11.094,3
444,1,0,accepted,0.0610130067792426,0.011716864168364,484271.057087969,4977054.82874997,-1.37271309080228,11.521,3
445,1,0,accepted,0.0591456248115727,0.0390669696095816,484271.344537575,4977053.52582997,-1.36987180354927,9.974,3
446,1,0,accepted,0.0597326489107667,0.0554325755089654,484271.630989939,4977052.22721636,-1.36663507266178,10.435,3
447,1,0,accepted,0.0639471498202133,0.064860660309171,484271.920233255,4977050.92034048,-1.36385172967256,10.665,3
448,1,0,accepted,0.0668504830454302,0.0540421252985368,484272.215344992,4977049.60952668,-1.36111799974803,10.971,3
449,1,0,accepted,0.0715853343253586,0.00110628907752018,484272.511104062,4977048.31114302,-1.35890633334136,10.678,3
450,1,0,accepted,0.0133334585243316,-0.204023873558609,484272.85811754,4977047.05696343,-1.35920711241996,10.547,3
451,1,0,accepted,0.0210313419527681,-0.199326471677933,484273.153680782,4977045.77956676,-1.35588148485707,10.011,3
452,1,0,accepted,0.031181545005724,-0.314678632956989,484273.451267538,4977044.49235979,-1.35486550011063,10.653,3
453,1,0,accepted,0.0415296620805274,-0.221585591332855,484273.756673292,4977043.23792386,-1.34968511040519,11.657,3
454,1,0,accepted,0.0411774945637128,-0.139597068595762,484274.077316405,4977041.97237714,-1.34494272096134,12.107,3
455,1,0,accepted,0.036817717979732,-0.110079967790692,484274.389753536,4977040.68868611,-1.34046233147851,11.612,3
456,1,0,accepted,0.0516968363965101,-0.058821531554314,484274.695691966,4977039.40616008,-1.33542442633268,11.91,3
457,1,0,accepted,0.045976403435683,0.100601793954197,484275.023012033,4977038.15517467,-1.32877234932084,12.383,3
458,1,0,accepted,0.0245619336610451,0.177180668761209,484275.37472565,4977036.91580293,-1.32322289955003,12.905,3
459,1,0,accepted,0.0264074154515925,0.239299925730235,484275.710236616,4977035.67755682,-1.31833391784804,10.819,3
460,1,0,accepted,0.0323407246817505,0.161188513871908,484276.037103669,4977034.43078198,-1.31548895894449,11.42,3
461,1,0,accepted,0.0357516755789827,0.0893536555359511,484276.380195358,4977033.1726221,-1.31252416678517,11.562,3
462,1,0,accepted,0.042164660051207,0.0351598096497252,484276.717512776,4977031.9497436,-1.30923511246151,10.712,3
463,1,0,accepted,0.0435966931941657,0.00933694708718414,484277.070134806,4977030.71231466,-1.30518485979966,9.514,3
464,1,0,accepted,0.0848469739374031,-0.00155930630639139,484277.431350512,4977029.59597618,-1.30084992741126,10.723,3
465,1,0,accepted,0.0705706056318043,0.0576467004737361,484277.786470982,4977028.36460972,-1.29584778397011,10.524,3
466,1,0,accepted,0.0645127829287928,0.0878126566308642,484278.141774263,4977027.14217156,-1.29132736302156,9.043,3
467,1,0,accepted,0.0546477017090184,0.111408698713159,484278.505312123,4977025.92614007,-1.28646624200004,10.172,3
468,1,0,accepted,0.0627001228015672,0.138288253684314,484278.866440183,4977024.72309302,-1.28193146009182,8.777,3
469,1,0,accepted,0.0533898583378598,0.0255116953821592,484279.250038153,4977023.5152115,-1.27950308823023,8.838,3
470,1,0,accepted,0.057104648235528,0.00946628074682367,484279.619346169,4977022.34267514,-1.27555273674195,9.748,3
471,1,0,accepted,0.0613338513965175,-0.0209020105874589,484279.998351269,4977021.16162054,-1.27176838472006,9.284,3
472,1,0,accepted,0.0661022429786197,-0.0181704926315238,484280.378040592,4977019.97528819,-1.26744246035889,9.328,3
473,1,0,accepted,0.0641272273270519,-0.0159034555485389,484280.764581556,4977018.78955689,-1.26307654738283,9.802,3
474,1,0,accepted,0.0638649274919715,0.0546929918726054,484281.161221097,4977017.60256512,-1.25792681900257,9.223,3
475,1,0,accepted,0.0556943671808268,0.0434410105919373,484281.569944034,4977016.42742656,-1.25408848053798,8.683,3
476,1,0,accepted,0.0426793268691767,-0.0767049584959947,484281.985915317,4977015.24619201,-1.25195611737633,9.19,3
477,1,0,accepted,0.035509339889954,-0.149362733226234,484282.393710328,4977014.08885508,-1.24937215725054,8.574,3
478,1,0,accepted,0.0279808204167229,-0.251838249655477,484282.816936394,4977012.91754887,-1.2474157379286,10.935,3
479,1,0,accepted,0.0410492407422487,-0.151059987517324,484283.222962826,4977011.7530986,-1.24164410701239,10.405,3
480,1,0,accepted,0.045831331722704,-0.216562856011121,484283.640717367,4977010.59682644,-1.23873784691937,10.616,3
481,1,0,accepted,0.0468745410913737,-0.16668691142993,484284.070620944,4977009.43367319,-1.2340582276243,10.982,3
482,1,0,accepted,0.0440354797395674,-0.0344374917502392,484284.504058099,4977008.28469665,-1.22797159154827,10.116,3
483,1,0,accepted,0.0458741793436826,-0.0200828298136295,484284.931800447,4977007.15203934,-1.22389553000381,10.206,3
484,1,0,accepted,0.046431980268325,-0.0158590471936925,484285.368454216,4977006.00842454,-1.21982121960497,11.45,3
485,1,0,accepted,0.0565927076847564,-0.0159914116288108,484285.803764525,4977004.85999355,-1.21589133940931,10.862,3
486,1,0,accepted,0.0663384449469004,-0.0510621686189616,484286.243542389,4977003.71297164,-1.21220422245296,11.224,3
487,1,0,accepted,0.0498965496233303,0.0484766506747229,484286.705951028,4977002.58860445,-1.20723746646949,11.094,3
488,1,0,accepted,0.0598966115055176,0.0112816149456563,484287.149226344,4977001.45461547,-1.20374866735802,10.251,3
489,1,0,accepted,0.0691606363369889,0.0822340161593033,484287.604161236,4977000.30858934,-1.19800174918617,10.256,3
490,1,0,accepted,0.0683531564434686,0.0938963220496395,484288.059693035,4976999.20239358,-1.1953597490429,10.044,3
491,1,0,accepted,0.0791202574550672,0.133532478436313,484288.515948946,4976998.07503667,-1.19098012806917,10.239,3
492,1,0,accepted,0.0606396144329641,0.0781183326321881,484288.999854536,4976996.96558019,-1.1881079288304,10.483,3
493,1,0,accepted,0.0481881032811234,-0.0354146872689306,484289.482820908,4976995.85872776,-1.18633015326146,11.461,3
494,1,0,accepted,0.0511136221139419,-0.0544002959793558,484289.960783245,4976994.74800771,-1.18317971641968,11.294,3
495,1,0,accepted,0.0740631584145031,-0.0249151022010239,484290.417817502,4976993.63638222,-1.1787054425085,11.755,3
496,1,0,accepted,0.0660564372882926,-0.0241400694932572,484290.909715481,4976992.52905262,-1.1755573091599,11.454,3
497,1,0,accepted,0.0476603460924656,-0.070075681194357,484291.41769837,4976991.41154407,-1.17304386001785,11.594,3
498,1,0,accepted,0.0434492320611292,-0.0221315473111372,484291.912227401,4976990.29690945,-1.16892530993003,9.668,3
499,1,0,accepted,0.0459066628588259,0.125601358805246,484292.409115047,4976989.19109151,-1.16260748622228,11.907,3
500,1,0,accepted,0.0435362514389548,0.00844158687539541,484292.917472487,4976988.09753906,-1.16107757965357,10.758,3
501,1,0,accepted,0.0372204296331164,-0.00832307563372706,484293.424305341,4976986.98719927,-1.15789332857544,11.306,3
502,1,0,accepted,0.0218523319803833,-0.14950238190955,484293.948678462,4976985.85248174,-1.1570957782198,10.662,3
503,1,0,accepted,0.0174498398195689,-0.195592911282236,484294.459469676,4976984.74788409,-1.15498452680128,10.395,3
504,1,0,accepted,0.0462050215754327,-0.15504189478284,484294.978507407,4976983.61701845,-1.14934588647668,11.087,3
505,1,0,accepted,0.0594255663183471,-0.135070348007058,484295.501718078,4976982.50259325,-1.14605899218712,10.025,3
506,1,0,accepted,0.0448540790363895,0.039249909336275,484296.033888021,4976981.41793195,-1.13978314448413,10.204,3
507,1,0,accepted,0.0440441856447874,0.117070420294408,484296.56299356,4976980.31902342,-1.13599977077722,10.553,3
508,1,0,accepted,0.040263037592758,0.0844834471598937,484297.087411199,4976979.22882114,-1.13424549922496,10.949,3
509,1,0,accepted,0.0292832512498295,0.00969612897885175,484297.613975756,4976978.1455135,-1.13334721583501,10.412,3
510,1,0,accepted,0.0124545216260449,-0.0412219971820234,484298.136716038,4976977.07489842,-1.13235357854991,11.629,3
511,1,0,accepted,0.0286671217437632,-0.0233329349221208,484298.662071588,4976975.97614452,-1.12993210324896,11.926,3
512,1,0,accepted,0.0553018091237051,0.0797543166919409,484299.178548723,4976974.90374041,-1.1265551658074,10.705,3
513,1,0,accepted,0.05888371916667,0.0632320506342295,484299.7150141,4976973.80988663,-1.12544095885316,11.267,3
514,1,0,accepted,0.063268606706039,0.0549840843220484,484300.253872624,4976972.71037786,-1.12452387912273,12.523,3
515,1,0,accepted,0.062801292549416,0.0218485804121754,484300.808815059,4976971.58665545,-1.12430116262024,11.982,3
516,1,0,accepted,0.0574531857835156,0.0286661629330386,484301.351724803,4976970.49953788,-1.12398171246997,12.28,3
517,1,0,accepted,0.0408597969447139,-0.0245515326732592,484301.919850269,4976969.3998895,-1.12498189526298,12.454,3
518,1,0,accepted,0.0399513472265615,-0.0388747133057827,484302.468636861,4976968.29238634,-1.12505401713207,12.319,3
519,1,0,accepted,0.0440907748464899,-0.0208694015877241,484303.014799457,4976967.18136191,-1.1246482994105,12.952,3
520,1,0,accepted,0.0467174692643767,0.0523729995933632,484303.562230376,4976966.08302337,-1.12347100528035,12.522,3
521,1,0,accepted,0.0478991418795508,0.088672563644362,484304.107963094,4976964.98855556,-1.12335786759264,14.258,3
522,1,0,accepted,0.0468722524221037,0.126907329489894,484304.663042194,4976963.89137704,-1.12400339799594,13.244,3
523,1,0,accepted,0.0416830632605373,0.0707315684483357,484305.218979342,4976962.7965244,-1.12581623072526,12.727,3
524,1,0,accepted,0.0491964791219968,0.0719098609942428,484305.765983616,4976961.69559379,-1.12717968592699,12.135,3
525,1,0,accepted,0.0738588103619792,0.130884340514473,484306.295952396,4976960.61468675,-1.12779230137755,13.041,3
526,1,0,accepted,0.0695919310719014,-0.00454971643334876,484306.840949592,4976959.50657596,-1.13065845138768,13.001,3
527,1,0,accepted,0.0692834803224981,0.0317536169444771,484307.380531416,4976958.39581978,-1.13213458016463,13.748,3
528,1,0,accepted,0.0701996134888248,0.0152540657900009,484307.929897101,4976957.28452878,-1.13399537047413,12.791,3
529,1,0,accepted,0.0618033347289017,0.00883136404512643,484308.468078341,4976956.17934006,-1.13635064153865,11.614,3
530,1,0,accepted,0.0543881680810587,0.0802077554369251,484309.011251693,4976955.06525486,-1.13796489677537,11.266,3
531,1,0,accepted,0.0426214233869165,0.0666992612243976,484309.557059649,4976953.94369907,-1.14122233731848,12.566,3
532,1,0,accepted,0.0339901420723576,0.0903029050796372,484310.092442679,4976952.82511748,-1.14404379739809,11.935,3
533,1,0,accepted,0.0228573881201687,0.0827366963110243,484310.637283873,4976951.69415774,-1.14801890038338,11.529,3
534,1,0,accepted,0.016784824471879,0.146619410690401,484311.168618379,4976950.58328845,-1.15096501139229,12.579,3
535,1,0,accepted,0.00606152724125052,0.10492494988731,484311.697325033,4976949.47330139,-1.1553324267715,13.738,3
536,1,0,accepted,0.00359017654619878,0.0558861352973115,484312.213501982,4976948.35984578,-1.15969166958906,12.828,3
537,1,0,accepted,0.0119424851012404,0.0976462482174578,484312.727571913,4976947.25402089,-1.16286561941643,12.42,3
538,1,0,accepted,0.00954443454634776,0.0757105646220196,484313.22830216,4976946.13237601,-1.16642023424769,13.128,3
539,1,0,accepted,0.00913563090036252,0.129844663504582,484313.730580464,4976944.99977907,-1.16923047495505,11.659,3
540,1,0,accepted,0.00966635156261443,0.272501602066393,484314.224738488,4976943.87357568,-1.17092670397026,11.955,3
541,1,0,accepted,0.0346980670358603,0.105346452566686,484314.69773295,4976942.71357811,-1.17754158778864,12.736,3
542,1,0,accepted,0.037138518575614,0.127615089580769,484315.175881932,4976941.60533158,-1.18104237411358,11.683,3
543,1,0,accepted,0.048449461790667,0.0976213304429288,484315.662950488,4976940.4418571,-1.18505801177314,9.86,3
544,1,0,accepted,0.04691810576648,0.077591513341677,484316.144001836,4976939.31390028,-1.18887690564031,10.029,3
545,1,0,accepted,0.0526824650893194,0.0987199941162244,484316.615774015,4976938.18367191,-1.19196153166466,9.709,3
546,1,0,accepted,0.0489947615808474,0.0707569542516003,484317.089148144,4976937.05067396,-1.19617719748047,10.49,3
547,1,0,accepted,0.0540695109871799,0.0772687955911681,484317.552997775,4976935.91623486,-1.19965502709426,10.829,3
548,1,0,accepted,0.0660668745382305,0.111959549453,484318.004983353,4976934.78240011,-1.20265049674021,9.252,3
549,1,0,accepted,0.0728236700883255,0.109637024491322,484318.465314949,4976933.63418366,-1.20643121592787,9.84,3
550,1,0,accepted,0.0852189254010412,0.17082993575155,484318.902995469,4976932.50873928,-1.20894317767437,9.351,3
551,1,0,accepted,0.0809664504833948,0.117856689130071,484319.360899746,4976931.36224451,-1.21402327521554,8.651,3
552,1,0,accepted,0.0863490869154563,0.161240627664192,484319.807638716,4976930.20140064,-1.21697098299965,8.552,3
553,1,0,accepted,0.0864683663703761,0.217849234228825,484320.256962935,4976929.03957177,-1.21968702285354,9.23,3
554,1,0,accepted,0.0515963014589317,0.139493002346216,484320.728930441,4976927.90885904,-1.22484299412037,9.796,3
555,1,0,accepted,0.0438660486659668,0.0877828683527519,484321.173036664,4976926.76782469,-1.22930825360317,12.25,3
556,1,0,accepted,0.0294860893171913,-0.030127771436952,484321.61116597,4976925.62600324,-1.23474893088665,10.819,3
557,1,0,accepted,0.0210363961913186,-0.112374620017626,484322.049361285,4976924.46788071,-1.23999537617746,10.244,3
558,1,0,accepted,0.0430006691064083,-0.0948097972974168,484322.484070906,4976923.26887411,-1.24341497415471,11.077,3
559,1,0,accepted,0.04645887696438,0.00492972554271311,484322.911054158,4976922.09262981,-1.2451139195692,10.202,3
560,1,0,accepted,0.0451868735987612,0.0276721125675185,484323.327773253,4976920.93145047,-1.24861485267745,10.317,3
561,1,0,accepted,0.0337975842548279,-0.00438073265961608,484323.740667391,4976919.78463443,-1.25263037028893,10.251,3
562,1,0,accepted,0.0293004153022742,0.0118772629009645,484324.144013456,4976918.61911434,-1.25571742409431,10.1,3
563,1,0,accepted,0.0262037644051761,-0.00520721000701701,484324.54294277,4976917.4695256,-1.25987461604221,10.374,3
564,1,0,accepted,0.0287438372672392,-0.0230907621821096,484324.946619828,4976916.29767842,-1.26341228474101,10.294,3
565,1,0,accepted,0.0354668621616483,-0.0521404779058572,484325.340500986,4976915.13024284,-1.26727138180887,9.648,3
566,1,0,accepted,0.031401406473053,-0.0446647474125435,484325.727290485,4976913.96721591,-1.27022781898474,9.03,3
567,1,0,accepted,0.0407603990030316,-0.0139898589095387,484326.098658226,4976912.78948814,-1.27310246822441,9.964,3
568,1,0,accepted,0.0713428841425311,0.14611882108361,484326.443466264,4976911.61863262,-1.27351984518735,10.396,3
569,1,0,accepted,0.0825636938324034,0.180316023914175,484326.808213888,4976910.4553928,-1.27616757971317,9.842,3
570,1,0,accepted,0.0967087993653983,0.243958127490715,484327.166832242,4976909.29324696,-1.27804465771696,9.431,3
571,1,0,accepted,0.120274398349708,0.378723906636987,484327.515294944,4976908.12230628,-1.2787161415215,10.747,3
572,1,0,accepted,0.105012795476604,0.240620079623132,484327.904553848,4976906.9350187,-1.28413025035185,10.683,3
573,1,0,accepted,0.0829981049196383,0.155374772432569,484328.293551091,4976905.75913939,-1.28850214517196,10.337,3
574,1,0,accepted,0.0619133278741844,0.0878329074873722,484328.675779931,4976904.58933051,-1.29242105030528,10.169,3
575,1,0,accepted,0.0700196251483466,0.170104458072512,484329.022415559,4976903.43341639,-1.29371208495293,10.685,3
576,1,0,accepted,0.0978677074100373,0.298084331597253,484329.347827319,4976902.27196738,-1.29404408265989,9.999,3
577,1,0,accepted,0.0694688678500264,0.123534556349047,484329.730183308,4976901.06979764,-1.29964992598151,10.905,3
578,1,0,accepted,0.0929703226833146,0.186006311388793,484330.054343743,4976899.89529168,-1.3005680756307,11.067,3
579,1,0,accepted,0.10470487641323,0.217312268151007,484330.38867664,4976898.71762549,-1.30233593622138,10.724,3
580,1,0,accepted,0.0564236662488961,0.202810843057586,484330.781603488,4976897.57696515,-1.30422907912169,10.752,3
581,1,0,accepted,0.0344897566297487,-0.093157843471292,484331.165139021,4976896.40879347,-1.31090425630176,10.805,3
582,1,0,accepted,0.0423849093133833,-0.106057732221485,484331.513588649,4976895.22934558,-1.31260103455534,11.172,3
583,1,0,accepted,0.0482237036694188,-0.0472849458196956,484331.8419779,4976894.07912581,-1.31364341183378,13.086,3
584,1,0,accepted,0.0499708399095211,-0.0738300895624988,484332.18198695,4976892.90038754,-1.3156256013013,12.71,3
585,1,0,accepted,0.0506782694874943,0.0520620438327077,484332.506634713,4976891.72401056,-1.3151002696386,11.971,3
586,1,0,accepted,0.0300706908653715,0.0471117497621785,484332.829480289,4976890.52089207,-1.31669136060299,12.681,3
587,1,0,accepted,0.024611509835285,-0.0591261807442061,484333.152544311,4976889.33023534,-1.31993902383334,10.224,3
588,1,0,accepted,0.0298034235076931,-0.0427031622814019,484333.471249411,4976888.15052917,-1.32113285774434,8.658,3
589,1,0,accepted,0.0387837377532292,-0.0463854307036316,484333.785711688,4976886.95921187,-1.32252283408733,8.968,3
590,1,0,accepted,0.0465713513569161,-0.0689319734764096,484334.101935792,4976885.78746784,-1.32443310426973,8.221,3
591,1,0,accepted,0.0546376788434968,-0.0530473135880706,484334.415930093,4976884.6166386,-1.32560760782808,8.728,3
592,1,0,accepted,0.0649012642841951,-0.0762875369122681,484334.726452685,4976883.44045013,-1.32747073489875,8.202,3
593,1,0,accepted,0.0733603343461971,-0.0699303789576185,484335.036936073,4976882.26700123,-1.32869916877605,9.109,3
594,1,0,accepted,0.0824167438363207,-0.0485827854214276,484335.343797802,4976881.104654,-1.32987594193652,8.862,3
595,1,0,accepted,0.0896383106973591,-0.0107482215232981,484335.653114118,4976879.93242902,-1.33075152730982,9.034,3
596,1,0,accepted,0.0938819859236562,0.0180874848720162,484335.956779144,4976878.77269473,-1.33181443483766,10.176,3
597,0,1,acceptedDirectional,0.108256889025663,0.108162972216131,484336.257323116,4976877.60568972,-1.33173882298625,12.905,2
598,0,1,acceptedDirectional,0.119718819365057,0.0904480351542612,484336.571463616,4976876.45187493,-1.33302252167832,9.377,2
599,1,0,accepted,0.12301559446498,0.553897116084183,484336.904916044,4976875.37547851,-1.32621157669821,9.106,3
600,1,0,accepted,0.132185873417115,0.647451692749307,484337.215575441,4976874.2242091,-1.32626616664042,9.366,3
601,1,0,accepted,0.119812637325564,0.596327438741024,484337.552434026,4976873.08434432,-1.32870452573907,8.591,3
602,1,0,accepted,0.0971466956310159,0.435377276829132,484337.894463341,4976871.94963738,-1.33317725613598,9.136,3
603,1,0,accepted,0.0790718466745459,0.299525816206002,484338.220275646,4976870.8047514,-1.33738846657751,8.445,3
604,1,0,accepted,0.0462756440572291,0.0567347252528977,484338.558594499,4976869.6602795,-1.34372888794279,7.592,3
605,1,0,accepted,0.050693347935392,-0.0185018265358597,484338.858008101,4976868.52915034,-1.34677951238116,8.106,3
606,1,0,accepted,0.0601480808651546,-0.0543236285633696,484339.146431162,4976867.39004378,-1.34962323353469,8.087,3
607,1,0,accepted,0.0427317990980382,-0.293865221123774,484339.459201966,4976866.24215694,-1.35636354315189,9.103,3
608,1,0,accepted,0.0505778504124217,-0.276300364151256,484339.728380606,4976865.11762249,-1.35858758078178,9.162,3
609,1,0,accepted,0.0559342644395152,-0.248938349281501,484339.994926415,4976864.00660383,-1.36083844170539,9.101,3
610,1,0,accepted,0.06582827427324,-0.109367313835225,484340.259591922,4976862.88445971,-1.36162305777039,9.7,3
611,1,0,accepted,0.0546245363874361,-0.216665676669769,484340.541719369,4976861.74162523,-1.36697449988318,9.552,3
612,1,0,accepted,0.0473727106623189,-0.0739470286137758,484340.783824001,4976860.6837332,-1.36794047666652,9.062,3
613,1,0,accepted,0.0298834185063828,-0.0910125486883158,484341.054205513,4976859.53974302,-1.37227019324203,8.897,3
614,1,0,accepted,0.0180596749616165,-0.225593190006734,484341.318210238,4976858.40017534,-1.37914832374352,9.92,3
615,1,0,accepted,0.0327326276541991,-0.12799182271497,484341.560740609,4976857.26219917,-1.38292260950987,9.32,3
616,1,0,accepted,0.0515226505296323,-0.146794617905083,484341.804857631,4976856.1129431,-1.38958602964042,8.25,3
617,1,0,accepted,0.047114103813295,-0.139676173469038,484342.046438554,4976854.99532079,-1.39630468377915,8.913,3
618,1,0,accepted,0.060479907832509,-0.301104389951317,484342.271801791,4976853.84068927,-1.40627424936592,8.939,3
619,1,0,accepted,0.0495366485762274,-0.0816392963628766,484342.492542702,4976852.73113054,-1.4105286775842,9.1,3
620,1,0,accepted,0.0504909085908578,-0.0494192467982471,484342.703968872,4976851.6232546,-1.41807145886755,7.917,3
621,1,0,accepted,0.0394895020197137,0.0692249402582266,484342.926825406,4976850.53167097,-1.42495097006149,8.231,3
622,1,0,accepted,0.0563273426990196,0.239349799407057,484343.126406364,4976849.42677799,-1.43191362301301,9.405,3
623,1,0,accepted,0.0730961811345438,0.249611396763559,484343.299018157,4976848.30012865,-1.44326554230947,8.268,3
624,1,0,accepted,0.078074350743823,0.275421208909563,484343.472475761,4976847.16812418,-1.45444179283368,8.077,3
625,1,0,accepted,0.0802743463698748,0.163447673688739,484343.631753302,4976846.01479441,-1.46856162381385,8.891,3
626,0,1,acceptedDirectional,0.0670345919837333,-0.47147555784409,484343.920467026,4976844.88545509,-1.49186790286713,10.574,2
627,0,1,acceptedDirectional,0.120723751785735,-0.694266869132894,484344.113370743,4976843.73346345,-1.5077487119199,11.251,2
628,0,1,acceptedDirectional,0.0974273612946468,-0.551287173079149,484344.203683275,4976842.60453764,-1.51729153610009,10.1,2
629,0,1,acceptedDirectional,0.0269958729208553,-0.149440288784419,484344.233886877,4976841.46661831,-1.52274334430305,10.783,2
630,1,0,accepted,0.0657406787319614,0.323823464880185,484344.231849223,4976840.35596793,-1.52619391565453,10.778,3
631,1,0,accepted,0.0199076070029855,0.162529877499035,484344.352846841,4976839.21376194,-1.54151497935912,10.295,3
632,1,0,accepted,0.0174210859460325,0.213184471560952,484344.409945311,4976838.07273552,-1.55323897455129,9.636,3
633,1,0,accepted,0.0305402908448785,0.2072073511083,484344.443952435,4976836.94999288,-1.56432626599699,9.986,3
634,1,0,accepted,0.0316460267468289,0.176579895617595,484344.470807903,4976835.82835411,-1.57618958554489,9.75,3
635,1,0,accepted,0.0342363938230786,0.172405502328532,484344.486821646,4976834.70114447,-1.5864716528671,10.018,3
636,1,0,accepted,0.0426402670231769,0.191598256545547,484344.481996535,4976833.57400747,-1.59562366170236,8.7,3
637,1,0,accepted,0.0410594069644434,0.155249937565456,484344.477334394,4976832.44332203,-1.60472414405945,9.271,3
638,1,0,accepted,0.0107032587575761,-0.0525080561533701,484344.488732893,4976831.28506267,-1.61557476723271,9.81,3
639,1,0,accepted,0.0166618315357044,-0.0664000055596197,484344.455867964,4976830.15923974,-1.6219635007634,8.854,3
640,1,0,accepted,0.0226136252544178,-0.0903677388564096,484344.414889594,4976829.01553494,-1.62770835357102,8.416,3
641,1,0,accepted,0.0418775606905729,0.0462513433866471,484344.354066418,4976827.89483274,-1.63033230812672,9.708,3
642,1,0,accepted,0.0436018086609738,0.0549933728767498,484344.304986758,4976826.75771891,-1.63495522649174,9.401,3
643,1,0,accepted,0.056104663646215,0.155792397996514,484344.24562879,4976825.62561267,-1.63780178221528,8.684,3
644,1,0,accepted,0.0458025068758324,0.106392852163842,484344.196242649,4976824.47588428,-1.64251977550538,8.486,3
645,1,0,accepted,0.036185882096077,0.0559862413496642,484344.128847871,4976823.29106982,-1.64695989708916,8.939,3
646,1,0,accepted,0.0326157960527601,0.0727951022181718,484344.06618156,4976822.15160108,-1.65031545042958,11.063,3
647,1,0,accepted,0.0269558097551127,0.0101853635242256,484344.000010036,4976820.9964596,-1.65488770356554,10.577,3
648,1,0,accepted,0.0309869437911008,-0.0293285244238121,484343.920139764,4976819.83344368,-1.65856915356819,10.838,3
649,1,0,accepted,0.028177545252893,0.00582716292672521,484343.8435129,4976818.66688014,-1.66029211427178,10.805,3
650,1,0,accepted,0.0297867333962771,-0.0234107980650696,484343.757549023,4976817.50426908,-1.66245221685837,9.702,3
651,1,0,accepted,0.0286406038041629,-0.0179864977057147,484343.671825554,4976816.33416287,-1.66396587084619,10.669,3
652,1,0,accepted,0.0132809159889486,0.028365980550921,484343.597335421,4976815.16219829,-1.66373484175412,10.791,3
653,1,0,accepted,0.0225137152549662,-0.00432756795519656,484343.496989839,4976813.98532661,-1.66482859139108,8.532,3
654,1,0,accepted,0.0304866020072883,-0.0414179219878956,484343.39721219,4976812.81942651,-1.66596774708502,8.776,3
655,1,0,accepted,0.0341095676745296,-0.0115191188182464,484343.300236009,4976811.63277829,-1.66590976775028,9.358,3
656,1,0,accepted,0.0304496625553935,0.0517881626879477,484343.209933101,4976810.44514209,-1.66526500085702,9.414,3
657,1,0,accepted,0.0446502877863342,0.0404666096009575,484343.10252684,4976809.26099997,-1.66561413633512,8.605,3
658,1,0,accepted,0.0388915163755209,0.116647676239401,484343.01211799,4976808.05716382,-1.66450872899447,9.233,3
659,1,0,accepted,0.0621071057989093,0.216845498516011,484342.897191206,4976806.87566094,-1.66299495561769,8.988,3
660,1,0,accepted,0.0738397511384025,0.249590155153085,484342.787046972,4976805.67468064,-1.66286128419181,8.682,3
661,1,0,accepted,0.0990107823353381,0.243857768485896,484342.667604928,4976804.48669825,-1.66326553882692,9.039,3
662,1,0,accepted,0.1016524650874,0.250727667247316,484342.569513059,4976803.28701518,-1.66366828145927,8.285,3
663,1,0,accepted,0.12581584153753,0.37484750099588,484342.453193563,4976802.09622716,-1.66242180364038,9.228,3
664,1,0,accepted,0.11961516350559,0.300103466645825,484342.360277261,4976800.87959543,-1.66385075578687,8.635,3
665,1,0,accepted,0.110849639944418,0.316240879613425,484342.264852018,4976799.65449859,-1.66432036479877,8.561,3
666,1,0,accepted,0.0852028413585088,0.346311338144065,484342.180263091,4976798.3910931,-1.6645343649039,10.092,3
667,1,0,accepted,0.0946308709391226,0.346452878362128,484342.072351532,4976797.15112556,-1.66552556312609,8.509,3
668,1,0,accepted,0.100430761704438,0.203133494681691,484341.970998384,4976795.909366,-1.66881861971089,8.166,3
669,1,0,accepted,0.0523610541654567,0.0497573451914802,484341.916453113,4976794.69648167,-1.67223724312183,9.183,3
670,1,0,accepted,0.0267105623748076,-0.0793802628708714,484341.829773108,4976793.49226732,-1.67486612777708,10.556,3
671,1,0,accepted,0.0121260837251383,-0.213098617560031,484341.74167736,4976792.26972363,-1.67760948944698,9.324,3
672,1,0,accepted,0.01469605627129,-0.165107210250802,484341.630051461,4976791.03824601,-1.67751400826474,9.897,3
673,1,0,accepted,0.026080803556855,-0.127590624544218,484341.517531733,4976789.79440066,-1.67758948302373,8.399,3
674,1,0,accepted,0.0282413450729219,-0.117857208924993,484341.405887574,4976788.5690603,-1.67797428699735,8.277,3
675,1,0,accepted,0.0326366402206713,-0.102418952039415,484341.289383154,4976787.34348633,-1.6780105844576,8.83,3
676,1,0,accepted,0.0371420931803119,-0.108951154241921,484341.173438289,4976786.11507433,-1.67853910838266,8.89,3
677,1,0,accepted,0.0484798378908447,-0.112585181762464,484341.052844976,4976784.87306713,-1.67921527106361,9.622,3
678,1,0,accepted,0.0548658224815682,-0.0844714353636015,484340.937122958,4976783.62767061,-1.67945971912005,9.581,3
679,1,0,accepted,0.0486213336174484,-0.0264052590767957,484340.836360427,4976782.36272794,-1.67903613130025,10.048,3
680,1,0,accepted,0.0490349859685325,0.00500156246700284,484340.723972781,4976781.14515761,-1.67932026813296,9.739,3
681,1,0,accepted,0.0462529795835079,-0.0275759845776746,484340.610517741,4976779.90378408,-1.68010173592919,9.321,3
682,1,0,accepted,0.0288919307276036,0.0685127946163876,484340.519504141,4976778.65783282,-1.67912319239455,10.995,3
683,1,0,accepted,0.0171939714514989,0.0293456702504922,484340.409892298,4976777.41946746,-1.68003453725552,10.64,3
684,1,0,accepted,0.00961117985692798,0.0201518637131828,484340.291294995,4976776.18151841,-1.6806116697251,10.376,3
685,1,0,accepted,0.0190480397985897,0.0123973951811957,484340.170415592,4976774.95191659,-1.68085048141152,8.68,3
686,1,0,accepted,0.0230038943013794,-0.0192773632815588,484340.055495423,4976773.70271246,-1.68161384119274,11.478,3
687,1,0,accepted,0.0321876124099672,0.003722497000329,484339.931252206,4976772.48028452,-1.6814991668473,9.352,3
688,1,0,accepted,0.038545541814188,0.00217846203544984,484339.807723999,4976771.23229144,-1.68191302212537,9.097,3
689,1,0,accepted,0.0440335170328742,0.00130021520243684,484339.683280955,4976769.98562051,-1.68213600092925,9.017,3
690,1,0,accepted,0.0310041118487501,-0.0714902966919717,484339.567982198,4976768.71685056,-1.68362954492463,9.52,3
691,1,0,accepted,0.0406086107186117,-0.0476519490489263,484339.435112676,4976767.46142981,-1.68353944412915,9.671,3
692,1,0,accepted,0.0470943661013414,-0.077914175439489,484339.308236186,4976766.20626191,-1.68392914042682,9.844,3
693,1,0,accepted,0.0486231603411981,-0.0884335046229706,484339.187031457,4976764.97092414,-1.68432784696035,9.736,3
694,1,0,accepted,0.04470834453524,-0.0872714564537225,484339.063623881,4976763.71097684,-1.68487513547989,10.802,3
695,1,0,accepted,0.0510798351931715,0.0192360667560192,484338.94574056,4976762.47209297,-1.6839164166864,7.833,3
696,1,0,accepted,0.0361435011173991,0.0211248644488757,484338.828805087,4976761.20506151,-1.68469359337796,7.744,3
697,1,0,accepted,0.0267329503364925,0.0273050896811113,484338.708717531,4976759.93807141,-1.68515645928384,8.105,3
698,1,0,accepted,0.0318302330173852,-0.0601105463569032,484338.580452346,4976758.67977824,-1.68734976017525,8.265,3
699,1,0,accepted,0.0333337047182256,-0.148519883471592,484338.455553777,4976757.42271146,-1.68967209201336,8.433,3
700,1,0,accepted,0.0353012890580562,-0.0483791494865911,484338.332391018,4976756.19392411,-1.68888518841088,7.666,3
701,1,0,accepted,0.0393984644248621,-0.000407269693919162,484338.204620103,4976754.9494105,-1.68876616111398,7.43,3
702,1,0,accepted,0.0433254581415633,-0.0340047693817788,484338.075250285,4976753.70363455,-1.6902093940194,7.98,3
703,1,0,accepted,0.0483691732960257,-0.0545827329585823,484337.943983177,4976752.45477697,-1.69096213257067,7.569,3
704,1,0,accepted,0.0546483816293544,-0.0194014264096475,484337.8108213,4976751.20215577,-1.69158059084615,8.436,3
705,1,0,accepted,0.0340458651112233,0.038848318821101,484337.703208158,4976749.96314189,-1.69082129285576,8.424,3
706,1,0,accepted,0.0297148503609626,0.0662231591093571,484337.577049245,4976748.73632226,-1.69083808636039,8.123,3
707,1,0,accepted,0.030496130270079,0.0654680097945453,484337.446535117,4976747.5023369,-1.69182175462308,7.226,3
708,1,0,accepted,0.0278349167605642,0.0869452953358765,484337.315549651,4976746.27109066,-1.6923413150291,8.073,3
709,1,0,accepted,0.0243282614276449,-0.0895355268385788,484337.232749902,4976745.03411743,-1.6962698996752,8.187,3
710,1,0,accepted,0.0294636563187829,-0.145018045566775,484337.102707658,4976743.80535281,-1.69863711570579,8.475,3
711,1,0,accepted,0.0087505503938486,-0.0804752957661058,484336.945303762,4976742.5798191,-1.69931502280378,7.516,3
712,1,0,accepted,0.00588790045049709,-0.108531362261335,484336.800723768,4976741.33883769,-1.70189454805805,8.12,3
713,1,0,accepted,0.0163946707916755,-0.0392181139333052,484336.642490516,4976740.13592849,-1.70363212943947,8.378,3
714,1,0,accepted,0.0434833131663599,0.00199920527876586,484336.474615188,4976738.89341643,-1.70528344807353,9.645,3
715,1,0,accepted,0.041018441140612,-0.0529560979455308,484336.33161241,4976737.6497908,-1.71000662413603,9.186,3
716,1,0,accepted,0.0415796257626177,-0.0376797804275675,484336.180584726,4976736.42797571,-1.71376232975233,9.294,3
717,1,0,accepted,0.0502915954168509,0.137276970326837,484336.019175299,4976735.24819466,-1.7154048780952,9.346,3
718,1,0,accepted,0.0429712139754251,0.143422528536369,484335.871712752,4976734.02844169,-1.72077846546139,8.718,3
719,1,0,accepted,0.0272580940611093,-0.0671138232995737,484335.737031748,4976732.8140004,-1.73017916516148,9.151,3
720,1,0,accepted,0.0464117462931212,0.000439855705622529,484335.562877909,4976731.63423216,-1.73537628897987,8.41,3
721,1,0,accepted,0.0407609077501876,0.0112668354851059,484335.390824136,4976730.42424716,-1.74117660080854,8.584,3
722,1,0,accepted,0.027488851788723,-0.00268016284334287,484335.206182458,4976729.20572301,-1.7472795652242,7.667,3
723,1,0,accepted,0.0206965501071572,-0.19748104460751,484335.016301477,4976727.97210008,-1.7567043934327,8.615,3
724,1,0,accepted,0.0243582649906615,-0.0631227457430533,484334.821633201,4976726.76682156,-1.76062250497185,9.38,3
725,1,0,accepted,0.0308472469136186,-0.101333195449993,484334.609257521,4976725.57829306,-1.76796101346834,10.785,3
726,1,0,accepted,0.0372364364378908,0.050051887325707,484334.399721357,4976724.3903984,-1.77206749255531,9.644,3
727,1,0,accepted,0.0375964556130933,0.0512017129400847,484334.174128221,4976723.19283787,-1.77815131831489,10.231,3
728,1,0,accepted,0.0270541799759523,0.15493035945748,484333.957835368,4976722.01505154,-1.78271805608593,10.436,3
729,1,0,accepted,0.0390293083200172,0.116251950628715,484333.707200269,4976720.85653647,-1.78980831152809,9.174,3
730,1,0,accepted,0.0430847885415607,0.0390417994105974,484333.463530287,4976719.69903642,-1.79602155297723,8.459,3
731,1,0,accepted,0.041862427729309,0.120395895765736,484333.218379841,4976718.53464426,-1.80091664794708,7.757,3
732,1,0,accepted,0.0451575031777876,0.103160190007846,484332.96021013,4976717.3606992,-1.80621173863258,8.755,3
733,1,0,accepted,0.0266006626027819,0.0856874350495526,484332.719245176,4976716.19243416,-1.81126808360366,7.88,3
734,1,0,accepted,0.029114470158165,0.129312947126813,484332.456012324,4976715.0443678,-1.81501175150255,10.132,3
735,1,0,accepted,0.0124803742636165,0.0811338816727562,484332.21300402,4976713.89773353,-1.81964666557846,10.518,3
736,1,0,accepted,0.0194139435943005,0.11304465861095,484331.931718798,4976712.73956881,-1.82268241923008,9.905,3
737,1,0,accepted,0.0173717825576925,0.0639099462829621,484331.663507721,4976711.5964984,-1.8268557548748,10.491,3
738,1,0,accepted,0.0204277199915928,0.0396687426366387,484331.388331027,4976710.45328396,-1.83060772239579,10.824,3
739,1,0,accepted,0.0273024937976411,0.0447088307855388,484331.107710317,4976709.32433148,-1.83351517514772,11.229,3
740,1,0,accepted,0.0266204806980612,0.0532052207609755,484330.81887625,4976708.16776805,-1.83593965611925,10.456,3
741,1,0,accepted,0.0157111816245905,-0.0360351213567674,484330.547332585,4976707.03553228,-1.83948566861845,12.301,3
742,1,0,accepted,0.0159400239785656,-0.0692013696341333,484330.262032534,4976705.90803348,-1.84198962074923,10.962,3
743,1,0,accepted,0.0244600918465333,-0.0437117508685064,484329.966489739,4976704.78131254,-1.84283674824117,10.672,3
744,1,0,accepted,0.0297684321136729,-0.0655379138020687,484329.676477308,4976703.66778234,-1.84433381035285,10.63,3
745,1,0,accepted,0.0392952069325472,-0.0360125436453589,484329.378675905,4976702.54853314,-1.84501150467308,9.856,3
746,1,0,accepted,0.0395396040906689,-0.0572939526054949,484329.083308267,4976701.40965054,-1.84650745150725,10.826,3
747,1,0,accepted,0.0375415537613088,-0.117418450468676,484328.798539753,4976700.28809721,-1.84850590875755,10.702,3
748,1,0,accepted,0.0477312943469766,-0.287899732005164,484328.51563585,4976699.14223951,-1.85212886413343,9.173,3
749,1,0,accepted,0.0493959204731743,-0.0807777631646826,484328.217364577,4976698.03881617,-1.84949482013767,10.088,3
750,1,0,accepted,0.03739939436623,-0.0544159228324565,484327.923307483,4976696.95620505,-1.84921771796286,10.445,3
751,1,0,accepted,0.0403877439069508,0.0190761274021777,484327.625417675,4976695.85479504,-1.84849091292788,10.253,3
752,1,0,accepted,0.0402766569284308,0.0537172124543606,484327.33143445,4976694.75123159,-1.8486781832535,10.359,3
753,1,0,accepted,0.0298534882390015,0.0257822212289886,484327.048199987,4976693.66647678,-1.84920158801305,9.381,3
754,1,0,accepted,0.0250620290599579,0.0951614196707498,484326.759578363,4976692.57399815,-1.84894500990436,8.781,3
755,1,0,accepted,0.0258523988272955,0.0940408506925052,484326.466571995,4976691.48232504,-1.84921372408397,8.633,3
756,1,0,accepted,0.0198759492388049,0.0554202257093895,484326.181324166,4976690.40005649,-1.85022842525725,8.626,3
757,1,0,accepted,0.0262863361931759,0.0411441600652228,484325.885927053,4976689.3213958,-1.85061798008813,8.668,3
758,1,0,accepted,0.0375879929665653,0.0976862934221654,484325.583947176,4976688.23493401,-1.85017061028658,8.669,3
759,1,0,accepted,0.0341449279507652,0.145378155317792,484325.296740936,4976687.15120948,-1.84884048643219,9.17,3
760,1,0,accepted,0.0350837076125968,0.163310328733493,484325.009365822,4976686.08312304,-1.84707219004287,10.089,3
761,1,0,accepted,0.0314405925451494,0.204961359623879,484324.726069976,4976685.00575731,-1.84497014179782,10.187,3
762,1,0,accepted,0.0287462960443619,0.134894392093341,484324.44390452,4976683.93903697,-1.84319065619863,9.143,3
763,1,0,accepted,0.0254213310076301,0.110274257317619,484324.168958123,4976682.8827149,-1.84005523631231,9.139,3
764,1,0,accepted,0.033325265062007,0.0365957382633878,484323.888158772,4976681.84058557,-1.83700262652427,8.518,3
765,1,0,accepted,0.0444571140464876,-0.0131886418310973,484323.611106498,4976680.80492761,-1.83337523857498,8.781,3
766,1,0,accepted,0.0548790846682678,-0.0165594244076502,484323.339086743,4976679.76797653,-1.82890827689746,8.348,3
767,1,0,accepted,0.0639792476408898,-0.0555360326118978,484323.078496877,4976678.75477944,-1.82467655478693,8.76,3
768,1,0,accepted,0.0839877363639133,-0.10890329466322,484322.810544844,4976677.74282896,-1.82003288525384,8.773,3
769,1,0,accepted,0.101719223996637,-0.223378360489612,484322.548775767,4976676.72383597,-1.81617899601361,9.388,3
770,1,0,accepted,0.0715896279716678,-1.05061123751528,484322.382871085,4976675.62291913,-1.82335401641715,9.762,3
771,1,0,accepted,0.0648701314613477,-0.296576930275049,484322.123911485,4976674.69930017,-1.80269199379367,11.326,3
772,1,0,accepted,0.080055602556194,-0.0153590932186927,484321.894216355,4976673.71179937,-1.78967723317505,10.491,3
773,1,0,accepted,0.0614395717383049,-0.363477863762647,484321.712515345,4976672.75722701,-1.78729086627879,11.512,3
774,1,0,accepted,0.0513622024003922,-0.23795365293071,484321.534786484,4976671.80487429,-1.77564173733204,10.666,3
775,1,0,accepted,0.0470882468316752,-0.300989799243264,484321.379367081,4976670.92230514,-1.76780737855245,10.813,3
776,1,0,accepted,0.140831672790665,-0.745331483916372,484321.289961054,4976670.07631284,-1.76518599829912,12.081,3
777,1,0,accepted,0.107861771427742,-0.627172000321414,484321.095626823,4976669.10021066,-1.75186793293421,10.759,3
778,1,0,accepted,0.0413663184860675,-0.140344422044253,484320.89589213,4976668.11607912,-1.73207490158239,10.812,3
779,1,0,accepted,0.0696167231592526,0.158138795583306,484320.720508596,4976667.12209071,-1.7150512743128,10.977,3
780,1,0,accepted,0.052655475620389,0.053698840364645,484320.599760336,4976666.2284868,-1.70458665832292,9.753,3
781,1,0,accepted,0.048606845132873,0.0573623455467049,484320.481891969,4976665.32972892,-1.6918865046659,9.354,3
782,1,0,accepted,0.0399800958203657,0.0468403053569336,484320.378457776,4976664.44258323,-1.67873611200718,8.163,3
783,1,0,accepted,0.0391925007870553,-0.10318158748756,484320.284555719,4976663.57829438,-1.66742322981271,9.391,3
784,1,0,accepted,0.0420392091638916,-0.118579495001783,484320.204192285,4976662.72528368,-1.65288851887402,9.059,3
785,1,0,accepted,0.0346788885529761,-0.0405832796303346,484320.145864915,4976661.86208647,-1.63632636661056,8.84,3
786,1,0,accepted,0.0308403694967407,0.107162960915471,484320.098286223,4976661.00983839,-1.61815566673008,9.644,3
787,1,0,accepted,0.0248136681809418,0.139065149819554,484320.065844514,4976660.16655703,-1.6006797687066,9.263,3
788,1,0,accepted,0.00705135734527679,0.399504279905922,484320.060290147,4976659.31708105,-1.57885652163582,9.73,3
789,1,0,accepted,0.0271063268075826,0.478316651350033,484320.055425537,4976658.4765607,-1.5591512835606,9.666,3
790,1,0,accepted,0.0265742628084513,0.259369280368066,484320.022290487,4976657.68402192,-1.54399875458692,10.607,3
791,1,0,accepted,0.0404223791939165,0.12992274809463,484320.033254045,4976656.90221541,-1.52672306975399,9.358,3
792,1,0,accepted,0.0491444834802475,0.128956154262168,484320.05438229,4976656.09142928,-1.50651804126646,10.43,3
793,1,0,accepted,0.0672057973444878,-0.165105466691475,484320.110875132,4976655.32108503,-1.49056028663431,11.636,3
794,1,0,accepted,0.0699483771949732,-0.282845627130053,484320.177375599,4976654.52914445,-1.47108738640766,9.927,3
795,1,0,accepted,0.0782820624124583,-0.206097686164164,484320.236267632,4976653.72390554,-1.44725975114662,9.683,3
796,1,0,accepted,0.0873512313558149,-0.182559688297178,484320.3218831,4976652.94426241,-1.42404202103662,8.752,3
797,1,0,accepted,0.0912916518148846,-0.331220100440372,484320.436412763,4976652.18070791,-1.40295893427997,9.853,3
798,1,0,accepted,0.0804916193534396,-0.279732399506132,484320.55174815,4976651.40418348,-1.37832037003645,11.535,3
799,1,0,accepted,0.0674977257315687,-0.320662974256597,484320.693657373,4976650.63817283,-1.35494837622077,10.582,3
800,1,0,accepted,0.0550914030880001,-0.367057911384821,484320.848469243,4976649.87718407,-1.33162246682626,8.059,3
801,1,0,accepted,0.0561234890298179,-0.508632989410695,484321.001356159,4976649.13726252,-1.31043920279719,9.475,3
802,1,0,accepted,0.041791614685838,-0.384048650944372,484321.190646143,4976648.39222185,-1.28454998497527,8.913,3
803,1,0,accepted,0.0192593726666635,-0.214625188002351,484321.411121209,4976647.63880327,-1.25768360373342,9.299,3
804,1,0,accepted,0.0245429913339958,-0.102204266009908,484321.628535347,4976646.91956342,-1.23241894917865,9.786,3
805,1,0,accepted,0.04213971341185,0.0130833344330364,484321.871916467,4976646.19050735,-1.20687298721411,9.939,3
806,1,0,accepted,0.0532045369896455,-0.0740406963821583,484322.135856121,4976645.48868693,-1.18521143355421,9.062,3
807,1,0,accepted,0.0467605208494754,0.0114116211174514,484322.392606449,4976644.80479779,-1.16059532303018,11.47,3
808,1,0,accepted,0.0571143614430408,-0.204932959553079,484322.709850777,4976644.10153642,-1.14136437613331,14.755,3
809,1,0,accepted,0.0247763595216075,0.204402487562419,484323.008424643,4976643.45062175,-1.11189875740635,15.642,3
810,1,0,accepted,0.00658498476531681,0.23727879179873,484323.335069538,4976642.79013803,-1.08843280118192,12.335,3
811,1,0,accepted,0.0298442996677833,0.0600121332612647,484323.68546453,4976642.10373363,-1.06895946404131,15.181,3
812,1,0,accepted,0.0319122477193438,0.111144328649667,484324.037183013,4976641.44706927,-1.04576128760374,10.107,3
813,1,0,accepted,0.031308723878155,0.0366555358019055,484324.401948074,4976640.8035683,-1.02468147460338,10.51,3
814,1,0,accepted,0.0301606088495561,0.0805894038370338,484324.783927858,4976640.17886075,-1.00148954869829,9.117,3
815,1,0,accepted,0.0388024955186638,0.0828057809711235,484325.184395179,4976639.56898021,-0.979156204615024,9.128,3
816,1,0,accepted,0.0471848869110758,0.234480325259408,484325.600913513,4976638.94678463,-0.953750113276154,8.984,3
817,1,0,accepted,0.057421380360638,0.127669017953804,484326.024674058,4976638.34140062,-0.933467515568964,10.838,3
818,1,0,accepted,0.0423943357269754,0.146094357474383,484326.475655181,4976637.7245141,-0.910732552872695,7.932,3
819,1,0,accepted,0.0390891734520306,-0.0236948454522654,484326.933932477,4976637.10921586,-0.891025773084248,9.021,3
820,1,0,accepted,0.0340139347940375,-0.0250875735715168,484327.417260287,4976636.51108115,-0.86857579034162,9.732,3
821,1,0,accepted,0.0381937076751427,-0.206711276175613,484327.903983674,4976635.92760641,-0.849002229228475,12.545,3
822,1,0,accepted,0.0397328233880603,0.0741010212539769,484328.395022766,4976635.3980997,-0.821414303054876,8.716,3
823,1,0,accepted,0.0476171794167315,0.0892451216517372,484328.906180575,4976634.82998705,-0.797953563870965,9.133,3
824,1,0,accepted,0.0504730833547659,0.0163580739394741,484329.4348474,4976634.26293574,-0.776450430953553,9.194,3
825,1,0,accepted,0.0522239660340784,-0.0467375274059146,484329.978493313,4976633.73181391,-0.75438683070569,8.748,3
826,1,0,accepted,0.0702399078500528,-0.0619619831046898,484330.525874595,4976633.19437746,-0.731795484302853,9.994,3
827,1,0,accepted,0.0718095185841011,-0.054346921533525,484331.10209881,4976632.66346398,-0.708572687376203,8.967,3
828,1,0,accepted,0.0355371699280623,0.181344372010504,484331.720739579,4976632.14915829,-0.681373927798513,9.959,3
829,1,0,accepted,0.0297076065067742,0.283639994294294,484332.301704611,4976631.67946193,-0.656959089321278,11.769,3
830,1,0,accepted,0.0282510617215328,0.131346363195461,484332.927499448,4976631.21317067,-0.63711542923543,11.839,3
831,1,0,accepted,0.00930297353230147,0.381785931572315,484333.544266609,4976630.71396113,-0.610357054069078,10.07,3
832,1,0,accepted,0.0247525127988085,0.330899288300944,484334.148697765,4976630.24830783,-0.588461389087606,9.322,3
833,1,0,accepted,0.0386757977894101,0.463735807781853,484334.790154459,4976629.74959222,-0.563842543631899,8.776,3
834,1,0,accepted,0.0134598025465352,0.213644832507275,484335.472298876,4976629.32687385,-0.546231082564132,9.655,3
835,1,0,accepted,0.00799312916869016,0.0761149017576679,484336.130306383,4976628.90519827,-0.526672462139847,9.065,3
836,1,0,accepted,0.0313223471365562,0.244398610570207,484336.815598371,4976628.46239092,-0.501670299516307,11.359,3
837,1,0,accepted,0.00509745265857152,-0.0529628688007058,484337.499023615,4976628.09017636,-0.485361537058174,11.002,3
838,1,0,accepted,0.0310410155786964,-0.0306032469766836,484338.155236768,4976627.7015427,-0.463399398939784,8.345,3
839,1,0,accepted,0.020824695930736,0.0321258188100223,484338.891752952,4976627.30158934,-0.440887201875311,9.792,3
840,1,0,accepted,0.00815094141101313,-0.111900244330926,484339.590945472,4976626.95304545,-0.422315552422194,11.745,3
841,1,0,accepted,0.0130226150909441,-0.117555115222184,484340.326316296,4976626.59457425,-0.401900942940636,10.441,3
842,1,0,accepted,0.00755766595858119,-0.104500319489794,484341.052943536,4976626.26332295,-0.382097250933151,8.904,3
843,1,0,accepted,0.0108961944612843,-0.101379857616467,484341.795390326,4976625.94625228,-0.362963409067917,7.824,3
844,1,0,accepted,0.0148523612694511,-0.134979987623229,484342.550984952,4976625.64603119,-0.344915455928387,7.886,3
845,1,0,accepted,0.0235073959916722,-0.122855758544795,484343.309050492,4976625.36533145,-0.326761421135293,7.909,3
846,1,0,accepted,0.043143294310713,-0.0344463807889786,484344.102853384,4976625.08927277,-0.307620400588908,8.323,3
847,1,0,accepted,0.0539964034688836,-0.0561042692626246,484344.890410764,4976624.83113914,-0.291141984785749,7.965,3
848,1,0,accepted,0.0519261424728588,-0.0596689245101368,484345.700737992,4976624.58105316,-0.274961198370415,8.39,3
849,1,0,accepted,0.0410375607335794,-0.137509339447407,484346.513656907,4976624.34925551,-0.260829188589176,8.583,3
850,1,0,accepted,0.0408144113886934,-0.0475683463516135,484347.329080297,4976624.12918876,-0.245139301819905,9.838,3
851,1,0,accepted,0.0420878708878172,-0.0200915587314766,484348.171064385,4976623.90603396,-0.230756398602091,7.497,3
852,1,0,accepted,0.0527762775043015,0.0403812994976643,484349.025081118,4976623.70678266,-0.216778932470914,7.997,3
853,1,0,accepted,0.0526128747419747,0.0264555628764156,484349.878956672,4976623.52324119,-0.205382139375393,8.124,3
854,1,0,accepted,0.0595662155070008,-0.0408393452919947,484350.732735044,4976623.37939877,-0.195528587762006,8.025,3
855,1,0,accepted,0.0718257987825827,-0.0703624719499036,484351.607217363,4976623.21362423,-0.186021072029594,10.034,3
856,1,0,accepted,0.062444812977626,-0.0430590014739075,484352.453002033,4976623.07224187,-0.176616806664483,9.338,3
857,1,0,accepted,0.0657080968440651,0.00609721718965706,484353.336800277,4976622.92154984,-0.167444428676322,10.173,3
858,1,0,accepted,0.0276165460137411,0.0929685360113362,484354.232706114,4976622.76231044,-0.158320416490697,11.239,3
859,1,0,accepted,0.0347396021452084,-0.0216688586661861,484355.15966977,4976622.64836309,-0.152899811964539,11.586,3
860,1,0,accepted,0.016878144196805,0.00708838085884453,484356.080226973,4976622.51518924,-0.145517629754644,10.881,3
861,1,0,accepted,0.0108831421805348,-0.0431861052493411,484357.006275597,4976622.4101226,-0.139177988053791,10.968,3
862,1,0,accepted,0.0373327882988533,0.128756669461194,484357.940274683,4976622.26359137,-0.129152114023499,12.42,3
863,1,0,accepted,0.0397439674855857,0.0802082914962511,484358.869806706,4976622.16824635,-0.124209851178758,12.285,3
864,1,0,accepted,0.0597148281470609,0.166027238458296,484359.810313326,4976622.05885319,-0.117773474287708,12.597,3
865,1,0,accepted,0.0649477014107908,0.161819665278067,484360.762325086,4976621.96999338,-0.113361248100321,11.418,3
866,1,0,accepted,0.0736854702276959,0.126859604786387,484361.710748694,4976621.88100439,-0.109480730661929,9.085,3
867,1,0,accepted,0.0808306157625255,0.127900627828778,484362.675388626,4976621.79451736,-0.104558761247174,10.012,3
868,1,0,accepted,0.071230248560594,-0.00154408323197751,484363.641427397,4976621.72710613,-0.102393000654922,10.024,3
869,1,0,accepted,0.0778146641600453,-0.0167173303768105,484364.616285797,4976621.64818766,-0.0981513775430002,10.284,3
870,1,0,accepted,0.0614754150175143,-0.190038620673066,484365.597098838,4976621.59423984,-0.0966653190004051,8.762,3
871,1,0,accepted,0.051892318511907,-0.264327465327528,484366.596342737,4976621.53475512,-0.0936648894576642,8.266,3
872,1,0,accepted,0.0691732424612449,-0.0904765561118247,484367.576736305,4976621.46075131,-0.0862235852874975,7.89,3
873,1,0,accepted,0.0839630388036681,0.125877513064791,484368.561979658,4976621.39089989,-0.0778770152166928,12.005,3
874,1,0,accepted,0.0724063086219794,-0.0133246583874861,484369.571083543,4976621.35260386,-0.0762339516816897,11.491,3
875,1,0,accepted,0.0762850273210334,0.0193913252921723,484370.577259574,4976621.30100961,-0.0712992925849214,11.165,3
876,1,0,accepted,0.077479354861198,-0.071812148794014,484371.568093621,4976621.25894671,-0.0684239666759028,12.027,3
877,1,0,accepted,0.0789679855570103,-0.0552852711708885,484372.592724542,4976621.2053031,-0.0638760100687412,10.645,3
878,1,0,accepted,0.0730376004882375,-0.0958465954476242,484373.60187961,4976621.1572021,-0.0600112759560835,11.217,3
879,1,0,accepted,0.0647815587007573,-0.0843997364969853,484374.626814719,4976621.11372201,-0.05528952845765,10.989,3
880,1,0,accepted,0.0558556370178587,-0.0679261379015088,484375.652400183,4976621.07634978,-0.0504877520995754,10.757,3
881,1,0,accepted,0.0439482955602863,0.0115152912735974,484376.663682105,4976621.05204124,-0.0439894660189607,8.291,3
882,1,0,accepted,0.0399629295173737,-0.00885113315769392,484377.693282246,4976621.02043884,-0.0382937964308399,8.593,3
883,1,0,accepted,0.045789693183688,-0.164016370638931,484378.720256948,4976620.98403,-0.0348869904527398,8.484,3
884,1,0,accepted,0.0494973531298413,-0.245494147999655,484379.749067044,4976620.95919705,-0.0300527781062615,8.578,3
885,1,0,accepted,0.0416921119744477,-0.047444078606526,484380.759336599,4976620.9559816,-0.0204093478283967,8.865,3
886,1,0,accepted,0.0346202226797766,-0.00196193023837754,484381.792211246,4976620.95577196,-0.013316294746737,8.323,3
887,1,0,accepted,0.029330806279001,0.0173568647646017,484382.834253565,4976620.95710398,-0.00689674916774266,8.717,3
888,1,0,accepted,0.0279365500164923,0.0349656618429719,484383.894294495,4976620.96447327,-0.000305904608372554,8.415,3
889,1,0,accepted,0.0345198098376677,0.0453528392285504,484384.924657097,4976620.97123901,0.00543381716267434,8.109,3
890,1,0,accepted,0.0189595336768534,0.158011388463243,484385.974807971,4976621.00565151,0.0134761559311379,9.175,3
891,1,0,accepted,0.0282715251674656,0.159081315100004,484387.028027651,4976621.02094068,0.019720848800255,8.189,3
892,0,1,acceptedDirectional,0.117294566025727,0.511810352298057,484388.092564822,4976620.96318676,0.0317583011805609,8.598,2
893,0,1,acceptedDirectional,0.14362878544434,0.634446316379602,484389.153227078,4976620.97417162,0.0395789037121255,8.914,2
894,0,1,acceptedDirectional,0.149467392647677,0.627226618681349,484390.213057352,4976621.01188116,0.0448370847072607,7.505,2
895,1,0,accepted,0.161024553864761,0.700747096132702,484391.196060948,4976621.05606835,0.0517779484124933,7.467,3
896,1,0,accepted,0.149609925703627,0.719939546858607,484392.25381403,4976621.1212647,0.0574287285808148,7.819,3
897,1,0,accepted,0.127937052017773,0.694982259135149,484393.323744797,4976621.20322124,0.0622976776736829,8.255,3
898,1,0,accepted,0.126891547354327,0.628221369027822,484394.368487808,4976621.284407,0.0664518952861568,9.016,3
899,1,0,accepted,0.0707576265679673,0.265053851283188,484395.445335608,4976621.42296006,0.0652027159062328,8.222,3
900,1,0,accepted,0.0789260782467946,0.261863009573209,484396.499645807,4976621.50666813,0.0707796476208034,8.29,3
901,1,0,accepted,0.0914516165132225,0.313926873115318,484397.562647044,4976621.59318498,0.0768286867436542,8.426,3
902,1,0,accepted,0.0585379410760649,0.106139160892612,484398.640710946,4976621.71536091,0.0783746586148067,8.207,3
903,1,0,accepted,0.0609976531968289,0.0380124083704258,484399.70852624,4976621.81924284,0.0827697239396149,7.827,3
904,1,0,accepted,0.0554397133588344,-0.0444600152250236,484400.782398844,4976621.93126256,0.0859320388398718,8.554,3
905,1,0,accepted,0.0466763669703567,-0.143177633575239,484401.862956763,4976622.05119355,0.0877214755029807,8.224,3
906,1,0,accepted,0.0439986187599007,-0.156347200661813,484402.947459831,4976622.17199317,0.0899013668511692,7.775,3
907,1,0,accepted,0.0460919777584196,-0.126255452446099,484404.033663882,4976622.29258791,0.0909987169694727,7.915,3
908,1,0,accepted,0.0418660417296999,-0.0106291383119585,484405.115596869,4976622.4186529,0.0924076490960991,9.228,3
909,1,0,accepted,0.0349917775739681,0.0374173149487765,484406.190802063,4976622.54364085,0.0921315187114878,10.312,3
910,1,0,accepted,0.0279679735174303,0.0549178589068492,484407.274828462,4976622.66992884,0.0916715580523171,10.87,3
911,1,0,accepted,0.0279413316178381,0.0931014394595799,484408.359862127,4976622.78729487,0.0913811267146913,9.417,3
912,1,0,accepted,0.0349220430583302,-0.00901734801014367,484409.462534299,4976622.90133119,0.0891677721486032,8.003,3
913,1,0,accepted,0.0199780718158701,-0.0245091879504376,484410.542857173,4976623.02791515,0.0887316341752965,9.417,3
914,1,0,accepted,0.0101424289184988,-0.0330503121642551,484411.630643714,4976623.15261591,0.0889703550458998,9.235,3
915,1,0,accepted,0.0155682972736185,-0.0639751589280824,484412.713677359,4976623.26287916,0.0889902259220047,9.194,3
916,1,0,accepted,0.0167149668366473,-0.0592942264798131,484413.80994483,4976623.38191648,0.0897869722966161,9.147,3
917,1,0,accepted,0.02694828505466,-0.0832891226028586,484414.90920394,4976623.48953343,0.0899390631789537,9.391,3
918,1,0,accepted,0.0368225684544983,-0.0769862791090735,484416.020377466,4976623.60571683,0.0904718478216492,10.044,3
919,1,0,accepted,0.0544492691915183,-0.0679612490562407,484417.140023531,4976623.71564585,0.0911835703989956,8.772,3
920,1,0,accepted,0.0609086676734659,-0.0320381200933747,484418.247385877,4976623.83619442,0.0924797904115705,9.096,3
921,1,0,accepted,0.0706224431838424,-0.0366128012194999,484419.367175289,4976623.95615479,0.093098920904172,9.543,3
922,1,0,accepted,0.0592996978680674,-0.120067051435484,484420.437440368,4976624.0985081,0.0921185702808848,8.042,3
923,1,0,accepted,0.0706912057955625,-0.090312470656771,484421.552106224,4976624.21902575,0.0933107149262024,7.42,3
924,1,0,accepted,0.0670794657620948,-0.0995741282817181,484422.669253097,4976624.35410738,0.0935931116249043,7.795,3
925,1,0,accepted,0.0281705575683348,-0.00516984009419904,484423.818439699,4976624.52136168,0.0958140306819686,9.221,3
926,1,0,accepted,0.0263032926438032,0.0248830593370223,484424.933902746,4976624.65763305,0.0965613012315851,8.792,3
927,1,0,accepted,0.0290365375515435,0.0484002684580525,484426.057079167,4976624.7873534,0.0976551332961299,8.987,3
928,1,0,accepted,0.0296394435881535,0.076284908502816,484427.184791937,4976624.92231836,0.0985576394028173,8.466,3
929,1,0,accepted,0.0464435556011016,0.109656619434832,484428.318694674,4976625.04283918,0.0997239937009894,9.463,3
930,1,0,accepted,0.0930743085615777,0.297276558027855,484429.460045093,4976625.13449572,0.103425992250454,9.545,3
931,1,0,accepted,0.138880309890809,0.544075396207348,484430.590257645,4976625.22607972,0.108327089932379,9.511,3
932,1,0,accepted,0.146740072683005,0.596311458812071,484431.719148389,4976625.3566148,0.109788661828706,9.619,3
933,1,0,accepted,0.142881982194259,0.568392770565327,484432.865691294,4976625.50021803,0.109846162572764,8.07,3
934,1,0,accepted,0.109089576919235,0.286460515256232,484434.02630909,4976625.67781276,0.105839072568273,7.124,3
935,1,0,accepted,0.0976171653072272,0.23988461494759,484435.144091684,4976625.82743363,0.105406023886731,7.311,3
936,1,0,accepted,0.0835591941762246,0.213331969921163,484436.267993359,4976625.98430624,0.105432043968118,8.222,3
937,1,0,accepted,0.0703484195631979,0.127850830688069,484437.388660119,4976626.15145101,0.103940147318184,7.998,3
938,1,0,accepted,0.0657483954028396,0.0698435172218013,484438.527721741,4976626.30946,0.102791039872511,7.831,3
939,1,0,accepted,0.063051063725557,0.107428986924354,484439.684453103,4976626.45829799,0.103573046273044,7.822,3
940,1,0,accepted,0.039014763966008,0.109858499402785,484440.856051897,4976626.60813973,0.103673326234329,8.499,3
941,1,0,accepted,0.0293324573755681,0.13181637086219,484442.014044512,4976626.76102877,0.10405695492178,8.206,3
942,1,0,accepted,0.0147761761708245,0.0260815381866619,484443.191131913,4976626.90922401,0.102449611297444,7.92,3
943,1,0,accepted,0.0117540054056609,-0.00346793894378663,484444.352889865,4976627.05475223,0.102048295539295,7.487,3
944,1,0,accepted,0.00222179818294996,0.154857198481676,484445.521044512,4976627.2075086,0.104637917018305,8.167,3
945,1,0,accepted,0.00966838807709764,0.133390946921272,484446.676117095,4976627.35669067,0.104671447179459,8.072,3
946,1,0,accepted,0.00405361763789022,0.125960717014017,484447.85377087,4976627.49646593,0.105043986884036,7.926,3
947,1,0,accepted,0.0114219661776628,0.110707400215992,484449.031190831,4976627.64086829,0.105046699280122,7.924,3
948,1,0,accepted,0.016308216398951,0.10078601196593,484450.198098386,4976627.77955386,0.105093814516742,7.915,3
949,1,0,accepted,0.0259677452044962,0.0958881003040083,484451.385578389,4976627.91653497,0.105093500441932,8.253,3
950,1,0,accepted,0.0395899375497854,0.0999571537126609,484452.567542064,4976628.04783595,0.105678420507021,8.339,3
951,1,0,accepted,0.0521335788324354,0.039087943754678,484453.741125749,4976628.16602747,0.105125950857326,8.886,3
952,1,0,accepted,0.0621422560911616,0.050872326713393,484454.926804068,4976628.2992902,0.105585954709652,8.854,3
953,1,0,accepted,0.076692159666468,0.0689091315205242,484456.107939186,4976628.43035557,0.10565266361809,7.902,3
954,1,0,accepted,0.0869747021397486,0.0981246253552461,484457.289149487,4976628.56699085,0.105786404835856,8.871,3
955,1,0,accepted,0.129650622955037,0.29759388221994,484458.46146022,4976628.66200135,0.109472341669735,9.01,3
956,1,0,accepted,0.125080563440378,0.283041942168526,484459.641401892,4976628.81420781,0.109621914762791,8.587,3
957,1,0,accepted,0.132295074922377,0.389871339098989,484460.809041756,4976628.95273709,0.111830081152458,9.118,3
958,1,0,accepted,0.119140181636417,0.363246727210315,484461.991095513,4976629.11833368,0.111589448530923,8.541,3
959,1,0,accepted,0.115067515757848,0.372565316851367,484463.177803168,4976629.27680531,0.112032964526658,8.315,3
960,1,0,accepted,0.104866120720319,0.318247083379893,484464.36783176,4976629.44148506,0.111374087908568,7.712,3
961,1,0,accepted,0.0947834575787405,0.267519888599955,484465.546907676,4976629.60507319,0.110531460122076,7.655,3
962,1,0,accepted,0.0858005246587765,0.17671276779448,484466.755304906,4976629.77106269,0.109796885847915,7.081,3
963,1,0,accepted,0.0977505035212801,0.185322753730529,484467.940760428,4976629.91113946,0.110265662897534,7.431,3
964,1,0,accepted,0.119486355604189,0.240912596364612,484469.150032149,4976630.04821599,0.111560259805287,7.448,3
965,1,0,accepted,0.0901855361641447,0.219696610214132,484470.322640551,4976630.22593622,0.111917376489208,8.402,3
966,1,0,accepted,0.0712014010950877,0.116667478403202,484471.502168079,4976630.39677663,0.110744267655649,8.34,3
967,1,0,accepted,0.0540698341865986,0.0618649013681928,484472.677100764,4976630.56800755,0.110148568655815,8.937,3
968,1,0,accepted,0.047044459477378,0.0476582910051002,484473.8506499,4976630.7286575,0.110188765932755,8.243,3
969,1,0,accepted,0.0469134411792006,0.321572629261255,484475.013973337,4976630.89392274,0.115268692283256,8.113,3
970,1,0,accepted,0.0287949503413703,0.141408514047652,484476.228299602,4976631.06123945,0.112378768722774,8.405,3
971,1,0,accepted,0.0490656871092642,0.166735184665772,484477.446013989,4976631.20622937,0.11270101836276,8.586,3
972,1,0,accepted,0.0306898864292035,0.0737618655755563,484478.621430807,4976631.37819711,0.111075975219093,8.364,3
973,1,0,accepted,0.0228148516486334,0.0421612225210811,484479.798660189,4976631.54299249,0.110101109932897,7.756,3
974,1,0,accepted,0.027240766944956,0.0740226332221798,484480.97897203,4976631.69694684,0.110487666555186,7.877,3
975,1,0,accepted,0.0273178329791626,0.082366493999753,484482.157802015,4976631.85563916,0.110300442847034,7.916,3
976,1,0,accepted,0.0319642210483174,0.122944601564039,484483.338607758,4976632.01437547,0.110487491199031,7.418,3
977,1,0,accepted,0.0343343737393948,0.159547856720941,484484.525505082,4976632.16888701,0.110328430719103,7.875,3
978,1,0,accepted,0.0322584410280987,0.250377766879226,484485.712476511,4976632.33318339,0.111188032225642,8.01,3
979,1,0,accepted,0.0327641039415428,0.187017119594236,484486.913639509,4976632.48903565,0.109249127803969,7.466,3
980,1,0,accepted,0.0405489634363219,0.22331496942686,484488.108823642,4976632.6458431,0.108773289198605,7.358,3
981,1,0,accepted,0.0382484464860091,0.162382245577138,484489.295908263,4976632.80556857,0.10666792377289,7.681,3
982,1,0,accepted,0.0466996201775166,0.0775213917681508,484490.469467764,4976632.96084065,0.106529021874861,7.894,3
983,1,0,accepted,0.0822886844098006,0.257605949472811,484491.613983903,4976633.12419991,0.109148862444879,8.804,3
984,1,0,accepted,0.0692244174370869,0.242052986809344,484492.837104943,4976633.29458698,0.106798956099766,7.99,3
985,1,0,accepted,0.042476982293545,-0.0395879396070052,484494.04532822,4976633.46026674,0.10258073594995,7.565,3
986,1,0,accepted,0.0371624898883715,0.103635358774809,484495.240083328,4976633.61555513,0.104504529969479,7.951,3
987,1,0,accepted,0.0337173551650104,0.146642444145149,484496.421935829,4976633.76253319,0.104427148626336,8.557,3
988,1,0,accepted,0.0250170662492664,0.339121061352549,484497.60919067,4976633.90718022,0.107178243143344,8.304,3
989,1,0,accepted,0.0171303542692084,0.446099970351999,484498.796854126,4976634.06793014,0.109230484040218,9.059,3
990,1,0,accepted,0.012486906611284,0.424669740263286,484499.981262364,4976634.20953506,0.108171124517365,8.954,3
991,1,0,accepted,0.0219389656976124,0.421079655569741,484501.167402218,4976634.34428654,0.107966825584747,9.028,3
992,1,0,accepted,0.0236385113657401,0.349002015471869,484502.350173931,4976634.49371463,0.106372884393976,8.327,3
993,1,0,accepted,0.035708190189362,0.22262644178714,484503.516427458,4976634.63056584,0.103544200882918,8.14,3
994,1,0,accepted,0.0369434171320824,0.270973411856096,484504.699178692,4976634.78031215,0.103858219323767,8.14,3
995,1,0,accepted,0.0527188378506923,0.32863753628037,484505.859218531,4976634.91072619,0.10466622216984,9.133,3
996,1,0,accepted,0.0386052403545549,0.213570164708329,484507.035447201,4976635.07268585,0.102594316953917,8.892,3
997,1,0,accepted,0.0479387419602582,0.215906448412507,484508.206856676,4976635.21048622,0.102227520540325,7.796,3
998,1,0,accepted,0.0583866073199293,0.206763349380387,484509.375666824,4976635.34718012,0.101562848845966,8.103,3
999,1,0,accepted,0.0517404035894438,0.0744637214152757,484510.537664791,4976635.50077252,0.0993192020399263,8.159,3
1000,1,0,accepted,0.0495592837642534,0.0485550616376068,484511.67418169,4976635.64844626,0.0982195674128632,9.877,3
1001,1,0,accepted,0.0461185506228603,-0.012195481713167,484512.793281794,4976635.82199739,0.0969816663653928,9.205,3
1002,1,0,accepted,0.0679851365712569,0.0482478161979172,484513.933196032,4976635.9446493,0.097973083731458,8.269,3
1003,1,0,accepted,0.0890108738255203,0.196587860301835,484515.06953395,4976636.07300755,0.100143250978734,8.925,3
1004,1,0,accepted,0.100768179648231,0.268422071443767,484516.210961678,4976636.20583179,0.101742086670133,8.474,3
1005,1,0,accepted,0.0971410243834419,0.220215973434434,484517.357837355,4976636.35760669,0.101479461184075,9.725,3
1006,1,0,accepted,0.100779957680274,0.268329319843647,484518.499626642,4976636.50120079,0.102617612465566,8.602,3
1007,1,0,accepted,0.0958927152562317,0.189706994174614,484519.643931602,4976636.64918106,0.101907744371044,8.078,3
1008,1,0,accepted,0.0848739970936509,0.115371883315172,484520.785943551,4976636.79282196,0.101072139061823,8.797,3
1009,1,0,accepted,0.0729404288839702,0.137850693874408,484521.934032549,4976636.93073424,0.1017750041295,8.135,3
1010,1,0,accepted,0.0610239831986405,0.129377573974519,484523.084842529,4976637.0676813,0.102019127446129,8.51,3
1011,1,0,accepted,0.0436380640099525,-0.0180173617371485,484524.249299792,4976637.21564429,0.0994455078587408,7.613,3
1012,1,0,accepted,0.0425107939663473,0.0133838195487612,484525.400011861,4976637.36221133,0.0995438973432876,7.826,3
1013,1,0,accepted,0.0429536811323084,-0.0529791743973653,484526.529666088,4976637.50516757,0.0994867309502696,8.43,3
1014,1,0,accepted,0.0467468892914737,-0.0261030628528708,484527.662094819,4976637.64752089,0.0998826756916707,8.22,3
1015,1,0,accepted,0.0462714319600008,0.00972086045103383,484528.783696616,4976637.78650529,0.100793799868512,8.839,3
1016,1,0,accepted,0.0456491918568955,0.0176103189916474,484529.905468086,4976637.92807333,0.101265607020303,9.115,3
1017,1,0,accepted,0.0520478671236629,0.0284834748139345,484531.03104079,4976638.06171583,0.101684636042166,7.728,3
1018,1,0,accepted,0.0466473242690466,0.0314861834399878,484532.152425782,4976638.20423217,0.101771340995258,9.414,3
1019,1,0,accepted,0.0377528537415159,0.0506269566099419,484533.270603897,4976638.34344624,0.102922707259495,8.768,3
1020,1,0,accepted,0.0396630506563101,0.067618605878652,484534.396611095,4976638.479463,0.104435334612269,9.412,3
1021,1,0,accepted,0.0424503246933627,0.0829479547196749,484535.502641006,4976638.61400878,0.106073371544816,9.386,3
1022,1,0,accepted,0.0647418518018036,-0.00668245327250656,484536.626022797,4976638.73324497,0.105698425576419,11.424,3
1023,1,0,accepted,0.0609669510272518,0.115401891677286,484537.74185454,4976638.87998168,0.108576473612194,11.202,3
1024,1,0,accepted,0.0729983079691579,0.104708722238759,484538.868008591,4976639.01300584,0.109370756813481,10.419,3
1025,1,0,accepted,0.070702701101055,0.15761079736331,484539.985006323,4976639.16109296,0.111264708709399,9.413,3
1026,1,0,accepted,0.0744109659578022,0.190991536702755,484541.095216467,4976639.3040991,0.112646365957312,7.14,3
1027,1,0,accepted,0.0543336342092859,0.136357074428631,484542.205568913,4976639.47618211,0.112794593079233,7.789,3
1028,1,0,accepted,0.0412089709348305,0.000253429508230807,484543.327111363,4976639.64432395,0.111514893309233,7.499,3
1029,1,0,accepted,0.0171962891000835,-0.202672397240892,484544.456140634,4976639.85506141,0.108115528127298,7.778,3
1030,1,0,accepted,0.0408724276131316,-0.433234808841408,484545.592165472,4976640.02545468,0.105981439467158,7.428,3
1031,1,0,accepted,0.073061170130357,-0.677024865702146,484546.722496046,4976640.20998941,0.102229460796225,8.231,3
1032,1,0,accepted,0.0489331945461539,-0.313028058098701,484547.829398023,4976640.31224743,0.109295364492399,7.819,3
1033,1,0,accepted,0.0888642221734723,-0.0509815164850143,484548.955151734,4976640.42431158,0.114620629888285,8.254,3
1034,1,0,accepted,0.0646198791221692,-0.026492132468421,484550.030153793,4976640.59960112,0.115890018535309,10.322,3
1035,1,0,accepted,0.0528978842907863,-0.0706605106956544,484551.127806336,4976640.77305116,0.116084484339244,9.762,3
1036,1,0,accepted,0.0542547572717765,-0.110482740814677,484552.253779007,4976640.94256224,0.11686484419772,8.483,3
1037,1,0,accepted,0.0619336996440994,-0.100514940182314,484553.363252824,4976641.106475,0.118737745964475,9.785,3
1038,1,0,accepted,0.0759300804041408,-0.136682794696153,484554.449550597,4976641.27651475,0.119756070020223,9.284,3
1039,1,0,accepted,0.0695967858309184,-0.184326785541956,484555.57705403,4976641.42586567,0.120631729366359,8.686,3
1040,1,0,accepted,0.0326838513707492,-0.188464273724982,484556.676953961,4976641.55722125,0.121990891680495,9.084,3
1041,1,0,accepted,0.0307312150111499,-0.220047019661983,484557.813693529,4976641.71214988,0.122213808036436,8.889,3
1042,1,0,accepted,0.0437305943520363,-0.241191498432926,484558.962056516,4976641.86660169,0.122104008457085,8.589,3
1043,1,0,accepted,0.0581137199305571,-0.237411243912938,484560.106088616,4976642.02165352,0.121916578945289,8.811,3
1044,1,0,accepted,0.0582630873762203,-0.136712734974415,484561.242892506,4976642.1826478,0.123220895605622,8.88,3
1045,1,0,accepted,0.0651241829986791,-0.189495441762186,484562.378546152,4976642.33249701,0.122447824958091,9.344,3
1046,1,0,accepted,0.067737844146033,-0.177493263781819,484563.510407675,4976642.48327632,0.122833819657328,8.689,3
1047,1,0,accepted,0.0645904125921647,-0.18126359315562,484564.646215532,4976642.63492302,0.123231556633752,8.068,3
1048,1,0,accepted,0.0273047457399325,-0.0485158004889594,484565.751168586,4976642.81560989,0.126239846714571,9.347,3
1049,1,0,accepted,0.0257570143803594,-0.0379994550094677,484566.895654905,4976642.97807773,0.127105308841271,8.15,3
1050,1,0,accepted,0.024542883867378,-0.00328585036848031,484568.03389696,4976643.13804126,0.128558412147682,8.386,3
1051,1,0,accepted,0.0295698579224089,0.0493011961839552,484569.180186187,4976643.30104268,0.129498993898353,8.201,3
1052,1,0,accepted,0.0350463200874675,0.0560615087848687,484570.340763625,4976643.4693031,0.129966288515088,8.539,3
1053,1,0,accepted,0.0253830952288173,-0.206524124450197,484571.478139502,4976643.69788469,0.125358310043303,8.394,3
1054,1,0,accepted,0.0191895996333395,-0.0632759500123305,484572.621083707,4976643.84145863,0.127526405156005,8.231,3
1055,1,0,accepted,0.0270924757133767,-0.226751469820297,484573.780062387,4976644.03736129,0.124620759657693,9.01,3
1056,1,0,accepted,0.0308694565453241,-0.0844816109544237,484574.932677083,4976644.18143765,0.126939783925618,9.513,3
1057,1,0,accepted,0.026806177087242,-0.13639351411924,484576.110507387,4976644.35930388,0.125553058362646,8.409,3
1058,1,0,accepted,0.018254858400143,-0.264710059648372,484577.276284641,4976644.53300564,0.123177850521423,8.144,3
1059,1,0,accepted,0.0155190437451303,-0.344292134672847,484578.452214068,4976644.7083579,0.121737609393654,9.836,3
1060,1,0,accepted,0.0218527092257716,-0.136377096765338,484579.626473109,4976644.84716,0.125025425317401,9.826,3
1061,1,0,accepted,0.0130174321801948,-0.308756264775912,484580.810359066,4976645.02251751,0.121897853139964,8.484,3
1062,1,0,accepted,0.0281518995486342,-0.185546678257509,484582.002937273,4976645.179499,0.124142188268328,8.603,3
1063,1,0,accepted,0.0292997454008516,-0.27579271153832,484583.185096304,4976645.34954577,0.122127493971479,8.644,3
1064,1,0,accepted,0.0340877594563127,-0.273890019633383,484584.364535744,4976645.5128797,0.122300626341855,9.523,3
1065,1,0,accepted,0.0268143020504816,-0.197801958029365,484585.564895389,4976645.69379317,0.123371021660273,9.247,3
1066,1,0,accepted,0.0182277152610922,-0.0792015606922295,484586.731210839,4976645.87052663,0.125271159419283,9.581,3
1067,1,0,accepted,0.0168012071778945,-0.0102535313606205,484587.921729267,4976646.04592281,0.12636446682051,9.449,3
1068,1,0,accepted,0.0132159072815004,0.0135418295124719,484589.108382858,4976646.22244758,0.126586894987045,8.735,3
1069,1,0,accepted,0.0231015190475483,-0.0240562286434905,484590.309618651,4976646.38994937,0.125705391440368,9.449,3
1070,1,0,accepted,0.0287640205833344,-0.0356606451362208,484591.499388438,4976646.55920459,0.125622397784667,9.359,3
1071,1,0,accepted,0.0369398329733315,-0.04840899668626,484592.69825387,4976646.726671,0.12567517175825,8.957,3
1072,1,0,accepted,0.0457343724561035,-0.0870730274793609,484593.89414853,4976646.89398958,0.125346503470096,8.835,3
1073,1,0,accepted,0.0346999797829945,0.00517616734868915,484595.0926143,4976647.08234157,0.127374978015352,8.672,3
1074,1,0,accepted,0.0285986233172812,0.0152467313877994,484596.291920664,4976647.26612886,0.128196778076939,9.063,3
1075,1,0,accepted,0.0215980730678859,0.0371894397504052,484597.48976993,4976647.45174278,0.128824786470785,9.062,3
1076,1,0,accepted,0.0276314974969315,0.0775964657355439,484598.692180906,4976647.62519779,0.129813474646333,9.509,3
1077,1,0,accepted,0.0215486806705751,0.0685006332232371,484599.902125505,4976647.81689118,0.13027270307006,9.795,3
1078,1,0,accepted,0.0320292279326764,0.0261353685232902,484601.098132493,4976648.0032172,0.130048980010539,10.432,3
1079,1,0,accepted,0.0303234338944439,-0.0278830213238447,484602.295331686,4976648.20133459,0.129607577841865,10.944,3
1080,1,0,accepted,0.0475190554779171,-0.0219677821025116,484603.500496863,4976648.38109451,0.130051954749614,10.441,3
1081,1,0,accepted,0.0655746723086306,-0.0184060485233293,484604.707331878,4976648.5613742,0.131066119016029,10.2,3
1082,1,0,accepted,0.0748215954212248,0.00944299368217911,484605.906970625,4976648.74960822,0.131835116090053,10.56,3
1083,1,0,accepted,0.0931384031020528,0.0692113281008422,484607.124647574,4976648.93361819,0.133372687622282,10.806,3
1084,1,0,accepted,0.122516787194697,0.315095688188316,484608.316587449,4976649.10391828,0.137910660612808,10.273,3
1085,1,0,accepted,0.0946999725724825,0.0959156971087595,484609.513298805,4976649.33402288,0.134417929627805,9.011,3
1086,1,0,accepted,0.0880675916594992,0.0596967059182685,484610.697780359,4976649.54112998,0.133733846515971,9.462,3
1087,1,0,accepted,0.0873392769205571,0.00925230949674945,484611.900629081,4976649.74312102,0.132955738910677,8.69,3
1088,1,0,accepted,0.061902248960711,-0.000366718994551729,484613.092379132,4976649.96714193,0.133066149268729,10.333,3
1089,1,0,accepted,0.0552015326564391,-0.00714638745938638,484614.290606758,4976650.17083098,0.133083365803322,9.225,3
1090,1,0,accepted,0.0523355749033685,-0.0160349787250865,484615.486581023,4976650.37140469,0.133091088949149,9.194,3
1091,1,0,accepted,0.0484190450411219,-0.103958139824467,484616.696310794,4976650.57221016,0.131892329926304,8.959,3
1092,1,0,accepted,0.0538668239056186,-0.112645972562944,484617.879275942,4976650.76348686,0.131881194096999,9.472,3
1093,1,0,accepted,0.060236031333351,-0.150812429845063,484619.085441401,4976650.95505033,0.13104535088242,9.759,3
1094,1,0,accepted,0.0696275618840446,-0.163055664302813,484620.289428336,4976651.14349003,0.131063787244317,9.875,3
1095,1,0,accepted,0.0783496187829379,-0.105308738163255,484621.504540177,4976651.33742929,0.131904541606845,9.831,3
1096,1,0,accepted,0.0775215953099442,0.00135457165594694,484622.705310202,4976651.53677995,0.133866101834439,10.014,3
1097,1,0,accepted,0.0790236542720098,0.0400816950964393,484623.904700415,4976651.73414273,0.134522293128515,10.071,3
1098,1,0,accepted,0.0808419233366744,0.05440707194899,484625.115380308,4976651.92800649,0.134745501760508,10.041,3
1099,1,0,accepted,0.0876746605132781,0.0836804143227999,484626.279097215,4976652.11083856,0.135171780469958,9.108,3
1100,1,0,accepted,0.0952233549201888,0.083527015155423,484627.472196114,4976652.29810049,0.13535001389336,9.222,3
1101,1,0,accepted,0.0952706789478937,0.197994480256177,484628.666531622,4976652.49400609,0.137134105703029,8.942,3
1102,1,0,accepted,0.111498906281334,0.257823617352982,484629.860028138,4976652.67347386,0.137754244583441,9.415,3
1103,1,0,accepted,0.101865545437512,0.196218730054382,484631.052039115,4976652.87843187,0.137072147190624,8.231,3
1104,1,0,accepted,0.0911377286243594,0.143061133185615,484632.232874795,4976653.08204978,0.135868016891973,8.38,3
1105,1,0,accepted,0.0974458770835241,0.152010386937184,484633.415503273,4976653.26957009,0.135793896146416,8.636,3
1106,1,0,accepted,0.089669054976218,0.123803776809867,484634.599976797,4976653.47199357,0.134898360863695,9.403,3
1107,1,0,accepted,0.072594650416473,0.0697968006857947,484635.780256283,4976653.68225664,0.133635980122779,9.057,3
1108,1,0,accepted,0.0760460305808266,0.0856779385442481,484636.948728723,4976653.87439256,0.133477162669839,8.647,3
1109,1,0,accepted,0.0800048690087879,0.0569800055716922,484638.136320356,4976654.06064764,0.132647441755913,9.189,3
1110,1,0,accepted,0.0645617180856051,-0.00102843335937432,484639.334932288,4976654.26218875,0.131222106714897,8.907,3
1111,1,0,accepted,0.0548203074126703,-0.0982927403543195,484640.5584651,4976654.46016547,0.129294249783914,8.838,3
1112,1,0,accepted,0.0483284167660917,-0.156420774842435,484641.746867568,4976654.65517195,0.127765902475658,8.945,3
1113,1,0,accepted,0.0449613399748405,-0.140389917052866,484642.914484534,4976654.84344735,0.127527859874357,7.575,3
1114,1,0,accepted,0.0432801679317702,-0.123513937918946,484644.071917434,4976655.03212514,0.127803932603068,8.065,3
1115,1,0,accepted,0.0400321690264746,-0.0749453750476928,484645.248210053,4976655.21991219,0.127875395641174,7.882,3
1116,1,0,accepted,0.0421347771679261,-0.0906893404460015,484646.423642552,4976655.40083725,0.127824365468968,8.144,3
1117,1,0,accepted,0.0484328711340273,-0.0410857416621791,484647.594028831,4976655.5799028,0.128235561419579,8.676,3
1118,1,0,accepted,0.0421544928193973,-0.04209805727935,484648.75107801,4976655.76783311,0.127675678845195,7.969,3
1119,1,0,accepted,0.041245581862694,0.00564586665087966,484649.916444652,4976655.95093473,0.128266015553637,8.048,3
1120,1,0,accepted,0.0442852735089775,0.0167508182068065,484651.072699495,4976656.12794974,0.128154784887334,7.666,3
1121,1,0,accepted,0.0446817851031946,0.0393186283638108,484652.216920379,4976656.30666507,0.128530866282289,8.37,3
1122,1,0,accepted,0.0543173957762194,0.0513795836414366,484653.371990703,4976656.47604344,0.1286292019317,7.557,3
1123,1,0,accepted,0.0666073549741589,0.079560184903938,484654.521137052,4976656.64191334,0.128695859227819,7.908,3
1124,1,0,accepted,0.0758336407713003,0.100488644980598,484655.648820511,4976656.81014094,0.128691161638537,11.343,3
1125,1,0,accepted,0.0904442319247696,0.0810825436850416,484656.775150232,4976656.97127623,0.128079942789408,9.308,3
1126,1,0,accepted,0.103520625892339,0.0875270515286669,484657.907063673,4976657.1331866,0.127881814592869,9.099,3
1127,1,0,accepted,0.116127239559555,0.0861122064915547,484659.040728264,4976657.29476758,0.127629510955475,8.988,3
1128,1,0,accepted,0.124484046694583,0.0518431710247345,484660.187844014,4976657.46086776,0.126906229777478,8.875,3
1129,1,0,accepted,0.121938347142646,0.018538751647362,484661.334809122,4976657.64017196,0.125934360877098,7.995,3
1130,1,0,accepted,0.104682569847109,-0.00555111196270455,484662.447415861,4976657.82979715,0.125199059634623,7.608,3
1131,1,0,accepted,0.0989023994211348,0.0150914997873575,484663.554333463,4976658.00587151,0.125402634472176,8.224,3
1132,1,0,accepted,0.100992580244403,0.0525610279603963,484664.65198481,4976658.17226156,0.12582962644951,11.39,3
1133,1,0,accepted,0.102532645067885,0.0690825397729572,484665.755358424,4976658.34058292,0.126128929898257,10.764,3
1134,1,0,accepted,0.0976570016612668,0.0417828459846827,484666.881160725,4976658.519331,0.126129027525928,10.55,3
1135,1,0,accepted,0.111574934681615,0.110613181223833,484667.987724048,4976658.67560574,0.127463574675291,8.225,3
1136,1,0,accepted,0.110859954190274,-0.00233245161683833,484669.109400078,4976658.85361988,0.125805527886807,7.575,3
1137,1,0,accepted,0.115868234553279,-0.0571915981714313,484670.207059798,4976659.02206082,0.125085658533887,8.01,3
1138,1,0,accepted,0.0741703382907566,-0.149288837059424,484671.260005174,4976659.22219868,0.123624216666739,8.294,3
1139,1,0,accepted,0.0613008560651462,-0.136224387157762,484672.312203805,4976659.39434634,0.124123239196898,7.973,3
1140,1,0,accepted,0.065720898446798,-0.0901353094992753,484673.387964634,4976659.55820309,0.125014110872024,8.025,3
1141,1,0,accepted,0.0493324547398734,-0.111069789313764,484674.475691335,4976659.74391618,0.124841152721503,7.498,3
1142,1,0,accepted,0.0704208426174032,-0.13085450047897,484675.582219619,4976659.89776617,0.124519343348298,7.514,3
1143,1,0,accepted,0.0652761714704315,-0.0314527471069355,484676.621071089,4976660.06493362,0.126244558059302,8.14,3
1144,1,0,accepted,0.0999482768907083,0.039003629986372,484677.662688849,4976660.19931686,0.127348986577144,7.757,3
1145,1,0,accepted,0.0979947072497041,0.0315233092201632,484678.709762931,4976660.37324029,0.127523636958132,7.917,3
1146,1,0,accepted,0.0808297199859847,0.0116912523313954,484679.771465104,4976660.5553174,0.127264670147139,10.765,3
1147,1,0,accepted,0.153259232512523,0.0714194366710179,484680.730658522,4976660.70488997,0.128355650861118,8.102,3
1148,1,0,accepted,0.115740908112649,0.0870958223688392,484681.829938058,4976660.87467424,0.128689290917217,8.782,3
1149,0,1,acceptedDirectional,0.10703071043992,0.015487498931503,484682.884956132,4976661.04810599,0.12758393674957,9.026,2
1150,0,1,acceptedDirectional,0.113223587794232,0.0603424880000061,484683.946064651,4976661.19968245,0.128435673293615,9.278,2
1151,1,0,accepted,0.0507977458922269,0.237655833045439,484685.019006129,4976661.40795361,0.131475332581655,9.797,3
1152,1,0,accepted,0.0492696499187469,0.237432647336732,484686.049211316,4976661.57666172,0.131313338654868,8.095,3
1153,1,0,accepted,0.0299030126042952,0.156436567652085,484687.090508917,4976661.75888339,0.129849802795956,7.576,3
1154,1,0,accepted,0.0410287435733415,0.196387983037466,484688.116236277,4976661.91316594,0.129886576724931,7.563,3
1155,1,0,accepted,0.0274000006867608,-0.00924544208634155,484689.150928958,4976662.11175232,0.126423862116068,7.437,3
1156,1,0,accepted,0.0412513689642443,0.0727164204915995,484690.161397253,4976662.25501318,0.127513530248274,7.519,3
1157,1,0,accepted,0.0384408671388046,0.138601614240255,484691.169445627,4976662.39600743,0.12855344566084,8.174,3
1158,1,0,accepted,0.0428652299293029,0.0898855337203899,484692.182289537,4976662.55304465,0.127462454658541,8.278,3
1159,1,0,accepted,0.0402985144697498,0.0974455811881837,484693.198861208,4976662.708121,0.1272459464227,7.259,3
1160,1,0,accepted,0.0332507223997939,0.0755725808811422,484694.213933329,4976662.86617017,0.126408409607788,7.185,3
1161,1,0,accepted,0.0313227206953024,0.0617977049901952,484695.22785741,4976663.01648978,0.125449476109063,7.316,3
1162,1,0,accepted,0.0447660494652031,0.0646293679238708,484696.223900101,4976663.16366506,0.124801868174977,7.043,3
1163,1,0,accepted,0.0474200403540678,0.0734796146250614,484697.238659264,4976663.30610262,0.124180972405534,8.113,3
1164,1,0,accepted,0.0597234420064502,0.0644082654097336,484698.225422718,4976663.44406799,0.123063262846355,7.335,3
1165,1,0,accepted,0.0741568499653692,0.0368518531689304,484699.2319258,4976663.57922617,0.121577891639047,7.548,3
1166,1,0,accepted,0.0976600623341161,0.0372288775722512,484700.245567264,4976663.71021411,0.120545965347217,8.875,3
1167,1,0,accepted,0.113884146399465,0.0457813195348938,484701.244244707,4976663.84670409,0.119713227001789,9.205,3
1168,1,0,accepted,0.105929608231367,0.113601994843173,484702.212077268,4976663.99539457,0.119900094721189,7.917,3
1169,1,0,accepted,0.116239661363227,0.116822157183001,484703.194487472,4976664.13038676,0.119020134357715,7.155,3
1170,1,0,accepted,0.118964112657804,0.0562227413356324,484704.177249428,4976664.27319815,0.116798128691593,7.463,3
