frame,accepted,directional,reason,errorM,yawErrorDeg,x,y,psi,matchingMs
1,0,0,insufficientComponents,0.640312423976002,2,484201.572914107,4977500.52147539,-2.10588080737395,7.181
2,1,0,accepted,0.0926485617872973,0.109159535116164,484201.027806554,4977500.84071827,-2.13888459283559,12.402
3,1,0,accepted,0.0926814566151776,0.149930391533908,484201.034963874,4977500.83724137,-2.13815337059106,10.122
4,1,0,accepted,0.0923132568630598,0.124807459337379,484201.033387285,4977500.83857486,-2.13859643526339,9.875
5,1,0,accepted,0.0984608622077726,0.258053355218235,484201.036945361,4977500.83054392,-2.13627426996989,10.258
6,1,0,accepted,0.0941741173740687,0.248436525834142,484201.036464291,4977500.83566086,-2.13642692350362,9.576
7,1,0,accepted,0.0944381352524234,0.24964742513201,484201.035776101,4977500.83567588,-2.13639926969992,9.947
8,1,0,accepted,0.0921812025507871,0.246201213467788,484201.035108236,4977500.83685438,-2.13646324453803,9.77
9,1,0,accepted,0.0995556755746598,0.264372078507279,484201.030322635,4977500.82705501,-2.13612815056639,10.486
10,1,0,accepted,0.092654768270295,0.237371406818716,484201.025736707,4977500.82944693,-2.13660928699762,9.856
11,1,0,accepted,0.0848128021389335,0.237628349361459,484201.02377117,4977500.82647609,-2.13661473287207,10.288
12,1,0,accepted,0.075118771530103,0.296965064600313,484201.0207949,4977500.82199113,-2.13554643086234,10.163
13,1,0,accepted,0.0575040743610968,0.275239523351812,484201.021892817,4977500.81903589,-2.13596760686488,9.53
14,1,0,accepted,0.0466143271768766,0.285843540781247,484201.008840274,4977500.80944914,-2.13571110773441,10.07
15,1,0,accepted,0.0447414204606671,0.311932760303848,484200.993468397,4977500.78553826,-2.13519576275661,10.254
16,1,0,accepted,0.0453744505755638,0.330699495006208,484200.973816191,4977500.75462375,-2.13475547156903,9.552
17,1,0,accepted,0.0479542167557372,0.26881603483067,484200.94958636,4977500.71822228,-2.13566317232967,10.041
18,1,0,accepted,0.0491353906560286,0.253487386501877,484200.919293052,4977500.68003496,-2.13575298363766,9.69
19,1,0,accepted,0.051415969204793,0.156021445741845,484200.886903465,4977500.63481069,-2.13717569300009,10.668
20,1,0,accepted,0.0508089212825565,0.150663192563214,484200.851503386,4977500.58839188,-2.13681078219991,10.239
21,1,0,accepted,0.0454776494499191,0.109412515505635,484200.820500379,4977500.5361711,-2.13689272228815,9.832
22,1,0,accepted,0.0491758228320549,0.342979348157843,484200.787615005,4977500.46611066,-2.13211285417571,9.443
23,1,0,accepted,0.0433515194375407,0.277819386652409,484200.753077342,4977500.39987403,-2.13234290419533,9.71
24,0,0,inconsistentClasses,0.0367448258881703,0.268909900370014,484200.710469008,4977500.33007817,-2.13122318325336,11.158
25,0,0,inconsistentClasses,0.0314263893215152,0.260108835268191,484200.662977539,4977500.25281707,-2.12998741102151,11.757
26,1,0,accepted,0.0111184235501561,-0.292537745713704,484200.598873701,4977500.18306857,-2.13750884641952,10.927
27,1,0,accepted,0.00813523900167173,-0.30956138672395,484200.535634915,4977500.0866617,-2.13623472893353,10.295
28,0,0,inconsistentClasses,0.00783086799398918,-0.302883100351393,484200.471765325,4977499.98031238,-2.13581143850316,11.268
29,1,0,accepted,0.00776457589175671,0.0120016054084548,484200.397054162,4977499.85998827,-2.12816696573546,9.31
30,1,0,accepted,0.0115461288808076,0.0211326309382313,484200.327830868,4977499.74148662,-2.12538964906765,9.132
31,1,0,accepted,0.00570275826120927,0.00592149920378469,484200.247261178,4977499.62423098,-2.12487240120368,8.798
32,1,0,accepted,0.00884282609102454,0.0401234918483298,484200.174047364,4977499.49469274,-2.12325400693223,8.832
33,1,0,accepted,0.0188530346649146,0.110778311324769,484200.100776453,4977499.35541249,-2.12023190336234,10.273
34,1,0,accepted,0.0382576609801151,0.441263555549272,484200.028138327,4977499.19423239,-2.11245455001293,9.982
35,1,0,accepted,0.0374686955247282,0.434190024395161,484199.946542005,4977499.05854969,-2.11071473089521,9.723
36,1,0,accepted,0.0284642326860488,0.227441519932672,484199.848826619,4977498.91356155,-2.11301644945351,9.595
37,1,0,accepted,0.0320860677045567,0.243942301106775,484199.760138002,4977498.7624279,-2.11164393912938,9.15
38,1,0,accepted,0.0270287830589524,0.236577921278362,484199.661458644,4977498.60573017,-2.11032555343029,8.916
39,1,0,accepted,0.026726566561486,0.215744857189004,484199.564916548,4977498.45439689,-2.10935173345866,10.338
40,1,0,accepted,0.029574773442809,0.231565935078894,484199.47060212,4977498.28900081,-2.10823225524538,9.781
41,1,0,accepted,0.0343812921442324,0.256573334434099,484199.373286469,4977498.12583897,-2.10743962228876,9.055
42,1,0,accepted,0.0253284383218389,0.255576515418374,484199.263705082,4977497.95175318,-2.10757552623192,9.314
43,1,0,accepted,0.0337225595186648,0.326717515025999,484199.168847871,4977497.76534871,-2.10630611324774,9.555
44,1,0,accepted,0.0284961776547827,0.296768788837509,484199.064829098,4977497.61200235,-2.10702967094797,9.275
45,1,0,accepted,0.0249134740031417,0.296443543240915,484198.962642147,4977497.44184224,-2.10723059788091,9.518
46,1,0,accepted,0.0361953964071612,0.35528856383176,484198.865718321,4977497.24881924,-2.10611757132478,9.779
47,1,0,accepted,0.0461799066344974,0.409812302042464,484198.768174099,4977497.06962629,-2.10614958492125,9.497
48,1,0,accepted,0.0446198225580988,0.407885995577896,484198.673255478,4977496.90618874,-2.10705968397513,8.962
49,1,0,accepted,0.0378827100040293,0.397551915920195,484198.576841336,4977496.74614151,-2.10799413758359,9.203
50,1,0,accepted,0.036122577974116,0.418330052205891,484198.488075467,4977496.58641918,-2.10827703125952,9.812
51,1,0,accepted,0.0125253395939768,0.355003157955521,484198.387103701,4977496.44912295,-2.11004339638427,9.971
52,1,0,accepted,0.00659648194061147,0.316755607225646,484198.29561996,4977496.3023165,-2.11074562075458,9.739
53,1,0,accepted,0.0168143834091731,0.319127699482663,484198.218042379,4977496.15463437,-2.1110192368831,9.704
54,1,0,accepted,0.0217261372710468,0.361084930620874,484198.130946096,4977495.99189362,-2.11103362964201,9.725
55,1,0,accepted,0.0158103544447612,0.309899833199008,484198.039859571,4977495.85364726,-2.11225582485183,10.73
56,1,0,accepted,0.0265099188563784,0.378676863254888,484197.959719537,4977495.70034805,-2.11118989908275,9.819
57,1,0,accepted,0.0276990834167999,0.384296795601013,484197.867914132,4977495.5422297,-2.11160990343361,10.484
58,1,0,accepted,0.0330944638148181,0.376740238471183,484197.773839997,4977495.3911968,-2.11212959906212,8.751
59,1,0,accepted,0.0386258847159637,0.384063447996939,484197.680322627,4977495.22903228,-2.11185634951518,10.188
60,1,0,accepted,0.0383079368630684,0.485106729663194,484197.591865827,4977495.02876286,-2.1096874647698,9.331
61,1,0,accepted,0.0341936301089047,0.442485151668264,484197.488468411,4977494.8614141,-2.10930063877637,8.964
62,1,0,accepted,0.0274532769507672,0.432600082561907,484197.380028123,4977494.68625929,-2.10799020764245,10.53
63,1,0,accepted,0.0271094458624774,0.284182055345982,484197.266311297,4977494.52998437,-2.10806361755581,10.182
64,1,0,accepted,0.0102283392629855,0.35319669216065,484197.149181234,4977494.33006205,-2.10548610767072,10.568
65,1,0,accepted,0.00205788582805815,0.334565653069643,484197.040148361,4977494.15305381,-2.1051016702499,9.289
66,1,0,accepted,0.0118555058283916,0.276543102737466,484196.939517558,4977493.98353924,-2.10423691173331,10.316
67,1,0,accepted,0.00461629833270036,0.220145084102695,484196.833336723,4977493.78867024,-2.10193126772417,9.821
68,1,0,accepted,0.0207615843382338,0.222200697789228,484196.740630541,4977493.5861788,-2.09756606096142,9.282
69,1,0,accepted,0.026733860842436,0.176155672944076,484196.631956582,4977493.40056829,-2.09273940935216,9.799
70,1,0,accepted,0.0112947565536779,0.170738722869478,484196.494844568,4977493.18745348,-2.08561812694596,9.258
71,1,0,accepted,0.0262228374868576,0.068612063847883,484196.337740185,4977492.96195617,-2.07892879076519,10.434
72,1,0,accepted,0.0334726965783023,-0.00436662084723723,484196.202960697,4977492.73824009,-2.07032353939635,10.565
73,1,0,accepted,0.0328567612483182,0.00644734775927512,484196.068803797,4977492.49056615,-2.0586591711233,10.775
74,1,0,accepted,0.0360320357097639,-0.0670130027408152,484195.926145387,4977492.23146347,-2.0464839029269,10.273
75,1,0,accepted,0.033178514859703,-0.05345678090589,484195.789596268,4977491.95965287,-2.03059226772775,10.321
76,1,0,accepted,0.0383698964613781,-0.0914318669189335,484195.652744162,4977491.67728059,-2.01465530210219,11.277
77,1,0,accepted,0.0432269880174137,0.00802794878919016,484195.505457813,4977491.37222853,-1.9967421129134,10.192
78,1,0,accepted,0.0463672265719564,-0.201342238876591,484195.363770492,4977491.04513273,-1.98093259920062,11.02
79,1,0,accepted,0.0374977968433324,-0.165885800542321,484195.204677905,4977490.68955787,-1.96027510186232,9.969
80,1,0,accepted,0.0229362841036141,-0.190260744621906,484195.057053085,4977490.31416496,-1.93823736230878,10.333
81,1,0,accepted,0.0209967119769174,-0.14587007963779,484194.918303155,4977489.9334604,-1.91304375113031,9.891
82,1,0,accepted,0.0516876486057805,-0.259366104176749,484194.77161461,4977489.57832142,-1.88951065819471,11.403
83,1,0,accepted,0.107462099211987,-0.299177416471101,484194.618508075,4977489.22880859,-1.86314878130769,9.522
84,1,0,accepted,0.100396065379499,-0.319309759962444,484194.50020493,4977488.80885361,-1.83687912199051,10.369
85,1,0,accepted,0.146195388791222,-0.328552323635247,484194.361786473,4977488.42386534,-1.81002807377326,10.086
86,1,0,accepted,0.149143330371394,-0.332301020362656,484194.243735473,4977487.98345137,-1.78416132701094,10.331
87,1,0,accepted,0.161714478093987,-0.194753974213113,484194.142220513,4977487.54224272,-1.75432442151709,11.309
88,1,0,accepted,0.157443179903965,-0.0755635329806443,484194.054824877,4977487.07644469,-1.72530366682062,10.481
89,1,0,accepted,0.167887498041366,0.177340997032221,484193.971316483,4977486.6193402,-1.69305786273175,13.744
90,1,0,accepted,0.160815716576473,-0.0915378119826622,484193.93105027,4977486.13357883,-1.66947806448934,12.516
91,1,0,accepted,0.166622566649374,-0.138199551283935,484193.865438508,4977485.65109224,-1.64042447548796,13.039
92,1,0,accepted,0.168272397850237,-0.254120266070641,484193.811391151,4977485.15659599,-1.61251053677267,11.204
93,1,0,accepted,0.167393825066591,-0.311718087947088,484193.780550996,4977484.64885225,-1.58376449542459,10.365
94,1,0,accepted,0.147864965702779,-0.348155211788071,484193.766251447,4977484.11451211,-1.55454571711431,11.707
95,1,0,accepted,0.148503417133186,-0.423617580131432,484193.765813648,4977483.58992143,-1.52523288572935,10.842
96,1,0,accepted,0.166698106058463,-0.618998506537575,484193.781890046,4977483.07424724,-1.49726889876739,12.546
97,1,0,accepted,0.159654969536432,-0.564891288262594,484193.791581938,4977482.53546574,-1.46523513183227,11.768
98,1,0,accepted,0.163323816238861,-0.569280096897703,484193.843383648,4977481.99987904,-1.43380230573823,10.997
99,1,0,accepted,0.111388515486715,-0.343609518155041,484193.906420214,4977481.39930003,-1.39958897997942,12.211
100,1,0,accepted,0.132461951130653,-0.689500163743711,484194.006313672,4977480.87236312,-1.37500419658488,12.487
101,1,0,accepted,0.119148300497568,-0.668240310130553,484194.110051863,4977480.29383421,-1.34572897170473,13.193
102,1,0,accepted,0.106276851828463,-0.51592173991205,484194.234131678,4977479.72146382,-1.31601833571252,12.444
103,1,0,accepted,0.0848889312058976,-0.341877611465272,484194.368389065,4977479.12755112,-1.28708862827092,12.087
104,1,0,accepted,0.0854683297379751,-0.389126565067503,484194.531476815,4977478.55702411,-1.26285513325722,11.857
105,1,0,accepted,0.0701651971892868,-0.199740818341494,484194.703157424,4977477.95324107,-1.23581902803459,13.53
106,1,0,accepted,0.069306971437651,-0.218194114719295,484194.910091247,4977477.37593138,-1.21513234359957,12.577
107,1,0,accepted,0.0800279933655157,-0.280926524422456,484195.127781098,4977476.80423985,-1.19787613907385,14.366
108,1,0,accepted,0.0668992962290747,-0.0836561407533848,484195.363385149,4977476.19677541,-1.17824569888792,13.549
109,1,0,accepted,0.069732519773505,-0.0898658208859806,484195.620743462,4977475.59655135,-1.16408844929118,11.196
110,1,0,accepted,0.0496109382116593,0.168462548011787,484195.888532545,4977474.98982584,-1.1479619825531,11.184
111,1,0,accepted,0.0372200426009644,0.338869373341992,484196.166099923,4977474.3565841,-1.13461836603369,11.604
112,1,0,accepted,0.0401570547016192,0.366088063966048,484196.451732775,4977473.74161486,-1.12539032014679,10.469
113,1,0,accepted,0.0437605439828635,0.205780741026245,484196.749628251,4977473.12278125,-1.12076796114818,11.234
114,1,0,accepted,0.0343077500190998,0.0811287519973746,484197.07231722,4977472.49759816,-1.116954926251,11.749
115,1,0,accepted,0.0527711157110016,0.387731962829662,484197.378156153,4977471.82070814,-1.10666283231329,12.124
116,1,0,accepted,0.0133543710889989,0.255652606425972,484197.740411635,4977471.20419841,-1.10528050394644,11.843
117,1,0,accepted,0.0124686127108952,0.493980281993838,484198.077231895,4977470.54083537,-1.09813255680767,11.336
118,1,0,accepted,0.0828233553515618,0.723323977396924,484198.488234625,4977469.82296657,-1.09272550457014,11.789
119,1,0,accepted,0.0846210635849751,0.753132214269398,484198.837784531,4977469.14011992,-1.09228444433654,11.331
120,1,0,accepted,0.0745108680813789,0.579106383730084,484199.19673258,4977468.47228877,-1.09653113841809,11.371
121,1,0,accepted,0.0750985574032352,0.565172647716408,484199.554817424,4977467.76959769,-1.09901662476329,11.419
122,1,0,accepted,0.0717480087107814,0.488075636100381,484199.913635954,4977467.06284822,-1.10167297123888,11.803
123,1,0,accepted,0.0637274239037195,0.324667751767214,484200.279190101,4977466.36617571,-1.10660325922502,12.632
124,1,0,accepted,0.0827766873912587,0.399017843670392,484200.651583368,4977465.62158214,-1.10763660173338,12.924
125,1,0,accepted,0.0677146422165022,-0.108878194157466,484201.04782752,4977464.91697646,-1.11993219981082,13.982
126,1,0,accepted,0.079806731225582,0.045108715802359,484201.419591844,4977464.1499124,-1.12140509896065,12.329
127,1,0,accepted,0.09412149562293,0.0944471270241108,484201.799248297,4977463.37814051,-1.12563085317779,11.061
128,1,0,accepted,0.107128949859137,0.296553859039223,484202.181557196,4977462.5953976,-1.12794613009738,12.153
129,1,0,accepted,0.109466443557923,0.36893255815398,484202.564017039,4977461.80617096,-1.13219995009474,11.033
130,1,0,accepted,0.121127214198733,0.320087722247818,484202.942598491,4977461.01568543,-1.13967562950024,11.545
131,1,0,accepted,0.108648841646525,0.0531615479849182,484203.327981928,4977460.22781977,-1.15015538319705,10.973
132,1,0,accepted,0.133064172931782,0.321142618095707,484203.701491014,4977459.38637733,-1.15258593715865,11.546
133,1,0,accepted,0.13411159627635,0.22412895867718,484204.075225837,4977458.56681726,-1.16106299779919,11.167
134,1,0,accepted,0.138513541976316,0.156091361441775,484204.465023974,4977457.72582306,-1.16910370026602,10.934
135,1,0,accepted,0.153082322849435,0.195293724360453,484204.827982807,4977456.87228158,-1.17526426567121,9.787
136,1,0,accepted,0.178588595117709,0.349530065585076,484205.179371666,4977456.00108323,-1.17950083819026,9.253
137,1,0,accepted,0.147797536479948,0.221396910987166,484205.585274711,4977455.15479524,-1.18866087335351,11.136
138,1,0,accepted,0.17677370186913,0.439483835044252,484205.940379626,4977454.25475037,-1.19180812438565,10.752
139,1,0,accepted,0.153224722675963,0.352396638024497,484206.334570183,4977453.38154334,-1.20002570300324,11.366
140,1,0,accepted,0.0813824912936769,0.155547616844768,484206.817160958,4977452.56510182,-1.21056114912091,12.002
141,1,0,accepted,0.100383840019323,-0.348379881799822,484207.226935322,4977451.69272505,-1.22620127785468,13.913
142,1,0,accepted,0.0761286089504955,-0.331360967422283,484207.568606209,4977450.7739015,-1.23257351475467,11.415
143,1,0,accepted,0.0608780237034796,-0.202672318407511,484207.905718736,4977449.83424343,-1.23739032782872,10.986
144,1,0,accepted,0.0584950312694753,-0.17984511745581,484208.23616662,4977448.88464382,-1.24364289099042,9.955
145,1,0,accepted,0.0770809010941634,0.037025194868682,484208.574167765,4977447.92127587,-1.24749062527106,13.762
146,1,0,accepted,0.0769134562022296,-0.0414319327923716,484208.919024486,4977446.97127774,-1.25476082867409,11.493
147,1,0,accepted,0.111648829248968,-0.0237455167599709,484209.254984945,4977445.9733544,-1.26215397064024,11.599
148,1,0,accepted,0.119461443024293,-0.0679068490933055,484209.588340722,4977445.00342214,-1.26926487521527,12.03
149,1,0,accepted,0.101582499603813,0.265806516475494,484209.927262475,4977444.04818488,-1.27030256680021,14.123
150,0,0,inconsistentClasses,0.120206375104952,0.250126383500202,484210.237580834,4977443.07386098,-1.27698772666604,15.556
151,1,0,accepted,0.08161449324547,0.400210672078205,484210.578540314,4977442.13412635,-1.28154067581209,11.921
152,1,0,accepted,0.075911362648792,0.296087722629089,484210.902969368,4977441.14500859,-1.29035044791695,11.992
153,0,0,inconsistentClasses,0.0978979563234122,0.288108395332305,484211.19872463,4977440.14794734,-1.29712964539406,14.807
154,0,0,inconsistentClasses,0.122155435827548,0.263872013219227,484211.48967778,4977439.14097732,-1.30377466883989,38.11
155,0,0,inconsistentClasses,0.148649696582859,0.292838964100582,484211.773388297,4977438.13663231,-1.31046085346851,15.635
156,0,0,inconsistentClasses,0.173934541199392,0.281271841146,484212.054389152,4977437.11409464,-1.31733483957912,17.144
157,1,0,accepted,0.121211976967794,0.0899151193229762,484212.376059934,4977436.1828042,-1.32766234445137,16.502
158,1,0,accepted,0.0594130286133647,-0.585752467568317,484212.827239708,4977435.24424075,-1.34641494736986,15.537
159,1,0,accepted,0.057143302199539,-0.588311356691971,484213.115673609,4977434.20970952,-1.35288208493509,14.088
160,1,0,accepted,0.0310186854555827,-0.486133065782875,484213.371896325,4977433.17894106,-1.3574583181233,13.622
161,1,0,accepted,0.00823686577060857,-0.268901054234464,484213.618240491,4977432.1311344,-1.36051883395094,14.015
162,1,0,accepted,0.00844919276161602,-0.214232910006442,484213.885436738,4977431.11255206,-1.36619854432766,14.372
163,1,0,accepted,0.0544179565212825,-0.106265706108554,484214.102769569,4977430.07210932,-1.37070746358985,13.441
164,1,0,accepted,0.111778777308945,-0.0281951024562241,484214.298430058,4977429.0490425,-1.37577567844958,13.497
165,1,0,accepted,0.120770321272975,-0.0677920114589587,484214.539121721,4977428.01977414,-1.38253021194678,15.516
166,1,0,accepted,0.157433924983665,0.0443794195769896,484214.750723127,4977426.9502964,-1.38684288827153,14.818
167,1,0,accepted,0.154506706106492,0.0208448810758102,484214.989798386,4977425.91531802,-1.39343062946241,15.405
168,1,0,accepted,0.174743838126796,0.239793021214077,484215.201859266,4977424.85948616,-1.39639964556388,17.631
169,1,0,accepted,0.166285346258263,0.222438716748947,484215.432603699,4977423.82096852,-1.40331325742074,17.197
170,1,0,accepted,0.198976642936759,0.20582358983726,484215.613908464,4977422.78434986,-1.41029028469094,16.214
171,1,0,accepted,0.195378477364412,0.140769081924617,484215.82710128,4977421.73821415,-1.41862666788148,16.385
172,1,0,accepted,0.229458066484644,0.281390066977464,484215.997318111,4977420.67272623,-1.42341112735467,15.284
173,1,0,accepted,0.250487161678215,0.422730071325318,484216.174118466,4977419.60334183,-1.42852895751049,14.343
174,1,0,accepted,0.278292558288822,0.599212507818736,484216.336029867,4977418.53321588,-1.43278577517228,14.167
175,1,0,accepted,0.304049727711079,0.655328140641975,484216.487354357,4977417.48059344,-1.43913453309013,15.043
176,1,0,accepted,0.30508519669963,0.625047570209787,484216.657316909,4977416.41954286,-1.44699787389365,14.903
177,1,0,accepted,0.311824006034768,0.669564417561071,484216.811897853,4977415.37992012,-1.45366290106748,16.282
178,1,0,accepted,0.331969521095077,0.794953439246541,484216.951660406,4977414.2827221,-1.45881346601034,13.403
179,1,0,accepted,0.251038109420727,0.915998322871206,484217.197055501,4977413.16588456,-1.46415525494521,17.135
180,1,0,accepted,0.163674835305799,0.589466768907925,484217.440243454,4977412.08284445,-1.47691020572768,15.229
181,1,0,accepted,0.134437542581402,0.498825057399246,484217.627975461,4977410.9835888,-1.48621995647576,16.211
182,1,0,accepted,0.159780201888246,0.636095634040869,484217.762455363,4977409.86359285,-1.4905396923685,14.255
183,1,0,accepted,0.155490031197884,0.573808926767411,484217.863980355,4977408.77738322,-1.49875777473735,13.087
184,1,0,accepted,0.162377735529436,0.646918901977305,484217.996807586,4977407.67298226,-1.50423580290261,12.63
185,1,0,accepted,0.11774629739896,0.108854584335734,484218.209790763,4977406.60327921,-1.52034875737941,14.293
186,1,0,accepted,0.108094144756101,-0.363466377668534,484218.360511721,4977405.5373341,-1.53540211264669,12.984
187,1,0,accepted,0.131699410261225,-0.519556432186702,484218.491075666,4977404.44499492,-1.54502173501517,12.814
188,1,0,accepted,0.0956477077749104,-0.322820948545701,484218.523210247,4977403.30898676,-1.5476099782197,11.46
189,1,0,accepted,0.0533828786276938,-0.0621815996556673,484218.508472055,4977402.18930147,-1.54846055585306,11.042
190,1,0,accepted,0.0630069888247403,0.174453893191713,484218.55272659,4977401.07844629,-1.54902489291557,11.405
191,1,0,accepted,0.0727585555720608,0.217304857966597,484218.595018651,4977399.94980087,-1.55273066235199,10.456
192,1,0,accepted,0.070478535026902,0.139268111848389,484218.643271505,4977398.83205129,-1.55768400502739,11.698
193,1,0,accepted,0.0955178269840775,0.0171863054855131,484218.666979582,4977397.69849011,-1.56285693143416,11.45
194,1,0,accepted,0.0734483160993006,-0.0665168921848597,484218.742082547,4977396.52609543,-1.56689355590763,15.275
195,1,0,accepted,0.0656685150247494,-0.0320925214652861,484218.790611783,4977395.38170171,-1.56854625543148,16.255
196,1,0,accepted,0.0772676222844046,0.0260698601422378,484218.822568632,4977394.21698437,-1.56994900119139,18.014
197,1,0,accepted,0.0929677223213412,0.213654250840483,484218.849527982,4977393.0389818,-1.56875337022415,16.291
198,1,0,accepted,0.104179506381068,0.363731993919621,484218.87801824,4977391.85207795,-1.56796339904996,16.984
199,1,0,accepted,0.0700961750937751,0.452103498230346,484219.043995819,4977390.642764,-1.56817434414955,15.64
200,1,0,accepted,0.0539087739469137,0.494766012089999,484219.054183601,4977389.46319668,-1.56920808472571,14.744
201,1,0,accepted,0.0433485097769912,0.512458839896879,484219.062025106,4977388.27746506,-1.57027607152056,14.279
202,1,0,accepted,0.0435825237259474,0.470941914820502,484219.077793019,4977387.0848294,-1.57232562445004,13.68
203,1,0,accepted,0.0568988101495179,0.444398905689621,484219.088887318,4977385.95072336,-1.57400970607345,13.078
204,1,0,accepted,0.0786043382863919,0.366682687692892,484219.093862444,4977384.73156839,-1.5749189863028,12.268
205,1,0,accepted,0.102018963481264,0.36650923135528,484219.093615469,4977383.51049482,-1.57456265701107,12.702
206,1,0,accepted,0.121391070286641,0.339016339398994,484219.101325127,4977382.27413152,-1.57385845792295,10.625
207,1,0,accepted,0.133714804615599,0.33254170448023,484219.111054631,4977381.0536056,-1.57251566010833,11.083
208,1,0,accepted,0.143803185472588,0.296118404976835,484219.118256973,4977379.85057559,-1.57101636533404,11.614
209,1,0,accepted,0.150435623577456,0.306196211896685,484219.134573046,4977378.63281905,-1.56805598821717,13.157
210,1,0,accepted,0.170962152612807,0.273250712781741,484219.14424893,4977377.40956277,-1.56554853359991,11.548
211,1,0,accepted,0.183939282613334,0.255921044392185,484219.167093346,4977376.17372854,-1.56220004181184,11.174
212,1,0,accepted,0.206946459183241,0.24669079646411,484219.184256224,4977374.93130375,-1.55849288863616,11.661
213,1,0,accepted,0.232663592405968,0.223524112595658,484219.204544671,4977373.67906147,-1.55482949992429,11.105
214,1,0,accepted,0.271899263662696,0.184471864651534,484219.215971624,4977372.426668,-1.55154179898117,10.949
215,1,0,accepted,0.192898028693423,0.639008274455325,484219.340434528,4977371.12540847,-1.53900427782722,14.652
216,1,0,accepted,0.181229799327866,0.713226147129599,484219.406663726,4977369.82718217,-1.53267417389155,12.606
217,1,0,accepted,0.196905566028451,0.808707671910053,484219.455278696,4977368.57210947,-1.52609326703209,12.612
218,1,0,accepted,0.202801535503401,0.881531759975419,484219.517941101,4977367.3000073,-1.51947087112368,12.867
219,1,0,accepted,0.214337171736925,0.812611515761705,484219.57714785,4977365.9715039,-1.51543549900619,12.684
220,1,0,accepted,0.213816342357232,1.17658748658159,484219.675735316,4977364.77628933,-1.50359890036842,11.245
221,1,0,accepted,0.242205838862829,1.22041480201434,484219.731215893,4977363.48551932,-1.49731245655018,10.993
222,1,0,accepted,0.236374777421327,0.85457253542629,484219.820797172,4977362.12342291,-1.498081996725,12.946
223,1,0,accepted,0.15780063051312,0.384933071632876,484220.027730543,4977360.7333323,-1.50009754061875,11.76
224,1,0,accepted,0.160689786109766,0.146936511859985,484220.142771749,4977359.4273922,-1.49792361210648,11.39
225,1,0,accepted,0.133067235745277,0.121534677915844,484220.287798648,4977358.13966326,-1.49181653171142,11.644
226,1,0,accepted,0.1096486502906,0.459918173255974,484220.423148854,4977356.88301692,-1.47944287433718,10.384
227,1,0,accepted,0.107378268604024,0.385853911818721,484220.56464247,4977355.56371383,-1.47402496823612,10.661
228,1,0,accepted,0.124806963289855,0.358233495071275,484220.686870889,4977354.28669175,-1.46763027968775,9.364
229,1,0,accepted,0.137577395925424,0.132512593354219,484220.824302427,4977352.98505127,-1.46477259511907,10.211
230,1,0,accepted,0.146233013997566,0.180706308545629,484220.975520051,4977351.68788942,-1.45751448856042,10.432
231,1,0,accepted,0.131877639203879,0.234782630785391,484221.159401633,4977350.38796714,-1.44972376734774,11.687
232,1,0,accepted,0.092099382200178,0.156226166388343,484221.38037558,4977349.07447228,-1.44482185603354,12.018
233,1,0,accepted,0.0930833689880561,0.134591551693942,484221.568508705,4977347.77045579,-1.43865422540236,12.818
234,1,0,accepted,0.157788381116335,0.413416458789385,484221.703659053,4977346.48188444,-1.42721568194302,12.312
235,1,0,accepted,0.146450098757797,0.52858071949914,484221.927901776,4977345.19727215,-1.41873421275273,13.665
236,1,0,accepted,0.159022067857343,0.29692358750672,484222.129567223,4977343.85614866,-1.4162215379367,14.247
237,1,0,accepted,0.157067656596897,0.206204303744323,484222.357716785,4977342.53584342,-1.41114131110112,13.854
238,1,0,accepted,0.15782273730548,0.158869571719318,484222.588630333,4977341.22431761,-1.40537266329232,12.701
239,1,0,accepted,0.195762775085826,0.339701692274219,484222.79809916,4977339.93646815,-1.39529928717854,12.993
240,1,0,accepted,0.189290896642397,0.278325864803238,484223.055693693,4977338.59339017,-1.3902441861632,12.573
241,1,0,accepted,0.206505718529743,0.170482256384932,484223.294208017,4977337.28442297,-1.38525389539359,12.732
242,1,0,accepted,0.233072334021756,0.0826630033962123,484223.536169421,4977335.95450482,-1.38069157296038,12.49
243,1,0,accepted,0.259953279824737,0.16494769292424,484223.789385783,4977334.6497116,-1.37319226113932,13.471
244,1,0,accepted,0.280675838709711,0.402135296975599,484224.059705552,4977333.3463338,-1.36335831627895,12.775
245,1,0,accepted,0.289972287718752,0.772067942780841,484224.359815109,4977332.05320134,-1.35204851207371,12.576
246,1,0,accepted,0.245858327179502,0.970136059859293,484224.72009415,4977330.74626137,-1.34489690588915,14.104
247,1,0,accepted,0.148913007346078,1.01245356337078,484225.138896507,4977329.39368377,-1.34140097384772,15.044
248,1,0,accepted,0.105703928635354,0.698730254330471,484225.478618395,4977328.03773619,-1.34494774560323,14.996
249,1,0,accepted,0.080089745453765,0.5729756998113,484225.820140165,4977326.6974837,-1.34494574276591,13.554
250,1,0,accepted,0.0816290086635973,0.399840419755718,484226.141109601,4977325.36105301,-1.34582774675652,11.131
251,1,0,accepted,0.0526890296643385,0.103050528017832,484226.489384983,4977323.99678257,-1.3493224439345,12.653
252,1,0,accepted,0.0162130707354817,0.118019006253921,484226.862249735,4977322.65377104,-1.34752744781796,11.698
253,1,0,accepted,0.0391421765199548,0.128453612585653,484227.175160635,4977321.31620866,-1.34607768294521,11.996
254,1,0,accepted,0.0469362052218151,0.15463773302299,484227.498321631,4977320.00036363,-1.34385885010458,11.012
255,1,0,accepted,0.0591863878296439,0.065384976927281,484227.8210923,4977318.64357495,-1.3435947045608,10.69
256,1,0,accepted,0.0381457082008375,0.226134011095408,484228.207551658,4977317.31483409,-1.33958281736012,12.818
257,1,0,accepted,0.0295328862000681,0.300807242553672,484228.552178171,4977315.96388195,-1.33686278423127,13.258
258,1,0,accepted,0.0212947164087965,0.25429962996347,484228.931122986,4977314.57954099,-1.33743107998417,14.042
259,1,0,accepted,0.014900548777534,0.261304587680847,484229.274229392,4977313.21551529,-1.33578926036,12.831
260,1,0,accepted,0.0349419439160649,0.258603788519383,484229.636376042,4977311.8236043,-1.33518235303333,12.216
261,1,0,accepted,0.0321970171527807,0.214210660145554,484229.976075156,4977310.48141388,-1.33509179168696,11.544
262,1,0,accepted,0.0361507574273135,0.188593477399614,484230.324612856,4977309.11159413,-1.33450828707478,11.387
263,1,0,accepted,0.0371830237960589,0.139247175288642,484230.689160471,4977307.74767472,-1.33510942405306,9.734
264,1,0,accepted,0.0400624942005758,0.159975008817954,484231.022715817,4977306.38094297,-1.33340458040068,9.805
265,1,0,accepted,0.0450913805413222,0.172616195827289,484231.371578228,4977304.99809505,-1.33291279318547,9.263
266,1,0,accepted,0.0581702560938025,0.138076861161252,484231.713264504,4977303.63347812,-1.33311179687976,9.886
267,1,0,accepted,0.0720132042203418,0.160040842672679,484232.057879338,4977302.2715928,-1.3321444198913,9.694
268,1,0,accepted,0.0887409003650925,0.123841879704227,484232.404105337,4977300.89839954,-1.33184004293455,9.802
269,1,0,accepted,0.106570861804553,0.0997157622136056,484232.751814085,4977299.52245591,-1.33143869173314,10.034
270,1,0,accepted,0.132304622945379,0.11416453689251,484233.096309602,4977298.14052903,-1.33085631107906,9.623
271,1,0,accepted,0.152373396503602,0.137682426113349,484233.450481538,4977296.74418122,-1.33016937372171,9.354
272,1,0,accepted,0.181396103411264,0.154922439345908,484233.794184577,4977295.35945445,-1.32976093649965,9.806
273,1,0,accepted,0.199803691106978,0.226892785596433,484234.150527088,4977293.97129612,-1.32893996877635,9.969
274,1,0,accepted,0.216484871170401,0.220608499437004,484234.506978988,4977292.5739777,-1.32935127283757,10.376
275,1,0,accepted,0.236374179781119,0.264462735594647,484234.863519528,4977291.17070801,-1.32963154046794,10.494
276,1,0,accepted,0.246590792755601,0.279255638040313,484235.22745163,4977289.7720236,-1.33027764523948,10.323
277,1,0,accepted,0.261009488184285,0.291313219102352,484235.589664941,4977288.3555961,-1.33118025758984,10.691
278,1,0,accepted,0.272546032738409,0.27026255307051,484235.955879905,4977286.93272999,-1.33234590418394,10.999
279,1,0,accepted,0.286494136278628,0.343476621520557,484236.321461928,4977285.49718667,-1.33315560012101,11.187
280,1,0,accepted,0.197966454969359,0.233757575306574,484236.804946842,4977284.06684164,-1.3361749227869,14.873
281,1,0,accepted,0.213490072806461,0.367581966174466,484237.153837915,4977282.65253159,-1.3357761621134,12.305
282,1,0,accepted,0.166690426584607,0.335236429552201,484237.579130221,4977281.24054298,-1.3387173397298,13.829
283,1,0,accepted,0.129244519338026,0.398488518222419,484237.991108376,4977279.83493542,-1.33955566337483,13.497
284,1,0,accepted,0.0824810339744697,0.241262631357356,484238.409397581,4977278.43657045,-1.34572305032681,12.024
285,1,0,accepted,0.0318942832471702,0.381933577598131,484238.799199243,4977277.06617258,-1.34675666906086,9.896
286,1,0,accepted,0.0145474152787665,0.438825573586481,484239.158980153,4977275.63701047,-1.34944277481317,9.906
287,1,0,accepted,0.0265644542210541,0.239037872774541,484239.516495444,4977274.23062353,-1.35554371305704,10.964
288,1,0,accepted,0.0214641396406094,0.237453128521918,484239.825148195,4977272.79777353,-1.35908249073599,10.008
289,1,0,accepted,0.0400931072094272,0.1463133164733,484240.151457174,4977271.347186,-1.36357308142033,10.398
290,1,0,accepted,0.0845214619062763,-0.160899436746932,484240.461605035,4977269.87049881,-1.37248074332207,10.912
291,1,0,accepted,0.094189655106198,-0.00903852677443247,484240.773341839,4977268.45035976,-1.37322982883876,10.861
292,1,0,accepted,0.12260824526799,0.0881177739997922,484241.073838808,4977267.0118387,-1.37488046790755,11.446
293,1,0,accepted,0.131458923407888,0.234299690769061,484241.387906377,4977265.58980233,-1.3760783921965,9.846
294,1,0,accepted,0.138347785800534,0.382718212008433,484241.703818025,4977264.15004821,-1.37729634461342,11.695
295,1,0,accepted,0.0848925146407283,0.335553063735087,484242.075660518,4977262.6878668,-1.38107040977239,13.004
296,1,0,accepted,0.0512721847611216,0.216191957852134,484242.421032685,4977261.2343593,-1.38617382969135,13.748
297,1,0,accepted,0.0349931101965277,0.074815631792788,484242.745228499,4977259.78310593,-1.3918086146811,14.139
298,1,0,accepted,0.00835544520206303,0.0217578305198345,484243.077976033,4977258.34053962,-1.39604516571598,14.251
299,1,0,accepted,0.00525597534425647,-0.0908427876035324,484243.376679431,4977256.88532336,-1.40146018761063,13.156
300,1,0,accepted,0.0136886843369808,-0.0128925222860567,484243.659129981,4977255.44938962,-1.40331734935333,12.657
301,1,0,accepted,0.0220800890644587,0.045850372008985,484243.940303501,4977253.99759383,-1.40521926475045,14.343
302,1,0,accepted,0.0149762904795213,0.0996522084607337,484244.235940742,4977252.56997686,-1.40759352031051,12.641
303,1,0,accepted,0.0107407909818296,0.167620889079934,484244.518730902,4977251.13279628,-1.40934568104664,12.239
304,1,0,accepted,0.0477208475936909,0.16442968734958,484244.836922859,4977249.70164331,-1.41259079226196,11.255
305,1,0,accepted,0.0354982797439934,0.0505104198069117,484245.087807756,4977248.27202052,-1.41780311875461,10.548
306,1,0,accepted,0.0307289206831249,-0.0607135286946903,484245.321925489,4977246.84172534,-1.42248651298793,10.658
307,1,0,accepted,0.0310079865863615,-0.041544955683245,484245.556841652,4977245.38915245,-1.42538595578776,11.295
308,1,0,accepted,0.0609633059341801,-0.0447041918642104,484245.774006776,4977243.94826525,-1.42861588395664,11.825
309,1,0,accepted,0.0881931495437415,-0.0355966695415692,484245.991695494,4977242.51078774,-1.43159008922568,11.72
310,1,0,accepted,0.0732234629556979,0.0364423887568832,484246.245903346,4977241.09122981,-1.43357090916448,12.694
311,1,0,accepted,0.0776150833889431,0.023657816139103,484246.477832558,4977239.63681406,-1.43655687674033,11.962
312,1,0,accepted,0.0894369435397937,0.0286811344726041,484246.695936464,4977238.19313543,-1.43887981319928,11.847
313,1,0,accepted,0.0897777198036257,-3.29822269237555e-05,484246.914990331,4977236.79102073,-1.44117221628576,12.075
314,1,0,accepted,0.0994533709069969,0.0617266461872406,484247.130780893,4977235.3587849,-1.44294846859368,11.941
315,1,0,accepted,0.120006798033813,-0.0359271223512178,484247.332496975,4977233.93647171,-1.44703509170444,11.711
316,1,0,accepted,0.130173980487996,0.0104173102823776,484247.540827372,4977232.52541562,-1.44944699263406,12.819
317,1,0,accepted,0.122402141050072,-0.685152544605779,484247.959021493,4977231.08333069,-1.46405561139447,12.403
318,1,0,accepted,0.120106790484975,-0.789894879982144,484248.159547637,4977229.63744486,-1.46801653432001,11.959
319,1,0,accepted,0.126181333739209,-0.830743115150339,484248.349656423,4977228.20278976,-1.47087829220066,12.266
320,1,0,accepted,0.130103455021449,-0.840099573250971,484248.514287996,4977226.76589936,-1.47285113924077,10.288
321,1,0,accepted,0.152122041111328,-0.771844952950356,484248.725283275,4977225.32817355,-1.47386797431228,9.204
322,1,0,accepted,0.154002907561695,-0.680779276106646,484248.906034535,4977223.90753798,-1.47452535000822,10.57
323,1,0,accepted,0.141500005383958,-0.572485322957448,484249.074566318,4977222.49559672,-1.47486666386039,10.386
324,1,0,accepted,0.140838702493263,-0.501037473756964,484249.233506803,4977221.08211747,-1.47587750885166,9.971
325,1,0,accepted,0.145930305491644,-0.345798528313431,484249.37523021,4977219.65957782,-1.475335925227,10.573
326,1,0,accepted,0.170359516989326,-0.361198450623628,484249.524241283,4977218.24271663,-1.477402226044,10.991
327,1,0,accepted,0.19799518919749,-0.271902768783905,484249.67515215,4977216.83685433,-1.47753110218077,9.906
328,1,0,accepted,0.205048112854039,-0.173186458301446,484249.829692729,4977215.41039618,-1.47787734957229,11.182
329,1,0,accepted,0.185131782542803,-0.0462265017540883,484250.010774892,4977214.00655941,-1.47648408760661,12.557
330,1,0,accepted,0.184136197492313,0.0756451204567161,484250.180141358,4977212.59418636,-1.47666589332713,11.886
331,1,0,accepted,0.160634151620936,0.196718309578666,484250.370223202,4977211.18853328,-1.4760434732392,12.82
332,1,0,accepted,0.143868201263199,0.272097075049633,484250.553428267,4977209.78451461,-1.4748616700125,13.428
333,1,0,accepted,0.133950264673695,0.228577482950939,484250.727583183,4977208.3582392,-1.47801590481267,15.031
334,1,0,accepted,0.146980510742791,0.256150887373537,484250.87606617,4977206.92373021,-1.47914245725844,11.926
335,1,0,accepted,0.109254330970082,0.176753775549443,484251.074893815,4977205.48816521,-1.48140229607592,11.139
336,1,0,accepted,0.0707346757908091,0.118816048868147,484251.277386395,4977204.04320793,-1.48389032375312,11.409
337,1,0,accepted,0.0871738603487193,0.0692232700624395,484251.426132862,4977202.58897734,-1.48654016162032,8.667
338,1,0,accepted,0.101311433655114,0.0562341583902778,484251.568100806,4977201.1516065,-1.48764756987483,8.347
339,1,0,accepted,0.110409023692575,0.0826045133340185,484251.712285902,4977199.73342145,-1.48927606000357,8.821
340,1,0,accepted,0.134189949223013,0.171974939041692,484251.843367935,4977198.29288452,-1.48951991611988,8.186
341,1,0,accepted,0.0905597872014187,0.085210736723189,484252.029215999,4977196.90270462,-1.49269852496078,10.71
342,1,0,accepted,0.120333890779783,0.147396366392253,484252.149269299,4977195.46350627,-1.49302195512568,10.846
343,1,0,accepted,0.142640434219113,0.294443885994223,484252.266526259,4977194.05735616,-1.49187253229181,10.213
344,1,0,accepted,0.144151439717425,0.290141018126711,484252.409696607,4977192.61750705,-1.49299019814314,10.297
345,1,0,accepted,0.0904933947106184,0.229641472748008,484252.607478116,4977191.17822654,-1.4951388571338,12.72
346,1,0,accepted,0.0925701328505658,0.258875947002486,484252.745116379,4977189.76087885,-1.49574058065705,13.528
347,1,0,accepted,0.148514569322459,0.280014680829497,484252.822408026,4977188.34736231,-1.49592406865704,12.626
348,1,0,accepted,0.0515828187592028,0.304763561445492,484253.15026589,4977186.96975499,-1.49640185146814,12.498
349,1,0,accepted,0.0573979074638461,0.296748540807509,484253.287232093,4977185.56231374,-1.49705181752499,10.994
350,1,0,accepted,0.05498205011972,0.299575354095853,484253.420160035,4977184.13911765,-1.49741122075746,10.529
351,1,0,accepted,0.0371999689727052,0.310615414307038,484253.537261935,4977182.70096023,-1.4971468490486,10.154
352,1,0,accepted,0.00604974345421998,0.350302221812801,484253.643734776,4977181.27914276,-1.49633592565973,10.123
353,1,0,accepted,0.0136399716926643,0.35678527199264,484253.765470694,4977179.85616913,-1.49636775085227,9.419
354,1,0,accepted,0.0337941630352733,0.338824980569306,484253.890388229,4977178.41729213,-1.49661953681877,9.067
355,1,0,accepted,0.0578723417223154,0.324379315618049,484254.000772205,4977176.98716748,-1.49692706221629,8.841
356,1,0,accepted,0.0849863134056094,0.314017312845083,484254.112932193,4977175.56145931,-1.49721067260986,8.897
357,1,0,accepted,0.101589520330123,0.371328025562702,484254.225019006,4977174.1390899,-1.49632762869788,8.922
358,1,0,accepted,0.102623650463345,0.322689196270632,484254.340569444,4977172.72013509,-1.49728445981313,9.107
359,1,0,accepted,0.102371122643618,0.266429773519484,484254.45576325,4977171.31225243,-1.49803930912709,8.23
360,1,0,accepted,0.108388079264351,0.14596895414474,484254.569008827,4977169.89401718,-1.49999535113242,9.161
361,1,0,accepted,0.106944302921684,0.133008045353122,484254.682038727,4977168.48429342,-1.49992529106313,9.095
362,1,0,accepted,0.114838350915991,0.072555113726836,484254.789110722,4977167.06884972,-1.50061950893249,10.105
363,1,0,accepted,0.126748391781242,0.0421559968078411,484254.896035518,4977165.6392134,-1.50087999683625,8.835
364,1,0,accepted,0.135625006773194,0.0868518412688486,484255.001216699,4977164.23611562,-1.49993121573305,8.509
365,1,0,accepted,0.139856244003099,0.168004456612374,484255.114593867,4977162.82111658,-1.49795503574963,10.23
366,1,0,accepted,0.142291844010518,0.261294567360154,484255.23347043,4977161.39801997,-1.49574658444038,9.293
367,1,0,accepted,0.138014434248482,0.329139333078599,484255.349523795,4977159.99487477,-1.4938790648025,8.864
368,1,0,accepted,0.152235695776265,0.332864204649655,484255.46412382,4977158.56176934,-1.49317671343675,9.462
369,1,0,accepted,0.179222093476566,0.32626635006948,484255.569107006,4977157.13269207,-1.49259056349944,8.615
370,1,0,accepted,0.213949829245158,0.307309375469749,484255.670924827,4977155.70987887,-1.49217571245766,9.123
371,1,0,accepted,0.232298753942078,0.347122081309809,484255.794219444,4977154.27760431,-1.49074357012508,9.144
372,1,0,accepted,0.256823618154864,0.377445181735178,484255.910280262,4977152.84568486,-1.48955403455826,8.771
373,1,0,accepted,0.2932663865397,0.354469388533001,484256.016606701,4977151.39953936,-1.48798959787408,8.834
374,1,0,accepted,0.197159954159291,0.238062660773765,484256.258192076,4977149.95508822,-1.48874774371491,12.445
375,1,0,accepted,0.11659925207134,0.0274620873493041,484256.484827209,4977148.5190412,-1.49045010114129,13.616
376,1,0,accepted,0.066563802847823,-0.212611241868238,484256.692487222,4977147.06324639,-1.4926085914008,10.335
377,1,0,accepted,0.0527446821616894,-0.379858500099566,484256.886390151,4977145.62269488,-1.49418032899684,8.865
378,1,0,accepted,0.0338810631403623,-0.406638031377191,484257.015416136,4977144.24934131,-1.4927951678463,9.811
379,1,0,accepted,0.0755892624287393,-0.368156716829967,484257.126676605,4977142.85294192,-1.49071032710129,9.706
380,1,0,accepted,0.0978543882789209,-0.264648659367245,484257.266094553,4977141.45085931,-1.4872117357504,10.791
381,1,0,accepted,0.102805518687617,-0.0761118432878018,484257.421706151,4977140.01620285,-1.4824858321524,11.921
382,1,0,accepted,0.12118066303155,-0.174224903272504,484257.563076319,4977138.61090639,-1.48270208067044,9.86
383,1,0,accepted,0.108574442475259,0.209888111550617,484257.735359468,4977137.16563575,-1.47454497713143,14.125
384,1,0,accepted,0.0869628627566157,0.378330202480855,484257.922128399,4977135.73149826,-1.47067213344503,12.649
385,1,0,accepted,0.0860969396189702,0.480038107875846,484258.103775371,4977134.28261115,-1.46759676253623,11.881
386,1,0,accepted,0.0895495442889509,0.436873999200756,484258.27105554,4977132.86506486,-1.4664794447101,10.867
387,1,0,accepted,0.0156566960641912,0.335505965607093,484258.5292591,4977131.51059983,-1.46715813551785,10.231
388,1,0,accepted,0.0434750464218318,0.235642130118494,484258.697521646,4977130.06209738,-1.46752180612712,9.823
389,1,0,accepted,0.0411763814445884,0.295351067181402,484258.848025379,4977128.6492299,-1.46488719213209,10.411
390,1,0,accepted,0.0655625728946081,0.319791157877702,484259.00238551,4977127.22440106,-1.46295918302754,9.724
391,1,0,accepted,0.0677711592192122,0.29386700389046,484259.158721222,4977125.82402069,-1.46189926637174,9.589
392,1,0,accepted,0.078594349311862,0.304092629508783,484259.312272138,4977124.4329156,-1.4607647818353,9.05
393,1,0,accepted,0.0951300807532196,0.238413918776533,484259.469315124,4977123.03588301,-1.46038529499723,9.462
394,1,0,accepted,0.100528345503235,0.204715005134158,484259.629863273,4977121.65216932,-1.45963326919714,8.061
395,1,0,accepted,0.108224739366717,0.178321267785037,484259.792031325,4977120.28240013,-1.45896380138438,10.186
396,1,0,accepted,0.118877476521789,0.131690715310979,484259.958627738,4977118.90210357,-1.45878949002221,9.048
397,1,0,accepted,0.131168108702055,0.0754620580032315,484260.128459433,4977117.50130365,-1.45865447131098,9.454
398,1,0,accepted,0.140887971216721,0.0517371503215458,484260.299578924,4977116.13813486,-1.45762912900607,9.675
399,1,0,accepted,0.119696471838584,0.48784120029708,484260.507606745,4977114.73098942,-1.44902225440995,14.501
400,1,0,accepted,0.115658964881768,0.657570978387289,484260.705781785,4977113.39620284,-1.44484792978659,10.537
401,1,0,accepted,0.119527178127907,0.710978367412569,484260.893647034,4977112.01189406,-1.44227138024438,9.257
402,1,0,accepted,0.126576133221672,0.801560207220337,484261.083977643,4977110.63232709,-1.43906813518028,8.945
403,1,0,accepted,0.128172102048083,0.835786805984746,484261.274478281,4977109.26033485,-1.43701676608037,8.374
404,1,0,accepted,0.126372699215105,0.850234590665703,484261.472511134,4977107.86116214,-1.43477176590613,8.282
405,1,0,accepted,0.125038141756988,0.785257597690803,484261.664268655,4977106.5104983,-1.43377899983137,8.012
406,1,0,accepted,0.11174059122048,0.671158510182785,484261.868031819,4977105.12344463,-1.43351213283933,8.374
407,1,0,accepted,0.0922012364137933,0.595288432021951,484262.079841979,4977103.74151686,-1.43257748896583,9.02
408,1,0,accepted,0.0590903310852138,-0.37178945525376,484262.391659372,4977102.31634301,-1.44719234285507,10.667
409,1,0,accepted,0.0537411760884881,-0.157709157206398,484262.554024466,4977100.95129967,-1.44133601303139,9.347
410,1,0,accepted,0.0514695210898466,0.0610758368291879,484262.738559204,4977099.61448428,-1.43523771113995,10.117
411,1,0,accepted,0.0613898438683273,0.13931425688652,484262.921154573,4977098.29877016,-1.43161847312541,9.046
412,1,0,accepted,0.0785783122053714,0.181119048552922,484263.1121606,4977096.97063981,-1.42933138886265,9.238
413,1,0,accepted,0.0921268775798833,0.0961358967777644,484263.313972457,4977095.61281913,-1.42899488326824,9.525
414,1,0,accepted,0.109870867850791,0.153534488205813,484263.511684639,4977094.27306242,-1.42569596486262,9.971
415,1,0,accepted,0.12138188391233,0.219621755869394,484263.716593987,4977092.93729655,-1.42284259542118,9.371
416,1,0,accepted,0.122946079648849,0.317908537571236,484263.932831391,4977091.61092729,-1.41893834646907,9.991
417,1,0,accepted,0.131751166551348,0.36559161795596,484264.144968993,4977090.27650414,-1.41594707523321,9.268
418,1,0,accepted,0.13872169342317,0.424430075100628,484264.359331618,4977088.97357802,-1.41326276076263,8.591
419,1,0,accepted,0.147324530640462,0.412971230548897,484264.576749835,4977087.65333994,-1.41105542946556,8.392
420,1,0,accepted,0.136262581054269,0.539260294921238,484264.817167313,4977086.32591125,-1.40688929819226,8.381
421,1,0,accepted,0.131479263641718,0.618214026051528,484265.054501237,4977085.00026585,-1.40367150043878,7.588
422,1,0,accepted,0.141911169543912,0.603968148549133,484265.287272197,4977083.63756888,-1.40229873064511,7.407
423,1,0,accepted,0.158699245768965,0.543756165577765,484265.516102459,4977082.29119055,-1.40176368222055,8.812
424,1,0,accepted,0.160293438994266,0.505898043868839,484265.759037999,4977080.97500588,-1.40068873154955,9.745
425,1,0,accepted,0.0956561275989068,-0.107140247258758,484266.200726276,4977079.66536794,-1.40983534145509,8.772
426,1,0,accepted,0.0445593828123959,0.0775756839974557,484266.419566706,4977078.40112413,-1.40439846606645,10.591
427,1,0,accepted,0.048962731598135,0.186208126781878,484266.675406142,4977077.09090327,-1.40141463088835,11.092
428,1,0,accepted,0.0510164545971023,0.128441621178586,484266.923827093,4977075.76966692,-1.40082010095955,12.21
429,1,0,accepted,0.0357296691482435,0.154410092567714,484267.159410891,4977074.46705337,-1.39910385269776,11.439
430,1,0,accepted,0.0596223322970904,0.108229869374395,484267.442688855,4977073.13405952,-1.3981270451542,11.174
431,1,0,accepted,0.0420052910517173,0.121190840097341,484267.673477517,4977071.85357704,-1.39601827062356,12.147
432,1,0,accepted,0.0316020777770233,0.0683493098818693,484267.917124322,4977070.54777315,-1.3951796183596,11.065
433,1,0,accepted,0.019937502606304,0.0413722187354883,484268.157598468,4977069.22175138,-1.39431020965331,11.109
434,1,0,accepted,0.0150691634533484,0.0495674316289816,484268.40199244,4977067.91324733,-1.39234342659721,10.788
435,1,0,accepted,0.0270103984953538,0.205517211430587,484268.646632867,4977066.59092793,-1.38817389741177,11.929
436,1,0,accepted,0.0536407878723666,0.217307455452656,484268.88564235,4977065.26409419,-1.38601330832506,10.141
437,1,0,accepted,0.0629916006861142,0.198918041010056,484269.137585185,4977063.96404164,-1.3846042211698,10.53
438,1,0,accepted,0.0768563746794584,0.196557363442886,484269.390666553,4977062.64908896,-1.38237333851437,11.39
439,1,0,accepted,0.120493362820539,0.270389230067046,484269.618497296,4977061.32028908,-1.3791597650415,11.645
440,1,0,accepted,0.103385495282129,0.164540704898309,484269.903652739,4977060.0221604,-1.3787772768073,10.787
441,1,0,accepted,0.107907752338428,0.180377622794505,484270.170327951,4977058.72772265,-1.37617433290318,9.803
442,1,0,accepted,0.0829079889423803,0.171105411017059,484270.4755023,4977057.42001541,-1.3743132045558,9.386
443,1,0,accepted,0.104293202805264,0.140575334237813,484270.738812512,4977056.09312205,-1.37241668409991,9.189
444,1,0,accepted,0.0986051455877851,0.129764471373216,484271.023534478,4977054.81106255,-1.37065277138245,10.072
445,1,0,accepted,0.103338878301696,0.0858221844846528,484271.308649524,4977053.49740811,-1.36905577110722,8.946
446,1,0,accepted,0.121375889362096,0.0666098310588594,484271.580642087,4977052.18701527,-1.3664399927511,9.29
447,1,0,accepted,0.145536804150172,0.0106278672498068,484271.849064727,4977050.87962348,-1.364798270474,10.254
448,1,0,accepted,0.147494178728993,-0.0743979082953154,484272.143746129,4977049.57241522,-1.36335970122562,10.813
449,1,0,accepted,0.130370928115862,-0.0756873500388989,484272.456214025,4977048.2884482,-1.36024663518853,14.215
450,1,0,accepted,0.0246202204476491,-0.0640468573400427,484272.877951358,4977047.03848775,-1.35676405260983,12.558
451,1,0,accepted,0.0272691828866436,-0.0541087178385521,484273.201374992,4977045.78039162,-1.35334695692022,10.742
452,1,0,accepted,0.040209645912504,-0.104225088004569,484273.507536057,4977044.52467551,-1.35119239282871,10.39
453,1,0,accepted,0.0223000115993576,-0.0479710260281475,484273.798068553,4977043.23882723,-1.34665496461121,10.25
454,1,0,accepted,0.043974584213882,0.152498940868857,484274.101145453,4977041.98747615,-1.33984468386424,9.67
455,1,0,accepted,0.0516883294182646,0.194306039192148,484274.400665551,4977040.72168057,-1.33514979345966,9.531
456,1,0,accepted,0.0655656695905975,0.162328610283404,484274.706367035,4977039.45478679,-1.33156462821636,9.244
457,1,0,accepted,0.056880760262701,0.0553978673967777,484275.022076135,4977038.18997306,-1.3295613066741,10.306
458,1,0,accepted,0.0565998421888494,0.12476589330923,484275.344807238,4977036.92727403,-1.32413770995836,11.128
459,1,0,accepted,0.0637595192121611,0.146955189453898,484275.669680808,4977035.67741978,-1.31994563754295,9.648
460,1,0,accepted,0.0538423876023992,0.153013004847378,484276.016165927,4977034.43583605,-1.31563164849499,10.5
461,1,0,accepted,0.0528316952019463,0.153852988582353,484276.359728972,4977033.18809608,-1.31139844105817,9.539
462,1,0,accepted,0.0597391141592635,0.125650129864076,484276.701643942,4977031.97827385,-1.30765575843259,9.665
463,1,0,accepted,0.0770830353928135,0.0836517642946475,484277.047717751,4977030.75552673,-1.30388782155637,10.424
464,1,0,accepted,0.110073764229928,-0.0335025204382496,484277.386959141,4977029.59761932,-1.30140744167153,11.121
465,1,0,accepted,0.112340650995695,-0.0185605182048654,484277.715235752,4977028.34115212,-1.29717785084984,11.141
466,1,0,accepted,0.00498134865712606,0.341354127787577,484278.183876392,4977027.08936785,-1.28690222955952,11.918
467,1,0,accepted,0.013511301933577,0.362448546082958,484278.546702183,4977025.88181194,-1.28208477010973,10.978
468,1,0,accepted,0.0198105172597227,0.475959653347834,484278.91200444,4977024.67288146,-1.27603798237788,10.953
469,1,0,accepted,0.0281189257464414,0.379971366304573,484279.298084831,4977023.45897821,-1.2733165999071,10.015
470,1,0,accepted,0.0245901311778197,0.353645930443641,484279.667866182,4977022.2875352,-1.26954566863638,10.025
471,1,0,accepted,0.025705312257918,0.361302405817962,484280.045470109,4977021.10064744,-1.26509765923812,10.106
472,1,0,accepted,0.0387673529008933,0.356985851216254,484280.419261065,4977019.90638365,-1.260894746949,10.107
473,1,0,accepted,0.0960693995041941,0.930755687095242,484280.728995181,4977018.75592531,-1.24655422844959,10.766
474,1,0,accepted,0.0922637984507259,0.894635894123946,484281.132083398,4977017.56725789,-1.24326704982953,9.222
475,1,0,accepted,0.0908802543221418,0.913439917853241,484281.533537163,4977016.39410629,-1.23890413511752,8.444
476,1,0,accepted,0.076723080622281,0.679211368118524,484281.951741142,4977015.2240958,-1.23876288860732,10.053
477,1,0,accepted,0.0972983137712368,0.826146822161352,484282.332585134,4977014.09974648,-1.23234630362436,9.558
478,1,0,accepted,0.0739160620761453,0.785356643271546,484282.773575036,4977012.94881957,-1.22931327206215,11.098
479,1,0,accepted,0.0734759930334065,0.762678233140811,484283.194167326,4977011.80171563,-1.22569636656059,13.343
480,1,0,accepted,0.0765302300579568,0.516132902072052,484283.608307942,4977010.63655514,-1.22594989352543,12.774
481,1,0,accepted,0.0744910026367042,0.382231759481173,484284.039163913,4977009.47251296,-1.22447778949123,13.05
482,1,0,accepted,0.094931334081417,0.315921650144367,484284.448773835,4977008.30359962,-1.22185667095775,11.848
483,1,0,accepted,0.103655227346204,0.251755446209701,484284.867942776,4977007.16329779,-1.21915105705426,12.499
484,1,0,accepted,0.100734420392247,0.277011620993018,484285.313727827,4977005.99892586,-1.21470966216259,11.366
485,1,0,accepted,0.114567721923232,0.310199826898052,484285.741377521,4977004.85461501,-1.21019822830586,12.078
486,1,0,accepted,0.11600195003676,0.338880512585473,484286.186541614,4977003.71161313,-1.20539843877188,12.26
487,1,0,accepted,0.0678846225720772,0.500165131441305,484286.687820605,4977002.58236534,-1.19935401528678,13.85
488,1,0,accepted,0.0684411547412882,0.533650027606538,484287.143412005,4977001.44804832,-1.19463161864867,13.966
489,1,0,accepted,0.0679077188976061,0.416276104709834,484287.610004616,4977000.30243702,-1.19217161490073,14.124
490,1,0,accepted,0.0487883503969891,0.333479091593991,484288.087459388,4976999.19447758,-1.1911782408833,14.891
491,1,0,accepted,0.0745862983132284,-0.0527501513934034,484288.662772676,4976998.08600065,-1.19423137329897,14.673
492,1,0,accepted,0.0938312834370701,-0.100183752882996,484289.146835877,4976996.95106677,-1.19121988728581,15.309
493,1,0,accepted,0.0919627494163323,-0.0420245939098719,484289.616286245,4976995.82564325,-1.1864455178956,12.892
494,1,0,accepted,0.105202261134623,-0.122181185088617,484290.109390413,4976994.70037481,-1.18436271610456,12.902
495,1,0,accepted,0.0828640402160675,0.063141761451977,484290.56341798,4976993.58289813,-1.17716856030878,11.587
496,1,0,accepted,0.0690298773547084,0.170751226828465,484291.028212057,4976992.4711541,-1.1721558143556,11.42
497,1,0,accepted,0.0563883678923854,0.363757105171833,484291.500861607,4976991.35788073,-1.16547204949266,10.422
498,1,0,accepted,0.0541520433584113,0.367127813095666,484291.979601458,4976990.24475266,-1.16213145244672,10.255
499,1,0,accepted,0.0518438652836788,0.448669721968243,484292.488479876,4976989.14092595,-1.15696887957606,10.673
500,1,0,accepted,0.0574429215215337,0.22262739127978,484292.996821924,4976988.03524188,-1.15733933215568,11.321
501,1,0,accepted,0.0580260311044287,0.120692637485578,484293.49899891,4976986.92867597,-1.1556415795947,11.863
502,1,0,accepted,0.0590095157841736,0.141849888527007,484294.008563052,4976985.8021642,-1.15201072181752,11.913
503,1,0,accepted,0.0712472838804299,0.0212720759717117,484294.525591844,4976984.713773,-1.1511995187414,12.648
504,1,0,accepted,0.060480180485513,-0.0305022914212599,484295.019673407,4976983.61482518,-1.1471722603489,13.339
505,1,0,accepted,0.0575172432013189,0.0555896671547758,484295.534761792,4976982.51418176,-1.14273134717065,13.345
506,1,0,accepted,0.057846567574265,0.0600538996296137,484296.03721033,4976981.40533631,-1.13942004635596,13.114
507,1,0,accepted,0.0455141224637292,0.320164804361521,484296.54305778,4976980.31799273,-1.13245510508294,14.406
508,1,0,accepted,0.0583366982004355,0.307498194152506,484297.046989351,4976979.22272614,-1.13035315760943,11.823
509,1,0,accepted,0.0859431397055891,0.319547790570333,484297.531555792,4976978.14839617,-1.12793928414746,12.059
510,1,0,accepted,0.10883880293496,0.393820787564158,484298.040409169,4976977.08176612,-1.12476064956905,13.353
511,1,0,accepted,0.130744711552983,0.398764307639456,484298.562244094,4976975.99779814,-1.12256511660267,14.488
512,1,0,accepted,0.12100849562588,0.46318017163137,484299.107460089,4976974.88054475,-1.11986312220143,14.456
513,1,0,accepted,0.112026098029312,0.435358381841405,484299.657736214,4976973.79846785,-1.11894612914023,14.231
514,1,0,accepted,0.106698319293475,0.402013239247858,484300.207710071,4976972.70134282,-1.11846707776886,13.171
515,1,0,accepted,0.0964865322017984,0.357442526577216,484300.77400926,4976971.57628682,-1.1184439433099,15.011
516,1,0,accepted,0.0538781368488334,0.32843008107265,484301.356124781,4976970.48771986,-1.11874984511976,15.553
517,1,0,accepted,0.0191937143158457,0.224498634612041,484301.953362875,4976969.37556155,-1.12063514984121,14.694
518,1,0,accepted,0.0188023748398726,0.189666785931172,484302.508098097,4976968.2736596,-1.12106521549294,13.169
519,1,0,accepted,0.0179901780311187,0.138198743201475,484303.062144956,4976967.16952304,-1.12187203654889,13.323
520,1,0,accepted,0.0199755662706639,0.083269415053946,484303.610937428,4976966.06378521,-1.1229317611035,14.862
521,1,0,accepted,0.020432607092508,0.0437000938960395,484304.152579101,4976964.96667299,-1.1241427852625,14.512
522,1,0,accepted,0.0291726086403858,0.0182941435322839,484304.713450501,4976963.85140108,-1.12589905570198,13.915
523,1,0,accepted,0.0365421151237326,-0.0574216346196781,484305.278609541,4976962.75075516,-1.12805292606577,14.073
524,1,0,accepted,0.0332863299920928,-0.107841354455828,484305.822235141,4976961.64047619,-1.13031693647105,12.57
525,1,0,accepted,0.0333356233905422,-0.141614507356217,484306.364289019,4976960.53701013,-1.13254830348078,12.96
526,1,0,accepted,0.0350323883804886,-0.333833090555858,484306.908481019,4976959.43268535,-1.13640553043819,13.61
527,1,0,accepted,0.0347376828376669,-0.363712694576273,484307.437980736,4976958.32599888,-1.13903676938138,11.936
528,1,0,accepted,0.0321556083604135,-0.439321553868431,484307.968484605,4976957.21709922,-1.14192921173646,11.103
529,1,0,accepted,0.0462666615416473,-0.463940117622755,484308.485158425,4976956.11992649,-1.14460206050328,11.647
530,1,0,accepted,0.0657766006304615,-0.458010911013507,484309.000848979,4976955.01132408,-1.14735858460063,11.461
531,1,0,accepted,0.0851913687019916,-0.427656743913158,484309.514467039,4976953.90600005,-1.14985047728514,11.03
532,1,0,accepted,0.102346801507927,-0.361461561106756,484310.02598076,4976952.8033418,-1.15192857477656,10.813
533,1,0,accepted,0.11472688806935,-0.300112083801183,484310.545488505,4976951.67874356,-1.15470087213359,10.173
534,1,0,accepted,0.124935523284008,-0.244636999437143,484311.057157092,4976950.57164107,-1.15779372396855,11.294
535,1,0,accepted,0.129527016709489,-0.233342895005346,484311.571163132,4976949.46027211,-1.16123631441851,11.173
536,1,0,accepted,0.127952473661072,-0.225185812476464,484312.085232563,4976948.34536976,-1.1645973005127,11.688
537,1,0,accepted,0.127758178376834,-0.0981057416237585,484312.593064587,4976947.23491503,-1.16628213615649,12.972
538,1,0,accepted,0.12536326624021,-0.0284376835270027,484313.10060553,4976946.10660239,-1.16823796408807,12.228
539,1,0,accepted,0.133580728043012,0.0571520476146155,484313.597134524,4976944.97815342,-1.17049920044422,12.576
540,1,0,accepted,0.129739863402261,0.215821412782998,484314.09993783,4976943.85680749,-1.1719159598939,12.479
541,1,0,accepted,0.134068338865479,0.194876403547283,484314.592377207,4976942.71965409,-1.17597899536488,12.976
542,1,0,accepted,0.149374293962238,0.190872368361806,484315.060526066,4976941.63043,-1.179938326323,11.802
543,1,0,accepted,0.148708988996952,0.201277817844191,484315.560254071,4976940.46892514,-1.18324886477693,11.539
544,1,0,accepted,0.0406754953962459,-0.210060242883053,484316.150532159,4976939.31358481,-1.19389737588558,11.937
545,1,0,accepted,0.0304459551416704,-0.337879068667236,484316.645769084,4976938.16484037,-1.19958162282136,12.698
546,1,0,accepted,0.110069219275555,0.138436805535614,484317.028819329,4976937.041158,-1.1949959612383,16.753
547,1,0,accepted,0.0292189187046771,-0.318677007912524,484317.579158722,4976935.90898801,-1.20656558502485,17.359
548,1,0,accepted,0.0155286496889366,-0.630380847575369,484318.080961254,4976934.77091749,-1.21560678083892,14.027
549,1,0,accepted,0.0388282832166341,-0.292634591068534,484318.499237033,4976933.6319489,-1.21345218010671,12.041
550,1,0,accepted,0.0520665914234106,-0.317048303557113,484318.936148565,4976932.5053829,-1.21745825929914,11.288
551,1,0,accepted,0.101425669982757,-0.113349820247029,484319.340340405,4976931.36695137,-1.21805859005621,11.953
552,1,0,accepted,0.14610139178272,0.236030476539747,484319.746179336,4976930.2247284,-1.2156656538897,13.252
553,1,0,accepted,0.15591064603265,0.313530186614804,484320.180038771,4976929.07950916,-1.21801707520297,13.236
554,1,0,accepted,0.0672381208227209,0.0801219548167543,484320.720709939,4976927.88355387,-1.22587921438012,16.339
555,1,0,accepted,0.058874584373362,-0.156032711439104,484321.194643629,4976926.70575482,-1.2335636382382,18.034
556,1,0,accepted,0.0711299076502273,0.20822342570294,484321.599787286,4976925.56535558,-1.23058891772048,14.696
557,1,0,accepted,0.0744294149431945,0.463622263251463,484322.004581885,4976924.42768543,-1.22994233408319,14.741
558,1,0,accepted,0.0738256460702418,0.439548803159856,484322.420215781,4976923.29338562,-1.23408865719038,13.01
559,1,0,accepted,0.0670459670314894,0.508944941243827,484322.854943342,4976922.11505923,-1.23631719457507,11.446
560,1,0,accepted,0.051091725787461,0.434012171198518,484323.284461674,4976920.96649625,-1.24152288077159,12.542
561,1,0,accepted,0.05533377203288,0.367604789988201,484323.689495856,4976919.81880794,-1.24613799814898,11.599
562,1,0,accepted,0.0420798617389914,0.266946539244466,484324.112700223,4976918.65007638,-1.25126562540143,12.141
563,1,0,accepted,0.0445432059830317,0.258833603899131,484324.508254659,4976917.49917783,-1.2552662344799,11.803
564,1,0,accepted,0.0461129211431532,0.237762146425069,484324.904446438,4976916.32744017,-1.25885954262241,10.786
565,1,0,accepted,0.0511119585639886,0.141347747430604,484325.290925233,4976915.16010349,-1.26389437521291,11.877
566,1,0,accepted,0.0482797992982471,0.162552042082293,484325.683200264,4976913.98970659,-1.26661120374265,12.389
567,1,0,accepted,0.0567140116524147,0.131338633084527,484326.065978615,4976912.80490653,-1.27056600754215,11.17
568,1,0,accepted,0.0468738196751129,0.0912301427234708,484326.463568281,4976911.63258416,-1.2744778333468,14.457
569,1,0,accepted,0.0223351421385459,-0.0978123355918443,484326.89717252,4976910.47277296,-1.28102183532972,14.289
570,1,0,accepted,0.031015976652919,-0.180787287208855,484327.290255659,4976909.3156185,-1.28545786368621,12.456
571,1,0,accepted,0.0848822255360918,-0.549493575950538,484327.715516323,4976908.16702731,-1.29491659276723,10.819
572,1,0,accepted,0.0762678431512059,-0.517808176880406,484328.065927176,4976907.00788,-1.297367320568,10.432
573,1,0,accepted,0.0640235001427203,-0.630921743255632,484328.422605376,4976905.82550782,-1.30222560826768,11.014
574,1,0,accepted,0.0418735453522409,-0.498510053373976,484328.762488222,4976904.63649281,-1.3026546655182,10.528
575,1,0,accepted,0.0406273604477737,-0.436849723499075,484329.113599453,4976903.46889175,-1.3043054338301,10.23
576,1,0,accepted,0.0427061218120221,-0.456170191612942,484329.468081403,4976902.30033049,-1.30720830748797,10.594
577,1,0,accepted,0.0349346556024253,-0.353660910550883,484329.792428024,4976901.12215231,-1.30797855805451,10.747
578,1,0,accepted,0.0620912333473027,-0.248268580240365,484330.104456419,4976899.95886842,-1.30814760234837,10.628
579,1,0,accepted,0.0833863444287417,-0.139910652362735,484330.417577163,4976898.77380626,-1.30857065234794,10.423
580,1,0,accepted,0.00587213484571265,-0.0738574827582837,484330.832693252,4976897.56327463,-1.30905785234315,12.218
581,1,0,accepted,0.016907414886869,-0.0440388895819567,484331.19263122,4976896.38024954,-1.31004696883125,11.331
582,1,0,accepted,0.0257783529390691,-0.0659533644079799,484331.5427581,4976895.19001883,-1.31190108129256,11.239
583,1,0,accepted,0.0329274891569323,-0.215877751849038,484331.879966403,4976894.0308463,-1.31658591139416,11.263
584,1,0,accepted,0.037481990128726,-0.220468669241456,484332.203451171,4976892.88089923,-1.31818492732715,10.921
585,1,0,accepted,0.042284828919741,-0.208324340977281,484332.515650182,4976891.71587289,-1.3196448693809,11.012
586,1,0,accepted,0.0308530798237229,-0.319689051031933,484332.822589595,4976890.51745452,-1.3230932422758,11.21
587,1,0,accepted,0.0437083322760103,-0.379467723412614,484333.129917794,4976889.32912768,-1.32553003848382,10.065
588,1,0,accepted,0.064722874402868,-0.362833176890603,484333.434575629,4976888.14862236,-1.32672018053373,9.928
589,1,0,accepted,0.106726169110664,-0.375256490218317,484333.717128971,4976886.9589007,-1.32826271689039,9.816
590,1,0,accepted,0.0954705208438923,-0.422522203398237,484334.05547578,4976885.7707373,-1.33060441798475,9.245
591,1,0,accepted,0.120137912702904,-0.418719409898779,484334.351967732,4976884.6002434,-1.33198978989137,9.842
592,1,0,accepted,0.140636584136677,-0.353489643558939,484334.65131174,4976883.43066195,-1.3323088243532,8.994
593,1,0,accepted,0.159179465175384,-0.293588832907499,484334.951175174,4976882.26263838,-1.3326027451974,8.454
594,1,0,accepted,0.16899760795354,-0.214808356357823,484335.257206883,4976881.10550718,-1.33277712545037,8.696
595,1,0,accepted,0.181131405796934,-0.192031930067053,484335.561593027,4976879.93191258,-1.33391552490413,10.036
596,1,0,accepted,0.186153850576716,-0.163275540895766,484335.864440073,4976878.77365173,-1.33497981677868,8.043
597,0,1,acceptedDirectional,0.158166549600671,-0.221036539340422,484336.206997927,4976877.61638742,-1.33748443835887,9.054
598,0,1,acceptedDirectional,0.193555608337733,-0.196050525291676,484336.49693164,4976876.45685247,-1.33802286486032,8.543
599,1,0,accepted,0.116643133402885,1.1222954503986,484336.903540445,4976875.28412768,-1.31629115430157,10.794
600,1,0,accepted,0.139277287115266,1.4354272943729,484337.197927755,4976874.15610952,-1.3125133979667,8.938
601,1,0,accepted,0.134281343339353,1.41832618890921,484337.523654762,4976873.0130107,-1.31435794110136,8.399
602,1,0,accepted,0.0850657635690421,1.12422201251646,484337.888250017,4976871.87729908,-1.3211546474632,8.402
603,1,0,accepted,0.041119335310773,0.751102478232411,484338.257262458,4976870.72935641,-1.32950696699998,9.07
604,1,0,accepted,0.0771172787388375,0.667805570602369,484338.538843165,4976869.57634647,-1.33306368972849,7.977
605,1,0,accepted,0.10521133191012,0.519276076918744,484338.824807515,4976868.42953941,-1.33739351732141,8.064
606,1,0,accepted,0.132760424800224,0.47294047320657,484339.104480578,4976867.28615837,-1.34042073893124,8.471
607,1,0,accepted,0.150060285123098,0.461864286483604,484339.383345912,4976866.14748938,-1.34317357498967,8.301
608,1,0,accepted,0.144959711891059,0.520903630268157,484339.652734454,4976865.03053563,-1.34467374626911,8.002
609,1,0,accepted,0.12843570955508,0.465197787706986,484339.930495761,4976863.92907919,-1.34837441480747,8.627
610,1,0,accepted,0.138344656469468,0.712460588225676,484340.178851735,4976862.82848422,-1.34727945499467,9.225
611,1,0,accepted,0.130252279403502,0.738381105605067,484340.453860341,4976861.71883651,-1.35030578902191,8.336
612,1,0,accepted,0.127592338967045,0.82476058752059,484340.701235719,4976860.69085218,-1.35225506975223,9.537
613,1,0,accepted,0.125036224290359,0.789646877602364,484340.964803752,4976859.57235142,-1.35689978666453,9.351
614,1,0,accepted,0.123611379622181,0.8014012552756,484341.223264526,4976858.46540114,-1.36122388927365,7.84
615,1,0,accepted,0.138726375189647,1.0393109574712,484341.461350066,4976857.35760381,-1.36254933262794,9.187
616,1,0,accepted,0.139504527991414,0.981053677800496,484341.700552013,4976856.22457835,-1.36990136341735,8.613
617,1,0,accepted,0.157915102805888,-0.151717966093407,484341.90386432,4976855.03699102,-1.39651485270829,9.841
618,1,0,accepted,0.179397538971665,-0.0981803100964718,484342.123897371,4976853.9011978,-1.40273255604087,8.307
619,1,0,accepted,0.187387042061375,0.562897023603299,484342.360689457,4976852.83038177,-1.39927939665211,8.473
620,1,0,accepted,0.191760256903459,0.976890742840665,484342.609051453,4976851.76067704,-1.40015897040225,10.184
621,1,0,accepted,0.204948224011612,0.938937246942948,484342.808321956,4976850.65126761,-1.40977162676472,8.372
622,1,0,accepted,0.227965181277883,0.726481005555879,484342.984633801,4976849.5244579,-1.42341157957651,8.393
623,1,0,accepted,0.241982961566458,0.874842234670085,484343.177518743,4976848.41900174,-1.432353205603,8.224
624,1,0,accepted,0.242382523563944,0.863687948071898,484343.35343398,4976847.28396984,-1.44417460135533,8.855
625,0,1,acceptedDirectional,0.269968137043952,1.26256060184866,484343.48358226,4976846.13976053,-1.44937848436622,9.695
626,0,1,acceptedDirectional,0.302954826534604,1.60742131653727,484343.593030725,4976845.00838858,-1.45558430759976,9.138
627,0,1,acceptedDirectional,0.173959741584801,-0.575108494383406,484344.095475501,4976843.85712395,-1.5056690059492,9.636
628,0,1,acceptedDirectional,0.145396914107997,-0.360942762941877,484344.164132713,4976842.72944691,-1.51396939943043,9.071
629,0,1,acceptedDirectional,0.126651276944804,-0.0363471476886046,484344.20855438,4976841.59137874,-1.5207694966295,9.482
630,1,0,accepted,0.0340325453208698,0.403549454346982,484344.318293698,4976840.30994642,-1.52480243463892,9.339
631,1,0,accepted,0.100874348838742,0.213251487214457,484344.462851867,4976839.17021864,-1.54062972026767,9.569
632,1,0,accepted,0.029706463219869,0.545005491020264,484344.451565624,4976838.05169617,-1.5474476052344,9.491
633,1,0,accepted,0.0314851823793561,0.477485618384102,484344.494761596,4976836.91614389,-1.55960902033645,9.029
634,1,0,accepted,0.0188182262418876,0.528889662198051,484344.504804308,4976835.79132144,-1.57004062013113,9.332
635,1,0,accepted,0.0323447438740104,0.346222655894344,484344.530693062,4976834.65116429,-1.58343797124094,9.982
636,1,0,accepted,0.0422677745545559,0.272536722052932,484344.53335113,4976833.50672531,-1.59421101898774,9.215
637,1,0,accepted,0.0362579672973588,0.315973521505372,484344.499394464,4976832.37467413,-1.60191898833409,8.606
638,1,0,accepted,0.0860242966437254,-0.098451411694485,484344.526028786,4976831.19891702,-1.61637663005632,10.742
639,1,0,accepted,0.0668521937486122,-0.050836144399111,484344.464633797,4976830.07639325,-1.62169186014183,9.827
640,1,0,accepted,0.0897594826017348,-0.246002279185034,484344.426255818,4976828.90585284,-1.63042468872958,9.951
641,1,0,accepted,0.0867642186382938,-0.286702972725826,484344.365109164,4976827.78336613,-1.63614345720161,10.487
642,1,0,accepted,0.106876428455595,-0.478249170055842,484344.316537508,4976826.62697954,-1.64426206457762,10.523
643,1,0,accepted,0.0875742017469015,-0.485442696533168,484344.237104968,4976825.51652152,-1.64899344589416,8.863
644,1,0,accepted,0.0840978218068444,-0.509529009834149,484344.162732308,4976824.39198346,-1.65326963993226,9.289
645,1,0,accepted,0.092016248605051,-0.493043654681118,484344.086296199,4976823.24142819,-1.65654227646678,11.903
646,1,0,accepted,0.0936112483555039,-0.510448246142564,484344.008261908,4976822.11341645,-1.66049496719884,10.944
647,1,0,accepted,0.11025258899375,-0.368644290611947,484343.91717919,4976820.97359271,-1.66149952833441,11.728
648,1,0,accepted,0.124898356772,-0.294302078574326,484343.828299666,4976819.81173144,-1.66319381451883,11.203
649,1,0,accepted,0.128749436116515,-0.165788325801596,484343.74354955,4976818.65579652,-1.66328736959751,10.496
650,1,0,accepted,0.136592915105437,-0.0955365429244896,484343.650835477,4976817.49739577,-1.66371104858162,10.757
651,1,0,accepted,0.143111430098669,-0.0352453817349815,484343.557360755,4976816.33231933,-1.66426709519772,9.892
652,1,0,accepted,0.147397688844825,0.0125042631315531,484343.463045814,4976815.16640083,-1.66401168094811,10.801
653,1,0,accepted,0.151920191210515,0.0067134450947273,484343.366666183,4976813.99262204,-1.6646358893606,9.765
654,1,0,accepted,0.162710071602582,0.0487910197074929,484343.26498331,4976812.83146047,-1.6643933040377,8.828
655,1,0,accepted,0.176040644506988,0.0812876567018677,484343.158318742,4976811.64301029,-1.6642899839493,9.146
656,1,0,accepted,0.171597235849204,0.113893214516078,484343.068399418,4976810.44419598,-1.66418106322049,9.52
657,1,0,accepted,0.178245636440637,0.0863702136488165,484342.966702983,4976809.24817038,-1.66481296730595,9.621
658,1,0,accepted,0.16992236114421,0.148695560731913,484342.880066709,4976808.02993517,-1.66394938789177,10.625
659,1,0,accepted,0.130396848135919,-0.253449419050925,484342.885385024,4976806.74037906,-1.67120315038463,11.059
660,1,0,accepted,0.155705359336856,-0.143057938296829,484342.763112256,4976805.53158961,-1.66971428622419,10.912
661,1,0,accepted,0.161423687047816,-0.0615242411256537,484342.644886928,4976804.34184861,-1.668595460371,10.871
662,1,0,accepted,0.175567404809899,0.0868998574939256,484342.516761195,4976803.14881927,-1.66652761614579,11.704
663,1,0,accepted,0.182321204872954,0.182022169396426,484342.399580711,4976801.95942213,-1.66578724055804,11.629
664,1,0,accepted,0.171917557379154,0.0774895216442135,484342.300220847,4976800.77282561,-1.667736102088,10.651
665,1,0,accepted,0.177076767908956,0.11748758789933,484342.194827641,4976799.56013886,-1.66778926413836,10.618
666,1,0,accepted,0.18177386412099,0.162519180478261,484342.091273256,4976798.32833926,-1.66774214319452,10.678
667,1,0,accepted,0.184228204323497,0.166057708652337,484341.993429851,4976797.10283116,-1.66867405279222,10.401
668,1,0,accepted,0.185670293632736,0.174561305381552,484341.897443281,4976795.86518806,-1.66931729848868,9.7
669,1,0,accepted,0.111338508432405,0.0731116290299725,484341.874616627,4976794.65362562,-1.6718296339744,11.809
670,1,0,accepted,0.0390080154111758,-0.122743545180874,484341.837051574,4976793.46219212,-1.67562295982786,9.985
671,1,0,accepted,0.022457549460653,-0.213770021442952,484341.772889892,4976792.26040495,-1.67762120765535,9.818
672,1,0,accepted,0.0182998134390056,-0.203068028856238,484341.662853825,4976791.03478476,-1.67817654953616,9.77
673,1,0,accepted,0.0115955171992704,-0.177306447911127,484341.550056227,4976789.80796095,-1.67845718783183,11.021
674,1,0,accepted,0.00357633991949466,-0.153619710491694,484341.429639801,4976788.57965905,-1.67859846039844,10.441
675,1,0,accepted,0.0454084655261287,-0.0625063089782358,484341.280032793,4976787.33228,-1.67731397742301,9.25
676,1,0,accepted,0.0557185665161797,-0.057077443760076,484341.160188355,4976786.09664628,-1.67763374133952,10.349
677,1,0,accepted,0.0625403701783586,-0.0400768478748677,484341.041619966,4976784.86295349,-1.67794976190214,9.63
678,1,0,accepted,0.0388596693550284,-0.0790461162475448,484340.951669123,4976783.63439739,-1.6793650294385,10.617
679,1,0,accepted,0.0547057845781803,0.212842863671421,484340.849938173,4976782.34367204,-1.67486046382908,10.904
680,1,0,accepted,0.0536130576666736,0.230844266266842,484340.730850914,4976781.13131289,-1.67537856936004,10.793
681,1,0,accepted,0.0512544019855799,0.152820806143513,484340.688272258,4976779.89385105,-1.67695321797108,10.384
682,1,0,accepted,0.071415522682521,0.200174841869951,484340.591074753,4976778.63862505,-1.67682525617006,11.679
683,1,0,accepted,0.0640902110025155,0.19108187445846,484340.470346033,4976777.39782224,-1.67721170797241,11.869
684,1,0,accepted,0.0529472096300453,0.18950725829764,484340.341334017,4976776.15069097,-1.67765586048359,10.485
685,1,0,accepted,0.0410481869572321,0.20578470529437,484340.21681998,4976774.91416217,-1.67747523611847,11.556
686,1,0,accepted,0.0403309428747526,0.173683013788987,484340.098776834,4976773.6604519,-1.67824604728697,11.343
687,1,0,accepted,0.0159147821306375,0.194836431374014,484339.96010338,4976772.4420194,-1.67816359944604,10.099
688,1,0,accepted,0.0112229018421399,0.179111374536494,484339.832883075,4976771.18994753,-1.67882496024709,10.567
689,1,0,accepted,0.0194174424363571,0.182090893534481,484339.699517155,4976769.93416806,-1.67898060833544,10.065
690,1,0,accepted,0.042099333093096,0.171430844828458,484339.566068359,4976768.65759967,-1.6793897711824,10.433
691,1,0,accepted,0.0621223969801983,0.188495093361994,484339.426722508,4976767.38850857,-1.67941790072023,9.852
692,1,0,accepted,0.0677960909862642,0.157786516257994,484339.293977751,4976766.12843998,-1.67981538730747,10.22
693,1,0,accepted,0.0677890962829676,0.140548514815593,484339.170651471,4976764.89537399,-1.68033135679328,9.667
694,1,0,accepted,0.0734806894312203,0.312969008608899,484339.02805917,4976763.67800403,-1.67788962156483,9.07
695,1,0,accepted,0.0734917576671467,0.388911494789307,484338.90641415,4976762.44366862,-1.6774643633035,8.253
696,1,0,accepted,0.0722561443391611,0.451832679006965,484338.791385292,4976761.2128884,-1.67717632389985,8.224
697,1,0,accepted,0.0757698601295416,0.478950140825017,484338.675516156,4976759.97722543,-1.67727376609104,8.137
698,1,0,accepted,0.0862843859793398,0.470141095324195,484338.550793811,4976758.74299228,-1.67809512316381,8.023
699,1,0,accepted,0.0937364945803366,0.474296662110939,484338.425995307,4976757.48995932,-1.67880189265705,8.404
700,1,0,accepted,0.101205691832003,0.619020846902152,484338.308000807,4976756.27091689,-1.6772368610461,9.22
701,1,0,accepted,0.103496985925117,0.679754145401757,484338.185820578,4976755.03150684,-1.67689510497554,9.014
702,1,0,accepted,0.118222234722689,0.423601744827869,484338.025270177,4976753.77377716,-1.68222265366786,9.38
703,1,0,accepted,0.122361991825265,0.416122968257479,484337.889925746,4976752.52461497,-1.68274676827654,8.727
704,1,0,accepted,0.130900267754516,0.404272998171627,484337.751952667,4976751.28034966,-1.68418607718072,9.103
705,1,0,accepted,0.147588820569777,0.291635066815105,484337.602515754,4976750.03706851,-1.68640933179786,9.184
706,1,0,accepted,0.105036678103676,0.348619259906775,484337.509238326,4976748.78164578,-1.68590934460668,9.631
707,1,0,accepted,0.0989253360722634,0.439497971848794,484337.380678946,4976747.53409497,-1.68529370028413,8.695
708,1,0,accepted,0.106331197160026,0.588163921149005,484337.239035096,4976746.29296345,-1.68359339973634,8.802
709,1,0,accepted,0.0940282751123086,0.671274468208814,484337.115444933,4976745.04690128,-1.68299126027954,8.329
710,1,0,accepted,0.102706716863484,0.661943914146549,484336.970663863,4976743.80969669,-1.68455297257045,7.825
711,1,0,accepted,0.120638310415072,0.474661628285809,484336.822042964,4976742.54800892,-1.68962605567968,9.031
712,1,0,accepted,0.0781090588322659,0.477824898634064,484336.731369416,4976741.30238704,-1.69166070071575,10.389
713,1,0,accepted,0.142941781120003,0.499315213750802,484336.524566083,4976740.08245163,-1.69423294973966,9.066
714,1,0,accepted,0.0978021629652285,0.580560924410473,484336.432938794,4976738.8563076,-1.69518564114868,10.368
715,1,0,accepted,0.0556295689094082,0.276117190446587,484336.32858127,4976737.63020182,-1.70426321177323,10.355
716,1,0,accepted,0.0561491429052758,0.309117115746123,484336.175731799,4976736.40943797,-1.7077095820784,10.097
717,1,0,accepted,0.102854447381094,0.181919693243667,484335.96990439,4976735.19572099,-1.71462571559325,10.741
718,1,0,accepted,0.0966215851798289,0.122728449710054,484335.816466527,4976733.99144026,-1.72113964527257,10.486
719,1,0,accepted,0.133104233639581,0.810610429535941,484335.623268455,4976732.83130278,-1.71485998702489,12.482
720,1,0,accepted,0.115757812426074,0.692233635528063,484335.476551625,4976731.63529844,-1.72330220977716,9.956
721,1,0,accepted,0.11584250751212,0.758397707678621,484335.309220709,4976730.44706945,-1.72813670714547,8.897
722,1,0,accepted,0.118443620751333,0.873674319097807,484335.138190574,4976729.26630807,-1.73198429409972,8.661
723,1,0,accepted,0.0776007441768344,0.578663713693337,484334.969495871,4976728.02830154,-1.74315811192825,10.738
724,1,0,accepted,0.063627222413751,0.278292752873447,484334.780873227,4976726.81965665,-1.75466368040365,10.524
725,1,0,accepted,0.0572142127120498,0.0262956939467197,484334.582747828,4976725.62510878,-1.76573346912771,11.694
726,1,0,accepted,0.0515703260722142,0.0601523749102996,484334.375745305,4976724.43646096,-1.7718912057909,12.24
727,1,0,accepted,0.0559537858067903,0.131812004627523,484334.150288146,4976723.23477795,-1.77674440331395,11.787
728,1,0,accepted,0.0693237712208217,0.257257122022377,484333.913861199,4976722.06062792,-1.78093211716626,11.906
729,1,0,accepted,0.0809076214268164,0.320142474721062,484333.675567085,4976720.90223841,-1.78624975056906,11.782
730,1,0,accepted,0.027791367152711,0.355696166967347,484333.483292548,4976719.71046837,-1.79049489167255,12.589
731,1,0,accepted,0.0216250204725213,0.490622603253694,484333.249860464,4976718.5446524,-1.7944549729226,11.034
732,1,0,accepted,0.017902440482675,0.342431658282085,484333.023027094,4976717.35590322,-1.80203566370512,13.214
733,1,0,accepted,0.1114702300553,0.0914923192763338,484332.844365763,4976716.134785,-1.81116676926121,11.971
734,1,0,accepted,0.104972766633431,0.0700422635697257,484332.573841872,4976714.98221982,-1.81604622008053,11.136
735,1,0,accepted,0.0899531584352344,0.0829992626715494,484332.297363109,4976713.84334716,-1.81961410853823,11.183
736,1,0,accepted,0.0750036287517661,0.066750373352192,484332.011234672,4976712.68960532,-1.8234904069327,10.977
737,1,0,accepted,0.0414970562143816,0.209944592510971,484331.708569906,4976711.55949455,-1.82430696947614,10.575
738,1,0,accepted,0.0187094392644922,0.330823108525222,484331.412641693,4976710.42297069,-1.82552612007948,11.105
739,1,0,accepted,0.0163279226429713,0.337492674277107,484331.118084322,4976709.28771073,-1.82840513308215,11.004
740,1,0,accepted,0.0210270985438264,0.364586296187164,484330.836186052,4976708.14827405,-1.83050503112466,11.719
741,1,0,accepted,0.0246466299914763,0.362648226546384,484330.544534147,4976707.01783102,-1.83252733152467,12.805
742,1,0,accepted,0.0190740476659627,0.183189672476524,484330.271638592,4976705.88686243,-1.83758456606186,11.671
743,1,0,accepted,0.0257120404395176,0.100810672219904,484329.966033173,4976704.76508649,-1.84031435611532,12.973
744,1,0,accepted,0.0397484641910141,-0.0302179853598255,484329.662195685,4976703.65241536,-1.84371736130996,12.37
745,1,0,accepted,0.0595381512829645,-0.0622560595374756,484329.354235698,4976702.53565891,-1.8454695404327,12.051
746,1,0,accepted,0.0811769459485219,-0.0445100538592775,484329.041248475,4976701.40883742,-1.84628433038288,12.592
747,1,0,accepted,0.0859655797212691,-0.00513260409029493,484328.749536409,4976700.30524774,-1.84654615103486,12.183
748,1,0,accepted,0.0823656616046909,0.0110114215823089,484328.461091627,4976699.18765703,-1.84691188033239,9.712
749,1,0,accepted,0.110179852408621,0.374756961635992,484328.144537778,4976698.09910582,-1.84154423933273,12.885
750,1,0,accepted,0.12661022775967,0.44637952292458,484327.833205495,4976696.98737675,-1.84047718855541,12.959
751,1,0,accepted,0.137955845646469,0.560095971536759,484327.529697579,4976695.89250902,-1.83904833532911,12.55
752,1,0,accepted,0.130466815768841,0.613519110537363,484327.244286013,4976694.79410843,-1.83890779697304,11.851
753,1,0,accepted,0.120286139574161,0.576448057500297,484326.964507006,4976693.7068858,-1.83959065609187,12.535
754,1,0,accepted,0.10692016735663,0.586279011440082,484326.706117869,4976692.64451743,-1.84037339091352,13.776
755,1,0,accepted,0.113494262795577,0.679446301446465,484326.411252517,4976691.55945636,-1.83899647150919,11.925
756,1,0,accepted,0.11027416843811,0.6217381318759,484326.123883594,4976690.47387244,-1.84034431318165,12.328
757,1,0,accepted,0.109219832420733,0.50291209729829,484325.82242624,4976689.37596074,-1.84255860920327,12.164
758,1,0,accepted,0.125566128735703,0.398082653982765,484325.51063364,4976688.28607167,-1.84492770473379,11.32
759,1,0,accepted,0.128709396487796,0.384956959543087,484325.214429987,4976687.19866093,-1.84465904748047,11.762
760,1,0,accepted,0.137372694196391,0.304518765291425,484324.916359156,4976686.12587888,-1.84460763789334,11.644
761,1,0,accepted,0.133586065799549,0.224828260386063,484324.631145357,4976685.04354075,-1.84462339896735,12.185
762,1,0,accepted,0.134733589235776,0.151781370271828,484324.341643982,4976683.96690164,-1.8428959228287,12.496
763,1,0,accepted,0.136369803910684,0.240961445153658,484324.058820517,4976682.90631043,-1.8377743145944,13.784
764,1,0,accepted,0.150342835687077,0.208849836133072,484323.771170102,4976681.8651943,-1.83399622536639,13.474
765,1,0,accepted,0.157258742164186,0.242291303004496,484323.496563952,4976680.82700463,-1.82891627236479,13.043
766,1,0,accepted,0.162208622112361,0.313212850391607,484323.229965935,4976679.79026906,-1.82315266492042,12.213
767,1,0,accepted,0.184952187187892,0.232212687200941,484322.955365243,4976678.77596926,-1.8196543922078,12.534
768,1,0,accepted,0.214602894594481,0.196904000848989,484322.679863956,4976677.76725289,-1.81469554107053,12.226
769,1,0,accepted,0.23955237707519,0.164792011558868,484322.414141052,4976676.75495406,-1.80940414496267,12.234
770,1,0,accepted,0.248845001857758,0.142255326628744,484322.171786459,4976675.75108304,-1.80253456733588,12.021
771,1,0,accepted,0.205067607360891,-0.342248479368507,484321.987261746,4976674.73331512,-1.80348911269984,13.45
772,1,0,accepted,0.0508896584258188,-1.42411730418398,484321.951169269,4976673.66595498,-1.8142647023209,15.359
773,1,0,accepted,0.0462569009660558,-0.702649380741197,484321.742447876,4976672.77839771,-1.79321052597904,35.295
774,1,0,accepted,0.055497408220361,-2.07290545790322,484321.578209075,4976671.72293709,-1.80766768794422,24.5
775,1,0,accepted,0.0831855169070226,0.000795803333574103,484321.378792333,4976670.96255781,-1.76254022615237,16.87
776,1,0,accepted,0.0806177910461748,0.00761217760756474,484321.252381184,4976670.02507005,-1.75204465232351,13.634
777,1,0,accepted,0.058892254831373,-0.0843968217276478,484321.062131317,4976669.05304849,-1.74239471896965,14.749
778,1,0,accepted,0.042904698032147,-0.172044127411461,484320.89914551,4976668.1196756,-1.73262816581296,14.524
779,1,0,accepted,0.0918577700478365,0.294650316582321,484320.691117194,4976667.20232854,-1.71266869880447,14.558
780,1,0,accepted,0.0795342993160923,0.264480506254946,484320.565346935,4976666.26665055,-1.70090782425029,11.799
781,1,0,accepted,0.0809842540915507,0.269804658377195,484320.444376126,4976665.36865163,-1.68817868683646,11.847
782,1,0,accepted,0.0824468561606275,0.269205391853161,484320.334952503,4976664.46951015,-1.67485510910634,12.794
783,1,0,accepted,0.0863893298199199,0.181079476209828,484320.238559453,4976663.59210791,-1.66246193831597,11.875
784,1,0,accepted,0.086297888329331,0.182425398169249,484320.158756277,4976662.72569992,-1.64763499242357,11.1
785,1,0,accepted,0.0906127225044329,0.00106123629973948,484320.089941004,4976661.87226492,-1.63559953269218,14.012
786,1,0,accepted,0.0825413979354113,0.00908590277088719,484320.044253714,4976661.01393792,-1.61986743431538,12.05
787,1,0,accepted,0.0658561739890998,0.118464399749555,484320.018734242,4976660.15642833,-1.6010393196237,12.021
788,1,0,accepted,0.0497652811165014,0.264190878763684,484320.011925839,4976659.30702562,-1.58121818600783,12.662
789,1,0,accepted,0.0599710991055281,0.311930118926478,484320.000186842,4976658.46358174,-1.56205527638237,11.15
790,1,0,accepted,0.059329409047118,0.268945598187335,484319.988964671,4976657.66898565,-1.54383161631075,12.3
791,1,0,accepted,0.0768525680913626,0.262161268750845,484319.992811058,4976656.84860553,-1.52441507217057,23.801
792,1,0,accepted,0.0727104291787524,0.102731905934912,484320.024431564,4976656.0663211,-1.50697574074363,11.844
793,1,0,accepted,0.0833848873332172,0.0136395394097453,484320.062631254,4976655.25827751,-1.48744059775634,11.184
794,1,0,accepted,0.089340192514037,-0.0967902991154668,484320.1231861,4976654.45169477,-1.46784010834292,11.497
795,1,0,accepted,0.108849722992994,-0.0533581104462804,484320.189731748,4976653.6385182,-1.44459394265224,11.375
796,1,0,accepted,0.126367780281178,-0.0160994660465438,484320.278466132,4976652.83660292,-1.42113674208474,11.704
797,1,0,accepted,0.120274064664833,0.0366944882020692,484320.392888924,4976652.0656757,-1.39653761334204,14.045
798,1,0,accepted,0.117005695160405,0.0460045655082687,484320.517508514,4976651.28410394,-1.37263518750149,12.136
799,1,0,accepted,0.115153403087732,-0.0479022268603615,484320.673338482,4976650.49816576,-1.3501878031085,11.11
800,1,0,accepted,0.132677481850405,-0.0651966288719633,484320.836798111,4976649.7176434,-1.32635399356212,11.648
801,1,0,accepted,0.158960705977477,-0.0397141888588678,484321.012763452,4976648.95353492,-1.30225502580306,15.224
802,1,0,accepted,0.181262705000864,0.0906490323597809,484321.20965905,4976648.19753941,-1.27626494745003,11.835
803,1,0,accepted,0.218446047324871,0.18952225525256,484321.437747247,4976647.42953161,-1.2506299001851,11.41
804,1,0,accepted,0.24283639514087,0.252855572277014,484321.672894515,4976646.70048196,-1.22622198595895,11.16
805,1,0,accepted,0.267595705866163,0.342254716943294,484321.925754974,4976645.97071022,-1.20112786278596,11.679
806,1,0,accepted,0.283428136596883,0.506709785815723,484322.200964172,4976645.267701,-1.17507542550732,12.791
807,1,0,accepted,0.180244592825599,0.753143325389842,484322.414844146,4976644.67310946,-1.1476496626242,14.462
808,1,0,accepted,0.108585445949659,1.22461657435768,484322.682658674,4976644.04528728,-1.11641402994621,15.408
809,1,0,accepted,0.0687602494272966,1.67457722639759,484322.9759429,4976643.41188993,-1.08623936763402,13.381
810,1,0,accepted,0.111379672030641,0.824472519659734,484323.354788444,4976642.68524418,-1.07818433728368,16.07
811,1,0,accepted,0.108485700517967,0.685895927791538,484323.695731802,4976642.02566184,-1.05803573109188,14.659
812,1,0,accepted,0.126436401848737,0.165663694226225,484324.041227283,4976641.35172234,-1.04480974516833,15.128
813,1,0,accepted,0.120813215775557,0.271014170165487,484324.397481803,4976640.71008823,-1.02059114480326,14.308
814,1,0,accepted,0.0811034303307613,0.375397781339078,484324.776943116,4976640.11320593,-0.996344171848422,12.232
815,1,0,accepted,0.0585724718294942,0.417834302724155,484325.184872759,4976639.50576981,-0.973308853822344,12.965
816,1,0,accepted,0.0590386359941181,0.402543449191632,484325.586234868,4976638.90549487,-0.950816858412349,12.695
817,1,0,accepted,0.0798880572412777,0.271880849381026,484325.994017456,4976638.3084681,-0.930950544290228,13.349
818,1,0,accepted,0.0862090573440078,0.174646159463134,484326.430048326,4976637.7003581,-0.910234229920614,13.25
819,1,0,accepted,0.0686006717871876,0.0658636989871169,484326.908836504,4976637.09107035,-0.889462681610487,13.638
820,1,0,accepted,0.103505121060682,-0.108208921559434,484327.358269249,4976636.47417275,-0.870026531542705,14.391
821,1,0,accepted,0.0783723870629065,0.102523282718203,484327.86717021,4976635.90982793,-0.843605068014826,15.957
822,1,0,accepted,0.0548952899335312,0.311343866375588,484328.385575116,4976635.35976635,-0.817273634280705,14.025
823,1,0,accepted,0.0865124045812289,0.177850397056024,484328.872600042,4976634.79543563,-0.796407110080524,12.864
824,1,0,accepted,0.0793873526310178,0.266284614526646,484329.410953786,4976634.24554773,-0.772088389932188,12.325
825,1,0,accepted,0.187177914518943,-0.0433773673908375,484329.845153629,4976633.77361535,-0.754328184850033,11.956
826,1,0,accepted,0.200542119222096,-0.100516479322998,484330.39245957,4976633.21228118,-0.732468387203311,11.127
827,1,0,accepted,0.190620489812012,-0.0223287963449076,484330.976055529,4976632.67992501,-0.708013865671346,10.959
828,1,0,accepted,0.18575297863185,0.117730954129954,484331.558577669,4976632.19790255,-0.682484191388976,12.871
829,1,0,accepted,0.175399196067649,0.214578133214731,484332.155250694,4976631.67904316,-0.658164446184672,10.322
830,1,0,accepted,0.156916631022596,0.192238572628269,484332.771640617,4976631.19588783,-0.636052659692014,11.737
831,1,0,accepted,0.140423034326724,0.205140192621421,484333.403472196,4976630.72373629,-0.613440103823389,12.959
832,1,0,accepted,0.149296881433628,0.178189240378667,484334.022015051,4976630.24997775,-0.591126682224728,12.257
833,1,0,accepted,0.120686482915476,0.163145947176247,484334.693236494,4976629.78260732,-0.569088826397578,10.999
834,1,0,accepted,0.137362513861526,-0.0092052655241277,484335.331238046,4976629.33547901,-0.550120550513172,12.835
835,1,0,accepted,0.126063093872016,-0.0991626899020872,484336.013413012,4976628.95063622,-0.529731633219276,12.521
836,1,0,accepted,0.138927799963961,-0.0238464969148158,484336.725796767,4976628.59234866,-0.506352059844286,12.057
837,1,0,accepted,0.0911779115675685,-0.00657385636019235,484337.438294694,4976628.16086873,-0.484551896054338,11.324
838,1,0,accepted,0.076989372779943,-0.118497475874881,484338.110750503,4976627.718509,-0.464933442627559,11.51
839,1,0,accepted,0.0348657851528944,-0.0499018739229021,484338.857692971,4976627.30487947,-0.442318855191315,11.654
840,1,0,accepted,0.0226052947698034,-0.0645650179922068,484339.616984913,4976626.94597821,-0.421489396870407,11.03
841,1,0,accepted,0.0470883719162053,-0.0225356745274507,484340.363226087,4976626.58940805,-0.40024254084711,11.286
842,1,0,accepted,0.0482658196708433,-0.0441166022677899,484341.098619037,4976626.26598435,-0.381043356253034,10.317
843,1,0,accepted,0.0703797603708222,-0.187213160958339,484341.855261607,4976625.9572849,-0.364461482819096,11.434
844,1,0,accepted,0.109677203116335,-0.0458570545590681,484342.646230119,4976625.63523197,-0.343359967307383,11.486
845,1,0,accepted,0.13827288974084,0.279670004461696,484343.431788111,4976625.34428776,-0.319736021246727,12.103
846,1,0,accepted,0.173459288582498,0.215590536144866,484344.23959217,4976625.07520663,-0.303256433136877,10.368
847,1,0,accepted,0.200435522729742,0.252306335261089,484345.046160477,4976624.79829194,-0.285759204288744,10.311
848,1,0,accepted,0.213341080188212,0.307557400808383,484345.868863184,4976624.56278254,-0.268551889893607,10.367
849,1,0,accepted,0.217836087835386,0.053765000211512,484346.701698246,4976624.32950593,-0.25749082158755,11.686
850,1,0,accepted,0.210956580688057,0.0941355336400762,484347.503286166,4976624.13961333,-0.242666102551199,10.713
851,1,0,accepted,0.225048893229818,0.129758843891181,484348.352943636,4976623.92628511,-0.228141015690886,11.452
852,1,0,accepted,0.214985249825453,-0.0727192262321097,484349.185508389,4976623.73209703,-0.218752909030635,11.08
853,1,0,accepted,0.228299784416683,-0.0133917541795267,484350.053374629,4976623.5445807,-0.206077606256106,10.862
854,1,0,accepted,0.258182541836591,0.031855874666349,484350.943091687,4976623.35282337,-0.194259816823271,11.379
855,1,0,accepted,0.268778475154918,0.32540273855245,484351.80969668,4976623.13052836,-0.17911366604148,11.19
856,1,0,accepted,0.300645312284863,0.690929921228677,484352.696467559,4976622.89668125,-0.163806283290156,11.732
857,1,0,accepted,0.232877612259488,0.913870731119285,484353.512340693,4976622.79639518,-0.151600791995852,13.432
858,1,0,accepted,0.223662824049629,0.918042621423029,484354.420365845,4976622.66838123,-0.143920157127382,12.495
859,1,0,accepted,0.192491270085643,0.780927737331773,484355.319262528,4976622.57625252,-0.138891858799076,13.533
860,1,0,accepted,0.168446779077673,0.627655989070576,484356.231614198,4976622.49833555,-0.134686681760123,15.017
861,1,0,accepted,0.13955173277339,0.256169836043511,484357.135696452,4976622.42032668,-0.133953241242824,15.245
862,1,0,accepted,0.131284565881817,0.310655038328941,484358.075855522,4976622.30981374,-0.12597738858275,14.689
863,1,0,accepted,0.114638622720169,0.178197513766947,484358.98814175,4976622.23221893,-0.122499616618666,14.945
864,1,0,accepted,0.0976840297280642,0.0729944272797129,484359.915528614,4976622.1496459,-0.11939720315516,14.487
865,1,0,accepted,0.0785989086522661,0.253379737002193,484360.861151402,4976622.0179414,-0.111763223385372,13.703
866,1,0,accepted,0.0755637605341088,0.246054030463634,484361.810343715,4976621.9204905,-0.107400395483838,13.074
867,1,0,accepted,0.0584747504459001,0.0849974944099986,484362.755931265,4976621.83509279,-0.105307562184754,11.876
868,1,0,accepted,0.0602524048615528,0.124002428630648,484363.711157474,4976621.74249189,-0.100201800658526,12.279
869,1,0,accepted,0.0745290592906062,0.159895359659818,484364.676695993,4976621.64588482,-0.0950689046010569,12.247
870,1,0,accepted,0.0707810347137126,0.155719150953317,484365.651215045,4976621.57851063,-0.0906307074711661,10.721
871,1,0,accepted,0.0778670175844539,0.216585684325952,484366.632066558,4976621.50404288,-0.0852713715800747,11.083
872,1,0,accepted,0.111428174123756,0.50720680654315,484367.6169976,4976621.40816813,-0.0757920427247769,12.07
873,1,0,accepted,0.104167813506181,0.371924897663014,484368.586488411,4976621.35996318,-0.073582678239533,12.578
874,1,0,accepted,0.13124523107959,0.308555521347337,484369.560185405,4976621.29032467,-0.0706160827484059,12.448
875,1,0,accepted,0.167369895532675,0.0755637677115083,484370.519715423,4976621.23040202,-0.0703188985158171,11.801
876,1,0,accepted,0.193525260124306,0.0853319811745571,484371.493250125,4976621.17014964,-0.0656812842077693,11.951
877,1,0,accepted,0.201269125453179,0.135106391596963,484372.501242757,4976621.12211051,-0.0605530486850955,12.435
878,1,0,accepted,0.191621465299962,-0.0450750913535999,484373.500671593,4976621.08749565,-0.059125146043453,12.675
879,1,0,accepted,0.187421053679743,0.0364495391313261,484374.512471506,4976621.0476531,-0.0531803106992859,13.03
880,1,0,accepted,0.195709533506364,-0.0878853362413862,484375.517728349,4976620.99835889,-0.0508361058266648,12.166
881,1,0,accepted,0.200145269724106,-0.066246342576214,484376.536754109,4976620.95329963,-0.0453466625613702,11.968
882,1,0,accepted,0.204011039800211,-0.02496767677181,484377.561401395,4976620.91496705,-0.0385750831809475,13.885
883,1,0,accepted,0.185206281608376,-0.0305356553050034,484378.59806383,4976620.89246168,-0.0325573124822455,11.824
884,1,0,accepted,0.184467684516863,-0.0696522158818061,484379.620806245,4976620.87004956,-0.0269837574277367,12.183
885,1,0,accepted,0.203322267163276,-0.184697915415789,484380.667242004,4976620.82282167,-0.0228048791917134,12.275
886,1,0,accepted,0.215388332680197,-0.161031484147435,484381.681199712,4976620.8128767,-0.0160925822021287,11.901
887,1,0,accepted,0.211996760346791,-0.00562375720376902,484382.717644917,4976620.8152525,-0.00729783668524687,13.281
888,1,0,accepted,0.223125989989499,-0.0279947760277591,484383.774882073,4976620.80808073,-0.00140477154771414,12.557
889,1,0,accepted,0.209387945836912,-0.0533968623238904,484384.826593862,4976620.82390597,0.00371030973522249,13.018
890,1,0,accepted,0.210330907394003,0.092896262806747,484385.850411634,4976620.85325806,0.0123396825955822,13.426
891,1,0,accepted,0.322007696810751,0.828860962307298,484386.73013525,4976620.91251624,0.0314107089068683,12.855
892,1,0,accepted,0.267331576850586,0.552020712054525,484387.837214719,4976620.95734702,0.0324601043517227,12.746
893,0,1,acceptedDirectional,0.245940076038577,-0.0284888185015218,484388.888261273,4976621.07191699,0.0280085028812972,12.104
894,0,1,acceptedDirectional,0.249618837461511,0.28371927796446,484389.950726499,4976621.07206072,0.038841750606981,10.654
895,1,0,accepted,0.020313089516825,0.576054268240311,484391.229854142,4976621.20970978,0.0496016480121485,10.56
896,1,0,accepted,0.010968025181821,0.661335989871604,484392.292613759,4976621.26786432,0.0564059035580115,10.163
897,1,0,accepted,0.0326103206172961,0.802516146370559,484393.330227312,4976621.31342361,0.0641744980634091,10.005
898,1,0,accepted,0.090294918968727,0.132417942510118,484394.427248396,4976621.49129062,0.0577984930507531,11.833
899,1,0,accepted,0.285258744955144,-1.2325381608491,484395.576879468,4976621.75304066,0.0390648044429576,10.458
900,1,0,accepted,0.103649569161939,-0.567270550954824,484396.607926687,4976621.65343629,0.0563085370508055,11.77
901,1,0,accepted,0.0660367411816577,-0.0527049265252257,484397.605229698,4976621.73237732,0.0704297546974145,11.333
902,1,0,accepted,0.124714467191326,-0.757890166737898,484398.721799573,4976621.87959094,0.0632945020138615,14.253
903,1,0,accepted,0.074948286037522,-0.599353416490438,484399.771034686,4976621.93953307,0.0716455917561033,15.236
904,1,0,accepted,0.0450355374328613,-0.495697944495548,484400.822940973,4976622.02262039,0.0780564512642198,12.136
905,1,0,accepted,0.0237400351544729,-0.454704118821325,484401.888408353,4976622.11684839,0.082284312628271,10.572
906,1,0,accepted,0.0138090063326237,-0.0765065184127929,484402.945871752,4976622.20545866,0.0912948496334532,11.552
907,1,0,accepted,0.0212204073849791,0.0497365003703571,484404.016281902,4976622.32212912,0.0940703560031343,11.623
908,1,0,accepted,0.0242566754470237,0.148183933750488,484405.098581632,4976622.45632961,0.0951794600987958,10.559
909,1,0,accepted,0.0256274118411103,0.235547164932266,484406.166229184,4976622.56581709,0.0955895369401821,11.189
910,1,0,accepted,0.0144437784310738,0.201220886697126,484407.259852647,4976622.68525298,0.0942250275928942,10.996
911,1,0,accepted,0.0186992479718211,0.19081488259793,484408.347743008,4976622.79620245,0.0930865480209157,12.671
912,1,0,accepted,0.0272779674150619,0.177624747660199,484409.442923414,4976622.90374302,0.0924252912408729,11.834
913,1,0,accepted,0.0216435557729543,0.188376174744132,484410.533254371,4976623.02565312,0.0924471846836191,11.033
914,1,0,accepted,0.0211355487227594,0.199375666087969,484411.622047288,4976623.14413308,0.0930269536335698,11.038
915,1,0,accepted,0.0257550197533141,0.202685051273383,484412.719205795,4976623.25209235,0.0936443245740805,10.766
916,1,0,accepted,0.0418360624194121,0.159773233126867,484413.826005111,4976623.35406386,0.0936104207507324,10.858
917,1,0,accepted,0.0422264314479145,0.206662435626778,484414.921623772,4976623.47296723,0.0949996725413489,11.078
918,1,0,accepted,0.059619121271136,0.23596953202261,484416.043169973,4976623.58443855,0.0959339571391466,10.587
919,1,0,accepted,0.0612147887638176,0.253399065578638,484417.17178229,4976623.71800195,0.0967923659746192,12.011
920,1,0,accepted,0.0549619755679963,0.325769851806929,484418.286338761,4976623.85773864,0.0987247176111141,13.525
921,1,0,accepted,0.0414292278107526,0.278341441629489,484419.400736892,4976623.99892834,0.0985959094350126,13.362
922,1,0,accepted,0.0779911896679089,0.0456146527285256,484420.448745176,4976624.23067389,0.0950102615288619,12.439
923,1,0,accepted,0.0581096438799861,0.185988374115118,484421.612466894,4976624.33153155,0.0981330743935136,10.506
924,1,0,accepted,0.0858812417908499,0.231526859576529,484422.729827645,4976624.49445358,0.0993719140196365,11.373
925,1,0,accepted,0.0832853383102443,0.270955735862164,484423.854407917,4976624.62085847,0.100633331131373,10.931
926,1,0,accepted,0.0647453436184939,0.309031650637501,484424.969322199,4976624.74104387,0.101520629714682,10.604
927,1,0,accepted,0.0546291802176152,0.313148357462852,484426.084183761,4976624.86266951,0.102275859137627,10.838
928,1,0,accepted,0.0457060134938633,0.322219736096569,484427.208554118,4976624.98652116,0.102850011889653,11.196
929,1,0,accepted,0.0314505781778151,0.346676675482,484428.335576638,4976625.10245717,0.103860774072274,10.736
930,1,0,accepted,0.107253013116661,-0.0451938200712931,484429.509148038,4976625.30888979,0.0974487565620738,10.496
931,1,0,accepted,0.101995866497137,-0.0850164254741678,484430.655135394,4976625.43126401,0.0973473663466674,9.996
932,1,0,accepted,0.0644754768899009,0.0600485357284036,484431.777757563,4976625.52572514,0.100429108164527,9.836
933,1,0,accepted,0.0581437151703912,0.146525657038763,484432.908783597,4976625.63367924,0.102483192435841,9.86
934,1,0,accepted,0.0636338457520396,0.253885910294386,484434.048772388,4976625.74417141,0.105270538459152,10.308
935,1,0,accepted,0.0690960505570051,0.21031540996992,484435.18209072,4976625.87716506,0.104889943902674,9.429
936,1,0,accepted,0.0820165349048234,0.217094801085051,484436.323682109,4976625.99980534,0.105497717761124,9.266
937,1,0,accepted,0.0990103925955269,0.13887382984358,484437.494092269,4976626.14094911,0.104132534946892,10.181
938,1,0,accepted,0.104190296125407,0.176856624565031,484438.635999763,4976626.2671424,0.104658770938441,9.397
939,1,0,accepted,0.111181014915976,0.404641431401435,484439.768262376,4976626.38928799,0.10876038200707,10.123
940,1,0,accepted,0.116481061564697,0.482693681738422,484440.890830316,4976626.52056585,0.110180527733359,10.201
941,1,0,accepted,0.117320334589507,0.438125989374621,484442.031910231,4976626.66229073,0.109403066295349,10.478
942,1,0,accepted,0.111744956557326,0.355486037678426,484443.198204215,4976626.81125496,0.10819880438446,9.713
943,1,0,accepted,0.112858286368644,0.322375957108609,484444.347184159,4976626.95364468,0.107735344372936,9.629
944,1,0,accepted,0.113760242855357,0.428790956478847,484445.511238622,4976627.09628271,0.109418963027717,10.465
945,1,0,accepted,0.105392363686812,0.42696864076154,484446.665965715,4976627.24879941,0.109795344547384,10.629
946,1,0,accepted,0.105084521767807,0.409273151265686,484447.839834556,4976627.39056769,0.109988721673568,10.017
947,1,0,accepted,0.105402117700441,0.405041108340195,484449.021612124,4976627.5336983,0.110183791586494,10.433
948,1,0,accepted,0.138195653917325,0.606463200057538,484450.172288488,4976627.64346437,0.113919546401167,10.831
949,1,0,accepted,0.139284571833804,0.520593886855764,484451.361881211,4976627.7859243,0.112506014769533,9.773
950,1,0,accepted,0.15745922370454,0.572966370855447,484452.551316884,4976627.90910296,0.113933988738444,10.706
951,1,0,accepted,0.16634534700861,0.440407692339763,484453.724235378,4976628.03967012,0.112130301823411,10.147
952,1,0,accepted,0.179256820554575,0.388358386670689,484454.921141093,4976628.17089638,0.11147619763549,10.372
953,1,0,accepted,0.178799709163405,0.288172968636329,484456.123232559,4976628.32299168,0.109479539506317,10.324
954,1,0,accepted,0.159978270695578,0.0866124372182987,484457.349139451,4976628.52260206,0.105585479248757,9.681
955,1,0,accepted,0.155137012654239,0.0112888914321174,484458.524170417,4976628.6707083,0.104475376915596,9.446
956,1,0,accepted,0.164366214591232,0.0433106749421245,484459.706418668,4976628.80528367,0.105437814829711,9.962
957,1,0,accepted,0.159254248288375,0.0195319761621682,484460.886444883,4976628.9586571,0.105366439919472,9.823
958,1,0,accepted,0.162989850689083,-0.00564524728636367,484462.073065821,4976629.1056991,0.105151068991773,9.907
959,1,0,accepted,0.161967205978339,0.0395557273690047,484463.252517713,4976629.24983233,0.106220850749476,9.903
960,1,0,accepted,0.151851098449677,-0.000177829413721628,484464.441171227,4976629.41791164,0.105816524759943,9.09
961,1,0,accepted,0.142379745308373,-0.017486253841797,484465.606505797,4976629.57449026,0.105557164548059,9.206
962,1,0,accepted,0.152414199930744,-0.0386326283951302,484466.79471849,4976629.71450075,0.106038399655394,9.004
963,1,0,accepted,0.165479960555008,-0.0220147155099921,484467.972093924,4976629.84980117,0.106646941396534,9.786
964,1,0,accepted,0.196482004662941,0.125237171619392,484469.159823697,4976629.9702375,0.10954134277984,10.141
965,1,0,accepted,0.119473535322466,0.100924992536006,484470.328904422,4976630.19725143,0.109844420702805,11.302
966,1,0,accepted,0.0747767146573217,0.019931843489482,484471.515486653,4976630.39738224,0.109055912322397,10.984
967,1,0,accepted,0.0429747162483205,-0.0746679825089818,484472.708667518,4976630.5912362,0.107765620294915,10.278
968,1,0,accepted,0.0493090832851888,-0.117723756546406,484473.891816378,4976630.74719869,0.107302304679292,9.839
969,1,0,accepted,0.0435566002031724,-0.074250741655233,484475.069420606,4976630.89942474,0.10836027120442,9.275
970,1,0,accepted,0.0544229834207134,-0.0537712973447697,484476.259577936,4976631.04530534,0.108972238380555,9.903
971,1,0,accepted,0.113100665920226,0.241062231924727,484477.435612684,4976631.13622118,0.113998270060714,10.542
972,1,0,accepted,0.110107461070887,0.302273348206368,484478.621147713,4976631.29688113,0.115064252969615,11.283
973,1,0,accepted,0.0822508366552491,0.384242844495525,484479.794623818,4976631.48369203,0.116071560546914,11.682
974,1,0,accepted,0.102006189404171,0.549074570768063,484480.982711029,4976631.62151838,0.11877888698334,12.088
975,1,0,accepted,0.0791811431070404,0.497821163721215,484482.157353316,4976631.80280701,0.117551494726459,10.911
976,1,0,accepted,0.0261326771972677,0.272052894804065,484483.3559471,4976632.0151229,0.113089921858098,8.346
977,1,0,accepted,0.0454790080636215,0.316732544139361,484484.547692602,4976632.15585544,0.113071821048273,8.291
978,1,0,accepted,0.0411642255662718,0.481937610970096,484485.735873684,4976632.31971662,0.115229513920433,8.515
979,1,0,accepted,0.0565168419982809,0.404044598730316,484486.941296533,4976632.46598561,0.113036971882197,8.347
980,1,0,accepted,0.0522224413549495,0.520647975759056,484488.140804492,4976632.63045369,0.113962729133955,8.479
981,1,0,accepted,0.0438357540490572,0.716846354554762,484489.319117912,4976632.79477935,0.116345148058687,9.403
982,1,0,accepted,0.0580614479906113,0.658649455113388,484490.502743536,4976632.93355934,0.116671619955973,8.743
983,1,0,accepted,0.0324848044527181,0.342161764968947,484491.706416949,4976633.11591794,0.110624639826995,13.594
984,1,0,accepted,0.0299765705673213,-0.0363308654921153,484492.932355894,4976633.28842168,0.10194024129272,10.761
985,1,0,accepted,0.0414923622039991,0.287964792365883,484494.085157446,4976633.41461841,0.108297609596779,12.541
986,1,0,accepted,0.0432901046203235,0.144236573590016,484495.270028931,4976633.56786199,0.105213154848314,13.261
987,1,0,accepted,0.0752972340787611,0.0391774603432387,484496.403059075,4976633.8177781,0.10255153082839,12.037
988,1,0,accepted,0.0869276113493666,-0.048713576588876,484497.573564479,4976633.97828205,0.100409251757986,12.252
989,1,0,accepted,0.081954848745391,-0.0432558265802226,484498.758007927,4976634.12558382,0.10068961417003,13.984
990,1,0,accepted,0.0609252185989025,0.178698621998875,484499.949041838,4976634.25850926,0.103878118638839,12.212
991,1,0,accepted,0.0363706888330109,0.269197686889191,484501.140565036,4976634.38679468,0.10531598515686,11.524
992,1,0,accepted,0.0159121936990378,0.397044411688987,484502.337165649,4976634.52089045,0.107211382388512,10.917
993,1,0,accepted,0.0200497220657563,0.464018043916008,484503.513043851,4976634.64634646,0.107757279126731,10.904
994,1,0,accepted,0.0430118244885951,0.42866829966778,484504.705469379,4976634.77468807,0.106610514329644,10.597
995,1,0,accepted,0.035687631366139,0.404696351575742,484505.868721793,4976634.92943083,0.10599369892191,10.383
996,1,0,accepted,0.0522629774694065,0.455874414808024,484507.019705268,4976635.05871501,0.106823323909733,11.689
997,1,0,accepted,0.0651315488735382,0.45298889539263,484508.18370772,4976635.19180693,0.106365389838813,11.317
998,1,0,accepted,0.0420146120953984,0.271825780700877,484509.346389458,4976635.36367918,0.102698402491862,12.404
999,1,0,accepted,0.0265540198982019,0.143619278980391,484510.519320245,4976635.52527277,0.10052619421549,13.124
1000,1,0,accepted,0.0245046394493772,0.114629857130445,484511.668973842,4976635.67801803,0.0993727901467952,11.63
1001,1,0,accepted,0.0687355764552666,0.221841327582209,484512.80019519,4976635.90138761,0.101066379258459,10.849
1002,1,0,accepted,0.0533597846929555,0.185573462566565,484513.954273867,4976636.03003248,0.10036986840802,10.884
1003,1,0,accepted,0.0367321562877725,0.255075855418574,484515.105844904,4976636.15140573,0.101164059066412,11.134
1004,1,0,accepted,0.0303343380025575,0.309854863031845,484516.255235439,4976636.27872029,0.102465225301638,9.995
1005,1,0,accepted,0.0299501321769301,0.344556552980731,484517.405543179,4976636.4103427,0.103649613690995,10.044
1006,1,0,accepted,0.0350181338974886,0.357545324618935,484518.547864835,4976636.54948751,0.104174725494369,10.153
1007,1,0,accepted,0.043997848663427,0.314645271690334,484519.685587012,4976636.68036819,0.104088328675464,9.625
1008,1,0,accepted,0.0388433074942851,0.239770306620983,484520.827479056,4976636.81445633,0.103243301132799,9.842
1009,1,0,accepted,0.0418958789699676,0.235875480395926,484521.968953616,4976636.94254892,0.103485859402865,9.272
1010,1,0,accepted,0.0422221093769387,0.167014974349995,484523.107306039,4976637.07825524,0.102676024004572,10.207
1011,1,0,accepted,0.0455845980104861,0.11669844738617,484524.249677283,4976637.21370709,0.101796742282431,9.488
1012,1,0,accepted,0.0610984317255861,0.312058401398465,484525.378654731,4976637.33915688,0.104756752188582,11.341
1013,1,0,accepted,0.0854674615068784,0.449580074684577,484526.489090692,4976637.45501432,0.1082580445331,11.365
1014,1,0,accepted,0.0953626892833115,0.592475733808882,484527.607575039,4976637.58483595,0.110678912376443,11.202
1015,1,0,accepted,0.103853169335774,0.643505717940371,484528.734896353,4976637.71402766,0.111855432380984,10.889
1016,1,0,accepted,0.113693293840208,0.714270700508422,484529.854387533,4976637.84333875,0.113424624445971,11.179
1017,1,0,accepted,0.130522423649572,0.818166372170252,484530.974622784,4976637.9656358,0.115467202647722,10.687
1018,1,0,accepted,0.127126834947027,0.59888610573016,484532.122586493,4976638.10837781,0.111674337814782,11.734
1019,1,0,accepted,0.140632836790465,0.497696923632116,484533.254204228,4976638.23512435,0.110725550170814,12.012
1020,1,0,accepted,0.154722210594221,0.393540165713784,484534.385126404,4976638.36149758,0.110123738934628,11.504
1021,1,0,accepted,0.167626328053529,0.225071958377359,484535.515800813,4976638.48891716,0.108553903354759,11.246
1022,1,0,accepted,0.198132459463832,0.132683796025848,484536.654637278,4976638.6029382,0.10813082549283,10.744
1023,1,0,accepted,0.223715599833644,0.181478351931634,484537.783903406,4976638.72202776,0.109729725401696,10.702
1024,1,0,accepted,0.244637973676402,0.130334770918416,484538.92286759,4976638.84909479,0.109818015737218,12.236
1025,1,0,accepted,0.231530565815609,0.198557370899389,484540.042651561,4976639.00687655,0.111979361235013,11.446
1026,1,0,accepted,0.216064469372749,0.0294168598215573,484541.172746016,4976639.17246182,0.10982635585789,11.43
1027,1,0,accepted,0.349640827063298,-2.2547274828933,484542.40979717,4976639.82334308,0.0710622948603743,14.623
1028,1,0,accepted,0.314584439582738,-2.27661671330112,484543.524872377,4976639.9351715,0.0717760126768559,17.295
1029,1,0,accepted,0.150713633024148,-1.29521607534662,484544.574666979,4976639.91772094,0.0890470437225045,26.198
1030,1,0,accepted,0.139715997211717,-0.579704668449237,484545.660596983,4976639.90932303,0.103425058162068,12.702
1031,1,0,accepted,0.107752597941461,-0.353814282714588,484546.729873615,4976640.07907318,0.107870549646648,12.901
1032,1,0,accepted,0.186934911686657,0.0622455999852763,484547.837166287,4976640.14969352,0.115845125421968,11.36
1033,1,0,accepted,0.167839847442554,-0.113742210847686,484548.966445517,4976640.33983232,0.113525249130818,12.001
1034,1,0,accepted,0.183524557368119,-0.012084934184717,484550.070141395,4976640.48733161,0.116141471581348,12.402
1035,1,0,accepted,0.0671490155160747,-0.183202226811733,484551.152956359,4976640.76900111,0.114120260847174,12.619
1036,1,0,accepted,0.0604758698472635,-0.151753252274632,484552.295005265,4976640.94615189,0.116144537888761,10.141
1037,1,0,accepted,0.0490257944988192,-0.232340096235486,484553.419639948,4976641.11809141,0.116436962954392,9.47
1038,1,0,accepted,0.0129030675267104,-0.352913868261574,484554.52069346,4976641.29314007,0.115982125841384,7.828
1039,1,0,accepted,0.0252529384741872,-0.379678796176001,484555.625572716,4976641.43275564,0.117222193580404,7.962
1040,1,0,accepted,0.0608294269533253,-0.341352923254706,484556.678418079,4976641.52910467,0.119322481357273,10.279
1041,1,0,accepted,0.0716786988134229,-0.352803831312634,484557.813313293,4976641.67008341,0.119896764568682,9.213
1042,1,0,accepted,0.0991117924777711,-0.320232568984876,484558.965360698,4976641.80291201,0.120724481531652,9.385
1043,1,0,accepted,0.124982567241545,-0.304451264858395,484560.115275372,4976641.93899568,0.120746509849185,9.216
1044,1,0,accepted,0.133476923501587,-0.308491149602831,484561.272560931,4976642.09922926,0.1202227966865,10.16
1045,1,0,accepted,0.140339154100766,-0.311844385980094,484562.406916346,4976642.2467499,0.12031243304515,10.232
1046,1,0,accepted,0.161000466641975,-0.387503334375722,484563.552723241,4976642.38619492,0.119168452463119,10.238
1047,1,0,accepted,0.168089068737346,-0.364075070486681,484564.700541936,4976642.53817292,0.12004089444389,9.427
1048,1,0,accepted,0.161282486051987,-0.384876999611386,484565.838950194,4976642.71149503,0.120369236313929,7.535
1049,1,0,accepted,0.105859996124073,-0.177782940253686,484566.9549261,4976642.92397666,0.124665626783847,10.874
1050,1,0,accepted,0.0888165279800052,-0.0819333869638647,484568.094324983,4976643.10512025,0.12718575368551,10.505
1051,1,0,accepted,0.0676201515740387,0.00564243605125756,484569.233529163,4976643.29264999,0.128737004786699,9.943
1052,1,0,accepted,0.166092867945314,-0.490119713916199,484570.408487473,4976643.65751623,0.120433627866386,9.824
1053,1,0,accepted,0.172113653479332,-0.589925281666617,484571.557320081,4976643.8278808,0.11866669749392,9.057
1054,1,0,accepted,0.175533355007238,-0.667399034671641,484572.725350084,4976643.99844704,0.116982468241396,9.624
1055,1,0,accepted,0.114243700364583,-0.375063510642741,484573.87816945,4976644.09887192,0.122032226224989,9.155
1056,1,0,accepted,0.0793215814789335,-0.155450639544971,484575.034893504,4976644.22213897,0.125701140709771,9.182
1057,1,0,accepted,0.109243630632809,-0.400940232176257,484576.230854687,4976644.41892061,0.120935847107206,8.918
1058,1,0,accepted,0.120528793423945,-0.605559236013446,484577.397661636,4976644.59213828,0.117228910141142,8.751
1059,1,0,accepted,0.102652002235997,-0.545320631985895,484578.558122807,4976644.73913101,0.118229000225204,10.06
1060,1,0,accepted,0.0935046014796515,-0.68273909983845,484579.723936517,4976644.89705387,0.115489609455984,11.553
1061,1,0,accepted,0.0842330916354551,-0.812384241477069,484580.890465671,4976645.05596406,0.113107886741371,10.477
1062,1,0,accepted,0.0716400034354768,-0.929370093189319,484582.063201575,4976645.21007797,0.11116002062434,10.654
1063,1,0,accepted,0.0713133717144116,-0.958376401320117,484583.239105875,4976645.36000743,0.110214161164375,10.803
1064,1,0,accepted,0.0733467060741201,-0.848163507967631,484584.41303094,4976645.50562502,0.112277663163509,10.163
1065,1,0,accepted,0.0784393853749209,-0.757505660932709,484585.605451654,4976645.66055052,0.113602349209005,10.338
1066,1,0,accepted,0.0898549648835386,-0.62120915814484,484586.771430425,4976645.81125291,0.11581134227291,11.357
1067,1,0,accepted,0.102050287319983,-0.63569389051631,484587.955473848,4976645.9660648,0.115448473278388,9.966
1068,1,0,accepted,0.122466841515116,-0.564936678528273,484589.140740331,4976646.11760375,0.116490540369709,11.201
1069,1,0,accepted,0.149293885956101,-0.555400940146689,484590.337002898,4976646.2663267,0.116431676761577,11.242
1070,1,0,accepted,0.167670669337611,-0.480510035720349,484591.529128264,4976646.42340557,0.117858311243484,11.568
1071,1,0,accepted,0.185223105001556,-0.404893729464528,484592.729498624,4976646.58163755,0.119453339438178,11.501
1072,1,0,accepted,0.206945607058445,-0.394142625711734,484593.922732863,4976646.73526797,0.119987127948165,10.573
1073,1,0,accepted,0.138684624547526,-0.267658792065069,484595.122818579,4976646.98280826,0.122613109659037,14.998
1074,1,0,accepted,0.0539666821084304,0.109217910252157,484596.328411063,4976647.257161,0.129836884550103,15.353
1075,1,0,accepted,0.0414255647088247,0.222239431408402,484597.527981228,4976647.49291588,0.132054518106005,14.361
1076,1,0,accepted,0.0465860769376426,0.298216064314441,484598.716138,4976647.69343228,0.133664013035963,13.678
1077,1,0,accepted,0.0685625327215593,0.353402881632775,484599.930677429,4976647.90220652,0.135245185351141,12.354
1078,1,0,accepted,0.0639454232058268,0.251804864282322,484601.130772133,4976648.09313108,0.133987655732849,12.707
1079,1,0,accepted,0.138107160335581,-0.119720302934655,484602.320765386,4976648.36778863,0.128004714901675,10.211
1080,1,0,accepted,0.105381648562243,-0.104619069545647,484603.52366144,4976648.5320904,0.128609417652719,10.083
1081,1,0,accepted,0.0681315363177095,-0.14974418431411,484604.730690585,4976648.69113748,0.128773836113049,10.216
1082,1,0,accepted,0.0396611653247597,-0.131148003995714,484605.930017027,4976648.85357168,0.12938134028191,10.974
1083,1,0,accepted,0.0317555052011661,-0.115721439969366,484607.143718761,4976649.01666729,0.13014500192463,11.515
1084,1,0,accepted,0.0803894421398238,0.248113447950952,484608.311134164,4976649.14598391,0.136741599980304,9.914
1085,1,0,accepted,0.0626192834216141,0.067152070075145,484609.529610797,4976649.3682758,0.133915909631253,10.384
1086,1,0,accepted,0.0774347595961802,0.110151778368472,484610.711500097,4976649.55207166,0.134614453654559,10.662
1087,1,0,accepted,0.0895710516955881,0.124918879817593,484611.900798928,4976649.74089339,0.134974501397266,11.157
1088,1,0,accepted,0.0946262552371295,0.274904107755285,484613.079487929,4976649.93637445,0.137870531530201,9.705
1089,1,0,accepted,0.115228558008172,0.302663554736439,484614.267951775,4976650.11446371,0.138490569350053,9.353
1090,1,0,accepted,0.127225140056609,0.302384579643386,484615.460873251,4976650.30091058,0.138648558645426,9.728
1091,1,0,accepted,0.143179712712766,0.252146726501513,484616.663243044,4976650.48249301,0.138107532326067,9.918
1092,1,0,accepted,0.182058492017451,0.453927419918219,484617.822024694,4976650.64735338,0.141769765249989,10.861
1093,1,0,accepted,0.206285999221713,0.563531294877951,484619.013257933,4976650.82313175,0.143513000869796,10.975
1094,1,0,accepted,0.222640661011993,0.523303421175323,484620.223514133,4976650.99756373,0.143043013136888,9.91
1095,1,0,accepted,0.25955640229026,0.658700897292541,484621.432328674,4976651.15481466,0.14523902526251,10.177
1096,1,0,accepted,0.267604275659155,0.664766409553134,484622.640482962,4976651.34353063,0.145444822702451,9.892
1097,1,0,accepted,0.276396369282735,0.699854609465521,484623.834972995,4976651.53201327,0.146037502799734,9.849
1098,1,0,accepted,0.292317369328011,0.662865123346269,484625.053836481,4976651.71449906,0.14536509811766,9.427
1099,1,0,accepted,0.225612704612283,0.8061878424256,484626.191991229,4976651.98008623,0.147781913960468,11.095
1100,1,0,accepted,0.195676703916341,0.857180331703831,484627.37767027,4976652.21163063,0.148852811536104,10.753
1101,1,0,accepted,0.151981109017045,0.71836459943513,484628.575136354,4976652.4553627,0.146216277611697,12.885
1102,1,0,accepted,0.0571072419942451,0.230456472129097,484629.781612585,4976652.77299956,0.137276597792413,15.237
1103,1,0,accepted,0.115944917930267,-0.203641854612163,484631.003874574,4976653.09083861,0.130093263439243,9.09
1104,1,0,accepted,0.0767527422592098,-0.221608952633273,484632.206672007,4976653.24710403,0.129503323210903,8.186
1105,1,0,accepted,0.038776317412887,-0.235544439808853,484633.393159853,4976653.40150243,0.129029788387701,7.973
1106,1,0,accepted,0.0155939460135027,-0.170092943655036,484634.594073927,4976653.54922028,0.129768895430769,8.405
1107,0,1,acceptedDirectional,0.104063853085566,-0.101591779004341,484635.797665488,4976653.65015189,0.13064468510687,9.156
1108,0,1,acceptedDirectional,0.0999048617232057,-0.058395212336841,484636.990697482,4976653.84442707,0.130962611823242,8.765
1109,0,1,acceptedDirectional,0.111231328967035,-0.0584503365148967,484638.187228584,4976654.02384002,0.130632802229799,8.347
1110,0,1,acceptedDirectional,0.1186577151172,-0.0728522638235255,484639.380460032,4976654.20680421,0.129968544391903,7.84
1111,0,1,acceptedDirectional,0.0971829013601584,-0.210070864247928,484640.586725438,4976654.4206225,0.127343353490268,8.379
1112,0,1,acceptedDirectional,0.127666576892188,-0.0902483398244854,484641.761189092,4976654.5767748,0.128920829340783,8.149
1113,1,0,accepted,0.0985525767709037,-0.168527847554879,484642.947489296,4976654.79784734,0.1270367603424,7.981
1114,1,0,accepted,0.110529791634135,-0.279042651023449,484644.127378605,4976654.97291926,0.125089444478005,9.309
1115,1,0,accepted,0.134008915947127,-0.27186912034864,484645.320197874,4976655.14111605,0.124438427910314,9.533
1116,1,0,accepted,0.153999037112111,-0.283193141175031,484646.498270239,4976655.30630576,0.124464540323643,10.808
1117,1,0,accepted,0.165374764118899,-0.301142731417113,484647.676667771,4976655.48152947,0.12369671070553,10.554
1118,1,0,accepted,0.18881732543084,-0.277033229116572,484648.841598944,4976655.64247873,0.123575286567897,11.117
1119,1,0,accepted,0.191270071804286,-0.210729481772327,484649.994838254,4976655.81800109,0.124489553303502,10.789
1120,1,0,accepted,0.223120271932763,-0.174525929433764,484651.155570171,4976655.96649128,0.1248163758585,11.018
1121,1,0,accepted,0.206065408132769,-0.0407503456628056,484652.278455198,4976656.15305506,0.12713339905683,16.653
1122,1,0,accepted,0.201897121022301,0.306094912234565,484653.37850855,4976656.32852948,0.133074823070949,10.484
1123,1,0,accepted,0.230709257475719,0.0511098607427527,484654.564772807,4976656.48351824,0.128199307397946,11.5
1124,1,0,accepted,0.243282456658744,0.0189068910942067,484655.72440245,4976656.65261319,0.127267291423668,14.615
1125,1,0,accepted,0.257140003135817,0.00275587347472381,484656.849000382,4976656.81240737,0.126712884502115,11.581
1126,1,0,accepted,0.168903428733417,0.116815026591068,484657.90055434,4976657.06811797,0.12839298618895,10.24
1127,1,0,accepted,0.184277821462029,0.171144200850059,484659.027318166,4976657.22732905,0.129113599226568,10.237
1128,1,0,accepted,0.189233193661748,0.17067293690187,484660.139458325,4976657.3976076,0.128980200441408,10.622
1129,1,0,accepted,0.14205863011552,0.0874656105351142,484661.294633063,4976657.61777384,0.127137361507747,9.933
1130,1,0,accepted,0.144412952617913,0.104683783660908,484662.417565869,4976657.78553025,0.127123021513848,8.772
1131,1,0,accepted,0.1429076492531,0.122721956243872,484663.540618336,4976657.9590274,0.127281140312766,10.082
1132,1,0,accepted,0.159292935534029,0.255102368825577,484664.648529171,4976658.11311242,0.129364639719012,9.409
1133,1,0,accepted,0.159293983929435,0.245604077357594,484665.765039652,4976658.28461153,0.129209811929792,9.302
1134,1,0,accepted,0.146424935201416,0.182663392787418,484666.87580301,4976658.4675769,0.128587856919646,9.918
1135,1,0,accepted,0.0495998331760768,0.0497905442057267,484667.985352325,4976658.74500831,0.12640201939958,10.482
1136,1,0,accepted,0.065370692725759,-0.0396016236858313,484669.105599019,4976658.90658643,0.125155058124711,9.613
1137,1,0,accepted,0.0814214161916137,-0.10729007019578,484670.207347943,4976659.06695889,0.124211275246844,8.932
1138,1,0,accepted,0.0812802043228875,-0.0909631020064267,484671.273384298,4976659.22232293,0.12464219278206,9.369
1139,1,0,accepted,0.0877891839614482,-0.0941609028024918,484672.337889892,4976659.37234637,0.124857385493758,9.003
1140,1,0,accepted,0.1070988764486,-0.130223136265042,484673.414420422,4976659.51926718,0.124314446304992,9.034
1141,1,0,accepted,0.135628330058413,-0.0189672224978429,484674.462576096,4976659.65781723,0.126448645761979,8.473
1142,1,0,accepted,0.153520620375329,0.0641508046310184,484675.553098548,4976659.81000258,0.127922827981324,8.951
1143,1,0,accepted,0.147606660099194,0.0490672436098011,484676.605737168,4976659.98307007,0.127649897010985,9.062
1144,1,0,accepted,0.190533938392462,0.106235061132996,484677.636457248,4976660.11235376,0.128522396411481,8.779
1145,1,0,accepted,0.184217274640902,0.154201872372961,484678.733031628,4976660.28083945,0.129664781806765,8.918
1146,1,0,accepted,0.190818497117881,0.175999862937464,484679.787893084,4976660.44002469,0.130132396391592,9.287
1147,1,0,accepted,0.195392628737325,0.180742661388229,484680.833315304,4976660.60152259,0.130263701081331,9.501
1148,1,0,accepted,0.210508307677026,0.202854980626344,484681.927179578,4976660.75112068,0.130709669368148,8.953
1149,1,0,accepted,0.204294948680224,0.258379737271362,484682.975135472,4976660.92120316,0.131823206036139,10.233
1150,0,1,acceptedDirectional,0.0973975832072104,-0.136242020336932,484684.021423722,4976661.19307983,0.125004626364721,8.102
1151,1,0,accepted,0.0264645153840289,0.248085742954584,484685.021156595,4976661.43894427,0.131657368850256,8.917
1152,1,0,accepted,0.039585682899581,0.280731694099095,484686.043515839,4976661.62848074,0.132069049583846,8.469
1153,1,0,accepted,0.0566421348200433,0.244454721441091,484687.065738012,4976661.80642212,0.131386009381101,7.799
1154,1,0,accepted,0.0616837121252708,0.224600536517074,484688.103247334,4976661.98265576,0.130378978673545,7.543
1155,1,0,accepted,0.0521139082214607,0.195233139424474,484689.130704756,4976662.12643355,0.129992686613239,7.227
1156,1,0,accepted,0.0499938784445084,0.170400356944547,484690.155840905,4976662.2796267,0.129218436565687,7.286
1157,1,0,accepted,0.0438965517970491,0.136750164081206,484691.159737958,4976662.42851468,0.128521131759628,7.235
1158,1,0,accepted,0.0306243589261903,0.032410710716099,484692.196967034,4976662.59448471,0.126459329760115,7.047
1159,1,0,accepted,0.0125586034858363,0.0335509979086261,484693.222837484,4976662.72237041,0.126130775570282,6.811
1160,1,0,accepted,0.0209515319624753,0.0379486096441309,484694.238445324,4976662.86598134,0.125751747432027,7.059
1161,1,0,accepted,0.0443750180628259,0.0512415131554069,484695.257407978,4976663.00006022,0.125265235805074,6.925
1162,1,0,accepted,0.0732840835212362,0.119999827809772,484696.269685008,4976663.12695132,0.12576826500833,6.639
1163,1,0,accepted,0.0901881956496756,0.125027047305463,484697.275223461,4976663.2645156,0.125080644826757,6.487
1164,1,0,accepted,0.119949807463398,0.265433393789488,484698.250585164,4976663.38335302,0.126571813215826,6.462
1165,1,0,accepted,0.15207516856809,0.367537383805138,484699.242578343,4976663.50199597,0.127349442937353,6.427
1166,1,0,accepted,0.165440035963317,0.348394119180716,484700.237293846,4976663.63815806,0.125976823331049,6.694
1167,1,0,accepted,0.182950923345431,0.410037876187762,484701.205547858,4976663.76636704,0.126070703237359,6.859
1168,1,0,accepted,0.194514024945548,0.359251732812299,484702.171126658,4976663.89837324,0.124187491455412,7.358
1169,1,0,accepted,0.203882666436456,0.341441237104851,484703.141771276,4976664.03101862,0.122940476865152,7.732
1170,1,0,accepted,0.211780769144534,0.333043232575038,484704.11466498,4976664.16503092,0.121629557700709,7.612
