frame,accepted,directional,reason,errorM,yawErrorDeg,x,y,psi,matchingMs
1,0,0,insufficientComponents,0.640312423976002,2,484201.572914107,4977500.52147539,-2.10588080737395,10.967
2,1,0,accepted,0.0687244850117855,0.00366711242667544,484201.042497553,4977500.86001038,-2.14072578294743,18.724
3,1,0,accepted,0.0708405993785318,0.0785538507883762,484201.046726332,4977500.85596796,-2.13939912623576,12.749
4,1,0,accepted,0.0704370258037078,0.0549407049157877,484201.044776102,4977500.85741784,-2.13981584016573,10.175
5,1,0,accepted,0.0784606503499275,0.20076033505677,484201.046618173,4977500.84826355,-2.13727422181012,11.138
6,1,0,accepted,0.0738130479568487,0.204099509170533,484201.044879313,4977500.85420957,-2.13720075042491,10.984
7,1,0,accepted,0.0724020409777567,0.187821314404495,484201.044637945,4977500.85585201,-2.13747833889582,10.562
8,1,0,accepted,0.0704623193183574,0.180649215318703,484201.0434096,4977500.85693551,-2.13760734273699,11.187
9,1,0,accepted,0.0825873316779802,0.20328465253066,484201.038266278,4977500.84210018,-2.13719432728125,12.666
10,1,0,accepted,0.0772036356172051,0.196343371626854,484201.033690613,4977500.84274867,-2.13732536129735,11.354
11,1,0,accepted,0.0691649742262794,0.1971144789079,484201.031637125,4977500.84005053,-2.13732183330421,13.062
12,1,0,accepted,0.0629402634449536,0.265791547900702,484201.024834476,4977500.83357913,-2.13609051136818,12.198
13,1,0,accepted,0.0489620091280124,0.248680121569483,484201.023458392,4977500.82762171,-2.13643115587334,19.018
14,1,0,accepted,0.0317949558223383,0.249402120803814,484201.013204212,4977500.8239132,-2.13634713049712,21.312
15,1,0,accepted,0.0315847903655247,0.272502687882202,484200.995543447,4977500.79949472,-2.13588394734467,16.353
16,1,0,accepted,0.031450935731791,0.253954858688388,484200.976428158,4977500.76916279,-2.13609491815602,10.563
17,1,0,accepted,0.033019525255885,0.186930596471924,484200.954289415,4977500.73272645,-2.13709234283847,11.777
18,1,0,accepted,0.0330951073799618,0.159039637674249,484200.925357434,4977500.69547116,-2.1374014078258,11.895
19,1,0,accepted,0.0347547111398872,0.0617173231131269,484200.894277052,4977500.65030866,-2.13882161043817,11.831
20,1,0,accepted,0.0357118900032821,0.064824381164123,484200.860237532,4977500.60093917,-2.13830895208482,11.116
21,1,0,accepted,0.0324476431619621,0.0576992463387763,484200.828409364,4977500.54657191,-2.13779528910209,10.516
22,1,0,accepted,0.0386133610110759,0.252166083117308,484200.797356501,4977500.47324294,-2.13369784465516,10.116
23,1,0,accepted,0.0397037926838201,0.327646799562781,484200.762590391,4977500.40148447,-2.13147325178229,11.81
24,1,0,accepted,0.0168090355377187,-0.0818382266975571,484200.715594533,4977500.34942283,-2.13734489291589,11.62
25,1,0,accepted,0.0116708842059591,-0.154416186650441,484200.66434947,4977500.27256949,-2.13722223748589,10.609
26,1,0,accepted,0.00732540006001146,-0.324733030796006,484200.604220078,4977500.18668582,-2.13807076014783,13.595
27,1,0,accepted,0.00934038249713127,-0.29511424393086,484200.538906849,4977500.08669569,-2.13598257872428,11.792
28,1,0,accepted,0.00362716015395795,-0.31736967426946,484200.46502859,4977499.97960491,-2.13606427691537,10.791
29,1,0,accepted,0.00534963272992148,-0.330624752280878,484200.396486441,4977499.86819424,-2.13414692378126,11.114
30,1,0,accepted,0.0106577767418004,-0.280434530799126,484200.327903231,4977499.74511854,-2.13065298895586,11.328
31,1,0,accepted,0.0073459076145483,-0.0134791563568468,484200.249754974,4977499.61787389,-2.12521100652026,10.386
32,1,0,accepted,0.00822081874158506,-0.306025316882061,484200.173691375,4977499.49344399,-2.12929544334643,12.158
33,1,0,accepted,0.0108020034516138,0.0633865982984165,484200.091372426,4977499.35255227,-2.12105904479281,10.277
34,1,0,accepted,0.0436002147515581,0.520441496333402,484200.025579284,4977499.18399091,-2.1110726342513,12.146
35,1,0,accepted,0.0414480481491551,0.501003669984293,484199.94277911,4977499.04498021,-2.10954861279442,11.117
36,1,0,accepted,0.0360321098501181,0.247934321070286,484199.845917948,4977498.89602731,-2.1126587826007,10.43
37,1,0,accepted,0.0255064132472648,0.207053288989868,484199.751644738,4977498.75636709,-2.11228777384862,10.043
38,1,0,accepted,0.0193858231372658,0.174936592086529,484199.652356745,4977498.60245203,-2.11140139757999,10.074
39,1,0,accepted,0.0134371452302886,0.153115539527915,484199.552136723,4977498.44979665,-2.11044482126012,11.817
40,1,0,accepted,0.0194872688784887,0.170669708537854,484199.459973065,4977498.29063596,-2.10929509490057,10.213
41,1,0,accepted,0.0169150434058885,0.197575648316167,484199.35597693,4977498.12263816,-2.10846932616257,10.196
42,1,0,accepted,0.0285656884793047,0.307613857524342,484199.258895083,4977497.92737206,-2.10666730327818,11.872
43,1,0,accepted,0.0253700948934984,0.28602577016123,484199.157249639,4977497.76150253,-2.10701631817402,10.07
44,1,0,accepted,0.0200685346081861,0.307323027651036,484199.053566453,4977497.59465087,-2.10684546473063,9.986
45,1,0,accepted,0.0190518855984456,0.305885037363802,484198.950679886,4977497.42390598,-2.10706581272216,9.717
46,1,0,accepted,0.0309998694057695,0.327817370439508,484198.850744631,4977497.24309251,-2.10659703409893,9.792
47,1,0,accepted,0.0292431767771444,0.330373178485837,484198.755735077,4977497.08141038,-2.10753605918222,10.557
48,1,0,accepted,0.031046389811544,0.324462176139464,484198.659026954,4977496.91242431,-2.10851570429892,10.147
49,1,0,accepted,0.0368725813625441,0.342886147371679,484198.562695831,4977496.73906208,-2.1089482352329,10.669
50,1,0,accepted,0.0365558897233359,0.328645740608433,484198.470242285,4977496.57690849,-2.10984231778428,10.387
51,1,0,accepted,0.0421402241518526,0.354975337764787,484198.379374327,4977496.41580483,-2.1100438819382,10.694
52,1,0,accepted,0.0368027418505936,0.329976054675757,484198.292662758,4977496.26893973,-2.11051488041799,10.98
53,1,0,accepted,0.0238196852381521,0.300736291776597,484198.210379553,4977496.13407536,-2.11134022750165,11.646
54,1,0,accepted,0.038916504954267,0.352769015924005,484198.123784973,4977495.9675337,-2.11117876973378,13.62
55,1,0,accepted,0.03267795612163,0.339257158243478,484198.034443956,4977495.8194282,-2.11174344287022,11.227
56,1,0,accepted,0.0353408726666859,0.406306851001194,484197.957781607,4977495.66822224,-2.11070766482429,9.89
57,1,0,accepted,0.0410434562778111,0.458648491058986,484197.865405138,4977495.49962297,-2.11031222154343,10.834
58,1,0,accepted,0.0309304672425321,0.273768295203892,484197.761872391,4977495.39800462,-2.11392679850931,13.03
59,1,0,accepted,0.0406756260066358,0.255916017828376,484197.663531868,4977495.24220389,-2.11409294409959,11.838
60,1,0,accepted,0.044446248265873,0.263991768443526,484197.568985239,4977495.07491402,-2.1135466488685,11.39
61,1,0,accepted,0.0916023510290403,0.158133563068034,484197.48383164,4977494.94707944,-2.11426351023072,12.744
62,1,0,accepted,0.072501927000477,0.215963899051517,484197.371061188,4977494.75657759,-2.11177122232366,11.153
63,1,0,accepted,0.0240190186589405,0.320301436442354,484197.26794596,4977494.52178622,-2.10743321543189,9.872
64,1,0,accepted,0.0189172003196104,0.32235312330313,484197.15901277,4977494.33050216,-2.10602442950035,10.16
65,1,0,accepted,0.0108861151429191,0.353773281158756,484197.04708355,4977494.1475436,-2.10476643389825,9.851
66,1,0,accepted,0.0144992428748182,0.314541015642169,484196.949523151,4977493.96675725,-2.10357372304424,11.374
67,1,0,accepted,0.0157434937648237,0.262690716247667,484196.843570659,4977493.7775849,-2.1011887063609,10.572
68,1,0,accepted,0.0138106268443468,0.258631581028885,484196.729875227,4977493.58148614,-2.09693022209948,10.518
69,1,0,accepted,0.0257597706251444,0.278912303477033,484196.626872756,4977493.37381473,-2.09094596782111,9.775
70,1,0,accepted,0.0266245621480925,0.18498060461053,484196.513613073,4977493.18141293,-2.0853695592179,10.27
71,1,0,accepted,0.053094973606954,0.467560356882348,484196.345047314,4977492.91149866,-2.07196582950652,13.503
72,1,0,accepted,0.0298018030392113,0.0504812134439618,484196.205189263,4977492.72696189,-2.06936626410038,14.051
73,1,0,accepted,0.0240711260136599,0.0384125132322451,484196.076016016,4977492.4808968,-2.05810127373985,12.141
74,1,0,accepted,0.0254581647443119,0.0549318266972317,484195.93338354,4977492.21877327,-2.04435556414742,13.364
75,1,0,accepted,0.0271022575436872,0.169790836503691,484195.785135699,4977491.92438712,-2.02669586175672,13.421
76,1,0,accepted,0.0160003274437333,0.111252104344872,484195.645205112,4977491.64453532,-2.01111779946262,14.256
77,1,0,accepted,0.0277252254956329,0.173774735457739,484195.495302306,4977491.35215081,-1.99384928576143,15.043
78,1,0,accepted,0.0384591326600912,0.0450744063230967,484195.344286499,4977491.03572022,-1.97663181741016,16.305
79,1,0,accepted,0.0119700974590301,0.036959694263049,484195.204481054,4977490.66394668,-1.95673478010513,13.873
80,1,0,accepted,0.0261597887752501,-0.13513284340503,484195.073392105,4977490.31080465,-1.93727519892284,13.331
81,1,0,accepted,0.0364959640154389,-0.251837704108558,484194.931095979,4977489.94296903,-1.91489323507785,14.18
82,1,0,accepted,0.0502927073901387,-0.245196792519671,484194.788530048,4977489.5699461,-1.88926335705355,13.273
83,1,0,accepted,0.0619907821450793,-0.212210365695468,484194.62182282,4977489.18324213,-1.8616309199309,11.631
84,1,0,accepted,0.0858508368340505,-0.21103458764374,484194.495109684,4977488.79487891,-1.83498936373538,12.211
85,1,0,accepted,0.0865110446287886,-0.123436233917664,484194.363798416,4977488.36409991,-1.80644812265887,13.755
86,1,0,accepted,0.0966650645578278,-0.0881910246073451,484194.23910701,4977487.93050713,-1.77990080384798,12.184
87,1,0,accepted,0.104921568900683,-0.206133502159448,484194.151978699,4977487.48560378,-1.75452303174708,13.965
88,1,0,accepted,0.100830836437747,-0.0144489863761663,484194.060404265,4977487.01996694,-1.72423701676151,16.558
89,1,0,accepted,0.107163932243968,-0.0731924392568109,484193.977464602,4977486.55892323,-1.69743049608133,13.219
90,1,0,accepted,0.106536932311302,-0.180579715057088,484193.941358632,4977486.07713163,-1.67103213887023,16.971
91,1,0,accepted,0.107610180703847,-0.278018955836522,484193.884849325,4977485.5879467,-1.64286478445558,16.354
92,1,0,accepted,0.105625550126928,-0.235922108523521,484193.83889382,4977485.08794566,-1.61219291900568,13.129
93,1,0,accepted,0.112181473243054,-0.310022895556406,484193.801323825,4977484.58958791,-1.58373490873592,14.25
94,1,0,accepted,0.103507365652457,-0.423503183041566,484193.775023609,4977484.0686979,-1.55586078729739,13.322
95,1,0,accepted,0.113464738387531,-0.48325842157488,484193.769640891,4977483.55432754,-1.5262738147812,12.74
96,1,0,accepted,0.145269826688444,-0.623758545402674,484193.800114613,4977483.05027916,-1.49735197711811,12.102
97,1,0,accepted,0.165092137403801,-0.718764121210473,484193.825035443,4977482.540312,-1.46792071939658,13.296
98,0,0,notConverged,0.159163019632168,-0.724654457658256,484193.863714507,4977481.99614174,-1.43651409990668,30.76
99,1,0,accepted,0.148270916204459,-0.753387519213097,484193.936875396,4977481.43820266,-1.40674095530012,13.552
100,1,0,accepted,0.112091187778565,-0.549028895382149,484194.005683759,4977480.85182554,-1.37255251044752,13.119
101,1,0,accepted,0.125946077408537,-0.714066602486802,484194.116160745,4977480.30142222,-1.34652879139033,13.916
102,1,0,accepted,0.122580799259983,-0.650178549963121,484194.274133963,4977479.73896502,-1.31836155909113,13.329
103,1,0,accepted,0.0953858024550017,-0.49045315096656,484194.393631164,4977479.14586318,-1.28968176062315,12.198
104,1,0,accepted,0.0976627471277798,-0.406734368198248,484194.552299559,4977478.57712378,-1.2631624473959,12.969
105,1,0,accepted,0.0954294574289589,-0.358058092065629,484194.719508103,4977477.99431812,-1.23858218572385,13.567
106,1,0,accepted,0.112389141230652,-0.460312104067568,484194.920341426,4977477.4319991,-1.21935809969201,14.254
107,1,0,accepted,0.0835263669432454,-0.217928243936203,484195.130171235,4977476.8107247,-1.19677661165627,13.954
108,1,0,accepted,0.0683635118010481,-0.0513684120817981,484195.364737368,4977476.20079568,-1.17768217171461,12.607
109,1,0,accepted,0.0751620337618974,0.0381236270973772,484195.616950209,4977475.6004457,-1.16185461201606,12.036
110,1,0,accepted,0.0611395047336217,0.236796733287467,484195.885863732,4977475.00425954,-1.14676932602837,12.43
111,1,0,accepted,0.0617908167442008,0.336485448132698,484196.160352484,4977474.39782248,-1.13465997337771,12.723
112,1,0,accepted,0.1099820752343,0.279911082223318,484196.423781828,4977473.82533623,-1.12689439221763,12.884
113,1,0,accepted,0.0921522626574451,-0.0638455029955592,484196.767909339,4977473.20389155,-1.12547382685615,12.975
114,1,0,accepted,0.100028432821797,0.0910673359160788,484197.069972154,4977472.57856711,-1.11678146523863,14.164
115,1,0,accepted,0.100274688570028,-0.012582242876588,484197.385206291,4977471.9408945,-1.11364963324537,12.612
116,1,0,accepted,0.119426769733782,-0.0526666228587015,484197.733940392,4977471.31767019,-1.11066168964467,17.209
117,1,0,accepted,0.0602652461435498,0.173374956822152,484198.091119445,4977470.60954999,-1.10372817533134,13.31
118,1,0,accepted,0.0605740921244407,0.601633126888542,484198.49161741,4977469.86831086,-1.09484941058107,14.963
119,1,0,accepted,0.0637265661869644,0.573545452737201,484198.84888527,4977469.18522194,-1.09541882461827,13.016
120,1,0,accepted,0.0568783897515261,0.448650796338913,484199.205391089,4977468.51757448,-1.09880801794569,14.227
121,1,0,accepted,0.0562983266547142,0.380663509620381,484199.565357807,4977467.80885009,-1.10223691672309,13.117
122,1,0,accepted,0.0545758906952347,0.288227650011786,484199.927957724,4977467.09870858,-1.10516097659961,12.363
123,1,0,accepted,0.0554470221033052,0.17602798410282,484200.298263681,4977466.39908774,-1.10919751257017,15.966
124,1,0,accepted,0.0572082856553886,0.316793481819032,484200.660934399,4977465.65719326,-1.10907168757303,16.449
125,1,0,accepted,0.0648423017579435,-0.0896682695496223,484201.054958635,4977464.93078306,-1.11959692337735,15.314
126,1,0,accepted,0.0560543251621845,-0.030739319168122,484201.425575485,4977464.18652025,-1.12272889690205,15.596
127,1,0,accepted,0.0502084561463409,-0.0388824106774485,484201.800479239,4977463.43141293,-1.12795789260084,13.185
128,1,0,accepted,0.0599160965373849,0.236831284485794,484202.172409093,4977462.64184441,-1.12898848566111,13.575
129,1,0,accepted,0.0458902348441677,0.241134513747101,484202.549462389,4977461.86882355,-1.13443044674725,12.494
130,1,0,accepted,0.0487231296514642,0.172414603304385,484202.93554597,4977461.08777639,-1.14225301164249,12.469
131,1,0,accepted,0.0587237678811115,0.194723630810249,484203.305129548,4977460.280379,-1.14768465875577,12.94
132,1,0,accepted,0.0889236062152046,0.329847712768841,484203.663500754,4977459.44523498,-1.15243400459491,13.057
133,1,0,accepted,0.0895136326886155,0.331525427519084,484204.044434097,4977458.62700481,-1.15918857581289,14.327
134,1,0,accepted,0.108748822797989,0.312557284425647,484204.418639699,4977457.77503002,-1.16637285474278,13.254
135,1,0,accepted,0.14912871241513,0.470287920466454,484204.77181352,4977456.90308344,-1.17046471152529,13.631
136,1,0,accepted,0.167691955912166,0.539125481469676,484205.143633678,4977456.03142032,-1.17619177393638,13.205
137,1,0,accepted,0.165819526751528,0.577308755226392,484205.52873054,4977455.15958844,-1.18244903982469,16.12
138,1,0,accepted,0.15019507992624,0.407697230800821,484205.922171803,4977454.29279699,-1.19236290528772,18.074
139,1,0,accepted,0.0857638643894356,0.378894822041283,484206.302328289,4977453.494238,-1.19956322244634,15.83
140,1,0,accepted,0.0624731459932698,0.251497495843437,484206.747634054,4977452.6842866,-1.20888650781549,14.629
141,1,0,accepted,0.0656030692379915,0.279807823806036,484207.13210818,4977451.78388027,-1.2152373340713,13.956
142,1,0,accepted,0.0708394609543928,0.19856750812045,484207.496390066,4977450.86882792,-1.22332451805637,16.641
143,1,0,accepted,0.0553958247417991,0.262189058018534,484207.843864566,4977449.92694361,-1.22927696624473,11.868
144,1,0,accepted,0.0223107965898978,0.188466170062265,484208.197222335,4977448.94843897,-1.23721464635097,10.848
145,1,0,accepted,0.0384358765687962,0.235519460970361,484208.55732083,4977447.96343039,-1.24402624678125,12.224
146,1,0,accepted,0.0416325393940911,0.310661916825572,484208.923464958,4977447.00655162,-1.24861563172224,13.171
147,1,0,accepted,0.171528705039838,0.345872302237811,484209.282621832,4977445.91235557,-1.25570292272469,18.966
148,1,0,accepted,0.174593754467132,0.323967571708983,484209.638998947,4977444.94550125,-1.26242537631792,19.188
149,1,0,accepted,0.138933528034279,0.253564104901964,484209.971960265,4977444.0048393,-1.27051623719055,14.596
150,1,0,accepted,0.154980822374799,0.490002875715965,484210.239043023,4977443.03503682,-1.27280109207874,14.695
151,1,0,accepted,0.106641993715714,0.328629437724389,484210.59421521,4977442.09940055,-1.28279000403421,12.099
152,1,0,accepted,0.118883192639397,0.39112260334977,484210.902602595,4977441.09448346,-1.28869177634413,12.18
153,1,0,accepted,0.12670733057563,0.313459603022818,484211.199834188,4977440.10886737,-1.29668718335051,12.159
154,1,0,accepted,0.131774473852956,0.276062599102571,484211.50344497,4977439.11290396,-1.30356190297847,12.601
155,1,0,accepted,0.142865073879177,0.313003472086587,484211.799842796,4977438.11456451,-1.31010891641211,13.153
156,1,0,accepted,0.150439269965415,0.332745150574119,484212.103143834,4977437.09318274,-1.3164364608527,14.11
157,1,0,accepted,0.127701702946515,0.1957958680421,484212.421427928,4977436.10782554,-1.32581437677175,15.106
158,1,0,accepted,0.137810707438655,-0.609596656061264,484212.912438014,4977435.14929704,-1.34683110696653,16.613
159,1,0,accepted,0.0995937246313436,-0.539389465057849,484213.161197923,4977434.11996059,-1.35202823684977,16.592
160,1,0,accepted,0.138558592179965,-0.590556103742008,484213.477538954,4977433.09821864,-1.35928084395063,16.691
161,1,0,accepted,0.101133512691003,-0.405832787105984,484213.70709583,4977432.07267713,-1.36290874354001,16.123
162,1,0,accepted,0.0889781369194552,-0.456250935208915,484213.971601552,4977431.06813585,-1.37042255571662,15.34
163,1,0,accepted,0.0422147828376748,-0.136569102553805,484214.156769686,4977430.03496582,-1.37123635763235,16.047
164,1,0,accepted,0.0480392772223079,-0.139294412572176,484214.369552962,4977429.03639339,-1.3777147272078,15.445
165,1,0,accepted,0.0413521874835721,-0.235804944352113,484214.620406184,4977428.01880078,-1.3854625908117,16.447
166,1,0,accepted,0.0848789419355136,-0.0178435083213701,484214.821945562,4977426.96419463,-1.38792888323359,17.105
167,1,0,accepted,0.128214903675018,0.211312679037544,484215.013730912,4977425.93152732,-1.39010633926896,18.37
168,1,0,accepted,0.121119572764689,0.134070117683008,484215.249752751,4977424.89885773,-1.39824485832526,16.348
169,1,0,accepted,0.120553578744943,0.138508217994691,484215.473753567,4977423.86148116,-1.40477812096684,16.836
170,1,0,accepted,0.129966880681532,0.150158917543085,484215.681195957,4977422.82325506,-1.41126181649952,16.704
171,1,0,accepted,0.144149778729301,0.201590025152847,484215.875753922,4977421.77873837,-1.41756514216798,16.198
172,1,0,accepted,0.173339512383391,0.307689313078679,484216.049083219,4977420.72722196,-1.42295211891941,15.983
173,1,0,accepted,0.202550671633861,0.439360340175564,484216.215131647,4977419.67244696,-1.42823870456356,16.632
174,1,0,accepted,0.217684263340126,0.490037368788637,484216.387116914,4977418.60647185,-1.43469124080968,16.874
175,1,0,accepted,0.245155594484701,0.600291361622229,484216.540386804,4977417.55185745,-1.44009510609372,16.687
176,1,0,accepted,0.253104529692938,0.489475423346197,484216.704690564,4977416.47850418,-1.44936405423042,18.438
177,1,0,accepted,0.263360771162693,0.673947597968521,484216.85862659,4977415.41291003,-1.45358640013766,15.225
178,1,0,accepted,0.308621590394934,0.723520803835509,484216.971232539,4977414.31821343,-1.46006020069164,15.632
179,1,0,accepted,0.257794303362478,0.794962896236714,484217.236218094,4977413.09053233,-1.46626772165154,16.601
180,1,0,accepted,0.248788035753147,0.628273153355993,484217.384457706,4977412.01646509,-1.47623290654827,15.04
181,1,0,accepted,0.236863023937247,0.611662779260483,484217.563093046,4977410.90424184,-1.48425056670883,16.159
182,1,0,accepted,0.235685565032526,0.583000583412295,484217.703788791,4977409.81022762,-1.49146637581848,15.798
183,1,0,accepted,0.202231808549746,0.3711345075766,484217.864781987,4977408.72182389,-1.50229511066179,14.452
184,1,0,accepted,0.212504444914015,0.444111859086133,484217.961511903,4977407.63517951,-1.50777545354729,13.938
185,1,0,accepted,0.142834774886563,0.0648204825416669,484218.124649426,4977406.58340744,-1.52111729743887,16.063
186,1,0,accepted,0.0820367461720755,-0.444889301271405,484218.308335303,4977405.53048947,-1.53682321075016,14.216
187,1,0,accepted,0.0716559268958931,-0.604935412210444,484218.429269441,4977404.45617985,-1.54651187932857,14.191
188,1,0,accepted,0.0566808441118182,-0.515168441846469,484218.481214361,4977403.32428844,-1.55096707528576,14.668
189,1,0,accepted,0.0336064520873803,-0.265144580510648,484218.515781693,4977402.20768884,-1.55200292812864,14.591
190,1,0,accepted,0.0514246089270402,0.0341393217120149,484218.555100097,4977401.09220367,-1.55147384417642,13.568
191,1,0,accepted,0.0606678323002333,0.226838338175519,484218.600847311,4977399.96356872,-1.55256427173317,12.818
192,1,0,accepted,0.0669617983808559,0.272393928642573,484218.645344147,4977398.83819802,-1.55536052120492,15.075
193,1,0,accepted,0.0679776397489601,0.335501619375189,484218.694336639,4977397.70178948,-1.55730128114727,13.723
194,1,0,accepted,0.0818342912483624,0.265713992219837,484218.72802403,4977396.55253655,-1.56109503309796,13.424
195,1,0,accepted,0.0843993181289174,0.12799708342951,484218.773084183,4977395.40883273,-1.56575216472785,13.71
196,1,0,accepted,0.0720656459650872,0.00410109727302297,484218.830407801,4977394.25028303,-1.57033242843605,15.989
197,1,0,accepted,0.0883409697589093,0.154574285126102,484218.853800258,4977393.08372948,-1.56978451014783,15.347
198,1,0,accepted,0.0670759949245064,0.109525150948423,484218.91048017,4977391.90015595,-1.57240014544091,18.609
199,1,0,accepted,0.0960987258687429,0.24852584121275,484218.918957693,4977390.73257185,-1.571727444548,19.187
200,1,0,accepted,0.0614021986523234,-0.207802703214913,484219.099767695,4977389.54018227,-1.58147022202929,17.208
201,1,0,accepted,0.0516989269189939,-0.146324766171779,484219.106775941,4977388.35925998,-1.58177401450462,16.588
202,1,0,accepted,0.0668168769712854,0.0457954240038139,484219.092091376,4977387.18622257,-1.57974583051809,17.545
203,1,0,accepted,0.0650326107115606,0.0985136960248432,484219.109038398,4977386.05312042,-1.58004654181605,15.506
204,1,0,accepted,0.0638637811675321,0.077187440297649,484219.111702676,4977384.82815628,-1.57997163153873,14.593
205,1,0,accepted,0.0697497310685767,0.118180244821909,484219.117619457,4977383.59652091,-1.57889681545422,14.039
206,1,0,accepted,0.110630510138582,0.222102137133524,484219.096523173,4977382.35423067,-1.57589899569483,14.895
207,1,0,accepted,0.120617488071759,0.1786914327936,484219.112397968,4977381.0982092,-1.57520085390435,16
208,1,0,accepted,0.136332708812143,0.197767197127115,484219.123003803,4977379.86434178,-1.57273291773433,13.975
209,1,0,accepted,0.146682467028366,0.151472469158122,484219.141286171,4977378.6128519,-1.57075642695896,12.875
210,1,0,accepted,0.17060342104764,0.11934620840829,484219.146627155,4977377.37117417,-1.56823467393488,14.775
211,1,0,accepted,0.117781421869019,0.0814862095528992,484219.230910088,4977376.14484457,-1.56524450400996,13.779
212,1,0,accepted,0.141375747989736,0.0749816842536914,484219.245958769,4977374.88302611,-1.56148977799991,14.958
213,1,0,accepted,0.159351732637007,0.068524294908268,484219.27135332,4977373.61984191,-1.55753475708292,15.977
214,1,0,accepted,0.165634158276525,0.146753322710389,484219.313201478,4977372.35757854,-1.5522001117271,16.154
215,1,0,accepted,0.111701347138232,0.513782569599837,484219.427340435,4977371.0500086,-1.54118987868508,16.216
216,1,0,accepted,0.131908107677943,0.5465233141666,484219.476286402,4977369.74819017,-1.53558368719915,15.608
217,1,0,accepted,0.146570904030791,0.55950893410889,484219.508394579,4977368.50876291,-1.53044260549854,15.637
218,1,0,accepted,0.125004555877255,0.404429352858249,484219.59769957,4977367.22692988,-1.52779787899706,14.366
219,1,0,accepted,0.113602029522785,0.292394634502779,484219.677948175,4977365.96483552,-1.52451499640862,13.48
220,1,0,accepted,0.130450272517035,0.309067790959008,484219.775863291,4977364.77956022,-1.51873997538294,14.08
221,1,0,accepted,0.152018034611042,0.362966022234915,484219.863175878,4977363.52329634,-1.51227776092454,15.917
222,1,0,accepted,0.160424612530213,0.204642272131512,484219.936472551,4977362.21939786,-1.50942541972785,13.081
223,1,0,accepted,0.187918015728977,0.176542444426353,484220.018846855,4977360.93820642,-1.5037346431938,11.546
224,1,0,accepted,0.117478389983796,-0.270778445609406,484220.226423664,4977359.62414011,-1.50521411344915,11.791
225,1,0,accepted,0.131070706786558,-0.236457859864023,484220.346308521,4977358.33424255,-1.49806468019325,11.291
226,1,0,accepted,0.159100018084095,-0.0512830177970164,484220.447884724,4977357.0493948,-1.48836501826117,11.351
227,1,0,accepted,0.16670322725935,-0.040516560013776,484220.570377586,4977355.72711787,-1.48146653680288,11.498
228,1,0,accepted,0.164799877134224,0.0257443605485706,484220.689953612,4977354.42916022,-1.47343330981227,14.007
229,1,0,accepted,0.171932548357693,0.0370320743972752,484220.827084175,4977353.11971479,-1.46643904454638,12.062
230,1,0,accepted,0.171976846105123,0.116773562625588,484220.985038627,4977351.80991492,-1.45863032547656,12.115
231,1,0,accepted,0.168767365667538,0.130067765700744,484221.159489942,4977350.50004578,-1.45155138651925,12.703
232,1,0,accepted,0.157420323891554,0.138511186449377,484221.344968502,4977349.18007912,-1.4451310407604,12.553
233,1,0,accepted,0.106902063615992,0.0540450998097742,484221.581307776,4977347.85029691,-1.44006002618853,13.65
234,1,0,accepted,0.148322926602082,0.28804909852561,484221.746569535,4977346.56148921,-1.42940375515416,13.337
235,1,0,accepted,0.145033588966714,0.276392773977986,484221.950449969,4977345.24074094,-1.42313572273591,13.909
236,1,0,accepted,0.147643314072154,0.171979984541557,484222.15311412,4977343.89743442,-1.41840221518775,13.659
237,1,0,accepted,0.165130005407619,0.166106732355945,484222.356823272,4977342.56800445,-1.4118411457439,13.925
238,1,0,accepted,0.163880318820592,0.134852265326367,484222.58319997,4977341.22913304,-1.40579184436634,13.038
239,1,0,accepted,0.160442781114376,0.114377575990982,484222.826414254,4977339.87322712,-1.39923193489183,13.777
240,1,0,accepted,0.167551493039896,0.147241345995277,484223.077204006,4977338.51630967,-1.3925320426148,12.859
241,1,0,accepted,0.188875377712267,0.206383273348241,484223.313596199,4977337.20412332,-1.38462730444277,13.099
242,1,0,accepted,0.212911300584623,0.145250577875603,484223.564372424,4977335.8605674,-1.37959921371488,13.993
243,1,0,accepted,0.237349071776092,0.222931389220479,484223.817244251,4977334.54111166,-1.37218025472647,13.587
244,1,0,accepted,0.247529773536677,0.363788449934363,484224.094937383,4977333.22208824,-1.36402759501758,13.612
245,1,0,accepted,0.249119262418504,0.583944586353638,484224.391358824,4977331.90104658,-1.35533188404327,13.01
246,1,0,accepted,0.208793604560632,0.827169253830388,484224.732378768,4977330.64782103,-1.34739214737541,14.342
247,1,0,accepted,0.192683117707165,1.09955566603659,484225.093095612,4977329.40423979,-1.33988075537079,15.135
248,1,0,accepted,0.143558105415555,0.93581684051553,484225.42983482,4977328.00899291,-1.34080980406198,13.503
249,1,0,accepted,0.123982000829193,0.832943938393813,484225.766794392,4977326.65825946,-1.34040844105204,13.606
250,1,0,accepted,0.118515906414006,0.801725187280439,484226.098923143,4977325.29870018,-1.3388135343496,13.837
251,1,0,accepted,0.0994694188115352,0.47733522652075,484226.463861106,4977323.92553149,-1.34278994360579,13.85
252,1,0,accepted,0.0670085366505713,0.191958175191384,484226.851303868,4977322.57970095,-1.34623696587381,13.702
253,1,0,accepted,0.0732314691717802,0.23434365696532,484227.180491884,4977321.22714635,-1.3442295530257,14.459
254,1,0,accepted,0.0808685361930298,0.223497074403311,484227.509431647,4977319.89896678,-1.34265702787674,12.571
255,1,0,accepted,0.0838373027219205,0.213558120113568,484227.84520777,4977318.54528869,-1.34100859534917,12.491
256,1,0,accepted,0.0648481367225681,0.29958050352052,484228.189246786,4977317.21949826,-1.33830093424326,13.583
257,1,0,accepted,0.0558985723844439,0.262786818353318,484228.526684686,4977315.89082003,-1.33752636581658,12.591
258,1,0,accepted,0.0448200283589105,0.282642980980029,484228.890131281,4977314.53171553,-1.33693639518788,13.666
259,1,0,accepted,0.0417003744685248,0.246817368264194,484229.223670318,4977313.20017591,-1.33604211003828,13.535
260,1,0,accepted,0.0346553115450707,0.217043955628428,484229.580178924,4977311.85288067,-1.33590770895385,12.81
261,1,0,accepted,0.0384773391053044,0.213285254927843,484229.925665213,4977310.52261224,-1.33510794305492,14.414
262,1,0,accepted,0.0460773536716753,0.164717176790283,484230.27889409,4977309.17245011,-1.33492500713361,14.383
263,1,0,accepted,0.0668122267845128,-0.0121631362403982,484230.654026408,4977307.84534534,-1.33775203251071,12.157
264,1,0,accepted,0.0650000448807525,-0.00183214661175667,484230.994029686,4977306.47256763,-1.33622864801621,12.221
265,1,0,accepted,0.0663949911342827,0.0909617054202892,484231.340852324,4977305.06731529,-1.33433793289211,11.398
266,1,0,accepted,0.0746888370461668,0.131665387087065,484231.691628749,4977303.69367587,-1.33322369821226,11.904
267,1,0,accepted,0.0751040899168527,0.192539573845092,484232.047939281,4977302.31424414,-1.33157721002962,12.151
268,1,0,accepted,0.082616033163672,0.192103797038933,484232.406376132,4977300.915564,-1.33064864772334,11.46
269,1,0,accepted,0.0895646993481119,0.163035718736562,484232.771946508,4977299.51491527,-1.33033355000959,12.083
270,1,0,accepted,0.104808074211631,0.194693993263088,484233.135447027,4977298.10781782,-1.32945080692055,12.027
271,1,0,accepted,0.131740050504254,0.214529561699526,484233.500013984,4977296.68217477,-1.328828138185,12.472
272,1,0,accepted,0.156377341932238,0.196099259899441,484233.85809522,4977295.27482651,-1.32904226540549,12.029
273,1,0,accepted,0.173785907114768,0.240186875697994,484234.217184981,4977293.87353282,-1.32870794313302,12.082
274,1,0,accepted,0.182022596948223,0.186606522390283,484234.577804046,4977292.49595119,-1.32994471928923,12.687
275,1,0,accepted,0.20638751778411,0.217389859134846,484234.935874153,4977291.08149588,-1.33045311715055,12.11
276,1,0,accepted,0.222001812105729,0.224951255388105,484235.30715157,4977289.66315963,-1.33122543551502,12.315
277,1,0,accepted,0.231770057962878,0.213598034302043,484235.672540201,4977288.25367712,-1.3325366434434,11.668
278,1,0,accepted,0.254215620453972,0.24370125658723,484236.027668148,4977286.8371147,-1.33280948626117,12.867
279,1,0,accepted,0.26996180693241,0.264547640337282,484236.39026262,4977285.41125327,-1.3345331707179,14.593
280,1,0,accepted,0.267685299550625,0.191802124024065,484236.752734778,4977284.02057432,-1.33690718355094,13.397
281,1,0,accepted,0.206363681685358,0.253755613036519,484237.155813503,4977282.66228791,-1.3377628067512,16.799
282,1,0,accepted,0.132470119191043,0.2784513379175,484237.569263696,4977281.31964176,-1.33970842654488,17.136
283,1,0,accepted,0.0966172423967878,0.34905307187911,484237.980300096,4977279.99494537,-1.34041847468071,17.697
284,1,0,accepted,0.112727475940765,0.38606788486172,484238.375490581,4977278.6166086,-1.34319572187898,13.143
285,1,0,accepted,0.149804214861392,0.510146446795147,484238.756893322,4977277.24266342,-1.34451893234995,11.045
286,1,0,accepted,0.108203711082997,0.398766312147569,484239.143095827,4977275.75672896,-1.35014194082119,14.661
287,1,0,accepted,0.0426978247247648,0.114078477686794,484239.511810138,4977274.28521751,-1.35772466593262,17.559
288,1,0,accepted,0.00770860018023398,0.10514343293312,484239.834844899,4977272.81178182,-1.36139173055632,12.897
289,1,0,accepted,0.049796457215939,-0.0952214718204176,484240.178192614,4977271.31751241,-1.36778865873417,11.335
290,1,0,accepted,0.0944058093584201,-0.23976860444729,484240.484174798,4977269.8410346,-1.37385726997674,11.779
291,1,0,accepted,0.11225460473668,-0.135958058136469,484240.790481055,4977268.397816,-1.37544499254611,12.859
292,1,0,accepted,0.122726682246338,0.0459717879492372,484241.096211643,4977266.95713322,-1.37561605413064,13.849
293,1,0,accepted,0.126598585797372,0.321794487683635,484241.396938994,4977265.5672363,-1.37455131991197,12.983
294,1,0,accepted,0.133451465198078,0.364056890919978,484241.714116067,4977264.11420756,-1.37762204610918,13.093
295,0,0,notConverged,0.162569274678918,0.346038733443096,484242.005733284,4977262.6451614,-1.38088740031171,30.445
296,1,0,accepted,0.090443998404366,0.000915870616138426,484242.439175115,4977261.16084268,-1.38993110621442,15.894
297,1,0,accepted,0.0718181875316629,-0.195700175586409,484242.775085708,4977259.72665306,-1.39653000619856,17.209
298,1,0,accepted,0.071070698299452,-0.196068992644589,484243.07031354,4977258.27824042,-1.39984696097936,19.214
299,1,0,accepted,0.0420679536572623,-0.22321339715363,484243.361784569,4977256.84874884,-1.40377049058015,17.572
300,1,0,accepted,0.0557198845866103,-0.234731430619882,484243.631082146,4977255.41491703,-1.40718916871278,16.84
301,1,0,accepted,0.11711520947642,0.132164338768054,484243.85913882,4977253.94532798,-1.40371280184005,16.235
302,1,0,accepted,0.0454301412044797,0.184919988709797,484244.202098178,4977252.54333591,-1.40610531679929,16.644
303,1,0,accepted,0.0223219581593162,0.0661257598463874,484244.535557171,4977251.13996767,-1.4111171052265,15.678
304,1,0,accepted,0.0382919435978606,0.0193191372801094,484244.814888486,4977249.71066055,-1.41512344914005,17.313
305,1,0,accepted,0.0490114150481842,-0.027004655944579,484245.088847307,4977248.28831261,-1.41915601204641,12.847
306,1,0,accepted,0.0424035439052777,-0.0857964094612507,484245.337645719,4977246.85197302,-1.42292429184319,11.13
307,1,0,accepted,0.0331318781348546,-0.0630230594308937,484245.569617865,4977245.40431373,-1.42576081941524,12.111
308,1,0,accepted,0.0411876153470759,0.0184199233355899,484245.795848877,4977243.95666037,-1.427514160309,12.683
309,1,0,accepted,0.0557077453702568,0.128188684619817,484246.024110883,4977242.51294657,-1.42873149552901,12.747
310,1,0,accepted,0.0507781284156059,0.210363878343492,484246.268758003,4977241.09920958,-1.43053540653122,13.471
311,1,0,accepted,0.0859541339174007,0.147598944594878,484246.469705227,4977239.63494271,-1.43439369597014,13.113
312,1,0,accepted,0.0912195486108672,0.176206114365825,484246.69415776,4977238.19288216,-1.4363050165712,12.238
313,1,0,accepted,0.0998543036771162,0.1097650937108,484246.905864194,4977236.78650524,-1.43925587834829,13.422
314,1,0,accepted,0.118549093599213,0.178218773139566,484247.114834709,4977235.3476142,-1.44091529742572,11.661
315,1,0,accepted,0.144298085444777,0.0410240593320397,484247.31021041,4977233.92676616,-1.44569204022076,11.84
316,1,0,accepted,0.144215259513329,0.094101370501786,484247.521114626,4977232.54607609,-1.44798643025179,14.719
317,0,0,notConverged,0.184646415137637,0.101176814426139,484247.701460788,4977231.11363543,-1.45033157507426,31.225
318,1,0,accepted,0.0726743676228895,-0.763643136689776,484248.140211893,4977229.78880284,-1.46755835496517,19.103
319,1,0,accepted,0.0265123878296876,-0.70809526308063,484248.307668178,4977228.34134894,-1.46873768336155,15.415
320,1,0,accepted,0.0163535710741853,-0.693712958607875,484248.483579364,4977226.88939535,-1.4702962108344,12.85
321,1,0,accepted,0.0589335488609567,-0.704610664579246,484248.655236388,4977225.4375462,-1.47269451460997,17.954
322,1,0,accepted,0.0645044423392525,-0.610348537340683,484248.864852697,4977224.00375959,-1.47329610172214,17.531
323,1,0,accepted,0.079274487528157,-0.59852212346759,484249.059496294,4977222.56260714,-1.47532109175597,16.179
324,1,0,accepted,0.0953282497909008,-0.311964237883454,484249.216260632,4977221.14320335,-1.47257755835827,14.7
325,1,0,accepted,0.133048272365975,-0.320028754762167,484249.384483306,4977219.66867055,-1.47488615783104,13.531
326,1,0,accepted,0.162426079783186,-0.50447862280528,484249.559837937,4977218.22302707,-1.47990293680139,15.784
327,1,0,accepted,0.199896795234809,-0.320815409529172,484249.710594298,4977216.80253668,-1.47838478880762,14.027
328,1,0,accepted,0.21385347512271,-0.21327879634654,484249.859293476,4977215.35970594,-1.478577092876,15.748
329,1,0,accepted,0.187904951757181,-0.138045518353567,484250.038775176,4977213.95408949,-1.47808663176221,14.44
330,1,0,accepted,0.195086565631977,-0.0439238378383301,484250.198616978,4977212.53094059,-1.47875276533256,13.499
331,1,0,accepted,0.178715029093996,0.012303390015336,484250.376403559,4977211.12308686,-1.47926212077538,19.66
332,1,0,accepted,0.158474114565193,0.0478291115546861,484250.590655499,4977209.66518505,-1.47877588438223,17.743
333,1,0,accepted,0.16457484527903,0.150347191140104,484250.757280779,4977208.23336352,-1.47938128097957,15.526
334,1,0,accepted,0.172104170984659,0.160829504979629,484250.970776637,4977206.77100563,-1.48080612922877,16.409
335,1,0,accepted,0.173851011210767,0.0581812036082379,484251.154307383,4977205.33480944,-1.48347177785885,18.171
336,1,0,accepted,0.102067965282789,-0.218641024202247,484251.329975523,4977203.97124471,-1.48978006076234,17.489
337,1,0,accepted,0.0911482907556545,-0.0660918831056218,484251.41714825,4977202.59719626,-1.48890185657094,14.822
338,1,0,accepted,0.0619215240883771,-0.15804247527373,484251.59498279,4977201.19665448,-1.49138740264235,13.21
339,1,0,accepted,0.0952754174093047,0.017864426244428,484251.717191838,4977199.76604677,-1.49040598768131,11.722
340,1,0,accepted,0.126040554522518,0.170550139523404,484251.847332483,4977198.30437024,-1.48954478356265,12.782
341,1,0,accepted,0.0639567912061816,0.0200477080217447,484252.053512219,4977196.95251309,-1.49383583436219,15.732
342,1,0,accepted,0.07672445805749,0.226238563455359,484252.187408837,4977195.4884188,-1.49164589919742,14.203
343,1,0,accepted,0.0622648153329026,0.237995420642576,484252.349912724,4977194.05236936,-1.4928577438699,13.936
344,1,0,accepted,0.072847248686206,0.265767155852206,484252.508399968,4977192.58420774,-1.49341560229126,16.031
345,1,0,accepted,0.0836257313983649,0.271332228447076,484252.648538888,4977191.13740955,-1.49441121617921,13.124
346,1,0,accepted,0.0753800505933324,0.31695111039588,484252.788722234,4977189.73263837,-1.4947269778422,15.653
347,1,0,accepted,0.00811206015740509,0.183451576309252,484252.966889299,4977188.38131304,-1.49760941276687,14.399
348,1,0,accepted,0.0227868556511275,0.173833734199821,484253.104512347,4977186.96652376,-1.49868700804265,14.319
349,1,0,accepted,0.0905879568550982,0.0891460401204727,484253.277580863,4977185.61128202,-1.50067516469736,13.235
350,1,0,accepted,0.0932626523985796,0.0797557078800823,484253.396572705,4977184.19894947,-1.50124779734449,16.229
351,1,0,accepted,0.0718378823805942,0.129891298172771,484253.500992612,4977182.75016805,-1.5003010799129,15.08
352,1,0,accepted,0.0563038093535185,0.136179908857695,484253.616932324,4977181.33200405,-1.50007306502279,14.057
353,1,0,accepted,0.0494102424730539,0.183691970742327,484253.739874245,4977179.90847227,-1.49938879887224,14.081
354,1,0,accepted,0.0501612993374482,0.11235073910363,484253.859410032,4977178.47230901,-1.50057225800331,13.146
355,1,0,accepted,0.0734093366311251,0.162551978873615,484253.971971604,4977177.06325908,-1.49975148206222,14.19
356,1,0,accepted,0.0848576513049963,0.138865573080047,484254.090268491,4977175.64361806,-1.50026764715935,12.49
357,1,0,accepted,0.0975497750714384,0.216074915331892,484254.206027613,4977174.21305321,-1.49903730664537,13.347
358,1,0,accepted,0.0912939743979346,0.244590713687672,484254.329962196,4977172.77224023,-1.49864753547501,11.611
359,1,0,accepted,0.0925286922557989,0.231328886479132,484254.447813536,4977171.34702517,-1.49865193517632,11.739
360,1,0,accepted,0.106443446399604,0.219349467257573,484254.562461749,4977169.90614307,-1.49871461957179,12.899
361,1,0,accepted,0.103728327465791,0.140060777431097,484254.683253861,4977168.48808683,-1.49980219766711,13.436
362,1,0,accepted,0.126321009081255,0.0660668727014196,484254.800515743,4977167.03860589,-1.50073275010105,12.647
363,1,0,accepted,0.154234531363661,0.0165912741392266,484254.907944263,4977165.58744988,-1.50132618541918,11.326
364,1,0,accepted,0.167266390676638,-0.131446356900025,484255.027591564,4977164.16543788,-1.50374123804227,12.708
365,1,0,accepted,0.202038641984306,0.0307088953650079,484255.131532335,4977162.72114173,-1.50035129534177,14.99
366,1,0,accepted,0.215467755548172,0.054033802426265,484255.247737398,4977161.2904201,-1.49936396719868,13.574
367,1,0,accepted,0.226211552526603,0.0868190314605828,484255.359361649,4977159.86591496,-1.49810835191017,13.096
368,1,0,accepted,0.233878893388017,0.133896193311521,484255.468771849,4977158.42882004,-1.49664936034074,13.116
369,1,0,accepted,0.235642294206085,0.153724463988193,484255.587563564,4977156.9967712,-1.49560198750916,14.095
370,1,0,accepted,0.235377854796412,0.0879533457889809,484255.688240864,4977155.60131482,-1.49600419740969,11.954
371,1,0,accepted,0.243353349358511,0.16603265971546,484255.808144848,4977154.17112855,-1.49390417677244,11.339
372,1,0,accepted,0.257682106655998,0.257671560867548,484255.921139483,4977152.780544,-1.49164447859943,12.286
373,1,0,accepted,0.302153358487802,0.377343055351287,484256.010250062,4977151.37709115,-1.4875903770761,10.022
374,1,0,accepted,0.179974950616559,0.201469727767087,484256.278620743,4977150.04169106,-1.48938641087884,15.114
375,1,0,accepted,0.156190214697093,0.0602364953810739,484256.492176219,4977148.66765532,-1.48987807981074,14.79
376,1,0,accepted,0.139946528062999,-0.182567667146305,484256.691509615,4977147.23278792,-1.49208423210283,13.451
377,1,0,accepted,0.131194191668867,-0.328760216492342,484256.877275838,4977145.80452494,-1.49328849570577,9.552
378,1,0,accepted,0.0260717883159184,-0.632032379797775,484257.057085541,4977144.28470385,-1.49672904134163,12.978
379,1,0,accepted,0.0336973604209331,-0.54429819006822,484257.169845155,4977142.83390262,-1.49378457575861,13.558
380,1,0,accepted,0.0563696977612509,-0.342823490062839,484257.312626847,4977141.38801225,-1.48857614393823,12.103
381,1,0,accepted,0.083833210509684,-0.27226046444415,484257.459658413,4977139.92605695,-1.48590927141482,13.391
382,1,0,accepted,0.0954693787658784,-0.226501498199788,484257.608999615,4977138.51116195,-1.48361447937365,12.537
383,1,0,accepted,0.079728953477995,-0.0744719145435405,484257.769264777,4977137.12086749,-1.47950799584783,15.267
384,1,0,accepted,0.031918650669001,0.142591445271047,484257.979787031,4977135.7166731,-1.4747865509329,13.583
385,1,0,accepted,0.0138752089997102,0.0833859583425701,484258.161637653,4977134.33537599,-1.47451964853069,13.115
386,1,0,accepted,0.00762631556965803,-0.0499188613181544,484258.346663869,4977132.92337607,-1.47497558290136,12.541
387,1,0,accepted,0.0664636927158936,-0.109641567431538,484258.543490449,4977131.56450994,-1.4749274256265,11.777
388,1,0,accepted,0.0576512260655236,-0.123369563306023,484258.696480323,4977130.15839105,-1.47378774223054,12.299
389,1,0,accepted,0.0437430925981816,-0.107433446255862,484258.852288549,4977128.7340398,-1.47191710806762,12.224
390,1,0,accepted,0.0776722433462715,-0.0017576097779036,484259.006717753,4977127.36429127,-1.46857126772886,11.54
391,1,0,accepted,0.0725134756106847,0.0203405768779089,484259.155625863,4977125.94653009,-1.46667320311433,12.616
392,1,0,accepted,0.0778875727255255,0.0900783692369897,484259.314315841,4977124.54918251,-1.46450003532326,11.144
393,1,0,accepted,0.0818148503442189,0.055360266683424,484259.471735583,4977123.14131275,-1.46358018393406,11.158
394,1,0,accepted,0.0916210801954612,0.0771350012353806,484259.630482155,4977121.72244397,-1.46185996032488,10.917
395,1,0,accepted,0.100108324837105,0.0852696903584157,484259.798944911,4977120.28849299,-1.46058785778465,11.605
396,1,0,accepted,0.100551290641574,0.091171043943186,484259.979616019,4977118.89175039,-1.45949669169941,14.395
397,1,0,accepted,0.108189794104357,0.0881370030871551,484260.160003887,4977117.46935595,-1.45843325178676,13.15
398,1,0,accepted,0.113379410227319,0.116414612749557,484260.344185152,4977116.07948382,-1.45650029433486,12.21
399,1,0,accepted,0.0888455863069327,0.158617863130945,484260.542291466,4977114.71380703,-1.45476828561791,15.35
400,1,0,accepted,0.0965771778274731,0.191478799226121,484260.724489176,4977113.32010874,-1.45298277293074,13.81
401,1,0,accepted,0.128506645341075,0.34992006938906,484260.892189363,4977111.90484743,-1.44857303633653,13.071
402,1,0,accepted,0.124764353238006,0.508451804750957,484261.075770505,4977110.55091548,-1.44418384186863,14.151
403,1,0,accepted,0.122657735190279,0.42146313957346,484261.272687414,4977109.16832534,-1.44424807822818,13.509
404,1,0,accepted,0.122919117832469,0.423602896267453,484261.46543962,4977107.78670635,-1.44221789366674,13.959
405,1,0,accepted,0.115361840071192,0.342931975693115,484261.663022547,4977106.44693565,-1.44149903830116,15.17
406,1,0,accepted,0.109723113695775,0.290173381204724,484261.864342597,4977105.09064281,-1.44016157774113,13.793
407,1,0,accepted,0.0944364984358442,0.161171953043747,484262.090994061,4977103.77989739,-1.44015425086117,13.01
408,1,0,accepted,0.0773768969878922,0.0498089662356309,484262.29405855,4977102.38650592,-1.43983406227887,12.742
409,1,0,accepted,0.0909739314917255,0.155846057590777,484262.482652803,4977100.9852983,-1.43586344214638,14.079
410,1,0,accepted,0.10023552807465,0.20467612519072,484262.69039756,4977099.59760724,-1.43273141330123,14.215
411,1,0,accepted,0.0947105365565691,0.313305529919501,484262.893832766,4977098.27430071,-1.42858175254125,13.636
412,1,0,accepted,0.0953741541439987,0.297033443351873,484263.110104771,4977096.92366203,-1.42730830102295,12.591
413,1,0,accepted,0.0984857493641025,0.36651852669899,484263.327389617,4977095.56440831,-1.42427581613592,13.953
414,1,0,accepted,0.100591986800293,0.356798572044999,484263.548533386,4977094.21921278,-1.42214833734858,14.09
415,1,0,accepted,0.10358208685631,0.407696653656453,484263.769147064,4977092.8723943,-1.41956006921444,14.248
416,1,0,accepted,0.120755799856973,0.33237045332442,484263.980054208,4977091.52643856,-1.41868593842303,13.1
417,1,0,accepted,0.128729921247524,0.288231425763321,484264.193210346,4977090.18488802,-1.41729726529695,13.492
418,1,0,accepted,0.132111788685393,0.322227657172844,484264.409174506,4977088.87589856,-1.41504652945897,14.121
419,1,0,accepted,0.136099300458112,0.357378196779637,484264.635384905,4977087.54824243,-1.412025710946,13.612
420,1,0,accepted,0.163304760041581,0.374211335671504,484264.852054124,4977086.20113706,-1.40976994595816,13.13
421,1,0,accepted,0.173281080844464,0.516926175954851,484265.090040794,4977084.86417331,-1.40543930691523,14.96
422,1,0,accepted,0.1642116970752,0.509553043312801,484265.33145798,4977083.54353208,-1.4039465850951,12.515
423,1,0,accepted,0.165584606526712,0.455823373511258,484265.570510825,4977082.21748629,-1.40329839896258,12.468
424,1,0,accepted,0.175016356520345,0.301347212133801,484265.797912723,4977080.91243189,-1.40425881705102,13.873
425,1,0,accepted,0.144532178056942,-0.316809655246536,484266.230894418,4977079.62689182,-1.41349476296519,20.586
426,1,0,accepted,0.147578800542008,-0.244301808785344,484266.467440382,4977078.30544943,-1.41001628810358,13.386
427,1,0,accepted,0.141577784075798,-0.175655925492008,484266.703963695,4977076.98872308,-1.40773035004513,12.464
428,1,0,accepted,0.147238032596903,0.0849754617357131,484266.944348546,4977075.66176858,-1.40157872855503,13.237
429,1,0,accepted,0.135445700498399,0.134936309590059,484267.168056658,4977074.35460733,-1.39944373432853,13.075
430,1,0,accepted,0.0506253431868042,0.00899892974345345,484267.433290315,4977073.15603844,-1.3998589517706,15.313
431,1,0,accepted,0.0552161258245437,-0.0642911085683273,484267.66642026,4977071.89848572,-1.39925554133079,14.411
432,1,0,accepted,0.0537559505253275,-0.0869599540931681,484267.911019037,4977070.59479491,-1.39789027637481,13.768
433,1,0,accepted,0.031014722169998,-0.0500766784840716,484268.152471843,4977069.26372037,-1.39590629400711,14.484
434,1,0,accepted,0.0103763027925869,0.00534811352717848,484268.390012676,4977067.93174968,-1.39311519929108,13.482
435,1,0,accepted,0.0385733384002616,0.161322801355804,484268.645845592,4977066.57816484,-1.38894523537855,15.267
436,1,0,accepted,0.058681465597267,0.15271068924791,484268.89940851,4977065.24675658,-1.38714073458148,14.708
437,1,0,accepted,0.0782232845978293,0.211753482266397,484269.166026501,4977063.92434829,-1.38438020045893,14.977
438,1,0,accepted,0.0819628595843115,0.200768802729557,484269.428818916,4977062.61063076,-1.38229983503257,14.208
439,1,0,accepted,0.0862848662147783,0.259168112494033,484269.681179872,4977061.29765322,-1.37935561048891,12.925
440,1,0,accepted,0.0891322150732592,0.198002381675353,484269.914306949,4977060.03621664,-1.3781932603743,15.114
441,1,0,accepted,0.113181120788343,0.177682607566039,484270.180192098,4977058.69596732,-1.37622136979231,13.083
442,1,0,accepted,0.103222700686097,0.132224363628002,484270.465841082,4977057.39561637,-1.37499180684937,12.353
443,1,0,accepted,0.13027761394043,0.157781173759943,484270.71193378,4977056.09085737,-1.37211638554968,12.487
444,1,0,accepted,0.117594050738678,0.165356919760116,484271.006870509,4977054.80166538,-1.37003156596926,12.15
445,1,0,accepted,0.124038128239928,0.190406682787742,484271.286395797,4977053.49620761,-1.36723042726528,13.862
446,1,0,accepted,0.120147952944799,0.216071041015744,484271.578519317,4977052.19444127,-1.36383140253334,11.682
447,1,0,accepted,0.137095925741848,0.197193269547081,484271.855198824,4977050.88639597,-1.36154208993361,11.648
448,1,0,accepted,0.145756293432901,0.22965266045514,484272.141011273,4977049.58231436,-1.35805301770836,13.293
449,1,0,accepted,0.141117056758073,0.343735242087133,484272.441879686,4977048.29321626,-1.35292632999868,13.124
450,1,0,accepted,0.0422444265458922,-0.408107280325205,484272.904745897,4977047.08666108,-1.36276903981672,16.497
451,1,0,accepted,0.0630569896169674,-0.59706591825934,484273.209705524,4977045.82843591,-1.36282334776497,13.122
452,1,0,accepted,0.0598443333964527,-0.655020344931206,484273.490516863,4977044.55255832,-1.36080558356645,13.303
453,1,0,accepted,0.0642269283930076,-0.421700723558128,484273.789581574,4977043.2813465,-1.35317777834559,14.63
454,1,0,accepted,0.055696999129139,-0.166351483787011,484274.10053789,4977041.99921495,-1.34540967359587,14.409
455,1,0,accepted,0.0332088362640587,-0.0166551911174608,484274.409910297,4977040.70563763,-1.33883176152262,13.515
456,1,0,accepted,0.0318068124495247,-0.0529029916373293,484274.717082166,4977039.41343975,-1.33532112832422,13.388
457,1,0,accepted,0.0261827970861782,0.180210680168277,484275.042918707,4977038.1607939,-1.32738291214256,13.611
458,1,0,accepted,0.0197071109726243,0.320137077709539,484275.377729309,4977036.90652138,-1.32072783952705,13.04
459,1,0,accepted,0.0105555265402481,0.450269402621028,484275.721043984,4977035.66076263,-1.31465180585509,12.536
460,1,0,accepted,0.0211350171964121,0.411353566570926,484276.04867556,4977034.43130551,-1.31112275510146,12.37
461,1,0,accepted,0.0280000439538301,0.333037266253994,484276.387993744,4977033.17437626,-1.30827108544499,12.194
462,1,0,accepted,0.0350662288631543,0.273484138583071,484276.723418407,4977031.95844735,-1.30507556823402,13.395
463,1,0,accepted,0.05092655768407,0.20487641628314,484277.068881258,4977030.73987473,-1.30177205224459,12.576
464,1,0,accepted,0.191111738389372,0.16583833407766,484277.405670039,4977029.69944718,-1.29792828742649,13.03
465,1,0,accepted,0.180834839456203,0.265459320719442,484277.75547753,4977028.47159351,-1.29222076951963,13.176
466,1,0,accepted,0.172924954334587,0.346610500043712,484278.106977497,4977027.24858314,-1.28681048855694,12.807
467,1,0,accepted,0.138626632339466,0.368387060144974,484278.461896727,4977026.00179654,-1.28198112348667,12.756
468,1,0,accepted,0.1423545463761,0.437283995275944,484278.814212001,4977024.7858829,-1.27671299995161,13.546
469,1,0,accepted,0.112966320286725,0.297498118696417,484279.202320982,4977023.55105946,-1.27475602962267,13.297
470,1,0,accepted,0.114215141933372,0.348006177275614,484279.571007252,4977022.37308848,-1.26964410089816,13.591
471,1,0,accepted,0.111708428615134,0.37801457671512,484279.961914852,4977021.19687336,-1.26480597683081,14.762
472,1,0,accepted,0.112027097737852,0.375748587755903,484280.347476025,4977020.01168507,-1.2605672754197,14.003
473,1,0,accepted,0.107684594588109,0.432708381738818,484280.732303733,4977018.82231638,-1.25524679375874,13.594
474,1,0,accepted,0.10695076043525,0.423141187809911,484281.144513301,4977017.6580603,-1.25149618486043,12.538
475,1,0,accepted,0.0736817854936574,0.338601609610078,484281.560442461,4977016.4493492,-1.24893695626295,13.153
476,1,0,accepted,0.0525703255149748,0.239227184150307,484281.974964082,4977015.23913758,-1.24644206127427,13.234
477,1,0,accepted,0.0679014435839942,0.407432110600467,484282.368122704,4977014.05873886,-1.23965425396763,12.639
478,1,0,accepted,0.0596121773614217,0.0206452804499173,484282.833095026,4977012.86692166,-1.2426600031708,12.427
479,1,0,accepted,0.0958616663290874,0.482640414408911,484283.240967556,4977011.6760498,-1.23058394852757,14.942
480,1,0,accepted,0.1104681923484,0.437599227471561,484283.666846074,4977010.50702617,-1.2273205647209,13.277
481,1,0,accepted,0.114460585897872,0.378552051498627,484284.106946487,4977009.34168847,-1.22454201251103,13.423
482,1,0,accepted,0.117151825815017,0.358483199429567,484284.514655454,4977008.19036761,-1.22111383178797,13.075
483,1,0,accepted,0.127415135502113,0.305203877829639,484284.938884477,4977007.05285399,-1.21821820594247,13.767
484,1,0,accepted,0.131902254616854,0.266387425923914,484285.369528982,4977005.90440197,-1.21489508934692,13.726
485,1,0,accepted,0.14143076533176,0.274217148665516,484285.801062604,4977004.76101244,-1.21082624451471,14.575
486,1,0,accepted,0.150594580366664,0.251148963552674,484286.242634014,4977003.61493854,-1.20692964316038,13.531
487,1,0,accepted,0.0885181408831894,0.232612195094228,484286.711621452,4977002.53955744,-1.20402369494942,15.266
488,1,0,accepted,0.0883676242797903,0.2836850468191,484287.157416667,4977001.41035642,-1.1989943305781,15.972
489,1,0,accepted,0.0747529383536233,0.291369393075289,484287.623355967,4977000.28145742,-1.19435164827659,14.726
490,1,0,accepted,0.037650956817935,0.281745668973546,484288.0856996,4976999.22421876,-1.19208115944135,16.307
491,1,0,accepted,0.0332125198207317,0.0292026508072088,484288.559322744,4976998.11522974,-1.19280102706934,16.917
492,1,0,accepted,0.157650326350171,-0.537256928772824,484289.177873695,4976997.08463554,-1.19884825327724,16.486
493,1,0,accepted,0.13934912232226,-0.397282537094064,484289.613764365,4976995.972125,-1.19264593869802,15.052
494,1,0,accepted,0.12771411245961,-0.435470103480618,484290.075826625,4976994.84628803,-1.18983063924052,12.598
495,1,0,accepted,0.100535728961956,-0.502113073323811,484290.530802533,4976993.71444299,-1.18703411828843,12.076
496,1,0,accepted,0.0794458186228675,-0.32424942236882,484290.99153396,4976992.59139097,-1.1807952054836,16.001
497,1,0,accepted,0.056814108609166,-0.240590931447463,484291.472755713,4976991.45678215,-1.17601991255963,14.418
498,1,0,accepted,0.0413835626595284,-0.0206674327367818,484291.939228763,4976990.33129772,-1.16889975631008,12.063
499,1,0,accepted,0.0506708992825851,0.257195162067161,484292.406859673,4976989.19908571,-1.16031074108014,13.186
500,1,0,accepted,0.0325103940054036,0.0365149537577588,484292.92285579,4976988.08452585,-1.16058760696936,12.995
501,1,0,accepted,0.0339785475739964,0.110604403285303,484293.424659196,4976986.95419964,-1.15581765249721,14.117
502,1,0,accepted,0.0461996613193857,0.121596463596816,484293.952047585,4976985.80390147,-1.15236421076736,12.65
503,1,0,accepted,0.080922688564478,0.0971105915578702,484294.466583694,4976984.67958933,-1.1498758869446,13.395
504,1,0,accepted,0.122279411388455,0.163891224682417,484295.027376379,4976983.54901248,-1.14377945344836,15.764
505,1,0,accepted,0.143783119679566,0.0489540045882894,484295.556755587,4976982.42872846,-1.14284716133048,16.024
506,1,0,accepted,0.151209775277293,0.248928795066976,484296.091675029,4976981.32587231,-1.13612355755621,14.9
507,1,0,accepted,0.114907284376427,0.431372927461517,484296.580644148,4976980.25036191,-1.13051415717988,14.787
508,1,0,accepted,0.0972993929711489,0.563210903670721,484297.090827084,4976979.17185002,-1.12589012888915,16.07
509,1,0,accepted,0.0576608974581461,0.485523905049788,484297.576939483,4976978.1300757,-1.12504245447013,15.787
510,1,0,accepted,0.0876892481228695,0.530751910193402,484298.061808564,4976977.08447552,-1.12237075063071,17.648
511,1,0,accepted,0.113986069467415,0.563460871303256,484298.576643796,4976975.97811215,-1.11969061930002,14.501
512,1,0,accepted,0.138669121926155,0.61656304986897,484299.091736219,4976974.90304432,-1.11718608596,14.876
513,1,0,accepted,0.145707264079637,0.576031502333265,484299.625229814,4976973.80949986,-1.11649092001859,13.694
514,1,0,accepted,0.143912162992879,0.598778783696807,484300.170635834,4976972.7046102,-1.11503287116375,14.029
515,1,0,accepted,0.136788072674754,0.550134986399977,484300.733806585,4976971.58028275,-1.11508082544222,14.082
516,1,0,accepted,0.119248544636501,0.507255163123937,484301.29040614,4976970.48623663,-1.11562875865281,14.675
517,1,0,accepted,0.0508354682284937,0.28615667722435,484301.915786868,4976969.41821522,-1.11955901398729,17.755
518,1,0,accepted,0.0176587710129684,0.122157084805582,484302.497899595,4976968.27839903,-1.12224348205462,16.629
519,1,0,accepted,0.0285964927201409,0.0230578285014295,484303.058134702,4976967.15854807,-1.12388162461416,15.191
520,1,0,accepted,0.0127975337709694,-0.042774912543159,484303.618966727,4976966.07570415,-1.12513164962353,16.206
521,1,0,accepted,0.0259107583189135,-0.150734351853663,484304.176384209,4976964.97106655,-1.12753630652013,13.254
522,1,0,accepted,0.0234066996304254,-0.178130210718909,484304.731056571,4976963.8865965,-1.12932730741476,15.12
523,1,0,accepted,0.0195645178370365,-0.247289414110436,484305.275389816,4976962.7884767,-1.13136674396134,13.95
524,1,0,accepted,0.0168149351935223,-0.255782509377534,484305.813035683,4976961.68696174,-1.13289899672364,13.531
525,1,0,accepted,0.0664322447353739,-0.386499740968583,484306.356698798,4976960.63497533,-1.13682235709683,12.844
526,1,0,accepted,0.0504139244882692,-0.458543596215673,484306.88300343,4976959.51423504,-1.13858213937378,12.418
527,1,0,accepted,0.0386021908520687,-0.449944075745538,484307.410960022,4976958.38582782,-1.14054179090133,12.48
528,1,0,accepted,0.0412898011331733,-0.488259267285845,484307.946968267,4976957.25417171,-1.14278333596399,12.101
529,1,0,accepted,0.0519300453033337,-0.488880563350042,484308.473011532,4976956.13010435,-1.14503735339814,11.969
530,1,0,accepted,0.0722484637268717,-0.392002034038873,484309.005187524,4976954.99325228,-1.14620651236187,11.986
531,1,0,accepted,0.0941073428988014,-0.2627281925386,484309.528359535,4976953.8634663,-1.1469719310331,12.377
532,1,0,accepted,0.116860778726843,-0.203529067175628,484310.061373477,4976952.72610364,-1.14917213276157,12.891
533,1,0,accepted,0.139581477525359,-0.153849919395239,484310.598527577,4976951.57898218,-1.15214811579361,12.709
534,1,0,accepted,0.136804097400512,0.062022418529434,484311.130166667,4976950.46836393,-1.15244150744278,13.512
535,1,0,accepted,0.132660927856842,0.0441303354601426,484311.652943043,4976949.35473497,-1.15639349296074,12.666
536,1,0,accepted,0.135808026123049,0.0503939159550156,484312.161431655,4976948.2370233,-1.15978752689982,13.081
537,1,0,accepted,0.122535262319585,0.120036409202832,484312.667913147,4976947.13372813,-1.16247483738718,13.025
538,1,0,accepted,0.133280755138378,0.0236557033613969,484313.164736928,4976946.00452053,-1.16732876296835,12.234
539,1,0,accepted,0.139569413336853,0.0779832620522579,484313.658298728,4976944.87098826,-1.1701356271651,11.626
540,1,0,accepted,0.127500161388631,0.209674793667596,484314.1465038,4976943.7682501,-1.17202323863533,12.301
541,1,0,accepted,0.124470499996376,0.282335860533296,484314.640117869,4976942.64375331,-1.17445253987847,12.953
542,1,0,accepted,0.132700716385998,0.303987170952176,484315.11349861,4976941.52939386,-1.17796410058506,11.788
543,1,0,accepted,0.140148867227989,0.263575125922801,484315.581483795,4976940.39908799,-1.18216157163583,12.457
544,1,0,accepted,0.132713062420488,0.262713443866391,484316.060184629,4976939.29556532,-1.18564591843501,11.827
545,1,0,accepted,0.140817026688774,0.308496365476407,484316.52840734,4976938.17028075,-1.18830024329154,12.69
546,1,0,accepted,0.178263756945701,0.39783532769376,484316.96333528,4976937.09575706,-1.19046860295183,13.386
547,1,0,accepted,0.211564533037352,0.544437085503212,484317.399608153,4976935.95927992,-1.19150140227438,14.036
548,1,0,accepted,0.117671846747722,0.0294720248178396,484317.959380547,4976934.8199775,-1.20409017563692,15.3
549,1,0,accepted,0.065085473457822,-0.345450662102457,484318.481041982,4976933.66075379,-1.21437399444422,14.127
550,1,0,accepted,0.0784763616374612,-0.333448175773011,484318.911843918,4976932.52501489,-1.21774449106621,12.619
551,1,0,accepted,0.111345396336355,-0.180948554976383,484319.330702512,4976931.37425586,-1.21923841054742,13.873
552,1,0,accepted,0.170604168167224,0.337574347618996,484319.721708502,4976930.22601635,-1.21389337900414,13.971
553,1,0,accepted,0.167467621939125,0.383384103965372,484320.170126229,4976929.05102075,-1.21679789434978,12.67
554,1,0,accepted,0.108026202589119,0.377014727975433,484320.677850987,4976927.94961623,-1.22069745796312,13.151
555,1,0,accepted,0.0870706593882995,0.31762181468435,484321.142224568,4976926.80628761,-1.22529680724037,13.216
556,1,0,accepted,0.0576774617747548,0.208057227138576,484321.591058972,4976925.65324912,-1.23059181843264,15.187
557,1,0,accepted,0.0259423367837424,0.129711795285772,484322.044099492,4976924.46070431,-1.23577017115606,13.479
558,1,0,accepted,0.0376237856144709,0.148223317091696,484322.48074738,4976923.27521939,-1.23917324611725,13.124
559,1,0,accepted,0.0652031020759847,0.173541783279981,484322.903280663,4976922.0750236,-1.24217108400312,12.711
560,1,0,accepted,0.0661125052109662,0.225323520531224,484323.318706675,4976920.91194878,-1.24516518483728,12.703
561,1,0,accepted,0.0620285733197706,0.24227314040059,484323.723005468,4976919.76011137,-1.24832544809124,11.758
562,1,0,accepted,0.0543448591705173,0.210639621445101,484324.129137169,4976918.59842796,-1.25224836650868,12.804
563,1,0,accepted,0.0484307252216598,0.1692530686617,484324.526010977,4976917.45337641,-1.25682970976549,13.12
564,1,0,accepted,0.0593322499344335,0.108115283834514,484324.925228011,4976916.27249206,-1.26112230723949,11.592
565,1,0,accepted,0.0743395538555422,0.0603152383551774,484325.32007164,4976915.09457413,-1.26530865929743,11.826
566,1,0,accepted,0.0710422457530446,0.033201138971267,484325.707736261,4976913.93119967,-1.26886880289236,12.096
567,1,0,accepted,0.0727651175620084,0.0271021927140086,484326.085802969,4976912.76005162,-1.27238527662718,11.94
568,1,0,accepted,0.0347442496288659,-0.153743036607428,484326.52050871,4976911.62974501,-1.2787534219052,15.662
569,1,0,accepted,0.0442682428278921,-0.290409322839655,484326.927250149,4976910.48670164,-1.28438328688661,15.106
570,1,0,accepted,0.0775941794420351,-0.500752967103123,484327.334644479,4976909.34031082,-1.29104231829375,13.991
571,1,0,accepted,0.0677719617678628,-0.506458930606467,484327.694214099,4976908.17711894,-1.29416549651355,11.214
572,1,0,accepted,0.105693188466646,-0.779176744036331,484328.097565702,4976907.01374583,-1.30192906262609,12.441
573,1,0,accepted,0.103296941085752,-0.782501639712704,484328.460219211,4976905.84001505,-1.30487117654069,11.668
574,1,0,accepted,0.0918258973537004,-0.628843618492436,484328.809708833,4976904.65876879,-1.30492941535538,14.753
575,1,0,accepted,0.0827071715027962,-0.547707900129399,484329.149186335,4976903.49437554,-1.30624027401506,14.675
576,1,0,accepted,0.086565768662053,-0.448366619422133,484329.477672706,4976902.34447418,-1.30707210945982,12.447
577,1,0,accepted,0.0613451081583796,-0.461937898371877,484329.80256056,4976901.14868765,-1.30986834799613,11.848
578,1,0,accepted,0.0620578838120445,-0.428767873135434,484330.127629869,4976899.97183101,-1.31129790930691,11.371
579,1,0,accepted,0.0654297310440895,-0.344939253840722,484330.441086505,4976898.77714075,-1.31214907650449,11.994
580,1,0,accepted,0.0698819731857408,-0.28944053473005,484330.833954131,4976897.62761668,-1.31282048641156,12.72
581,1,0,accepted,0.0738793485663531,-0.348077162314107,484331.18529719,4976896.44945731,-1.3153534377425,11.219
582,1,0,accepted,0.0867224440246734,-0.409691525883152,484331.541321759,4976895.27039416,-1.31790044397505,11.696
583,1,0,accepted,0.0822720571197936,-0.345884726492416,484331.865093823,4976894.11143544,-1.31885496115225,11.592
584,1,0,accepted,0.0892515477119173,-0.274102493205721,484332.187192362,4976892.9394965,-1.31912101414576,12.351
585,1,0,accepted,0.0810904236543351,-0.216736016134642,484332.504541273,4976891.75437495,-1.31979168080801,13.664
586,1,0,accepted,0.026802306529499,-0.33067964996484,484332.822759154,4976890.51208041,-1.32328506441395,14.46
587,1,0,accepted,0.0375955969709651,-0.367537432666409,484333.135433763,4976889.30113431,-1.32532181562958,16.97
588,1,0,accepted,0.0651456960308475,-0.321082008560688,484333.445209447,4976888.10096557,-1.32599148517982,13.155
589,1,0,accepted,0.144526975024003,-0.32579428399472,484333.741195101,4976886.84930213,-1.32739943853649,14.474
590,1,0,accepted,0.109699787494047,-0.326676430656497,484334.072125375,4976885.71499185,-1.32893159367629,10.568
591,1,0,accepted,0.122914659115364,-0.273040389504638,484334.377131222,4976884.54006998,-1.32944721133441,9.35
592,1,0,accepted,0.144620766355103,-0.277145501013585,484334.675828735,4976883.35844312,-1.33097636770117,9.384
593,1,0,accepted,0.166410420445625,-0.268043224178413,484334.973714809,4976882.17888458,-1.33215689021565,9.58
594,1,0,accepted,0.172226374642258,-0.226799104215811,484335.279433065,4976881.01587109,-1.33298640348026,9.175
595,1,0,accepted,0.182228075531804,-0.194611369263393,484335.583697185,4976879.84069839,-1.33396054461096,9.297
596,1,0,accepted,0.188129140601924,-0.186803728011861,484335.889488835,4976878.67975155,-1.33539046111088,8.903
597,0,1,acceptedDirectional,0.141077233110041,-0.328066305086709,484336.254489459,4976877.52772341,-1.33935246016878,10.179
598,0,1,acceptedDirectional,0.177611193307852,-0.261100931603468,484336.5428926,4976876.36782865,-1.33915820863022,9.051
599,1,0,accepted,0.224550286444009,0.691606716795283,484336.905877055,4976875.51625588,-1.32380809075419,11.896
600,1,0,accepted,0.230226570024766,0.912797304923427,484337.234384396,4976874.37705597,-1.32163501205226,10.011
601,1,0,accepted,0.217192121109795,0.81122340933487,484337.586895378,4976873.23181836,-1.32495388350294,8.942
602,1,0,accepted,0.20559528743529,0.644338299463321,484337.941448063,4976872.09460254,-1.32953019828267,9.149
603,1,0,accepted,0.176122888795669,0.492588789372438,484338.253850321,4976870.93287934,-1.33401888203206,8.33
604,1,0,accepted,0.162931551814903,0.531115786125754,484338.524533567,4976869.7777855,-1.33544937652145,9.319
605,1,0,accepted,0.148248392446129,0.413936932359317,484338.819643224,4976868.62614992,-1.3392320322252,8.851
606,1,0,accepted,0.145550875192033,0.41723083224666,484339.094334029,4976867.46902061,-1.34139305559109,8.765
607,1,0,accepted,0.160066052740917,0.43694420142304,484339.355395566,4976866.30412789,-1.34360851252385,9.126
608,1,0,accepted,0.140067818846341,0.318973511720349,484339.647768872,4976865.15804957,-1.34819809169672,9.372
609,1,0,accepted,0.11265811620211,0.125059609201595,484339.938928097,4976864.01855966,-1.35431094593413,10.72
610,1,0,accepted,0.132186055746158,0.457701094982409,484340.188623997,4976862.88671279,-1.35172584695248,10.828
611,1,0,accepted,0.12437044758076,0.553436790495279,484340.462627942,4976861.73565772,-1.35353367625342,8.848
612,1,0,accepted,0.117181986055163,0.703064958112848,484340.708065936,4976860.66368318,-1.35437905917068,9.11
613,1,0,accepted,0.100441027850111,0.691921016447713,484340.985331258,4976859.50519607,-1.35860542470603,10.597
614,1,0,accepted,0.0978968636338859,0.894422181918962,484341.243938674,4976858.37031541,-1.35960036783047,10.63
615,1,0,accepted,0.110699312338508,0.98238822251301,484341.492870831,4976857.22102647,-1.3635428217722,9.562
616,1,0,accepted,0.198269694309795,-0.0597582603359512,484341.71985027,4976855.99217374,-1.3880669586319,10.768
617,1,0,accepted,0.21038780907624,-0.0632791535892629,484341.947149703,4976854.86344201,-1.39497130424354,8.584
618,1,0,accepted,0.210977062852307,0.0863666571340736,484342.176856172,4976853.72340047,-1.39951160383813,8.785
619,1,0,accepted,0.166799063639476,0.707907547618211,484342.416220215,4976852.64025158,-1.396748485558,9.915
620,1,0,accepted,0.14261636500362,0.863568023619521,484342.643713893,4976851.54292732,-1.40213682496997,9.267
621,1,0,accepted,0.11090886410447,0.967930864349167,484342.874843244,4976850.45138743,-1.40926559267892,9.447
622,1,0,accepted,0.117094625610878,0.98059098446734,484343.063286206,4976849.3339508,-1.41897652378233,8.229
623,1,0,accepted,0.159015159735435,0.773195283361001,484343.218515613,4976848.18953742,-1.43412727957796,9.291
624,1,0,accepted,0.164228004786975,0.77866267074582,484343.393562479,4976847.05669489,-1.44565857239209,8.23
625,1,0,accepted,0.157574074121701,0.879755363198729,484343.567289352,4976845.91879322,-1.45605969617455,9.02
626,0,1,acceptedDirectional,0.0774605624029894,0.112617970698913,484343.82228831,4976844.79257438,-1.48167354765447,10.433
627,0,1,acceptedDirectional,0.09519836719409,-0.373887118816939,484344.054144891,4976843.6421343,-1.50215703042017,10.564
628,0,1,acceptedDirectional,0.0877296783907874,-0.143858330767692,484344.138727282,4976842.51424897,-1.51018056133416,10.369
629,0,1,acceptedDirectional,0.110253527809261,-0.231551368171238,484344.266535699,4976841.37196809,-1.52417645299071,10.921
630,1,0,accepted,0.156597921493364,-0.126468398570035,484344.429147753,4976840.41170401,-1.53405299126667,11.576
631,1,0,accepted,0.134780400620929,0.262424629882406,484344.420804684,4976839.32216491,-1.53977148702456,13.468
632,1,0,accepted,0.130646545159952,0.422180244085009,484344.445363605,4976838.19093783,-1.54959131019799,13.619
633,1,0,accepted,0.143232969959334,0.397582019402993,484344.487031491,4976837.07044895,-1.56100360122286,13.599
634,1,0,accepted,0.128588666818896,0.226178649083923,484344.525396334,4976835.93116625,-1.57532392399201,12.361
635,1,0,accepted,0.120462107663044,0.180988531555521,484344.530652681,4976834.79272949,-1.5863218507473,11.5
636,1,0,accepted,0.127142387077525,0.327864205759058,484344.496003942,4976833.66857524,-1.59324537223023,11.653
637,1,0,accepted,0.108607150548514,0.194692879453436,484344.49481547,4976832.51914825,-1.60403573485683,11.75
638,1,0,accepted,0.0673932317374754,-0.12895825439881,484344.508424022,4976831.33823752,-1.6169090749059,13.088
639,1,0,accepted,0.0596389843679234,-0.0745193728379163,484344.451957905,4976830.20218383,-1.62210521045559,11.674
640,1,0,accepted,0.0555037053920681,-0.0926566410773347,484344.391212069,4976829.03919017,-1.62774830245103,13.097
641,1,0,accepted,0.0773429721377253,0.0596033253913198,484344.31581791,4976827.90035509,-1.63009927207907,15.295
642,1,0,accepted,0.115889315641471,0.288029907731426,484344.225852925,4976826.7530446,-1.63088797168108,16.243
643,1,0,accepted,0.115328255088374,0.221888723513618,484344.172112343,4976825.58971532,-1.63664818371154,16.41
644,1,0,accepted,0.102418574629265,-0.333795279131711,484344.140782577,4976824.39171124,-1.65020250772469,14.132
645,1,0,accepted,0.103778379293915,-0.0426766410996935,484344.067870655,4976823.25253356,-1.64868188923741,17.614
646,1,0,accepted,0.103499354149567,-0.019815402851402,484343.998527848,4976822.1114043,-1.65193180866498,14.935
647,1,0,accepted,0.0943352376875845,-0.21063970073194,484343.940340534,4976820.95096846,-1.65874182800774,13.548
648,1,0,accepted,0.103735219373388,-0.119365734827123,484343.857228178,4976819.79034856,-1.66014059933904,12.536
649,1,0,accepted,0.0761646121301918,-0.116782209334775,484343.801104249,4976818.64133348,-1.66243205151155,12.279
650,1,0,accepted,0.0840812255708042,-0.130985309859758,484343.713143991,4976817.46344692,-1.66432974628041,11.708
651,1,0,accepted,0.130906819415415,-0.0147651734900074,484343.589372572,4976816.26458177,-1.66390964813236,12.259
652,1,0,accepted,0.138997785046372,-0.0283065450711254,484343.502948359,4976815.07627793,-1.66472396392164,11.791
653,1,0,accepted,0.14492724251675,-0.0368126049099873,484343.401670463,4976813.88979734,-1.66539556224357,12.297
654,1,0,accepted,0.138155895814626,0.000276643021693588,484343.30714353,4976812.74047312,-1.66524003964542,12.095
655,1,0,accepted,0.150624228791395,0.0448824191135743,484343.20438136,4976811.54723092,-1.66492537521019,14.738
656,1,0,accepted,0.170461732979986,0.0915846194387086,484343.104924015,4976810.3359491,-1.66457042165609,12.557
657,1,0,accepted,0.135966300983609,0.0158743117532698,484343.020004232,4976809.19342563,-1.66604335290319,12.984
658,1,0,accepted,0.150430267922839,0.0131446689690189,484342.922097116,4976807.96527311,-1.66631519725705,12.148
659,1,0,accepted,0.0795420550888846,-0.326719831462458,484342.919022187,4976806.77979357,-1.6724819603255,12.004
660,1,0,accepted,0.112131006452609,-0.292143566627033,484342.807344773,4976805.55495576,-1.67231632130596,12.259
661,1,0,accepted,0.117431077423401,-0.17348911713864,484342.684913071,4976804.36453346,-1.67054961610402,11.06
662,1,0,accepted,0.126134547527202,-0.122472379709893,484342.574751664,4976803.15600121,-1.67018185104727,11.099
663,1,0,accepted,0.133604767332047,-0.0179312786939649,484342.45454747,4976801.96132691,-1.66927708657794,10.1
664,1,0,accepted,0.136632568930242,0.0180392560826456,484342.334704421,4976800.78072068,-1.66877370496323,10.585
665,1,0,accepted,0.147765012967566,0.0629308203434382,484342.231374137,4976799.54550467,-1.66874145936145,11.547
666,1,0,accepted,0.189190821231453,0.33412656255927,484342.080428979,4976798.34023684,-1.66474702935648,12.041
667,1,0,accepted,0.214543519224578,0.391421700029599,484341.962829404,4976797.09818556,-1.66474070912725,12.063
668,1,0,accepted,0.208832500863843,0.276708978414654,484341.873165279,4976795.86244476,-1.667534485271,12.682
669,1,0,accepted,0.107719716108187,-0.0428105743225058,484341.88355969,4976794.648929,-1.67385285809907,15.599
670,1,0,accepted,0.0224231041049071,-0.2166380102944,484341.840403362,4976793.48026079,-1.67726172739349,13.105
671,1,0,accepted,0.023685493722883,-0.364956449862699,484341.774119229,4976792.26229555,-1.68025990861561,11.033
672,1,0,accepted,0.0149267212556746,-0.30623320979881,484341.65739559,4976791.02927417,-1.67997712161702,10.745
673,1,0,accepted,0.0283993608211021,-0.228553628700182,484341.542902467,4976789.78169819,-1.67935161986896,10.463
674,1,0,accepted,0.0289956474433743,-0.176992032040555,484341.420569306,4976788.55586879,-1.6790063843633,10.581
675,1,0,accepted,0.0579390231343918,-0.0775796287680937,484341.277659935,4976787.31357463,-1.67757705648255,10.914
676,1,0,accepted,0.0695172372419469,-0.040062522474413,484341.155049629,4976786.07903264,-1.67733677494112,10.92
677,1,0,accepted,0.0880900373608955,-0.00643265726376269,484341.028139368,4976784.83541633,-1.67736256000181,11.001
678,1,0,accepted,0.0818128935741975,-0.0447368959879492,484340.916966506,4976783.60772546,-1.67876622058118,10.83
679,1,0,accepted,0.0750175131729081,0.0232977516038561,484340.816224237,4976782.34562858,-1.67816865011572,10.781
680,1,0,accepted,0.0541547448632815,0.0542321395829047,484340.719914783,4976781.14202903,-1.67846103246963,11.087
681,1,0,accepted,0.0557542893739672,0.0648266409159733,484340.602472329,4976779.89872866,-1.67848900587684,10.669
682,1,0,accepted,0.0600167903275029,0.0890502589627253,484340.570061173,4976778.73089552,-1.67876474602169,10.867
683,1,0,accepted,0.0722361972968864,0.100215481236324,484340.458514242,4976777.4944221,-1.67879762571355,11.567
684,1,0,accepted,0.101130661184208,0.101594977621735,484340.345751292,4976776.27479437,-1.67919021923432,11.711
685,1,0,accepted,0.117563481318078,0.120969719298033,484340.216949614,4976775.05061245,-1.67895553687914,10.808
686,1,0,accepted,0.141770797536143,0.0849470397855345,484340.111319189,4976773.81525781,-1.6797947821983,10.959
687,1,0,accepted,0.12328770830362,0.144690088894925,484339.96829477,4976772.57522984,-1.67903881823013,9.964
688,1,0,accepted,0.117162119091386,0.165749395196488,484339.833855176,4976771.31786407,-1.67905817078115,9.482
689,1,0,accepted,0.109167956039891,0.177451451374116,484339.699280927,4976770.05920952,-1.67906158187659,9.682
690,1,0,accepted,0.0888333637526732,0.135696257072437,484339.574138996,4976768.78109053,-1.68001345739559,11.211
691,1,0,accepted,0.0797031269610848,0.175065374687691,484339.434647013,4976767.50894057,-1.67965229352871,9.861
692,1,0,accepted,0.0761852602432554,0.143806023609489,484339.3019549,4976766.23884186,-1.68005939293524,9.961
693,1,0,accepted,0.0662536729600098,0.183843999833947,484339.177072621,4976764.98597194,-1.67957570802847,11.27
694,1,0,accepted,0.0532363905533545,0.196125173536505,484339.051501133,4976763.70599341,-1.6799289311975,10.67
695,1,0,accepted,0.064812710508497,0.394681642664099,484338.914728274,4976762.44015043,-1.67736365522476,8.715
696,1,0,accepted,0.0706624360819418,0.435992546214443,484338.793826256,4976761.15015175,-1.67745278637103,9.066
697,1,0,accepted,0.0915324195877464,0.549586354332743,484338.666997654,4976759.86621403,-1.67604093159419,8.873
698,1,0,accepted,0.113138422749715,0.578594732865053,484338.54227255,4976758.59339646,-1.67620225010296,9.857
699,1,0,accepted,0.126187707875016,0.480243395632482,484338.415805433,4976757.31745082,-1.67869810257736,10.034
700,1,0,accepted,0.140042641320247,0.518496638165957,484338.29083942,4976756.07162743,-1.67899133946651,8.937
701,1,0,accepted,0.156067194630645,0.575525802304745,484338.158810645,4976754.81494991,-1.67871423273648,8.384
702,1,0,accepted,0.182842155347557,0.385766586688796,484338.016242258,4976753.5495084,-1.6828830017504,9.069
703,1,0,accepted,0.217545105930233,0.280543030073549,484337.857798893,4976752.28654632,-1.6851130845975,8.972
704,1,0,accepted,0.257306084736309,0.205680525154212,484337.695821489,4976751.01878446,-1.68765216970455,9.081
705,1,0,accepted,0.18631778147317,0.279521592502793,484337.603800363,4976749.8417842,-1.68662075180846,9.41
706,1,0,accepted,0.130508635288788,0.326984808557011,484337.493761365,4976748.67543962,-1.6862869370146,10.331
707,1,0,accepted,0.0885183264344574,0.33038059451131,484337.390623016,4976747.5309859,-1.68719815778981,10.798
708,1,0,accepted,0.127717197449989,0.390857173796022,484337.275111949,4976746.38033516,-1.68703705211405,9.824
709,1,0,accepted,0.207845595521881,0.503371872659312,484337.176075604,4976745.24558799,-1.68592171339453,8.81
710,1,0,accepted,0.203888759155617,0.506971395925232,484337.030861209,4976744.00731932,-1.68725775326352,8.653
711,1,0,accepted,0.112186023851659,0.285383723968717,484336.878019433,4976742.67868311,-1.69292957831129,9.201
712,1,0,accepted,0.111818192013322,0.26314909475976,484336.698702965,4976741.29161003,-1.69540750031772,13.808
713,1,0,accepted,0.0969312229913371,0.382675334919514,484336.570871809,4976740.17383066,-1.6962686996644,9.725
714,1,0,accepted,0.0920376085017431,0.0651893823860977,484336.443224167,4976738.85189863,-1.70418057142809,14.137
715,1,0,accepted,0.0784233756413677,-0.143021420381803,484336.3156954,4976737.61110919,-1.71157856055442,12.462
716,1,0,accepted,0.0985754627777458,0.0041120298468975,484336.139839541,4976736.38628002,-1.71303292506267,12.383
717,1,0,accepted,0.0767257721832143,0.04559445667257,484335.989835702,4976735.23470273,-1.71700503982498,9.213
718,1,0,accepted,0.0825466015722375,0.0460186887181016,484335.828876161,4976734.00337265,-1.7224784831703,12.032
719,1,0,accepted,0.118261784109964,0.384360929467135,484335.634946076,4976732.76159558,-1.72229944423607,14.592
720,1,0,accepted,0.135535094738233,0.63298210052691,484335.451340618,4976731.56696057,-1.72433634414979,13.119
721,1,0,accepted,0.129516734963473,0.79332289661014,484335.287632578,4976730.3413486,-1.72752714760673,10.898
722,1,0,accepted,0.141596237105796,0.593125430509416,484335.116990802,4976729.09349587,-1.7368807959184,10.357
723,1,0,accepted,0.138412809718923,0.389323070809474,484334.952835351,4976727.87134175,-1.74646272955442,12.131
724,1,0,accepted,0.134175189910248,0.367692515914529,484334.771414259,4976726.66897765,-1.75310336018808,10.787
725,1,0,accepted,0.150989450579438,0.227231040658624,484334.552104869,4976725.470453,-1.76222648574395,12.251
726,1,0,accepted,0.149222688282618,0.251193098660737,484334.349258586,4976724.28944675,-1.76855691615607,11.607
727,1,0,accepted,0.153671214072431,0.313210636571101,484334.118355923,4976723.08853808,-1.77357839992792,13.164
728,1,0,accepted,0.151509444330402,0.366235082943154,484333.888866956,4976721.91070231,-1.77903009293609,12.808
729,1,0,accepted,0.147785135877376,0.444021152273999,484333.654164582,4976720.74619707,-1.78408765977274,13.124
730,1,0,accepted,0.0717170305563767,0.36728816859865,484333.449936415,4976719.65090142,-1.79029257307718,13.344
731,1,0,accepted,0.0334783875402308,0.40511803161644,484333.227545543,4976718.5140636,-1.79594730922318,13.959
732,1,0,accepted,0.00846817025050791,0.310576679234722,484333.000373241,4976717.36537798,-1.80259163797265,14.28
733,1,0,accepted,0.126628624497221,0.0264122940007896,484332.852101834,4976716.25178072,-1.81230262997955,13.343
734,1,0,accepted,0.131487750979809,-0.0567571753599561,484332.60174199,4976715.09536187,-1.81825928777953,14.017
735,1,0,accepted,0.123250825589197,-0.0370171522484289,484332.325419674,4976713.94769294,-1.82170879013502,14.479
736,1,0,accepted,0.111139954393059,-0.0926024831354701,484332.042721378,4976712.78036575,-1.82627163895087,14.743
737,1,0,accepted,0.0923365810743705,-0.0537300616771258,484331.748484658,4976711.63783517,-1.82890896034578,13.905
738,1,0,accepted,0.0781311759123917,0.103413161539828,484331.441770987,4976710.50151251,-1.82949517240616,13.809
739,1,0,accepted,0.0768205087565514,0.107613893716166,484331.158983452,4976709.3713665,-1.83241727468341,14.73
740,1,0,accepted,0.0203312243797616,0.238027658576105,484330.843373715,4976708.18735207,-1.83271389604781,13.954
741,1,0,accepted,0.0275376651300808,0.320116296600356,484330.537460668,4976707.04450857,-1.83326965373945,13.253
742,1,0,accepted,0.0329291406848172,0.204862588226644,484330.245096569,4976705.90976476,-1.83720630232352,13.241
743,1,0,accepted,0.0499537568029425,0.117620060495062,484329.940058195,4976704.7764492,-1.84002097694467,12.788
744,1,0,accepted,0.0695034960744082,0.014450314271931,484329.634173795,4976703.66779265,-1.84293775241012,13.984
745,1,0,accepted,0.0890542203678601,-0.0462929423230026,484329.328257748,4976702.55604637,-1.84519093147843,13.496
746,1,0,accepted,0.103084968580802,-0.0513213171204909,484329.019156337,4976701.40631819,-1.84640320935301,14.727
747,1,0,accepted,0.119004095332827,0.00996021136053652,484328.724204788,4976700.25348546,-1.84628273171184,15.86
748,1,0,accepted,0.183604321468256,-0.134700781776742,484328.414278154,4976699.05048093,-1.84945503804134,13.342
749,1,0,accepted,0.15125380072332,-0.0462593525556836,484328.121757721,4976697.99702795,-1.84889236021998,14.338
750,1,0,accepted,0.0993328310676132,0.554644728742399,484327.861671946,4976696.94664496,-1.83858760424854,14.877
751,1,0,accepted,0.093196276180329,0.642575537690684,484327.571524092,4976695.86257693,-1.8376087953341,14.094
752,1,0,accepted,0.0995299653079873,0.728071169447764,484327.271644964,4976694.77266096,-1.83690848638011,13.194
753,1,0,accepted,0.0802944875737029,0.663683923338171,484327.001338994,4976693.69089898,-1.83806810300717,12.483
754,1,0,accepted,0.0734536761546381,0.661861276596825,484326.720605345,4976692.60799876,-1.83905423153042,12.612
755,1,0,accepted,0.0735327127616243,0.641054369595065,484326.429919699,4976691.51892642,-1.8396665371262,12.871
756,1,0,accepted,0.0718842193766587,0.607724642754207,484326.145303174,4976690.44063544,-1.84058889470651,12.268
757,1,0,accepted,0.0856806444916144,0.612806773336186,484325.852106419,4976689.37378763,-1.84064058527599,12.222
758,1,0,accepted,0.103457055642006,0.612147167246367,484325.550337423,4976688.30090981,-1.84119157416566,13.131
759,1,0,accepted,0.107607301081941,0.590713074464924,484325.256076712,4976687.21913186,-1.84106792581897,13.433
760,1,0,accepted,0.123796097773046,0.337641465724388,484324.94505675,4976686.14758172,-1.84402953771363,13.908
761,1,0,accepted,0.11838109379653,0.21262105297357,484324.657651351,4976685.06165488,-1.84483645492918,13.946
762,1,0,accepted,0.128827639854518,0.127494503789372,484324.394701009,4976684.03507863,-1.84331980861382,13.418
763,1,0,accepted,0.138080416866642,0.218811667875357,484324.114486141,4976682.98381948,-1.83816090113649,13.265
764,1,0,accepted,0.149317201566116,0.208242747852366,484323.833434833,4976681.94569308,-1.83400682105574,12.081
765,1,0,accepted,0.164117436229944,0.17184554544922,484323.552895098,4976680.91232637,-1.83014578277819,12.889
766,1,0,accepted,0.173985440370973,0.174020445915936,484323.28056328,4976679.87514145,-1.82558203067229,13.247
767,1,0,accepted,0.185637807887504,0.249465618378307,484323.012205183,4976678.86094862,-1.81935327175313,12.819
768,1,0,accepted,0.207483492483983,0.110256251338881,484322.728508924,4976677.84005775,-1.81620782958893,12.613
769,1,0,accepted,0.229010636116097,0.0194716421516937,484322.446202751,4976676.80430239,-1.81194046387904,11.874
770,1,0,accepted,0.255789238569125,-0.269944059948281,484322.157975949,4976675.7132519,-1.80972880380635,14.262
771,1,0,accepted,0.205181920968773,0.55407294333837,484322.001689268,4976674.77900029,-1.78784535271745,17.11
772,1,0,accepted,0.195746124472855,0.771228696380283,484321.785486457,4976673.76304054,-1.77594868639056,15.349
773,1,0,accepted,0.169860703526659,0.679122570433332,484321.60359595,4976672.76285238,-1.76909405591934,15.393
774,1,0,accepted,0.138245648833919,0.756502038404614,484321.441509884,4976671.79449813,-1.75828521125304,15.891
775,1,0,accepted,0.0928162362190018,0.591841007425161,484321.317865975,4976670.90912421,-1.75222454131285,16.233
776,1,0,accepted,0.0997850138972645,0.0786388294891482,484321.25278916,4976670.04448003,-1.75080500339151,11.165
777,1,0,accepted,0.0821548689410796,0.0910425139327959,484321.07089055,4976669.07712819,-1.73933272492486,9.784
778,1,0,accepted,0.0453768403557187,0.32510512696983,484320.886409886,4976668.1136446,-1.72395127445017,9.595
779,1,0,accepted,0.201738129972448,0.957305958420367,484320.630829115,4976667.02426777,-1.70110317604748,17.929
780,1,0,accepted,0.0266159781605937,-0.075984613009721,484320.623773176,4976666.27365453,-1.70685006156966,14.502
781,1,0,accepted,0.031080309276455,-0.0610539960795756,484320.495199786,4976665.3656122,-1.69395325971545,12.774
782,1,0,accepted,0.0481396622225519,-0.0519726232075486,484320.368092234,4976664.45590883,-1.68046072295417,12.464
783,1,0,accepted,0.0588920528476249,-0.0794618992571823,484320.265474827,4976663.56919014,-1.66700924315555,12.522
784,1,0,accepted,0.0753880294161658,-0.0666886550153175,484320.169725599,4976662.69759358,-1.65198285286463,12.085
785,1,0,accepted,0.0898176307949301,-0.140806121228302,484320.088950873,4976661.82751551,-1.63807558518215,11.781
786,1,0,accepted,0.0892467029646787,0.0213756629560804,484320.039333719,4976660.96493143,-1.61965293753587,11.612
787,1,0,accepted,0.0849561480238729,0.138880046610421,484320.012757831,4976660.10407182,-1.60068299936705,12.169
788,1,0,accepted,0.0533960878698067,0.334276799871391,484320.007623839,4976659.30846248,-1.57999495592521,15.823
789,1,0,accepted,0.0258210598711717,0.444202633429764,484320.027685255,4976658.52004905,-1.55974668549439,12.606
790,1,0,accepted,0.0535435383178727,0.281287572929645,484320.007874079,4976657.71226246,-1.5436162082153,14.496
791,1,0,accepted,0.0820950125423895,0.189526715122781,484319.990157848,4976656.9114614,-1.5256827842821,13.94
792,1,0,accepted,0.091945894378069,0.00663487281716416,484320.026124933,4976656.12560324,-1.50865295037293,14.762
793,1,0,accepted,0.0995735085398844,-0.183531383736588,484320.07486773,4976655.33353229,-1.49088187955444,13.578
794,1,0,accepted,0.0937040015496188,-0.16401063656608,484320.128690724,4976654.5125202,-1.46901332455574,12.602
795,1,0,accepted,0.102073513031542,-0.11775717465262,484320.19414429,4976653.69321331,-1.44571791835784,13.488
796,1,0,accepted,0.101304101970659,-0.0850575234355158,484320.290696337,4976652.89430496,-1.42234028723196,12.88
797,1,0,accepted,0.0960788937179363,-0.143795082584283,484320.406099945,4976652.10739631,-1.39968775061778,14.172
798,1,0,accepted,0.0880795769866037,-0.158780095299088,484320.530706125,4976651.32020894,-1.37620935409016,12.317
799,1,0,accepted,0.0849386294259974,-0.10729171456594,484320.688877267,4976650.52431852,-1.35122434521004,12.845
800,1,0,accepted,0.0989074454019345,-0.125763625293393,484320.852627874,4976649.74764847,-1.32741108706771,12.659
801,1,0,accepted,0.126313541621429,-0.213676311768357,484321.010106405,4976648.98816807,-1.30529123762159,12.739
802,1,0,accepted,0.153447046801242,-0.0914041819794553,484321.21085678,4976648.2254067,-1.27944237545409,13.261
803,1,0,accepted,0.19956929419296,0.127895129387104,484321.449319043,4976647.44932227,-1.25170549644,12.426
804,1,0,accepted,0.230366669557601,0.250923214738147,484321.681855389,4976646.71453457,-1.22625571196033,12.976
805,1,0,accepted,0.263224454584755,0.289940783818376,484321.9347821,4976645.97726559,-1.20204091316366,12.272
806,1,0,accepted,0.295583287917546,0.551751404727193,484322.219272224,4976645.26110555,-1.17428930095688,13.376
807,1,0,accepted,0.198898115736345,0.945095112680257,484322.42040107,4976644.65518123,-1.14429947193089,16.351
808,1,0,accepted,0.149788753806557,1.5815762407008,484322.695040292,4976644.00423159,-1.11018390847171,15.518
809,1,0,accepted,0.18635671862892,1.44764024573705,484323.048036384,4976643.29394818,-1.09020016514109,13.501
810,1,0,accepted,0.189807322380937,1.09300717599083,484323.394988799,4976642.61415213,-1.07349752337499,14.658
811,1,0,accepted,0.221928758356934,0.55999817154255,484323.754651918,4976641.92302214,-1.0602330614593,15.733
812,1,0,accepted,0.193832334819332,0.290001176510809,484324.084717144,4976641.28848522,-1.04263964671882,15.387
813,1,0,accepted,0.148930549545291,0.485176898700474,484324.433385375,4976640.68026474,-1.01685330005527,16.903
814,1,0,accepted,0.10954663654863,0.324123313452071,484324.817207566,4976640.07622573,-0.997239080135258,15.788
815,1,0,accepted,0.0609334423739322,0.457279402986839,484325.213583926,4976639.49224132,-0.972620406948981,15.93
816,1,0,accepted,0.0596058668240084,0.372910283581266,484325.628431702,4976638.86609824,-0.951334054720039,14.16
817,1,0,accepted,0.0346881782960193,0.395778690036285,484326.041834124,4976638.29835667,-0.928788119034682,13.811
818,1,0,accepted,0.0407644660804639,0.288498454653571,484326.488835862,4976637.67978917,-0.908247132508589,13.051
819,1,0,accepted,0.0540147939297373,0.23927036338,484326.956115222,4976637.06595128,-0.88643616437193,13.257
820,1,0,accepted,0.0528470246013494,0.0426012621530236,484327.401359375,4976636.50091479,-0.867394397291385,12.997
821,1,0,accepted,0.0539240910101199,0.088715801361269,484327.8808381,4976635.93819897,-0.843846054025912,14.198
822,1,0,accepted,0.0454676240238009,0.284037858163916,484328.387845787,4976635.39034688,-0.817750214029575,13.351
823,1,0,accepted,0.0597124073991587,0.138496996588908,484328.894248937,4976634.8193443,-0.797093956490531,14.011
824,1,0,accepted,0.0554797302218443,0.272213137274075,484329.462515934,4976634.2291065,-0.771984917690466,13.869
825,1,0,accepted,0.087691445014869,0.0347326183473417,484329.943608195,4976633.75899375,-0.752964908420216,14.286
826,1,0,accepted,0.101824558465075,-0.0950948077878477,484330.491457453,4976633.20730492,-0.732373761184061,14.858
827,1,0,accepted,0.103812214896205,0.0112615507794641,484331.063580688,4976632.67916765,-0.707427603517138,13.986
828,1,0,accepted,0.0205983080902288,0.43036984847901,484331.756375092,4976632.16099019,-0.67702761331279,13.868
829,1,0,coarseRetainedByTrustRadius,0.308142086164234,-0.354837943471167,484332.064449508,4976631.82765841,-0.668102631536629,20.201
830,1,0,coarseRetainedByTrustRadius,0.270844289997855,-0.169065487772348,484332.665108029,4976631.2493708,-0.642358605146829,19.332
831,1,0,coarseRetainedByTrustRadius,0.238812221367718,-0.146885088294948,484333.31339532,4976630.77181621,-0.619584104025638,17.105
832,1,0,coarseRetainedByTrustRadius,0.224582664060033,-0.0467170661365993,484333.951022165,4976630.28350131,-0.595052037781919,14.916
833,1,0,coarseRetainedByTrustRadius,0.194419449602427,-0.0129047081503981,484334.621759269,4976629.80981858,-0.572161489983321,14.157
834,1,0,coarseRetainedByTrustRadius,0.16766429383096,-0.244774083168007,484335.30589037,4976629.38052421,-0.554232001996088,15.723
835,1,0,coarseRetainedByTrustRadius,0.176069541366016,-0.410102804144356,484335.96389489,4976628.95952275,-0.535158561989331,20.998
836,1,0,coarseRetainedByTrustRadius,0.16117735476352,-0.398400396218983,484336.666706448,4976628.53310187,-0.512889258613327,19.489
837,0,0,notConverged,0.145844725630221,-0.39505596066309,484337.358589498,4976628.12561965,-0.4913321878595,24.161
838,1,0,coarseRetainedByTrustRadius,0.157564038974155,-0.655465414673255,484338.060399394,4976627.79815667,-0.474305301137238,21.093
839,1,0,accepted,0.0134296203118721,-0.137626861795565,484338.901350491,4976627.32372389,-0.443849945065965,16.273
840,1,0,accepted,0.0471354402827654,-0.154321115216003,484339.644758412,4976626.95617618,-0.423055936290702,13.727
841,1,0,accepted,0.104862810406424,-0.000246096096706081,484340.419598129,4976626.57604577,-0.399853514314612,12.114
842,1,0,accepted,0.0463273605438659,-0.210062711272488,484341.096208522,4976626.27842457,-0.383939662236039,12.903
843,1,0,coarseRetainedByTrustRadius,0.085064624874168,-0.366981022005261,484341.867005819,4976625.97366366,-0.367599023883632,14.955
844,1,0,coarseRetainedByTrustRadius,0.135255124686944,-0.020360269032463,484342.670964465,4976625.62505353,-0.342914964451269,16.845
845,1,0,coarseRetainedByTrustRadius,0.144034715852427,0.097997276488414,484343.437240795,4976625.33761661,-0.322906808510941,14.472
846,1,0,coarseRetainedByTrustRadius,0.201957981220575,0.503152536804073,484344.266320182,4976625.03788859,-0.298237529421752,16.065
847,1,0,coarseRetainedByTrustRadius,0.223229523851767,0.451779710920314,484345.06810546,4976624.78117444,-0.282277737113423,13.288
848,1,0,coarseRetainedByTrustRadius,0.234494150393516,0.363387821081245,484345.890147858,4976624.55528799,-0.267577465237073,11.582
849,1,0,coarseRetainedByTrustRadius,0.185179400823133,0.130737286597259,484346.667059385,4976624.34901772,-0.25614740175733,11.224
850,1,0,accepted,0.0943269853382071,-0.598364035043785,484347.33167977,4976624.19376782,-0.254752500093373,11.291
851,1,0,accepted,0.08769634159991,-0.678703726901256,484348.182557839,4976623.96914447,-0.242251349430352,13.825
852,1,0,accepted,0.112170981455895,-0.411319889748755,484349.070058669,4976623.75901465,-0.224662605458438,11.122
853,1,0,coarseRetainedByTrustRadius,0.264404509022386,0.155133339193933,484350.090872459,4976623.52424392,-0.203136288504508,14.329
854,1,0,accepted,0.293850627126306,0.410067346223202,484350.971757767,4976623.27918242,-0.187658781375791,16.542
855,1,0,accepted,0.161172670535794,-0.195201003813178,484351.703961935,4976623.20464888,-0.188199915443964,13.377
856,1,0,accepted,0.0799341625668745,0.368345964617563,484352.498536334,4976623.03972689,-0.169436435447131,16.897
857,1,0,accepted,0.0870427725563517,0.370674075990039,484353.373226323,4976622.90549146,-0.161081362113677,18.103
858,1,0,accepted,0.0589145850111947,0.616071451042547,484354.258630975,4976622.71179985,-0.149190548296622,14.299
859,1,0,accepted,0.0547115691007671,0.353484952240675,484355.181411409,4976622.65176863,-0.14635214276281,15.2
860,1,0,accepted,0.0533929358651974,0.21138635056077,484356.105396166,4976622.54510527,-0.141951957528206,11.819
861,1,0,accepted,0.0665348784180241,0.0068958766304583,484357.048164271,4976622.44693699,-0.138303892574065,12.749
862,1,0,accepted,0.0616259551869288,-0.030571305595495,484357.983099817,4976622.3489896,-0.131932911778774,12.846
863,1,0,accepted,0.0635060679171047,-0.130464846667735,484358.901098169,4976622.26589609,-0.127886791085228,12.007
864,1,0,accepted,0.0484380523478118,-0.077975292121991,484359.831989638,4976622.16478577,-0.122032121829532,14.486
865,1,0,accepted,0.0216958951560206,-0.00755375315806871,484360.768577306,4976622.04687984,-0.116317371917389,13.344
866,1,0,accepted,0.0496344219931637,0.10905562197442,484361.701726983,4976621.91717695,-0.109791468781967,12.858
867,1,0,accepted,0.0603413614850632,-0.0233471219312003,484362.667601434,4976621.82362814,-0.107198532466718,12.703
868,1,0,accepted,0.0862841120977969,0.0216332028049554,484363.62263574,4976621.72121548,-0.101988480701902,11.83
869,1,0,accepted,0.106443470056833,-0.00658864022515575,484364.585300404,4976621.63473971,-0.0979745985509395,11.372
870,1,0,accepted,0.125944076519897,0.0350100395455531,484365.550646755,4976621.54839405,-0.0927374789023882,12.939
871,1,0,accepted,0.110076332617083,-0.0884725919397671,484366.546596746,4976621.49889598,-0.09059564291137,10.564
872,1,0,accepted,0.143016320660201,0.19136042340096,484367.511366811,4976621.41911706,-0.0813046020411236,10.772
873,1,0,accepted,0.177798808897975,0.394527766747532,484368.497052053,4976621.32193047,-0.073188183753611,12.013
874,1,0,accepted,0.200336365507638,0.451747498383825,484369.494314343,4976621.25021939,-0.068116911286679,11.366
875,1,0,accepted,0.201870018333888,0.228274994258366,484370.516800762,4976621.18991096,-0.0676535848078154,13.822
876,1,0,accepted,0.221600109898729,0.275863866691312,484371.508777146,4976621.12428195,-0.062355875475469,13.199
877,1,0,accepted,0.250199594597469,0.719642800413483,484372.512718205,4976621.05353753,-0.0503509637534636,14.585
878,1,0,accepted,0.223253653621859,0.282241643501922,484373.538827685,4976621.02058525,-0.0534123913233468,14.546
879,1,0,accepted,0.220455499996677,0.328651265946578,484374.558807549,4976620.97357288,-0.0480804284863467,11.85
880,1,0,accepted,0.215806994058364,0.344439372376118,484375.58487427,4976620.92963947,-0.0432906162235643,12.52
881,1,0,accepted,0.198634008620683,0.388163576151219,484376.603266403,4976620.90963923,-0.0374157133258566,12.399
882,1,0,accepted,0.210163420170796,0.479019892021929,484377.663745769,4976620.85233348,-0.0297788407163753,12
883,1,0,accepted,0.218300950058276,0.15439726671564,484378.724340798,4976620.8114799,-0.0293296240976513,12.453
884,1,0,accepted,0.216471721875838,0.143613290724802,484379.755205621,4976620.79218847,-0.0232615721565177,10.783
885,1,0,accepted,0.244351055704549,0.0261349125945066,484380.801697407,4976620.74978712,-0.0191251521716428,11.077
886,1,0,accepted,0.238675978512776,0.0870646834869767,484381.839249019,4976620.7483978,-0.0117624872153284,11.485
887,1,0,accepted,0.238842261331467,0.185783278584369,484382.879027344,4976620.74743936,-0.00395715369926124,11.945
888,1,0,accepted,0.254837859365094,0.188542568543782,484383.944001909,4976620.7398253,0.00237451806858472,10.093
889,1,0,accepted,0.25197939084541,0.123091301116252,484385.002264476,4976620.76317572,0.00679060927805085,11.046
890,1,0,accepted,0.203580518050894,0.582329502651193,484386.053731641,4976620.83777604,0.0208819040995709,12.76
891,1,0,accepted,0.158018465807036,0.984583006136132,484387.004942228,4976620.89146475,0.0341285712896164,12.118
892,0,1,acceptedDirectional,0.164516129055717,0.988331208723437,484388.063974787,4976620.91504918,0.040075159079607,9.58
893,0,1,acceptedDirectional,0.0963383977198406,0.426864534239545,484389.116227231,4976621.02063142,0.0359559181466239,11.478
894,0,1,acceptedDirectional,0.0861603935536155,0.39012612434001,484390.174495417,4976621.07312426,0.0406989004228982,8.981
895,1,0,accepted,0.267141876664644,0.557716607330329,484390.984242744,4976621.18133226,0.049281595452155,9.78
896,1,0,accepted,0.24704880699181,0.380394002770134,484392.057374553,4976621.29483344,0.0515025408759954,9.619
897,1,0,accepted,0.225622444686157,0.355273067447818,484393.138890274,4976621.36867812,0.0563686337794505,9.047
898,1,0,accepted,0.22404993862695,0.37008749977585,484394.193333339,4976621.4088583,0.0619466093567974,10.793
899,1,0,accepted,0.24872883053133,-1.13746755875033,484395.350881828,4976621.69778366,0.0407240994714344,10.327
900,1,0,accepted,0.221948507210516,-1.16338311220373,484396.426611792,4976621.76141706,0.0459044101445157,10.46
901,1,0,accepted,0.241974209764498,-0.116510268443035,484397.380777377,4976621.72291923,0.069316141400588,12.166
902,1,0,accepted,0.176101834313795,-1.18961668716105,484398.574427683,4976621.91509471,0.0557594527642989,12.221
903,1,0,accepted,0.12822959359278,-1.11954656833859,484399.669633198,4976621.97733296,0.0625665085100263,10.974
904,1,0,accepted,0.098815121739011,-1.02188164023047,484400.752054816,4976622.06008385,0.0688728133033334,11.184
905,1,0,accepted,0.0600790931165696,-0.893514257161419,484401.853564003,4976622.14888602,0.0746256309231045,10.019
906,1,0,accepted,0.0159827950095782,-0.331235293129227,484402.96211006,4976622.22983765,0.0868489938150805,12.123
907,1,0,accepted,0.0428684105535045,-0.0512053790489376,484404.071720171,4976622.34732012,0.0923085878541165,11.55
908,1,0,accepted,0.0401595671324141,0.187560209476276,484405.162080166,4976622.46712155,0.0958667057573839,10.664
909,1,0,accepted,0.0645866147794264,0.284928854511039,484406.253052546,4976622.57892144,0.0964514100135294,10.336
910,1,0,accepted,0.0824104380031502,0.292925525128167,484407.350340719,4976622.69124711,0.0958255754728668,11.139
911,1,0,accepted,0.072690043266397,0.32043152551637,484408.424631038,4976622.82381094,0.0953487852052243,10.367
912,1,0,accepted,0.0960531292497152,0.30368767490069,484409.539809249,4976622.93919075,0.0946255043859215,10.248
913,1,0,accepted,0.105435587271099,0.28949298725888,484410.641907705,4976623.03742727,0.0942120059911232,10.702
914,1,0,accepted,0.103173755831067,0.3690231382707,484411.735360716,4976623.16706158,0.095987860590844,10.546
915,1,0,accepted,0.101183365075724,0.444497570337222,484412.81851306,4976623.28985704,0.097864749204286,10.391
916,1,0,accepted,0.0969893743828212,0.464750115945585,484413.915499955,4976623.41105658,0.0989332714983879,10.839
917,1,0,accepted,0.0994126908117019,0.456575840945232,484415.016954993,4976623.52375075,0.0993614843090271,10.331
918,1,0,accepted,0.0970916770960234,0.426399165994696,484416.123987178,4976623.6501704,0.0992575812453272,11.999
919,1,0,accepted,0.115618794903333,0.490084530051117,484417.254909061,4976623.76122277,0.100923306621276,11.676
920,1,0,accepted,0.105950678660153,0.476422673888361,484418.35376147,4976623.89113573,0.101354105383856,12.903
921,1,0,accepted,0.0845813875674333,0.408982147656965,484419.454563657,4976624.02897883,0.100876019892322,13.508
922,1,0,accepted,0.0889332580125451,0.0823610921177678,484420.463602263,4976624.24230876,0.0956516078845887,10.392
923,1,0,accepted,0.0664092154585454,0.137340350290669,484421.582023597,4976624.35114484,0.0972840062031883,9.432
924,1,0,accepted,0.0567005192055074,0.115358966549758,484422.700349932,4976624.47299146,0.0973444018012148,8.899
925,1,0,accepted,0.0491462188709919,0.136340947200716,484423.815760511,4976624.59793196,0.0982838598473542,9.884
926,1,0,accepted,0.0515171953677475,0.165935439764538,484424.908609585,4976624.72367606,0.0990231296878209,9.42
927,1,0,accepted,0.0567023092217378,0.164261280953478,484426.009017408,4976624.84916153,0.0996772894388694,9.943
928,1,0,accepted,0.0692381932980543,0.169931838778428,484427.115750074,4976624.97901249,0.100192086670512,10.462
929,1,0,accepted,0.078959974589372,0.190715685473145,484428.22965586,4976625.10014533,0.101138741291949,10.064
930,1,0,accepted,0.114933629304556,-0.0425468485713127,484429.341080362,4976625.2816773,0.0974949549299549,10.167
931,1,0,accepted,0.0984680946164814,0.142947271961636,484430.479802629,4976625.37037349,0.101326083441942,10.406
932,1,0,accepted,0.100907288595085,0.262081959300749,484431.620757893,4976625.47395735,0.103955256604941,10.19
933,1,0,accepted,0.0814881387939541,0.261926976939369,484432.785721456,4976625.59399271,0.104497325429253,9.436
934,1,0,accepted,0.0789041312459871,0.320443042953318,484433.956049851,4976625.71688749,0.106432179564737,9.567
935,1,0,accepted,0.092636966928464,0.396626679000033,484435.105400461,4976625.83535461,0.108141688980818,9.781
936,1,0,accepted,0.0844071489950543,0.250941609098211,484436.271607107,4976625.98313625,0.106088456002244,9.517
937,1,0,accepted,0.0930332478810613,0.259735216973385,484437.431636669,4976626.11896729,0.106241964090835,9.668
938,1,0,accepted,0.0976692922082116,0.294192666135391,484438.601721513,4976626.2585218,0.1067066711951,9.612
939,1,0,accepted,0.12372576434749,0.410147637957315,484439.793711999,4976626.38638625,0.108856483440765,9.459
940,1,0,accepted,0.156824590521061,0.477548050510399,484440.99046772,4976626.5229438,0.110090719526336,10.053
941,1,0,accepted,0.170082828715277,0.460632097554707,484442.169262866,4976626.67279295,0.109795871984902,9.148
942,1,0,accepted,0.181457621854985,0.344404607278579,484443.35074117,4976626.82738724,0.108005396938152,9.615
943,1,0,accepted,0.184230612940948,0.30586358741466,484444.517135072,4976626.97759444,0.10744714915447,9.431
944,1,0,accepted,0.111663125370302,0.305786662968026,484445.611779351,4976627.14533575,0.107272133111864,10.008
945,1,0,accepted,0.089980331856573,0.28742999699632,484446.751801383,4976627.29240151,0.107359935779913,10.177
946,1,0,accepted,0.0973014441549954,0.246680361885964,484447.922519666,4976627.43037016,0.10715094215889,9.673
947,1,0,accepted,0.101799080485187,0.252422950057218,484449.09212052,4976627.56733358,0.107520102226126,10.958
948,1,0,accepted,0.119606802119724,0.232564362033614,484450.26529364,4976627.69559951,0.107393780608268,10.697
949,1,0,accepted,0.142043453103238,0.246718655159514,484451.462220675,4976627.82545085,0.107725990236771,10.65
950,1,0,accepted,0.160977105946014,0.266127112262974,484452.648781301,4976627.95452915,0.108578633401627,10.498
951,1,0,accepted,0.185030089695534,0.193874979672936,484453.835199374,4976628.07205621,0.107827494273502,9.931
952,1,0,accepted,0.185803235527989,0.184277504632709,484455.004793305,4976628.2033149,0.107914314303553,10.468
953,1,0,accepted,0.186526499972327,0.19100147218831,484456.169504717,4976628.33922194,0.107783576954209,11.099
954,1,0,accepted,0.184761485385482,0.169944163568929,484457.334187271,4976628.47940422,0.107039892244947,10.695
955,1,0,accepted,0.151253983970229,0.188399092221647,484458.458156692,4976628.63836973,0.107566533058241,10.395
956,1,0,accepted,0.147620298238236,0.100689914193012,484459.652603119,4976628.79419557,0.106439271476929,10.459
957,1,0,accepted,0.142600536795777,0.0552263327266779,484460.834233998,4976628.94859289,0.105989423965903,10.323
958,1,0,accepted,0.146311966316714,0.0952885379677524,484462.005456535,4976629.09321278,0.106912695870958,10.019
959,1,0,accepted,0.151176903149678,0.104270446449047,484463.195758582,4976629.24213883,0.107350335671926,10.295
960,1,0,accepted,0.14780875313132,0.103330429371317,484464.382947813,4976629.40006948,0.107623084678749,9.989
961,1,0,accepted,0.148535692043312,0.142263676212342,484465.555193753,4976629.5518934,0.108345326807335,9.69
962,1,0,accepted,0.148036774467343,0.0935762786242571,484466.773518717,4976629.71152461,0.108345880383346,9.297
963,1,0,accepted,0.155500666843749,0.0691202367479524,484467.959663051,4976629.85638303,0.108237546377083,9.387
964,1,0,accepted,0.177033659579547,0.109589361100499,484469.168761722,4976629.99374337,0.109268236965557,9.804
965,1,0,accepted,0.0825792496848807,-0.00682594347058852,484470.242857693,4976630.249269,0.107963812097384,12.24
966,1,0,accepted,0.101687406727521,-0.11634714225764,484471.385243331,4976630.45311787,0.106677395319831,11.78
967,1,0,accepted,0.105456137928125,-0.187781750253425,484472.57325959,4976630.62234418,0.105791412618438,10.759
968,1,0,accepted,0.0771897093028541,-0.151152283281045,484473.774438808,4976630.77278649,0.106718866823681,9.487
969,1,0,accepted,0.0562045305079749,-0.0780428877250069,484474.986161719,4976630.91957145,0.108294085769786,9.773
970,1,0,accepted,0.0158422046907575,-0.182626111894729,484476.224549373,4976631.07471045,0.106723297609611,9.161
971,1,0,accepted,0.0569852508810753,0.0482540213980807,484477.456081924,4976631.20356069,0.110633131962145,11.39
972,1,0,accepted,0.0658193906424077,0.0229914638473755,484478.649197412,4976631.35407832,0.110189864546376,11.093
973,1,0,accepted,0.0588540420049088,0.0430315084509761,484479.825185025,4976631.51228696,0.110116299287808,10.515
974,1,0,accepted,0.0719423621465331,0.0796642927435142,484481.022086189,4976631.66181147,0.11058613208911,10.19
975,1,0,accepted,0.0747776526797945,0.101738377632249,484482.199093553,4976631.81395167,0.110638545998734,10.219
976,1,0,accepted,0.0650798651494324,0.125738449925735,484483.34886362,4976631.97655765,0.110536253051744,10.495
977,1,0,accepted,0.0801298077525997,0.184975805008352,484484.543429209,4976632.12048019,0.110772232138746,10.02
978,1,0,accepted,0.0727012350447882,0.489235174739226,484485.710864554,4976632.29021976,0.115356880435578,11.347
979,1,0,accepted,0.0786099343553659,0.432692673418924,484486.923424489,4976632.44134556,0.11353697510987,10.205
980,1,0,accepted,0.0913738455999326,0.496227237149816,484488.118992741,4976632.59036802,0.113536506839455,10.754
981,1,0,accepted,0.0959834284808979,0.27356996192969,484489.323787302,4976632.7428408,0.108608515511016,10.44
982,1,0,accepted,0.0836835432523097,0.273466921730416,484490.48342308,4976632.91063473,0.109948916527268,11.24
983,1,0,accepted,0.11779120922167,-0.116132252078836,484491.579339429,4976633.17503092,0.10262590028732,17.174
984,1,0,accepted,0.107120780802536,0.115474452587967,484492.803475871,4976633.33391832,0.104589743915255,16.092
985,1,0,accepted,0.0800993969539466,0.326874049875196,484494.009866351,4976633.47538545,0.108976704249823,14.832
986,1,0,accepted,0.0455410907351854,0.137132414782792,484495.247464079,4976633.64533843,0.105089163886543,11.318
987,1,0,accepted,0.0413418102512009,-0.0134326704110745,484496.427459113,4976633.79412889,0.101633310826822,10.994
988,1,0,accepted,0.0129565260873911,0.155905486852094,484497.626565928,4976633.92609547,0.103980528127378,10.998
989,1,0,accepted,0.0297652119865386,0.55900072279484,484498.843586316,4976634.06545097,0.111200973898325,11.297
990,1,0,accepted,0.0528968546632665,0.747362345131465,484500.04336066,4976634.20201285,0.113803172944152,10.677
991,1,0,accepted,0.0661649624327748,0.774822948064263,484501.233972819,4976634.3476206,0.114140810745621,9.788
992,1,0,accepted,0.0786663369910661,0.867764476799234,484502.428954148,4976634.49809231,0.115426997379888,10.063
993,1,0,accepted,0.0712360136877607,0.707775652236967,484503.578519768,4976634.63326242,0.112011651968718,9.613
994,1,0,accepted,0.0833591873732558,0.679043432470684,484504.768228817,4976634.77037491,0.110980384762173,8.983
995,1,0,accepted,0.0701274813349881,0.586988716900793,484505.91171256,4976634.91849935,0.109175300898081,10.219
996,1,0,accepted,0.0646428730982256,0.46856093428007,484507.079465256,4976635.07223946,0.107044745445138,9.861
997,1,0,accepted,0.0711866551940017,0.458766814604232,484508.245561996,4976635.20856,0.10646623355297,10.158
998,1,0,accepted,0.0737617406321008,0.44309609251303,484509.407722875,4976635.34717971,0.105687633343901,10.523
999,1,0,accepted,0.0527170823364188,0.360001179498672,484510.547664319,4976635.50321511,0.104302770821257,11.162
1000,1,0,accepted,0.0458776091059556,0.377027887706507,484511.667999266,4976635.65412812,0.103952499731096,11.822
1001,1,0,accepted,0.1406691739358,0.0885428983350793,484512.701428769,4976635.88664842,0.0987398827803601,10.054
1002,1,0,accepted,0.143198632084471,0.14563109688434,484513.843728317,4976636.00193387,0.0996727426158299,9.915
1003,1,0,accepted,0.150182921353995,0.340352403703536,484514.987364737,4976636.11530575,0.10265241560872,10.054
1004,1,0,accepted,0.152282854341436,0.357748800274539,484516.134245374,4976636.2538775,0.103301132198266,10.279
1005,1,0,accepted,0.141707051922485,0.32494427218212,484517.29496978,4976636.3937004,0.103307314817234,9.835
1006,1,0,accepted,0.135773691380709,0.295901504445748,484518.446469881,4976636.5429331,0.10309883786884,9.72
1007,1,0,accepted,0.119496559852038,0.247562418871025,484519.605965259,4976636.68101115,0.102917512022136,9.492
1008,1,0,accepted,0.10243303618535,0.15589298809732,484520.755048824,4976636.82239354,0.101779365756817,10.214
1009,1,0,accepted,0.0754093262811656,0.188672208064109,484521.917878834,4976636.95191473,0.10266200688296,10.313
1010,1,0,accepted,0.0494610046933665,0.330106695067611,484523.088829128,4976637.07892857,0.105522511513838,10.677
1011,1,0,accepted,0.0493571599297442,0.296103677480898,484524.270155222,4976637.21501431,0.104927954242882,10.399
1012,1,0,accepted,0.057634901458281,0.120508843538646,484525.421562707,4976637.35931099,0.101413581723189,11.041
1013,1,0,accepted,0.0674604902785029,0.0976666261048332,484526.551476517,4976637.49179916,0.102115996173335,10.873
1014,1,0,accepted,0.0834258236004942,0.158396320928265,484527.685830155,4976637.61922862,0.103102797406552,11.557
1015,1,0,accepted,0.0955918997395631,0.208343611832056,484528.811625914,4976637.74485592,0.104260420849481,12.508
1016,1,0,accepted,0.115574014875051,0.177135741461132,484529.95209402,4976637.87531045,0.104049850883031,13.089
1017,1,0,accepted,0.118662406023716,0.243033601806728,484531.071283798,4976638.00762179,0.105429242168762,12.31
1018,1,0,accepted,0.147859160443603,0.174690082038567,484532.220076372,4976638.12869942,0.104270720527496,12.729
1019,1,0,accepted,0.169799891704013,0.0907609119630815,484533.365209381,4976638.25005365,0.103623176922256,12.52
1020,1,0,accepted,0.204945424256053,-0.0241704939726192,484534.518803156,4976638.36392783,0.102833312602423,12.151
1021,1,0,accepted,0.228273204171837,-0.0873133252206681,484535.639997687,4976638.4824138,0.103101751621197,12.135
1022,1,0,accepted,0.256190745595697,-0.119001386629251,484536.774321187,4976638.59697022,0.103738090377015,11.343
1023,1,0,accepted,0.274952539540461,-0.0426637406099084,484537.900877003,4976638.72005676,0.105817707894536,11.728
1024,1,0,accepted,0.295951974833206,-0.0968152599203888,484539.027518084,4976638.84141394,0.105853499803074,12.06
1025,1,0,accepted,0.288252481170689,-0.124230574730047,484540.13726942,4976638.98544102,0.106345648798031,12.652
1026,1,0,accepted,0.270125854906732,-0.121118261720413,484541.234751647,4976639.14059881,0.107199022347092,13.425
1027,1,0,accepted,0.317608831824641,-2.25982560101732,484542.385243883,4976639.80080762,0.0709733159134546,19.585
1028,1,0,accepted,0.341770246855641,-2.5972090564272,484543.49359591,4976639.98726558,0.0661806207326224,13.369
1029,1,0,accepted,0.176680655623574,-1.61962786210221,484544.493628416,4976640.01272158,0.0833849899113416,26.836
1030,1,0,accepted,0.0521628933333339,-0.481552121167136,484545.50585837,4976639.99683264,0.10513814328136,20.506
1031,1,0,accepted,0.0686936699824218,-0.341629499116192,484546.599870108,4976640.1429078,0.108083214239083,14.44
1032,1,0,accepted,0.0928737723769774,-0.150231518287364,484547.723822783,4976640.25738618,0.112136700122961,12.732
1033,1,0,accepted,0.133543902130484,0.0401790034922633,484548.874525078,4976640.36281461,0.116211681109718,12.749
1034,1,0,accepted,0.13915493661383,0.0646557401823124,484549.873858352,4976640.60257869,0.117480849019253,12.709
1035,1,0,accepted,0.142604761279669,0.00452761008845649,484550.981300797,4976640.77464953,0.117396764605314,9.394
1036,1,0,accepted,0.143011181201371,-0.0116486511982149,484552.130171317,4976640.93903024,0.118589824474738,9.663
1037,1,0,accepted,0.135338525882193,-0.0621748296372899,484553.27356606,4976641.09891533,0.119406907129064,8.818
1038,1,0,accepted,0.125165677859563,-0.12626930504904,484554.401583017,4976641.26408709,0.119937819701187,7.659
1039,1,0,accepted,0.0969935216472252,-0.240444055073052,484555.552050859,4976641.41464513,0.119652298245812,7.527
1040,1,0,accepted,0.0457405788450004,-0.386944279897232,484556.689773485,4976641.54616225,0.11852676207341,9.116
1041,1,0,accepted,0.0716045525953666,-0.428188875365668,484557.852508715,4976641.68908287,0.118581047343196,9.414
1042,1,0,accepted,0.118240269587697,-0.429578545743332,484559.029179459,4976641.8324904,0.118816034213408,9.009
1043,1,0,accepted,0.171431765648816,-0.495777782364977,484560.206021756,4976641.96821407,0.117407232172321,9.484
1044,1,0,accepted,0.195666733608336,-0.443919260565,484561.365751987,4976642.12048772,0.117859130250454,9.97
1045,1,0,accepted,0.215951907361014,-0.399436892666923,484562.515900596,4976642.26984766,0.118783655403389,11.158
1046,1,0,accepted,0.239159165008001,-0.391955285269759,484563.665951049,4976642.41099217,0.119090751261881,8.811
1047,1,0,accepted,0.23852339517503,-0.376800677788047,484564.804207439,4976642.5621592,0.119818790697165,9.095
1048,1,0,accepted,0.133336848097861,-0.294183083766563,484565.847019253,4976642.77026783,0.121952143756947,10.512
1049,1,0,accepted,0.109591797616285,-0.214729920046888,484566.969270139,4976642.93769121,0.124020780337787,10.323
1050,1,0,accepted,0.0693720044599414,-0.170617885935462,484568.071580073,4976643.10934086,0.125637917182974,11.231
1051,1,0,accepted,0.0592645457785781,-0.0909681750313411,484569.199788013,4976643.27558041,0.127050831530944,12.59
1052,1,0,accepted,0.0493149154365638,-0.17303632504343,484570.342323939,4976643.4548629,0.125967777005598,11.054
1053,1,0,accepted,0.132957580481387,-0.512491766831471,484571.380005384,4976643.75756737,0.120018167279185,11.534
1054,1,0,accepted,0.117874566786687,-0.462418756466554,484572.540050334,4976643.9077103,0.120560048997729,9.842
1055,1,0,accepted,0.110146712663175,-0.310155761895057,484573.691678837,4976644.04518852,0.123165080150694,10.362
1056,1,0,accepted,0.0990262103479931,-0.251401251656698,484574.863526316,4976644.19790928,0.124026486609117,10.106
1057,1,0,accepted,0.074374631552175,-0.514086243577197,484576.070762778,4976644.39657864,0.11896107667276,10.336
1058,1,0,accepted,0.0607779352620405,-0.73502765811967,484577.256917249,4976644.57803746,0.114969259898026,10.429
1059,1,0,accepted,0.085766025517104,-0.913631416211281,484578.440918805,4976644.78083854,0.111800764369869,11.538
1060,1,0,accepted,0.0572328901404898,-0.852237255027246,484579.628973186,4976644.92400509,0.112531308571883,10.477
1061,1,0,accepted,0.0587695638519546,-0.998210313233874,484580.815654879,4976645.09380291,0.109864609953168,11.673
1062,1,0,accepted,0.0545933277919406,-1.04204561023456,484582.005517759,4976645.25814038,0.109193461865513,13.462
1063,1,0,accepted,0.0445147892233153,-0.967434814606741,484583.198317645,4976645.40784777,0.110056062027517,11.331
1064,1,0,accepted,0.0420556698094839,-0.863022208220455,484584.390159752,4976645.55788876,0.112018329921531,12.609
1065,1,0,accepted,0.0496270701764666,-0.781826141511404,484585.598525106,4976645.72742544,0.11317787674724,12.555
1066,1,0,accepted,0.0539027057046359,-0.607334240861149,484586.774542513,4976645.88520075,0.116053505262953,12.649
1067,1,0,accepted,0.0697561910103699,-0.493681751082095,484587.977620446,4976646.04415209,0.117927052689316,14.384
1068,1,0,accepted,0.0831561796389869,-0.428535538366016,484589.177285424,4976646.20013808,0.118871189369015,13.742
1069,1,0,accepted,0.0989838635607443,-0.461969316863778,484590.378231023,4976646.35027154,0.118062366213347,11.992
1070,1,0,accepted,0.117312606918536,-0.358585714867646,484591.578277036,4976646.50868415,0.119986292080621,12.573
1071,1,0,accepted,0.136113063769149,-0.297425079326604,484592.787351823,4976646.66504238,0.121329021225758,12.284
1072,1,0,accepted,0.152680801922693,-0.24952914677748,484593.986116909,4976646.82180014,0.122511109298331,11.87
1073,1,0,accepted,0.074389165395318,-0.131526181296884,484595.124873517,4976647.05373686,0.124989071936278,12.822
1074,1,0,accepted,0.0451528068630015,-0.00813955853384973,484596.31437754,4976647.2569016,0.127788610317981,13.257
1075,1,0,accepted,0.0221341890316748,0.00590049720402809,484597.491104376,4976647.45114016,0.128278691403884,14.278
1076,1,0,accepted,0.0194988991637754,0.0739233887224494,484598.680383777,4976647.63823426,0.129749367358775,12.618
1077,1,0,accepted,0.0473019575761598,0.0475943013074876,484599.862452176,4976647.85419464,0.129907818743616,15.492
1078,1,0,accepted,0.0608128629324222,0.0659239509575545,484601.047880032,4976648.05376788,0.130743421778718,15.668
1079,1,0,accepted,0.0739888096223263,0.00248892591565715,484602.233632315,4976648.26079292,0.130137668321436,13.392
1080,1,0,accepted,0.0591287851985519,0.0376868805210281,484603.445618194,4976648.43038788,0.131093125026561,11.508
1081,1,0,accepted,0.0574738191463191,0.0242587441396372,484604.664887366,4976648.58877592,0.131810760122679,12.25
1082,1,0,accepted,0.0704731114865462,0.0499901946044649,484605.879073366,4976648.75812713,0.132542798248614,12.62
1083,1,0,accepted,0.095418974112442,0.0771697820984757,484607.113601354,4976648.9306548,0.13351158884791,11.655
1084,1,0,accepted,0.142666100369289,0.354757167157028,484608.316735803,4976649.08376328,0.138602884007023,11.262
1085,1,0,accepted,0.137544925963131,0.0114072057034521,484609.568618217,4976649.30280962,0.132942978206889,11.879
1086,1,0,accepted,0.154294053697428,0.105216641117051,484610.764408867,4976649.48748311,0.134528319260484,13.921
1087,1,0,accepted,0.214451311758489,0.141235047965559,484612.010722356,4976649.64797475,0.135259272252757,12.118
1088,1,0,accepted,0.0780534051567974,0.0975770119012836,484613.072847234,4976649.95586447,0.134775589854549,11.632
1089,1,0,accepted,0.0648909182907595,0.0551047001159566,484614.283204303,4976650.16248257,0.134169852244459,12.233
1090,1,0,accepted,0.0687709045343801,0.0063677653930013,484615.499576403,4976650.35331089,0.133482090595492,10.648
1091,1,0,accepted,0.0793690504973017,0.0469754234621113,484616.71101229,4976650.54138947,0.134526617557422,10.832
1092,1,0,accepted,0.103834296943147,0.0685636940166816,484617.915191827,4976650.71561027,0.135043899415254,11.444
1093,1,0,accepted,0.114845589501232,0.234930745491935,484619.119427778,4976650.90460835,0.137777839359148,12.943
1094,1,0,accepted,0.135688084770191,0.260202179326322,484620.342622197,4976651.09166806,0.138451030200537,12.776
1095,1,0,accepted,0.265935405276336,0.602225692201735,484621.65222651,4976651.21098934,0.144253346987936,15.412
1096,1,0,accepted,0.272655506767289,0.655837528348355,484622.862830303,4976651.40974533,0.145288984326909,15.25
1097,1,0,accepted,0.196610755540247,0.379252477782683,484624.001025915,4976651.65784736,0.140441940012956,12.625
1098,1,0,accepted,0.203216920699777,0.393090270322422,484625.217370653,4976651.84661031,0.14065663869331,12.278
1099,1,0,accepted,0.208242431469039,0.447360967045606,484626.383721386,4976652.03002922,0.141519203540443,12.18
1100,1,0,accepted,0.211918808805201,0.387859440834909,484627.578308757,4976652.21973569,0.140661616742048,11.508
1101,1,0,accepted,0.074091774658412,0.256118287259757,484628.629057413,4976652.5166312,0.138148557509035,15.195
1102,1,0,accepted,0.0925138458785156,0.225817314667035,484629.766043963,4976652.72445668,0.137195629220181,15.832
1103,1,0,accepted,0.172639972925746,-0.233323767489896,484630.878416016,4976653.06296447,0.129575216331237,10.168
1104,1,0,accepted,0.174384016328655,-0.331491842291281,484632.079448843,4976653.26663867,0.127585504994765,9.727
1105,1,0,accepted,0.139006827062259,-0.193949235566334,484633.280757091,4976653.4163978,0.129755761654773,8.119
1106,1,0,accepted,0.117400350907705,-0.24163612349896,484634.492669925,4976653.60011823,0.128520231385146,9.037
1107,1,0,accepted,0.0917662979906878,-0.252413347616591,484635.702192828,4976653.77622047,0.128012352151564,8.913
1108,1,0,accepted,0.0770333119628416,-0.267065409613906,484636.902894572,4976653.9450176,0.127320629829971,8.616
1109,1,0,accepted,0.0628804429662993,-0.206354163783288,484638.1168742,4976654.09868504,0.128051393467664,8.359
1110,1,0,accepted,0.0484041731246485,-0.191385770112649,484639.34192883,4976654.27688089,0.127899744433224,8.382
1111,1,0,accepted,0.0673022931437667,-0.16048714671829,484640.58838321,4976654.45256406,0.128208752616539,8.463
1112,1,0,accepted,0.101097963891475,-0.19508192255062,484641.805538099,4976654.63252541,0.127091138155551,9.012
1113,1,0,accepted,0.129796852395102,-0.250723681295097,484643.007054486,4976654.80479489,0.125602172412211,8.386
1114,1,0,accepted,0.133668252618601,-0.166823700378929,484644.160226733,4976654.96511825,0.127048034649885,11.893
1115,1,0,accepted,0.14600817227056,-0.0593254503325481,484645.340181617,4976655.13935759,0.128148014756367,11.559
1116,1,0,accepted,0.163058006230589,-0.0451787712229869,484646.516623649,4976655.30659783,0.128618674746366,12.095
1117,1,0,accepted,0.208420944149502,-0.318660427895376,484647.718016044,4976655.45629322,0.123390969224619,10.778
1118,1,0,accepted,0.179951078082456,0.1040918910118,484648.838861926,4976655.65105888,0.130227174776196,11.762
1119,1,0,accepted,0.18629344994975,0.198306815351718,484650.002458377,4976655.8272663,0.131628583448483,11.221
1120,1,0,accepted,0.202685170553597,0.220528135535841,484651.162609967,4976655.99237455,0.131711370015607,10.659
1121,1,0,accepted,0.214376204808997,0.277782387519463,484652.333765119,4976656.16844768,0.132692844026238,10.681
1122,1,0,accepted,0.219508870016049,0.294941438373835,484653.478189703,4976656.33768766,0.132880158229044,10.564
1123,1,0,accepted,0.218129895606361,0.344876200974186,484654.60770157,4976656.51278059,0.133326497266519,9.855
1124,1,0,accepted,0.129969274462146,0.222657789903043,484655.697211631,4976656.76287046,0.13082341546178,11.264
1125,1,0,accepted,0.134575735120087,0.158415454805525,484656.777412926,4976656.92685958,0.129429656708613,10.271
1126,1,0,accepted,0.153561323427229,0.16490580436948,484657.915343611,4976657.08284194,0.129232328601028,9.78
1127,1,0,accepted,0.173150320163229,0.199065075481669,484659.045809078,4976657.2377069,0.129600910418926,9.944
1128,1,0,accepted,0.187020186510684,0.187071871482463,484660.185445412,4976657.39774289,0.129266415843659,8.913
1129,1,0,accepted,0.198423991004347,0.148489492108965,484661.324021821,4976657.5613846,0.128202429163557,9.777
1130,1,0,accepted,0.158657354767707,0.0895015074228962,484662.410089907,4976657.77143188,0.126858040805547,10.031
1131,1,0,accepted,0.175030899421202,0.160014289507553,484663.53040784,4976657.9264318,0.127932014313968,9.096
1132,1,0,accepted,0.183889660680983,0.241421398023835,484664.629507927,4976658.08804128,0.129125861733652,9.781
1133,1,0,accepted,0.182081184984232,0.25355354973161,484665.729745962,4976658.2607104,0.129348556396515,9.692
1134,1,0,accepted,0.169550035886381,0.2713501293081,484666.852178258,4976658.44199456,0.13013573247478,9.725
1135,1,0,accepted,0.156525346365795,0.262930752132245,484667.95598778,4976658.62461057,0.130122017796283,8.845
1136,1,0,accepted,0.137639796692319,0.135107018348839,484669.074342251,4976658.81552246,0.128204299159904,9.548
1137,1,0,accepted,0.132674789029054,0.0816348708748727,484670.171722326,4976658.99041138,0.127508637507663,9.578
1138,1,0,accepted,0.111352897245291,-0.0635753161091554,484671.275795175,4976659.18849134,0.125120199820799,8.983
1139,1,0,accepted,0.0830738386704961,-0.0895196168456877,484672.317028555,4976659.37282831,0.124938391215231,8.964
1140,1,0,accepted,0.0940242316895347,-0.0327418468517462,484673.396798449,4976659.52997653,0.126015815764344,8.874
1141,1,0,accepted,0.0995143650476598,-0.0169954860288426,484674.502618072,4976659.69841049,0.126483059055344,8.52
1142,1,0,accepted,0.138950633624426,-0.0378653529313826,484675.626247386,4976659.84306996,0.126142310141626,8.113
1143,1,0,accepted,0.146557860219993,0.0614384515663038,484676.686224878,4976660.00032073,0.127865815322275,9.655
1144,1,0,accepted,0.170483396095911,0.127753730780876,484677.751894093,4976660.14210569,0.128897968047485,9.541
1145,1,0,accepted,0.151442401101501,0.0614376957711633,484678.819314772,4976660.33268712,0.128045741497162,10.004
1146,1,0,accepted,0.154345336602082,0.126926609353709,484679.872445237,4976660.49327943,0.129275906541889,10.125
1147,1,0,accepted,0.158099994454755,0.174003486697364,484680.873159058,4976660.63887491,0.130146080294108,10.019
1148,1,0,accepted,0.139501099382915,0.0666465867897457,484681.925422743,4976660.82236662,0.128332384426846,10.512
1149,1,0,accepted,0.217524177306665,0.232059930934295,484683.083225547,4976660.94598276,0.13136383875707,10.233
1150,0,1,acceptedDirectional,0.124908359405283,-0.12830931403991,484684.127142724,4976661.23710616,0.125143078208198,8.071
1151,1,0,accepted,0.122380700672719,0.220504843361126,484684.922042981,4976661.44337982,0.131175991341689,9.699
1152,1,0,accepted,0.134454692147102,0.295269765453638,484685.946214183,4976661.61887907,0.132322786795873,8.155
1153,1,0,accepted,0.127347365696125,0.281931503501505,484686.987118491,4976661.78518671,0.132040102621107,8.093
1154,1,0,accepted,0.127570679825141,0.255251960291921,484688.021494018,4976661.95947882,0.13091394693884,7.537
1155,1,0,accepted,0.122158577186366,0.22200086640753,484689.053918058,4976662.10658168,0.130459871582369,7.573
1156,1,0,accepted,0.122447383809206,0.203840921878639,484690.079776074,4976662.25981233,0.129802084527514,7.474
1157,1,0,accepted,0.0983024216726728,0.143906881059078,484691.103710306,4976662.4196836,0.128646040034526,7.715
1158,1,0,accepted,0.0917933736001645,0.0920171334216218,484692.12878824,4976662.561289,0.127499658091662,6.976
1159,1,0,accepted,0.0780073035133303,0.0717038992797306,484693.155905015,4976662.71467786,0.126796669318396,7.269
1160,1,0,accepted,0.0682937126956804,0.0861181899613659,484694.181186015,4976662.85207847,0.126592465207867,7.503
1161,1,0,accepted,0.0683280210224755,0.107538413667769,484695.203852191,4976662.9881605,0.126247802077682,6.752
1162,1,0,accepted,0.0851004324812776,0.124964211395543,484696.210552703,4976663.12408168,0.125854909847234,6.885
1163,1,0,accepted,0.0951773971731775,0.154186587074505,484697.234194932,4976663.25812031,0.125589574804093,6.675
1164,1,0,accepted,0.116156840733409,0.189307689496646,484698.227622562,4976663.38683268,0.125243169030517,6.905
1165,1,0,accepted,0.14229323963395,0.245974315581545,484699.238617409,4976663.51141775,0.125227767148025,6.715
1166,1,0,accepted,0.169353820522339,0.276674242705249,484700.259252213,4976663.63919628,0.124725075347428,6.27
1167,1,0,accepted,0.193250526794791,0.327005944319417,484701.264869292,4976663.76912924,0.124621522641965,7.008
1168,1,0,accepted,0.188197217864819,0.318375980237818,484702.229937363,4976663.91427261,0.123474074988756,7.241
1169,1,0,accepted,0.201364912673211,0.30172248966598,484703.214483461,4976664.04641871,0.122247253947575,7.644
1170,1,0,accepted,0.211099141490693,0.333601876497265,484704.194851945,4976664.17987686,0.121639307876498,7.485
