frame,accepted,directional,reason,errorM,yawErrorDeg,x,y,psi,matchingMs
1,0,0,insufficientComponents,0.640312423976002,2,484201.572914107,4977500.52147539,-2.10588080737395,14.694
2,1,0,accepted,0.0873973692284841,0.274397961714462,484201.053884855,4977500.83630625,-2.13600063824064,23.408
3,1,0,accepted,0.0798755354442002,0.198873916565947,484201.046035256,4977500.84656796,-2.13729914493172,12.711
4,1,0,accepted,0.0882015847195099,0.265921212879626,484201.055521985,4977500.83547575,-2.13613353564423,12.579
5,1,0,accepted,0.0811106785256675,0.20987066446681,484201.045134548,4977500.84598443,-2.13711521656597,12.14
6,1,0,accepted,0.0767173540760567,0.224928405841888,484201.042030549,4977500.85227738,-2.13683721759844,15.967
7,1,0,accepted,0.0741808974409637,0.182052902177374,484201.041632307,4977500.85525662,-2.13757901668179,13.014
8,1,0,accepted,0.0728947122039606,0.214181866881659,484201.03870367,4977500.85653435,-2.13702208756029,14.917
9,1,0,accepted,0.0816717899769469,0.147094343764351,484201.036878561,4977500.84371723,-2.13817503317694,12.789
10,1,0,accepted,0.0786481639457102,0.186555477209717,484201.031278492,4977500.84234496,-2.13749619228176,13.888
11,1,0,accepted,0.0686184306799609,0.169605306940758,484201.029774576,4977500.84158896,-2.13780195892954,12.705
12,1,0,accepted,0.071774215870264,0.444011129147599,484201.011691759,4977500.83124348,-2.13297999288389,24.249
13,1,0,accepted,0.0515708958893147,0.246747408192639,484201.027411836,4977500.82338921,-2.13646488808526,16.869
14,1,0,accepted,0.0343831607082111,0.292738209138258,484201.003855695,4977500.82820509,-2.13559077307074,16.443
15,1,0,accepted,0.0296235460777147,0.191353796728612,484200.997074005,4977500.80083511,-2.13730026267964,14.899
16,1,0,accepted,0.0270195199551935,0.0970553626395959,484200.976115786,4977500.77497606,-2.13883333095679,13.301
17,1,0,accepted,0.0311547398462335,0.12659187535928,484200.950952656,4977500.73756685,-2.13814545218833,12.206
18,1,0,accepted,0.0337800664224029,0.168742144402579,484200.92192353,4977500.69773231,-2.1372320671377,11.282
19,1,0,accepted,0.0366832362045373,0.0774787063829483,484200.888303911,4977500.65404456,-2.13854652240544,12.738
20,1,0,accepted,0.0376477119839866,0.0827314775618425,484200.855481798,4977500.60355167,-2.13799641429321,14.135
21,1,0,accepted,0.0299792935424714,-0.0111408342100577,484200.8283933,4977500.55004936,-2.138996775165,10.478
22,1,0,accepted,0.0432124024453338,-0.0336031545546484,484200.822465456,4977500.46768283,-2.13868545875345,10.732
23,1,0,accepted,0.0130093851754817,-0.24446215034825,484200.759358023,4977500.43037787,-2.14145843663837,12.082
24,0,0,inconsistentClasses,0.005377748655475,-0.25337163663067,484200.716115241,4977500.36097329,-2.1403387156964,14.061
25,0,0,inconsistentClasses,0.00404858406187473,-0.262172701732494,484200.667921479,4977500.28414831,-2.13910294346454,13.715
26,1,0,accepted,0.0198758398358256,-0.466807817152248,484200.615702572,4977500.17919424,-2.14055043295381,11.679
27,1,0,accepted,0.011827916628863,-0.611592265409703,484200.54571071,4977500.0931914,-2.14150616220929,12.177
28,1,0,accepted,0.00254195374288792,-0.51077454016635,484200.464757931,4977499.98571775,-2.13943982861465,11.762
29,0,0,inconsistentClasses,0.0117451935215402,-0.553069892193947,484200.399683011,4977499.87435178,-2.1380293238778,13.615
30,1,0,accepted,0.00673110783422462,-0.246700538362557,484200.323777521,4977499.74807076,-2.130064219718,10.761
31,1,0,accepted,0.0135283807124733,-0.0989204662402569,484200.238150864,4977499.63320643,-2.12670223869494,10.273
32,1,0,accepted,0.0100797421704343,-0.402908378345526,484200.175209319,4977499.49512406,-2.13098637175838,11.613
33,0,0,inconsistentClasses,0.0142198136423143,-0.394076301885819,484200.095548876,4977499.36280227,-2.12904327860675,14.494
34,1,0,accepted,0.0365507448033479,0.541100022447251,484200.019662029,4977499.18831361,-2.110712074952,10.449
35,1,0,accepted,0.0261509964816092,0.474077120905311,484199.932856013,4977499.0570189,-2.11001856973204,10.535
36,1,0,accepted,0.0187533721647971,0.796211771962203,484199.840515695,4977498.92029502,-2.1030895358682,12.274
37,0,0,inconsistentClasses,0.0231658762128605,0.799548159002946,484199.751505785,4977498.76712502,-2.10194678756572,16.289
38,1,0,accepted,0.0339289983666368,0.264708797077358,484199.648245629,4977498.57975796,-2.10983457702613,10.888
39,1,0,accepted,0.0111853000692433,0.146322816400935,484199.549770129,4977498.45082964,-2.11056337664386,9.782
40,1,0,accepted,0.0197684380728389,0.175451105264901,484199.460223545,4977498.29078014,-2.10921164378483,9.807
41,1,0,accepted,0.0236292580567251,0.193548143649393,484199.360765802,4977498.12821451,-2.10853961937965,10.421
42,1,0,accepted,0.0307689317861848,0.32065259510416,484199.260038716,4977497.92540847,-2.10643973437711,11.361
43,1,0,accepted,0.015450931019547,0.234911744756384,484199.152472124,4977497.77451923,-2.10790842621128,10.273
44,1,0,accepted,0.019387588796604,0.310186907076286,484199.053036136,4977497.59508202,-2.10679548060528,10.962
45,1,0,accepted,0.0182859144054261,0.308861298700832,484198.950073137,4977497.42439191,-2.10701386716243,10.759
46,1,0,accepted,0.0504469478613374,0.399992563583317,484198.856375123,4977497.22430368,-2.1053373393403,10.156
47,0,0,inconsistentClasses,0.0474652821510807,0.41031305696426,484198.757734595,4977497.06170384,-2.10614084509912,11.539
48,1,0,accepted,0.0147491154840867,0.27426802868961,484198.655554414,4977496.93117925,-2.10939175743715,11.22
49,1,0,accepted,0.0531081109813274,0.40416885607145,484198.581837796,4977496.7306726,-2.10787865019155,11.729
50,1,0,accepted,0.0342813158584697,0.321225279432074,484198.470150224,4977496.57920792,-2.10997182926382,11.322
51,1,0,accepted,0.0422876488456107,0.353904555150116,484198.379520038,4977496.41566166,-2.1100625706204,10.403
52,1,0,accepted,0.0362990598621798,0.328276008249476,484198.292706001,4977496.26944814,-2.11054455182556,10.151
53,1,0,accepted,0.0423341739459988,0.361194159162556,484198.211704142,4977496.11505953,-2.11028503865703,16.615
54,1,0,accepted,0.0391064517382569,0.352554389695835,484198.12369751,4977495.96731388,-2.11118251566813,10.688
55,1,0,accepted,0.0328478161201524,0.339152526624295,484198.034408863,4977495.81923839,-2.11174526903648,9.21
56,1,0,accepted,0.0353813406332323,0.405521168723438,484197.957759371,4977495.66814709,-2.11072137756691,10.179
57,1,0,accepted,0.0407849194309801,0.456953469701577,484197.864943328,4977495.49961572,-2.11034180524701,10.637
58,1,0,accepted,0.0507777069336358,0.204832074992171,484197.759806876,4977495.41968912,-2.11512996252588,10.723
59,1,0,accepted,0.0466343156077407,0.238875795927921,484197.663349274,4977495.24845408,-2.11439035207702,10.473
60,1,0,accepted,0.050722896487399,0.248231431597873,484197.568893396,4977495.08156705,-2.11382171863768,11.953
61,1,0,accepted,0.10712964618748,0.127569979700353,484197.486022483,4977494.96269349,-2.1147969453917,12.81
62,1,0,accepted,0.080781995790072,0.206696980369571,484197.371719669,4977494.76495267,-2.11193296056617,12.403
63,1,0,accepted,0.0228123522125677,0.319983152647225,484197.26668158,4977494.52165192,-2.10743877053207,10.098
64,1,0,accepted,0.0178099836983527,0.321026455698543,484197.157829428,4977494.33044304,-2.10604758421813,9.081
65,1,0,accepted,0.00986728841753747,0.353254055180939,484197.045704617,4977494.14745864,-2.10477549610112,9.485
66,1,0,accepted,0.0145027554215249,0.314885183176423,484196.948740664,4977493.96511668,-2.10356771618759,10.035
67,1,0,accepted,0.0169092465149597,0.26539004434347,484196.843118189,4977493.77488171,-2.10114159419804,9.969
68,1,0,accepted,0.0168323163997258,0.270072146934363,484196.731343494,4977493.57876305,-2.09673054655614,9.76
69,1,0,accepted,0.0307186190074968,0.295669346427523,484196.629602942,4977493.36942791,-2.09065350224872,10.439
70,1,0,accepted,0.0303616696960563,0.203124416937462,484196.517347408,4977493.17691321,-2.08505288995393,9.999
71,1,0,accepted,0.042361235102629,0.528938294331448,484196.366353808,4977492.91882207,-2.07089458240995,12.997
72,1,0,accepted,0.0244899887185389,0.0521105662292078,484196.210955799,4977492.72353259,-2.0693378265296,14.583
73,1,0,accepted,0.0201275982763531,0.22449407307698,484196.092014237,4977492.46207161,-2.05485353784331,11.67
74,1,0,accepted,0.0176285463841472,0.157644462464749,484195.943426138,4977492.20717985,-2.04256289046988,12.202
75,1,0,accepted,0.030601537832527,0.380725606869037,484195.79631248,4977491.9067923,-2.0230143555069,13.422
76,1,0,accepted,0.00601190770275251,0.18718157728178,484195.654549025,4977491.63857137,-2.00979258016056,12.557
77,1,0,accepted,0.0286317846539069,0.0362194353668395,484195.508235586,4977491.35785975,-1.99625007865158,12.944
78,1,0,accepted,0.037944810774211,-0.108469662249582,484195.360275222,4977491.03708518,-1.97931166695367,11.157
79,1,0,accepted,0.00965886333431083,0.117693920830889,484195.198193246,4977490.65762799,-1.95532570203247,13.661
80,1,0,accepted,0.048994851894025,-0.327909384588099,484195.101435677,4977490.30961693,-1.94063978428709,13.067
81,1,0,accepted,0.0364384346264384,-0.217101564923468,484194.933216491,4977489.94071904,-1.91428697507964,11.329
82,1,0,accepted,0.0417798816261551,-0.108759563596958,484194.785318204,4977489.56184737,-1.88688207818655,12.884
83,1,0,accepted,0.0671451442764723,-0.20050441649241,484194.633755251,4977489.18670964,-1.86142661257524,12.71
84,1,0,accepted,0.0818230020840331,-0.14498937230615,484194.498426806,4977488.79032562,-1.83383665727255,12.352
85,1,0,accepted,0.0825078347773509,-0.303612490047145,484194.381689134,4977488.35721774,-1.80959279156225,12.757
86,1,0,accepted,0.0928882178215947,-0.0615635116532678,484194.245846005,4977487.92723552,-1.77943606607532,12.556
87,1,0,accepted,0.101152493340468,-0.341439943011558,484194.177052796,4977487.47811258,-1.7568845746391,13.341
88,1,0,accepted,0.102715363961847,0.142710276499747,484194.07785003,4977487.02054222,-1.72149407017432,13.487
89,1,0,accepted,0.105348113518076,-0.185922253638786,484194.010923684,4977486.55462824,-1.69939800250746,12.498
90,1,0,accepted,0.126450523909433,-0.0695910170731354,484193.973467298,4977486.08662873,-1.66909502065791,14.182
91,1,0,accepted,0.112323789024336,-0.189329532527325,484193.901425362,4977485.58666706,-1.64131686200714,12.428
92,1,0,accepted,0.0997231604858843,-0.152362432204817,484193.839264674,4977485.08150823,-1.61073452753202,12.38
93,1,0,accepted,0.107383046007708,-0.29929938377655,484193.805187895,4977484.58334142,-1.58354774814799,14.621
94,1,0,accepted,0.0986184585801618,-0.36389323372922,484193.779840186,4977484.06262126,-1.55482039741494,13.14
95,1,0,accepted,0.115465397136272,-0.532493965705689,484193.779531286,4977483.55463941,-1.52713313713529,12.765
96,1,0,accepted,0.127406399176775,-0.511728347158327,484193.792484371,4977483.03352618,-1.49539668129708,11.416
97,1,0,accepted,0.16827263107543,-0.81013001961595,484193.833281735,4977482.54233411,-1.4695153551478,13.755
98,1,0,accepted,0.182075874748602,-0.914520794290904,484193.884000523,4977482.01718027,-1.43982789261962,14.864
99,1,0,accepted,0.148528079655539,-0.744579364824081,484193.94623234,4977481.43764572,-1.40658722400501,14.501
100,1,0,accepted,0.114422135522572,-0.532297779663953,484194.020027383,4977480.85484414,-1.37226049739071,14.45
101,1,0,accepted,0.109938776647591,-0.61055167979713,484194.117295794,4977480.28545093,-1.34472211516445,15.356
102,1,0,accepted,0.0986693726279346,-0.414783860974671,484194.280294276,4977479.71344272,-1.31425314672658,17.449
103,1,0,accepted,0.0999865010886671,-0.539758540673484,484194.404640138,4977479.15120628,-1.29054230201251,14.7
104,1,0,accepted,0.0861863604428699,-0.294135428560669,484194.556651964,4977478.56625379,-1.26119722516497,16.181
105,1,0,accepted,0.0738594011444916,-0.116325662556157,484194.723554365,4977477.9725878,-1.23436315892007,20.466
106,1,0,accepted,0.100521085497278,-0.355608056560023,484194.923224029,4977477.42041519,-1.21753066932283,20.13
107,1,0,accepted,0.0654573091253753,0.00152264677809724,484195.149123206,4977476.80156866,-1.19294647106687,14.54
108,1,0,accepted,0.0574715024008928,0.0839296655941912,484195.379155817,4977476.19990098,-1.17532077478755,12.664
109,1,0,accepted,0.0666324265653399,0.123765615340522,484195.629249141,4977475.60036841,-1.16035987734326,12.465
110,1,0,accepted,0.0461692707320131,0.42797005107911,484195.901788194,4977474.99810044,-1.14343272219094,13.322
111,1,0,accepted,0.0527450412724594,0.463625568585144,484196.166157166,4977474.39084949,-1.13244095966444,12.207
112,1,0,accepted,0.105002748515899,0.292393733758536,484196.426762723,4977473.82134569,-1.12667652884896,14.342
113,1,0,accepted,0.0953602821192724,-0.305569744240322,484196.783546697,4977473.2100595,-1.12969271074775,20.981
114,1,0,accepted,0.0658198892759982,0.54951955163418,484197.07895578,4977472.54537184,-1.10877996461129,15.803
115,1,0,accepted,0.0767613852193271,0.410060651770914,484197.414956438,4977471.92442917,-1.10627312317361,14.042
116,1,0,accepted,0.0748978891419216,0.542359592788201,484197.767010956,4977471.27335425,-1.10027652304595,13.523
117,1,0,accepted,0.0662659130125967,0.308871788829259,484198.107000564,4977470.61240567,-1.1013633094868,14.283
118,1,0,accepted,0.0693936791604323,0.262435926738707,484198.498948312,4977469.90781082,-1.10076951853723,14.108
119,1,0,accepted,0.0506806282488919,0.422165462373185,484198.840612684,4977469.20472811,-1.09806090387176,13.574
120,1,0,accepted,0.0431256435490063,0.44663948078406,484199.192732665,4977468.52485002,-1.09884312202441,12.137
121,1,0,accepted,0.0385838350441682,0.382497171342692,484199.549363757,4977467.81646559,-1.10220491328866,13.194
122,1,0,accepted,0.0451604749220311,0.374603070787923,484199.917915425,4977467.10055782,-1.10365344111427,12.892
123,1,0,accepted,0.0547495778160948,0.0966867286710002,484200.301377015,4977466.41151484,-1.11058227871012,14.203
124,1,0,accepted,0.0613207405701265,-0.0898217761040293,484200.682181731,4977465.68920165,-1.11616846261264,14.154
125,1,0,accepted,0.0755958149935551,-0.0300558391429795,484201.066923307,4977464.93018027,-1.11855649019164,16.23
126,1,0,accepted,0.0653537166684057,0.110917672645579,484201.433206743,4977464.18120432,-1.12025651598643,15.291
127,1,0,accepted,0.0722276543538884,0.172956939789418,484201.823070319,4977463.42462135,-1.12426059844991,15.002
128,1,0,accepted,0.0594264890123684,0.211626144388307,484202.184287209,4977462.64742792,-1.12942839834424,21.504
129,1,0,accepted,0.0435782694740767,0.220310131874897,484202.544623465,4977461.87144468,-1.13479390077561,15.809
130,1,0,accepted,0.043156936089648,0.0913049254648225,484202.929244605,4977461.09344588,-1.14366864257602,15.07
131,1,0,accepted,0.0776524845751974,0.213207200850701,484203.280135012,4977460.27153361,-1.14736205960104,14.358
132,1,0,accepted,0.0725445833931528,0.180440907231415,484203.671459578,4977459.4596427,-1.15504164527642,13.121
133,1,0,accepted,0.0967735201716051,0.403405284590744,484204.041574101,4977458.62011437,-1.15793403564112,14.125
134,1,0,accepted,0.109369364014198,0.245799942928578,484204.413501213,4977457.77817028,-1.16753799015178,14.585
135,1,0,accepted,0.156552151213839,0.480909474159918,484204.762872358,4977456.90071542,-1.17027933044166,14.225
136,1,0,accepted,0.160919860991904,0.44108244178621,484205.143312647,4977456.03996498,-1.17790294778752,14.804
137,1,0,accepted,0.13501661943613,0.337545872553401,484205.550508598,4977455.18233059,-1.18663369155141,14.761
138,1,0,accepted,0.14388047575666,0.317948281068934,484205.930562431,4977454.29521913,-1.19392931996075,14.632
139,1,0,accepted,0.078287493952696,0.313653092588476,484206.317295207,4977453.48250532,-1.20070190543499,15.43
140,1,0,accepted,0.0439117234917244,0.272534726278278,484206.75151951,4977452.6661347,-1.2085193388789,15.812
141,1,0,accepted,0.0535143193155504,0.190239156719139,484207.131623516,4977451.77180098,-1.21680060221859,15.289
142,1,0,accepted,0.0697024414277469,0.309126252130456,484207.475549763,4977450.86450292,-1.22139490395653,14.116
143,1,0,accepted,0.0590543347685959,0.416375321872392,484207.833404501,4977449.92679092,-1.22658590827913,15.046
144,1,0,accepted,0.0375485531761997,0.223978678298568,484208.180490443,4977448.94249995,-1.23659483615661,12.935
145,1,0,accepted,0.0666910542138613,0.00559878104560498,484208.552144057,4977447.93513144,-1.24803911966436,15.684
146,1,0,accepted,0.0761410082546284,0.00660469803083347,484208.924154478,4977446.97204502,-1.25392243130466,13.777
147,1,0,accepted,0.237019727485668,0.403352131547968,484209.258248847,4977445.84701383,-1.25469971044974,18.708
148,1,0,accepted,0.258364712662999,0.616082670776187,484209.60343996,4977444.86102073,-1.25732700604441,20.51
149,1,0,accepted,0.22015668555272,0.598159280337752,484209.924945976,4977443.92652551,-1.26450191679271,17.879
150,1,0,accepted,0.277267640490346,0.911583301433718,484210.155546906,4977442.93979599,-1.265443125588,22.227
151,1,0,accepted,0.090750234779633,0.130535865288369,484210.618910248,4977442.11112411,-1.28624738910025,21.238
152,1,0,accepted,0.0986031838249821,0.15053534554389,484210.924433273,4977441.1078038,-1.29289081613119,12.289
153,1,0,accepted,0.120535553117902,0.167057587031205,484211.200927847,4977440.11565018,-1.29924238056112,16.517
154,1,0,accepted,0.136628536391804,0.249532877478566,484211.495393549,4977439.113433,-1.30402493397045,14.266
155,1,0,accepted,0.143820079441422,0.287341002792911,484211.79686024,4977438.11606932,-1.31055681099548,13.633
156,1,0,accepted,0.137721538919073,0.260047293802382,484212.117609775,4977437.09780953,-1.31770527781251,16.357
157,1,0,accepted,0.128171173304159,0.155855592672396,484212.411159349,4977436.11500064,-1.3265114660811,14.246
158,1,0,accepted,0.0944913651807376,-0.413939019863546,484212.855554249,4977435.13916424,-1.34341623700821,15.655
159,1,0,accepted,0.104459451194283,-0.425713334767827,484213.156554753,4977434.10452711,-1.35004421409528,15.527
160,1,0,accepted,0.128323055708621,-0.173085310556585,484213.433452545,4977433.05693912,-1.35199460407863,14.36
161,1,0,accepted,0.10629673878069,-0.0668876256031998,484213.679091717,4977432.0411506,-1.35699303448809,14.676
162,1,0,accepted,0.0788243608118314,-0.0880357193582637,484213.932568615,4977431.04266893,-1.36399598784408,17.241
163,1,0,accepted,0.0444761323097351,-0.127611247120319,484214.129009015,4977430.04257695,-1.37108001356112,20.896
164,1,0,accepted,0.0731520302413236,0.0804163394660195,484214.349369423,4977429.02142766,-1.3738800511827,17.495
165,1,0,accepted,0.079343649994444,-0.0483073852797429,484214.581861785,4977428.01528252,-1.38219014106644,21.496
166,1,0,accepted,0.137239881767153,0.141748095006305,484214.768180514,4977426.96988263,-1.38514348429698,17.943
167,1,0,accepted,0.142222613167396,-0.0690252432932179,484214.998970422,4977425.95473852,-1.39499915903183,17.369
168,1,0,accepted,0.154642650829855,0.276078790996096,484215.216150116,4977424.90062619,-1.39576633940956,17.113
169,1,0,accepted,0.136502072382841,0.198579701624732,484215.457816362,4977423.8623026,-1.40372967579094,23.06
170,1,0,accepted,0.125943940760223,-0.0566446584077909,484215.686285147,4977422.83231419,-1.41487121980476,19.604
171,1,0,accepted,0.146301089152915,0.181736501281876,484215.873691686,4977421.7803259,-1.41791165152765,21.762
172,1,0,accepted,0.198773711273587,0.235334585558725,484216.024297719,4977420.73698828,-1.42421494714402,20.516
173,1,0,accepted,0.207364833466093,0.457547371226319,484216.210355498,4977419.67333547,-1.42792128099056,26.643
174,1,0,accepted,0.203043463752203,0.460378816786852,484216.401781173,4977418.60214108,-1.43520888019348,21.696
175,1,0,accepted,0.289271169271972,0.55545936793958,484216.497084758,4977417.56575317,-1.44087757199371,21.241
176,1,0,accepted,0.326965195270802,0.785693906257284,484216.632110133,4977416.50237205,-1.44419406639836,31.995
177,1,0,accepted,0.266116317898546,0.497586235581017,484216.855871008,4977415.41281706,-1.45666448658462,20.51
178,1,0,accepted,0.290198560073808,0.457099113077461,484216.99057218,4977414.30717257,-1.4647101363941,21.882
179,1,0,accepted,0.26602632847909,0.731216021837477,484217.216614704,4977413.10152488,-1.46738031449766,19.137
180,1,0,accepted,0.277117485578053,0.632493766835801,484217.342678763,4977412.02437576,-1.47615924294659,15.337
181,1,0,accepted,0.213689912735146,0.54112354283517,484217.599469374,4977410.90756608,-1.4854817086363,16.999
182,1,0,accepted,0.238265334335985,0.615915812362931,484217.723878311,4977409.79519499,-1.49089189669925,16.392
183,1,0,accepted,0.242870461203825,0.63480889052291,484217.837817143,4977408.69022689,-1.49769312452622,15.762
184,1,0,accepted,0.294529496505978,0.931266914721724,484217.899946436,4977407.57739674,-1.49927299385871,16.969
185,1,0,accepted,0.107251440117518,-0.269557792546875,484218.174343407,4977406.6091192,-1.52695329928631,21.1
186,1,0,accepted,0.0842569780729489,-0.355496538627984,484218.278508137,4977405.52223096,-1.53526301271458,18.301
187,1,0,accepted,0.058343212138606,-0.311366313138407,484218.379504758,4977404.43833464,-1.54138813196765,16.651
188,1,0,accepted,0.0709791733989377,-0.250029804805099,484218.467252342,4977403.30355253,-1.54633953309514,13.928
189,1,0,accepted,0.0542327461750414,0.0730096799194492,484218.492564195,4977402.19742292,-1.54610102290449,12.998
190,1,0,accepted,0.0666055449705199,0.313871011070386,484218.543780096,4977401.08208806,-1.54659160517495,16.786
191,1,0,accepted,0.0756843495126038,0.473241859599125,484218.587354326,4977399.95697393,-1.54826371899582,19.3
192,1,0,accepted,0.0670644374118632,0.133138476518153,484218.644625037,4977398.84153672,-1.55779098734585,14.578
193,1,0,accepted,0.0715543083276454,0.250619519695207,484218.690786312,4977397.70132231,-1.55878275326269,14.707
194,1,0,accepted,0.0857090809553542,0.146974519730672,484218.724324698,4977396.54863181,-1.56316742784498,17.533
195,1,0,accepted,0.0945318713618393,0.125811947662786,484218.763067092,4977395.41043893,-1.56579030254158,14.894
196,1,0,accepted,0.0918445239396979,0.0741793407521541,484218.810940479,4977394.25427034,-1.56910933235332,22.162
197,1,0,accepted,0.0774604679514378,0.061639726691392,484218.864534199,4977393.08179137,-1.5714065241814,25.83
198,1,0,accepted,0.0422983449684322,-0.0367794151522014,484218.934807683,4977391.89544701,-1.57495364183007,28.983
199,1,0,accepted,0.0820378134140489,0.209496896283405,484218.932598286,4977390.72908856,-1.57240862814059,31.3
200,1,0,accepted,0.0376229010872697,-0.110196932579603,484219.070767967,4977389.54174016,-1.57976667996276,23.58
201,1,0,accepted,0.0439600960165389,-0.0595307619830498,484219.089318823,4977388.36035363,-1.58025917336054,25.266
202,1,0,accepted,0.0755449585858635,0.147345781268158,484219.078670832,4977387.19180629,-1.57797344242725,18.78
203,1,0,accepted,0.0701790356937048,0.154729086569152,484219.102642913,4977386.05627814,-1.57906539816076,16.91
204,1,0,accepted,0.0693234845206317,0.123519712255261,484219.106697895,4977384.83094148,-1.57916298084314,14.976
205,1,0,accepted,0.073219912927322,0.144173233080859,484219.114791794,4977383.59861306,-1.57844315222667,13.93
206,1,0,accepted,0.113109488030014,0.224109653689048,484219.093972167,4977382.3539876,-1.57586395792115,12.494
207,1,0,accepted,0.119642731417648,0.136212490721128,484219.113546288,4977381.09656265,-1.57594225130628,12.748
208,1,0,accepted,0.141137419786955,0.125349150300481,484219.118566615,4977379.86176951,-1.57399685108932,13.863
209,1,0,accepted,0.153992698328699,0.0721895416136796,484219.134277787,4977378.61068793,-1.57214017508523,13.686
210,1,0,accepted,0.177886254506331,0.0734466304059837,484219.139607754,4977377.36900901,-1.5690357726963,13.395
211,1,0,accepted,0.133225944353336,-0.00667083238081567,484219.2154712,4977376.14575928,-1.56678313465052,15.947
212,1,0,accepted,0.157124690900039,-0.0202457836545531,484219.230148673,4977374.88395457,-1.56315181085324,14.74
213,1,0,accepted,0.182141719732139,-0.0611240524594079,484219.248526819,4977373.62130568,-1.55979754761426,12.993
214,1,0,accepted,0.173960308076891,0.11514860842214,484219.304875341,4977372.35759434,-1.55275171805058,14.368
215,1,0,accepted,0.11694578750196,0.436840075839903,484219.423668043,4977371.04526783,-1.54253277853589,15.488
216,1,0,accepted,0.135288149628306,0.487106919932354,484219.475328575,4977369.74347094,-1.5366206989082,14.005
217,1,0,accepted,0.158687817154395,0.499981826661372,484219.497337887,4977368.50319525,-1.53148154951769,15.004
218,1,0,accepted,0.127186575254899,0.319514603908894,484219.595690358,4977367.22603664,-1.52927992094973,13.934
219,1,0,accepted,0.101637652363004,0.222307983046413,484219.68999322,4977365.96337651,-1.52573823923823,13.886
220,1,0,accepted,0.12338951907734,0.272909423017103,484219.776701968,4977364.76976998,-1.51937105795567,13.247
221,1,0,accepted,0.140396521575235,0.247596268453199,484219.857442128,4977363.50197152,-1.51429134298525,12.628
222,1,0,accepted,0.144703125236086,0.0989820583630018,484219.947711689,4977362.2083672,-1.51126953834647,12.195
223,1,0,accepted,0.171456458366714,0.0767739318198104,484220.034475791,4977360.93106982,-1.5054759322286,11.404
224,1,0,accepted,0.121680273482506,-0.247118133684693,484220.216724651,4977359.62392024,-1.50480116310401,10.999
225,1,0,accepted,0.138096978551606,-0.241559895939117,484220.320283137,4977358.32788886,-1.49815372752131,11.11
226,1,0,accepted,0.164117638219861,-0.0272485620357865,484220.435347987,4977357.04732103,-1.48794553787422,10.959
227,1,0,accepted,0.168799640696085,-0.0678233612775658,484220.562642832,4977355.72385739,-1.48194313039312,10.74
228,1,0,accepted,0.171798069366729,-0.0566013632573244,484220.677466126,4977354.42578666,-1.47487051381762,12.015
229,1,0,accepted,0.168265726680155,-0.0436485274196222,484220.829074405,4977353.11635967,-1.46784718669058,12.913
230,1,0,accepted,0.17492005653285,0.141133322136227,484220.980191394,4977351.80839345,-1.45820516746811,14.173
231,1,0,accepted,0.161058288524075,0.123687984621428,484221.17138565,4977350.50214353,-1.45166273470464,12.95
232,1,0,accepted,0.164886739012402,0.239410916612685,484221.340665139,4977349.1867825,-1.44337000825467,12.872
233,1,0,accepted,0.119670940800355,0.0627514271400678,484221.560534051,4977347.84398771,-1.43990807211086,14.199
234,1,0,accepted,0.153820701414011,0.286281782986365,484221.736010985,4977346.55682891,-1.42943460062924,15.447
235,1,0,accepted,0.184973301525243,0.498514222323975,484221.918379733,4977345.26455654,-1.41925897212298,17.251
236,1,0,accepted,0.128194968670185,0.0770041959238155,484222.171625074,4977343.89110448,-1.4200598554088,14.111
237,1,0,accepted,0.18417945333128,0.391295934434467,484222.348040002,4977342.59675937,-1.40791085272769,14.955
238,1,0,accepted,0.164335304491695,0.365134816813958,484222.590854652,4977341.26054207,-1.40177265563299,13.395
239,1,0,accepted,0.148759202687881,0.173165117534928,484222.837783743,4977339.88175302,-1.39820589873273,13.194
240,1,0,accepted,0.168815044296956,0.0958912691992534,484223.08034185,4977338.50025051,-1.39342827052604,14.064
241,1,0,accepted,0.193969958835236,0.15820317293954,484223.31242959,4977337.18919823,-1.38546820582884,13.272
242,1,0,accepted,0.213675171593859,0.250120191935878,484223.563312579,4977335.86139338,-1.37776889366423,13.302
243,1,0,accepted,0.227880856171576,0.42871384202848,484223.821192031,4977334.56620655,-1.36858867338214,13.735
244,1,0,accepted,0.224225777924796,0.593024470210354,484224.112008855,4977333.25448371,-1.3600266716996,13.838
245,1,0,accepted,0.223355522931985,0.953709928454687,484224.410515502,4977331.95320148,-1.34887826136384,14.982
246,1,0,accepted,0.231085911420378,1.11273132409094,484224.714401418,4977330.68379854,-1.34240814903055,13.205
247,1,0,accepted,0.227560405883221,1.28987472399305,484225.060082142,4977329.41697069,-1.33655906118015,12.939
248,1,0,accepted,0.162807845271427,0.965212403814229,484225.410185239,4977328.0072864,-1.34029675469694,12.488
249,1,0,accepted,0.129370741045068,0.851005102302022,484225.761399213,4977326.66046806,-1.3400932142751,13.615
250,1,0,accepted,0.121901085471105,0.757587918294001,484226.096029311,4977325.29623136,-1.33958387501625,14.032
251,1,0,accepted,0.114496650181525,0.467741396991551,484226.448729433,4977323.92058303,-1.34295738751895,14.626
252,1,0,accepted,0.076079890433676,0.103659324712302,484226.845360661,4977322.57227002,-1.3477780715404,15.912
253,1,0,accepted,0.0764523257590637,0.197208369024191,484227.178301376,4977321.22456766,-1.34487768606895,15.697
254,1,0,accepted,0.0895727113821274,0.17849976883086,484227.500224237,4977319.89337335,-1.3434423790135,14.535
255,1,0,accepted,0.0893084830987817,0.170299552228413,484227.839225354,4977318.54191481,-1.34176359978847,14.712
256,1,0,accepted,0.0678020565375023,0.342609242406881,484228.181298784,4977317.22051173,-1.33754994107671,13.799
257,1,0,accepted,0.0556618868518593,0.318247474607721,484228.524091076,4977315.89320624,-1.33655839475962,13.092
258,1,0,accepted,0.0460686720510822,0.39333336460515,484228.886063954,4977314.53271412,-1.33500448354333,12.434
259,1,0,accepted,0.0463910299963117,0.282118588717884,484229.218471436,4977313.20000581,-1.33542598751139,12.576
260,1,0,accepted,0.0354028776090009,0.256438258317981,484229.579404598,4977311.85227184,-1.33522014866539,12.687
261,1,0,accepted,0.0366474299394435,0.204269625944749,484229.928243418,4977310.52430836,-1.33526529546482,13.698
262,1,0,accepted,0.0446011569645481,0.231948556470538,484230.279203063,4977309.17018397,-1.33375159819753,13.733
263,1,0,accepted,0.0671165007559745,0.0426166527531485,484230.647627067,4977307.84333732,-1.33679594482923,14.207
264,1,0,accepted,0.0675217420784534,0.0436575367573211,484230.987386836,4977306.47047746,-1.33543470326573,13.234
265,1,0,accepted,0.0675524214895571,0.100837718611314,484231.339181153,4977305.06669936,-1.33416556394496,11.241
266,1,0,accepted,0.0732161643141568,0.126333629793765,484231.693463879,4977303.69429516,-1.33331675493194,11.192
267,1,0,accepted,0.0727286807208906,0.198966557060192,484232.050507659,4977302.31534342,-1.33146503801155,12.184
268,1,0,accepted,0.0802749029042572,0.163551034300334,484232.408688816,4977300.91593241,-1.33114698744367,11.795
269,1,0,accepted,0.0917622984807797,0.139417451244199,484232.769992864,4977299.51387621,-1.33074576654095,12.082
270,1,0,accepted,0.104139934892661,0.193043831069382,484233.135911281,4977298.1083626,-1.32947960768402,12.127
271,1,0,accepted,0.133190382740593,0.203339173543286,484233.498328793,4977296.68193601,-1.32902344730291,17.846
272,1,0,accepted,0.151921169576931,0.208429229048939,484233.861524486,4977295.27767723,-1.32882706684716,18.397
273,1,0,accepted,0.172778747818435,0.257138364371688,484234.217458362,4977293.87477105,-1.32841208384255,14.42
274,1,0,accepted,0.180786767067584,0.203919673990516,484234.578686638,4977292.49682771,-1.3296425477899,13.534
275,1,0,accepted,0.203387711915423,0.23679671253034,484234.938360342,4977291.08319228,-1.33011440366134,14.269
276,1,0,accepted,0.209927344813807,0.271982454011187,484235.317419986,4977289.66984646,-1.33040458624789,13.806
277,1,0,accepted,0.225408609503325,0.252198868762632,484235.677573983,4977288.25759182,-1.33186293178805,13.968
278,1,0,accepted,0.250570201126187,0.279952321963832,484236.030168047,4977286.83979309,-1.33217678581299,14.405
279,1,0,accepted,0.263358335954731,0.308083317005003,484236.395188165,4977285.41565165,-1.33377332981796,13.051
280,1,0,accepted,0.274003716284173,0.304011137826298,484236.740308529,4977284.02603629,-1.33494876680968,13.155
281,1,0,accepted,0.181229437576685,0.298518917693965,484237.169002931,4977282.68914528,-1.33698153970085,15.259
282,1,0,accepted,0.140854146139954,0.527721528910317,484237.555501057,4977281.34406258,-1.33535784098498,14.669
283,1,0,accepted,0.11833890845841,0.548002208151609,484237.949761191,4977279.98110304,-1.33694615720876,15.011
284,1,0,accepted,0.0984237577592052,0.344555979833163,484238.358120181,4977278.58612527,-1.3439202413005,12.398
285,1,0,accepted,0.166248543576622,0.636808069980139,484238.724814993,4977277.24978007,-1.34230826998945,13.69
286,1,0,accepted,0.0997427187597596,0.344502455393315,484239.142383361,4977275.74819182,-1.35108902378639,13.954
287,1,0,accepted,0.043461869344507,0.173096527672652,484239.496021875,4977274.28947655,-1.35669460664226,14.504
288,1,0,accepted,0.00725809212015713,0.0957836463058721,484239.835255058,4977272.81148716,-1.36155508965025,12.148
289,1,0,accepted,0.0629732193053542,-0.21601493352659,484240.173076305,4977271.30508681,-1.36989690235582,14.175
290,1,0,accepted,0.100850752756858,-0.269260191431692,484240.479130527,4977269.83635235,-1.37437199527126,12.132
291,1,0,accepted,0.115402402912986,-0.118488593739491,484240.782906244,4977268.40016871,-1.37514009287383,14.404
292,1,0,accepted,0.127101100940644,-0.00778844544175259,484241.093287762,4977266.95373118,-1.37655434720995,15.671
293,1,0,accepted,0.118673189969607,0.226260070863604,484241.408325368,4977265.55814261,-1.37621871003446,12.81
294,1,0,accepted,0.14517362773057,0.367971164288799,484241.702900391,4977264.11079745,-1.37755372915107,13.499
295,0,0,notConverged,0.174187558861231,0.349953006811917,484241.994617969,4977262.64177122,-1.3808190833536,30.344
296,1,0,accepted,0.0985663585389396,0.04258581349714,484242.432487275,4977261.15477584,-1.38920382851203,14.757
297,1,0,accepted,0.0819485737792828,-0.152505338827045,484242.760660734,4977259.71808529,-1.39577611407725,16.443
298,1,0,accepted,0.0828749814962914,-0.101762831383497,484243.062449071,4977258.26765148,-1.39820100796044,16.925
299,1,0,accepted,0.0430012290677071,-0.317592815886943,484243.357704267,4977256.85015084,-1.40541772218316,16.973
300,1,0,accepted,0.0717696937623691,-0.115223215112691,484243.620169755,4977255.40307161,-1.405103356869,14.234
301,1,0,accepted,0.119345324985424,0.177070293932138,484243.857268267,4977253.94409944,-1.40292904506868,15.158
302,1,0,accepted,0.0639396197795416,0.214101418635759,484244.185554521,4977252.53470985,-1.40559600476665,15.991
303,1,0,accepted,0.013712398687684,0.0771493202114712,484244.526761498,4977251.13521408,-1.41092470780284,16.236
304,1,0,accepted,0.0224676512961915,0.152275733257955,484244.807648878,4977249.6965535,-1.412802918778,14.298
305,1,0,accepted,0.0396317998629273,0.0927085307249514,484245.085575113,4977248.27923611,-1.41706662278097,11.664
306,1,0,accepted,0.0384846675011944,-0.0243454060448049,484245.334786609,4977246.84867645,-1.42185176950492,10.49
307,1,0,accepted,0.0338775101844946,-0.047942843282563,484245.56335897,4977245.40127051,-1.42549761999154,13.252
308,1,0,accepted,0.0447529135928334,0.0560969331409071,484245.791086718,4977243.95293668,-1.42685657243559,17.338
309,1,0,accepted,0.0641518959481667,0.128306472462504,484246.015939351,4977242.50980161,-1.42872943974334,15.213
310,1,0,accepted,0.066031213533482,0.132093951012883,484246.253464763,4977241.09976982,-1.43190147446844,12.589
311,1,0,accepted,0.0937763554368094,0.141214844594739,484246.462062998,4977239.63327419,-1.43450511953492,13.195
312,1,0,accepted,0.0926631908964287,0.116951563098693,484246.691577864,4977238.19739202,-1.43733920358761,12.565
313,1,0,accepted,0.104863699474401,0.0525235711768069,484246.899738269,4977236.7893506,-1.44025493138536,14.63
314,1,0,accepted,0.120839118309138,0.194503742244005,484247.112841645,4977235.34646779,-1.44063107109626,14.22
315,1,0,accepted,0.138702030971267,0.00293281362338309,484247.314486542,4977233.93123477,-1.44635685787457,14.196
316,1,0,accepted,0.138971420323532,0.0609774472607357,484247.52605085,4977232.54846525,-1.44856455177353,15.757
317,0,0,notConverged,0.180021672815275,0.068052891185089,484247.705568857,4977231.11592057,-1.450909696596,35.29
318,1,0,accepted,0.0803997139700828,-0.653405428118526,484248.135711221,4977229.80226314,-1.46563434399074,15.666
319,1,0,accepted,0.0358054147158049,-0.604503859134669,484248.303536814,4977228.35238928,-1.46692967228593,15.671
320,1,0,accepted,0.0189200071524528,-0.61205809998063,484248.480035644,4977226.89641636,-1.4688710647011,14.883
321,1,0,accepted,0.0570283558149675,-0.51763895784939,484248.647884342,4977225.45105591,-1.46943124271946,14.371
322,1,0,accepted,0.0543863492883623,-0.465487467861096,484248.859452287,4977224.01942592,-1.47076779910176,13.853
323,1,0,accepted,0.06816160663378,-0.457844782888582,484249.052563343,4977222.57844856,-1.47286580897992,11.619
324,1,0,accepted,0.0981200339950098,-0.345510753867752,484249.216936018,4977221.13902433,-1.47316305551477,13.441
325,1,0,accepted,0.13629731989199,-0.264108852280089,484249.375884452,4977219.67168591,-1.47391017141533,12.545
326,1,0,accepted,0.147120601432048,-0.344315163168745,484249.557181848,4977218.24381769,-1.47710755708935,12.685
327,1,0,accepted,0.189056150323149,-0.200556787916812,484249.708959237,4977216.81717065,-1.47628587990658,12.797
328,1,0,accepted,0.196824354476036,-0.122102144613775,484249.867887834,4977215.3750596,-1.47698576010232,16.405
329,1,0,accepted,0.154649648432244,-0.114113779766003,484250.064569882,4977213.97508416,-1.47766894412813,17.655
330,1,0,accepted,0.157849765505551,-0.0472512504587499,484250.229610559,4977212.5516236,-1.47881083963835,15.224
331,1,0,accepted,0.15237941134984,0.0431628907878925,484250.396458238,4977211.14084254,-1.47872352088137,16.901
332,1,0,accepted,0.156214609163306,0.0966738447874279,484250.608870605,4977209.65363527,-1.47792338296506,16.234
333,1,0,accepted,0.166986624722574,0.179401736528121,484250.772942624,4977208.21916177,-1.47887418349987,13.973
334,1,0,accepted,0.178296822246564,0.153690437641501,484250.979809264,4977206.76203584,-1.48093072945934,13.958
335,1,0,accepted,0.184938351725487,0.10247056244232,484251.156762097,4977205.32321766,-1.4826987827236,16.061
336,1,0,accepted,0.108443162783245,-0.238906475722864,484251.358083437,4977203.96543624,-1.49013375961578,15.031
337,1,0,accepted,0.103251437485327,0.0521895054131545,484251.407350519,4977202.58963714,-1.48683745689746,15.304
338,1,0,accepted,0.064200481160583,-0.085948071623906,484251.593061755,4977201.19273313,-1.4901291179264,15.365
339,1,0,accepted,0.0961204956312653,0.0757133781575223,484251.716930616,4977199.76299295,-1.4893963330016,13.766
340,1,0,accepted,0.128642380485148,0.280773067084296,484251.846798205,4977198.29878964,-1.48762103056553,17.918
341,1,0,accepted,0.0646136314868689,0.0637891393870877,484252.054319735,4977196.95676502,-1.49307240236533,21.606
342,1,0,accepted,0.0722093268815499,0.279798732869286,484252.191536943,4977195.49078818,-1.49071109789322,34.492
343,1,0,accepted,0.0607228624282057,0.232569392864701,484252.350425024,4977194.0555524,-1.49295244591993,24.533
344,1,0,accepted,0.0652749577778839,0.282586379950911,484252.513789753,4977192.58965425,-1.4931220514531,14.976
345,1,0,accepted,0.0769076443427957,0.312690452377792,484252.65519869,4977191.14127229,-1.49368937899884,13.58
346,1,0,accepted,0.0744979044912457,0.352374691854522,484252.789714693,4977189.73303205,-1.4941087197129,14.612
347,1,0,accepted,0.00790911306342862,0.192901467928811,484252.96245117,4977188.37833301,-1.49744448104415,14.229
348,0,0,notConverged,0.0388932704818035,0.206201346770244,484253.069739001,4977186.92897045,-1.49812208663228,33.782
349,1,0,accepted,0.081101100945421,0.128081994514641,484253.261934476,4977185.60678216,-1.49999560409577,16.757
350,1,0,accepted,0.0966719342341345,0.145729699848627,484253.398209768,4977184.20205692,-1.50009633396396,18.029
351,1,0,accepted,0.077788806803814,0.167129192496124,484253.512868418,4977182.7562308,-1.49965115605044,14.341
352,1,0,accepted,0.0569091259928944,0.148149522795775,484253.611734192,4977181.33030947,-1.49986415584937,15.549
353,1,0,accepted,0.0525464480037838,0.186079357846872,484253.732033956,4977179.90570383,-1.49934713110675,13.216
354,1,0,accepted,0.0525980114761802,0.139027165658426,484253.856083869,4977178.47114758,-1.50010666652726,15.848
355,1,0,accepted,0.0687959796305108,0.15311918279777,484253.978478084,4977177.06570939,-1.49991611541141,16.618
356,1,0,accepted,0.0774656512061906,0.0681592975126406,484254.099449903,4977175.64832004,-1.50150170446983,17.173
357,1,0,accepted,0.0911201792343894,0.187743976274829,484254.212877825,4977174.2163596,-1.4995317748121,14.965
358,1,0,accepted,0.0902017575362261,0.178141822980385,484254.331061178,4977172.77226567,-1.49980728740215,13.042
359,1,0,accepted,0.0865178539206968,0.188419346596579,484254.453288384,4977171.34961571,-1.49940084792778,14.289
360,1,0,accepted,0.103344159043287,0.186490811938935,484254.56539835,4977169.9073114,-1.49928811129488,14.256
361,1,0,accepted,0.0939184952947156,0.153922941552722,484254.691627924,4977168.49324247,-1.49956025726174,14.773
362,1,0,accepted,0.119281688788887,0.0917396432814464,484254.805992769,4977167.04316572,-1.50028467572632,12.279
363,1,0,accepted,0.149541742607023,0.0489600188935448,484254.910559886,4977165.59135508,-1.50076124424848,13.021
364,1,0,accepted,0.159820114445898,-0.144273414054498,484255.035831941,4977164.1691315,-1.50396511242296,12.76
365,1,0,accepted,0.192681462891959,-0.0929693139329771,484255.140191188,4977162.72700527,-1.50250988730699,14.293
366,1,0,accepted,0.214015547325056,-0.00648606130777177,484255.248827006,4977161.29148423,-1.50042023808369,14.083
367,1,0,accepted,0.229112354126297,-0.00450889144724094,484255.354432463,4977159.86537439,-1.49970232486391,14.239
368,1,0,accepted,0.233454904312019,0.110798871596921,484255.46793106,4977158.4299516,-1.49705248465306,14.107
369,1,0,accepted,0.236401595051229,0.146611931314653,484255.585871946,4977156.99726076,-1.49572612462247,13.9
370,1,0,accepted,0.233059831576312,0.0746159187845272,484255.69067219,4977155.60185499,-1.49623697942466,14.168
371,1,0,accepted,0.243869853036914,0.114480426571043,484255.808891956,4977154.16847334,-1.49480393297756,12.694
372,1,0,accepted,0.254749087524518,0.308415693037164,484255.923059591,4977152.78425175,-1.490758826417,13.45
373,1,0,accepted,0.287928715055505,0.331181781915787,484256.024350206,4977151.37898576,-1.48839604328446,11.068
374,1,0,accepted,0.161066936981169,0.109687100556343,484256.301478443,4977150.05050819,-1.4909883199198,14.637
375,1,0,accepted,0.149136968845505,-0.0606715600786984,484256.493970636,4977148.65970417,-1.4919883234707,15.854
376,1,0,accepted,0.137913246879643,-0.204120904873716,484256.690883079,4977147.23031412,-1.49246040706564,13.536
377,1,0,accepted,0.123867736339576,-0.444027384482948,484256.877929694,4977145.7972175,-1.49530028730666,10.866
378,1,0,accepted,0.0214550375333718,-0.590169524188803,484257.05677356,4977144.27979774,-1.49599839667697,14.701
379,1,0,accepted,0.0313386160954361,-0.587256167028958,484257.174760472,4977142.82875246,-1.49453433389657,15.262
380,1,0,accepted,0.0319682223489144,-0.0596083652680783,484257.341883621,4977141.39307367,-1.48363310751911,15.757
381,1,0,accepted,0.0701917055162933,-0.13560469028058,484257.47941723,4977139.92712502,-1.4835241782138,12.725
382,1,0,accepted,0.0806283212399185,-0.0358703882446768,484257.630236045,4977138.51183447,-1.48028733884821,12.856
383,1,0,accepted,0.0577313923069533,0.0903374900781509,484257.792829201,4977137.12264932,-1.47663152909893,13.178
384,1,0,accepted,0.033319485641784,0.150060489496664,484257.978974511,4977135.71507611,-1.47465619151919,13.009
385,1,0,accepted,0.0125689794357483,0.0992462662824012,484258.162670537,4977134.33423206,-1.47424283393676,15.238
386,1,0,accepted,0.0082528202558057,-0.0614411881228702,484258.34431436,4977132.92424941,-1.47517668544159,13.383
387,1,0,accepted,0.0614939270288889,-0.0931100008660286,484258.537236087,4977131.56181088,-1.47463889535942,14.65
388,1,0,accepted,0.0572767743081355,-0.114183142027561,484258.69584658,4977130.15816776,-1.47362740893276,13.233
389,1,0,accepted,0.0427961973289229,-0.120113363956413,484258.847955601,4977128.73312721,-1.47213841438037,12.465
390,1,0,accepted,0.0766676725708434,-0.0172115536683775,484259.002777991,4977127.36249823,-1.46884098993217,12.055
391,1,0,accepted,0.0724600519702266,0.0265744004783095,484259.155615655,4977125.94646292,-1.46656440236751,14.003
392,1,0,accepted,0.0786818943174005,0.0722198897231417,484259.313387327,4977124.54942253,-1.46481172459018,11.44
393,1,0,accepted,0.0837935264188683,0.0356748366391878,484259.469310501,4977123.14113527,-1.463923759503,13.117
394,1,0,accepted,0.0914414041625582,0.0754222583029953,484259.630729962,4977121.72267251,-1.46188985332829,13.43
395,1,0,accepted,0.106451701730821,0.0572505297921053,484259.792482352,4977120.2884346,-1.46107688439018,14.534
396,1,0,accepted,0.106509488704387,0.0739018641070149,484259.973606626,4977118.89109862,-1.45979809574667,13.031
397,1,0,accepted,0.109112797962872,0.086916347033719,484260.159118653,4977117.46907671,-1.45845455625393,11.97
398,1,0,accepted,0.11721154955,0.117614820983322,484260.340631305,4977116.07794449,-1.45647934674947,11.086
399,1,0,accepted,0.0951524681187586,0.15856537205802,484260.536196768,4977114.71216014,-1.45476920175996,14.473
400,1,0,accepted,0.100150065588842,0.17029402602884,484260.720731211,4977113.31990572,-1.45335251697433,12.465
401,1,0,accepted,0.126222743990034,0.43899591576246,484260.890485055,4977111.91315236,-1.44701836953332,13.19
402,1,0,accepted,0.120503961956795,0.46972820651081,484261.079923028,4977110.55187062,-1.44485969615614,13.449
403,1,0,accepted,0.120331636220222,0.375368762326205,484261.275149442,4977109.168246,-1.4450525768778,13.209
404,1,0,accepted,0.125849014112318,0.306647882577009,484261.464229066,4977107.7779111,-1.44425914373235,12.745
405,1,0,accepted,0.124328058316621,0.438965335815013,484261.654565256,4977106.44199311,-1.43982293997528,14.122
406,1,0,accepted,0.117630087033656,0.425296979054269,484261.856406355,4977105.08827259,-1.43780322606151,13.66
407,1,0,accepted,0.092794424714645,0.146046181331035,484262.092804119,4977103.77969743,-1.44041824537946,14.414
408,1,0,accepted,0.0716170553715297,-0.0310414671438466,484262.298957157,4977102.3809136,-1.44124516854301,13.533
409,1,0,accepted,0.0846344537286423,0.0690953036266069,484262.489728658,4977100.9824575,-1.43737752843165,13.163
410,1,0,accepted,0.107148134033573,0.253327773372949,484262.683417466,4977099.59581199,-1.43188228185393,14.056
411,1,0,accepted,0.0937783214589261,0.298620042052959,484262.894685701,4977098.27467777,-1.42883806265678,12.087
412,1,0,accepted,0.0906698484241001,0.330878197137754,484263.113346239,4977096.92735334,-1.42671759863486,13.295
413,1,0,accepted,0.0967460395495817,0.333145395906819,484263.329174062,4977095.56494756,-1.42485828714994,13.776
414,1,0,accepted,0.0986167682267013,0.224224262518692,484263.552404469,4977094.2181774,-1.42446219555337,14.411
415,1,0,accepted,0.101943357419342,0.294177349628043,484263.771751293,4977092.87232258,-1.42154135483431,14.415
416,1,0,accepted,0.125481033278977,0.146775353356876,484263.976080187,4977091.52357342,-1.42192518399304,15.608
417,1,0,accepted,0.12266584904787,0.193917442430136,484264.199433671,4977090.18760541,-1.41894335483679,15.75
418,1,0,accepted,0.12204758223143,0.355780675491695,484264.419514467,4977088.88022373,-1.41446091881532,17.332
419,1,0,accepted,0.134950925094737,0.373146997504871,484264.636579012,4977087.5487323,-1.41175049345426,14.482
420,1,0,accepted,0.150743708080716,0.447090849792258,484264.866279774,4977086.20617119,-1.4084979584795,14.519
421,1,0,accepted,0.153346915509572,0.61650816915898,484265.113834802,4977084.87319104,-1.40370127325812,12.91
422,1,0,accepted,0.155270933322938,0.511370258969379,484265.343071415,4977083.54676636,-1.40391486869867,13.949
423,1,0,accepted,0.165532999766257,0.402058216963225,484265.571834273,4977082.21669486,-1.4042367779672,15.467
424,1,0,accepted,0.176945151846087,0.32119398827521,484265.796926968,4977080.91076916,-1.40391242546145,14.774
425,1,0,accepted,0.145639474934892,-0.264295328449274,484266.234575797,4977079.62854381,-1.41257821505811,13.411
426,1,0,accepted,0.14913354401851,-0.170257570634117,484266.468313105,4977078.30416254,-1.40872397235571,15.119
427,1,0,accepted,0.143485360073182,-0.0858081199215637,484266.70130037,4977076.98493292,-1.40616221001224,14.14
428,1,0,accepted,0.150271234042423,0.150120295047355,484266.945169016,4977075.65879026,-1.40044173672308,12.961
429,1,0,accepted,0.130614630790475,0.101586717559871,484267.164532416,4977074.35859171,-1.40002579451366,11.75
430,1,0,accepted,0.0472571553047603,-0.114977771266232,484267.430058063,4977073.15506625,-1.40202275339898,14.054
431,1,0,accepted,0.0453202865475734,-0.156958802953087,484267.658562637,4977071.89206545,-1.40087289770804,12.914
432,1,0,accepted,0.0479536096231989,-0.153376827365431,484267.903253092,4977070.59202532,-1.39904946949229,12.916
433,1,0,accepted,0.02646348550314,-0.098599996881573,484268.143915341,4977069.26085652,-1.39675318567714,13.503
434,1,0,accepted,0.0149836308424834,-0.0333185891752882,484268.38487773,4977067.93002141,-1.39379006056412,13.056
435,1,0,accepted,0.0530978324664608,0.088061301716449,484268.631365111,4977066.56976754,-1.3902238897622,12.47
436,1,0,accepted,0.0747636465893393,0.101840139843689,484268.885502891,4977065.23629763,-1.38802859316088,12.61
437,1,0,accepted,0.0906709158641904,0.159040237255943,484269.154818667,4977063.91525445,-1.38530022014378,12.409
438,1,0,accepted,0.094577190544052,0.151294714436655,484269.418134779,4977062.6013933,-1.3831633207677,14.232
439,1,0,accepted,0.1011132351015,0.190439907403123,484269.66892314,4977061.28809149,-1.38055514395673,13.255
440,1,0,accepted,0.102000116874231,0.119102301774149,484269.901480645,4977060.03455733,-1.37957032654866,13.316
441,1,0,accepted,0.117388572776496,0.122369763900492,484270.174526892,4977058.69686119,-1.37718676103291,13.06
442,1,0,accepted,0.103890764141313,0.0996114816809817,484270.463666787,4977057.39772132,-1.37556100901791,11.725
443,1,0,accepted,0.12897373547117,0.111408521381396,484270.713292798,4977056.09091101,-1.37292574101657,13.341
444,1,0,accepted,0.118173753485969,0.0998066881603984,484271.005339002,4977054.80386125,-1.37117563333612,13.865
445,1,0,accepted,0.123532761157288,0.163753897941343,484271.286469762,4977053.49734456,-1.36769560611568,13.069
446,1,0,accepted,0.129003363285204,0.15236532690361,484271.569219414,4977052.19373936,-1.36494327699693,13.471
447,1,0,accepted,0.146508267117628,0.14566428945626,484271.845563919,4977050.8848876,-1.36244144029639,12.435
448,1,0,accepted,0.149832780482614,0.143470244897339,484272.135928789,4977049.58392724,-1.35955718461717,12.93
449,1,0,accepted,0.121809485626164,0.19408399644272,484272.458014729,4977048.30458233,-1.35553823696488,13.869
450,1,0,accepted,0.0348099459244387,-0.289062737178189,484272.898313376,4977047.08285916,-1.36069132058227,16.773
451,1,0,accepted,0.0556568256152138,-0.488175852659401,484273.206915871,4977045.82136168,-1.36092285759754,14.731
452,1,0,accepted,0.0558023043886192,-0.50251064220378,484273.495003719,4977044.54763073,-1.35814378711262,16.19
453,1,0,accepted,0.0640105506280769,-0.258191815346344,484273.791825295,4977043.28119846,-1.35032400954095,22.536
454,1,0,accepted,0.0579544303974385,-0.215320848835293,484274.110316414,4977042.00176408,-1.34626435024857,18.799
455,1,0,accepted,0.0330476070255497,0.0588944006314456,484274.410195936,4977040.70559411,-1.33751317239807,19.942
456,1,0,accepted,0.022534214633718,0.176440085036756,484274.735035913,4977039.42247643,-1.3313183365196,17.155
457,1,0,accepted,0.0278257511322041,0.128631572755036,484275.041538704,4977038.16266608,-1.32828313739216,15.208
458,1,0,accepted,0.0223882943356065,0.273023126494059,484275.37507511,4977036.9075496,-1.32155013309939,15.265
459,1,0,accepted,0.0174220580254377,0.404139913617645,484275.714261806,4977035.65965748,-1.31545691732046,14.575
460,1,0,accepted,0.0227194407191418,0.427862888702796,484276.046920673,4977034.43084612,-1.31083461307299,14.428
461,1,0,accepted,0.0264140475193899,0.351432547959845,484276.389745085,4977033.1745004,-1.30795002721239,13.747
462,1,0,accepted,0.0511805558734324,0.18975129393214,484276.707353229,4977031.95702862,-1.30653698206524,15.126
463,1,0,accepted,0.0629420363633836,0.160446731794856,484277.053876612,4977030.7353629,-1.30254749652453,14.629
464,1,0,accepted,0.191691214214194,0.103227642163805,484277.393217077,4977029.69578367,-1.29902105014734,16.852
465,1,0,accepted,0.180931000995936,0.23152971791114,484277.741529395,4977028.46560007,-1.29281295280252,16.161
466,1,0,accepted,0.17379817165649,0.328411696551685,484278.095164081,4977027.24304504,-1.2871281175978,16.488
467,1,0,accepted,0.144823502858366,0.363117294094607,484278.447053462,4977025.99660424,-1.28207309825506,13.502
468,1,0,accepted,0.149412825931892,0.405193330157262,484278.798995861,4977024.77820902,-1.27727308771708,14.215
469,1,0,accepted,0.121422389917964,0.36935748236696,484279.193174668,4977023.55257623,-1.27350184712823,16.21
470,1,0,accepted,0.118620235464809,0.382712434688228,484279.566729566,4977022.37455573,-1.26903836243526,16.587
471,1,0,accepted,0.116187005079793,0.391013540806887,484279.95466703,4977021.19482269,-1.26457910210806,17.471
472,1,0,accepted,0.123088496860026,0.439766411224132,484280.330278404,4977020.00643283,-1.25944995362022,16.451
473,1,0,accepted,0.121576044615277,0.521440042294545,484280.714721402,4977018.81893443,-1.25369813413128,16.662
474,1,0,accepted,0.121825902075867,0.552781687139,484281.11846617,4977017.64819186,-1.24923353130321,13.051
475,1,0,accepted,0.120653022011913,0.80323050543188,484281.508251787,4977016.44776823,-1.24082765223096,12.782
476,1,0,accepted,0.0802175342256522,0.434940688779474,484281.947495502,4977015.23013481,-1.24302621622787,14.203
477,1,0,accepted,0.0911002979169396,0.584280483517342,484282.34621993,4977014.05081144,-1.23656766758344,14.427
478,1,0,accepted,0.0746446618373615,0.109831862903071,484282.821792355,4977012.85423074,-1.24110340365839,16.561
479,1,0,accepted,0.111871512528364,0.590805657001688,484283.233326223,4977011.66137546,-1.2286961089081,14.199
480,1,0,accepted,0.116830597831206,0.418404994080444,484283.663270365,4977010.50113397,-1.22765556729097,15.555
481,1,0,accepted,0.124837458656346,0.455722860776848,484284.10550202,4977009.33136771,-1.2231951278027,14.49
482,1,0,accepted,0.120329954600668,0.473269451310706,484284.518665023,4977008.1861649,-1.21911043375662,15.308
483,1,0,accepted,0.131981576584118,0.376083841501524,484284.938482799,4977007.04824346,-1.2169811172027,14.197
484,1,0,accepted,0.134031194034079,0.438353012008197,484285.380325899,4977005.8992828,-1.21189372366963,15.15
485,1,0,accepted,0.137260610979693,0.46680157984796,484285.815978756,4977004.76085014,-1.20746501210249,16.439
486,1,0,accepted,0.140867047113146,0.387277656157614,484286.257224288,4977003.62057407,-1.20455374926799,13.853
487,1,0,accepted,0.063168251891442,0.292201395887339,484286.721412232,4977002.56296928,-1.20298366719694,17.491
488,1,0,accepted,0.0636023842153415,0.338583098483636,484287.166016197,4977001.43391748,-1.19803617882362,18.468
489,1,0,accepted,0.0600912629549291,0.380483912229764,484287.628493502,4977000.29564404,-1.19279630650601,14.458
490,1,0,accepted,0.0365605447007041,0.436201273642115,484288.086791513,4976999.23114457,-1.18938540059173,20.199
491,1,0,accepted,0.0378599366324459,0.218509617640342,484288.555831001,4976998.11883301,-1.18949699720114,15.02
492,1,0,accepted,0.0989678741068939,-0.07954764372994,484289.098538716,4976997.0723571,-1.19085971923629,14.615
493,1,0,accepted,0.106887381576756,0.0364617857797852,484289.545840636,4976995.96587398,-1.18507567215204,14.799
494,1,0,accepted,0.105985923776113,0.0259537829140821,484290.007205138,4976994.84242821,-1.18177727317558,16.009
495,1,0,accepted,0.135440834176251,0.579916555705421,484290.395325498,4976993.71865434,-1.16814913865774,16.94
496,1,0,accepted,0.0806917413242056,0.0173990291851326,484290.952674721,4976992.59172155,-1.17483231511965,15.364
497,1,0,accepted,0.0543064626541989,-0.139000185239659,484291.458919559,4976991.45469187,-1.17424681954875,12.706
498,1,0,accepted,0.0372749963503897,-0.158031127659441,484291.956454943,4976990.33052026,-1.17129720505919,11.786
499,1,0,accepted,0.0431245152713317,0.140381452963959,484292.413395397,4976989.1951458,-1.16234952491546,12.192
500,1,0,accepted,0.0208712242289954,-0.0417322426821375,484292.938326868,4976988.08722846,-1.16195327817769,13.615
501,1,0,accepted,0.0232392283235789,-0.0218326649404798,484293.436921126,4976986.95414167,-1.15812911538944,14.334
502,1,0,accepted,0.0455652261630757,0.0472704243857149,484293.956115028,4976985.80310068,-1.15366144487156,15.006
503,1,0,accepted,0.0806340389908315,-0.0873715616288146,484294.478604588,4976984.68001541,-1.15309570792887,16.204
504,1,0,accepted,0.123000924741176,0.191187272350274,484295.030581789,4976983.54952751,-1.14330304754377,17.72
505,1,0,accepted,0.141311578544941,0.0558291344953573,484295.562124115,4976982.43374733,-1.1427271676771,17.577
506,1,0,accepted,0.147688243812327,0.18732954517445,484296.095238838,4976981.33162086,-1.1371986672836,17.45
507,1,0,accepted,0.113320546437835,0.347726688708946,484296.580552678,4976980.25197149,-1.13197405945302,17.44
508,1,0,accepted,0.0995222644955128,0.384153653385176,484297.086602547,4976979.16936607,-1.1290152674562,17.278
509,1,0,accepted,0.064493597650114,0.328172197976912,484297.566020595,4976978.13097493,-1.12778875984218,24.295
510,1,0,accepted,0.0893537136478573,0.369753938408657,484298.059815891,4976977.07958989,-1.12518069532739,24.602
511,1,0,accepted,0.114202908275162,0.484617096195439,484298.576316896,4976975.97523263,-1.12106670277035,20.104
512,1,0,accepted,0.13890366418975,0.5646329224385,484299.090733785,4976974.89793382,-1.11809243766464,17.008
513,1,0,accepted,0.143276392583431,0.49347380037553,484299.627015886,4976973.80481583,-1.11793182374063,15.812
514,1,0,accepted,0.138068603294358,0.541528654696651,484300.17642339,4976972.70375886,-1.116032074412,18.779
515,1,0,accepted,0.122734195883842,0.496132865662857,484300.747750982,4976971.57530131,-1.11602334025215,17.491
516,1,0,accepted,0.10103063483879,0.442442814687451,484301.309338532,4976970.48160915,-1.11675994752898,17.299
517,1,0,accepted,0.0299830077120466,0.221109427248931,484301.934798285,4976969.40941258,-1.12069430266873,19.67
518,1,0,accepted,0.0159662740159689,0.0616096776678574,484302.514073492,4976968.27746116,-1.12330023366272,15.785
519,1,0,accepted,0.0289815869541953,-0.0556092100916032,484303.074442913,4976967.16293332,-1.1252546234504,15.537
520,1,0,accepted,0.0186040547135091,-0.0773344042611844,484303.627208449,4976966.08012516,-1.12573482654183,16.416
521,1,0,accepted,0.0260987400175764,-0.155883310265115,484304.179621669,4976964.97611282,-1.12762617279745,15.608
522,1,0,accepted,0.027390147642281,-0.175030499375856,484304.734022571,4976963.89023372,-1.12927320724597,15.993
523,1,0,accepted,0.0232404285280698,-0.265353178816985,484305.278795414,4976962.78986369,-1.13168201613077,17.208
524,1,0,accepted,0.0188543676370832,-0.223080608238033,484305.815367696,4976961.68832519,-1.13232824087709,15.069
525,1,0,accepted,0.0631693303505809,-0.307423808677116,484306.350840143,4976960.63171737,-1.13544222171926,16.169
526,1,0,accepted,0.0498761257720234,-0.387366997391955,484306.8788867,4976959.51222929,-1.13733987337394,14.473
527,1,0,accepted,0.0397151943384153,-0.373857389877086,484307.40920728,4976958.38545712,-1.13921382771599,12.345
528,1,0,accepted,0.0413695007599775,-0.421416232934042,484307.947081949,4976957.25488058,-1.14161670493253,13.547
529,1,0,accepted,0.0478817900350841,-0.383678086295436,484308.476215048,4976956.13317122,-1.14320122379228,11.401
530,1,0,accepted,0.0664212033304443,-0.204963624282422,484309.00845747,4976954.99840953,-1.14294207628393,12.639
531,1,0,accepted,0.0864059635992134,-0.218461313974137,484309.535305904,4976953.86736129,-1.14619932825257,13.177
532,1,0,accepted,0.106749353457041,-0.160145303647114,484310.070312679,4976952.73237504,-1.14841494324609,15.033
533,1,0,accepted,0.127085035932676,-0.0816496287292774,484310.608761263,4976951.58815209,-1.15088798300059,13.008
534,1,0,accepted,0.127215501744071,0.12239820609952,484311.138982738,4976950.47536137,-1.1513877511612,14.885
535,1,0,accepted,0.122109887195916,0.10756495500689,484311.663119701,4976949.3624044,-1.1552863499899,13.148
536,1,0,accepted,0.136494022371005,-0.0269399312097397,484312.160694507,4976948.23658075,-1.16113725715608,12.946
537,1,0,accepted,0.117030444970677,0.0999838226833963,484312.6721949,4976947.13781018,-1.16282482104549,12.638
538,1,0,accepted,0.130492164982775,8.25424315209886e-05,484313.167005434,4976946.00650432,-1.16774019224168,12.777
539,1,0,accepted,0.129430328538068,0.125175724194996,484313.663220536,4976944.87985989,-1.16931196331858,13.138
540,1,0,accepted,0.12268557777661,0.243713878064723,484314.147447561,4976943.77382504,-1.17142914453824,12.992
541,1,0,accepted,0.118454598540979,0.35433500692148,484314.640001862,4976942.65235325,-1.17319591771537,12.22
542,1,0,accepted,0.127432671216346,0.336033712066582,484315.11563416,4976941.5348248,-1.17740478292874,14.31
543,1,0,accepted,0.132385870174184,0.296991350619264,484315.587273197,4976940.40513272,-1.18157834849129,14.606
544,1,0,accepted,0.129123826998909,0.274253862798896,484316.063486887,4976939.29725494,-1.18544450012757,14.119
545,1,0,accepted,0.138580364330716,0.258348676432638,484316.531480809,4976938.16400169,-1.18917548557762,14.565
546,1,0,accepted,0.0552655403502161,-0.256447967841053,484317.091468484,4976937.08857004,-1.20188800069972,18.561
547,1,0,accepted,0.0571679922369158,-0.695360634258053,484317.649750892,4976935.95571185,-1.21313995454293,19.884
548,1,0,accepted,0.0447537500992245,-0.405467257939972,484318.04582258,4976934.81983748,-1.2116812981673,17.826
549,1,0,accepted,0.0910246005430346,-0.165354736339173,484318.45458759,4976933.6657143,-1.21123072757022,14.897
550,1,0,accepted,0.151790042554038,0.186200129538268,484318.839993593,4976932.53968643,-1.20867491718612,20.422
551,1,0,accepted,0.0671335224015667,-0.422916349523892,484319.375373966,4976931.37627355,-1.22346154524606,16.033
552,1,0,accepted,0.106647514764841,-0.129168141879949,484319.785524171,4976930.2183405,-1.22203957220486,15.571
553,1,0,accepted,0.121504663928481,-0.0534615396188793,484320.219739612,4976929.03920849,-1.22442228915332,18.049
554,1,0,accepted,0.106637959854006,0.28428665511967,484320.676849558,4976927.94136477,-1.22231586814348,16.97
555,1,0,accepted,0.101205243866189,0.349450697799389,484321.122274587,4976926.79797629,-1.22474128843278,15.674
556,1,0,accepted,0.0553968304939887,0.0443598694033189,484321.58702724,4976925.63790131,-1.23344887630194,16.947
557,1,0,accepted,0.0392089353860649,0.161520754341131,484322.031414269,4976924.45589161,-1.23521500008891,13.17
558,1,0,accepted,0.0507563046561124,0.0818124945700416,484322.471370731,4976923.26472887,-1.24033233362921,13.899
559,1,0,accepted,0.0747695975106374,0.203150317654261,484322.890194759,4976922.06908865,-1.2416543175916,14.114
560,1,0,accepted,0.0825379327748899,0.30822023608287,484323.29666091,4976920.90283169,-1.24371836421182,13.798
561,1,0,accepted,0.0724025989086921,0.242566472829329,484323.711703011,4976919.75379349,-1.24832032847455,13.686
562,1,0,accepted,0.066305780465717,0.223845484423654,484324.116624002,4976918.59208879,-1.25201788071914,13.02
563,1,0,accepted,0.0633699525707564,0.178131940770891,484324.510981012,4976917.44604433,-1.25667474421332,13.926
564,1,0,accepted,0.0732457340642656,0.125708517510017,484324.909617334,4976916.26540681,-1.26081524738578,15.42
565,1,0,accepted,0.0792129678501925,0.110050402573238,484325.310554443,4976915.09286868,-1.2644406169278,12.034
566,1,0,accepted,0.070408231109623,0.182375255668408,484325.703465661,4976913.93349923,-1.26626522339724,13.303
567,1,0,accepted,0.0756324609369598,0.214811793089849,484326.077635489,4976912.76149957,-1.26910912606302,13.048
568,1,0,accepted,0.0360061269462915,-0.0246920743913058,484326.502645622,4976911.62322864,-1.27650105771167,17.148
569,1,0,accepted,0.0279408963345895,0.0377112472219378,484326.864504003,4976910.46928857,-1.27865650259552,13.845
570,1,0,accepted,0.0276586333775109,-0.173109251881705,484327.286526672,4976909.3269146,-1.28532385668967,13.901
571,1,0,accepted,0.020033752935594,-0.168023231917533,484327.646603978,4976908.1632324,-1.28825867926514,13.712
572,1,0,accepted,0.130434206545842,-0.804600782004681,484328.122598442,4976907.01955966,-1.30237279579779,19.242
573,1,0,accepted,0.0983132030699533,-0.659364990158758,484328.45669976,4976905.83619098,-1.3027220365761,14.622
574,1,0,accepted,0.0771440846385054,-0.428675574260942,484328.798818782,4976904.64877684,-1.30143582392626,14.459
575,1,0,accepted,0.0825286680795233,-0.424894547998363,484329.152148404,4976903.49117807,-1.30409677665496,13.872
576,1,0,accepted,0.0651446238425317,-0.20643598128174,484329.450093247,4976902.3291302,-1.30284962326282,18.154
577,1,0,accepted,0.0507175253251418,-0.221714828759864,484329.786639064,4976901.13714036,-1.30567566449215,13.123
578,1,0,accepted,0.0518180448419736,-0.131411517037889,484330.125335808,4976899.96010934,-1.30610806184128,14.122
579,1,0,accepted,0.0653936282416024,-0.0803173888958879,484330.434255175,4976898.76686546,-1.30753055368843,14.805
580,1,0,accepted,0.0663371478370653,-0.103355023695479,484330.826145527,4976897.6235279,-1.30957268155375,15.315
581,1,0,accepted,0.0670284954009557,-0.185807981054558,484331.177657333,4976896.44314959,-1.31252130625501,12.332
582,1,0,accepted,0.0848796156195817,-0.344400209434944,484331.543490425,4976895.26779735,-1.31676089553007,14.528
583,1,0,accepted,0.0813030424804526,-0.232968432810076,484331.864938972,4976894.11047703,-1.31688420004834,12.421
584,1,0,accepted,0.0930086652077106,-0.309544062250258,484332.194288304,4976892.94256235,-1.31973958621766,11.494
585,1,0,accepted,0.0831633929979929,-0.163248033419127,484332.509249515,4976891.75678608,-1.31885813939937,14.115
586,1,0,accepted,0.0279770589557655,-0.201196134588425,484332.821870583,4976890.5128505,-1.32102515074357,13.456
587,1,0,accepted,0.0324945596010944,-0.230987813484487,484333.139335098,4976889.30581903,-1.32293857518251,15.618
588,1,0,accepted,0.0554178838466242,-0.150893761781647,484333.451174598,4976888.10960034,-1.32302113992533,13.506
589,1,0,accepted,0.147760246994331,-0.250282213996833,484333.741742936,4976886.8450248,-1.32608150429003,16.753
590,1,0,accepted,0.105377046122944,-0.334106518835864,484334.077200714,4976885.71616914,-1.32906127317873,10.581
591,1,0,accepted,0.121171568042347,-0.281536482783749,484334.379292536,4976884.5402371,-1.32959549613569,11.349
592,1,0,accepted,0.131821959991788,-0.206427614288852,484334.685970023,4976883.36625183,-1.32974210773777,10.876
593,1,0,accepted,0.1485067006253,-0.185440671631903,484334.988618478,4976882.18881614,-1.33071520370316,11.715
594,1,0,accepted,0.163246201183838,-0.191944404057339,484335.287142863,4976881.02047706,-1.3323780742027,9.947
595,1,0,accepted,0.167931821232974,-0.134008825267862,484335.59580872,4976879.8483338,-1.33290283068316,9.397
596,1,0,accepted,0.176577346757209,-0.162968277525974,484335.899932031,4976878.68481023,-1.33497445402121,9.438
597,0,1,acceptedDirectional,0.133631129234456,-0.31537528706707,484336.26074313,4976877.5318222,-1.33913096011891,10.478
598,0,1,acceptedDirectional,0.160633613864583,-0.130436406053209,484336.5590513,4976876.37430231,-1.33687768244382,9.384
599,1,0,accepted,0.22127474769315,0.668235466423092,484336.917288377,4976875.51850999,-1.32421599602349,10.499
600,1,0,accepted,0.226090176620626,0.868765769880307,484337.234234196,4976874.372355,-1.32240350731347,8.769
601,1,0,accepted,0.22910540717036,0.92805872249167,484337.557259765,4976873.2324677,-1.32291472260576,8.508
602,1,0,accepted,0.204083834328868,0.669674179484965,484337.923415019,4976872.08949173,-1.32908800375741,8.36
603,1,0,accepted,0.190454411696864,0.688869210500039,484338.208167345,4976870.93375935,-1.33059314242618,8.26
604,1,0,accepted,0.166825706369974,0.568002097145491,484338.514494555,4976869.77707422,-1.33480558894524,8.298
605,1,0,accepted,0.154212701007276,0.461797673028096,484338.80983773,4976868.62660798,-1.33839670471809,8.337
606,1,0,accepted,0.163089521394952,0.537690677216621,484339.073765422,4976867.47143374,-1.33929063467992,10.147
607,1,0,accepted,0.173763135096608,0.515550440985133,484339.340820822,4976866.30482768,-1.34223657483088,9.161
608,1,0,accepted,0.1719809982167,0.636631729060965,484339.619473153,4976865.17307318,-1.34265390990811,10.848
609,1,0,accepted,0.163398776554875,0.600753010707797,484339.891781759,4976864.03759729,-1.34600852984783,9.851
610,1,0,accepted,0.156778638459414,0.717422222035136,484340.166435646,4976862.89821314,-1.34719285814842,11.076
611,1,0,accepted,0.141434386893664,0.73014776720713,484340.446965259,4976861.74328169,-1.35044948788539,10.477
612,1,0,accepted,0.129923963296173,0.799314720012504,484340.695432802,4976860.66686597,-1.35269918392127,9.347
613,1,0,accepted,0.115616672852245,0.925409048091534,484340.967938239,4976859.51530753,-1.35453028978984,10.909
614,1,0,accepted,0.100023625830547,0.929611206743377,484341.24089157,4976858.37206672,-1.35898620348671,10.507
615,1,0,accepted,0.16716805205805,-0.0308938774363929,484341.482820593,4976857.15259541,-1.38122793066784,12.917
616,1,0,accepted,0.245575032347408,-0.716533247484761,484341.704086181,4976855.94654846,-1.39952984460239,11.071
617,1,0,accepted,0.214300885651759,-0.00546977461625246,484341.939727496,4976854.86370994,-1.39396234024192,13.082
618,1,0,accepted,0.19680981325838,0.322151225046583,484342.182058723,4976853.73725043,-1.39539638680266,10.072
619,1,0,accepted,0.164048185671987,0.748183647696089,484342.417571333,4976852.64278987,-1.39604553500178,10.586
620,1,0,accepted,0.16262151704698,0.621868883608096,484342.632610611,4976851.52520838,-1.40635527076241,9.933
621,1,0,accepted,0.133662207943319,0.755321934842436,484342.859982885,4976850.43344247,-1.41297631851795,9.76
622,1,0,accepted,0.131749944864522,0.872713865163517,484343.052407852,4976849.32326517,-1.42085933470175,10.413
623,1,0,accepted,0.1398885663169,0.930842974780777,484343.23332288,4976848.20290128,-1.43137580830451,10.022
624,1,0,accepted,0.150779149229038,0.8149937788605,484343.406904987,4976847.06013382,-1.44502447493459,9.167
625,1,0,accepted,0.148439018742319,1.03120936372049,484343.572287649,4976845.92958239,-1.45341632520013,9.552
626,0,1,acceptedDirectional,0.173501283539287,-0.873588619561008,484344.021971726,4976844.80489615,-1.49888609975937,12.074
627,0,1,acceptedDirectional,0.0630616949207483,-0.167733959136449,484344.003464482,4976843.65353635,-1.49855897902036,14.722
628,0,1,acceptedDirectional,0.0885779147071201,0.394134404701639,484344.050648768,4976842.52726263,-1.50079081674841,12.713
629,0,1,acceptedDirectional,0.099326803997121,0.392462424291227,484344.142973994,4976841.3887636,-1.51328535773439,11.889
630,1,0,accepted,0.127107244531689,0.171214152139447,484344.360254626,4976840.44154487,-1.52885745063106,17.699
631,1,0,accepted,0.143519828411697,0.533321204200167,484344.335265727,4976839.33911509,-1.53504344987035,16.775
632,1,0,accepted,0.121689531248031,0.412832319929389,484344.430730362,4976838.18358199,-1.54975446225273,16.219
633,1,0,accepted,0.135484249218832,0.348023056400214,484344.486348955,4976837.06271558,-1.56186856830113,15.125
634,1,0,accepted,0.127535642411289,0.311029182093629,484344.502553618,4976835.9337674,-1.57384300281892,14.525
635,1,0,accepted,0.12129323617852,0.240694947901367,484344.517140828,4976834.79534451,-1.5852797771975,13.053
636,1,0,accepted,0.133323588283666,0.397649700935722,484344.465812414,4976833.6678831,-1.59202738556926,14.394
637,1,0,accepted,0.0840268776042879,-0.0960821039518856,484344.526795878,4976832.49121628,-1.60911071569969,15.627
638,1,0,accepted,0.121863473219641,-0.938451289626831,484344.607385452,4976831.27124126,-1.63103739364259,14.311
639,1,0,accepted,0.0460689573836199,-0.588889904137702,484344.502932129,4976830.15959444,-1.631082669802,15.467
640,1,0,accepted,0.0428805341672957,-0.852979263305014,484344.466516015,4976828.9828313,-1.6410184355863,13.256
641,1,0,accepted,0.0494919679117459,-0.241640232406521,484344.337456429,4976827.87780896,-1.63535696401306,14.757
642,1,0,accepted,0.0670805821292617,-0.262486627504602,484344.273630959,4976826.71964239,-1.64049629780762,12.403
643,1,0,accepted,0.109578736238539,0.0297697657888942,484344.1785171,4976825.57613474,-1.64000129207933,14.043
644,1,0,accepted,0.081089324745215,-0.433632549378377,484344.165434438,4976824.39341524,-1.6519449968067,12.448
645,1,0,accepted,0.0830283489344009,-0.39449046219899,484344.099442173,4976823.23815792,-1.65482219876961,12.584
646,1,0,accepted,0.0903670093037448,-0.180430442753946,484344.014163592,4976822.10684147,-1.6547350699395,14.877
647,1,0,accepted,0.0823641713624568,-0.186306172411572,484343.951675729,4976820.95497815,-1.65831712781992,12.318
648,1,0,accepted,0.0971149490441316,-0.00551028773602254,484343.861601975,4976819.79679757,-1.65815344691597,12.764
649,1,0,accepted,0.0694186352946589,0.0192244669120902,484343.805925696,4976818.6476093,-1.66005828720634,13.632
650,1,0,accepted,0.0751300236740313,-0.0582837807018155,484343.721592713,4976817.46664719,-1.66306086522537,15.74
651,1,0,accepted,0.123308296182484,0.0341939737028091,484343.596629815,4976816.26732116,-1.66305514981487,13.709
652,1,0,accepted,0.132193847745468,0.0349082892221654,484343.509645226,4976815.07887143,-1.66362065692712,17.574
653,1,0,accepted,0.139132055240916,0.00488874148747312,484343.407745833,4976813.89138337,-1.66466773644642,16.142
654,1,0,accepted,0.1335954344073,0.0106397334151284,484343.312410891,4976812.74055596,-1.66505916959737,13.554
655,1,0,accepted,0.148044733550246,0.00223980609733348,484343.207781369,4976811.54661843,-1.66566962920897,15.35
656,1,0,accepted,0.164684034725887,0.0647991278419401,484343.11138874,4976810.33707199,-1.66503791667622,17.397
657,1,0,accepted,0.136687667186116,-0.0187115622583966,484343.020460817,4976809.19060458,-1.66664699027937,13.591
658,1,0,accepted,0.147688459461089,0.0632685827968043,484342.926004706,4976807.96427658,-1.66544036992677,13.414
659,1,0,accepted,0.0779262613402095,-0.2470418763936,484342.917974793,4976806.78214088,-1.67109131766829,16.508
660,1,0,accepted,0.114164669038482,-0.16419059856069,484342.788836066,4976805.56421159,-1.6700831207255,15.172
661,1,0,accepted,0.119085784845936,-0.107680074465785,484342.678761786,4976804.36785563,-1.66940103163179,13.696
662,1,0,accepted,0.123747322676903,-0.0783999670796476,484342.577641126,4976803.15653703,-1.66941264233757,12.948
663,1,0,accepted,0.129911830585388,0.00047999160017012,484342.460334045,4976801.95960627,-1.66895574929183,12.159
664,1,0,accepted,0.145119399193381,0.128677453480206,484342.323422033,4976800.7899986,-1.66684270414017,14.334
665,1,0,accepted,0.152105173400538,0.0965566712595658,484342.225115654,4976799.54893071,-1.66815457754918,19.051
666,1,0,accepted,0.184565732426624,0.382464208061213,484342.084945819,4976798.34123193,-1.66390337828981,15.971
667,1,0,accepted,0.205883166900565,0.411787033750003,484341.971704662,4976797.09908783,-1.66438526700056,15.579
668,1,0,accepted,0.201330553588076,0.338601964402696,484341.880809643,4976795.86373416,-1.66645424888162,11.993
669,1,0,accepted,0.0903710077438285,-0.00273624438209611,484341.895576716,4976794.66146751,-1.67315342909608,12.679
670,1,0,accepted,0.0279644412303828,-0.0531662833906374,484341.834753287,4976793.4782284,-1.6744086075251,11.69
671,1,0,accepted,0.0189458798628152,-0.277661093991455,484341.76927606,4976792.25920583,-1.67873631723395,10.746
672,1,0,accepted,0.0185458492419961,-0.243398601761568,484341.660094791,4976791.02678366,-1.67888045082257,10.641
673,1,0,accepted,0.0317773826275365,-0.148143993759108,484341.542142081,4976789.77819051,-1.67794820698891,9.544
674,1,0,accepted,0.0301623687484923,-0.141694051029224,484341.42162637,4976788.55429144,-1.67839031837535,10.851
675,1,0,accepted,0.0636829465102311,-0.0399882668444549,484341.277371537,4976787.30566776,-1.67692096344668,11.608
676,1,0,accepted,0.0775308110042567,0.0134772093015989,484341.152846164,4976786.06922547,-1.67640233034099,10.436
677,1,0,accepted,0.0935701328893043,-0.026433118136567,484341.025178111,4976784.83024703,-1.67771163389595,11.303
678,1,0,accepted,0.0791100959111361,-0.119038496868242,484340.917943454,4976783.6115435,-1.68006302815604,13.036
679,1,0,accepted,0.0718904663300004,0.0432299066946839,484340.82142375,4976782.34431936,-1.67782076838237,11.174
680,1,0,accepted,0.0481584138038647,0.123701661749383,484340.731269089,4976781.1381308,-1.67724856057803,10.983
681,1,0,accepted,0.0469009645210795,0.10468383226461,484340.614417196,4976779.89733435,-1.67779336665721,10.945
682,1,0,accepted,0.0647823393325319,0.124407500086743,484340.575910009,4976778.73238402,-1.67814764574966,11.957
683,1,0,accepted,0.0748997255196281,0.105398171899874,484340.461748147,4976777.49540847,-1.67870717069736,11.829
684,1,0,accepted,0.100706144249391,0.116859096884685,484340.345847578,4976776.27427084,-1.67892381009576,12.16
685,1,0,accepted,0.116927032381982,0.147223015852001,484340.215133989,4976775.05047663,-1.67849733041477,11.059
686,1,0,accepted,0.139672331736302,0.117204853361337,484340.108361987,4976773.81405012,-1.6792317771419,11.126
687,1,0,accepted,0.122922492044223,0.158687181751616,484339.967803593,4976772.57493697,-1.67879452287407,10.859
688,1,0,accepted,0.117581764200861,0.157858225114883,484339.833760062,4976771.31828711,-1.67919589768091,10.574
689,1,0,accepted,0.109355862576321,0.173792337442548,484339.699610355,4976770.05943004,-1.67912544546241,10.395
690,1,0,accepted,0.0882440577417306,0.147008497362233,484339.574239315,4976768.78050978,-1.67981602155675,10.97
691,1,0,accepted,0.0791947715825025,0.179689275489894,484339.434688533,4976767.50840316,-1.67957159123543,10.82
692,1,0,accepted,0.0756841240780769,0.126509070113997,484339.302285726,4976766.23845902,-1.6803612817243,10.875
693,1,0,accepted,0.0636083766065814,0.19075963071515,484339.180236236,4976764.9853138,-1.67945500749974,10.651
694,1,0,accepted,0.0515352885640083,0.228581020640882,484339.053331501,4976763.70598805,-1.67936246980401,10.335
695,1,0,accepted,0.0677968952602022,0.530623145899512,484338.913181312,4976762.44892831,-1.67499102840319,8.997
696,1,0,accepted,0.0691694984193502,0.4597906776891,484338.794737329,4976761.15166709,-1.67703743062098,8.362
697,1,0,accepted,0.0952869857363626,0.498333250593848,484338.664641528,4976759.86323981,-1.6769354670063,8.719
698,1,0,accepted,0.112445092067449,0.638815977735034,484338.539035639,4976758.59694903,-1.67515119110033,8.986
699,1,0,accepted,0.129840495214422,0.531564481151647,484338.405963509,4976757.32040081,-1.67780238065935,9.954
700,1,0,accepted,0.145340881166788,0.493244819847392,484338.283224431,4976756.07040206,-1.67943206683829,8.77
701,1,0,accepted,0.160835644906499,0.546661038151957,484338.152250716,4976754.8136105,-1.67921801790876,8.526
702,1,0,accepted,0.194224051947683,0.258966314891724,484338.00468703,4976753.54369862,-1.68509608398569,9.979
703,1,0,accepted,0.203778508123626,0.409948679431972,484337.872883331,4976752.29240926,-1.68285452994552,8.695
704,1,0,accepted,0.263215738615028,0.132165057772196,484337.690284214,4976751.01577548,-1.68893525666151,8.397
705,1,0,accepted,0.167032456964098,0.223755394116652,484337.61262382,4976749.86044965,-1.68759405558162,9.075
706,1,0,accepted,0.113242246840718,0.280316583515946,484337.503146166,4976748.69480696,-1.68710145119762,10.058
707,1,0,accepted,0.0908964585571894,0.326289133575447,484337.387476335,4976747.52801795,-1.68726956725436,11.981
708,1,0,accepted,0.104939175018222,0.292761487973774,484337.279904432,4976746.35596269,-1.68874914481365,11.024
709,1,0,accepted,0.17484672470707,0.0784393878756719,484337.256932761,4976745.20862566,-1.69333818435268,8.458
710,1,0,accepted,0.197734214108436,0.449134709943489,484337.036236869,4976744.00212704,-1.68826719386234,9.892
711,1,0,accepted,0.110396659986959,0.311129462541813,484336.873952698,4976742.67384773,-1.69248023040483,9.706
712,1,0,accepted,0.110030976782552,0.294848391145051,484336.700473994,4976741.29208515,-1.69485424322523,12.781
713,1,0,accepted,0.070913497802147,0.241798271199748,484336.600000416,4976740.17247557,-1.69872746826685,9.938
714,1,0,accepted,0.0808862592678889,-0.00325568090675438,484336.456802287,4976738.85333153,-1.70537516313928,14.059
715,1,0,accepted,0.0940314881192902,-0.076009633358767,484336.300192099,4976737.60427003,-1.71040898423322,11.971
716,1,0,accepted,0.103528691672076,-0.0167666256292248,484336.13664218,4976736.38233267,-1.71339732634412,12.375
717,1,0,accepted,0.10561253155507,0.347493130357414,484335.960984937,4976735.22608168,-1.71173591396177,10.686
718,1,0,accepted,0.147164069866725,0.691072198734629,484335.765694209,4976733.9881893,-1.71122017556897,10.068
719,1,0,accepted,0.105148810477445,0.415663563862436,484335.64789349,4976732.76387522,-1.72175311020132,12.02
720,1,0,accepted,0.134724722142391,0.721897687198609,484335.451798745,4976731.56889623,-1.72278447440602,9.561
721,1,0,accepted,0.127403542862696,0.712481737810414,484335.291448703,4976730.33754713,-1.72893809199891,8.986
722,1,0,accepted,0.135303978809656,0.813907148856502,484335.116226438,4976729.10453603,-1.73302742800503,9.505
723,1,0,accepted,0.143212338926226,0.468346813035812,484334.943203431,4976727.87263447,-1.74508350506532,11.77
724,1,0,accepted,0.137374612165106,0.309252915209571,484334.764060402,4976726.669516,-1.75412332363393,11.325
725,1,0,accepted,0.155937859481761,0.213672604095857,484334.541111095,4976725.47196226,-1.76246312510339,11.542
726,1,0,accepted,0.152582390914288,0.290157140093668,484334.341496384,4976724.29025561,-1.76787686534318,11.667
727,1,0,accepted,0.157032026293295,0.423820339953691,484334.114262213,4976723.08724646,-1.77164789641924,11.394
728,1,0,accepted,0.15578028560568,0.455300833149696,484333.882071892,4976721.91045946,-1.77747560234422,10.943
729,1,0,accepted,0.148003724392068,0.535403723249161,484333.655999757,4976720.74449411,-1.78249273303029,11.367
730,1,0,accepted,0.0757443697417765,0.45559914181793,484333.443309564,4976719.65321223,-1.78875125582887,10.832
731,1,0,accepted,0.0418770687909638,0.537946389209285,484333.218720954,4976718.51418585,-1.79362901704317,11.176
732,1,0,accepted,0.0376807227802574,0.522345408369828,484332.968565017,4976717.36682788,-1.79889557639648,10.999
733,1,0,accepted,0.0957370063235973,0.416608285337251,484332.777050841,4976716.27480921,-1.80549242520264,11.3
734,1,0,accepted,0.0939230472106594,0.252222309721745,484332.538247142,4976715.11339114,-1.81286657844374,11.641
735,1,0,accepted,0.104114366031662,0.137039352468549,484332.298896449,4976713.95257018,-1.8186709310432,11.343
736,1,0,accepted,0.123375996455809,-0.150728400538453,484332.061050984,4976712.76993971,-1.82728612759029,14.183
737,1,0,accepted,0.0848387804460027,0.0949824031966771,484331.739578636,4976711.63704606,-1.82631343819497,11.459
738,1,0,accepted,0.0701504096843949,0.320391636824767,484331.421042166,4976710.50265853,-1.82570818360648,12.098
739,1,0,accepted,0.0729984548142201,0.25489257339526,484331.135672113,4976709.37488095,-1.82984677680502,12.343
740,1,0,accepted,0.0257382196227691,0.326757759714778,484330.825412618,4976708.1832368,-1.83116526363731,12.567
741,1,0,accepted,0.0246076104604075,0.202270270899477,484330.539430047,4976707.04129313,-1.83532645489832,12.88
742,1,0,accepted,0.0400024628960147,-0.0424957621450876,484330.238989142,4976705.91514359,-1.8415235199698,15.374
743,1,0,accepted,0.0620235333682742,0.00251549089121969,484329.92803182,4976704.77766992,-1.84202993066835,13.569
744,1,0,accepted,0.0755403404567822,0.00807591862815446,484329.627059498,4976703.66229961,-1.84304900660193,13.231
745,1,0,accepted,0.0795947215256927,-0.127951932209541,484329.335916358,4976702.54800438,-1.8466161497158,13.943
746,1,0,accepted,0.102074585590503,0.00900320384457499,484329.020340173,4976701.39517975,-1.84535034784248,15.624
747,1,0,accepted,0.114155498219215,0.0340954706460465,484328.732375958,4976700.24688126,-1.84586149197149,14.471
748,1,0,accepted,0.179909862771725,-0.119432843856853,484328.424012814,4976699.04644173,-1.84918856225465,11.149
749,1,0,accepted,0.160756775939963,0.0217797296456274,484328.110438972,4976697.99773285,-1.84770485421554,13.165
750,1,0,accepted,0.0996739169130926,0.542650623130863,484327.860385163,4976696.95121196,-1.83879694088229,12.876
751,1,0,accepted,0.105583925844099,0.686700850063936,484327.559155169,4976695.86674911,-1.83683866334972,12.18
752,1,0,accepted,0.107888709147118,0.768521063269586,484327.263575724,4976694.7754782,-1.83620250255084,13.45
753,1,0,accepted,0.0885555515161166,0.697439302118684,484326.993480947,4976693.69345008,-1.83747896050719,12.671
754,1,0,accepted,0.0868687151974376,0.72846145742333,484326.707008536,4976692.61101316,-1.83789183909257,14.077
755,1,0,accepted,0.0838647564107811,0.693358870634152,484326.418991667,4976691.52072239,-1.83875365136945,13.703
756,1,0,accepted,0.0736619162695946,0.612775703596715,484326.142430941,4976690.43991523,-1.84050073706409,13.399
757,1,0,accepted,0.0882970828820266,0.631982919910494,484325.848242829,4976689.37374155,-1.84030589838043,14.373
758,1,0,accepted,0.103588794209662,0.604345328650347,484325.54913449,4976688.29997609,-1.84132774193687,15.19
759,1,0,accepted,0.109583047445935,0.590843117051627,484325.252558537,4976687.21852096,-1.84106565614766,15.034
760,1,0,accepted,0.125194685080244,0.356587595532395,484324.945010172,4976686.14976279,-1.84369886536797,15.019
761,1,0,accepted,0.113749243268338,0.274453796854257,484324.663484775,4976685.06192112,-1.84375726996292,14.162
762,1,0,accepted,0.125903434066305,0.13604388956077,484324.399110122,4976684.03466586,-1.84317059368308,14.261
763,1,0,accepted,0.139852352683452,0.185840194974492,484324.110000831,4976682.98294215,-1.83873636189784,14.591
764,1,0,accepted,0.151491972142149,0.184940361453621,484323.828767186,4976681.94518857,-1.83441352442197,12.914
765,1,0,accepted,0.170262097787085,0.102302125699261,484323.540249772,4976680.91065166,-1.83135954442592,17.485
766,1,0,accepted,0.179449914224003,0.100165742370403,484323.268959804,4976679.87315322,-1.82687103841724,15.322
767,1,0,accepted,0.195384394451464,0.0711119756459618,484322.989889813,4976678.85341063,-1.82246613005174,13.795
768,1,0,accepted,0.214464408954697,-0.0430516137189795,484322.71374595,4976677.83295714,-1.81888355660339,14.551
769,1,0,accepted,0.239861244523021,-0.215010855475269,484322.427291525,4976676.79137961,-1.81603295550093,14.472
770,1,0,accepted,0.159675437693809,-1.0581610164504,484322.255805983,4976675.65748713,-1.82348578491736,17.831
771,1,0,accepted,0.169027832473354,0.322323204113412,484322.050457715,4976674.79175527,-1.79189014870756,20.719
772,1,0,accepted,0.193562935275508,0.731747285816239,484321.788517232,4976673.76572685,-1.77663776699824,20.719
773,1,0,accepted,0.146657702294302,0.302791496070681,484321.628299743,4976672.77085541,-1.77566227224454,20.723
774,1,0,accepted,0.13652846836381,0.653469712749098,484321.444445173,4976671.80259263,-1.76008346457172,16.36
775,1,0,coarseRetainedByTrustRadius,0.1224456628699,-0.222129548827465,484321.415862986,4976671.00657061,-1.76643100753375,18.894
776,1,0,accepted,0.224197168147506,-0.873543230119682,484321.329974924,4976670.14980205,-1.7674237154101,13.888
777,1,0,accepted,0.12783452492661,-0.370718318974818,484321.094007737,4976669.12089687,-1.74739197181585,11.163
778,1,0,accepted,0.0547216389823355,0.298616519244042,484320.876356132,4976668.11654179,-1.72441358786926,11.493
779,1,0,accepted,0.216878671612907,1.12283631111325,484320.618598889,4976667.01513421,-1.698214126381,17.453
780,1,0,accepted,0.175878645347395,0.810039791246946,484320.510735248,4976666.14216547,-1.69138601846236,17.012
781,1,0,accepted,0.175598435416869,0.932908723839365,484320.40154229,4976665.22814173,-1.67660533761078,15.335
782,1,0,accepted,0.0539525475054856,0.0547528853076456,484320.362548449,4976664.45029424,-1.67859801143471,14.34
783,1,0,accepted,0.062841241596376,0.0412222716318579,484320.262616009,4976663.56315872,-1.66490290701849,12.26
784,1,0,accepted,0.0757442602911744,0.108193407013291,484320.171811186,4976662.6879368,-1.64893058507955,12.473
785,1,0,accepted,0.0905097810442683,-0.023869356445175,484320.089853125,4976661.82110833,-1.63603465362006,12.107
786,1,0,accepted,0.0882376692996183,0.249671373129705,484320.046742603,4976660.95043604,-1.61566842572516,11.69
787,1,0,accepted,0.0907019227274686,0.154666740917877,484320.006599343,4976660.10309503,-1.60040746957338,12.118
788,1,0,accepted,0.106504810330492,0.611677557773839,484319.998833357,4976659.23588476,-1.57515339935228,16.218
789,1,0,accepted,0.0915261262188422,0.66794413958659,484320.001755462,4976658.42203507,-1.55584165953859,12.71
790,1,0,accepted,0.0593957678367764,0.303242825328917,484319.999989403,4976657.71182668,-1.54323301677283,15.68
791,1,0,accepted,0.0826116850812397,0.274978806048658,484319.986412654,4976656.90365331,-1.52419136394273,12.47
792,1,0,accepted,0.0869028039293915,0.202333451454956,484320.01757146,4976656.10214575,-1.50523736583423,15.914
793,1,0,accepted,0.0976896047210919,-0.202034636393677,484320.081801974,4976655.33746348,-1.49120482223564,16.992
794,1,0,accepted,0.0852934241410981,0.0502579488454208,484320.129034555,4976654.49123739,-1.46527363225672,14.672
795,1,0,accepted,0.0950261577028912,-0.18874383446458,484320.204671878,4976653.70392331,-1.44695686929656,13.359
796,1,0,accepted,0.0864408958639931,-0.297444744606185,484320.311912835,4976652.92472113,-1.42604714353055,12.928
797,1,0,accepted,0.0831224281440499,-0.214156139371494,484320.418690711,4976652.12110126,-1.40091578272389,25.022
798,1,0,accepted,0.0955351898316647,0.05892347519567,484320.534946634,4976651.29663036,-1.37240970999168,24.81
799,1,0,accepted,0.0736766879206971,-0.0924202033872951,484320.702197548,4976650.52863603,-1.35096478837522,16.243
800,1,0,accepted,0.0806352944073837,-0.244781516162802,484320.859270822,4976649.76467039,-1.32948834113217,13.733
801,1,0,accepted,0.122619823002147,-0.151986993449912,484321.024578478,4976648.98813539,-1.30421455590362,13.953
802,1,0,accepted,0.140103217852822,-0.160507591112039,484321.219355134,4976648.2379654,-1.2806484574678,13.707
803,1,0,accepted,0.194318888703507,0.102144905970503,484321.453431945,4976647.45509802,-1.25215492262174,14.063
804,1,0,accepted,0.228937694835559,0.246670359875435,484321.686878175,4976646.71697347,-1.22632993828029,14.921
805,1,0,accepted,0.263418111811407,0.337080224373843,484321.942681364,4976645.97916927,-1.20121817471842,14.511
806,1,0,accepted,0.288058475130806,0.329141851330349,484322.216826372,4976645.26822411,-1.17817457061005,13.779
807,1,0,accepted,0.239584270968083,0.507105355233325,484322.46516407,4976644.62566125,-1.15194383528835,15.87
808,1,0,accepted,0.142092310324059,1.95030992047481,484322.664245969,4976644.01350309,-1.10374829169666,17.645
809,1,0,accepted,0.21763205430141,1.1304983352874,484323.069198044,4976643.26742794,-1.0957353356745,15.701
810,1,0,accepted,0.246078474259743,0.169026315798107,484323.430641866,4976642.56714436,-1.08962403161077,27.893
811,1,0,accepted,0.173699714433412,0.992548361067344,484323.72848756,4976641.96553166,-1.05268363647196,25.477
812,1,0,accepted,0.175753823794344,0.24009976883974,484324.084986782,4976641.30707072,-1.04351059058406,23.61
813,1,0,accepted,0.117559625073775,0.580515636379073,484324.422328055,4976640.71110452,-1.01518932517808,22.418
814,1,0,accepted,0.0889555292681008,0.524711661431187,484324.80947717,4976640.09682947,-0.993738153021886,13.722
815,1,0,accepted,0.0476756215671032,0.539370800784385,484325.21021505,4976639.50614385,-0.97118764176985,16.109
816,1,0,accepted,0.0581649484400817,0.400588697503489,484325.625243494,4976638.86845866,-0.950850975265366,12.666
817,1,0,accepted,0.0459941584021091,0.189155416920949,484326.030523387,4976638.29626731,-0.932394375461792,13.581
818,1,0,accepted,0.0428610065446294,0.183354448341611,484326.48135382,4976637.68479144,-0.91008224160747,12.997
819,1,0,accepted,0.0447395729476488,0.205568641737815,484326.954261108,4976637.07652054,-0.887024370378177,12.102
820,1,0,accepted,0.0491416373240137,-0.106489572791019,484327.396509108,4976636.52038097,-0.869996523245706,15.529
821,1,0,accepted,0.057995291120535,-0.00774833570243281,484327.874780645,4976635.95300404,-0.845529670827769,14.05
822,1,0,accepted,0.0607968768959613,0.109230667889132,484328.373383775,4976635.39797542,-0.820801175056031,12.728
823,1,0,accepted,0.0620769056754421,0.0705979456987336,484328.891556088,4976634.82738774,-0.798279018487544,14.708
824,1,0,accepted,0.0585831981919206,0.165887331824679,484329.450463434,4976634.23166874,-0.773840653075393,13.955
825,1,0,accepted,0.0959389739729373,-0.0769332297403944,484329.938624864,4976633.7724279,-0.754913845131379,13.265
826,1,0,accepted,0.0976669025602254,-0.0946202620092339,484330.495325964,4976633.21363635,-0.732365478797772,13.622
827,1,0,accepted,0.0925262490125348,0.0740549423742832,484331.07392481,4976632.68688695,-0.706331652085314,13.655
828,1,0,accepted,0.0255681770466451,0.375565118409128,484331.748578408,4976632.15178044,-0.677984136298176,11.86
829,1,0,coarseRetainedByTrustRadius,0.270048928631497,-0.198604921125653,484332.093761126,4976631.8021211,-0.665375850896358,17.919
830,1,0,coarseRetainedByTrustRadius,0.248323010482536,0.204022057998401,484332.680288241,4976631.1996573,-0.635846999074944,17.178
831,1,0,coarseRetainedByTrustRadius,0.178581369141681,0.231645483448022,484333.36541228,4976630.7269661,-0.612977499229266,14.843
832,1,0,coarseRetainedByTrustRadius,0.209424266485625,-0.000245704805353284,484333.967018503,4976630.28555629,-0.594240959518805,15.811
833,1,0,coarseRetainedByTrustRadius,0.18327788492615,0.181362937468657,484334.630730174,4976629.78649056,-0.568770879937171,14.921
834,1,0,coarseRetainedByTrustRadius,0.16008025222316,-0.260382292831773,484335.317847862,4976629.39383086,-0.554504416645062,16.238
835,1,0,coarseRetainedByTrustRadius,0.161666027505034,-0.337587984346731,484335.979311473,4976628.96087804,-0.533892939627372,21.053
836,1,0,coarseRetainedByTrustRadius,0.158953988582402,-0.448242110048851,484336.67430016,4976628.54961368,-0.513759160624495,33.696
837,1,0,coarseRetainedByTrustRadius,0.112585471289503,-0.348735284806556,484337.396420314,4976628.13614724,-0.490523739554054,25.69
838,1,0,accepted,0.314007037414291,-0.949715465252582,484337.925794994,4976627.87875057,-0.479440933344007,24.238
839,1,0,accepted,0.0712129374068804,-0.376478758030058,484338.847818879,4976627.38085616,-0.448018697079889,16.273
840,1,0,accepted,0.0916784039684317,-0.0116115423435234,484339.687374937,4976626.93887412,-0.420565184369963,17.197
841,1,0,accepted,0.14188942663801,0.102028071065052,484340.45892014,4976626.58237434,-0.398068493357904,15.962
842,1,0,accepted,0.0378654994134213,-0.308081356304721,484341.079445034,4976626.29498553,-0.385650410320195,18.544
843,1,0,accepted,0.0601392448165518,-0.473751310583833,484341.79125887,4976626.01004722,-0.369462516962633,17.053
844,1,0,coarseRetainedByTrustRadius,0.141124302450853,-0.125734886329022,484342.677728988,4976625.6354043,-0.344754098471123,14.616
845,1,0,coarseRetainedByTrustRadius,0.163517880418458,0.383567317188083,484343.455791486,4976625.32721287,-0.317922671055677,17.879
846,1,0,coarseRetainedByTrustRadius,0.192890569756564,0.336850685907301,484344.259015268,4976625.05664692,-0.301140044272061,13.686
847,1,0,coarseRetainedByTrustRadius,0.222421689317969,0.367231953071843,484345.06805379,4976624.80775412,-0.283753373863058,14.639
848,1,0,coarseRetainedByTrustRadius,0.238049708310816,0.372438032202008,484345.893521629,4976624.56459155,-0.267419509255015,11.684
849,1,0,coarseRetainedByTrustRadius,0.17089804722336,-0.00287322149812704,484346.652049667,4976624.35211041,-0.258479345038857,12.955
850,1,0,accepted,0.102391309893489,-0.467677716753213,484347.342788233,4976624.1974071,-0.252471593551893,10.803
851,1,0,accepted,0.117909094052888,-0.220227971979848,484348.23142407,4976623.95861591,-0.234249437966407,11.641
852,1,0,accepted,0.138685121422892,-0.229370520971121,484349.090033342,4976623.77729166,-0.221486989901343,11.585
853,1,0,accepted,0.152552350925984,-0.240848932084771,484349.96063625,4976623.59162116,-0.210047482917847,12.8
854,1,0,accepted,0.473899729316324,1.08577748764424,484351.121338713,4976623.15860113,-0.175865414618878,16.984
855,1,0,accepted,0.419032882351177,0.888289962778744,484351.91816917,4976622.98685145,-0.169289430661319,15.635
856,1,0,accepted,0.0833217328829782,0.542418196230674,484352.491850457,4976622.97362618,-0.166398301869188,14.133
857,1,0,accepted,0.0737421992697619,0.471566530441277,484353.365752547,4976622.86505287,-0.159320456593085,16.083
858,1,0,accepted,0.0623154232438739,0.481673738554386,484354.271987602,4976622.73545834,-0.151536230886689,13.458
859,1,0,accepted,0.0869154610131356,0.207228101730728,484355.195022336,4976622.68694769,-0.148904806357806,16.277
860,1,0,accepted,0.0402128996632782,0.358834790322386,484356.100246447,4976622.52853346,-0.139378496777437,14.91
861,1,0,accepted,0.0730603829142885,-0.0215251516492176,484357.04768562,4976622.45700709,-0.138799933094347,16.689
862,1,0,accepted,0.10542920952436,-0.177977313490563,484357.986416525,4976622.39754487,-0.134505631953764,16.093
863,1,0,accepted,0.0649528883487926,-0.0848013421176316,484358.897300159,4976622.26890396,-0.12708981258283,15.631
864,1,0,accepted,0.0205755615495454,0.0848117710699449,484359.819092899,4976622.13722655,-0.11919095159718,16.695
865,1,0,accepted,0.0278881508705654,0.135615501652489,484360.756507828,4976622.02513138,-0.113818597033318,15.91
866,1,0,accepted,0.0743964471325795,0.282754020251259,484361.688712232,4976621.89483887,-0.106759859826595,14.454
867,1,0,accepted,0.0896602969860536,0.197625283989884,484362.652106933,4976621.7983499,-0.103341836427341,15.598
868,1,0,accepted,0.0982021670740997,0.126764512386276,484363.615123571,4976621.71195337,-0.100153593202774,15.406
869,1,0,accepted,0.12979487673086,0.172186950563823,484364.572016126,4976621.61544075,-0.0948543758694738,14.066
870,1,0,accepted,0.138414420164775,0.197237908624955,484365.539444342,4976621.54152069,-0.0899060684484584,18.327
871,1,0,accepted,0.168800128844531,0.309959205434357,484366.516923084,4976621.44725661,-0.0836416962025526,15.044
872,1,0,accepted,0.182796382742951,0.383725816531816,484367.496656837,4976621.37870714,-0.0779471925640969,12.751
873,1,0,accepted,0.189617610914407,0.386055650291493,484368.496766892,4976621.30742754,-0.0733360500803812,12.222
874,1,0,accepted,0.206796432724284,0.459439076379741,484369.493645923,4976621.24262194,-0.0679826679259764,12.872
875,1,0,accepted,0.182119522130027,0.149210815546563,484370.521895298,4976621.21026402,-0.0690335150467216,12.249
876,1,0,accepted,0.214909912564691,0.372084448533834,484371.509409666,4976621.13170761,-0.0606765095141324,15.547
877,1,0,accepted,0.225674786107749,0.232833578308388,484372.532603239,4976621.07060878,-0.0588473875082698,14.584
878,1,0,accepted,0.21595446283429,0.241151796519927,484373.542833284,4976621.02674343,-0.0541295444423233,19.057
879,1,0,accepted,0.217470336221831,0.15181643034603,484374.56486914,4976620.97413579,-0.0511667785997992,13.525
880,1,0,accepted,0.219427708097811,0.64288573805634,484375.574942941,4976620.92973348,-0.0380817445018334,14.405
881,1,0,accepted,0.20447470008907,0.570855334834116,484376.598901283,4976620.90515404,-0.0342271406205811,12.01
882,1,0,accepted,0.198573948345206,0.451614499328951,484377.666800165,4976620.86353588,-0.0302571550516698,13.485
883,1,0,accepted,0.183702807718335,0.00910119375813865,484378.72275789,4976620.84606942,-0.0318655189609776,13.182
884,1,0,accepted,0.192697457947216,0.0645642445791205,484379.754768418,4976620.81597843,-0.0246412382823208,11.434
885,1,0,accepted,0.247801955055445,-0.0410495472515916,484380.798839184,4976620.74606817,-0.0202977422021311,11.432
886,1,0,accepted,0.228371196868326,0.0825049921596942,484381.840730117,4976620.75897728,-0.0118420688418641,12.262
887,1,0,accepted,0.234798057657416,0.175134653059177,484382.880046325,4976620.75167062,-0.00414300727548775,13.01
888,1,0,accepted,0.232953082089535,0.200790265738171,484383.946246795,4976620.76245712,0.00258828071041409,11.005
889,1,0,accepted,0.215609846833172,0.194347343758869,484385.012036922,4976620.80499785,0.00803426183410601,11.476
890,1,0,accepted,0.214965219712383,0.167127292086455,484386.049192035,4976620.82363253,0.0136352584636574,13.201
891,1,0,accepted,0.155314041659189,0.314310142046352,484387.050319572,4976620.89585158,0.0224301029244772,12.865
892,0,1,acceptedDirectional,0.0312473913077673,0.0912621799074661,484388.095664864,4976621.05559827,0.0244183509091004,13.062
893,0,1,acceptedDirectional,0.0742968461487236,0.291904463815965,484389.157870007,4976621.04698373,0.033600420559009,12.257
894,0,1,acceptedDirectional,0.0444950439377652,-0.0942650752161868,484390.214171335,4976621.12520106,0.0322446791229576,11.203
895,1,0,accepted,0.245256002427388,0.180959849137061,484391.006626645,4976621.23749572,0.0427059495425424,10.823
896,1,0,accepted,0.245021945594727,-0.154713205067214,484392.088058183,4976621.38161822,0.04216315824808,10.569
897,1,0,accepted,0.225609556809096,0.0129999478397579,484393.157289106,4976621.42400728,0.0503948409012175,11.685
898,1,0,accepted,0.223301815485314,-0.37400244369388,484394.232111659,4976621.52637849,0.0489597899122721,18.373
899,1,0,accepted,0.315391379527726,-1.79536170301853,484395.389085003,4976621.787053,0.0292416805243639,11.883
900,1,0,accepted,0.232430632648809,-1.32999969266344,484396.436370979,4976621.77897685,0.0429964022270798,14.058
901,1,0,accepted,0.251503207205528,-0.322799818471218,484397.376533248,4976621.74331114,0.0657157095401386,14.216
902,1,0,accepted,0.183494913328612,-0.907830056834315,484398.548375754,4976621.90480423,0.0606775572516006,14.369
903,1,0,accepted,0.124194027833036,-0.685486295591764,484399.64970051,4976621.95496668,0.070142289421563,12.873
904,1,0,accepted,0.0829493742631537,0.0529987247136274,484400.734353732,4976622.01486662,0.0876330147366461,13.381
905,1,0,accepted,0.0439251336410003,0.0481613525518797,484401.843503599,4976622.11970353,0.0910609707983267,11.895
906,1,0,accepted,0.0220077445951133,-0.129381700660628,484402.959240617,4976622.23693604,0.0903720036106364,11.479
907,1,0,accepted,0.0440204908701016,-0.0102265477933965,484404.071721788,4976622.35183774,0.0930238033831449,10.919
908,1,0,accepted,0.0403761610830309,0.179492917018294,484405.162156277,4976622.46787658,0.0957259049422708,10.322
909,1,0,accepted,0.0653924715766766,0.243743750285157,484406.253675361,4976622.58345783,0.0957325943420108,9.689
910,1,0,accepted,0.0824453110649471,0.294760582764337,484407.350582491,4976622.69721893,0.0958576032705818,9.951
911,1,0,accepted,0.0724099445509846,0.3177480869819,484408.423606696,4976622.82830385,0.0953019503675229,10.678
912,1,0,accepted,0.0948758297700141,0.230049398556611,484409.538962552,4976622.93292664,0.0933402740082239,10.263
913,1,0,accepted,0.101209728926716,0.260808841495041,484410.637928273,4976623.04082374,0.0937113732044223,10.897
914,1,0,accepted,0.0983983726528393,0.384099499502759,484411.730252386,4976623.17179676,0.0962509927335634,12.054
915,1,0,accepted,0.0964870076567646,0.422844490194442,484412.812820548,4976623.29592988,0.0974868316625963,12.381
916,1,0,accepted,0.0952613062142293,0.50522226348943,484413.909041357,4976623.42869947,0.099639643728381,11.929
917,1,0,accepted,0.0938138430550164,0.424652092174462,484415.010780879,4976623.52840679,0.0988043097833976,12.012
918,1,0,accepted,0.0913692383221849,0.392326127277332,484416.117918227,4976623.65318117,0.0986628945335497,12.41
919,1,0,accepted,0.10729573245181,0.469456960414864,484417.246842642,4976623.76584449,0.100563287614439,11.097
920,1,0,accepted,0.100264673958816,0.476947899943888,484418.348223844,4976623.89511583,0.101363272307843,14.428
921,1,0,accepted,0.0847605225308505,0.405264725260487,484419.454686107,4976624.02288423,0.100811138631816,13.43
922,1,0,accepted,0.0906459667124233,0.0744060787025666,484420.465154532,4976624.24394333,0.0955127667084532,10.962
923,1,0,accepted,0.0643530185348668,0.137201233218953,484421.582099524,4976624.34907942,0.0972815781522411,10.652
924,1,0,accepted,0.0529348415582551,0.11815379024499,484422.700795961,4976624.46913218,0.0973931806767093,10.27
925,1,0,accepted,0.0510489701798279,0.137913003365627,484423.814883134,4976624.59988767,0.0983112974034582,11.463
926,1,0,accepted,0.0512520143446354,0.159859827944533,484424.908367764,4976624.72314636,0.0989170902574887,11.389
927,1,0,accepted,0.0548568665757837,0.153363812837089,484426.009808087,4976624.84706285,0.0994870927401073,11.108
928,1,0,accepted,0.0694677591132032,0.16793080927957,484427.115743708,4976624.97956957,0.100157162117328,11.166
929,1,0,accepted,0.0772819375946649,0.17212492049766,484428.231385136,4976625.1003343,0.100814271232663,12.683
930,1,0,accepted,0.113121623207701,-0.108511790074109,484429.347771603,4976625.2890931,0.0963436495098456,11.559
931,1,0,accepted,0.111138361603785,0.344300205488837,484430.469549772,4976625.34053991,0.104840355090541,12.414
932,1,0,accepted,0.124370247436411,0.504702190498828,484431.610033978,4976625.44038472,0.108189778471297,12.346
933,1,0,accepted,0.0950527877848928,0.380916000713294,484432.784797984,4976625.57445086,0.106574075667842,10.388
934,1,0,accepted,0.0807258749608412,0.320439872774021,484433.959522841,4976625.7126971,0.106432124234671,9.09
935,1,0,accepted,0.0860285233063483,0.380746093135558,484435.1000618,4976625.8441614,0.107864520470337,9.955
936,1,0,accepted,0.0817047345392993,0.215415905359604,484436.272985207,4976625.98576235,0.105468415502918,9.811
937,1,0,accepted,0.0921816085690734,0.251319646353922,484437.431746176,4976626.11982931,0.106095084675091,11.278
938,1,0,accepted,0.0876950740877897,0.248416145980227,484438.597526457,4976626.26775129,0.105907720198287,10.666
939,1,0,accepted,0.119061696166035,0.345412817875121,484439.793215072,4976626.39142752,0.107726647689644,10.616
940,1,0,accepted,0.157927839500434,0.527867385170861,484440.989983252,4976626.52097697,0.110968957593574,10.253
941,1,0,accepted,0.168198696768525,0.504071161303288,484442.167446343,4976626.67354295,0.110554026671298,10.775
942,1,0,accepted,0.181371349379582,0.344114287598739,484443.350679295,4976626.82745117,0.108000329903855,10.489
943,1,0,accepted,0.18116896199444,0.335310074159341,484444.515058213,4976626.98018374,0.107961087301309,10.799
944,1,0,accepted,0.106632743875449,0.287911073199313,484445.609072222,4976627.15027666,0.106960145214664,12.034
945,1,0,accepted,0.0872955604632318,0.293979583131783,484446.749746851,4976627.29413188,0.10747424762262,13.048
946,1,0,accepted,0.0935529830415339,0.216642046205299,484447.921789988,4976627.43526199,0.106626674648509,11.461
947,1,0,accepted,0.0989127339208005,0.228161196664934,484449.091950878,4976627.57131018,0.107096654747124,15.836
948,1,0,accepted,0.114153939931993,0.236099975344946,484450.262518988,4976627.70052055,0.107455488701629,10.075
949,1,0,accepted,0.141023140190257,0.231603130460586,484451.46241604,4976627.8271105,0.107462174562608,10.2
950,1,0,accepted,0.164686894572553,0.24413409343419,484452.651497804,4976627.95200238,0.108194782810611,10.018
951,1,0,accepted,0.190979177870732,0.163162279602528,484453.83804338,4976628.06654253,0.107291456535096,10.215
952,1,0,accepted,0.192868835512881,0.188561196286489,484455.007325191,4976628.19627056,0.107989078827052,10.595
953,1,0,accepted,0.190486365213507,0.138853695675698,484456.172889088,4976628.33678986,0.10687342655647,11.996
954,1,0,accepted,0.185785543252946,0.141576790037775,484457.336113632,4976628.47940533,0.106544788176685,12.785
955,1,0,accepted,0.14561128687881,0.168213306715659,484458.457903095,4976628.64415326,0.10721422463906,12.759
956,1,0,accepted,0.117569126434657,-0.160629715670739,484459.671964225,4976628.8378561,0.101878383535714,11.527
957,1,0,accepted,0.137198997439488,0.0423104308637178,484460.832467029,4976628.95369726,0.10576399895253,11.839
958,1,0,accepted,0.140576746588178,0.106757332532803,484461.999741939,4976629.09796482,0.107112864097353,11.5
959,1,0,accepted,0.152677723062035,0.188551030481654,484463.183391397,4976629.2394037,0.108821309358799,11.658
960,1,0,accepted,0.148518537696254,0.149557856980966,484464.375906224,4976629.39840496,0.108429905495264,11.146
961,1,0,accepted,0.158703122484178,0.243577281638407,484465.546706545,4976629.54098425,0.110113582799086,10.22
962,1,0,accepted,0.139704890886408,0.0606787419283061,484466.772590638,4976629.71992723,0.107771710052206,10.71
963,1,0,accepted,0.146303061353545,0.0190194749520288,484467.959613085,4976629.86593586,0.107363123125987,9.672
964,1,0,accepted,0.176407866892871,0.0617449168832179,484469.172638113,4976629.995964,0.108433193885179,9.406
965,1,0,accepted,0.0712515444491004,-0.177414435668951,484470.237750946,4976630.27163554,0.10498648124251,11.085
966,1,0,accepted,0.095806474632138,-0.268348345978715,484471.390321718,4976630.46356206,0.104024473847904,10.086
967,1,0,accepted,0.103557734800876,-0.187582457188165,484472.575338644,4976630.61593234,0.105794890938603,9.404
968,1,0,accepted,0.0745745461325781,-0.16990595466586,484473.777342334,4976630.7685476,0.106391553511179,9.715
969,1,0,accepted,0.0612147116569215,0.0139060293625752,484474.981376856,4976630.91803501,0.109898897116608,10.29
970,1,0,accepted,0.0146558347772865,-0.160991625056084,484476.223632994,4976631.07623501,0.107100890636925,9.912
971,1,0,accepted,0.052193712533467,-0.00413281448308087,484477.455235831,4976631.20908302,0.109718809191317,11.52
972,1,0,accepted,0.0590341444261459,-0.0723131684111317,484478.649105614,4976631.36284981,0.108526484921063,10.863
973,1,0,accepted,0.0477713193415189,-0.0572438609611214,484479.825158943,4976631.52479409,0.108366163932913,11.157
974,1,0,accepted,0.0661460703992697,0.0500108827095375,484481.019142563,4976631.6668049,0.110068582449573,10.801
975,1,0,accepted,0.0644411160502219,0.0905227807194919,484482.193188193,4976631.82260746,0.11044279690503,14.416
976,1,0,accepted,0.0641920192325566,0.147991561042084,484483.343256857,4976631.9783218,0.110924643109536,13.229
977,1,0,accepted,0.0783499485311201,0.171015435244537,484484.541633889,4976632.1221805,0.110528577721571,14.067
978,1,0,accepted,0.0612701104288798,0.556189181511222,484485.695321245,4976632.3097454,0.116525448301152,12.172
979,1,0,accepted,0.0978638166794442,0.264858423552915,484486.943663221,4976632.42397935,0.110607714852094,12.122
980,1,0,accepted,0.0856049103639938,0.387332389948743,484488.126163875,4976632.59566395,0.11163593321734,11.751
981,1,0,accepted,0.0981585035788401,0.168337524034417,484489.333729484,4976632.742022,0.106771862989843,12.345
982,1,0,accepted,0.0765605154675081,0.242047465314675,484490.484032472,4976632.91784857,0.109400543563626,12.303
983,1,0,accepted,0.152360964661076,0.0742427025917417,484491.548910351,4976633.19397475,0.105948570059657,11.836
984,1,0,accepted,0.125828497568184,0.120590161020653,484492.790478191,4976633.35263228,0.104679029870977,11.997
985,1,0,accepted,0.0861302005613823,0.182510715647067,484494.008940658,4976633.49113924,0.106457088748385,13.068
986,1,0,accepted,0.0540740185101489,0.108713950555492,484495.243793125,4976633.65334446,0.104593168117417,12.465
987,1,0,accepted,0.0461117683146924,0.0790883759732247,484496.426602878,4976633.79969956,0.103248107713619,11.465
988,1,0,accepted,0.021161763841916,0.175846748902406,484497.623787141,4976633.9339007,0.104328568807159,11.744
989,1,0,accepted,0.0275394657189085,0.549518594921471,484498.840694198,4976634.0715943,0.111035479546839,13.143
990,1,0,accepted,0.0440368649494651,0.672916855547029,484500.035791752,4976634.20915032,0.112503854037644,12.467
991,1,0,accepted,0.0711075746367454,0.842231614380925,484501.239044103,4976634.34740051,0.115317313917225,13.239
992,1,0,accepted,0.0817069192254555,0.903684803691347,484502.431975547,4976634.49764269,0.116053925352548,11.757
993,1,0,accepted,0.0732540824497311,0.743565148916545,484503.580925602,4976634.63353591,0.112636296523409,11.753
994,1,0,accepted,0.0863788459569786,0.76604748910795,484504.773122292,4976634.77240235,0.112498892013085,11.182
995,1,0,accepted,0.0719256247727038,0.666532842366391,484505.914668358,4976634.91930355,0.110563607788075,11.355
996,1,0,accepted,0.0622701642275807,0.464568264610704,484507.077981147,4976635.07423633,0.106975060213463,11.52
997,1,0,accepted,0.0717910934362685,0.499124592165506,484508.246986021,4976635.20925607,0.107170609650202,10.165
998,1,0,accepted,0.0720060652135631,0.448274329674302,484509.407690188,4976635.34947375,0.105778010631814,10.403
999,1,0,accepted,0.049715534139613,0.320964574503849,484510.546772056,4976635.50611091,0.103621453535297,13.131
1000,1,0,accepted,0.0469503104464711,0.360923162043898,484511.672080604,4976635.65164731,0.103671419243153,27.195
1001,1,0,accepted,0.137811599650745,0.0819297440059369,484512.703294298,4976635.88313197,0.0986244614633741,12.988
1002,1,0,accepted,0.144364795903213,0.113584242288305,484513.842846612,4976636.00454261,0.0991134194882212,11.298
1003,1,0,accepted,0.148522938808097,0.402561452393828,484514.990114985,4976636.10739479,0.103738168332899,12.576
1004,1,0,accepted,0.150546660420635,0.374638886785971,484516.13708316,4976636.24701534,0.103595919818837,14.619
1005,1,0,accepted,0.142157536103915,0.340191759755331,484517.294222683,4976636.39552764,0.103573433678043,13.581
1006,1,0,accepted,0.132043776384835,0.365947815502064,484518.45148418,4976636.53531338,0.104321376625649,11.944
1007,1,0,accepted,0.118189274332196,0.263580335447012,484519.608086981,4976636.67713763,0.103197077405697,11.55
1008,1,0,accepted,0.102606687855534,0.166064307145494,484520.754546599,4976636.82424626,0.101956888763478,12.498
1009,1,0,accepted,0.0741525280484051,0.231180534683359,484521.920110102,4976636.9498566,0.103403917141979,11.844
1010,1,0,accepted,0.0501278482982441,0.363051846304385,484523.090367222,4976637.07708162,0.106097512875487,12.63
1011,1,0,accepted,0.0462892209188259,0.248457804986205,484524.270052762,4976637.21840922,0.104096376892864,13.277
1012,1,0,accepted,0.0495458654063415,0.18175323129048,484525.411986745,4976637.36158691,0.102482497937827,13.177
1013,1,0,accepted,0.0707259560057287,0.127746302434675,484526.550902596,4976637.48673812,0.102640985563225,11.847
1014,1,0,accepted,0.083911765883535,0.17613019096854,484527.684535428,4976637.61729128,0.103412311827876,15.731
1015,1,0,accepted,0.0908514363840684,0.239253239225521,484528.805763194,4976637.74612989,0.104799895618061,14.204
1016,1,0,accepted,0.107448401705918,0.197400790425356,484529.945626255,4976637.88032296,0.104403542710534,12.476
1017,1,0,accepted,0.112725199526494,0.252014421350344,484531.06711462,4976638.0118546,0.105585987039326,13.995
1018,1,0,accepted,0.142614791878603,0.111522589353403,484532.221919722,4976638.13802874,0.10316823979991,14.166
1019,1,0,accepted,0.160860458700296,0.0710865206852187,484533.361692621,4976638.25898554,0.103279794016131,15.043
1020,1,0,accepted,0.201256451189152,-0.135276201564491,484534.523746433,4976638.37369684,0.100894152187186,18.981
1021,1,0,accepted,0.221883625413669,-0.149302821956453,484535.640065901,4976638.49104388,0.102019830801503,14.617
1022,1,0,accepted,0.226770825823285,-0.0895400470837297,484536.757466477,4976638.62117569,0.104252287754133,12.831
1023,1,0,accepted,0.244108274601782,-0.0309069472983862,484537.8839698,4976638.74592991,0.106022902647298,14.424
1024,1,0,accepted,0.239519221582215,0.0176565612558809,484538.991279221,4976638.88506352,0.107851409983354,15.016
1025,1,0,accepted,0.237730845260512,-0.0747075404193728,484540.107411112,4976639.02645783,0.107209988802331,14.272
1026,1,0,accepted,0.234586259179817,-0.170413473336985,484541.220281896,4976639.17320791,0.106338658598916,13.403
1027,1,0,accepted,0.314288428847348,-1.87983728612086,484542.254790496,4976639.84020188,0.0776053631275028,16.732
1028,1,0,accepted,0.22277633135319,-1.65107182274232,484543.347688805,4976639.90727879,0.0826938306361345,15.747
1029,1,0,accepted,0.21676635514524,-1.77721980808636,484544.485579726,4976640.05593141,0.0806344915792932,15.461
1030,1,0,accepted,0.032717590428072,-0.997478534530264,484545.576772454,4976640.03018112,0.0961335286701681,18.54
1031,1,0,accepted,0.0411714833410411,-0.98493669212402,484546.655820485,4976640.20519199,0.0968553856193339,16.409
1032,1,0,accepted,0.067045096070192,-0.372658314774722,484547.742365471,4976640.27561734,0.108254620179593,13.911
1033,1,0,accepted,0.121928500853896,-0.0675915260930398,484548.879793307,4976640.37366598,0.114330730531837,12.57
1034,1,0,accepted,0.138286439506653,0.0145891116695691,484549.871662435,4976640.61047978,0.116607021506333,13.366
1035,1,0,accepted,0.143958443147813,0.00829321209242149,484550.981510979,4976640.77036793,0.117462486758603,10.41
1036,1,0,accepted,0.147166748912036,0.0341782551810655,484552.128138119,4976640.93346195,0.11938965487706,10.275
1037,1,0,accepted,0.137300254821922,-0.0401925759063397,484553.273253851,4976641.09526798,0.119790569833678,10.55
1038,1,0,accepted,0.120472293570029,-0.188195004078987,484554.405588348,4976641.26685254,0.118857012361516,8.653
1039,1,0,accepted,0.0936841945711526,-0.310228004920126,484555.557950751,4976641.40982052,0.118434338555934,8.127
1040,1,0,accepted,0.0511957574562655,-0.467246381096183,484556.697354373,4976641.54319492,0.117125226011219,12.61
1041,1,0,accepted,0.0747874402393644,-0.446051855992802,484557.854992827,4976641.68705347,0.118269279517032,10.558
1042,1,0,accepted,0.116716028065465,-0.436378081193651,484559.029569081,4976641.83608176,0.118697359932194,9.481
1043,1,0,accepted,0.17059584945898,-0.476591588271098,484560.205570546,4976641.96915339,0.117742094430186,10.434
1044,1,0,accepted,0.189925559722985,-0.38406781509258,484561.361545962,4976642.12510674,0.118903735036026,10.949
1045,1,0,accepted,0.215622497327273,-0.403217566343633,484562.516456131,4976642.27201212,0.118717670199787,10.855
1046,1,0,accepted,0.233087746415033,-0.360808599312578,484563.663034695,4976642.41963718,0.119634363482918,9.278
1047,1,0,accepted,0.238951534845666,-0.36901826540797,484564.804731173,4976642.56226925,0.119954619416946,10.304
1048,1,0,accepted,0.121187449673107,-0.286807018519266,484565.83618078,4976642.77577147,0.122080880381355,10.815
1049,1,0,accepted,0.0993932055750437,-0.241883711607951,484566.961486454,4976642.94462753,0.123546857270647,10.552
1050,1,0,accepted,0.0507275329928251,-0.124938248226947,484568.056399705,4976643.12094527,0.126435177262106,10.326
1051,1,0,accepted,0.0483784054487782,-0.0345007072293658,484569.18721244,4976643.28309827,0.128036374764352,11.927
1052,1,0,accepted,0.0360394666357164,-0.129986594141999,484570.330463294,4976643.47105393,0.126719136551925,12.907
1053,1,0,accepted,0.135477147980434,-0.403525270732456,484571.368191317,4976643.74559119,0.121919991410474,12.651
1054,1,0,accepted,0.137254913754922,-0.0988282392615627,484572.504453001,4976643.86716008,0.126905900651985,9.848
1055,1,0,accepted,0.127624891952586,-0.0802970806805443,484573.670645662,4976644.02063938,0.127176870952179,9.962
1056,1,0,accepted,0.143502645758429,0.221780395076994,484574.825814192,4976644.14581027,0.132285064304629,11.079
1057,1,0,accepted,0.0825394241104229,-0.34198290658566,484576.05652754,4976644.3809309,0.121964846556932,10.924
1058,1,0,accepted,0.0650772913810532,-0.33730037642844,484577.229777745,4976644.53852407,0.121910910488545,11.015
1059,1,0,accepted,0.0919749061973565,-0.765290563002542,484578.434173187,4976644.78524274,0.114389800673579,12.032
1060,1,0,accepted,0.0766964011945553,-0.820082425227757,484579.622443023,4976644.94273113,0.113092516222302,10.481
1061,1,0,accepted,0.0793720888919539,-0.897893172699298,484580.809702299,4976645.11480444,0.111615474351682,11.358
1062,1,0,accepted,0.0793416851883796,-0.738186516214144,484582.005161921,4976645.28351419,0.114496803518296,11.372
1063,1,0,accepted,0.0647572842631971,-0.735822761755764,484583.197912542,4976645.43221627,0.11409845493707,10.286
1064,1,0,accepted,0.0647737391069559,-0.5151282472122,484584.392413123,4976645.59331055,0.118090224988929,12.713
1065,1,0,accepted,0.0742363777378921,-0.446483142979992,484585.600944311,4976645.77037859,0.119030716195123,11.599
1066,1,0,accepted,0.06101013509973,-0.484550981625892,484586.768809383,4976645.92281887,0.118196477402938,11.364
1067,1,0,accepted,0.065437650760767,-0.430642171195764,484587.970965415,4976646.07811325,0.119027300917407,12.113
1068,1,0,accepted,0.0749345153528748,-0.222872344694348,484589.17505518,4976646.24559279,0.122460689248752,13.087
1069,1,0,accepted,0.0734444903174949,-0.487456806204096,484590.365696711,4976646.37805029,0.117617525606292,12.02
1070,1,0,accepted,0.0899699994857582,-0.200645642268173,484591.573869557,4976646.55261074,0.122742866368321,12.655
1071,1,0,accepted,0.100187365552129,-0.229824676577618,484592.776406825,4976646.70758368,0.122508870829402,10.984
1072,1,0,accepted,0.107770042419279,-0.161271249236995,484593.9722951,4976646.87132895,0.124051500201301,12.225
1073,1,0,accepted,0.0353474580503901,0.0185502356442494,484595.119312151,4976647.11227957,0.127608399541496,13.446
1074,1,0,accepted,0.0201431018965475,0.0691536337317483,484596.30916552,4976647.29930773,0.129137631012392,14.275
1075,1,0,accepted,0.0102813718615111,0.0810896205481428,484597.487327447,4976647.48266275,0.129590989167927,14.336
1076,1,0,accepted,0.0247201482883148,0.218569915407914,484598.678355618,4976647.67246471,0.13227392550101,13.034
1077,1,0,accepted,0.0603515812919072,0.156826383595066,484599.863796352,4976647.88019173,0.131814278228343,15.207
1078,1,0,accepted,0.0596329136662593,0.083959913927204,484601.051070029,4976648.05869802,0.131058208716306,14.555
1079,1,0,accepted,0.0684326559912431,-0.00440926707499544,484602.23697237,4976648.25417447,0.130017272141311,17.938
1080,1,0,accepted,0.0566302932300748,0.0528221981501764,484603.44821148,4976648.42463031,0.131357286152525,13.948
1081,1,0,accepted,0.0583870489197601,0.0359043434980868,484604.6664698,4976648.58576055,0.132014014174852,18.811
1082,1,0,accepted,0.070043828136439,0.0681579858749283,484605.878934886,4976648.75863526,0.132859886024099,14.927
1083,1,0,accepted,0.0956298981654333,0.0832750004137229,484607.113482979,4976648.93044369,0.133618145009064,13.832
1084,1,0,accepted,0.14364049448068,0.335186140366003,484608.317606701,4976649.08281739,0.138261305151523,14.8
1085,1,0,accepted,0.135738925249291,0.05491753550543,484609.564591889,4976649.30306397,0.133702376720562,13.322
1086,1,0,accepted,0.149324244387725,0.140503486819268,484610.760000345,4976649.49101383,0.135144190900631,13.72
1087,1,0,accepted,0.201480470010017,0.197332504537734,484611.994837591,4976649.65372934,0.136238357571936,13.5
1088,1,0,accepted,0.0782143162277263,0.120208088634358,484613.068490309,4976649.95759028,0.135170576656813,13.003
1089,1,0,accepted,0.0791922869197812,0.157125529340286,484614.273816619,4976650.15036714,0.135950451620039,13.482
1090,1,0,accepted,0.0737646355783591,0.0389929058247104,484615.496872601,4976650.3483695,0.134051506714951,13.581
1091,1,0,accepted,0.0805700607827569,0.0931425778797837,484616.705690032,4976650.53977392,0.135332386408287,13.294
1092,1,0,accepted,0.107316470259386,0.128994644608627,484617.909983974,4976650.71089391,0.136098618473194,13.216
1093,1,0,accepted,0.116611894741281,0.307461580273993,484619.113433279,4976650.90129553,0.139043741235315,14.64
1094,1,0,accepted,0.135612660375118,0.252044983499096,484620.342860531,4976651.09187423,0.138308660275622,13.968
1095,1,0,accepted,0.254695810906956,0.591280308868543,484621.645948822,4976651.22044354,0.144062314010879,16.432
1096,1,0,accepted,0.258761404747288,0.696260103774417,484622.855168299,4976651.42162323,0.145994491360229,14.998
1097,1,0,accepted,0.196341968125604,0.457338118792075,484623.997497415,4976651.65518929,0.1418047915471,12.633
1098,1,0,accepted,0.196423242097716,0.418369032966275,484625.213656763,4976651.85234579,0.141097836332275,12.294
1099,1,0,accepted,0.205370012788155,0.420250064371824,484626.383848668,4976652.03374919,0.141046029025598,13.277
1100,1,0,accepted,0.205128388579976,0.366841431501759,484627.576917632,4976652.22713448,0.14029478327697,12.81
1101,1,0,accepted,0.07298172708443,0.29109566764022,484628.616657671,4976652.52272115,0.138759027960396,14.916
1102,0,0,notConverged,0.0952755489130646,0.310032138466999,484629.816540412,4976652.68989634,0.138665455174477,30.233
1103,1,0,accepted,0.168711577625718,-0.233359787569123,484630.879927897,4976653.05758918,0.129574587662257,10.226
1104,1,0,accepted,0.171893114048455,-0.280984268413446,484632.077224025,4976653.25812799,0.128467028456128,9.733
1105,1,0,accepted,0.137727393064539,-0.220663629415269,484633.282641247,4976653.41771227,0.129289507524434,11.117
1106,1,0,accepted,0.116698841125874,-0.266582909763145,484634.494166449,4976653.60220884,0.128084827827044,10.394
1107,1,0,accepted,0.0928245659907412,-0.263081027046941,484635.702224994,4976653.78036212,0.127826166021957,9.375
1108,1,0,accepted,0.0775976020160678,-0.261065507524084,484636.902342802,4976653.94563668,0.127425347876236,9.415
1109,1,0,accepted,0.0674521327648847,-0.154587572044958,484638.113743623,4976654.09515952,0.128954890936034,12.105
1110,1,0,accepted,0.0522481249308482,-0.127036988674142,484639.33775568,4976654.27427266,0.129022842538973,9.214
1111,1,0,accepted,0.0652686722951972,-0.134036322109719,484640.586307562,4976654.45392596,0.128670406595826,10.682
1112,1,0,accepted,0.101322924089848,-0.194787633734042,484641.805559815,4976654.63221643,0.127096274464352,9.548
1113,1,0,accepted,0.12923323614277,-0.276765268408447,484643.008510945,4976654.80748005,0.125147660974638,8.546
1114,1,0,accepted,0.13234374444954,-0.150925473838407,484644.157734732,4976654.96499127,0.127325511048245,11.183
1115,1,0,accepted,0.139751015019268,-0.032608690013683,484645.335705862,4976655.14386894,0.128614310189398,11.226
1116,1,0,accepted,0.151802212307227,-0.00891560732085573,484646.509884067,4976655.31563904,0.129251586353649,12.257
1117,1,0,accepted,0.204097489832456,-0.294364269434509,484647.715391599,4976655.45973556,0.123815017185348,12.044
1118,1,0,accepted,0.182377322218186,0.0779387000315265,484648.841987717,4976655.64999114,0.129770715483687,12.619
1119,1,0,accepted,0.18228230043625,0.210396485239031,484649.999914808,4976655.83046273,0.131839587993496,11.861
1120,1,0,accepted,0.200123866002937,0.220443901621125,484651.16177464,4976655.99482815,0.131709899856453,13.336
1121,1,0,accepted,0.209006466014253,0.279408558302061,484652.330182816,4976656.17255131,0.132721226060594,10.523
1122,1,0,accepted,0.21425726821524,0.300139227497672,484653.474616948,4976656.34172421,0.13297087676308,10.429
1123,1,0,accepted,0.2164712476431,0.339347003908496,484654.606200761,4976656.51388241,0.133229994572731,10.506
1124,1,0,accepted,0.126830136497849,0.247232515327874,484655.694135591,4976656.76514962,0.131252325333217,12.266
1125,1,0,accepted,0.129699833315005,0.121316319308909,484656.779543564,4976656.93164711,0.128782154644553,9.912
1126,1,0,accepted,0.151636672944021,0.117807738815272,484657.921050212,4976657.0848871,0.128410312285787,10.811
1127,1,0,accepted,0.172361168411503,0.165801448083985,484659.050232874,4976657.23859871,0.12902035059968,16.957
1128,1,0,accepted,0.183264522077112,0.173964795632891,484660.187105567,4976657.40164938,0.129037654214775,17.206
1129,1,0,accepted,0.193052546393067,0.139893116575086,484661.324273663,4976657.56679443,0.128052394106753,12.29
1130,1,0,accepted,0.156506208198983,0.116992617358751,484662.404931166,4976657.77389609,0.127337851188955,12.959
1131,1,0,accepted,0.172125000855583,0.204993055352446,484663.528369831,4976657.92933241,0.128717041871445,9.933
1132,1,0,accepted,0.189910523738342,0.315356849410926,484664.631909749,4976658.08196126,0.130416278794305,9.796
1133,1,0,accepted,0.178543971225721,0.244735653779666,484665.735431785,4976658.26393438,0.129194655079055,9.6
1134,1,0,accepted,0.167557823256704,0.235593060482538,484666.860395635,4976658.44434877,0.129511653892912,10.384
1135,1,0,accepted,0.148848297658207,0.188101562268717,484667.955511373,4976658.63227698,0.128816002056564,9.795
1136,1,0,accepted,0.139824881515564,0.175747662077214,484669.074344248,4976658.81332386,0.128913612203094,9.515
1137,1,0,accepted,0.126194604351898,0.086713557310294,484670.170251454,4976658.99672656,0.127597277307638,9.572
1138,1,0,accepted,0.112115528291044,0.0086231367415459,484671.274540546,4976659.18700302,0.126380300537889,10.574
1139,1,0,accepted,0.086246460441129,-0.0759631692243752,484672.317789498,4976659.36970992,0.125174995861097,9.291
1140,1,0,accepted,0.0961640763420601,-0.0751702017290991,484673.399081562,4976659.52799125,0.125275301275529,9.44
1141,1,0,accepted,0.097948652388848,-0.00149472577794909,484674.501334627,4976659.6996453,0.126753598358285,8.796
1142,1,0,accepted,0.138896046716755,-0.0405673522533379,484675.627203078,4976659.84368878,0.126095151357072,9.407
1143,1,0,accepted,0.145383549915426,0.0792493099952279,484676.686814382,4976660.00196155,0.128176673444466,9.729
1144,1,0,accepted,0.169005206448127,0.13516626995103,484677.755501733,4976660.14542952,0.129027341261937,9.562
1145,1,0,accepted,0.149261629281457,0.0817095417372332,484678.818601426,4976660.33478871,0.128399551954727,10.424
1146,1,0,accepted,0.147889678625295,0.109479239962805,484679.872079996,4976660.50039231,0.128971392500206,10.456
1147,1,0,accepted,0.150889497909944,0.120321327756253,484680.877569086,4976660.64677117,0.129209149871007,9.639
1148,1,0,accepted,0.139724466942942,0.0844845991868842,484681.930592837,4976660.82291345,0.128643716475188,9.648
1149,1,0,accepted,0.215198526838228,0.245533099811661,484683.082059778,4976660.94800426,0.131598989914657,9.3
1150,0,1,acceptedDirectional,0.136053700041077,-0.0830206487446747,484684.128731693,4976661.21694954,0.125933514531434,8.577
1151,1,0,accepted,0.126336173507647,0.264948437354123,484684.918900725,4976661.43528944,0.131951678388286,8.397
1152,1,0,accepted,0.133205759256101,0.299642288970578,484685.947483951,4976661.60980231,0.132399101727864,7.374
1153,1,0,accepted,0.128615352145787,0.318104950848676,484686.9856309,4976661.77405903,0.132671448379112,7.898
1154,1,0,accepted,0.126082775947502,0.252041409972059,484688.022491734,4976661.95595489,0.130857912264958,9.827
1155,1,0,accepted,0.124119268597623,0.269877378028438,484689.052121438,4976662.09171147,0.131295474344523,9.618
1156,1,0,accepted,0.119809607578114,0.175540286538711,484690.082409157,4976662.26055961,0.129308145260426,8.802
1157,1,0,accepted,0.0946773662146135,0.108396592827832,484691.107311161,4976662.41877215,0.128026268586558,8.253
1158,1,0,accepted,0.0917559300918764,0.0927873466189467,484692.129176447,4976662.55899052,0.127513100847897,7.528
1159,1,0,accepted,0.0842314434159833,0.128091198466993,484693.153099696,4976662.70187701,0.127780813345521,7.643
1160,1,0,accepted,0.0710476580918411,0.0960328947573868,484694.181317963,4976662.84675038,0.12676550945092,7.625
1161,1,0,accepted,0.0756465915366828,0.157997777473238,484695.200503198,4976662.98153271,0.127128484114549,7.486
1162,1,0,accepted,0.0944899010350015,0.187070483318438,484696.206596261,4976663.11553603,0.126938868778427,6.364
1163,1,0,accepted,0.0974748156863468,0.181962810631042,484697.232005179,4976663.25621354,0.126074361358925,7.545
1164,1,0,accepted,0.12279794451175,0.278413856168596,484698.220755551,4976663.38091295,0.126798365022773,7.334
1165,1,0,accepted,0.152018678392964,0.369727806324026,484699.229955641,4976663.50113913,0.127387673022317,8.218
1166,1,0,accepted,0.168818362110948,0.32090128558027,484700.255466443,4976663.63866743,0.125496982864018,7.191
1167,1,0,accepted,0.193091821741374,0.389076812726326,484701.259943984,4976663.76743719,0.125704863665237,7.794
1168,1,0,accepted,0.189255124242015,0.342840004234194,484702.22745115,4976663.91235712,0.12390105275578,8.208
1169,1,0,accepted,0.198046842180024,0.32370502037832,484703.211482108,4976664.04884516,0.122630921486426,7.812
1170,1,0,accepted,0.213054342544329,0.402469335776267,484704.188593788,4976664.17549949,0.1228412717884,8.363
