frame,accepted,directional,reason,errorM,yawErrorDeg,x,y,psi,matchingMs
1,0,0,insufficientComponents,0.640312423976002,2,484201.572914107,4977500.52147539,-2.10588080737395,6.97
2,1,0,accepted,0.0670845460405584,0.136589627483201,484201.047512964,4977500.85953825,-2.13840584740966,11.248
3,1,0,accepted,0.0704251946561836,0.180442062956109,484201.047192965,4977500.85622954,-2.13762084146446,9.418
4,1,0,accepted,0.0811083436104749,0.0220118054120262,484201.053814679,4977500.84312597,-2.14039055788113,8.922
5,1,0,accepted,0.0937760807295201,0.625197751279307,484201.033609297,4977500.83708367,-2.12986639142838,10.033
6,1,0,accepted,0.0886991080812396,0.612156161167523,484201.033425136,4977500.84310425,-2.1300788183129,9.361
7,1,0,accepted,0.0797364704432573,0.418915473207693,484201.044081017,4977500.84814989,-2.13344498494258,9.558
8,1,0,accepted,0.0754159290644854,0.0927557882605021,484201.048842358,4977500.84948821,-2.13914137243002,9.411
9,1,0,accepted,0.116602932129121,1.19632757688667,484200.994603187,4977500.8297758,-2.11986245863761,12.74
10,1,0,accepted,0.0921190619395749,0.387550601318221,484201.027343688,4977500.82924971,-2.13398816558562,9.648
11,1,0,accepted,0.0867034400208855,0.306952252734676,484201.029799261,4977500.82174316,-2.13540480250788,9.195
12,1,0,accepted,0.0935208806491286,0.747518162229191,484200.99615538,4977500.81569894,-2.12768279585366,10.853
13,1,0,accepted,0.0695536271857688,0.335522684721091,484201.013651495,4977500.80944779,-2.13491546721547,9.995
14,1,0,accepted,0.0777162989359198,0.62858244857228,484200.980927977,4977500.79050464,-2.12972918531876,9.671
15,1,0,accepted,0.0844364322391334,1.0830471600477,484200.964780838,4977500.75650746,-2.12173727757154,10.301
16,1,0,accepted,0.078799576931962,1.00056966759199,484200.940777301,4977500.7371172,-2.1230640314965,10.583
17,1,0,accepted,0.0582126578933186,0.162906912716734,484200.943990306,4977500.70958075,-2.13751163521845,9.54
18,1,0,accepted,0.0583745545572246,0.36174247456575,484200.921378748,4977500.66827819,-2.13386357591891,9.397
19,1,0,accepted,0.0423870251175577,-0.326102225664717,484200.89953655,4977500.63768266,-2.14559033846794,11.819
20,1,0,accepted,0.0773498941291745,0.945789971667757,484200.840980638,4977500.56284122,-2.12293320193376,10.563
21,1,0,accepted,0.0387841929178256,0.0195218440215189,484200.843370021,4977500.53239851,-2.13846161047238,9.212
22,1,0,accepted,0.0522031050036953,0.12925736974249,484200.81564652,4977500.45735598,-2.13584300638294,8.768
23,1,0,accepted,0.0521913577280375,0.605448339055733,484200.752700424,4977500.39073805,-2.12662470025103,10.277
24,0,0,inconsistentClasses,0.0459705459064584,0.596538852773338,484200.710491891,4977500.32069969,-2.12550497930906,13.026
25,0,0,inconsistentClasses,0.0410646486706824,0.587737787671514,484200.663442991,4977500.24316829,-2.12426920707721,11.158
26,1,0,accepted,0.0212576164651446,-0.708967287945939,484200.607095472,4977500.17303648,-2.14477691303405,10.784
27,0,0,inconsistentClasses,0.020169193153957,-0.701307255328477,484200.544555572,4977500.07745672,-2.14307198417176,10.486
28,0,0,inconsistentClasses,0.0193686926967832,-0.69462896895592,484200.479960344,4977499.97154657,-2.1426486937414,10.478
29,1,0,accepted,0.0101080099349115,0.0163591251710895,484200.381661889,4977499.86590765,-2.12809091266838,8.983
30,1,0,accepted,0.0228890156474869,-0.44686320524955,484200.324291303,4977499.72443229,-2.13355771729475,9.153
31,1,0,accepted,0.0233732785353941,0.0655951996565798,484200.236257156,4977499.59813715,-2.12383089865393,8.363
32,1,0,accepted,0.0241103617663783,0.0760437757463424,484200.164906589,4977499.468084,-2.12262707970996,8.787
33,1,0,accepted,0.00870143999582736,0.0785696744812861,484200.088244117,4977499.35194527,-2.12079405012284,8.47
34,1,0,accepted,0.0315551138320532,0.234526275092326,484200.010948019,4977499.18895413,-2.11606279624352,9.339
35,1,0,accepted,0.0167434267854441,0.114550748521987,484199.916406384,4977499.05637866,-2.11629348867788,8.945
36,1,0,accepted,0.00789830506604838,0.0589775542780602,484199.826337563,4977498.91636389,-2.11595670032515,9.184
37,0,0,inconsistentClasses,0.00741636080351827,0.0623139413188029,484199.735364212,4977498.76435184,-2.11481395202267,17.044
38,1,0,accepted,0.0224157429684197,0.193916217953109,484199.653912444,4977498.59902818,-2.11107014061782,8.824
39,1,0,accepted,0.0246896086479617,0.223984773330181,484199.558478135,4977498.43431558,-2.10920791979191,9.626
40,0,0,inconsistentClasses,0.0230493818903137,0.229541880452498,484199.462299767,4977498.27565317,-2.10826758166285,13.953
41,0,0,inconsistentClasses,0.0228090009881542,0.229771447480275,484199.36244263,4977498.11182916,-2.10790740346185,13.833
42,1,0,accepted,0.0280494329995077,0.297572954307391,484199.252370896,4977497.92309151,-2.10684255009919,10.246
43,1,0,accepted,0.0326769721325984,0.308157745048976,484199.157220084,4977497.75124104,-2.10663004234226,10.49
44,1,0,accepted,0.0249009829561816,0.32900944516802,484199.052357988,4977497.58636512,-2.106466965342,9.6
45,1,0,accepted,0.0262478615355022,0.314655621109344,484198.952647356,4977497.41634611,-2.10691273715848,9.624
46,1,0,accepted,0.0354918493050605,0.300525421620839,484198.845832366,4977497.23651189,-2.1070733684651,9.385
47,1,0,accepted,0.0427111583048982,0.396656329148972,484198.759179636,4977497.067702,-2.10637919996455,8.679
48,1,0,accepted,0.0188896009016161,0.265672699150873,484198.64008061,4977496.92042267,-2.1095417742379,10.481
49,1,0,accepted,0.043077781193124,0.301585834327012,484198.54498218,4977496.73152594,-2.10966906167763,9.783
50,1,0,accepted,0.0338324860141468,0.249632802874726,484198.462792446,4977496.57899636,-2.1112213536994,9.503
51,1,0,accepted,0.0524446739945997,0.322197226435077,484198.379848716,4977496.40550995,-2.11061596790349,9.351
52,1,0,accepted,0.0457560600197665,0.301782427142188,484198.296556041,4977496.26036769,-2.11100695204653,8.925
53,1,0,accepted,0.0568436762204372,0.359826356876099,484198.231144376,4977496.10771956,-2.11030891131044,9.332
54,1,0,accepted,0.0460457943930756,0.352105209624259,484198.120076205,4977495.95952027,-2.11119035533931,8.997
55,1,0,accepted,0.0249118616002904,0.347462289376884,484198.038874062,4977495.83026309,-2.11160023631639,8.74
56,1,0,accepted,0.044357803752936,0.426949185540121,484197.975117074,4977495.67785917,-2.11034738812129,8.3
57,1,0,accepted,0.0617681490058019,0.495548818188581,484197.888903342,4977495.49326938,-2.10966818933996,8.661
58,1,0,accepted,0.0383250559718246,0.235201407539093,484197.772559498,4977495.39985318,-2.1145999176813,10.233
59,1,0,accepted,0.0301034070466477,0.218191405010468,484197.664455362,4977495.23051529,-2.1147513628023,9.008
60,1,0,accepted,0.0584335519834698,0.215351204750982,484197.588365664,4977495.08025914,-2.11439558685496,9.548
61,1,0,accepted,0.102692657824637,0.0707602893055421,484197.502894905,4977494.95083339,-2.11578846153613,9.634
62,1,0,accepted,0.0834265753232112,0.183790307007939,484197.37984397,4977494.76531621,-2.11233275743701,9.264
63,1,0,accepted,0.0415153278989259,0.30530094815355,484197.287495981,4977494.51314735,-2.10769502334194,8.926
64,1,0,accepted,0.040417629292143,0.350354559596514,484197.174666323,4977494.31384399,-2.10553571224175,8.901
65,1,0,accepted,0.022208876852944,0.339181724562083,484197.047214909,4977494.13365763,-2.10502110460385,8.172
66,1,0,accepted,0.0260291744813554,0.25317502085998,484196.953577292,4977493.95292074,-2.10464476170195,8.696
67,1,0,accepted,0.0264769320342176,0.146302664240143,484196.856395143,4977493.78715245,-2.10322006107841,8.392
68,1,0,accepted,0.0214272407698419,0.237479223790332,484196.72997307,4977493.57246231,-2.09729940037785,8.959
69,1,0,accepted,0.0512022771191873,0.154935633846471,484196.658001029,4977493.3839847,-2.09310976890182,9.42
70,1,0,accepted,0.0445941311365387,0.170247770456115,484196.529574791,4977493.19276382,-2.08562669568204,9.717
71,1,0,accepted,0.0711081627212718,0.392913896837815,484196.321776763,4977492.90386269,-2.07326865600926,10.302
72,1,0,accepted,0.0303622971707896,0.0179720015085194,484196.205207008,4977492.72233419,-2.06993365688588,10.221
73,1,0,accepted,0.038056269391337,0.257451728419749,484196.10473707,4977492.44273992,-2.05427831824384,11.589
74,1,0,accepted,0.0372735274534603,-0.0644400053456936,484195.921518024,4977492.21874731,-2.04643899565071,11.428
75,1,0,accepted,0.0231746950710869,0.0647389794814347,484195.793649025,4977491.91800432,-2.02852936254709,9.845
76,1,0,accepted,0.0121572950105992,0.127300994378084,484195.657028107,4977491.62802929,-2.01083769349025,11.314
77,1,0,accepted,0.0182749278885118,-0.026739595953639,484195.497611098,4977491.34169292,-1.99734892104199,10.419
78,1,0,accepted,0.0365297328719442,-0.239387249557253,484195.365311086,4977491.03480595,-1.98159660990095,10.487
79,1,0,accepted,0.0148376839698566,-0.0376593174294489,484195.2201319,4977490.64724997,-1.95803712754375,10.08
80,1,0,accepted,0.0418103765371235,-0.31213841796987,484195.09620253,4977490.30278031,-1.94036452899338,9.942
81,1,0,accepted,0.0279645390619858,-0.197117764567522,484194.925777909,4977489.93624665,-1.91393819196636,9.583
82,1,0,accepted,0.0684733976931054,-0.201321967911001,484194.788791767,4977489.59037985,-1.88849759690539,9.882
83,1,0,accepted,0.0629915696502125,-0.231448532424636,484194.626465865,4977489.1838181,-1.86196668928238,10.009
84,1,0,accepted,0.0665168869931595,-0.253605384073595,484194.515528344,4977488.76860924,-1.83573236429828,10.088
85,1,0,accepted,0.0812741462690634,-0.177527899256539,484194.366782114,4977488.3586524,-1.80739220031692,9.922
86,1,0,accepted,0.0896525364331341,-0.124543477968571,484194.248096796,4977487.92406654,-1.78053527385032,11.017
87,1,0,accepted,0.0972417532599936,-0.196767614371644,484194.170428273,4977487.47573015,-1.75435956616781,10.874
88,1,0,accepted,0.090333022231733,0.129095881454104,484194.091512167,4977487.00433198,-1.72173168619353,11.431
89,1,0,accepted,0.0739776335112668,-0.22990156860939,484194.012570253,4977486.52138619,-1.70016558635647,10.37
90,1,0,accepted,0.0686949267671611,0.134325300871129,484193.937006253,4977486.03915203,-1.66553600951124,12.376
91,1,0,accepted,0.0666206785929477,-0.0157574905329944,484193.893609733,4977485.53840156,-1.63828745838493,12.083
92,1,0,accepted,0.0462050183985836,-0.126146936519307,484193.82775099,4977485.02768588,-1.61027698081726,11.655
93,1,0,accepted,0.0771219504950455,-0.0824705362852109,484193.787917318,4977484.55686225,-1.57976337084596,11.721
94,1,0,accepted,0.0849203169718169,-0.145660073368964,484193.751156075,4977484.05183729,-1.55101151022962,11.57
95,1,0,accepted,0.0837461547239924,-0.339179401548886,484193.758745113,4977483.52547506,-1.5237591614987,11.08
96,1,0,accepted,0.105771656718311,-0.366015437703122,484193.782593087,4977483.01305602,-1.49285351126443,10.967
97,1,0,accepted,0.112372751011784,-0.502190525141653,484193.809289313,4977482.4887046,-1.46414079707229,10.641
98,1,0,accepted,0.15064836420916,-0.804912507047306,484193.8623765,4977481.98767298,-1.43791486711975,11.626
99,1,0,accepted,0.116857526672806,-0.558397477033408,484193.965938593,4977481.40091711,-1.40333773705548,11.699
100,1,0,accepted,0.133063013378205,-0.715995215868556,484194.038160276,4977480.87199535,-1.37546662247995,11.386
101,1,0,accepted,0.115437332105628,-0.610226100540555,484194.137256021,4977480.29106428,-1.34471643273445,12.307
102,1,0,accepted,0.0815946045090101,-0.364438399278687,484194.267005812,4977479.69857058,-1.31337445265654,12.563
103,1,0,accepted,0.071102839856697,-0.142525158373406,484194.389636246,4977479.12052498,-1.28360927159254,13.6
104,1,0,accepted,0.0620023086069089,-0.110260420310216,484194.551893022,4977478.54024308,-1.25798800085887,13.958
105,1,0,accepted,0.0730553750432914,-0.108748530774023,484194.721206024,4977477.97054272,-1.23423091302261,13.963
106,1,0,accepted,0.0646570027589404,0.0259124399653826,484194.922312715,4977477.37989159,-1.21087188049462,14.675
107,1,0,accepted,0.0911226869764077,-0.0109104120387188,484195.130225189,4977476.8200885,-1.19316346887931,13.616
108,1,0,accepted,0.0561091171322171,0.248938684525819,484195.388724664,4977476.20503985,-1.1724408241117,11.32
109,1,0,accepted,0.09743423817873,0.281054045362995,484195.618825213,4977475.63089328,-1.15761467636408,11.658
110,1,0,accepted,0.0777746597465759,0.251912766346598,484195.88801897,4977475.02685354,-1.14650550148165,13.094
111,1,0,accepted,0.0710561497699778,0.437577275281063,484196.153336172,4977474.40392313,-1.13289558814712,12.479
112,1,0,accepted,0.130149971025422,0.530366583359874,484196.410547145,4977473.84058047,-1.12252311909307,10.848
113,1,0,accepted,0.0856073640600059,0.0380158205172051,484196.810050184,4977473.19897533,-1.12369601138041,11.335
114,1,0,accepted,0.132245728899124,0.315953325768271,484197.058699243,4977472.60874912,-1.11285646427411,11.261
115,1,0,accepted,0.0860170627332959,0.266755121178779,484197.401759128,4977471.93140612,-1.10877427651876,11.165
116,1,0,accepted,0.0939383999995633,0.446287448320006,484197.717491455,4977471.28673979,-1.10195329828637,10.983
117,1,0,accepted,0.0673254390057851,0.210908490183197,484198.073264271,4977470.6155534,-1.10307309159429,11.535
118,1,0,accepted,0.0215466695997491,0.535216965762904,484198.412108584,4977469.88835465,-1.09600859126924,12.699
119,1,0,accepted,0.0391787810327,0.639340295871719,484198.758646341,4977469.186908,-1.09427048797474,11.454
120,1,0,accepted,0.0391347929799492,0.427252295958601,484199.119713883,4977468.55512785,-1.09918149223231,10.952
121,1,0,accepted,0.0280209589553962,0.516357218937123,484199.489561177,4977467.82011167,-1.09986861472127,10.837
122,1,0,accepted,0.0483102305145308,0.56978413193203,484199.854178557,4977467.08678944,-1.10024688895977,11.275
123,1,0,accepted,0.0635151611014869,0.636663640194638,484200.219792295,4977466.36435862,-1.10115790371928,10.954
124,1,0,accepted,0.0536425874191286,0.571118576816818,484200.594915329,4977465.6522104,-1.10463287729488,10.585
125,1,0,accepted,0.0139324972215187,0.0950643622437976,484201.01339617,4977464.9659193,-1.11637273071668,12.708
126,1,0,accepted,0.0297704458384579,0.168286892485557,484201.386096431,4977464.19008934,-1.11925523421093,12.556
127,1,0,accepted,0.0404355265407561,0.179560146923349,484201.766746526,4977463.42482424,-1.12414535074423,12.396
128,1,0,accepted,0.0421422724306785,0.229745473718832,484202.137649405,4977462.66088373,-1.12911215638916,12.674
129,1,0,accepted,0.0462937487589293,0.240695100177827,484202.515008659,4977461.88419158,-1.13443811596081,10.918
130,1,0,accepted,0.0805209195375009,0.225230340731238,484202.914124353,4977461.05816864,-1.14133120312752,11.496
131,1,0,accepted,0.0634557644971457,0.168022805943542,484203.275793678,4977460.29383271,-1.14815067606269,11.741
132,1,0,accepted,0.105163826571532,0.332907113323302,484203.633139364,4977459.45082605,-1.1523806079821,12.415
133,1,0,accepted,0.121610696180008,0.427412542316055,484204.015137735,4977458.60962752,-1.15751502994944,11.506
134,1,0,accepted,0.122720711031847,0.300667529879365,484204.407415027,4977457.76596932,-1.16658037010687,12.199
135,1,0,accepted,0.128190244656361,0.380142500798719,484204.773953441,4977456.92879252,-1.17203804590408,12.547
136,1,0,accepted,0.178435278151742,0.552963510375025,484205.121331108,4977456.03517809,-1.17595025477,11.842
137,1,0,accepted,0.158771846228615,0.482417135833232,484205.51483105,4977455.17885668,-1.18410521101565,12.449
138,1,0,accepted,0.198711319575235,0.513908003518509,484205.88641273,4977454.25824018,-1.19050917760271,14.448
139,1,0,accepted,0.128250117141842,0.421685102328147,484206.260005677,4977453.48608454,-1.19881639116749,13.036
140,1,0,accepted,0.0808406383111294,0.468340282578732,484206.683102663,4977452.64791966,-1.20510188722776,14.998
141,1,0,accepted,0.05591324150541,0.351512373135426,484207.081270139,4977451.74596558,-1.21398585359685,12.52
142,1,0,accepted,0.0799052467847496,0.35572675867464,484207.439104014,4977450.85369595,-1.22058157168424,11.55
143,1,0,accepted,0.0513278960888621,0.414299457788814,484207.820212852,4977449.90689892,-1.22662213894221,13.351
144,1,0,accepted,0.0391397576438952,0.190136509254988,484208.186782656,4977448.91658886,-1.23718549343244,10.419
145,1,0,accepted,0.0636209790800802,0.187251827361858,484208.546087744,4977447.94088085,-1.24486867590987,12.443
146,1,0,accepted,0.0847821871301209,-0.00488492708557063,484208.941873073,4977446.96580495,-1.25412296309277,12.496
147,1,0,accepted,0.24715422173953,0.364481473830473,484209.252771494,4977445.83724238,-1.25537813140933,15.607
148,1,0,accepted,0.266367703049355,0.383788500443224,484209.622814142,4977444.85258854,-1.26138130414991,15.299
149,1,0,accepted,0.203045924261359,0.4255648009476,484209.923711835,4977443.94414945,-1.26751425872883,14.344
150,0,0,inconsistentClasses,0.216904378927655,0.409884667972308,484210.2367457,4977442.9706946,-1.27419941859466,16.785
151,1,0,accepted,0.0956272435569019,0.228194609600308,484210.565623626,4977442.12619511,-1.28454292246865,10.724
152,1,0,accepted,0.101918215725788,0.152843389808844,484210.886370871,4977441.12497946,-1.29285053315948,10.668
153,1,0,accepted,0.143104719193667,0.378781109209501,484211.16140229,4977440.12202389,-1.29554710799519,10.863
154,1,0,accepted,0.110393035564829,0.222830769336134,484211.512178441,4977439.13363311,-1.30449097367476,10.7
155,1,0,accepted,0.157627740533551,0.470702184795582,484211.77317955,4977438.12169572,-1.30735655464918,11.645
156,1,0,accepted,0.148703263941785,0.409554954733617,484212.079871551,4977437.12136911,-1.31509587687231,11.27
157,1,0,accepted,0.159101323653719,0.321339943655735,484212.361505711,4977436.1243057,-1.32362321929592,12.604
158,1,0,accepted,0.0512291010869619,-0.0775272750093324,484212.78687105,4977435.15104859,-1.33754474441812,15.912
159,1,0,accepted,0.0217298234438231,-0.120273760868477,484213.067570375,4977434.14921778,-1.34471328786485,14.282
160,1,0,accepted,0.0517347493040964,0.035026037436705,484213.316595184,4977433.1173832,-1.34836237584538,13.51
161,1,0,accepted,0.0780673526072281,0.0750846666233426,484213.548214742,4977432.13740067,-1.35451515054213,13.773
162,1,0,accepted,0.0529249438311229,-0.0573684979423573,484213.842751857,4977431.12529411,-1.36346074385794,13.951
163,1,0,accepted,0.0668481124181924,-0.1419630046993,484214.099797203,4977430.11185214,-1.37133049898432,12.862
164,1,0,accepted,0.0829666652126618,-0.0512740993625474,484214.327916101,4977429.07961239,-1.37617848293365,13.199
165,1,0,accepted,0.123545042888242,0.118959606661988,484214.538575896,4977428.06031533,-1.37927078132715,12.625
166,1,0,accepted,0.159584008271256,0.165760498998578,484214.752407308,4977427.0296176,-1.384724388786,12.453
167,1,0,accepted,0.171117659926727,0.0627242439894118,484214.977967197,4977425.99915659,-1.39269969669093,13.167
168,1,0,accepted,0.161432565908764,0.26448268347971,484215.213175117,4977424.93942968,-1.39596872966614,13.042
169,1,0,accepted,0.182885107187256,0.335646652691984,484215.417801267,4977423.9077099,-1.40133740619914,14.106
170,1,0,accepted,0.16490340848302,0.145821065227152,484215.657973077,4977422.87524304,-1.4113375263049,14.487
171,1,0,accepted,0.162689417534863,0.286443134537642,484215.857716915,4977421.78621363,-1.41608417602866,14.829
172,1,0,accepted,0.188886439988013,0.305627800943658,484216.036322574,4977420.7519531,-1.42298809909374,15.525
173,1,0,accepted,0.204737299631977,0.372693646981591,484216.214222979,4977419.68758966,-1.42940225786121,14.008
174,1,0,accepted,0.193036999363246,0.310742564977349,484216.411782607,4977418.60254454,-1.4378205254679,15.62
175,1,0,accepted,0.236498244767358,0.396634698240285,484216.554423724,4977417.59238529,-1.44364958541336,15.429
176,1,0,accepted,0.245921210700912,0.489901914348962,484216.711843223,4977416.47688987,-1.44935661055819,15.092
177,1,0,accepted,0.240282872808812,0.399287017631322,484216.881969465,4977415.401482,-1.45838013158998,16.026
178,1,0,accepted,0.178405643247852,0.144227476847575,484217.109538878,4977414.28115352,-1.47017077658241,14.264
179,1,0,accepted,0.203596895252808,0.31851028106183,484217.339902123,4977413.07850398,-1.47458338851608,14.494
180,1,0,accepted,0.185615471506137,0.229761363173311,484217.442152555,4977412.04728993,-1.48318824939497,12.994
181,1,0,accepted,0.201799179345911,0.476844610438628,484217.583851469,4977410.93251532,-1.48660358764628,13.142
182,1,0,accepted,0.225608455419405,0.536197973178188,484217.693628762,4977409.83023674,-1.4922832354656,13.081
183,1,0,accepted,0.242957399983658,0.565194552029889,484217.791342028,4977408.72439339,-1.49890812393952,12.22
184,1,0,accepted,0.183133072288674,0.318834548248979,484217.954657705,4977407.67560078,-1.50996195509944,14.473
185,1,0,accepted,0.106265724602366,-0.0785048538865898,484218.117485141,4977406.62823995,-1.52361879646107,13.484
186,1,0,accepted,0.0873543927355931,-0.096426934533524,484218.250638464,4977405.5233356,-1.53074139513129,12.903
187,1,0,accepted,0.0473428572539693,-0.379605783804896,484218.399469344,4977404.45911157,-1.5425791354106,14.516
188,1,0,accepted,0.0563951246039442,-0.293586715768146,484218.472064835,4977403.32016309,-1.54709974460344,13.225
189,1,0,accepted,0.0154639664506965,-0.201228105248723,484218.51223266,4977402.23449885,-1.55088737518905,11.103
190,1,0,accepted,0.0290341725933593,-0.0910757805960633,484218.564441654,4977401.13050901,-1.55365925998491,11.418
191,1,0,accepted,0.0688122539481325,-0.0772981290132955,484218.596333688,4977400.02733035,-1.55787245446099,11.433
192,1,0,accepted,0.0984184104004927,-0.063258188072334,484218.616925926,4977398.88133988,-1.56121875578288,10.954
193,1,0,accepted,0.12097765341967,0.335528397663905,484218.642009586,4977397.72195827,-1.55730081377796,11.822
194,1,0,accepted,0.135773938266984,0.36508132645126,484218.674082832,4977396.55683433,-1.55936074594669,10.971
195,1,0,accepted,0.115083145935101,0.321042324297018,484218.749766499,4977395.43631138,-1.56238288966941,12.454
196,1,0,accepted,0.128952113467058,0.403153087967997,484218.781147548,4977394.28053148,-1.56336765731178,14.619
197,1,0,accepted,0.0986404252646673,0.31337788370245,484218.847776652,4977393.09859577,-1.56701286448866,14.696
198,1,0,accepted,0.0712383393507806,0.223295167588019,484218.911609364,4977391.91684965,-1.5704144840605,15.762
199,1,0,accepted,0.0659911696779633,0.124328835872092,484218.966198841,4977390.75310875,-1.57389509121231,15.923
200,1,0,accepted,0.0842502592850661,-0.266683610782764,484219.105564705,4977389.5727869,-1.58249788773291,14.897
201,1,0,accepted,0.0702809354547627,-0.209283294439584,484219.114619113,4977388.37660091,-1.5828728481151,14.472
202,1,0,accepted,0.0657396156182751,-0.0721936963149973,484219.115316965,4977387.18491038,-1.58180512914918,13.871
203,1,0,accepted,0.00974516068787288,-0.0100066353497763,484219.122858952,4977385.98353254,-1.58194057890389,14.109
204,1,0,accepted,0.0321210781785058,-0.0612115352164275,484219.126928899,4977384.76529956,-1.58238714934283,12.559
205,1,0,accepted,0.0485089092481795,-0.0989459912139586,484219.132543398,4977383.55426285,-1.58268638316551,12.333
206,1,0,accepted,0.0948654449442291,0.0192939335221768,484219.1129931,4977382.35643058,-1.5794386665979,12.223
207,1,0,accepted,0.087855556580234,0.00767768032226176,484219.149822981,4977381.07982579,-1.57818560695116,12.717
208,1,0,accepted,0.115163824296085,-0.000176110738004638,484219.155091809,4977379.83369641,-1.57618768018887,12.756
209,1,0,accepted,0.129185031016713,0.0200489805349689,484219.165355998,4977378.59446315,-1.57305019954989,13.655
210,1,0,accepted,0.144621967383647,0.0222092861543959,484219.171097451,4977377.38390722,-1.56993003305346,12.911
211,1,0,accepted,0.0999850743881351,-0.00456614016161358,484219.248711337,4977376.14551936,-1.56674640084155,12.359
212,1,0,accepted,0.125043429117573,-0.00587821127062013,484219.267152385,4977374.85528138,-1.56290104940962,12.844
213,1,0,accepted,0.122418273661231,0.0635279720313496,484219.308252942,4977373.62669247,-1.55762195936762,13.214
214,1,0,accepted,0.148397010197152,0.150394168466688,484219.332207312,4977372.38000194,-1.55213656698109,14.528
215,1,0,accepted,0.107851773104236,0.270823162590763,484219.435680155,4977371.04143043,-1.54543032028608,13.388
216,1,0,accepted,0.116795349632017,0.412460465212679,484219.488657822,4977369.75690562,-1.537923525318,11.846
217,1,0,accepted,0.112726622673197,0.404495917619364,484219.546115823,4977368.50233581,-1.53314809301973,13.138
218,1,0,accepted,0.105109508841469,0.272585198810418,484219.622080572,4977367.21871091,-1.5300989935847,12.203
219,1,0,accepted,0.0837700718930802,0.152318351691649,484219.708275275,4977365.97886198,-1.52695978874763,12.488
220,1,0,accepted,0.0979908004657616,0.0768660489320269,484219.803005804,4977364.76096331,-1.52279266031017,11.202
221,1,0,accepted,0.11995166395974,0.0586139412301043,484219.886997581,4977363.50128339,-1.51758970682337,10.606
222,1,0,accepted,0.126031020693898,-0.0422153635800986,484219.972285814,4977362.20682887,-1.5137338982547,10.862
223,1,0,accepted,0.141329377425014,0.0102830159225934,484220.069599558,4977360.92338145,-1.50663641763368,10.256
224,1,0,accepted,0.117400495270535,-0.148362251672473,484220.241644863,4977359.62986331,-1.50307754780719,10.684
225,1,0,accepted,0.135916306370928,-0.162923464610195,484220.344359177,4977358.33867887,-1.49678126288261,11.469
226,1,0,accepted,0.160329600689085,0.0378764973582546,484220.4558366,4977357.05517171,-1.48680889116223,11.283
227,1,0,accepted,0.176078755714164,-0.0308611447395304,484220.586256286,4977355.74798138,-1.48129801801569,10.255
228,1,0,accepted,0.147534857179718,0.0333706683172996,484220.720562336,4977354.43314275,-1.47330020563194,11.112
229,1,0,accepted,0.144971526362952,0.160560690072218,484220.844827428,4977353.09873729,-1.46428306348242,11.192
230,1,0,accepted,0.153174711721292,0.237422100271854,484221.005344814,4977351.8050093,-1.45652461125692,11.283
231,1,0,accepted,0.151803062440795,0.116473461209655,484221.164971557,4977350.4788675,-1.45178865189214,12.717
232,1,0,accepted,0.13658767204481,0.246093269518136,484221.362191256,4977349.16832961,-1.44325337919469,11.708
233,1,0,accepted,0.0681604995859217,0.0376967422791204,484221.613250706,4977347.82770653,-1.44034535885474,12.985
234,1,0,accepted,0.0972931210199663,0.0740446631096283,484221.795136029,4977346.53864932,-1.43313883716604,13.416
235,1,0,accepted,0.112192434938282,0.286975675463347,484221.988368929,4977345.2350477,-1.42295101626058,13.212
236,1,0,accepted,0.0896120685440329,0.0230218805374518,484222.210202076,4977343.8815169,-1.42100202455015,14.103
237,1,0,accepted,0.123132945193883,0.123731579070512,484222.400463063,4977342.56468503,-1.41258073168977,13.017
238,1,0,accepted,0.137274301628288,0.260293274054247,484222.617533441,4977341.25455717,-1.40360248574702,12.624
239,1,0,accepted,0.125384317402219,0.263036647826831,484222.864214704,4977339.91096216,-1.39663734462533,11.678
240,1,0,accepted,0.135818825324461,0.183943614993269,484223.111622082,4977338.51075457,-1.39189146717783,12.26
241,1,0,accepted,0.178686457188885,0.236541920116223,484223.336274577,4977337.17034432,-1.38410093675872,11.702
242,1,0,accepted,0.162135183463568,0.230528328403008,484223.623593399,4977335.84986677,-1.37811083618948,12.912
243,1,0,accepted,0.193330242210696,0.359492994740134,484223.859362047,4977334.55394398,-1.36979680507834,11.694
244,1,0,accepted,0.200488754815333,0.356397237577886,484224.137950614,4977333.24425724,-1.36415659600892,11.564
245,1,0,accepted,0.208405601089583,0.446811352681934,484224.437042835,4977331.88962457,-1.35772531048475,11.209
246,1,0,accepted,0.156778096291175,0.503401569885396,484224.789994307,4977330.59592364,-1.35304295947181,12.995
247,1,0,accepted,0.0926418502195605,0.383160938518435,484225.168005483,4977329.32840806,-1.35238420210991,12.252
248,1,0,accepted,0.0755022875564309,0.348940311430485,484225.497823696,4977327.97296015,-1.35105273179719,11.373
249,1,0,accepted,0.0851553517555716,0.34057843719925,484225.841088704,4977326.59055759,-1.34900184017111,11.937
250,1,0,accepted,0.0845882030961752,0.338386215076546,484226.152130075,4977325.26798604,-1.34690032496736,11.134
251,1,0,accepted,0.0928045245279338,0.370561005271115,484226.481542638,4977323.91694537,-1.34465350532285,12.422
252,1,0,accepted,0.0741553259407677,0.173927136025106,484226.857303964,4977322.57048394,-1.34655166687482,11.964
253,1,0,accepted,0.0603236337539917,0.142665775632578,484227.187504789,4977321.23827735,-1.34582963390621,11.796
254,1,0,accepted,0.0913298926678638,0.121556146749063,484227.510762763,4977319.88746962,-1.34443623270684,12.369
255,1,0,accepted,0.0895340842061194,0.0955054669235244,484227.839766279,4977318.54142019,-1.34306900283805,11.268
256,1,0,accepted,0.0681078567061738,0.183375589518368,484228.17366403,4977317.22567574,-1.34032909259959,10.833
257,1,0,accepted,0.0654163591603818,0.183331181433169,484228.516396259,4977315.88698579,-1.3389131282901,10.834
258,1,0,accepted,0.044924284838827,0.220852997748944,484228.869129463,4977314.5563855,-1.33801483384002,11.905
259,1,0,accepted,0.0575648544630073,0.213306154320697,484229.202666127,4977313.22349552,-1.33662699105793,11.997
260,1,0,accepted,0.0652633636590012,0.158457099125265,484229.560548526,4977311.88737592,-1.33693024249823,11.083
261,1,0,accepted,0.0665346712541984,0.13997033119121,484229.901932975,4977310.53870687,-1.33638752986498,11.15
262,1,0,accepted,0.0659982625499326,0.155568014805174,484230.252679207,4977309.16039203,-1.33508469013405,11.185
263,1,0,accepted,0.0558326925601783,0.106998245961192,484230.62458417,4977307.80800223,-1.33567227405007,11.487
264,1,0,accepted,0.0637561084428579,0.00837699970002956,484230.976905289,4977306.45178715,-1.33605046479925,11.56
265,1,0,accepted,0.056822059641402,0.0797813786304366,484231.341880238,4977305.03957676,-1.33453306640604,11.007
266,1,0,accepted,0.0731615332994857,0.118690921612273,484231.691798798,4977303.68966623,-1.33345014535348,10.723
267,1,0,accepted,0.0615210346993455,0.218493692900269,484232.067506471,4977302.27580421,-1.33112422519765,13.158
268,1,0,accepted,0.0863927876419431,0.171352709305491,484232.414514201,4977300.88156182,-1.33101082252766,12.285
269,1,0,accepted,0.10445319768394,0.153026224547857,484232.775567106,4977299.48001238,-1.33050824863964,10.712
270,1,0,accepted,0.120921227063599,0.293161285919169,484233.132861183,4977298.08268501,-1.32773222845817,11.044
271,1,0,accepted,0.127739277086555,0.24416464855693,484233.502217734,4977296.68579079,-1.32831090834523,11.591
272,1,0,accepted,0.157472379779867,0.23922414298075,484233.852141705,4977295.28012126,-1.32828959420618,11.365
273,1,0,accepted,0.157794166662544,0.330291856348761,484234.222359955,4977293.89279991,-1.32713531454822,12.193
274,1,0,accepted,0.178043658359658,0.300349824775677,484234.589617249,4977292.48822597,-1.32795952416051,11.634
275,1,0,accepted,0.189916170747703,0.20065524213907,484234.971850588,4977291.06784504,-1.33074519131618,11.927
276,1,0,accepted,0.229511908344576,0.215262129823033,484235.344159211,4977289.62187594,-1.33139454265777,12.049
277,1,0,accepted,0.222509576724084,0.246272085852523,484235.68379723,4977288.25511902,-1.33196637366388,11.42
278,1,0,accepted,0.237798444186367,0.250152917091786,484236.036297986,4977286.85227296,-1.33269688354314,11.504
279,1,0,accepted,0.268546485767515,0.316027540625159,484236.395038604,4977285.40807677,-1.33363467695928,11.148
280,1,0,accepted,0.257447805885105,0.0946977134534687,484236.761715474,4977284.02579824,-1.33860197523361,11.938
281,1,0,accepted,0.192294867919474,0.309958020193398,484237.181962431,4977282.65083825,-1.33678188969876,14.196
282,1,0,accepted,0.132066526479663,0.27787255336082,484237.571650892,4977281.31396072,-1.33971852824105,12.925
283,1,0,accepted,0.086668598013965,0.33732507441718,484237.975588007,4977279.93457725,-1.34062316685109,12.485
284,1,0,accepted,0.0260423668575315,-0.009841415709801,484238.406397207,4977278.53131396,-1.35010564271322,12.294
285,1,0,accepted,0.103315350149696,0.160431528435435,484238.745727161,4977277.19025489,-1.35062260911867,10.44
286,1,0,accepted,0.0205297132329599,-0.104804880582905,484239.166866833,4977275.6364851,-1.35893091615254,10.668
287,1,0,accepted,0.0485729182592432,-0.0638248325008776,484239.508589587,4977274.19943963,-1.36082966444559,10.381
288,1,0,accepted,0.0605267746143556,0.0102217501378118,484239.826684032,4977272.75204577,-1.36304842645264,10.63
289,1,0,accepted,0.055761798547561,0.0103204130909942,484240.16099662,4977271.31703472,-1.3659466053437,10.451
290,1,0,accepted,0.0939392693726834,0.174438151431074,484240.462058279,4977269.85657893,-1.36662799830266,9.419
291,1,0,accepted,0.109276451569355,0.244657081922682,484240.783075732,4977268.40850462,-1.36880200516914,9.796
292,1,0,accepted,0.0928345851998829,0.195612295952894,484241.119010637,4977266.97663368,-1.37300433457161,9.484
293,1,0,accepted,0.094250747234436,0.339470596177159,484241.427029441,4977265.58010849,-1.37424281361982,10.387
294,1,0,accepted,0.107880194334148,0.317949583011627,484241.745589579,4977264.10373298,-1.37842677044141,10.371
295,1,0,accepted,0.0924286619069261,0.0484238965398887,484242.118929236,4977262.61322297,-1.38608175911846,11.306
296,1,0,accepted,0.0672288621152298,0.0368829006264195,484242.454438627,4977261.18033497,-1.38930336311858,11.86
297,1,0,accepted,0.0557688075135741,-0.120562352218558,484242.78756071,4977259.74375728,-1.39521860378801,13.573
298,1,0,accepted,0.0283947182240734,-0.159804782741572,484243.092207488,4977258.32302069,-1.39921403111592,16.021
299,1,0,accepted,0.0155893191444185,-0.218212236050237,484243.376510717,4977256.90030291,-1.40368320385247,13.855
300,1,0,accepted,0.0812069297677425,-0.115144880405031,484243.633362817,4977255.3810149,-1.40510198967043,11.711
301,1,0,accepted,0.0991703490181798,0.0801383460251324,484243.894087424,4977253.92897003,-1.40462082671003,12.427
302,1,0,accepted,0.0426958975420659,0.278494722094072,484244.202521412,4977252.56173008,-1.40447212960506,14.414
303,1,0,accepted,0.0297130814815082,-0.0875749600293699,484244.511641616,4977251.15043327,-1.41379968885102,13.136
304,1,0,accepted,0.0593297532518143,0.165239459769172,484244.786646424,4977249.73610691,-1.41257665906705,12.951
305,1,0,accepted,0.0276292592014659,0.0575273337005162,484245.062751914,4977248.27437152,-1.41768065050384,11.051
306,1,0,accepted,0.049883342642649,0.0306878353220574,484245.318234857,4977246.86054701,-1.42089125824502,9.806
307,1,0,accepted,0.0274496601518739,-0.016295834370474,484245.561307683,4977245.38970576,-1.42494527548761,10.279
308,1,0,accepted,0.050360911554326,0.0599860522397882,484245.788586789,4977243.92302125,-1.42678869450231,10.797
309,1,0,accepted,0.069309789449969,0.197928223343423,484246.010333842,4977242.51686516,-1.42751431095947,11.416
310,1,0,accepted,0.0702619272392883,0.151704892876732,484246.25557864,4977241.1226685,-1.43155919896349,11.453
311,1,0,accepted,0.109955807010521,0.146088996285312,484246.456035768,4977239.6025813,-1.43442004953968,10.988
312,1,0,accepted,0.0892584580991709,0.109000966816535,484246.693015833,4977238.21282352,-1.43747796767023,11.574
313,1,0,accepted,0.096504201190097,0.0370723322331315,484246.90631914,4977236.79740518,-1.44052460637844,12.316
314,1,0,accepted,0.121035604552506,0.195478244034719,484247.111694107,4977235.34853548,-1.44061406283144,10.872
315,1,0,accepted,0.13674450354707,0.210306732342868,484247.322453181,4977233.91795755,-1.44273750021015,12.078
316,1,0,accepted,0.120402498085797,0.32596976445691,484247.548268418,4977232.53406188,-1.44393956334597,11.211
317,1,0,accepted,0.11842772379326,0.399572144784587,484247.761261038,4977231.14472868,-1.44512359408693,11.31
318,1,0,accepted,0.0623968583474219,0.139011085494683,484248.049392487,4977229.78265472,-1.45180406678102,11.774
319,1,0,accepted,0.0410096995168703,0.0395958974735762,484248.25566328,4977228.32000301,-1.45568801082182,11.149
320,1,0,accepted,0.0422799567168707,-0.0492562048921026,484248.460760222,4977226.87686286,-1.45904831859534,10.947
321,1,0,accepted,0.068651827378528,-0.0684818256888212,484248.649600237,4977225.42939634,-1.46159197190444,10.569
322,1,0,accepted,0.0634402479401982,-0.065574559288621,484248.865747353,4977224.00449763,-1.46378800212594,9.863
323,1,0,accepted,0.0683849977251507,-0.220905954893698,484249.077499715,4977222.56890944,-1.46873044630559,10.691
324,1,0,accepted,0.109603595745462,-0.215555181979335,484249.254826954,4977221.10859638,-1.470894902904,10.244
325,1,0,accepted,0.114866671106915,-0.0317827324057239,484249.398377951,4977219.68091828,-1.46985531568514,10.899
326,1,0,accepted,0.111777205287932,-0.2039592334065,484249.587015049,4977218.26577518,-1.4746578839903,10.842
327,1,0,accepted,0.162655697599043,-0.153281543947571,484249.748842221,4977216.8228024,-1.47546077124463,10.255
328,1,0,accepted,0.165595310523293,-0.00254142657884022,484249.901543383,4977215.38684738,-1.47489903191656,10.686
329,1,0,accepted,0.124949493496178,0.0148625286010259,484250.099041507,4977213.98201181,-1.47541788289006,11.134
330,1,0,accepted,0.122378089127728,0.082618606472572,484250.258911308,4977212.57165049,-1.47654418303581,10.576
331,1,0,accepted,0.135077403728006,0.104630218208792,484250.412222238,4977211.14816764,-1.47765071363548,10.446
332,1,0,accepted,0.140023780145085,0.05602962541358,484250.64565068,4977209.65226671,-1.47863275841504,11.634
333,1,0,accepted,0.152681300520628,0.129157342618731,484250.802743727,4977208.21980686,-1.47975111360426,11.029
334,1,0,accepted,0.149969959660049,0.138889929369566,484251.00342029,4977206.78638268,-1.48118904705965,12.461
335,1,0,accepted,0.180989558402863,0.142411459995375,484251.160153346,4977205.32674955,-1.4820016825551,12.422
336,1,0,accepted,0.102760137975292,-0.183492896552545,484251.357289105,4977203.97106387,-1.48916661020894,11.575
337,1,0,accepted,0.0820137294169106,0.0512382341568823,484251.419857119,4977202.61745712,-1.48685405971296,11.74
338,1,0,accepted,0.0585293673893503,-0.0338698010096858,484251.598627026,4977201.20723879,-1.48922018063544,10.883
339,1,0,accepted,0.070089779706849,0.0389846129432421,484251.740931033,4977199.77986742,-1.49003737088478,10.929
340,1,0,accepted,0.121308327954787,0.160062189309547,484251.873102717,4977198.27042267,-1.48972783282567,11.531
341,1,0,accepted,0.0508963777092754,0.00322551212676125,484252.064608401,4977196.92306752,-1.49412943706797,12.088
342,1,0,accepted,0.0475815911332633,0.0857797865401132,484252.215023484,4977195.50801071,-1.49409736731792,11.345
343,1,0,accepted,0.0520050597339671,0.0458609298072494,484252.359961291,4977194.05484646,-1.49621112334162,11.332
344,1,0,accepted,0.0606185744845126,0.0781876951358245,484252.515973977,4977192.59381848,-1.49668948148987,10.706
345,1,0,accepted,0.0642096299481307,0.0477440094410135,484252.647472017,4977191.16288682,-1.49831356676954,11.209
346,1,0,accepted,0.0684466010120002,0.105067883505832,484252.769286998,4977189.76573411,-1.49842503778118,11.653
347,1,0,accepted,0.053299127619529,0.00560211975308809,484252.932422712,4977188.41250698,-1.50071347135665,11.151
348,1,0,accepted,0.0465160846145391,0.00941517985693397,484253.061551815,4977186.95839864,-1.5015566531673,13.113
349,1,0,accepted,0.0760999590295398,0.102161493529102,484253.23718858,4977185.60447223,-1.50044800218174,14.731
350,1,0,accepted,0.0981154007425705,0.136031072091951,484253.367172115,4977184.20613901,-1.50026560695124,12.19
351,1,0,accepted,0.0429569518983565,0.0692790443712005,484253.493965548,4977182.71939166,-1.50135896330879,12.535
352,1,0,accepted,0.0498250875421015,0.0162627120952165,484253.592549632,4977181.30072659,-1.50216601493605,12.148
353,1,0,accepted,0.0597699682836279,0.0688137102010765,484253.714203326,4977179.89118074,-1.50139380275765,11.963
354,1,0,accepted,0.0598874688893563,0.0327221054017226,484253.844699486,4977178.45966978,-1.50196203984027,11.121
355,1,0,accepted,0.0827091635773502,0.0507845350778996,484253.955719665,4977177.03872915,-1.50170219195299,11.015
356,1,0,accepted,0.0833985317493806,0.0848260191313609,484254.092238985,4977175.6452851,-1.50121081530207,10.989
357,1,0,accepted,0.0874784357780535,0.211390339053045,484254.215784907,4977174.20831438,-1.4991190679255,10.593
358,1,0,accepted,0.0812138297086404,0.213141302103882,484254.340151858,4977172.77221458,-1.49919643125496,10.73
359,1,0,accepted,0.0826503641945584,0.2750425034008,484254.473343165,4977171.32197219,-1.49788898863308,11.241
360,1,0,accepted,0.105878576930498,0.283703837814889,484254.588537812,4977169.87902048,-1.49759142391752,11.554
361,1,0,accepted,0.0852130745517912,0.220212224766133,484254.719311413,4977168.4781317,-1.49840329101088,11
362,1,0,accepted,0.144284064530075,0.188526158143616,484254.830056423,4977166.99948556,-1.49859543237044,10.998
363,1,0,accepted,0.137208818724199,0.103369867372929,484254.94161274,4977165.5868318,-1.499811613247,10.68
364,1,0,accepted,0.117462737809305,-0.0254492159272139,484255.06602607,4977164.20098612,-1.5018912389346,10.577
365,1,0,accepted,0.169596604443697,0.0554697597973962,484255.179905772,4977162.73485791,-1.49991913673179,11.922
366,1,0,accepted,0.182707312895936,-0.0444342471862453,484255.291475583,4977161.30708449,-1.50108255887243,11.069
367,1,0,accepted,0.223354026814752,-0.00805715603637248,484255.392911231,4977159.85375739,-1.49976425376373,11.138
368,1,0,accepted,0.205601639222533,0.110468237606186,484255.497638901,4977158.44355165,-1.49705825530481,11.329
369,1,0,accepted,0.18941118996618,0.10955393764717,484255.630144729,4977157.02166758,-1.49637290862615,11.088
370,1,0,accepted,0.20961471408894,0.113451794437714,484255.727743053,4977155.59241044,-1.49555916552662,10.683
371,1,0,accepted,0.196712788848995,0.179285489557514,484255.852803563,4977154.18622575,-1.49367287125648,10.174
372,1,0,accepted,0.210813814300712,0.278993349487372,484255.9750109,4977152.77082283,-1.4912723431856,10.512
373,1,0,accepted,0.227238150195745,0.305308028883243,484256.09935666,4977151.33474879,-1.48884762546472,9.687
374,1,0,accepted,0.136490638416984,0.225181905130574,484256.339670775,4977150.07044122,-1.48897255531103,11.982
375,1,0,accepted,0.135854014500764,0.0268184920939051,484256.544153438,4977148.67690901,-1.49046133399754,10.87
376,1,0,accepted,0.0911860082690839,-0.0162370717777451,484256.71790323,4977147.19057487,-1.48918121556685,10.535
377,1,0,accepted,0.0536471049549482,-0.195005329642466,484256.924618906,4977145.71976864,-1.49095403253961,8.337
378,1,0,accepted,0.0681310756242429,-0.414747077855632,484257.109293026,4977144.23199525,-1.49293669740655,11.111
379,1,0,accepted,0.0589139909359078,-0.298246076403799,484257.216517754,4977142.78754271,-1.48949015624368,10.456
380,1,0,accepted,0.0114687760112037,-0.211055328931068,484257.362077079,4977141.40904036,-1.48627635567718,10.538
381,1,0,accepted,0.136597328901215,-0.249128803004065,484257.463678461,4977139.86005947,-1.48550554776123,10.079
382,1,0,accepted,0.0748785054306733,-0.163957362641896,484257.63229245,4977138.51752415,-1.48252287828036,10.155
383,1,0,accepted,0.0751579471181102,-0.0203527126828195,484257.777245546,4977137.11480896,-1.47856343758681,10.108
384,1,0,accepted,0.0595854903032135,0.114499595954,484257.959212936,4977135.69674746,-1.47527684619646,11.663
385,1,0,accepted,0.0234006875005624,0.0553440209083513,484258.152792457,4977134.32340708,-1.47500907266756,11.01
386,1,0,accepted,0.0383380247201313,-0.132562275465788,484258.356763379,4977132.95239788,-1.47641798258333,11.077
387,1,0,accepted,0.0251103950060117,-0.166543746199867,484258.523138237,4977131.4808562,-1.47592055599757,10.694
388,1,0,accepted,0.0368406657875974,-0.123079035419946,484258.677770381,4977130.13925411,-1.47378267156236,12.357
389,1,0,accepted,0.0569009860469383,-0.155567667887648,484258.834707333,4977128.74524109,-1.47275720871798,10.807
390,1,0,accepted,0.0844334086021426,-0.0395014113086917,484258.979875214,4977127.36222553,-1.4692300213378,10.471
391,1,0,accepted,0.077313884231483,0.00768314133243616,484259.137165014,4977125.93857878,-1.46689411703946,10.32
392,1,0,accepted,0.0723280199369336,0.0915484168232259,484259.311222555,4977124.53823967,-1.46447437815272,8.665
393,1,0,accepted,0.0594391146010428,0.0148166451883124,484259.488758587,4977123.07023755,-1.46428780361983,10.679
394,1,0,accepted,0.0708075363565471,0.150473000855077,484259.655891772,4977121.66654014,-1.46057997076469,9.247
395,1,0,accepted,0.0625434989706126,0.121101492249774,484259.838008493,4977120.2880811,-1.45996247486473,9.357
396,1,0,accepted,0.0611829183314579,0.0613862427715794,484260.019066191,4977118.89784038,-1.4600165345469,9.708
397,1,0,accepted,0.0669763805038598,0.114987856045852,484260.199128048,4977117.48294445,-1.45796461599566,10.143
398,1,0,accepted,0.11372341275064,0.192341247806158,484260.37077237,4977116.04949597,-1.45517512456317,10.12
399,1,0,accepted,0.0735887949956049,0.209408681654914,484260.561282479,4977114.7076195,-1.45388181860488,9.835
400,1,0,accepted,0.088242800544289,0.202902453010079,484260.73750925,4977113.31223065,-1.45278339255961,9.609
401,1,0,accepted,0.097281398376632,0.228829995546349,484260.92966345,4977111.90513021,-1.45068645681657,10.374
402,1,0,accepted,0.100096511467773,0.183744900507848,484261.098826488,4977110.5919483,-1.44985104645163,11.209
403,1,0,accepted,0.132055985321104,0.313323465798343,484261.296918794,4977109.11075186,-1.44613547158759,11.544
404,1,0,accepted,0.120087817019217,0.27219768451186,484261.47716072,4977107.75770504,-1.44486041311655,10.479
405,1,0,accepted,0.164380673115238,0.180366937087956,484261.654630135,4977106.34936114,-1.44433633347346,9.762
406,1,0,accepted,0.129566379921851,0.18055311727602,484261.867691444,4977105.0140884,-1.44207481227359,10.17
407,1,0,accepted,0.102224133765895,0.093483550422303,484262.071535147,4977103.70827646,-1.44133563635233,10.405
408,1,0,accepted,0.141591461276904,0.0842630171270392,484262.262357428,4977102.27921815,-1.43923272565017,10.731
409,1,0,accepted,0.153548243878387,0.0295182190142301,484262.467756718,4977100.88926031,-1.43806827886647,10.73
410,1,0,accepted,0.25456135350997,0.200984358541052,484262.666195036,4977099.42018635,-1.43279584678448,10.998
411,1,0,accepted,0.163685833296488,0.121161263097497,484262.878412032,4977098.18305021,-1.43193530263612,10.676
412,1,0,accepted,0.129371817707977,0.163176675623798,484263.115461512,4977096.86947491,-1.42964454234588,11.536
413,1,0,accepted,0.136695428117564,0.274127676472179,484263.320685171,4977095.51727192,-1.42588834067109,11.117
414,1,0,accepted,0.129798984945076,0.219158890558431,484263.540231556,4977094.18754134,-1.42455060297191,10.938
415,1,0,accepted,0.101967870805496,0.0986939926565014,484263.76865182,4977092.87499758,-1.42495318304631,11.704
416,1,0,accepted,0.136266444034904,0.21384802960478,484263.970704125,4977091.51405676,-1.42075454495439,11.749
417,1,0,accepted,0.12121685575777,0.142450804667253,484264.178630434,4977090.2115538,-1.41984161712068,11.398
418,1,0,accepted,0.132390249689641,0.275575060514408,484264.402271881,4977088.88224827,-1.41586077087526,11.661
419,1,0,accepted,0.160669042226208,0.322562639344322,484264.631845722,4977087.51991653,-1.41263335705417,11.611
420,1,0,accepted,0.198137646029365,0.325806931013212,484264.86832673,4977086.15024838,-1.41061476219191,11.203
421,1,0,accepted,0.194710334520925,0.351359071261252,484265.087361493,4977084.84060386,-1.40832899802513,11.912
422,1,0,accepted,0.173077080790661,0.373282443496955,484265.317732299,4977083.54244506,-1.40632495573555,10.462
423,1,0,accepted,0.181913014867292,0.350077278203286,484265.547145273,4977082.21425775,-1.40514401649684,9.989
424,1,0,accepted,0.198981520352877,0.266171022204262,484265.78343539,4977080.89330508,-1.4048727573836,10.379
425,1,0,accepted,0.127662392051442,-0.255008794264797,484266.161378236,4977079.61295432,-1.41241613446049,9.936
426,1,0,accepted,0.173213671947045,-0.0464825021049615,484266.418157396,4977078.25680702,-1.40656368987799,10.269
427,1,0,accepted,0.126989593328006,-0.00687421301395279,484266.648761972,4977076.98390394,-1.40478455344524,10.461
428,1,0,accepted,0.100169454981536,0.147182920592157,484266.883126957,4977075.6935219,-1.40049300357868,10.462
429,1,0,accepted,0.0854508936966971,0.0867591181932321,484267.137640608,4977074.39907793,-1.40028458494277,10.917
430,1,0,accepted,0.0515594225896711,-0.0860606485851612,484267.408276291,4977073.1900058,-1.40151805439799,11.903
431,1,0,accepted,0.0142177543478365,-0.0636018096885742,484267.642969255,4977071.86413063,-1.39924351079581,9.953
432,1,0,accepted,0.0342124041583766,-0.0562323009972709,484267.910316172,4977070.57104542,-1.39735397765688,10.384
433,1,0,accepted,0.0267219159337457,0.039526217703898,484268.140071644,4977069.20781208,-1.3943424284493,9.502
434,1,0,accepted,0.038470866728635,-0.00846816794811891,484268.434881871,4977067.91248506,-1.3933563388932,10.364
435,1,0,accepted,0.046031062566602,-0.0482298896204483,484268.668943037,4977066.56782747,-1.3926026197925,9.741
436,1,0,accepted,0.0631648507982186,-0.0779043346112754,484268.908274615,4977065.23831825,-1.39116572605238,10.247
437,1,0,accepted,0.116681513829242,-0.0628945937148822,484269.206260383,4977063.88319721,-1.38917371366907,10.769
438,1,0,accepted,0.0952076832435917,-0.00380857158005815,484269.447881713,4977062.59276465,-1.38587038378936,10.73
439,1,0,accepted,0.0855827560755563,0.0769014424470057,484269.697371942,4977061.29014166,-1.38253676399787,10.552
440,1,0,accepted,0.100729238247506,0.113873779057152,484269.908281428,4977060.09652534,-1.37966158148509,10.874
441,1,0,accepted,0.10299495463513,0.126172376405716,484270.177693879,4977058.7218095,-1.37712039292452,10.626
442,1,0,accepted,0.0996794781591221,0.175638134710325,484270.473976631,4977057.39057412,-1.37423409360327,9.831
443,1,0,accepted,0.0928400149049777,0.10287244648338,484270.750889871,4977056.09404745,-1.37307472362874,9.597
444,1,0,accepted,0.0814338016525151,0.164791226549132,484271.034610669,4977054.83527243,-1.37004143917834,10.288
445,1,0,accepted,0.0918103951762659,0.156379853031086,484271.317491555,4977053.50557226,-1.36782430747855,9.738
446,1,0,accepted,0.0993558042327938,0.0882428608208417,484271.607837537,4977052.18446199,-1.36606242515457,9.966
447,1,0,accepted,0.118215800620969,0.21916445207426,484271.884282453,4977050.87388023,-1.36115862045795,10.316
448,1,0,accepted,0.110244777720523,0.361244121012445,484272.173830129,4977049.5958887,-1.35575631345413,11.145
449,1,0,accepted,0.109903040896757,0.267447487410415,484272.470859446,4977048.30488699,-1.35425780249674,10.479
450,1,0,accepted,0.026180529549756,-0.0518406009612604,484272.872278496,4977047.08806723,-1.35655101324667,11.647
451,1,0,accepted,0.0163987723989623,-0.203227364641599,484273.182031001,4977045.79069909,-1.35594956828305,10.865
452,1,0,accepted,0.0295886946656739,-0.145716478482021,484273.493353537,4977044.52076296,-1.35191655420378,10.959
453,1,0,accepted,0.0312836218577175,0.123125722575723,484273.788620136,4977043.24821516,-1.34366876300861,11.557
454,1,0,accepted,0.0500020258319806,0.218812164095664,484274.104371447,4977041.99383086,-1.33868729978133,10.801
455,1,0,accepted,0.0137001846903735,0.248380247716602,484274.410535843,4977040.67450752,-1.3342060204805,11.372
456,1,0,accepted,0.0456167397657371,0.0979894004410644,484274.707196891,4977039.38189372,-1.33268755926624,10.404
457,1,0,accepted,0.0447429794045545,0.255979369544908,484275.041598638,4977038.12227184,-1.32606049904302,10.865
458,1,0,accepted,0.0135329666574626,0.440066708025458,484275.386945353,4977036.91499672,-1.31863467260734,11.162
459,1,0,accepted,0.0327243796726525,0.314036323864762,484275.716587674,4977035.69105475,-1.31702952162952,11.322
460,1,0,accepted,0.0389031035241743,0.353414951692853,484276.039888593,4977034.45138102,-1.31213397469513,10.918
461,1,0,accepted,0.0175426152153935,0.281986576531983,484276.400811307,4977033.1747841,-1.30916208806606,11.232
462,1,0,accepted,0.0643008097526005,0.216351348802206,484276.703505318,4977031.99319848,-1.30607272352654,11.877
463,1,0,accepted,0.0622597476716868,0.198031746264856,484277.061633662,4977030.74980143,-1.30189151427262,11.758
464,1,0,accepted,0.205160008722643,0.444246770014254,484277.331065369,4977029.67499198,-1.29306914355407,11.579
465,1,0,accepted,0.123413140885154,0.396517933472539,484277.72766411,4977028.38386281,-1.28993336521399,11.555
466,1,0,accepted,0.124861476576092,0.366106042356998,484278.097895374,4977027.18374605,-1.28647022715411,11.33
467,1,0,accepted,0.126475939603263,0.307153420705233,484278.46667168,4977025.98990552,-1.28304985210788,13.054
468,1,0,accepted,0.139976443797666,0.26033405094388,484278.843123008,4977024.80771319,-1.27980135909142,12.547
469,1,0,accepted,0.110860929968722,0.185915596996621,484279.225623615,4977023.57315702,-1.27670351201401,12.726
470,1,0,accepted,0.0968298282053179,0.361924079363048,484279.580088453,4977022.35358864,-1.26940118768176,11.079
471,1,0,accepted,0.0778198055085065,0.292009504752794,484279.976986338,4977021.15707541,-1.26630704850997,11.329
472,1,0,accepted,0.0793651986994024,0.346617643172199,484280.35825581,4977019.96190705,-1.2610757063169,10.588
473,1,0,accepted,0.0614070216403552,0.252719519175653,484280.7630912,4977018.76467098,-1.25838819202739,10.131
474,1,0,accepted,0.0495156777017868,0.248577922135261,484281.17787673,4977017.60620495,-1.25454288859949,10.195
475,1,0,accepted,0.0296922272660171,-0.0113192190549773,484281.610764769,4977016.38327159,-1.25504422684446,11.237
476,1,0,accepted,0.0587361080122826,-0.165463231926379,484282.021263525,4977015.17802992,-1.25350524148607,12.425
477,1,0,accepted,0.0977394883857771,-0.0362529541991126,484282.420318152,4977013.99103915,-1.24739801919031,10.555
478,1,0,accepted,0.0858967645663539,-0.0942491127871524,484282.851874134,4977012.8400646,-1.24466528862487,12.036
479,1,0,accepted,0.114358954449395,0.221943453836322,484283.257654466,4977011.65559386,-1.2351339688395,12.041
480,1,0,accepted,0.116517002436532,0.218942427152961,484283.679376098,4977010.4999458,-1.23113684581833,11.842
481,1,0,accepted,0.105101169664141,0.209840852446366,484284.117623452,4977009.35110523,-1.22748657841948,11.792
482,1,0,accepted,0.109153234856381,0.278699972186566,484284.516332249,4977008.19819535,-1.22250631179123,12.655
483,1,0,accepted,0.134356134498684,0.326199825299299,484284.951987733,4977007.04317571,-1.21785175752954,12.293
484,1,0,accepted,0.12065316894542,0.237985310611565,484285.373091655,4977005.91507329,-1.21539079977366,12.453
485,1,0,accepted,0.171193965318841,0.262038691209481,484285.819173829,4977004.72550899,-1.21103879869513,13.045
486,1,0,accepted,0.144449504985371,0.220361808946516,484286.259458582,4977003.6163111,-1.20746698037558,12.564
487,1,0,accepted,0.0704812650204224,0.201308925661631,484286.707222194,4977002.56151485,-1.20457004006765,13.078
488,1,0,accepted,0.0821115727125977,0.241755621184966,484287.155363695,4977001.41873266,-1.19972613710888,12.381
489,1,0,accepted,0.0882610090871807,0.33671476970305,484287.603117357,4977000.28002483,-1.19356022215388,11.834
490,1,0,accepted,0.0458582841129706,0.287432079993488,484288.07963836,4976999.21333624,-1.19198191284643,12.003
491,1,0,accepted,0.0643711784613544,0.188468667175528,484288.52571854,4976998.10390986,-1.19002131069718,12.305
492,1,0,accepted,0.0844293256612187,0.0586772452344999,484289.010981919,4976997.05193153,-1.18844723981566,11.395
493,1,0,accepted,0.101082590881943,0.0209861720205588,484289.497463751,4976995.95538328,-1.18534577256591,11.376
494,1,0,accepted,0.0937501243109362,0.00865740698075619,484289.987070998,4976994.82724987,-1.18207915188428,10.669
495,1,0,accepted,0.0906586827846036,-0.0630588806219693,484290.438398379,4976993.6964918,-1.1793711770311,10.405
496,1,0,accepted,0.0250193675640034,-0.143701292232437,484290.981155962,4976992.53787917,-1.1776440461544,10.477
497,1,0,accepted,0.0129402133008918,-0.170011727980871,484291.457232633,4976991.41160449,-1.1747880730757,10.005
498,1,0,accepted,0.0161976017020061,-0.169533901484995,484291.942981063,4976990.3035071,-1.17149796633555,10.245
499,1,0,accepted,0.0262579158076543,-0.0115867141983993,484292.428705617,4976989.17030952,-1.16500186979066,10.048
500,1,0,accepted,0.0113947229777696,0.0520125066039031,484292.946338592,4976988.06318198,-1.16031712364619,10.768
501,1,0,accepted,0.0663737774852056,0.0592838489411861,484293.462610101,4976986.90150444,-1.15671336514446,10.343
502,1,0,accepted,0.0921069213169707,0.000969786955855823,484293.983900449,4976985.75557825,-1.15446954344048,10.562
503,1,0,accepted,0.12786057346851,0.0238964471817487,484294.504575639,4976984.63679532,-1.15115371482299,10.339
504,1,0,accepted,0.143387711401174,0.0858633066938373,484295.024440202,4976983.52569534,-1.14514129752574,10.309
505,1,0,accepted,0.155432331560594,0.192944688045476,484295.540354553,4976982.41117859,-1.14033404981196,10.134
506,1,0,accepted,0.142565513088706,0.283793846176897,484296.079344632,4976981.32986893,-1.13551504762047,11.743
507,1,0,accepted,0.0560811722732803,0.3081152209021,484296.531661286,4976980.3107451,-1.1326654099878,12.3
508,1,0,accepted,0.0410623113761959,0.257682727903453,484297.064375041,4976979.23209417,-1.1312226015139,12.06
509,1,0,accepted,0.0450451454635229,0.193307583584468,484297.584617379,4976978.14009489,-1.13014259140776,11.227
510,1,0,accepted,0.0584538754708573,0.194586413265861,484298.092636675,4976977.09128713,-1.1282379453837,13.029
511,1,0,accepted,0.0781443172470745,0.189580883475899,484298.612788859,4976975.9807005,-1.12621605609492,12.472
512,1,0,accepted,0.09677933204225,0.354251901506132,484299.132887296,4976974.89513054,-1.12176427916362,12.571
513,1,0,accepted,0.103995448963398,0.29860203177294,484299.668899687,4976973.81438821,-1.12133297772193,11.91
514,1,0,accepted,0.102207176930885,0.309288715012613,484300.212011105,4976972.69916834,-1.12008542601411,12.308
515,1,0,accepted,0.0873491172332118,0.254605186044141,484300.783136509,4976971.5753025,-1.12023879349619,13.473
516,1,0,accepted,0.0702662958356932,0.246685750120164,484301.339682114,4976970.48669212,-1.12017655283972,17.629
517,1,0,accepted,0.0317992519291989,-0.105427778361807,484301.991859642,4976969.39044992,-1.1263934520369,13.723
518,1,0,accepted,0.0362344057473487,-0.125619335068303,484302.53992456,4976968.27426325,-1.12656799639022,13.032
519,1,0,accepted,0.0596194963412069,-0.104719772277469,484303.092492211,4976967.13815564,-1.12611176445805,12.536
520,1,0,accepted,0.020042254884957,-0.0110065308369504,484303.626817177,4976966.0745933,-1.12457718676473,12.979
521,1,0,accepted,0.0209544171575916,-0.0247015453585405,484304.169603764,4976964.9710521,-1.12533661908126,13.628
522,1,0,accepted,0.00748922836055542,0.00892189822154938,484304.708844801,4976963.88764306,-1.12606263224095,13.328
523,1,0,accepted,0.0143155539761662,-0.0134238073489191,484305.243368246,4976962.78291787,-1.12728501911618,12.691
524,1,0,accepted,0.0236063830014391,-0.0193768384149127,484305.790069562,4976961.68557573,-1.12877293939495,11.301
525,1,0,accepted,0.0634227594086714,0.00366708533049961,484306.316197593,4976960.61977508,-1.13001266134586,12.535
526,1,0,accepted,0.0354165014048968,-0.0768721638040168,484306.864657801,4976959.47933671,-1.13192071621739,11.31
527,1,0,accepted,0.032239214576412,-0.00768169241469558,484307.412389801,4976958.34441101,-1.13282285615449,12.328
528,1,0,accepted,0.0375799120764166,0.0637030858504426,484307.949273154,4976957.24343535,-1.13314977555471,12.106
529,1,0,accepted,0.0595394781265095,0.0780176662177145,484308.500450839,4976956.09277707,-1.13514311276846,10.649
530,1,0,accepted,0.0862825733691867,0.172374828547929,484309.040352128,4976954.95654465,-1.13635627788766,11.078
531,1,0,accepted,0.0971091115648039,0.170623024300008,484309.565435482,4976953.83620041,-1.13940852548175,10.772
532,1,0,accepted,0.13047633366916,0.197317544750357,484310.10112143,4976952.69520698,-1.142176039588,11.21
533,1,0,accepted,0.0973101319731786,0.199425572241649,484310.651746205,4976951.60855891,-1.14598229529794,11.537
534,1,0,accepted,0.100826790227798,0.258773712242327,484311.168546844,4976950.49567241,-1.14900754955993,11.475
535,1,0,accepted,0.103500065381329,0.239891140318197,484311.68645774,4976949.3763262,-1.15297682236961,11.171
536,1,0,accepted,0.108567371390192,0.228987553017076,484312.181625299,4976948.25883906,-1.15667047990998,10.981
537,1,0,accepted,0.108541591081083,0.297650021558489,484312.688642222,4976947.14064985,-1.15937489505521,10.956
538,1,0,accepted,0.103503487913923,0.250232898382425,484313.185946267,4976946.02756351,-1.1633742449053,10.804
539,1,0,accepted,0.103443151163034,0.318957798277296,484313.677848599,4976944.90139517,-1.1659298280945,10.939
540,1,0,accepted,0.114608569157655,0.312036354624077,484314.144507432,4976943.78813068,-1.17023669236916,11.037
541,1,0,accepted,0.080885664275593,0.422615421889379,484314.657284572,4976942.69095737,-1.17200419965955,11.651
542,1,0,accepted,0.0995368155893332,0.375220150473308,484315.130044458,4976941.56108195,-1.17672085055641,12.412
543,1,0,accepted,0.117044659096495,0.308462467722034,484315.594641136,4976940.43135111,-1.18137813972897,12.782
544,1,0,accepted,0.116046152548178,0.250667084168762,484316.073736039,4976939.31942859,-1.18585616707461,11.402
545,1,0,accepted,0.122353676225626,0.261858112287437,484316.546111384,4976938.18786885,-1.18911423436707,11.258
546,1,0,accepted,0.0549237552942647,-0.184804373077234,484317.096142212,4976937.09415455,-1.20063758408312,12.231
547,1,0,accepted,0.102445263749977,0.016591795137047,484317.516528465,4976935.96567675,-1.20071404053241,11.622
548,1,0,accepted,0.102659954182438,0.0336618003499924,484317.973891179,4976934.8160295,-1.20401705025896,11.366
549,1,0,accepted,0.109773824136617,-0.0111524596744615,484318.441087902,4976933.68082067,-1.20853939012835,10.84
550,1,0,accepted,0.127625584672727,0.220305402072196,484318.864060039,4976932.53651967,-1.20807966788811,11.004
551,1,0,accepted,0.0895860922321876,-0.0406707347657381,484319.352183192,4976931.36727874,-1.21679010071722,11.624
552,1,0,accepted,0.111061789786452,0.170402962542511,484319.789116322,4976930.17761801,-1.21681107008885,11.049
553,1,0,accepted,0.123403983857955,0.115461702537161,484320.28216481,4976928.96380852,-1.22147402239455,11.13
554,1,0,accepted,0.0840863423608763,0.150039583229156,484320.700895258,4976927.94300391,-1.22465892155913,11.563
555,1,0,accepted,0.0571877498887765,0.0764234774400337,484321.164004947,4976926.78367812,-1.22950651237562,11.009
556,1,0,accepted,0.0569204016808581,-0.229795104123882,484321.636430106,4976925.56687108,-1.23823378325071,11.807
557,1,0,accepted,0.0857240596416567,-0.0953901527314921,484322.081749841,4976924.37845609,-1.23969894130162,12.007
558,1,0,accepted,0.0979328147414623,-0.117153202524053,484322.504415526,4976923.21403586,-1.24380494014203,10.575
559,1,0,accepted,0.0856840169457477,-0.00824965103997333,484322.906488366,4976922.05366333,-1.24534394308393,12.587
560,1,0,accepted,0.0678270155571492,0.0728622986223064,484323.300839892,4976920.91730742,-1.24782613514121,12.583
561,1,0,accepted,0.0691989014244827,0.048194392466281,484323.710204683,4976919.75825982,-1.25171276125084,11.562
562,1,0,accepted,0.0605350054727537,0.0526572812584166,484324.132977731,4976918.58989356,-1.25500567850495,11.513
563,1,0,accepted,0.0570564149704068,0.071493260358281,484324.521063577,4976917.44630598,-1.2585359402965,11.223
564,1,0,accepted,0.0821709077286977,0.0410661802120871,484324.914657399,4976916.25223193,-1.26229253485822,10.815
565,1,0,accepted,0.100650208646461,-0.0257265946892816,484325.302875767,4976915.07284051,-1.2668103725785,9.86
566,1,0,accepted,0.0778570514736873,0.00462411808684692,484325.684031816,4976913.93610181,-1.26936756599721,11.992
567,1,0,accepted,0.0820235019917618,0.113168240420941,484326.066200561,4976912.76206869,-1.27088314072051,11.644
568,1,0,accepted,0.12425606021188,0.230279823416099,484326.39128119,4976911.60308975,-1.27205095859487,11.422
569,1,0,accepted,0.114352192105062,0.175877698828608,484326.76927249,4976910.47934251,-1.27624504309918,10.086
570,1,0,accepted,0.117110138001665,0.24935774780755,484327.1425838,4976909.31646046,-1.27795041656407,9.523
571,1,0,accepted,0.172008971693861,0.528313464813832,484327.460589641,4976908.14705123,-1.27610531120472,11.148
572,1,0,accepted,0.134766338709521,0.296479426579877,484327.873357663,4976906.98056764,-1.28315532082944,10.471
573,1,0,accepted,0.103793325017762,0.172206368332974,484328.268177408,4976905.78579703,-1.28820837840513,10.15
574,1,0,accepted,0.0957292491070501,0.0528905663263854,484328.646621359,4976904.63871073,-1.29303090920689,10.353
575,1,0,accepted,0.102185273935251,0.160837583985606,484329.001192416,4976903.48023062,-1.29387382241711,9.976
576,1,0,accepted,0.133789836750188,0.362979357993262,484329.315730579,4976902.29717158,-1.29291145078111,10.511
577,1,0,accepted,0.109364685407596,0.173038039795881,484329.700050622,4976901.13751577,-1.29878592720416,10.897
578,1,0,accepted,0.141021123378988,0.410001708325867,484330.004704785,4976899.91430609,-1.29665861844484,10.839
579,1,0,accepted,0.159668499740084,0.451966855990198,484330.332129537,4976898.73461908,-1.29824044105868,10.34
580,1,0,accepted,0.0898810182209009,0.350004046983606,484330.750957579,4976897.5905123,-1.30166007307662,11.775
581,1,0,accepted,0.083457649482346,0.127051926234428,484331.129910996,4976896.44555933,-1.30706087077533,10.483
582,1,0,accepted,0.0745601386486741,0.270680328961756,484331.487596618,4976895.2555655,-1.30602571497011,10.891
583,1,0,accepted,0.0424131177313769,0.199413605451987,484331.848849099,4976894.07354312,-1.30933770985418,10.857
584,1,0,accepted,0.0864154162099667,0.195910087540122,484332.182203787,4976892.93683148,-1.31091774708595,9.977
585,1,0,accepted,0.0658421598351545,0.204162762828771,484332.508026051,4976891.7393712,-1.31244561129747,10.726
586,1,0,accepted,0.023712117912217,0.191369915734243,484332.820148585,4976890.50231239,-1.31417358063389,10.498
587,1,0,accepted,0.0256021706133714,0.166530850558293,484333.145330687,4976889.31160524,-1.31600056565683,10.248
588,1,0,accepted,0.0490436643778631,0.159193544502455,484333.457604227,4976888.11136544,-1.31760909546203,10.177
589,1,0,accepted,0.125687368088374,0.100570178832179,484333.761171786,4976886.85896533,-1.31995797484666,9.635
590,1,0,accepted,0.0691120950687963,-0.030405827679965,484334.099968012,4976885.7445269,-1.32376069617748,8.296
591,1,0,accepted,0.0747451705505573,-0.0128524923647922,484334.405803714,4976884.58255434,-1.32490607585548,8.341
592,1,0,accepted,0.0895860772574583,0.0340790233852011,484334.715621766,4976883.39753276,-1.32554447503746,8.507
593,1,0,accepted,0.114450621172263,0.0462283839325726,484335.027472658,4976882.19511282,-1.32667181590858,8.09
594,1,0,accepted,0.111804763277936,0.130908364803433,484335.327656193,4976881.05317576,-1.3267432303869,10.081
595,1,0,accepted,0.128598578298253,0.105553835956285,484335.627535769,4976879.87249851,-1.32872167347996,8.362
596,1,0,accepted,0.13977587220339,0.0990583962497579,484335.928688877,4976878.70851128,-1.33040122583577,8.047
597,0,1,acceptedDirectional,0.10890029232181,0.0413794314018545,484336.276158234,4976877.55246208,-1.3329044156596,9.203
598,0,1,acceptedDirectional,0.121168202666249,0.0433367692938853,484336.590210432,4976876.39861811,-1.33384476838236,8.134
599,1,0,accepted,0.21787398973317,0.760201962947811,484336.94160293,4976875.52506325,-1.32261087785761,9.83
600,1,0,accepted,0.203210589837525,0.853811293371187,484337.260144485,4976874.35902934,-1.32266451216647,7.917
601,1,0,accepted,0.208778251869913,0.788183277947407,484337.597910127,4976873.22650567,-1.32535600965575,7.739
602,1,0,accepted,0.187198128658769,0.541459003271605,484337.944964724,4976872.07652624,-1.33132578073335,7.481
603,1,0,accepted,0.130922830281917,0.335382608202562,484338.267480748,4976870.88928556,-1.33676264749796,8.061
604,1,0,accepted,0.0964022345473208,-0.0134941436031109,484338.623762716,4976869.72201104,-1.34495461293428,8.525
605,1,0,accepted,0.0763811502265771,-0.0593511655542705,484338.877758424,4976868.57495417,-1.3474924678443,8.207
606,1,0,accepted,0.062995045443161,-0.0555110349320136,484339.149917852,4976867.40545598,-1.34964395768538,7.797
607,1,0,accepted,0.0804399375753835,-0.158001444757545,484339.421467817,4976866.24248994,-1.35399227292011,8.687
608,1,0,accepted,0.0688629433679883,-0.2200043169336,484339.708435919,4976865.10625148,-1.35760502940198,8.406
609,1,0,accepted,0.0677378962523194,-0.198502009851799,484339.983812784,4976863.9584838,-1.35995816151969,8.601
610,1,0,accepted,0.0670667393251979,-0.0891101083493986,484340.249835931,4976862.8363669,-1.36126950283741,8.248
611,1,0,accepted,0.0858487531828107,-0.204383096033315,484340.514694142,4976861.65515734,-1.36676012841044,8.84
612,1,0,accepted,0.167245817765807,0.0832530963809926,484340.746892767,4976860.51290498,-1.36519681690082,8.918
613,1,0,accepted,0.160261086958126,0.248686626350684,484340.994665577,4976859.39634556,-1.36634132417129,9.539
614,1,0,accepted,0.16959791605347,0.147559004211775,484341.253878606,4976858.25994648,-1.37263558934336,9.39
615,1,0,accepted,0.201596961577641,0.246614233470187,484341.468016538,4976857.1209236,-1.37638450043153,8.667
616,1,0,accepted,0.185619016083765,0.465412517599,484341.73223607,4976855.99951111,-1.37890099942167,8.414
617,1,0,accepted,0.187871851567492,0.264274566702914,484341.972442408,4976854.87459049,-1.38925441334728,9.003
618,1,0,accepted,0.17342545506854,0.434145269070182,484342.185226861,4976853.76522536,-1.39344172199183,8.138
619,1,0,accepted,0.165299641549663,0.553542488034961,484342.391817558,4976852.67389774,-1.39944266409777,8.372
620,1,0,accepted,0.153379894693528,0.645996054238653,484342.621532222,4976851.55566905,-1.40593417219571,8.038
621,1,0,accepted,0.136857489571867,0.577120970776165,484342.867363852,4976850.42053262,-1.41608651207114,8.038
622,1,0,accepted,0.150170747938362,0.775574589823848,484343.035598438,4976849.31558965,-1.42255473488942,7.74
623,1,0,accepted,0.156100963001421,0.843524398403367,484343.220169566,4976848.19277286,-1.43289980496045,7.892
624,1,0,accepted,0.173078063621733,0.640030332791184,484343.389980517,4976847.04458999,-1.44807816313914,7.973
625,1,0,accepted,0.189841229548565,0.700473683571168,484343.540933438,4976845.8995577,-1.45918875177255,8.105
626,0,1,acceptedDirectional,0.174413521839237,-1.02447520084424,484344.007602975,4976844.77183938,-1.50151956739984,12.068
627,0,1,acceptedDirectional,0.149628082799915,-0.71781634170425,484344.108474321,4976843.61959635,-1.50815972775338,9.443
628,0,1,acceptedDirectional,0.11680802798713,0.145955273609253,484344.04722797,4976842.49532965,-1.50512235972071,10.643
629,0,1,acceptedDirectional,0.231307368347581,0.887565612391337,484344.000127054,4976841.36117771,-1.50464417696492,10.627
630,1,0,accepted,0.203936485434104,0.727903364640069,484344.185381311,4976840.50620745,-1.51914139096259,10.405
631,1,0,accepted,0.12053647026673,0.16385856403153,484344.380519167,4976839.31863751,-1.5414917894044,11.119
632,1,0,accepted,0.137278064866616,0.508692988375331,484344.39335016,4976838.19596598,-1.54808137796519,12.889
633,1,0,accepted,0.172281743157486,0.295816453763912,484344.454456605,4976837.1006796,-1.56277974540842,11.165
634,1,0,accepted,0.0937987691832395,0.247105575933315,484344.476897382,4976835.89881302,-1.57495868021617,11.339
635,1,0,accepted,0.107161504034916,0.186698797908321,484344.496767699,4976834.78093574,-1.58622218779828,11.364
636,1,0,accepted,0.112418054380686,0.164288444674443,484344.488919335,4976833.65259246,-1.59610030783761,10.321
637,1,0,accepted,0.0765305613597761,0.0462177948063535,484344.482855087,4976832.48479764,-1.6066271139411,10.897
638,1,0,accepted,0.0308765670923013,-0.306772436646778,484344.498916929,4976831.30268107,-1.62001251784287,11.492
639,1,0,accepted,0.0405188482217256,-0.160647915945352,484344.4248645,4976830.16339025,-1.62360843711276,9.843
640,1,0,accepted,0.0827482792156835,0.0232468988577766,484344.346107453,4976829.0186488,-1.62572540406444,10.999
641,1,0,accepted,0.0884179867635479,0.00712110493007607,484344.298570218,4976827.85368445,-1.63101525962488,13.486
642,1,0,accepted,0.0997666513989884,-0.0209900347499719,484344.246514275,4976826.6956517,-1.63628138713171,10.602
643,1,0,accepted,0.113682055330647,0.203304814692885,484344.174780884,4976825.57290528,-1.63697253410835,11.137
644,1,0,accepted,0.132987066803056,0.0110327293209167,484344.125339702,4976824.36045658,-1.6441841236241,10.648
645,1,0,accepted,0.122642860982732,0.247495538269838,484344.054729422,4976823.23541251,-1.64361742930972,10.788
646,1,0,accepted,0.11434075297119,0.282910846108663,484343.987831134,4976822.10931489,-1.64664823888842,10.765
647,1,0,accepted,0.0989987853860715,0.221284906140665,484343.934134981,4976820.95364969,-1.65120332149743,10.653
648,1,0,accepted,0.131687280084389,0.309217503251701,484343.831807919,4976819.77872123,-1.6526604107157,10.58
649,1,0,accepted,0.0910411461993774,0.271070445345519,484343.781140758,4976818.65903334,-1.65566274567477,11.183
650,1,0,accepted,0.091743119981895,0.24874755298605,484343.697258284,4976817.48552632,-1.65770215754572,11.667
651,1,0,accepted,0.124393590397828,0.250506603156421,484343.597837465,4976816.26353354,-1.65927978221726,9.928
652,1,0,accepted,0.149234175500237,0.198120610083716,484343.505090248,4976815.05870571,-1.66077206454827,10.378
653,1,0,accepted,0.147028302100228,0.18961235406864,484343.406627984,4976813.8802952,-1.6614437012007,10.69
654,1,0,accepted,0.136697603850003,0.182417889964101,484343.311260706,4976812.73655115,-1.66206107518258,10.661
655,1,0,accepted,0.128410014785007,0.192552233061648,484343.217492554,4976811.56970366,-1.66234805075098,11.656
656,1,0,accepted,0.161871702115215,0.245265391877518,484343.111510384,4976810.34147565,-1.66188818618002,11.027
657,1,0,accepted,0.140605041026738,0.203724343101604,484343.021718587,4976809.17934702,-1.66276475135619,10.407
658,1,0,accepted,0.145563124134926,0.240475099892972,484342.927193318,4976807.96634099,-1.66234753274745,13.128
659,1,0,accepted,0.0946539470472707,0.160670808532552,484342.864155771,4976806.82206271,-1.66397538891419,10.852
660,1,0,accepted,0.120785507915451,0.195131843323918,484342.753242233,4976805.59510082,-1.66381176103831,9.925
661,1,0,accepted,0.131021277230962,0.228033680958049,484342.647352227,4976804.3888201,-1.66354172125541,10.076
662,1,0,accepted,0.126048278926812,0.192204606801935,484342.561845517,4976803.17081082,-1.66468970155238,9.851
663,1,0,accepted,0.139797598284452,0.267736024516912,484342.443215158,4976801.96767318,-1.66429125157161,9.317
664,1,0,accepted,0.173187809425967,0.429876865510623,484342.297353406,4976800.77839784,-1.66158578269517,10.784
665,1,0,accepted,0.163027242393482,0.32931351398551,484342.230760715,4976799.51581882,-1.66409220428707,10.141
666,1,0,accepted,0.216263403029168,0.631850879704644,484342.067120901,4976798.29459729,-1.65955075975904,11.198
667,1,0,accepted,0.243708406011366,0.622743531645382,484341.957246036,4976797.04235701,-1.66070338153381,11.132
668,1,0,accepted,0.184266834804571,0.44155879912472,484341.898991714,4976795.86522182,-1.66465731312829,11.658
669,1,0,accepted,0.088943475834403,0.135530337955627,484341.898935832,4976794.66007645,-1.6707402219888,11.702
670,1,0,accepted,0.0175147575877275,-0.0192560491795643,484341.840828287,4976793.48777628,-1.673816762288,11.676
671,1,0,accepted,0.0297405615853969,-0.132899634201463,484341.772267803,4976792.24114102,-1.67620975313063,10.522
672,1,0,accepted,0.0291582999656754,-0.0810263272892988,484341.664286304,4976791.01552783,-1.67604652001908,9.763
673,1,0,accepted,0.0197457003514042,-0.109893305790756,484341.555833593,4976789.80012705,-1.67728060654271,9.97
674,1,0,accepted,0.00954830476833137,-0.12819439866365,484341.43733111,4976788.57664281,-1.67815470499369,9.5
675,1,0,accepted,0.0286998172754204,-0.0567763717540667,484341.298260595,4976787.33448906,-1.67721397115252,10.382
676,1,0,accepted,0.0699089601035655,0.0262319046685193,484341.16389788,4976786.06905966,-1.67617971891175,10.063
677,1,0,accepted,0.0989093826740226,0.023187659722438,484341.038902448,4976784.80914016,-1.67684558794491,10.125
678,1,0,accepted,0.0654882374210171,-0.033967164331866,484340.936790802,4976783.60757039,-1.67857825330422,8.941
679,1,0,accepted,0.0430991126996972,0.0151885767807084,484340.847429222,4976782.35914929,-1.67831018191601,9.841
680,1,0,accepted,0.0227182139616772,0.0458673336049868,484340.741573752,4976781.17010995,-1.67860702587523,11.072
681,1,0,accepted,0.0146942923706691,0.0443087434404678,484340.636917254,4976779.93465291,-1.67884711074338,10.185
682,1,0,accepted,0.0749365120018319,0.153034035387554,484340.561274903,4976778.75247942,-1.67764801845522,10.99
683,1,0,accepted,0.123037474877627,0.00640078017605733,484340.478375553,4976777.54183244,-1.68043500113382,10.504
684,1,0,accepted,0.118604275745569,0.0188515772895646,484340.350788065,4976776.29176879,-1.68063436400441,10.047
685,1,0,accepted,0.166778422258761,0.0759798036975163,484340.216570035,4976775.10138757,-1.67974075903657,9.664
686,1,0,accepted,0.136721101338581,0.11737004621159,484340.087286916,4976773.81627403,-1.67922889398277,9.798
687,1,0,accepted,0.117509625909214,0.101078324025338,484339.968220241,4976772.5693887,-1.67979998711971,9.684
688,1,0,accepted,0.119101601819652,0.112821510471548,484339.822750378,4976771.31965493,-1.67998193663572,9.601
689,1,0,accepted,0.0964191487658941,0.124138123971234,484339.676093661,4976770.04085109,-1.67999207497497,9.66
690,1,0,accepted,0.0624967590980085,0.0960303699206672,484339.53757874,4976768.72997328,-1.68070575772711,10.018
691,1,0,accepted,0.0960511258198869,0.175306313285873,484339.401120448,4976767.50611049,-1.67964808835688,9.751
692,1,0,accepted,0.0698962781202657,0.0841438815778928,484339.29634236,4976766.22660887,-1.68110069375248,9.38
693,1,0,accepted,0.0505382250361505,0.107556079840178,484339.17388798,4976764.94981049,-1.68090718341186,9.626
694,1,0,accepted,0.0820111723902734,0.119058220798096,484339.033695834,4976763.6397175,-1.68127400326726,9.31
695,1,0,accepted,0.123835303586491,0.0968835076038146,484338.910303614,4976762.33059481,-1.68256121318786,8.283
696,1,0,accepted,0.133054665389538,0.114910377726637,484338.780995768,4976761.07285455,-1.68305672738059,7.952
697,1,0,accepted,0.143384025589957,0.170930661801526,484338.652150568,4976759.81092666,-1.68264972016028,8.446
698,1,0,accepted,0.172622615812029,0.0766238697330088,484338.513968053,4976758.54039189,-1.68496329441369,8.483
699,1,0,accepted,0.149605997792279,0.0478432052286288,484338.399110216,4976757.30064358,-1.68624490958616,8.322
700,1,0,accepted,0.20597100196362,0.290145065737265,484338.252914561,4976756.01766613,-1.6829768262575,7.562
701,1,0,accepted,0.213413383833413,0.386054178309576,484338.121898815,4976754.77067607,-1.6820211364143,7.728
702,1,0,accepted,0.205501947965628,0.283667376197182,484338.003488778,4976753.53077812,-1.68466496913717,8.05
703,1,0,accepted,0.252802006957507,0.243477145857394,484337.849313521,4976752.24905292,-1.68576000631724,7.48
704,1,0,accepted,0.26322571257327,0.181336589484874,484337.698427482,4976751.00887269,-1.68807705153487,8.096
705,1,0,accepted,0.145766381829912,0.296859677257573,484337.638545074,4976749.86471274,-1.6863181451435,8.876
706,1,0,accepted,0.0935483243389229,0.288021849566669,484337.521932199,4976748.70111484,-1.6869669689353,9.46
707,1,0,accepted,0.0606880365411263,0.258978517399724,484337.419370482,4976747.52979624,-1.68844435912817,10.316
708,1,0,accepted,0.0901846405259207,0.301132451062224,484337.308697932,4976746.35563835,-1.6886030439462,10.131
709,1,0,accepted,0.170496692626403,0.0670616426820543,484337.268433365,4976745.20030138,-1.69353676346776,8.791
710,1,0,accepted,0.153174077001133,-0.0112824103709964,484337.107559566,4976743.95721414,-1.69630298854438,8.274
711,1,0,accepted,0.0590212365540235,-0.0183240008680498,484336.939013237,4976742.64246853,-1.69823027807344,8.217
712,1,0,accepted,0.0310057022488837,-0.128803671865897,484336.79004288,4976741.31374431,-1.70224836660764,11.128
713,1,0,accepted,0.0528190100037325,-0.0449726062469537,484336.623393874,4976740.17185786,-1.70373256427713,8.925
714,1,0,accepted,0.0881385020787714,-0.0278355363850893,484336.453433158,4976738.84643438,-1.70580416254704,10.051
715,1,0,accepted,0.0537516578086335,-0.198958884619228,484336.340670418,4976737.62352174,-1.71255485348058,11.222
716,1,0,accepted,0.069112248341796,-0.121263437873273,484336.174302753,4976736.39295859,-1.71522113977561,10.794
717,1,0,accepted,0.0478166324124703,0.172614586944505,484336.018903223,4976735.23592222,-1.71478812033542,8.963
718,1,0,accepted,0.0597645456019177,0.159096892218706,484335.861112886,4976733.97833105,-1.72050489620698,9.725
719,1,0,accepted,0.0870547626076198,0.101212021613704,484335.688217287,4976732.72834095,-1.72724132495154,9.055
720,1,0,accepted,0.074080677072059,0.17779655300354,484335.51388544,4976731.57017112,-1.73228083066156,8.594
721,1,0,accepted,0.156604585951604,0.00856388420031242,484335.339042649,4976730.24727532,-1.74122377620798,8.985
722,1,0,accepted,0.17289655468644,0.162947321194079,484335.130467668,4976729.04044904,-1.74438882029595,8.646
723,1,0,accepted,0.141559493544813,0.0940236706443544,484334.962267635,4976727.86152563,-1.75161667636647,10.384
724,1,0,accepted,0.133766822364328,0.199850604790849,484334.776725695,4976726.66670022,-1.75603275416003,9.972
725,1,0,accepted,0.152984292289545,0.353932801427038,484334.553344261,4976725.46733078,-1.76001512285047,10.166
726,1,0,accepted,0.12875051153115,0.382298249688063,484334.362158181,4976724.30567301,-1.76626869960432,9.822
727,1,0,accepted,0.140506472662903,0.306048657501989,484334.114528481,4976723.10767505,-1.77370340004364,9.941
728,1,0,accepted,0.139063603900068,0.361741832034457,484333.880664849,4976721.93380999,-1.77910851495856,10.435
729,1,0,accepted,0.153227844222482,0.372250979562809,484333.626563502,4976720.765919,-1.78534028559128,10.39
730,1,0,accepted,0.0463792967668222,0.217657701176329,484333.461155304,4976719.68502775,-1.792904117395,10.731
731,1,0,accepted,0.0386221529094674,0.283372476121729,484333.227668734,4976718.5475032,-1.79807217001623,10.878
732,1,0,accepted,0.0376094010193081,0.221373301544059,484332.968221386,4976717.36471344,-1.80414853061725,10.281
733,1,0,accepted,0.107116369233937,0.300178968970841,484332.748920979,4976716.29173754,-1.80752450011908,11.037
734,1,0,accepted,0.104174910872968,0.140328935145355,484332.531493677,4976715.12941966,-1.81481948624126,10.931
735,1,0,accepted,0.106666118100168,0.122252727148733,484332.280269862,4976713.97341084,-1.81892900634029,10.415
736,1,0,accepted,0.0718128718300203,0.172472756758617,484331.959317914,4976712.7966329,-1.8216452032492,11.763
737,1,0,accepted,0.0647921031385081,0.073674047341329,484331.687511138,4976711.64630288,-1.82668533916284,11.102
738,1,0,accepted,0.0805824804705698,0.202909795675931,484331.378350794,4976710.51382919,-1.82775862854583,10.797
739,1,0,accepted,0.0674559081086273,0.227277042954238,484331.088265888,4976709.35969075,-1.8303287587359,11.597
740,1,0,accepted,0.0554511776093909,0.369402417815835,484330.796270802,4976708.19267314,-1.83042097394506,13.091
741,1,0,accepted,0.0587875217469705,0.329999060602837,484330.505284524,4976707.04542613,-1.83309716696841,12.485
742,1,0,accepted,0.0531422205589473,0.192156971467212,484330.226761836,4976705.92019386,-1.83742805716946,11.803
743,1,0,accepted,0.0517904742288922,0.327297441837635,484329.939691566,4976704.78688024,-1.83636141627328,12.678
744,1,0,accepted,0.0603978275762597,0.278431091097358,484329.642206648,4976703.66127487,-1.83833041869255,12.639
745,1,0,accepted,0.0554871389998136,0.203428568165121,484329.358391345,4976702.52430763,-1.84083246890735,13.25
746,1,0,accepted,0.0668065582533334,0.161751966391126,484329.067883439,4976701.36338378,-1.8426843790077,12.297
747,1,0,accepted,0.0947214215131147,0.089737336368718,484328.771600845,4976700.22641379,-1.84489035821268,14.189
748,1,0,accepted,0.137184607375985,-0.14203079164603,484328.477061976,4976699.06101779,-1.84958297084776,12.341
749,1,0,accepted,0.0982723582192651,-0.238993331422638,484328.195668008,4976697.99354994,-1.85225620273168,13.269
750,1,0,accepted,0.0723340579974859,-0.0678269105635313,484327.888523635,4976696.95051142,-1.84945178385471,14.221
751,1,0,accepted,0.0638926691778219,0.482390118560512,484327.601518593,4976695.87360952,-1.84040455831161,14.269
752,1,0,accepted,0.0642971329366628,0.4992648125104,484327.310582133,4976694.78438641,-1.84090191065816,12.738
753,1,0,accepted,0.0650325735358456,0.420619449480775,484327.042777584,4976693.72180371,-1.84231037837061,15.23
754,1,0,accepted,0.0633858636978164,0.551142650518496,484326.74151683,4976692.61839069,-1.84098663609877,13.643
755,1,0,accepted,0.071084906507715,0.478250102342664,484326.431045591,4976691.51606039,-1.84250800762605,13.196
756,1,0,accepted,0.0814084080886495,0.490998799192081,484326.14779791,4976690.45659569,-1.84262614499884,11.676
757,1,0,accepted,0.0951202359350578,0.479422009977858,484325.849193101,4976689.38375771,-1.84296858856859,11.787
758,1,0,accepted,0.12458471747332,0.473888338450356,484325.528159798,4976688.30859542,-1.8436046459481,12.195
759,1,0,accepted,0.0603637420455567,0.525284306431377,484325.282260323,4976687.17820392,-1.84220987324668,12.422
760,1,0,accepted,0.105064123628602,0.526190484775568,484324.964517544,4976686.14159211,-1.84073873652979,13.413
761,1,0,accepted,0.104348254904149,0.37869502640244,484324.678493738,4976685.06553742,-1.84193791729097,12.315
762,1,0,accepted,0.112244780263976,0.225396616361536,484324.425930083,4976684.03429171,-1.84161109440477,11.781
763,1,0,accepted,0.144249594402953,0.0914217062446886,484324.149753478,4976683.00663224,-1.84038427540093,12.585
764,1,0,accepted,0.145729369001885,0.00813797905887494,484323.873449982,4976681.96019332,-1.83749930812013,11.484
765,1,0,accepted,0.138248515152015,0.0296683720476951,484323.601130483,4976680.90781318,-1.83262724257522,11.328
766,1,0,accepted,0.149812666274333,0.0864097965879028,484323.313101786,4976679.86682117,-1.82711112496287,11.673
767,1,0,accepted,0.124266445026779,0.0895511578140218,484323.042539759,4976678.80554909,-1.82214430561153,12.056
768,1,0,accepted,0.184114657705146,-0.0302742261350589,484322.769101174,4976677.84681751,-1.81866054912025,10.58
769,1,0,accepted,0.164600328853334,-0.223942846671392,484322.512258326,4976676.78785887,-1.81618884815606,12.478
770,1,0,accepted,0.10264519467207,-0.997041948370155,484322.346615587,4976675.60938859,-1.82241905594361,12.795
771,1,0,accepted,0.108324176919965,-0.483860634818287,484322.208180854,4976674.80088013,-1.80596071107328,16.571
772,1,0,accepted,0.0650422748870416,-0.0958112013792317,484321.959642965,4976673.77467531,-1.79108138735262,18.093
773,1,0,accepted,0.110468910008945,-0.270969348604745,484321.664604434,4976672.76766079,-1.78567628810315,15.788
774,1,0,accepted,0.124715630769837,0.362736455613308,484321.455896944,4976671.79950791,-1.76515771715378,14.957
775,1,0,accepted,0.0655847214114704,0.00227313140660689,484321.341900329,4976670.87998533,-1.76251444191337,15.726
776,1,0,accepted,0.144686895647351,-0.532236617688316,484321.280000406,4976670.08401981,-1.76146679126435,11.301
777,1,0,accepted,0.0521037790822435,-0.140286636247245,484321.070277163,4976669.04705712,-1.74337018025134,10.717
778,1,0,accepted,0.0563110537262255,0.464725976249113,484320.861903264,4976668.0782494,-1.72151443092582,11.646
779,1,0,accepted,0.247814266167694,1.14471436492802,484320.61525285,4976666.97590071,-1.697832282308,17.028
780,1,0,accepted,0.179282689519034,0.744788826547939,484320.512785419,4976666.13475282,-1.69252486263646,14.584
781,1,0,accepted,0.171268624157946,0.872152698330112,484320.41160978,4976665.22475867,-1.67766573029634,13.467
782,1,0,accepted,0.0317514591450066,0.122732206009164,484320.387288453,4976664.46873766,-1.6774115484652,13.196
783,1,0,accepted,0.0585739670462644,-0.0541659522029109,484320.276546601,4976663.543043,-1.66656774559204,12.018
784,1,0,accepted,0.0696078520826724,0.137626742370208,484320.179618303,4976662.68451313,-1.64841687646773,12.053
785,1,0,accepted,0.0765501272259057,-0.0937083354907472,484320.112933213,4976661.80410907,-1.63725357375063,12.568
786,1,0,accepted,0.0715782202210122,0.127893928084616,484320.059446054,4976660.96216262,-1.61779384309586,13.534
787,1,0,accepted,0.027480362559105,0.428793363118493,484320.072587286,4976660.12506333,-1.59562305744861,12.255
788,1,0,accepted,0.0324311282725267,0.476951109904029,484320.034833057,4976659.34588914,-1.57750481945712,11.37
789,1,0,accepted,0.100088760456866,0.798380740812934,484320.014660691,4976658.40705687,-1.55356511138208,13.113
790,1,0,accepted,0.04619466213151,0.547997547998628,484320.001616255,4976657.67735372,-1.53896124100244,12.712
791,1,0,accepted,0.0818329670901477,0.343447254186707,484319.985024266,4976656.89627171,-1.52299636408899,14.668
792,1,0,accepted,0.0802879223763746,0.191882992432192,484320.02067666,4976656.09169135,-1.50541976075252,14.483
793,1,0,accepted,0.0808571339996217,0.107748280720521,484320.068044972,4976655.28573143,-1.48579809036556,12.859
794,1,0,accepted,0.0609255297012488,-0.166113149159454,484320.152974452,4976654.48623671,-1.46905002032306,12.899
795,1,0,accepted,0.0726829237982622,-0.124775578616132,484320.222794659,4976653.68665799,-1.44584041261524,12.321
796,1,0,accepted,0.0775348990062805,0.104322041716979,484320.318557421,4976652.86721339,-1.41903499028405,13.266
797,1,0,accepted,0.0614035533270678,-0.27175384993312,484320.441150359,4976652.10674279,-1.40192105241481,12.823
798,1,0,accepted,0.107668020076992,0.147632033198456,484320.53708568,4976651.27540706,-1.37086145357984,13.419
799,1,0,accepted,0.121627535828416,0.0832188985056256,484320.725287978,4976650.4702925,-1.34789930775195,11.895
800,1,0,accepted,0.0738990188189618,-0.268729245887571,484320.876205791,4976649.76687879,-1.32990630786424,11.935
801,1,0,accepted,0.15659627398825,-0.126154624120615,484321.031080521,4976648.95269731,-1.30376369600523,11.714
802,1,0,accepted,0.147217877370373,-0.0394964003323487,484321.264303085,4976648.23455326,-1.27853641375694,11.851
803,1,0,accepted,0.206580500045268,0.0762459773664081,484321.476646875,4976647.44695607,-1.25260694419862,11.881
804,1,0,accepted,0.263056535561921,0.427622658952787,484321.704206663,4976646.68594819,-1.22317172487234,13.631
805,1,0,accepted,0.326400553343128,0.712705613022949,484321.978812516,4976645.92456856,-1.19466227493241,13.182
806,1,0,accepted,0.342617055925288,0.789824475890703,484322.256959917,4976645.22573954,-1.17013414200474,12.76
807,1,0,accepted,0.188985566575839,1.59051322163239,484322.413209877,4976644.6639445,-1.13303480087768,13.682
808,1,0,accepted,0.224069118347736,1.30802707800465,484322.752230903,4976643.93948997,-1.11495824202683,13.594
809,1,0,accepted,0.248707873464375,1.20578577255871,484323.098283082,4976643.24497073,-1.09442132200872,14.068
810,1,0,accepted,0.220711572248346,0.918319758569455,484323.424253845,4976642.59194226,-1.0765463939708,13.696
811,1,0,accepted,0.217114984797272,1.1749478816322,484323.752692928,4976641.92744382,-1.04950016428405,14.572
812,1,0,accepted,0.17038653183336,0.417877222117231,484324.088884565,4976641.3135913,-1.04040778868856,15.284
813,1,0,accepted,0.117281765850391,0.292059755205655,484324.435622008,4976640.71232615,-1.0202238300513,13.852
814,1,0,accepted,0.0885359280286925,0.314271042267764,484324.826734585,4976640.0981917,-0.997411034706223,14.419
815,0,0,notConverged,0.0886644017341499,0.315437715343754,484325.218311031,4976639.46421402,-0.975096011414939,25.924
816,1,0,accepted,0.127582099954997,0.572587158930291,484325.666761937,4976638.79886469,-0.947849035805104,12.99
817,1,0,accepted,0.0401694374038955,0.324499862836538,484326.035098047,4976638.30111672,-0.930032169256278,12.633
818,1,0,accepted,0.0198271440449357,0.17186698547398,484326.511808409,4976637.69103469,-0.910282735657211,11.58
819,1,0,accepted,0.0547057302864934,0.0564120462194844,484326.965348481,4976637.06325447,-0.889627644071037,11.646
820,1,0,accepted,0.03531937151381,0.120291457394276,484327.412123479,4976636.54614983,-0.866038447587908,12.4
821,1,0,accepted,0.0560967836183249,0.149132124022969,484327.877351576,4976635.96136709,-0.842791590273518,12.521
822,1,0,accepted,0.0340561242339791,0.0425255181980425,484328.399193828,4976635.3851515,-0.821965399546176,13.248
823,1,0,accepted,0.0621173206206799,-0.0807187737331972,484328.894945361,4976634.8053759,-0.800919993454948,13.18
824,1,0,accepted,0.0540687697956602,0.410145554408034,484329.480882555,4976634.22701291,-0.769577542866244,14.391
825,1,0,accepted,0.0552401814714633,0.00937304739798183,484329.974844985,4976633.73547744,-0.753407516430176,12.999
826,1,0,accepted,0.0820433014171498,-0.19724077007846,484330.510954585,4976633.21348545,-0.73415654454365,13.828
827,1,0,accepted,0.101736431897369,0.0259764914595475,484331.064492879,4976632.70348713,-0.707170779353035,13.361
828,1,0,coarseRetainedByTrustRadius,0.181222370351156,-0.0857574233901577,484331.588924453,4976632.27196607,-0.686035733566243,14.969
829,1,0,coarseRetainedByTrustRadius,0.310030976158815,-0.193220488926702,484332.053820742,4976631.81207593,-0.665281874826136,15.97
830,1,0,coarseRetainedByTrustRadius,0.207455421006134,-0.171055724886,484332.725869632,4976631.2308699,-0.642393341337357,14.465
831,1,0,coarseRetainedByTrustRadius,0.234710915911375,-0.328876153373993,484333.340337804,4976630.82385994,-0.622760447320478,13.949
832,1,0,coarseRetainedByTrustRadius,0.177601247014191,0.245324529743341,484333.994287546,4976630.21701851,-0.589954950381035,14.908
833,1,0,coarseRetainedByTrustRadius,0.110364368528326,0.0930368195802425,484334.710990007,4976629.82000174,-0.570312461509829,14.623
834,1,0,coarseRetainedByTrustRadius,0.10238519073709,-0.136947524493078,484335.372298109,4976629.37474783,-0.552350073526115,15.078
835,1,0,coarseRetainedByTrustRadius,0.138372116397637,-0.0918911712691964,484335.995224488,4976628.90967878,-0.529604721277512,15.418
836,1,0,coarseRetainedByTrustRadius,0.129434623386345,-0.315034062276877,484336.698650529,4976628.5295416,-0.511434241600721,18.931
837,1,0,coarseRetainedByTrustRadius,0.0251289672490806,-0.0963006484382996,484337.484378028,4976628.11353093,-0.486117924003354,19.008
838,1,0,coarseRetainedByTrustRadius,0.0423174407990319,-0.0379148789536649,484338.153825393,4976627.7305403,-0.463527010991476,16.862
839,1,0,accepted,0.1335133027981,0.184013325939832,484339.010541045,4976627.26902114,-0.43823626478325,14.163
840,1,0,accepted,0.0474039789058561,-0.326170059852639,484339.603640269,4976627.00470863,-0.426055266190689,13.717
841,1,0,accepted,0.0861797624586589,-0.476369249036762,484340.280557644,4976626.68245732,-0.408163430978392,13.117
842,1,0,accepted,0.0559349872842119,-0.297940761742615,484341.054083901,4976626.3263206,-0.385473423556977,13.473
843,1,0,accepted,0.0553027518740673,-0.286654312720618,484341.775088629,4976626.00457347,-0.366197058329323,16.236
844,1,0,coarseRetainedByTrustRadius,0.157370257809075,0.0851289093187052,484342.693982764,4976625.63523101,-0.341073830963817,12.578
845,1,0,coarseRetainedByTrustRadius,0.149801583645538,0.215744507787576,484343.443352906,4976625.3488596,-0.320851731639663,11.05
846,1,0,coarseRetainedByTrustRadius,0.182631678063235,0.192609732512657,484344.248348844,4976625.08161201,-0.303657523825013,10.385
847,1,0,coarseRetainedByTrustRadius,0.201923978030665,0.374619192819207,484345.047559891,4976624.79429992,-0.283624442206832,14.022
848,1,0,coarseRetainedByTrustRadius,0.233162716614247,0.364662756894239,484345.888725325,4976624.54877302,-0.267555213409385,11.494
849,1,0,coarseRetainedByTrustRadius,0.176502186787244,0.341661215307351,484346.65917344,4976624.34274593,-0.252466084730097,12.125
850,1,0,coarseRetainedByTrustRadius,0.195683409130819,0.364160581842074,484347.484716107,4976624.15439067,-0.237953276397218,12.083
851,1,0,accepted,0.139751127489467,0.0717258695193913,484348.262138741,4976623.94337475,-0.2291538821684,12.465
852,1,0,accepted,0.162372357886239,0.0146304866882698,484349.129690019,4976623.74410895,-0.217228368939503,14.43
853,1,0,accepted,0.153003969988589,-0.0627669005702794,484349.965886286,4976623.58206807,-0.206939365129278,12.043
854,1,0,accepted,0.177095674385396,0.047515971614327,484350.857641267,4976623.38345396,-0.193986496570347,13.516
855,1,0,accepted,0.208985115152715,-0.0131122709977195,484351.753106016,4976623.19754231,-0.18502186752555,12.813
856,1,0,accepted,0.0765075835867763,0.417808314196138,484352.493614513,4976623.04393201,-0.168573154591212,12.927
857,1,0,accepted,0.0822650458817155,0.497657143703612,484353.365046489,4976622.91175904,-0.158865089487793,14.336
858,1,0,accepted,0.0622323922322551,0.419532244953598,484354.265320946,4976622.77536753,-0.15262080455213,11.321
859,1,0,accepted,0.0734270048027981,0.364566426268423,484355.204177054,4976622.64481974,-0.146158734555051,12.236
860,1,0,accepted,0.0563428586634482,0.0903686568925541,484356.102469154,4976622.55263793,-0.144064114735886,14.189
861,1,0,accepted,0.0577551716354389,0.0519056685318227,484357.02687045,4976622.45379537,-0.137518323509748,12.271
862,1,0,accepted,0.0330682277448454,0.0739271953481899,484357.948320034,4976622.33352759,-0.130109068873908,12.214
863,1,0,accepted,0.0137788716766913,0.206189039627398,484358.883194619,4976622.19559664,-0.122011072329744,13.304
864,1,0,accepted,0.0133006496320391,0.101017258225324,484359.810707168,4976622.11320665,-0.118908112489429,13.046
865,1,0,accepted,0.0785176083178105,0.344292745563492,484360.736714469,4976621.96841528,-0.110176492053084,12.88
866,1,0,accepted,0.0953028584467273,0.261063960537752,484361.677087632,4976621.87713088,-0.10713842278355,11.438
867,1,0,accepted,0.104783607230398,0.103317448171135,484362.646794583,4976621.78341105,-0.104987818672809,11
868,1,0,accepted,0.122072174085803,0.00319815328324741,484363.618117567,4976621.68192214,-0.102310233013824,10.976
869,1,0,accepted,0.147668691681631,0.0870843294796449,484364.596377596,4976621.58038014,-0.0963396968094698,10.611
870,1,0,accepted,0.160975718548541,0.0718512190151073,484365.538787339,4976621.51353715,-0.0920944790203264,10.615
871,1,0,accepted,0.144721894896861,0.152337082267915,484366.553224642,4976621.45254499,-0.0863927212257911,10.231
872,1,0,accepted,0.209539999189619,0.766685577104197,484367.488743622,4976621.35095849,-0.0712632838394597,11.356
873,1,0,accepted,0.174918868353922,0.670736237850105,484368.535898382,4976621.30209419,-0.0683674365109714,11.209
874,1,0,accepted,0.19384919652757,0.497195535902144,484369.485558657,4976621.26609456,-0.0673236933934145,12.131
875,1,0,accepted,0.186978812439679,0.333421160380073,484370.512318402,4976621.21124374,-0.0658184380131427,12.291
876,1,0,accepted,0.184470442089306,0.203016506423113,484371.547502742,4976621.14608806,-0.0636273017635356,12.29
877,1,0,accepted,0.216951800726021,0.260693298810755,484372.554760038,4976621.06991987,-0.0583611436568182,12.724
878,1,0,accepted,0.203667604387297,0.334116899531012,484373.566785542,4976621.02966951,-0.0525069973053242,13.024
879,1,0,accepted,0.228218202404659,0.593062746673439,484374.561911466,4976620.96371047,-0.0434655775675895,11.779
880,1,0,accepted,0.213781961806603,0.835862355677082,484375.597884382,4976620.92731063,-0.0347136671449893,10.699
881,1,0,accepted,0.2036150483857,0.724489164720834,484376.593592157,4976620.90850076,-0.031545724446609,10.309
882,1,0,accepted,0.189236393021149,0.464997735756466,484377.664452749,4976620.87360314,-0.0300235735114368,11.584
883,1,0,accepted,0.17060108631654,0.0324628851332546,484378.725044525,4976620.85919196,-0.0314577805276471,11.153
884,1,0,accepted,0.17221615830171,0.129954418265899,484379.771805073,4976620.83853468,-0.0234999644530355,11.215
885,1,0,accepted,0.200453768205601,-0.0683146404316853,484380.824568658,4976620.79795238,-0.0207736078489868,11.636
886,1,0,accepted,0.168497824114829,0.298992881012302,484381.841655112,4976620.81975883,-0.00806364239069459,10.477
887,1,0,accepted,0.18311742729711,0.21833785915268,484382.90892869,4976620.81202484,-0.00338896908173845,11.484
888,1,0,accepted,0.174471738181635,0.283392693146718,484383.951467725,4976620.82382462,0.00402996503883283,11.47
889,1,0,accepted,0.194369600944816,0.0896886950741738,484385.017174153,4976620.83052169,0.00620762382387004,11.118
890,1,0,accepted,0.18821871829532,0.391541438434986,484386.060340662,4976620.85797748,0.0175520242054917,11.465
891,1,0,accepted,0.152132043081761,0.713309518230067,484387.027196866,4976620.8965176,0.0293939557522865,10.855
892,0,1,acceptedDirectional,0.0858280975143503,0.215771136420764,484388.080033455,4976620.99349398,0.0265914421484799,9.539
893,0,1,acceptedDirectional,0.127943293780446,0.521726524405095,484389.141634581,4976620.98851323,0.0376115722100073,9.459
894,0,1,acceptedDirectional,0.152323362024817,0.650007667212274,484390.203077302,4976621.00743333,0.045234689011182,8.98
895,1,0,accepted,0.265047779027505,0.734474701325884,484391.010769263,4976621.09381796,0.0523666061719271,8.909
896,1,0,accepted,0.248575467827211,0.755707791753876,484392.069314212,4976621.17623968,0.0580530022218969,9.217
897,1,0,accepted,0.180459058581492,0.612090541554105,484393.185962116,4976621.27956791,0.0608509442792605,8.933
898,1,0,accepted,0.233759881116716,0.613729946336794,484394.19803961,4976621.32040549,0.0661989722469002,9.962
899,1,0,accepted,0.219330538409264,0.262704218659513,484395.26215526,4976621.45566862,0.0651617070807374,9.594
900,1,0,accepted,0.19631130306239,0.343967830699641,484396.349378783,4976621.54102804,0.0722126470812206,10.044
901,1,0,accepted,0.288406552064446,0.640398630016182,484397.33743685,4976621.59356035,0.0825266938163448,10.33
902,1,0,accepted,0.102157394873128,0.254394356451639,484398.567030338,4976621.76140818,0.0809621999104998,10.894
903,1,0,accepted,0.0619881031156921,-0.0683391708972531,484399.679262425,4976621.87568232,0.0809135387166982,10.916
904,1,0,accepted,0.071967255673483,-0.0849265536099912,484400.737845024,4976621.98679623,0.0852257645081694,10.069
905,1,0,accepted,0.0101690217806044,-0.0988138465526147,484401.887895723,4976622.0887966,0.088495769655179,9.98
906,1,0,accepted,0.0647780415929393,-0.212017937001292,484403.020406721,4976622.21444689,0.0889297292050356,10.437
907,1,0,accepted,0.125800175901829,-0.258745787358756,484404.155565913,4976622.33835598,0.0886863243981768,9.72
908,1,0,accepted,0.0717376681336799,-0.0337309049666171,484405.190683526,4976622.43742431,0.0920044472049479,10.347
909,1,0,accepted,0.109173251890972,-0.0173561473345676,484406.292355412,4976622.54499884,0.0911755414519265,9.901
910,1,0,accepted,0.132268572270911,-0.00317085095109284,484407.396253834,4976622.66420413,0.0906577188070603,10.9
911,1,0,accepted,0.123218388144288,-0.0558825893024583,484408.472781951,4976622.78721441,0.0887808648799078,10.224
912,1,0,accepted,0.107823899824453,-0.0154509489163261,484409.540088726,4976622.88186914,0.089055484630031,9.467
913,1,0,accepted,0.0822115043084936,0.180823096390645,484410.594892177,4976622.98870793,0.0923153585976896,10.67
914,1,0,accepted,0.0852624262201309,0.155397925910116,484411.703148634,4976623.11521562,0.0922593972698797,10.703
915,1,0,accepted,0.116892092902887,0.165016738440726,484412.820226127,4976623.2210463,0.0929868884914794,9.218
916,1,0,accepted,0.11357344733074,0.181474617562544,484413.920282797,4976623.34254205,0.093989181361376,10.468
917,1,0,accepted,0.148065537678863,0.196207994210512,484415.046496156,4976623.44159455,0.0948172081171782,10.34
918,1,0,accepted,0.132935841592173,0.0637479511113712,484416.136503445,4976623.56616008,0.0929281235092557,10.813
919,1,0,accepted,0.135042207593287,0.121436839595286,484417.234860026,4976623.67434483,0.0944891906429489,10.514
920,1,0,accepted,0.132946810746693,0.216539970941145,484418.333392999,4976623.7952215,0.0968182965484451,11.265
921,1,0,accepted,0.136732800344951,0.141597549003663,484419.457959576,4976623.92202467,0.0962092782766984,10.889
922,1,0,accepted,0.0259477293248834,-0.164377532063903,484420.457249795,4976624.12763083,0.0913452065007777,8.854
923,1,0,accepted,0.0729362912262645,-0.058185150169622,484421.551243907,4976624.21695232,0.0938714424485465,8.173
924,1,0,accepted,0.0658535612520501,-0.0883753201036231,484422.663565135,4976624.35796909,0.0937885676999113,9.01
925,1,0,accepted,0.0507017000965568,0.0860949834784381,484423.829683445,4976624.50120038,0.0974069023445629,9.558
926,1,0,accepted,0.119964650885743,0.155503631377328,484424.823852934,4976624.65463137,0.0988410602845269,9.671
927,1,0,accepted,0.0423136433162702,0.12882209403094,484426.035297323,4976624.77901785,0.0990587589428414,9.702
928,1,0,accepted,0.0566177028155264,0.16498898817838,484427.14433193,4976624.90687704,0.100105817653107,10.352
929,1,0,accepted,0.0699743311912072,0.187453406691376,484428.272316881,4976625.02756777,0.10108180378609,9.796
930,1,0,accepted,0.0897562120953876,0.240708344088493,484429.407898714,4976625.14244913,0.102438690665239,9.579
931,1,0,accepted,0.121418687477703,0.419539277497209,484430.559221996,4976625.24448249,0.106153524623232,10.929
932,1,0,accepted,0.159216805859368,0.548981573322727,484431.677261147,4976625.34924071,0.108962599492325,9.917
933,1,0,accepted,0.179897335299685,0.601723578822043,484432.892467117,4976625.46725055,0.110427894919194,9.693
934,1,0,accepted,0.14678501767064,0.3035386180029,484434.05936372,4976625.64970482,0.106137141691196,12.526
935,1,0,accepted,0.146633753950009,0.355440802909285,484435.145951335,4976625.77831566,0.107422859837716,10.341
936,1,0,accepted,0.12972215477793,0.374050044003519,484436.300387188,4976625.93973162,0.108237103528319,10.267
937,1,0,accepted,0.123335528182239,0.311366340676789,484437.479090543,4976626.10096949,0.107143097195963,10.289
938,1,0,accepted,0.154429028546796,0.305341980527739,484438.688800845,4976626.24649339,0.106901263440587,9.458
939,1,0,accepted,0.204225152489559,0.24831803991838,484439.911302873,4976626.39178866,0.106032024127806,9.92
940,1,0,accepted,0.240964036083222,0.399870822364545,484441.099266741,4976626.53136131,0.108734996141369,10.373
941,1,0,accepted,0.162496381873237,0.468510565440097,484442.172365282,4976626.68987751,0.109933377189515,10.734
942,1,0,accepted,0.179366012086108,0.236343112425922,484443.360511044,4976626.85035431,0.106119368058346,11.035
943,1,0,accepted,0.165253621319722,0.216231430040123,484444.503006387,4976626.99147876,0.105882772892618,10.299
944,1,0,accepted,0.112738066104026,0.301658046050988,484445.607622162,4976627.13810344,0.107200075153108,11.312
945,1,0,accepted,0.0929015509343826,0.278347252295822,484446.751456551,4976627.2877526,0.107201411979772,10.991
946,1,0,accepted,0.109415472426679,0.231524803455418,484447.942506344,4976627.43684268,0.106886427764298,10.01
947,1,0,accepted,0.11050062281369,0.192045174576984,484449.109947454,4976627.57502881,0.106466311248966,9.222
948,1,0,accepted,0.130863151235851,0.323841041590955,484450.275021224,4976627.68939622,0.108986859196832,9.317
949,1,0,accepted,0.17559441993721,0.325304309337635,484451.488501386,4976627.80436533,0.109097568647013,9.389
950,1,0,accepted,0.185027294516289,0.273870687430888,484452.666231125,4976627.93797876,0.108713784284182,9.145
951,1,0,accepted,0.191822592465503,0.139773604376029,484453.832516272,4976628.06037975,0.106883247144714,9.203
952,1,0,accepted,0.181758543629947,0.0946999944821406,484454.999320834,4976628.20410099,0.106350891815687,8.922
953,1,0,accepted,0.186517342142408,0.165208051524912,484456.174851829,4976628.34325712,0.107333396838281,9.769
954,1,0,accepted,0.186696027202811,0.142526630174961,484457.334765378,4976628.47748629,0.106561366014446,9.861
955,1,0,accepted,0.146304393467682,0.12144287270038,484458.429888212,4976628.63848385,0.106397926572907,10.06
956,1,0,accepted,0.152472412065721,0.171145569168262,484459.645510703,4976628.78683494,0.107668954632896,10.368
957,1,0,accepted,0.164792919179676,0.275330091612499,484460.780915921,4976628.91854719,0.109830959254477,9.689
958,1,0,accepted,0.163333284021005,0.360518566007798,484461.966511059,4976629.07341979,0.111541833135414,9.503
959,1,0,accepted,0.176834707797033,0.377337560190376,484463.119159078,4976629.22391068,0.11211625588563,9.071
960,1,0,accepted,0.152150911836452,0.347045415433641,484464.320252269,4976629.39907391,0.111876713621988,9.107
961,1,0,accepted,0.133237965880538,0.308635687222826,484465.516808342,4976629.56796892,0.111249066182632,8.876
962,1,0,accepted,0.126650851075029,0.254942257254894,484466.747798162,4976629.7281763,0.111162248011153,8.97
963,1,0,accepted,0.143157169124553,0.256702272771309,484467.960602415,4976629.86952307,0.111511470523286,8.496
964,1,0,accepted,0.158223703189822,0.33745169183617,484469.173552985,4976630.01627446,0.113245184878163,8.66
965,1,0,accepted,0.0840249947674298,0.227891640765777,484470.231421947,4976630.25883904,0.112060406754636,10.279
966,1,0,accepted,0.108182936830871,0.0480084353214501,484471.378635303,4976630.45363851,0.109545941292604,9.04
967,1,0,accepted,0.0766879580268755,-0.027662903798721,484472.60210136,4976630.61868533,0.108586013683568,9.275
968,1,0,accepted,0.0101820610642615,-0.0186190467772193,484473.850823561,4976630.78584727,0.109032008168997,8.824
969,1,0,accepted,0.0283207600526649,0.317458369381421,484475.01356666,4976630.92491485,0.11519688490207,9.669
970,1,0,accepted,0.010231346979655,0.150645784557008,484476.238796541,4976631.08962642,0.11253998950706,8.377
971,1,0,accepted,0.0331228399510119,0.354428800385722,484477.440737026,4976631.22186141,0.115976889942046,11.272
972,1,0,accepted,0.0392931780770905,0.241187740406294,484478.633429586,4976631.37541753,0.113998107987922,9.514
973,1,0,accepted,0.036839208229732,0.283213138857616,484479.803241136,4976631.52899049,0.114308259541212,9.012
974,1,0,accepted,0.0408131759230391,0.275155340007677,484481.010178761,4976631.69132557,0.113998094522041,9.473
975,1,0,accepted,0.0384506142508943,0.276180051426278,484482.18961315,4976631.85043373,0.11368312755913,8.736
976,1,0,accepted,0.0753465290445356,0.459464571293819,484483.295980916,4976631.99557976,0.116360872669527,8.599
977,1,0,accepted,0.0400751101054186,0.351484659869351,484484.530464631,4976632.16131527,0.113678359889795,9.041
978,1,0,accepted,0.0483019959492788,0.566457245875647,484485.683694561,4976632.34588253,0.116704659832118,11.879
979,1,0,accepted,0.0521952936946702,0.405291112421878,484486.908559968,4976632.47024571,0.113058727650286,8.488
980,1,0,accepted,0.0536624473318249,0.423414027028088,484488.113895657,4976632.62962965,0.112265676583884,9.4
981,1,0,accepted,0.0543215060128229,0.296710765899957,484489.320334684,4976632.78436007,0.109012398731856,9.509
982,1,0,accepted,0.0397773833457249,0.433472109174308,484490.4828027,4976632.95832676,0.112741533868434,9.422
983,1,0,accepted,0.141178409129463,-0.170646970241241,484491.604045372,4976633.25497684,0.101674438964589,10.647
984,1,0,accepted,0.0610414514996988,0.0237201002197105,484492.875416971,4976633.35537401,0.102988328363394,8.987
985,1,0,accepted,0.0598112031569572,-0.0595384767189833,484494.095908639,4976633.51526965,0.102232533389805,8.996
986,1,0,accepted,0.0484474975873306,-0.0728731615872148,484495.275485802,4976633.65902749,0.101423875131338,9.261
987,1,0,accepted,0.0260539544315574,0.00773111855291129,484496.456772929,4976633.78989661,0.102002688626441,9.734
988,1,0,accepted,0.0298829973533263,0.353525770997281,484497.662481465,4976633.90995227,0.107429652754438,10.18
989,1,0,accepted,0.047961905181235,0.496792709770804,484498.860476505,4976634.05445228,0.110115239249932,10.039
990,1,0,accepted,0.0617464141320701,0.524360759193591,484500.047951221,4976634.18894485,0.109911061032367,10.332
991,1,0,accepted,0.0824234857696344,0.588786859093677,484501.238097703,4976634.31897556,0.110893868465551,9.91
992,1,0,accepted,0.0833621611250444,0.557442469503082,484502.41461477,4976634.4614598,0.110010856611172,10.495
993,1,0,accepted,0.0859581866606924,0.294123584484871,484503.563717661,4976634.59517501,0.104792061428762,8.986
994,1,0,accepted,0.11512028812018,0.347203403665691,484504.755859526,4976634.71698638,0.105188683669613,8.889
995,1,0,accepted,0.136769725512613,0.481009357949984,484505.926507772,4976634.84512957,0.107325612145236,9.002
996,1,0,accepted,0.106240368072323,0.397930847075864,484507.088676992,4976635.02370218,0.105812017872454,9.363
997,1,0,accepted,0.123091472836595,0.473749863160226,484508.249141368,4976635.1468855,0.106727737082258,9.583
998,1,0,accepted,0.119800931557476,0.408863124370669,484509.404198319,4976635.29207526,0.105090155337087,9.727
999,1,0,accepted,0.0975547968554061,0.283951342825963,484510.503153382,4976635.45613645,0.102975450775714,9.958
1000,1,0,accepted,0.136722130913125,0.327012591154934,484511.591926915,4976635.59637147,0.10307956812991,10.408
1001,1,0,accepted,0.140152200358643,0.132332544343745,484512.695650753,4976635.82552423,0.0995041562814941,13.632
1002,1,0,accepted,0.150580659313641,0.266793054363375,484513.85294449,4976635.91708075,0.101787417702,9.109
1003,1,0,accepted,0.148107133371125,0.365429984642998,484515.01367757,4976636.0489401,0.103090101964549,9.612
1004,1,0,accepted,0.134948575771365,0.372799627812261,484516.189622503,4976636.17870256,0.103563818693949,9.828
1005,1,0,accepted,0.119378222658312,0.322074388056265,484517.344756652,4976636.3385048,0.103257225890087,9.88
1006,1,0,accepted,0.110261286009526,0.316853705089591,484518.50892676,4976636.47716136,0.103464522755614,9.391
1007,1,0,accepted,0.113553212794348,0.375505933891637,484519.685679787,4976636.59566601,0.105150547615821,9.355
1008,1,0,accepted,0.0903056514729653,0.264124377114995,484520.81850899,4976636.75881674,0.103668359849182,8.775
1009,1,0,accepted,0.0891898205958165,0.337996221648071,484521.995973731,4976636.89109488,0.105268202572293,9.582
1010,1,0,accepted,0.12628868595038,0.416510273272859,484523.182302977,4976637.01082665,0.107030538439024,8.908
1011,1,0,accepted,0.179898408096339,0.25815805969433,484524.395108305,4976637.15529051,0.104265678275803,9.234
1012,1,0,accepted,0.140037569044159,0.221074213267172,484525.482179679,4976637.30344256,0.103168778538437,9.027
1013,1,0,accepted,0.130870957058412,0.0584639424872528,484526.599452139,4976637.45022608,0.101431780268591,9.641
1014,1,0,accepted,0.162761387600801,0.0596878220736921,484527.762741312,4976637.58864905,0.101380009101839,10.324
1015,1,0,accepted,0.153673467953315,0.0482558058661722,484528.873913263,4976637.72764851,0.101466361543082,10.764
1016,1,0,accepted,0.169797251852582,-0.0925333286533975,484530.002187249,4976637.85023031,0.0993432377187408,10.771
1017,1,0,accepted,0.207658583677451,-0.0464667045187536,484531.147886175,4976637.95892672,0.100376508637851,10.945
1018,1,0,accepted,0.203347893535347,-0.0317548057769641,484532.264053741,4976638.0942038,0.100667577511204,11.721
1019,1,0,accepted,0.205105222603278,0.14123810614768,484533.387259172,4976638.22240291,0.104504170157945,13.362
1020,1,0,accepted,0.221871511883232,0.199647566517858,484534.536145933,4976638.35697675,0.106739674683409,12.601
1021,1,0,accepted,0.259629319443815,0.0123813446170955,484535.658589068,4976638.45704246,0.104841751856555,12.151
1022,1,0,accepted,0.249305320822315,0.00324414462111944,484536.758694437,4976638.59378757,0.105871677393184,9.801
1023,1,0,accepted,0.226000141426043,0.328314429732481,484537.865000399,4976638.75457098,0.112292498420035,12.034
1024,1,0,accepted,0.227244220889637,0.177272366620221,484538.968089965,4976638.88554409,0.110637231325184,11.693
1025,1,0,accepted,0.208057768337707,0.234033073226948,484540.079000607,4976639.04487721,0.112598529045087,11.48
1026,1,0,accepted,0.162381479477769,0.286829221957556,484541.150062695,4976639.22164826,0.114319049112499,9.947
1027,1,0,accepted,0.121682430201709,0.239833663649436,484542.116534474,4976639.46944343,0.11460060025987,12.525
1028,1,0,accepted,0.130071147277751,-0.0159498705661782,484543.206355195,4976639.66129384,0.111232092373245,11.928
1029,1,0,accepted,0.0745049836216991,-0.172173240332071,484544.372182803,4976639.86438729,0.10864783883444,12.489
1030,1,0,accepted,0.0828084308341107,-0.496494308797051,484545.485727391,4976640.04487682,0.104877352909767,11.339
1031,1,0,accepted,0.0846160256956136,-0.74852785230168,484546.626106494,4976640.2402327,0.100981498255054,10.73
1032,1,0,accepted,0.084715986649972,-0.413637554986786,484547.702723572,4976640.35481549,0.107539397512927,10.455
1033,1,0,accepted,0.0579496632650936,-0.224752203476245,484548.845812158,4976640.47316021,0.111587759256835,10.26
1034,1,0,accepted,0.0814907619100774,-0.0917031116324723,484549.920217794,4976640.6551442,0.114751872240447,9.217
1035,1,0,accepted,0.129142893414686,-0.204057992021433,484550.986070721,4976640.83247316,0.113756259076242,9.355
1036,1,0,accepted,0.111096029998078,-0.161341587869836,484552.151938331,4976640.97626761,0.115977189862839,8.759
1037,1,0,accepted,0.103970466619121,-0.0825420160188815,484553.293806395,4976641.1334131,0.119051432667338,8.913
1038,1,0,accepted,0.0997954960366575,-0.16352109802864,484554.420302974,4976641.29531741,0.119287653261422,7.621
1039,1,0,accepted,0.057669938050039,-0.248465238053561,484555.584271763,4976641.44436093,0.119512302192897,8.322
1040,1,0,accepted,0.0909578940439696,-0.254678571283539,484556.767343348,4976641.58934003,0.120835234176203,9.681
1041,1,0,accepted,0.0796353733486362,-0.153571906723358,484557.882052742,4976641.72956502,0.12337401762785,9.648
1042,1,0,accepted,0.129555516747499,-0.168955339840705,484559.058245788,4976641.88869839,0.123364767263512,9.434
1043,1,0,accepted,0.166309313139564,-0.163422499378569,484560.217879122,4976642.0178206,0.123207926146831,10.286
1044,1,0,accepted,0.145857093784847,-0.00593612628943082,484561.330972977,4976642.17296376,0.125503378011767,9.819
1045,1,0,accepted,0.193391218361598,0.00384785804491178,484562.510118662,4976642.33917181,0.125822302126395,9.292
1046,1,0,accepted,0.188306324295186,-0.0392880914556494,484563.632418514,4976642.47340556,0.125245954957706,9.125
1047,1,0,accepted,0.176399460539924,-0.0420277202391827,484564.760642906,4976642.62641264,0.125661681053032,8.567
1048,1,0,accepted,0.0604923270644957,0.00654116644428711,484565.786543842,4976642.82118346,0.127200772063718,9.635
1049,1,0,accepted,0.047108672358204,0.0527397128424687,484566.917803688,4976642.97409119,0.128689006080807,10.072
1050,1,0,accepted,0.0272615615228131,0.0983422506155269,484568.02900789,4976643.1340256,0.130332157122402,10.541
1051,1,0,accepted,0.0342364223117195,0.165303970122069,484569.162144217,4976643.29988322,0.131523624245019,10.326
1052,1,0,accepted,0.0571733071401499,0.109062722091538,484570.289497963,4976643.48964167,0.130891334194842,10.138
1053,1,0,accepted,0.147533320182869,0.117317071049984,484571.335010665,4976643.6763773,0.131010405158376,9.99
1054,1,0,accepted,0.156192157885456,0.351993074496642,484572.488566222,4976643.80654409,0.134774216915232,9.694
1055,1,0,accepted,0.120491653405702,0.0152213762420922,484573.678225447,4976644.02812924,0.128843982521903,9.523
1056,1,0,accepted,0.121737230048765,0.376235073967504,484574.854426826,4976644.13376334,0.134980806996379,10.588
1057,1,0,accepted,0.0953060885758906,0.180640950342177,484576.047815944,4976644.32947844,0.131086353609794,9.331
1058,1,0,accepted,0.0395852065367895,-0.118403963364167,484577.259995412,4976644.5103895,0.125731373617322,9.824
1059,1,0,accepted,0.0272293787118369,-0.163144971702073,484578.474576387,4976644.7233082,0.12489922381814,10.198
1060,1,0,accepted,0.0339934502218129,-0.14153113827503,484579.661232488,4976644.88916595,0.124935470323272,9.241
1061,1,0,accepted,0.0722159855834996,-0.494740163664522,484580.8507148,4976645.09422501,0.118651821748661,10.436
1062,1,0,accepted,0.0671223496592571,-0.171783936310948,484582.036007279,4976645.25575783,0.124382393429397,10.449
1063,1,0,accepted,0.0824708204759374,-0.224396094420499,484583.227777141,4976645.43223167,0.123024534164572,10.268
1064,1,0,accepted,0.0760189758289098,-0.191746160600005,484584.413245812,4976645.586833,0.123734307142282,10.447
1065,1,0,accepted,0.097826537654776,0.037922951344969,484585.636471296,4976645.76229893,0.12748519745782,9.809
1066,1,0,accepted,0.0865193624293362,0.0277099119814984,484586.787761488,4976645.93996846,0.127137116625595,10.755
1067,1,0,accepted,0.0985292005935213,0.00387117450528275,484587.999114708,4976646.09689025,0.126610989443746,10.534
1068,1,0,accepted,0.0895944436845504,0.159462147035776,484589.181827531,4976646.27235428,0.129133684973382,11.654
1069,1,0,accepted,0.0826916106837452,0.0816090689442897,484590.382691203,4976646.41371656,0.127549598788374,10.178
1070,1,0,accepted,0.104676863647936,0.0786762913611569,484591.593882411,4976646.56980325,0.12761795378319,10.321
1071,1,0,accepted,0.0865109007552294,0.120916474072871,484592.776709654,4976646.74100437,0.128630458730487,10.235
1072,1,0,accepted,0.100988357527901,-0.00133165581607768,484593.97778393,4976646.89174697,0.126842972710797,10.861
1073,1,0,accepted,0.0257875836779633,0.0612109023169577,484595.106069252,4976647.10239417,0.128352968636031,11.042
1074,1,0,accepted,0.00834560702750327,0.129980193908526,484596.291231783,4976647.28645188,0.130199254760139,10.842
1075,1,0,accepted,0.00190890478928548,0.121847795928659,484597.489635053,4976647.47362844,0.130302353525422,11.971
1076,1,0,accepted,0.0264464365189533,0.152275517288283,484598.672160706,4976647.63696866,0.131116869978195,10.973
1077,1,0,accepted,0.0448869496481547,0.0866932133076688,484599.862594211,4976647.84533318,0.130590223491966,10.882
1078,1,0,accepted,0.060828964610339,0.0445661146983225,484601.04470674,4976648.03302133,0.130370657214892,12.147
1079,1,0,accepted,0.0352314863961935,-0.00610484101470126,484602.267703944,4976648.22069333,0.129987678793352,12.612
1080,1,0,accepted,0.052059654753338,-0.0205330131327718,484603.465809165,4976648.39383429,0.130076996192142,11.639
1081,1,0,accepted,0.0654905401720828,0.0399756374331044,484604.695939735,4976648.5625493,0.132085071658834,10.829
1082,1,0,accepted,0.0844916963578811,0.0842870204631702,484605.919952517,4976648.74151796,0.133141390782832,10.657
1083,1,0,accepted,0.118570858879098,0.130225261970051,484607.157034085,4976648.91582792,0.134437581657894,10.899
1084,1,0,accepted,0.160447950748536,0.359031746676231,484608.3600565,4976649.07315696,0.138677489493771,9.806
1085,1,0,accepted,0.167912581002982,0.168995976844069,484609.595732595,4976649.28245938,0.135693421127465,11.242
1086,1,0,accepted,0.18329534916095,0.225453354032239,484610.789980557,4976649.46768462,0.13662684578263,9.832
1087,1,0,accepted,0.242732122775997,0.29987568792942,484612.03767239,4976649.63188894,0.138028073747597,11.049
1088,1,0,accepted,0.0746929477953038,0.044286124279247,484613.125549222,4976649.95745383,0.133845488404234,10.591
1089,1,0,accepted,0.0797766500303931,0.0354509569800527,484614.317098998,4976650.14757033,0.133826829716397,10.552
1090,1,0,accepted,0.0892942146590234,-0.0328974490835625,484615.542407231,4976650.34368892,0.132796783321374,10.16
1091,1,0,accepted,0.094802609304644,0.0206447539198147,484616.740922659,4976650.53373128,0.134067060679654,10.075
1092,1,0,accepted,0.122566249944333,-0.0289260728242835,484617.954114535,4976650.71193639,0.133342381996878,10.156
1093,1,0,accepted,0.152992781457301,0.0461748076098705,484619.173813802,4976650.88821671,0.134483426760416,11.106
1094,1,0,accepted,0.178400839785681,0.0554511428802809,484620.393728074,4976651.07424513,0.134877450467683,11.011
1095,1,0,accepted,0.281834320392906,0.369773702373312,484621.677970726,4976651.2135157,0.140196294412618,12.778
1096,1,0,accepted,0.298616492946924,0.533875972952468,484622.888290233,4976651.39828927,0.143160353624397,12.392
1097,1,0,accepted,0.229464533103012,0.410622205844037,484624.017450432,4976651.6287074,0.140989445053082,10.712
1098,1,0,accepted,0.224019423265092,0.426637911132138,484625.213986117,4976651.81831903,0.141242155481716,10.493
1099,1,0,accepted,0.238443046143798,0.417790245192468,484626.403310041,4976652.00699015,0.141003097081915,10.719
1100,1,0,accepted,0.2195088890645,0.438830651723764,484627.578541502,4976652.21062103,0.141551232195787,10.921
1101,1,0,accepted,0.12448226854366,0.447907442761513,484628.646335445,4976652.46334626,0.14149590974216,11.18
1102,1,0,accepted,0.135245901331855,0.495907351130229,484629.777529975,4976652.66171723,0.141909589633296,11.291
1103,1,0,accepted,0.132115873664728,0.171007380098801,484630.897000259,4976652.96408609,0.136632126125026,9.127
1104,1,0,accepted,0.162114361000541,0.132477866714308,484632.064832279,4976653.18446163,0.135683304046433,8.369
1105,1,0,accepted,0.0943009640628149,0.0725780184973715,484633.317051485,4976653.37837717,0.134407539784484,9.094
1106,1,0,accepted,0.0906986201887283,0.0479100542708868,484634.513305021,4976653.5704656,0.133573765523794,8.574
1107,1,0,accepted,0.0629236737462216,-0.00985185046461011,484635.728471963,4976653.75854611,0.132245848915433,8.226
1108,1,0,accepted,0.0994006810276431,0.0318018329918952,484636.887027949,4976653.90836445,0.132536847239799,8.292
1109,1,0,accepted,0.0877832771207067,0.0174246104793508,484638.104504088,4976654.07423424,0.131957069874624,7.793
1110,1,0,accepted,0.0630687190966487,0.0844636978810462,484639.383818239,4976654.26616086,0.132714225889589,7.653
1111,1,0,accepted,0.0778725844077916,-0.0572512366565526,484640.615064136,4976654.45708589,0.130010559153409,7.516
1112,1,0,accepted,0.114803162183326,-0.0331201786293626,484641.822062855,4976654.63091703,0.129917903849248,7.477
1113,1,0,accepted,0.147641535607987,0.01818839146628,484643.030474604,4976654.80644046,0.13029557348026,7.603
1114,1,0,accepted,0.128504530246958,0.0108482995313357,484644.174874252,4976654.98445679,0.130148996036922,9.447
1115,1,0,accepted,0.136839778893439,0.0576780130747583,484645.361729637,4976655.17149241,0.130190110429061,9.818
1116,1,0,accepted,0.15233788879763,0.0823224838396469,484646.523089718,4976655.32460196,0.130843991447634,11.11
1117,1,0,accepted,0.0864651094925361,0.434178204552057,484647.596659039,4976655.5415778,0.136530482097038,9.24
1118,1,0,accepted,0.150455495383773,0.137916178167323,484648.828176091,4976655.67883634,0.1308175199542,9.941
1119,1,0,accepted,0.155886439498414,0.272329867432526,484650.008100925,4976655.86655493,0.132920529429668,9.793
1120,1,0,accepted,0.182546446793617,0.266222561945278,484651.176440059,4976656.02460018,0.132508888206262,9.75
1121,1,0,accepted,0.201791402392562,0.324593849602079,484652.347736566,4976656.19363913,0.133509858167252,8.9
1122,1,0,accepted,0.1979550042258,0.370508288107891,484653.488204872,4976656.36937291,0.134199048562263,8.941
1123,1,0,accepted,0.20542846975454,0.39219590375958,484654.63366936,4976656.54394648,0.134152381881189,8.547
1124,1,0,accepted,0.131524992668857,0.224912773660012,484655.738473682,4976656.78423324,0.130862772352918,10.461
1125,1,0,accepted,0.113319118363446,0.122119864813787,484656.814020969,4976656.95192296,0.128796179159303,8.812
1126,1,0,accepted,0.145971673959765,0.160382023571725,484657.936298258,4976657.09199393,0.129153373731469,8.864
1127,1,0,accepted,0.153953564366171,0.0740599520149109,484659.090591128,4976657.26410593,0.127419159432569,8.987
1128,1,0,accepted,0.160499607996829,0.115032129573606,484660.224456094,4976657.43288049,0.128009085155062,9.003
1129,1,0,accepted,0.174433431968529,0.0603759315654036,484661.372215658,4976657.59690324,0.126664557416417,9.055
1130,1,0,accepted,0.127664337706341,-0.0726967711720721,484662.467334464,4976657.81264984,0.124027146802998,8.937
1131,1,0,accepted,0.134198755709207,-0.00343267238662261,484663.593280184,4976657.98369098,0.125079326676533,9.015
1132,1,0,accepted,0.136479561465529,0.108053408888282,484664.682407299,4976658.14380109,0.126798151206473,8.576
1133,1,0,accepted,0.139396843499447,0.11179486223349,484665.793246078,4976658.31242263,0.126874400556367,8.795
1134,1,0,accepted,0.137585620406656,0.0856795709071782,484666.923559462,4976658.49593169,0.126895169906668,8.895
1135,1,0,accepted,0.131662232217682,0.10010503773165,484668.03864551,4976658.68255397,0.12728017297308,8.797
1136,1,0,accepted,0.10523672656229,0.0271568889087084,484669.040800747,4976658.84861281,0.12632021397322,8.544
1137,1,0,accepted,0.0959032125195271,-0.0370847443156539,484670.154124452,4976659.02501942,0.125436589335888,8.193
1138,1,0,accepted,0.0781996280742921,-0.146100181441266,484671.270661206,4976659.22414442,0.123679869205989,9.824
1139,1,0,accepted,0.0805680130685511,-0.0599927502038602,484672.286374686,4976659.37860419,0.125453732255928,8.466
1140,1,0,accepted,0.0931010691756206,-0.0242616087948451,484673.403008165,4976659.53147826,0.12616382383979,8.581
1141,1,0,accepted,0.10856740071513,-0.0863536151395526,484674.539862035,4976659.70832859,0.125272531339339,7.534
1142,1,0,accepted,0.146650490713823,-0.0558584129651602,484675.65579903,4976659.85519619,0.125828272001528,8.574
1143,1,0,accepted,0.113871827656256,0.205972568512449,484676.623392582,4976660.01639321,0.130388411544447,9.435
1144,1,0,accepted,0.141785932719872,0.174678282201071,484677.701404248,4976660.15704449,0.129716955969789,8.318
1145,1,0,accepted,0.126867982228288,0.0813764108088713,484678.804452278,4976660.35256795,0.128393737723187,8.713
1146,1,0,accepted,0.130380878734331,0.18118986794183,484679.869973542,4976660.51939974,0.130222979067113,9.584
1147,1,0,accepted,0.139535155535005,0.320220477496287,484680.882359033,4976660.65918399,0.132698048205908,8.589
1148,1,0,accepted,0.129186397468752,0.231131113611113,484681.929960531,4976660.83349861,0.131203180988464,8.381
1149,1,0,accepted,0.201807603611819,0.460911572225405,484683.071362686,4976660.95692553,0.135358053396193,8.97
1150,0,1,acceptedDirectional,0.1229216530567,-0.0089665320422627,484684.118134086,4976661.22475912,0.127226002692547,7.678
1151,1,0,accepted,0.131923475494766,0.396516280842821,484684.919539223,4976661.40869125,0.134247970446912,7.702
1152,1,0,accepted,0.142935860093367,0.335386661490908,484685.937690869,4976661.61197523,0.133022958717403,7.562
1153,1,0,accepted,0.110434905123683,0.281303951551695,484687.006588781,4976661.8018869,0.132029149773356,7.518
1154,1,0,accepted,0.136392630630909,0.304793631852487,484688.011925691,4976661.92500328,0.131778612224514,7.084
1155,1,0,accepted,0.138585348130184,0.118041066511245,484689.044048012,4976662.14312294,0.128645430784464,6.979
1156,1,0,accepted,0.137562308107627,0.168002045365552,484690.065698647,4976662.27786379,0.129176578132145,7.281
1157,1,0,accepted,0.0314535908366649,0.186466322605439,484691.170980347,4976662.42194236,0.12938884241732,7.004
1158,1,0,accepted,0.0824780040914645,0.0627823988531895,484692.13972648,4976662.55380378,0.126989415717496,7.129
1159,1,0,accepted,0.0595840734957369,0.122866115031152,484693.175426963,4976662.7127632,0.127689618435874,7.039
1160,1,0,accepted,0.0539384039834406,0.10474259743692,484694.193856822,4976662.85886172,0.126917522439548,6.916
1161,1,0,accepted,0.0651842353782313,0.104933222924883,484695.197230569,4976662.99837137,0.126202332921576,6.99
1162,1,0,accepted,0.0553879762341412,0.0732835632184577,484696.230270635,4976663.14740472,0.124952912376979,6.655
1163,1,0,accepted,0.121164360859913,0.151618964777612,484697.295786622,4976663.2386986,0.125544761341065,6.709
1164,1,0,accepted,0.103003170282166,0.13661377909257,484698.229067402,4976663.39991168,0.124323486798215,6.307
1165,1,0,accepted,0.143139809463972,0.0993761408380227,484699.293340039,4976663.52715112,0.122669146321336,6.42
1166,1,0,accepted,0.17260763977154,0.149614291897785,484700.312746967,4976663.66221219,0.122507460858416,6.978
1167,1,0,accepted,0.155183981624344,0.100393507507107,484701.279632694,4976663.8194678,0.120666389493622,6.688
1168,1,0,accepted,0.169039046688378,0.20782124298118,484702.242042927,4976663.93966466,0.121544530819951,7.041
1169,1,0,accepted,0.195152592154235,0.128550993274708,484703.25557009,4976664.07506185,0.119224841164942,7.077
1170,1,0,accepted,0.203188734135649,0.165353545627547,484704.215631666,4976664.1981801,0.118702820541837,7.454
