frame,accepted,directional,reason,errorM,yawErrorDeg,x,y,psi,matchingMs
1,0,0,insufficientComponents,0.640312423976002,2,484201.572914107,4977500.52147539,-2.10588080737395,120.756
2,1,0,accepted,0.0704342172985607,-0.00199267691316679,484201.041330818,4977500.85868217,-2.14082456490638,223.595
3,1,0,accepted,0.0728674742217392,0.0779833174982698,484201.045614643,4977500.85423077,-2.13940908392016,77.691
4,1,0,accepted,0.0726177564340407,0.0534177764098309,484201.043459139,4977500.85561624,-2.13984242028244,24.902
5,1,0,accepted,0.0805363052897913,0.200681735260157,484201.044654495,4977500.84677797,-2.13727559363536,19.221
6,1,0,accepted,0.0760218566505789,0.20140183274904,484201.042246106,4977500.85294288,-2.13724783376062,15.665
7,1,0,accepted,0.074345280865903,0.183669699592027,484201.042008423,4977500.85489924,-2.13755079824357,12.213
8,1,0,accepted,0.0720546049654377,0.174918161206283,484201.040349852,4977500.85663369,-2.13770736850086,11.473
9,1,0,accepted,0.0835061711284349,0.199069329586527,484201.036292232,4977500.84196845,-2.13726789854566,16.333
10,1,0,accepted,0.0787131115403204,0.1911006109035,484201.030515246,4977500.84267273,-2.13741686473386,12.131
11,1,0,accepted,0.0696878410295975,0.190794921217917,484201.029272283,4977500.8406448,-2.13743213039317,11.795
12,1,0,accepted,0.063367622392223,0.260268595556116,484201.02213638,4977500.834543,-2.13618690507102,11.738
13,1,0,accepted,0.0486144704553224,0.240722706124807,484201.02064399,4977500.82932287,-2.1365700389728,11.275
14,1,0,accepted,0.0319166188536868,0.236741355334749,484201.009666871,4977500.82616841,-2.13656810254037,10.619
15,1,0,accepted,0.0318655735339471,0.258044842336865,484200.99210861,4977500.801785,-2.13613628435218,11.139
16,1,0,accepted,0.0318410555046787,0.244043632544458,484200.973741417,4977500.77066943,-2.13626790168514,10.824
17,1,0,accepted,0.0327039949865951,0.175727660390821,484200.952237298,4977500.73451184,-2.13728787095897,11.067
18,1,0,accepted,0.0330787964300095,0.148931088624948,484200.923542047,4977500.69710329,-2.13757783528931,11.165
19,1,0,accepted,0.0350528742747105,0.0476532148151761,484200.892439843,4977500.65168289,-2.13906707543432,11.077
20,1,0,accepted,0.0358686383155656,0.0479355415318754,484200.858166664,4977500.60300551,-2.13860371794325,10.789
21,1,0,accepted,0.0322576385076755,0.0384199087249093,484200.826228874,4977500.54903875,-2.13813177702105,10.773
22,1,0,accepted,0.0383967506978579,0.23989851206316,484200.795511693,4977500.4742331,-2.13391195416127,10.196
23,0,0,inconsistentClasses,0.0310388312644117,0.236178952912846,484200.75756544,4977500.41136004,-2.13306966686604,14.944
24,0,0,inconsistentClasses,0.0246621808365764,0.22726946663045,484200.714906392,4977500.34159516,-2.13194994592408,17.849
25,0,0,inconsistentClasses,0.0201655140998906,0.218468401528652,484200.667358786,4977500.26436859,-2.13071417369222,15.584
26,1,0,accepted,0.0105325185356195,-0.711942211103491,484200.612594112,4977500.19479157,-2.14482883523814,13.224
27,1,0,accepted,0.0132468021829358,-0.508159511588243,484200.545742102,4977500.08855066,-2.1397009201007,11.657
28,1,0,accepted,0.00541831963654518,-0.650159533744303,484200.469878089,4977499.98269341,-2.14187255568045,12.635
29,1,0,accepted,0.010438338857458,-0.636839408831303,484200.39936106,4977499.87283669,-2.13949137775593,11.725
30,1,0,accepted,0.0102185833576684,-0.294432561574409,484200.327397012,4977499.7446352,-2.13089730068168,10.13
31,1,0,accepted,0.00466918196639152,-0.0239957719131854,484200.247091446,4977499.6184631,-2.12539455608788,11.063
32,1,0,accepted,0.00957081638111286,-0.336206097493303,484200.175017134,4977499.49370342,-2.12982219733892,11.674
33,1,0,accepted,0.0103948251215876,0.0621149082839354,484200.090850203,4977499.35248449,-2.12108123997063,10.787
34,1,0,accepted,0.0413113313110767,0.556414787209354,484200.02223549,4977499.18429722,-2.11044478188273,11.077
35,1,0,accepted,0.039197690599381,0.525711464506251,484199.940268971,4977499.04556904,-2.1091173804291,10.914
36,1,0,accepted,0.0357201387577555,0.247916006297385,484199.845447019,4977498.89602787,-2.11265910225379,10.756
37,1,0,accepted,0.0255401266677853,0.210296267647022,484199.751739565,4977498.75649841,-2.11223117319348,10.227
38,1,0,accepted,0.0196799557300743,0.179478735477303,484199.652730004,4977498.60254937,-2.11132212222272,10.278
39,1,0,accepted,0.0137343726396121,0.158865147101729,484199.552426958,4977498.44993174,-2.11034447167726,10.082
40,1,0,accepted,0.0197684383516838,0.175451106294001,484199.460223545,4977498.29078014,-2.10921164376687,10.116
41,1,0,accepted,0.017191240556248,0.200645486543794,484199.356036348,4977498.1232387,-2.108415747378,10.085
42,1,0,accepted,0.027829387794413,0.309804743770137,484199.258272269,4977497.92779131,-2.10662906509965,9.901
43,1,0,accepted,0.0247820884965866,0.288393294891884,484199.156825689,4977497.76191525,-2.10697499707234,9.398
44,1,0,accepted,0.0193875888929996,0.310186909500327,484199.053036136,4977497.59508202,-2.10679548056297,9.231
45,1,0,accepted,0.0182859144054261,0.308861298700832,484198.950073137,4977497.42439191,-2.10701386716243,9.442
46,1,0,accepted,0.0305610793094121,0.331887045658044,484198.850202978,4977497.24331739,-2.10652600486688,9.432
47,1,0,accepted,0.0270319730138088,0.327099094777664,484198.755328208,4977497.08386547,-2.10759320272291,10.092
48,1,0,accepted,0.0285189634480987,0.319424829391329,484198.658623494,4977496.91515051,-2.10860362258524,10.28
49,1,0,accepted,0.0345615386128411,0.336332188525856,484198.562442294,4977496.74141301,-2.1090626233938,9.422
50,1,0,accepted,0.0342813150023496,0.321225274115815,484198.470150224,4977496.57920792,-2.10997182935661,11.567
51,1,0,accepted,0.0422876488456107,0.353904555150116,484198.379520038,4977496.41566166,-2.1100625706204,10.801
52,1,0,accepted,0.0369269162105362,0.330038474873432,484198.292717337,4977496.26881932,-2.11051379098002,9.419
53,1,0,accepted,0.0240119478589252,0.301126620554901,484198.210479305,4977496.13390855,-2.1113334149793,15.521
54,1,0,accepted,0.0391064516193678,0.352554387802692,484198.12369751,4977495.96731388,-2.11118251570117,9.536
55,1,0,accepted,0.0328478161201524,0.339152526624295,484198.034408863,4977495.81923839,-2.11174526903648,9.062
56,1,0,accepted,0.0353813406332323,0.405521168723438,484197.957759371,4977495.66814709,-2.11072137756691,9.016
57,1,0,accepted,0.0407849194309801,0.456953469701577,484197.864943328,4977495.49961572,-2.11034180524701,19.579
58,1,0,accepted,0.0366511484655752,0.254494379552784,484197.761558394,4977495.40438843,-2.11426319179717,11.104
59,1,0,accepted,0.0466342861117731,0.238875918082391,484197.663349275,4977495.24845405,-2.11439034994502,9.793
60,1,0,accepted,0.050722896487399,0.248231431598051,484197.568893396,4977495.08156705,-2.11382171863768,10.411
61,1,0,accepted,0.0973999050995781,0.149177071639519,484197.48414153,4977494.95308401,-2.11441983049558,14.363
62,1,0,accepted,0.0807819966672761,0.206696978086874,484197.371719669,4977494.76495267,-2.11193296060601,21.83
63,1,0,accepted,0.0228123522125677,0.319983152647225,484197.26668158,4977494.52165192,-2.10743877053207,14.224
64,1,0,accepted,0.0178099836983527,0.321026455698543,484197.157829428,4977494.33044304,-2.10604758421813,8.363
65,1,0,accepted,0.00986728841753747,0.353254055180939,484197.045704617,4977494.14745864,-2.10477549610112,9.123
66,1,0,accepted,0.0145027554215249,0.314885183176423,484196.948740664,4977493.96511668,-2.10356771618759,22.35
67,1,0,accepted,0.0169092465149597,0.26539004434347,484196.843118189,4977493.77488171,-2.10114159419804,9.089
68,1,0,accepted,0.0168323163997258,0.270072146934363,484196.731343494,4977493.57876305,-2.09673054655614,9.828
69,1,0,accepted,0.0307186190074968,0.295669346427523,484196.629602942,4977493.36942791,-2.09065350224872,9.666
70,1,0,accepted,0.0303616696960563,0.203124416937462,484196.517347408,4977493.17691321,-2.08505288995393,9.741
71,1,0,accepted,0.0546796958990673,0.477693854994224,484196.346777533,4977492.90920171,-2.07178896659973,13.498
72,1,0,accepted,0.0254353771964932,0.13966261492384,484196.213235124,4977492.71517085,-2.06780975501301,11.253
73,1,0,accepted,0.0186461626822934,0.0590089387590266,484196.082281237,4977492.47496635,-2.05774179830026,10.769
74,1,0,accepted,0.0200222751018059,0.0694127453965624,484195.938840207,4977492.21337725,-2.0441028244374,12.102
75,1,0,accepted,0.0255286915220045,0.182640936258299,484195.789556251,4977491.91932201,-2.02647158520679,13.428
76,1,0,accepted,0.0104972574279049,0.123392704111521,484195.650090726,4977491.64135741,-2.01090590602352,11.286
77,1,0,accepted,0.0229081888884194,0.192177077329102,484195.49955773,4977491.34915542,-1.9935281043057,13.07
78,1,0,accepted,0.0324466524564279,0.0531770007824438,484195.349332844,4977491.03091618,-1.97649040045889,12.075
79,1,0,accepted,0.0139359905339241,-0.00466135720455461,484195.219933142,4977490.65381654,-1.95746120449138,16.015
80,1,0,accepted,0.0269838036460858,-0.13735007685749,484195.077330267,4977490.30779593,-1.93731389694687,10.537
81,1,0,accepted,0.0367861730385409,-0.261345137795951,484194.934220081,4977489.94009619,-1.91505917109911,11.013
82,1,0,accepted,0.049955722691085,-0.251912852331341,484194.792337692,4977489.56680295,-1.88938057441002,11.234
83,1,0,accepted,0.0589891185965752,-0.216022853436133,484194.626353583,4977489.17979545,-1.86169746039467,11.155
84,1,0,accepted,0.0826272293229803,-0.208063255002854,484194.498614904,4977488.79110939,-1.83493750419762,11.478
85,1,0,accepted,0.0833270457115333,-0.127258418864105,484194.370425478,4977488.36032278,-1.80651483237081,10.582
86,1,0,accepted,0.0921939040687656,-0.0908211908398929,484194.246963366,4977487.92658109,-1.77994670890862,11.164
87,1,0,accepted,0.0978263683754581,-0.19938021640324,484194.162644437,4977487.47768245,-1.7544051646753,15.161
88,1,0,accepted,0.0912936889895691,-0.0251733979274357,484194.07237261,4977487.00978176,-1.72442419305342,11.714
89,1,0,accepted,0.0954081389113781,-0.0852780940195371,484193.990579643,4977486.54746551,-1.6976414305492,10.977
90,1,0,accepted,0.0999135185865816,-0.17895540417913,484193.950228395,4977486.06767401,-1.67100378929733,11.816
91,1,0,accepted,0.102376336043524,-0.270124213680009,484193.893035226,4977485.57949081,-1.64272699521135,11.668
92,1,0,accepted,0.101737987666559,-0.236091465235928,484193.842214793,4977485.08249571,-1.61219587483792,11.596
93,1,0,accepted,0.107805988410135,-0.311582490378979,484193.805634784,4977484.58363471,-1.58376212880057,12.453
94,1,0,accepted,0.0984545324785981,-0.412823910032651,484193.779223285,4977484.06260684,-1.55567439882166,12.26
95,1,0,accepted,0.109420173188911,-0.478573686677852,484193.774301355,4977483.54951497,-1.52619205073266,12.002
96,1,0,accepted,0.138989065027947,-0.604851985782743,484193.80142991,4977483.04358113,-1.49702199540251,13.134
97,1,0,accepted,0.154525080320785,-0.679092942658426,484193.823763134,4977482.52982181,-1.4672283267127,12.93
98,1,0,accepted,0.160592800416908,-0.787530155275805,484193.86572521,4977481.99747569,-1.43761148784959,15.362
99,1,0,accepted,0.144274337891582,-0.739604883473899,484193.940986897,4977481.43390689,-1.40650040292687,11.974
100,1,0,accepted,0.106859743491149,-0.527764938703482,484194.009116408,4977480.84690857,-1.37218138439148,13.081
101,1,0,accepted,0.117932827555819,-0.69220255147546,484194.119209832,4977480.29363465,-1.34614719171236,15.084
102,1,0,accepted,0.114991789706753,-0.633814825411601,484194.277240475,4977479.73077476,-1.31807595821982,15.94
103,1,0,accepted,0.0872798175394664,-0.460623929088995,484194.395113461,4977479.1378785,-1.28916114248808,12.118
104,1,0,accepted,0.0951501749189228,-0.410921077478213,484194.553831487,4977478.57485746,-1.26323551925766,12.685
105,1,0,accepted,0.0921758727762321,-0.337748981598007,484194.719387003,4977477.99075841,-1.23822772487804,13.664
106,1,0,accepted,0.107741543781491,-0.436955476578251,484194.91918028,4977477.42659894,-1.21895044964016,13.652
107,1,0,accepted,0.0823352910403061,-0.21903188444947,484195.13032674,4977476.80934209,-1.19679587381698,13.374
108,1,0,accepted,0.0692027717177955,-0.0695741408687294,484195.365172895,4977476.20256989,-1.17799992162467,11.626
109,1,0,accepted,0.0755084054653552,0.0300424187736341,484195.617305765,4977475.60132789,-1.16199565570885,11.589
110,1,0,accepted,0.0611725966948642,0.229665137189483,484195.886065749,4977475.00450128,-1.1468937958612,12.716
111,1,0,accepted,0.061849695737252,0.330460650634015,484196.159931011,4977474.39749587,-1.13476512593083,12.004
112,1,0,accepted,0.106859722516935,0.264980969139317,484196.426861559,4977473.82377403,-1.12715497184864,12.081
113,1,0,accepted,0.0795916523560283,-0.0572550847071095,484196.777728952,4977473.19330891,-1.12535880235793,14.145
114,1,0,accepted,0.0873603352920559,0.115474680379496,484197.079892665,4977472.56847509,-1.11635547671608,14.389
115,1,0,accepted,0.0905308128063862,-0.00809539262343126,484197.393856745,4977471.93374324,-1.11357132293541,13.41
116,1,0,accepted,0.122343953032017,-0.0654748614195979,484197.736962422,4977471.32106273,-1.11088523557894,12.255
117,1,0,accepted,0.0601751792497425,0.183881302597315,484198.0909895,4977470.60947011,-1.10354480500521,13.693
118,1,0,accepted,0.0520009707039042,0.583719716738367,484198.48463396,4977469.87614828,-1.09516205856845,15.11
119,1,0,accepted,0.0529245635815974,0.417194017376157,484198.842936599,4977469.20543897,-1.09814767195554,15.197
120,1,0,accepted,0.044161864549435,0.445488640117844,484199.19381175,4977468.52513801,-1.09886320798321,12.83
121,1,0,accepted,0.0400742814868753,0.371540975374264,484199.551368556,4977467.81729629,-1.10239613498181,12.556
122,1,0,accepted,0.0332889427415653,0.165974415890245,484199.912233112,4977467.11481731,-1.10729469805624,14.497
123,1,0,accepted,0.0447808860670073,0.0549945246947301,484200.291630403,4977466.41363497,-1.11130994494192,14.22
124,1,0,accepted,0.0479159817089379,0.310405119911,484200.653615507,4977465.66308351,-1.10918318552214,15.037
125,1,0,accepted,0.0629210900071968,-0.0831308420907488,484201.053934093,4977464.93281921,-1.11948282374359,14.681
126,1,0,accepted,0.0552296708124497,-0.0374532255129068,484201.426447517,4977464.18926192,-1.12284607667344,14.124
127,1,0,accepted,0.0489917790861593,-0.0507443384399483,484201.801470236,4977463.43444999,-1.12816492229593,12.943
128,1,0,accepted,0.0553759210835171,0.19662506694999,484202.175887108,4977462.64787445,-1.12969021653688,15.796
129,1,0,accepted,0.0426568051692236,0.238028223388458,484202.553063207,4977461.87217935,-1.13448466174153,13.233
130,1,0,accepted,0.0454700608221467,0.15546414425428,484202.938141856,4977461.09125184,-1.14254885296264,13.113
131,1,0,accepted,0.0561855942268901,0.18117302427016,484203.307413949,4977460.28234019,-1.14792116145553,14.344
132,1,0,accepted,0.0856881865992317,0.32356550735705,484203.666111702,4977459.44738212,-1.15254364976363,12.399
133,1,0,accepted,0.0831309025883782,0.287398291547961,484204.048332501,4977458.63206072,-1.15995873962506,12.887
134,1,0,accepted,0.108553874782431,0.300931165728576,484204.417951133,4977457.77577192,-1.16657576879327,13.758
135,1,0,accepted,0.147837421926709,0.452445117109559,484204.771020113,4977456.90533679,-1.17077612719165,14.951
136,1,0,accepted,0.165308792163734,0.542472224909014,484205.144205062,4977456.03392419,-1.17613336224415,13.27
137,1,0,accepted,0.165332152735847,0.568839614826377,484205.527710983,4977455.16083932,-1.18259685420949,13.585
138,1,0,accepted,0.155864946005283,0.40641412915452,484205.923039857,4977454.28570124,-1.19238529963609,15.567
139,1,0,accepted,0.0935003570360915,0.326800545465037,484206.302853723,4977453.47672234,-1.20047243909404,15.587
140,1,0,accepted,0.0439392534990758,0.238144554229553,484206.742239936,4977452.66323374,-1.20911956061148,15.91
141,1,0,accepted,0.0515237148449767,0.284229823355699,484207.123560314,4977451.7694516,-1.21516015561964,14.863
142,1,0,accepted,0.0699858349785916,0.196577522107086,484207.488007267,4977450.86747062,-1.22335924986437,16.988
143,1,0,accepted,0.0566781676511083,0.262712942328273,484207.837529059,4977449.92605611,-1.22926782273863,13.957
144,1,0,accepted,0.029351681056107,0.189650763634351,484208.188893132,4977448.9442386,-1.23719397129284,16.349
145,1,0,accepted,0.0556945526604685,0.233781951815898,484208.548662605,4977447.94844116,-1.24405657203678,15.568
146,1,0,accepted,0.0631291567787437,0.322423578503057,484208.914000813,4977446.98548437,-1.24841035200046,13.154
147,1,0,accepted,0.250986933241914,0.611157617721066,484209.242026357,4977445.83448474,-1.25107282051231,19.19
148,1,0,accepted,0.247833507059752,0.467489080158518,484209.607745327,4977444.87134113,-1.25992045344805,17.62
149,1,0,accepted,0.19535000537546,0.373865938385579,484209.947101295,4977443.94871141,-1.26841657410008,17.05
150,0,0,inconsistentClasses,0.207816890495307,0.358185805410286,484210.259256669,4977442.97497451,-1.2751017339659,27.166
151,1,0,accepted,0.108734642146201,0.333354511394884,484210.592346725,4977442.0977771,-1.28270753594126,21.203
152,1,0,accepted,0.119978815075206,0.390368001248564,484210.902838516,4977441.09316714,-1.28870494663534,13.956
153,1,0,accepted,0.122295168735312,0.248115120884944,484211.204420664,4977440.11109859,-1.29782765971182,14.282
154,1,0,accepted,0.130333458331158,0.2580150658988,484211.505646668,4977439.11297564,-1.30387689185474,12.72
155,1,0,accepted,0.141094435155298,0.28806692996524,484211.801486718,4977438.11545799,-1.31054414117619,11.735
156,1,0,accepted,0.147405235112479,0.274149822686067,484212.103055043,4977437.09729769,-1.31745914225063,12.187
157,1,0,accepted,0.127504078878371,0.162964848195633,484212.415607761,4977436.11228736,-1.32638738616486,13.684
158,1,0,accepted,0.120949151157875,-0.570904670657347,484212.894224128,4977435.1498676,-1.34615580442709,18.74
159,1,0,accepted,0.0874504805033535,-0.504471497629549,484213.146896712,4977434.12003607,-1.35141880335004,15.032
160,1,0,accepted,0.12007841407416,-0.530993873470046,484213.45648593,4977433.09746672,-1.35824128692255,16.714
161,1,0,accepted,0.093702664360306,-0.389385025478125,484213.698354248,4977432.07358635,-1.36262167594502,14.558
162,1,0,accepted,0.0819310224036324,-0.438596765681181,484213.963721865,4977431.068605,-1.37011443233166,16.723
163,1,0,accepted,0.0428551612311043,-0.110468922605441,484214.147924228,4977430.03528646,-1.37078082355689,14.653
164,1,0,accepted,0.0585168412232585,-0.0931294606759679,484214.357510408,4977429.03612586,-1.37690899679818,14.058
165,1,0,accepted,0.0477486956609914,-0.190071836321079,484214.614446078,4977428.01647725,-1.38466439749939,15.772
166,1,0,accepted,0.0918909510440161,0.0179725677209907,484214.814935708,4977426.96343859,-1.38730377478151,17.618
167,1,0,accepted,0.151564054573935,0.290499013535024,484214.989988383,4977425.93411023,-1.38872427700939,16.484
168,1,0,accepted,0.123134529669163,0.126605592968,484215.247699744,4977424.8997362,-1.39837513885864,16.436
169,1,0,accepted,0.122691509533456,0.151441405519578,484215.471612069,4977423.86121782,-1.40455239426175,17.569
170,1,0,accepted,0.131253689425291,0.159820188400402,484215.679886199,4977422.82300157,-1.41109319551313,18.316
171,1,0,accepted,0.140505831248211,0.17945280801293,484215.879393189,4977421.77855351,-1.4179515094943,20.051
172,1,0,accepted,0.170336827500153,0.298128774762978,484216.052058328,4977420.72659427,-1.42311898179129,18.241
173,1,0,accepted,0.199301013560072,0.418197258648134,484216.218358536,4977419.67188409,-1.42860807001608,17.765
174,1,0,accepted,0.213399382639303,0.465694945315079,484216.391399162,4977418.60548848,-1.43511609624721,18.713
175,1,0,accepted,0.24090532746119,0.587103315137942,484216.54458379,4977417.55047582,-1.44032528092677,17.853
176,1,0,accepted,0.251818388474495,0.475671266600457,484216.705967177,4977416.47805637,-1.44960498221609,21.644
177,1,0,accepted,0.260374425998668,0.673576006897047,484216.861614247,4977415.41192514,-1.45359288562532,17.519
178,1,0,accepted,0.300607690564316,0.711470522576818,484216.979419399,4977414.3156839,-1.4602705177754,18.396
179,1,0,accepted,0.26022298260896,0.794888560073979,484217.23453209,4977413.08877307,-1.46626901906234,15.661
180,1,0,accepted,0.249413159129462,0.625041306714204,484217.384694416,4977412.01524507,-1.47628931291309,13.771
181,1,0,accepted,0.239956368543109,0.615733945862941,484217.557342941,4977410.90483562,-1.48417951144722,15.012
182,1,0,accepted,0.241518513409223,0.597833031503172,484217.693214491,4977409.81051083,-1.49120750076317,14.019
183,1,0,accepted,0.208553137690706,0.401959498715578,484217.851622262,4977408.72188808,-1.50175711307452,12.981
184,1,0,accepted,0.214406658589777,0.446429327760345,484217.955222366,4977407.6367964,-1.50773500608861,12.692
185,1,0,accepted,0.137142009444377,0.0298600409865149,484218.130620929,4977406.58724446,-1.52172747225196,13.293
186,1,0,accepted,0.085761736079587,-0.432233867363048,484218.300067499,4977405.52376166,-1.53660233176019,16.619
187,1,0,accepted,0.0645418957752553,-0.606760179882199,484218.422254085,4977404.45852782,-1.54654372753253,14.949
188,1,0,accepted,0.0530359821707902,-0.522811244136262,484218.476802938,4977403.32598405,-1.55110046734979,14.271
189,1,0,accepted,0.0311635571718543,-0.326765644319044,484218.516829791,4977402.20991118,-1.55307841858068,11.717
190,1,0,accepted,0.0543567199481885,0.0742489029594857,484218.552583328,4977401.0906185,-1.55077379992205,13.123
191,1,0,accepted,0.0635146825625348,0.255743462463473,484218.597837098,4977399.96322311,-1.55205978214364,11.99
192,1,0,accepted,0.0700750419097538,0.305149755867011,484218.642197225,4977398.83804218,-1.55478882417064,12.234
193,1,0,accepted,0.0722167811720553,0.354851484289601,484218.690013736,4977397.70281419,-1.55696356229469,13.314
194,1,0,accepted,0.0856427204259623,0.289881493524731,484218.724195154,4977396.55386874,-1.56067323062821,12.536
195,1,0,accepted,0.0862401002518417,0.0976489158979517,484218.771339852,4977395.4094754,-1.56628184017322,14.18
196,1,0,accepted,0.0731589987180406,-0.0704829182442334,484218.829678994,4977394.25156602,-1.57163416507618,18.256
197,1,0,accepted,0.0811179219574182,-0.0103297605062364,484218.861198371,4977393.08348222,-1.57266262869397,18.061
198,1,0,accepted,0.076620018882808,0.0544926429063675,484218.901516126,4977391.90386436,-1.57336064390187,18.919
199,1,0,accepted,0.109925155374478,0.274129999135885,484218.905881211,4977390.73708847,-1.57128056769004,19.737
200,1,0,accepted,0.0415170248860616,-0.163184774609332,484219.076620948,4977389.54080443,-1.5806914922697,19.458
201,1,0,accepted,0.042099073530376,-0.0898415203269924,484219.084837843,4977388.35979856,-1.58078819589242,17.603
202,1,0,accepted,0.0830069801868897,0.159590676253707,484219.059420771,4977387.19090777,-1.57775972869319,17.002
203,1,0,accepted,0.0716583636953793,0.141765299648032,484219.096697766,4977386.05521271,-1.57929165892606,16.364
204,1,0,accepted,0.0698493949195728,0.100167798751073,484219.104809401,4977384.8298007,-1.57957054862042,14.081
205,1,0,accepted,0.0739088419312453,0.132357382173719,484219.113733808,4977383.59805167,-1.57864937772893,13.487
206,1,0,accepted,0.114511340297045,0.244107086652155,484219.092680016,4977382.35477707,-1.57551493687399,13.021
207,1,0,accepted,0.122774830683665,0.194813954443124,484219.110253216,4977381.09797445,-1.57491946281784,18.178
208,1,0,accepted,0.137950780623988,0.222321517526808,484219.121326693,4977379.86457922,-1.57230436399777,14.383
209,1,0,accepted,0.148182235263798,0.173597420885105,484219.13967775,4977378.61319333,-1.57037027370448,13.988
210,1,0,accepted,0.173486058362421,0.147399532084228,484219.143913758,4977377.36993217,-1.56774505107061,14.583
211,1,0,accepted,0.120066165161063,0.0870962839333708,484219.228625044,4977376.14473553,-1.56514658974074,14.655
212,1,0,accepted,0.144784777351797,0.0506784002925194,484219.242531446,4977374.88329552,-1.56191395032408,13.492
213,1,0,accepted,0.162838504805842,0.039911265429287,484219.267858879,4977373.62008829,-1.5580341486563,15.826
214,1,0,accepted,0.168178856040309,0.137337228047242,484219.310657185,4977372.35771944,-1.55236445358165,16.315
215,1,0,accepted,0.120741974512405,0.511059358926596,484219.420001487,4977371.04417328,-1.54123740767756,14.702
216,1,0,accepted,0.141669557008677,0.559264760178262,484219.469475577,4977369.7407479,-1.53536130701478,15.34
217,1,0,accepted,0.149006305806655,0.558411863930257,484219.507304415,4977368.50353351,-1.53046175298528,14.631
218,1,0,accepted,0.127572185521179,0.40784332431893,484219.59656089,4977367.22207577,-1.5277382939545,14.169
219,1,0,accepted,0.117344723768992,0.300148725439887,484219.674439549,4977365.96050532,-1.52437966199127,12.167
220,1,0,accepted,0.129723786397005,0.290780532844738,484219.769099806,4977364.77038823,-1.51905914824819,12.168
221,1,0,accepted,0.157144211870581,0.406054001882044,484219.846805795,4977363.51509413,-1.51152573381167,13.298
222,1,0,accepted,0.160657323156834,0.194050449936491,484219.930220802,4977362.21221017,-1.50961028189893,11.869
223,1,0,accepted,0.185376992880978,0.16143022973945,484220.015815914,4977360.93047133,-1.50399840109736,11.178
224,1,0,accepted,0.11889233956024,-0.269251733801074,484220.222066934,4977359.6235996,-1.50518746730137,11.121
225,1,0,accepted,0.129095709762083,-0.268084033309888,484220.342443385,4977358.33031383,-1.49861666104969,11.323
226,1,0,accepted,0.160148246149786,-0.0274473941983975,484220.44833349,4977357.05087249,-1.48794900815011,11.678
227,1,0,accepted,0.165304462920545,-0.0279084578894029,484220.573273067,4977355.72746435,-1.48124648390838,10.998
228,1,0,accepted,0.162664403082647,0.0464762739886733,484220.694419299,4977354.4306337,-1.47307146966251,11.923
229,1,0,accepted,0.169477602064729,0.0527501497595525,484220.831809584,4977353.12148758,-1.46616471237923,12.092
230,1,0,accepted,0.170023258377635,0.147844557862322,484220.989843637,4977351.81278311,-1.45808803430781,11.761
231,1,0,accepted,0.166412802527667,0.10197989483464,484221.161576168,4977350.49888274,-1.45204161234574,12.479
232,1,0,accepted,0.151834334470345,0.119630960280072,484221.352499401,4977349.18074085,-1.44546056287057,12.959
233,1,0,accepted,0.0929634547389208,-0.0048695388998175,484221.595818989,4977347.84535085,-1.44108828061164,13.56
234,1,0,accepted,0.149836493154555,0.312182381726212,484221.746677099,4977346.56396898,-1.42898254990299,13.663
235,1,0,accepted,0.182153947712691,0.502891937484599,484221.923907181,4977345.26727863,-1.41918256657971,14.546
236,1,0,accepted,0.161777004793615,0.280257727409923,484222.14250729,4977343.9080054,-1.41651241206807,14.588
237,1,0,accepted,0.174219821532456,0.266523683200856,484222.350893142,4977342.57839443,-1.41008853932684,16.815
238,1,0,accepted,0.16348778583193,0.201701310582458,484222.5850354,4977341.23706202,-1.40462510842481,15.242
239,1,0,accepted,0.151713076789966,0.128013954165359,484222.834981003,4977339.87643414,-1.39899393519464,15.277
240,1,0,accepted,0.159872366695698,0.123863123870239,484223.088050556,4977338.50549331,-1.39294006956414,14.348
241,1,0,accepted,0.183563094352849,0.16874933345325,484223.322162365,4977337.19294092,-1.38528414060444,16.064
242,1,0,accepted,0.208142108791971,0.127751221020465,484223.572118458,4977335.85267893,-1.37990463510899,13.461
243,1,0,accepted,0.23196714244011,0.236976665445968,484223.821859656,4977334.54459969,-1.37193511841199,12.475
244,1,0,accepted,0.244529980900989,0.368531905002912,484224.097560035,4977333.22389326,-1.36394480610871,13.292
245,1,0,accepted,0.249094151080672,0.581028669822496,484224.391379376,4977331.90106882,-1.35538277638745,12.765
246,1,0,accepted,0.203624021746824,0.817783614422695,484224.737865284,4977330.65301805,-1.34755595768548,12.764
247,1,0,accepted,0.185723121569061,1.04631930861647,484225.100831545,4977329.40346793,-1.34080990508954,12.747
248,1,0,accepted,0.145420403203328,0.93915747713402,484225.428461951,4977328.01221594,-1.34075149895388,12.414
249,1,0,accepted,0.122377010841996,0.822690996257267,484225.76839979,4977326.66120488,-1.34058738865034,11.985
250,1,0,accepted,0.117396199698023,0.78990270313929,484226.099704498,4977325.30034092,-1.33901987562363,14.117
251,1,0,accepted,0.0987976839643698,0.418504694613219,484226.465844832,4977323.92418213,-1.34381673008827,18.286
252,1,0,accepted,0.0761295825677731,0.140280217021743,484226.843342849,4977322.5730732,-1.34713891639458,17.431
253,1,0,accepted,0.0838732952452454,0.167770055813711,484227.170371955,4977321.22006119,-1.34539148156071,14.384
254,1,0,accepted,0.0899592869179308,0.175431098600682,484227.499947093,4977319.89307542,-1.34349593741268,14.279
255,1,0,accepted,0.0918372401373929,0.159593745734666,484227.83610719,4977318.54059843,-1.34195045136086,14.708
256,1,0,accepted,0.0708456170061283,0.26126718796748,484228.179172897,4977317.2182553,-1.33896962774701,14.07
257,1,0,accepted,0.0568240901645072,0.250452688431077,484228.523408243,4977315.89226098,-1.33774163699409,13.319
258,1,0,accepted,0.0445378097810205,0.270031690860105,484228.888250225,4977314.53313207,-1.3371565037234,15.021
259,1,0,accepted,0.0423176364823233,0.239234299182092,484229.22232781,4977313.20139751,-1.33617445956117,13.056
260,1,0,accepted,0.0359330005658503,0.218052164551448,484229.578959982,4977311.85383201,-1.3358901123886,12.213
261,1,0,accepted,0.0394833603326505,0.215240702740345,484229.924726008,4977310.52297588,-1.33507381405225,13.549
262,1,0,accepted,0.0459463301044859,0.15903128069563,484230.279419032,4977309.17299423,-1.33502424474139,13.96
263,1,0,accepted,0.0667185515269701,-0.0110637578542406,484230.654399555,4977307.84536144,-1.33773284473815,12.299
264,1,0,accepted,0.0645523495253923,-0.00257020695012781,484230.995269876,4977306.47289795,-1.33624152959919,13.289
265,1,0,accepted,0.0652749453064519,0.0869101154087574,484231.342411877,4977305.06776304,-1.33440864647775,13.986
266,1,0,accepted,0.0730590219714887,0.121303634095831,484231.69362459,4977303.69427277,-1.33340454491823,12.507
267,1,0,accepted,0.073974344511011,0.186900426184564,484232.049135553,4977302.31462267,-1.3316756317233,12.293
268,1,0,accepted,0.0813486645487377,0.183498006175928,484232.407605813,4977300.91593098,-1.33079884710864,11.611
269,1,0,accepted,0.0886219530026338,0.159851718747331,484232.772743046,4977299.51546935,-1.33038912129279,12.417
270,1,0,accepted,0.103041209428418,0.1936435420719,484233.136932474,4977298.10878447,-1.32946914075247,12.348
271,1,0,accepted,0.128781217239914,0.212003855118048,484233.50237919,4977296.68395853,-1.32887222008079,12.366
272,1,0,accepted,0.152134460883066,0.193646065741279,484233.861633123,4977295.27723817,-1.32908508172074,13.882
273,1,0,accepted,0.169148104983523,0.239041983079857,484234.221280005,4977293.87587711,-1.32872792527879,12.514
274,1,0,accepted,0.176846745328054,0.184064766980802,484234.583097324,4977292.49761764,-1.3299890812899,12.577
275,1,0,accepted,0.201661789930741,0.219327519673702,484234.940565255,4977291.08321976,-1.33041929859436,13.384
276,1,0,accepted,0.21637202543736,0.224934503278065,484235.312769774,4977289.66538387,-1.3312257278945,11.659
277,1,0,accepted,0.225253255661179,0.209493362568952,484235.679198353,4977288.25603126,-1.33260828347986,11.134
278,1,0,accepted,0.248441780641294,0.243483266487753,484236.033348546,4977286.83940831,-1.33281329090614,11.944
279,1,0,accepted,0.262723367378341,0.263704297228139,484236.397436783,4977285.41408793,-1.33454788983188,12.168
280,1,0,accepted,0.257266899985268,0.169564418315555,484236.764596557,4977284.02272199,-1.33729530473365,12.06
281,1,0,accepted,0.172706133115356,0.21150833418725,484237.18065372,4977282.6859736,-1.33850016086712,15.418
282,1,0,accepted,0.116624975477845,0.235665357919008,484237.582845819,4977281.32960309,-1.34045518276954,13.747
283,1,0,accepted,0.0979842120300562,0.353717861765878,484237.968466801,4977279.97282887,-1.34033705873828,13.568
284,1,0,accepted,0.100903376783985,0.402425847250656,484238.359936601,4977278.59131331,-1.34291022157637,12.38
285,1,0,accepted,0.148599523756358,0.506377782681424,484238.750603059,4977277.23991295,-1.34458470794713,12.101
286,1,0,accepted,0.0951596401496213,0.309316252136575,484239.146787844,4977275.74386374,-1.35170313888449,12.602
287,1,0,accepted,0.0320026867576414,0.0318502986282563,484239.51252014,4977274.27271595,-1.35915981839511,11.614
288,1,0,accepted,0.0141900205327286,0.107734415301948,484239.828253947,4977272.81038418,-1.36134650938313,11.357
289,1,0,accepted,0.0525601410402022,-0.114059269958827,484240.175347878,4977271.31524924,-1.36811744033551,11.054
290,1,0,accepted,0.0926409772114545,-0.218087073398428,484240.483838389,4977269.84316829,-1.37347885587307,11.137
291,1,0,accepted,0.105569097412436,-0.142225661690532,484240.794980281,4977268.40277802,-1.37555438286434,11.61
292,1,0,accepted,0.117221252696922,0.0385786387139258,484241.099996191,4977266.96128974,-1.37574508892688,11.502
293,1,0,accepted,0.127613682807286,0.334615908745675,484241.395284576,4977265.56948166,-1.37432754389966,11.922
294,1,0,accepted,0.135546163611878,0.390075707419588,484241.710959549,4977264.11776171,-1.37716793209379,12.102
295,1,0,accepted,0.113240044695639,0.137925462942487,484242.094157844,4977262.60393124,-1.38451966209904,12.729
296,1,0,accepted,0.0935703440442803,0.00979200112522052,484242.440118789,4977261.1571727,-1.3897761885122,13.57
297,1,0,accepted,0.0809984388783058,-0.129609273822182,484242.765117464,4977259.71828419,-1.39537650235716,15.037
298,1,0,accepted,0.0869586977978396,-0.0871489541090294,484243.05645039,4977258.26493652,-1.39794594768552,13.808
299,1,0,accepted,0.0509562802863848,-0.176921820295448,484243.354519604,4977256.84272293,-1.40296255014803,13.55
300,1,0,accepted,0.0728036506877515,-0.102306937235475,484243.619591414,4977255.40217734,-1.40487792529294,13.709
301,1,0,accepted,0.117415177861046,0.147640893172943,484243.85914338,4977253.94469301,-1.40344268500882,12.356
302,1,0,accepted,0.0532459973024675,0.2294201203774,484244.195873588,4977252.53771352,-1.40532864298412,13.7
303,1,0,accepted,0.00481136174558945,0.157669197122914,484244.521202045,4977251.12725847,-1.40951937083743,15.109
304,1,0,accepted,0.0206229881101839,0.130741101297736,484244.802848939,4977249.69685287,-1.41317876900891,14.953
305,1,0,accepted,0.0367958730989195,0.0968161587051742,484245.082383607,4977248.27794727,-1.41699493114827,11.388
306,1,0,accepted,0.0396261628800571,-0.0610327092914977,484245.334778646,4977246.849851,-1.42249208374025,10.332
307,1,0,accepted,0.0324386982335983,-0.0367392360229364,484245.566613619,4977245.40182053,-1.42530208015676,11.964
308,1,0,accepted,0.0435226606182921,0.034158662970188,484245.792725538,4977243.95444557,-1.42723946748226,12.148
309,1,0,accepted,0.0581939810138988,0.150526052977135,484246.021847985,4977242.51056928,-1.42834163490495,12.159
310,1,0,accepted,0.0534270731260086,0.215684118831255,484246.26597008,4977241.09817144,-1.43044255081771,12.57
311,1,0,accepted,0.0896705536105218,0.146621865392964,484246.466089484,4977239.63407973,-1.43441074921927,12.282
312,1,0,accepted,0.0948550339246203,0.176439700174768,484246.690578318,4977238.19219228,-1.43630093972975,12.218
313,1,0,accepted,0.102415510266145,0.102651676296843,484246.903121869,4977236.78664496,-1.43938003090323,12.775
314,1,0,accepted,0.120079262037031,0.172811480969507,484247.112920734,4977235.34812839,-1.4410096724777,12.389
315,1,0,accepted,0.141362374209232,0.0170945097401292,484247.31228627,4977233.92953073,-1.44610968964966,14.859
316,1,0,accepted,0.143428043087614,0.0729004468770668,484247.521858842,4977232.54640748,-1.44835645617351,13.242
317,0,0,notConverged,0.184358153942952,0.0799758908014201,484247.701674952,4977231.11390018,-1.45070160099598,27.458
318,1,0,accepted,0.06512768864326,-0.75322005473409,484248.133306172,4977229.78487193,-1.46737643786684,12.7
319,1,0,accepted,0.0210816895507582,-0.671448282495948,484248.297662814,4977228.33831984,-1.46809807288943,12.35
320,1,0,accepted,0.0210759768518615,-0.663238848724136,484248.478709399,4977226.88907681,-1.46976433728031,11.696
321,1,0,accepted,0.0604720260399537,-0.634337648395954,484248.650385373,4977225.44086766,-1.47146801910226,12.16
322,1,0,accepted,0.0626281028088475,-0.53128758407465,484248.858793492,4977224.00957674,-1.47191622777788,13.563
323,1,0,accepted,0.074729062214565,-0.521904752815503,484249.054191384,4977222.56998757,-1.47398386637387,10.975
324,1,0,accepted,0.0952663413652635,-0.214973886481562,484249.206721112,4977221.15268218,-1.47088475738364,11.479
325,1,0,accepted,0.131721857827213,-0.276688765722347,484249.381099891,4977219.67318794,-1.47412973232451,12.59
326,1,0,accepted,0.159319053655373,-0.484914016619351,484249.560571641,4977218.22626573,-1.47956147000659,13.011
327,1,0,accepted,0.196029627728783,-0.294579403941369,484249.711602745,4977216.80655086,-1.47792688412754,12.932
328,1,0,accepted,0.208910566186913,-0.178489629490058,484249.861134174,4977215.36477338,-1.47796990737033,11.556
329,1,0,accepted,0.172465706421092,-0.110104809801394,484250.048166976,4977213.96699553,-1.47759897440264,12.333
330,1,0,accepted,0.182137377836668,-0.0586710228471031,484250.208490955,4977212.53940038,-1.47901015226636,11.704
331,1,0,accepted,0.169356937874356,-0.0211280803702311,484250.384718609,4977211.12743797,-1.47984561000739,12.069
332,1,0,accepted,0.145350894543096,0.00196224573614022,484250.622756208,4977209.65763266,-1.47957641220834,16.005
333,1,0,accepted,0.16430933420748,0.132997930969523,484250.776617001,4977208.22004616,-1.47968408269233,13.284
334,1,0,accepted,0.175003492337122,0.140979088384912,484250.986640681,4977206.76385228,-1.48115258435624,18.456
335,1,0,accepted,0.181073899224112,0.0595719512269915,484251.160347189,4977205.32664042,-1.48344750473384,14.813
336,1,0,accepted,0.116727768406355,-0.19443795248706,484251.328916218,4977203.95661137,-1.48935763747181,16.851
337,1,0,accepted,0.0973034208666057,-0.0548701878984855,484251.412294325,4977202.59306542,-1.48870600104192,13.145
338,1,0,accepted,0.0662460584443206,-0.140212917307124,484251.590830505,4977201.1943224,-1.49107621815166,12.423
339,1,0,accepted,0.0959103245977846,0.0229457236178069,484251.716637102,4977199.76555024,-1.49031730231188,11.199
340,1,0,accepted,0.125013285483375,0.171198942298031,484251.848318601,4977198.30466812,-1.48953345981804,11.478
341,1,0,accepted,0.062803557308063,0.0108171241160941,484252.056475466,4977196.95727143,-1.49399693844322,14.786
342,1,0,accepted,0.0730300537697326,0.215197857764074,484252.19040746,4977195.49245064,-1.49183859586348,13.471
343,1,0,accepted,0.0593676014075573,0.229065370374133,484252.351745594,4977194.05587471,-1.49301360264945,11.85
344,1,0,accepted,0.0682388247982204,0.2620466622327,484252.510266549,4977192.5885671,-1.49348053715472,11.574
345,1,0,accepted,0.0804541014041323,0.271065031006473,484252.649803857,4977191.14036041,-1.4944158796543,12.451
346,1,0,accepted,0.0740485723062994,0.320719542791692,484252.789223292,4977189.73390911,-1.49466120628925,13.615
347,1,0,accepted,0.00758184325025711,0.199686628590571,484252.962827929,4977188.37827604,-1.49732605765032,14.402
348,1,0,accepted,0.0199485585816826,0.171411385348088,484253.098662181,4977186.96243139,-1.49872928600574,16.803
349,1,0,accepted,0.0888644228820602,0.0682352918298878,484253.275361124,4977185.6103636,-1.50104012610408,12.733
350,1,0,accepted,0.090289932027774,0.0906088284800628,484253.39061758,4977184.19716859,-1.50105837465591,13.267
351,1,0,accepted,0.070583550235408,0.144668396340078,484253.493996996,4977182.74790416,-1.50004317089599,13.538
352,1,0,accepted,0.0577585721296549,0.159594643649818,484253.606523302,4977181.32828991,-1.49966440080718,15.03
353,1,0,accepted,0.0508461302212617,0.207763104452173,484253.736599844,4977179.90767085,-1.49896867833431,15.486
354,1,0,accepted,0.0487262700172638,0.110468424487399,484253.861760148,4977178.4735321,-1.50060511059092,12.296
355,1,0,accepted,0.0706751187562008,0.144591786987903,484253.975422684,4977177.06404297,-1.50006494654491,12.684
356,1,0,accepted,0.0816863447117367,0.107680701226387,484254.094008006,4977175.64523628,-1.50081192585001,12.06
357,1,0,accepted,0.0946772124769475,0.196745585656059,484254.209020615,4977174.21411249,-1.49937466709042,13.351
358,1,0,accepted,0.089604262548993,0.178235202996365,484254.331638892,4977172.77245041,-1.49980565761342,11.279
359,1,0,accepted,0.0910166764058952,0.178148702324036,484254.449296306,4977171.34735918,-1.49958010448664,12.173
360,1,0,accepted,0.104975437178781,0.162642979524768,484254.5640456,4977169.90639944,-1.49970433448997,11.619
361,1,0,accepted,0.102058272900828,0.0814853324519072,484254.685594332,4977168.48770176,-1.50082453204282,12.296
362,1,0,accepted,0.125772090878022,-0.00341691676296276,484254.802454034,4977167.03764726,-1.50194547100396,12.775
363,1,0,accepted,0.153733710167573,-0.0454994181042158,484254.910471883,4977165.58620432,-1.50240987243367,11.357
364,1,0,accepted,0.169535807673072,-0.222082884483492,484255.03384056,4977164.15906809,-1.50532314387118,12.32
365,1,0,accepted,0.196832441449849,-0.0607701471956638,484255.135661597,4977162.72477667,-1.50194790583103,13.741
366,1,0,accepted,0.21344511142649,-0.00335305819464839,484255.249490603,4977161.29177731,-1.50036555686389,13.449
367,1,0,accepted,0.224855098834838,0.043680690967649,484255.359610275,4977159.86732894,-1.49886125798561,12.949
368,1,0,accepted,0.233505188835966,0.115266092335409,484255.467971757,4977158.42985981,-1.49697451694276,12.882
369,1,0,accepted,0.237095007633755,0.144361529696252,484255.585193793,4977156.99693768,-1.4957654015402,12.764
370,1,0,accepted,0.235223058202119,0.0880729152126163,484255.688475688,4977155.60124286,-1.49600211052956,12.045
371,1,0,accepted,0.24162413265776,0.173624315207288,484255.809629128,4977154.1720289,-1.49377167738843,12.065
372,1,0,accepted,0.254679691140784,0.26567323566807,484255.923867172,4977152.78187673,-1.49150482302849,10.802
373,1,0,accepted,0.294913696978139,0.371734916518066,484256.017165047,4977151.37980517,-1.48768825756364,9.522
374,1,0,accepted,0.167376980776825,0.179680933605603,484256.296355085,4977150.05472376,-1.489766697077,11.892
375,1,0,accepted,0.156085228812575,0.0599927683816971,484256.494404488,4977148.66948738,-1.48988233364935,12.718
376,1,0,accepted,0.141732421717108,-0.162628146747371,484256.683467751,4977147.23111879,-1.4917362218206,12.784
377,1,0,accepted,0.133467204938863,-0.30115487685627,484256.869668859,4977145.80553841,-1.49280669163799,9.734
378,1,0,accepted,0.0209987709085862,-0.574655177557162,484257.05553581,4977144.27985671,-1.49572762024695,11.295
379,1,0,accepted,0.0339278046009319,-0.47900211800459,484257.170994851,4977142.83037841,-1.49264494431248,10.744
380,1,0,accepted,0.0592015377478541,-0.322112142290674,484257.312276982,4977141.38370658,-1.48821466272708,11.881
381,1,0,accepted,0.0864231734784565,-0.26227942678413,484257.459535249,4977139.92252936,-1.48573506944489,10.433
382,1,0,accepted,0.0987748565545619,-0.225459917770472,484257.607627556,4977138.50779423,-1.48359630036574,10.5
383,1,0,accepted,0.0807771868305584,-0.0750311079032216,484257.769081623,4977137.11862638,-1.47951775561312,12.084
384,1,0,accepted,0.0359840514664015,0.141828261005572,484257.976329861,4977135.71444329,-1.47479987101113,13.062
385,1,0,accepted,0.017923020897324,0.0833597379311347,484258.157028351,4977134.33295144,-1.4745201061632,11.973
386,1,0,accepted,0.00730629377064685,-0.0505913707116174,484258.340957609,4977132.92227831,-1.47498732040453,12.277
387,1,0,accepted,0.063238611916595,-0.107069360617683,484258.538732509,4977131.56309138,-1.47488253214856,11.81
388,1,0,accepted,0.0556438334177546,-0.123175299656063,484258.692974026,4977130.15714969,-1.47378435169023,10.718
389,1,0,accepted,0.0428216543090635,-0.113129676859159,484258.849049608,4977128.73318503,-1.4720165260466,10.448
390,1,0,accepted,0.0767156774492987,-0.00920307203412157,484259.002963862,4977127.36258877,-1.46870121555957,11.84
391,1,0,accepted,0.0725849119978882,0.0221057581568106,484259.154115349,4977125.94573418,-1.46664239488912,16.725
392,1,0,accepted,0.0777425037497232,0.0927616351695006,484259.314544412,4977124.54918965,-1.46445320349803,10.541
393,1,0,accepted,0.0820499254229864,0.0550402041458254,484259.471405,4977123.14122531,-1.46358577007915,10.975
394,1,0,accepted,0.0923626886601353,0.0757044890400832,484259.629665603,4977121.72225922,-1.46188492747268,10.306
395,1,0,accepted,0.100716658254348,0.0855067549927276,484259.79836247,4977120.28830681,-1.46058372022624,11.177
396,1,0,accepted,0.10305853068321,0.0837757632948279,484259.977087737,4977118.8914699,-1.45962576369583,11.492
397,1,0,accepted,0.109574349133684,0.0862998958989901,484260.158662097,4977117.46896906,-1.45846531535591,11.419
398,1,0,accepted,0.116845358861565,0.10657664880288,484260.340482655,4977116.0788913,-1.45667199919743,10.79
399,1,0,accepted,0.0933005453843347,0.147734741384625,484260.537716738,4977114.71350452,-1.45495823192527,11.119
400,1,0,accepted,0.0997705862801524,0.185935222839644,484260.721317161,4977113.31944583,-1.45307952659102,11.175
401,1,0,accepted,0.127961978704937,0.350700456579627,484260.891091129,4977111.90803457,-1.44855941601062,10.752
402,1,0,accepted,0.126441409769039,0.500560978597588,484261.074223651,4977110.55013184,-1.44432156276571,11.327
403,1,0,accepted,0.124175477711658,0.407963115300017,484261.271482174,4977109.16709434,-1.44448369810085,11.142
404,1,0,accepted,0.125553716678245,0.399866272139981,484261.463702942,4977107.78165028,-1.44263217591107,11.837
405,1,0,accepted,0.119334136153536,0.317088767163751,484261.660144788,4977106.43844096,-1.44195008737928,11.047
406,1,0,accepted,0.112535714164292,0.249054999398622,484261.861797488,4977105.07993443,-1.44087922888674,11.518
407,1,0,accepted,0.0836902337781971,0.0497487858189637,484262.098259335,4977103.77105099,-1.44209895199224,12.019
408,1,0,accepted,0.06127258824004,-0.125762069857057,484262.309065169,4977102.37839269,-1.44289835492983,12.263
409,1,0,accepted,0.0796064229925254,-0.0796684719667384,484262.497489052,4977100.97414715,-1.43997394612345,13.233
410,1,0,accepted,0.0987398957990361,0.050008122307012,484262.697043597,4977099.59048838,-1.43543087919903,12.682
411,1,0,accepted,0.0913374904583208,0.138814456898979,484262.899742549,4977098.26943405,-1.43162719628079,11.14
412,1,0,accepted,0.0932021153765443,0.210637592029033,484263.113296679,4977096.92274784,-1.4288161930886,12.425
413,1,0,accepted,0.0962251158469029,0.302298720309668,484263.330225529,4977095.56445878,-1.4253966632024,14.008
414,1,0,accepted,0.101591223454678,0.221325748330278,484263.549496145,4977094.21684636,-1.42451278416937,11.793
415,1,0,accepted,0.102981852341165,0.328038975339734,484263.770379019,4977092.87212356,-1.42095035797556,12.979
416,1,0,accepted,0.119391435749174,0.255563168140643,484263.981764678,4977091.52682551,-1.42002647843901,12.519
417,1,0,accepted,0.126644711119848,0.206381259639788,484264.195338379,4977090.18582157,-1.41872582018911,12.443
418,1,0,accepted,0.130143716120196,0.244871436353257,484264.410698322,4977088.87717338,-1.41639665020917,12.742
419,1,0,accepted,0.135545307091889,0.249577971455013,484264.63448354,4977087.54976053,-1.41390717981231,13.38
420,1,0,accepted,0.165588238330643,0.269619678569462,484264.847425241,4977086.20195394,-1.4115954147447,12.992
421,1,0,accepted,0.173226248814286,0.429935943251017,484265.086396586,4977084.86672069,-1.40695757289299,13.406
422,1,0,accepted,0.163193251056229,0.462420554521183,484265.33294641,4977083.54376717,-1.40476920220917,11.663
423,1,0,accepted,0.16437114457616,0.413678200183668,484265.573291294,4977082.2171471,-1.40403397100097,10.965
424,1,0,accepted,0.172488593875021,0.248109270094791,484265.803470015,4977080.9117712,-1.40518799442659,12.522
425,1,0,accepted,0.146859631499684,-0.371052862458445,484266.240216379,4977079.63200158,-1.41444148552788,11.358
426,1,0,accepted,0.146078877289966,-0.330546484651435,484266.473340765,4977078.31170267,-1.41152154165975,11.272
427,1,0,accepted,0.139072650661044,-0.220562712696767,484266.707119203,4977076.99370627,-1.40851412133835,11.411
428,1,0,accepted,0.143810425309096,0.0441120107687321,484266.944282793,4977075.66557455,-1.40229193031813,11.417
429,1,0,accepted,0.130601465901079,0.0903531183036355,484267.169049877,4977074.36001311,-1.40022185780753,11.438
430,1,0,accepted,0.0457021935813379,-0.00392162585887154,484267.42908318,4977073.15197127,-1.40008445800705,12.404
431,1,0,accepted,0.0490478428343571,-0.0835920705523487,484267.662652169,4977071.8935989,-1.39959240666622,11.98
432,1,0,accepted,0.0509879226576704,-0.111963641933165,484267.907791959,4977070.59333776,-1.39832667305276,12.088
433,1,0,accepted,0.0289418978501438,-0.0700536494217756,484268.149183921,4977069.26254002,-1.39625495792454,12.027
434,1,0,accepted,0.0151966685456716,-0.0236424769144397,484268.384699203,4977067.93029259,-1.39362118054638,11.908
435,1,0,accepted,0.0464317418846309,0.136938712485732,484268.639342187,4977066.57264203,-1.38937081801443,12.458
436,1,0,accepted,0.0689883390890678,0.144251089834252,484268.892625765,4977065.23871339,-1.38728838244464,12.247
437,1,0,accepted,0.0862244082737491,0.224448850919294,484269.159813376,4977063.9180472,-1.38415862447619,11.463
438,1,0,accepted,0.0894309627028466,0.21863929688581,484269.42544741,4977062.60391911,-1.38198793607058,11.493
439,1,0,accepted,0.0926824978420209,0.273129675921725,484269.680185356,4977061.29072154,-1.37911193523837,11.346
440,1,0,accepted,0.0884670034473298,0.195215483731196,484269.915267248,4977060.03511047,-1.37824190091934,11.814
441,1,0,accepted,0.113046346344285,0.177702043699166,484270.180312377,4977058.69603042,-1.37622103056779,12.077
442,1,0,accepted,0.104605945234597,0.129992188930366,484270.463924561,4977057.39600091,-1.37503076564732,13.594
443,1,0,accepted,0.12892601661098,0.144723465611885,484270.713095295,4977056.09164309,-1.37234428554963,13.012
444,1,0,accepted,0.118509760949139,0.157275668417653,484271.005864192,4977054.80169398,-1.37017261041286,12.85
445,1,0,accepted,0.123846275485819,0.185349864196802,484271.286511428,4977053.49642756,-1.36731868539937,12.408
446,1,0,accepted,0.118096744075231,0.224597144306138,484271.580628236,4977052.1947333,-1.36368259395856,12.567
447,1,0,accepted,0.131891789368331,0.207724557667016,484271.86040391,4977050.88753984,-1.36135828428144,10.85
448,1,0,accepted,0.142978663724551,0.236932538370612,484272.143936244,4977049.58254865,-1.35792595986959,12.717
449,1,0,accepted,0.136421075849086,0.321457193099837,484272.446129752,4977048.2952158,-1.35331515530443,13.74
450,1,0,accepted,0.0319479195176587,-0.344318494696877,484272.895552864,4977047.08175302,-1.36165571548166,20.3
451,1,0,accepted,0.0531768889902007,-0.503457162669927,484273.203380888,4977045.82077419,-1.36118956677124,16.309
452,1,0,accepted,0.0562657416978095,-0.563918194794229,484273.489397946,4977044.54909545,-1.35921555109091,16.02
453,1,0,accepted,0.0639090749813732,-0.365794046893907,484273.78830736,4977043.28095409,-1.35220202276395,13.102
454,1,0,accepted,0.0552932128703924,-0.120791492910727,484274.097363995,4977041.99833756,-1.3446145017479,14.133
455,1,0,accepted,0.033899566781355,0.00645888324543072,484274.407286047,4977040.70504019,-1.33842834482144,14.494
456,1,0,accepted,0.0327307022446712,-0.0463822336437924,484274.71690096,4977039.41565818,-1.3352073196275,12.451
457,1,0,accepted,0.0278909097326742,0.164157441485177,484275.041462526,4977038.16261064,-1.32766309401319,12.447
458,1,0,accepted,0.0229242987605316,0.295451717257633,484275.37452865,4977036.90732191,-1.32115868034398,12.813
459,1,0,accepted,0.0165784233187172,0.415659223578094,484275.715102843,4977035.65973297,-1.31525586743409,13.69
460,1,0,accepted,0.0253078813987863,0.392866530933782,484276.044216454,4977034.43059592,-1.31144541474227,13.211
461,1,0,accepted,0.032337691758671,0.31275059916461,484276.383416143,4977033.1737984,-1.30862515457996,15.06
462,1,0,accepted,0.0382752370880255,0.267794794881899,484276.720273287,4977031.95718137,-1.30517486601388,18.997
463,1,0,accepted,0.0525143380908795,0.19545699527703,484277.065580192,4977030.73675925,-1.30193645215477,14.304
464,1,0,accepted,0.192277927497047,0.149197042043481,484277.401813348,4977029.69944996,-1.29821873276427,13.72
465,1,0,accepted,0.181306809522693,0.237203695128527,484277.751598155,4977028.47054703,-1.2927139232184,13.998
466,1,0,accepted,0.172664207261892,0.313509884598502,484278.103326938,4977027.24638841,-1.2873882032809,13.558
467,1,0,accepted,0.139890747065547,0.33648865460072,484278.458588773,4977026.00065571,-1.28253785568956,13.138
468,1,0,accepted,0.145442078377362,0.431715314170992,484278.809645898,4977024.78535204,-1.27681019177188,15.997
469,1,0,accepted,0.117942313579231,0.302083628370483,484279.196335248,4977023.55105606,-1.27467599738098,16.958
470,1,0,accepted,0.118680887896681,0.357792556918611,484279.565710943,4977022.37299762,-1.26947329635154,15.725
471,1,0,accepted,0.115801255605464,0.39590088487784,484279.955705822,4977021.19557754,-1.26449380186234,15.71
472,1,0,accepted,0.114806660603081,0.384813245922752,484280.342220964,4977020.00937659,-1.26040906728912,13.094
473,1,0,accepted,0.111711817166909,0.447490988697454,484280.726014055,4977018.81940936,-1.25498878859529,14.934
474,1,0,accepted,0.109265725578064,0.442096383807626,484281.136385922,4977017.65210108,-1.25116535427991,13.774
475,1,0,accepted,0.0807740954944365,0.394978807522048,484281.549893169,4977016.44479148,-1.24795298853634,15.658
476,1,0,accepted,0.0588207216004037,0.26009073620407,484281.968669627,4977015.23471222,-1.24607792359727,13.137
477,1,0,accepted,0.0757295109862959,0.421319334881746,484282.362007885,4977014.05347324,-1.23941187617996,13.403
478,1,0,accepted,0.0648658634479282,0.01287317635,484282.829981113,4977012.86218589,-1.24279565197715,14.047
479,1,0,accepted,0.106079194809264,0.537077318029196,484283.237873452,4977011.66626149,-1.2296338453248,14.235
480,1,0,accepted,0.116444210205596,0.44008601738623,484283.66530726,4977010.50120943,-1.22727716204908,14.233
481,1,0,accepted,0.117678908786287,0.357286086602888,484284.106386528,4977009.33849182,-1.22491317361708,12.911
482,1,0,accepted,0.118734018683137,0.367624608955752,484284.514734151,4977008.1887153,-1.22095428409346,13.903
483,1,0,accepted,0.128608877025979,0.325867203550854,484284.93958647,4977007.05144367,-1.21785756287422,12.747
484,1,0,accepted,0.132381714656253,0.273504841461156,484285.37014731,4977005.90370465,-1.21477086701157,12.477
485,1,0,accepted,0.135930132767112,0.233485708224518,484285.798347339,4977004.76792828,-1.21153714225948,13.055
486,1,0,accepted,0.144589726554372,0.223447886645216,484286.240214255,4977003.62226666,-1.20741311815876,13.763
487,1,0,accepted,0.0683727906296448,0.21896550150872,484286.714278751,4977002.56024494,-1.20426187468449,17.96
488,1,0,accepted,0.0651302390680186,0.268656785131131,484287.162223746,4977001.43451299,-1.1992566232254,14.509
489,1,0,accepted,0.0587753563246749,0.326179873122192,484287.628117115,4977000.29753939,-1.19374409078557,13.999
490,1,0,accepted,0.034832539188216,0.306420805516347,484288.088756829,4976999.23296292,-1.1916504970653,15.176
491,1,0,accepted,0.0330613112135971,0.0455432049646195,484288.562633143,4976998.12112706,-1.19251583059769,14.353
492,1,0,accepted,0.140546945393994,-0.4618759949599,484289.15994254,4976997.07896974,-1.19753260778898,14.08
493,1,0,accepted,0.13324030163359,-0.385983102024798,484289.60967064,4976995.96755252,-1.19244872635245,13.696
494,1,0,accepted,0.120743153172017,-0.421004921745675,484290.069219589,4976994.84204587,-1.18957817419234,12.125
495,1,0,accepted,0.0964145997128491,-0.49175644132446,484290.526641059,4976993.71172245,-1.18685336096062,14.407
496,1,0,accepted,0.0764020758019522,-0.268557617371734,484290.984523517,4976992.58957711,-1.17982320012003,14.539
497,1,0,accepted,0.0543425565164579,-0.220711484743185,484291.469102191,4976991.45474355,-1.17567295076117,12.58
498,1,0,accepted,0.0393299247463503,-0.0352506830492255,484291.940010632,4976990.32939851,-1.16915428204368,12.091
499,1,0,accepted,0.0540106022932994,0.279390727447638,484292.40233663,4976989.19662353,-1.15992335538491,13.816
500,1,0,accepted,0.0350138036821043,0.0735803349987575,484292.920226028,4976988.0846676,-1.15994069402819,12.712
501,1,0,accepted,0.0329711284614307,0.180996485085257,484293.424709263,4976986.95687975,-1.15458907890247,15.539
502,1,0,accepted,0.0438216305208397,0.11879465187002,484293.954824302,4976985.80537514,-1.15241311160701,15.943
503,1,0,accepted,0.0780055440211358,0.0877003090190254,484294.4714604,4976984.68234623,-1.15004012735844,16.212
504,1,0,accepted,0.12114790111991,0.0901681891693518,484295.033204317,4976983.55269298,-1.14506616315263,16.47
505,1,0,accepted,0.13928333057761,-0.00885371092983987,484295.557378688,4976982.4338593,-1.14385609629933,16.786
506,1,0,accepted,0.148271689299602,0.196479339670247,484296.090700683,4976981.32866462,-1.13703897324377,17.468
507,1,0,accepted,0.11383442618421,0.353377210005484,484296.579229957,4976980.25113498,-1.13187543925194,15.434
508,1,0,accepted,0.0987057949391986,0.498489242072347,484297.089830018,4976979.17036207,-1.1270197349814,17.975
509,1,0,accepted,0.0570920523596335,0.421098524516852,484297.572247904,4976978.13516078,-1.12616688948228,17.701
510,1,0,accepted,0.0863508309624468,0.470160675914655,484298.063426014,4976977.08693418,-1.12342826716672,16.1
511,1,0,accepted,0.111993132623218,0.512118052932951,484298.578683171,4976975.97890416,-1.12058672052783,14.068
512,1,0,accepted,0.135163962479723,0.581587231011299,484299.095266731,4976974.90289596,-1.11779652915765,16.848
513,1,0,accepted,0.13885761247291,0.545164671326754,484299.632803703,4976973.81303078,-1.11702964784931,16.221
514,1,0,accepted,0.133541553622421,0.555051033263846,484300.181496458,4976972.70814664,-1.1157960643833,14.911
515,1,0,accepted,0.121176072931604,0.507987102653088,484300.749337488,4976971.5774564,-1.11581644478635,17.751
516,1,0,accepted,0.100370544226911,0.461603669981299,484301.309750265,4976970.48332054,-1.1164255275166,18.069
517,1,0,accepted,0.0309249780426066,0.231296174338386,484301.934416994,4976969.41056013,-1.12051651039195,18.002
518,1,0,accepted,0.0150323228641001,0.0856945713119472,484302.510655485,4976968.2775661,-1.12287987296864,16.246
519,1,0,accepted,0.0261308858779814,0.00965475241551868,484303.064613058,4976967.16173399,-1.12411555242175,16.057
520,1,0,accepted,0.0205087790797822,-0.0868538907958178,484303.629253104,4976966.08080974,-1.12590097292496,16.559
521,1,0,accepted,0.027271162958298,-0.166746747204083,484304.181046159,4976964.97645532,-1.12781577554012,16.858
522,1,0,accepted,0.0275179424446333,-0.19261960483022,484304.734423832,4976963.88953529,-1.12958019504863,17.455
523,1,0,accepted,0.0221344738449319,-0.259970856779924,484305.277799412,4976962.78938076,-1.13158807688982,17.503
524,1,0,accepted,0.0165954773324499,-0.264900677152224,484305.814291704,4976961.6863188,-1.13305813877306,17.704
525,1,0,accepted,0.0621418411713883,-0.364365494907576,484306.353224944,4976960.630752,-1.13643604162562,14.656
526,1,0,accepted,0.0480934277675765,-0.443431307335716,484306.880187998,4976959.510825,-1.13831838017531,15.529
527,1,0,accepted,0.0384057265319244,-0.440721553447899,484307.409086872,4976958.38313439,-1.1403808275219,13.38
528,1,0,accepted,0.0423873947128987,-0.483120977011608,484307.945371555,4976957.2522087,-1.14269365588079,14.668
529,1,0,accepted,0.0533894565237178,-0.488727157149323,484308.471989599,4976956.12870256,-1.14503467595484,14.649
530,1,0,accepted,0.073084091106919,-0.383135847588072,484309.004310492,4976954.99298929,-1.14605176821621,13.426
531,1,0,accepted,0.094771621287236,-0.256037901947333,484309.527362822,4976953.86355781,-1.14685516343437,15.083
532,1,0,accepted,0.115373285831282,-0.201370168600285,484310.061674798,4976952.72769403,-1.14913445287322,17.584
533,1,0,accepted,0.136846363352936,-0.158911627890904,484310.599127158,4976951.58171916,-1.15223645927263,17.728
534,1,0,accepted,0.134347631242944,0.0695963516242521,484311.131303125,4976950.470558,-1.15230931737295,17.65
535,1,0,accepted,0.129962530023531,0.0453186362570206,484311.654600804,4976949.35699887,-1.15637275319933,14.553
536,1,0,accepted,0.133680703980465,0.0465048131235267,484312.162216862,4976948.23900042,-1.15985540454918,15.926
537,1,0,accepted,0.119789958343363,0.120083994864047,484312.668501963,4976947.13648956,-1.16247400686072,15.871
538,1,0,accepted,0.130618624567483,0.0098181499804222,484313.166355681,4976946.00668629,-1.16757027383527,12.48
539,1,0,accepted,0.134597580163384,0.0838572788819545,484313.660771611,4976944.8753027,-1.1700331062311,15.352
540,1,0,accepted,0.126521522809754,0.226530510490507,484314.145321076,4976943.7705809,-1.17172905087899,14.613
541,1,0,accepted,0.122840111243382,0.305195432376691,484314.639467201,4976942.64664713,-1.1740535650842,14.714
542,1,0,accepted,0.131293388098903,0.306303300207855,484315.114168265,4976941.53073281,-1.17792367650364,13.207
543,1,0,accepted,0.139663157860152,0.26579353718663,484315.582236402,4976940.39862579,-1.18212285305512,13.405
544,1,0,accepted,0.13317601592049,0.259171000836423,484316.060182457,4976939.29353253,-1.18570774572944,12.928
545,1,0,accepted,0.141023445925836,0.311340617798599,484316.528404782,4976938.16846195,-1.18825060172376,15.287
546,1,0,accepted,0.178218449761235,0.396163128905636,484316.963311631,4976937.09543175,-1.19049778832644,15.294
547,1,0,accepted,0.20382700712457,0.497440575197614,484317.407245573,4976935.95801187,-1.19232164611616,19.096
548,1,0,accepted,0.115947153853876,0.0190923235591216,484317.961114517,4976934.81972507,-1.20427133559925,14.433
549,1,0,accepted,0.0731238028566426,-0.278920400819315,484318.473658854,4976933.66400701,-1.21321282233261,18.76
550,1,0,accepted,0.0908144169717245,-0.21237999385809,484318.90094211,4976932.53205746,-1.21563145267239,16.345
551,1,0,accepted,0.135076354018073,0.00912545071061537,484319.307421667,4976931.3803725,-1.21592099332573,16.152
552,1,0,accepted,0.170549361568504,0.363552864347428,484319.72190536,4976930.22888766,-1.21343996835245,18.316
553,1,0,accepted,0.166501954882311,0.407435868258157,484320.170730878,4976929.05373778,-1.21637811187196,16.536
554,1,0,accepted,0.109762170108013,0.375323854500766,484320.675834825,4976927.94905552,-1.22072696927249,14.593
555,1,0,accepted,0.093222721220684,0.35155269902939,484321.134320955,4976926.80491239,-1.22470460159044,14.31
556,1,0,accepted,0.0705910379886949,0.320474140432542,484321.577171632,4976925.6547117,-1.22862977316074,14.896
557,1,0,accepted,0.0355480275399384,0.209823670058548,484322.034421495,4976924.46122959,-1.23437195517133,13.995
558,1,0,accepted,0.0413895847311723,0.206753179714848,484322.472948568,4976923.27435001,-1.23815170730373,16.491
559,1,0,accepted,0.0736707601507532,0.232830832410387,484322.890083605,4976922.07031673,-1.24113629488542,17.219
560,1,0,accepted,0.0705055687039288,0.235417533736253,484323.312751195,4976920.90909085,-1.24498901107212,15.347
561,1,0,accepted,0.0658692529078595,0.256518135575018,484323.718105758,4976919.75796899,-1.24807682602351,13.286
562,1,0,accepted,0.0580040436910262,0.221566088659751,484324.125032592,4976918.59653752,-1.25205766368017,15.742
563,1,0,accepted,0.0500973755813824,0.157633572234579,484324.524782752,4976917.45218961,-1.25703250823557,15.787
564,1,0,accepted,0.0611932226096482,0.0994143435860526,484324.923761861,4976916.27113106,-1.26127416729485,14.054
565,1,0,accepted,0.0752638203863124,0.0619419929674154,484325.318593109,4976915.09406942,-1.26528026707332,12.117
566,1,0,accepted,0.0716811852457106,0.0618663556535385,484325.705827885,4976913.93119996,-1.26836850048046,12.394
567,1,0,accepted,0.0742785656285903,0.0812331137599402,484326.082003516,4976912.76040021,-1.27144051382779,12.704
568,1,0,accepted,0.0436729450039554,0.00144257787172531,484326.486813154,4976911.61833262,-1.27604492198081,16.399
569,1,0,accepted,0.0158778577598753,-0.139518227063762,484326.892271851,4976910.47715789,-1.28174974045338,24.357
570,1,0,accepted,0.0372101098637215,-0.318763630929316,484327.295640443,4976909.3298413,-1.287866005174,14.663
571,1,0,accepted,0.0483152390213314,-0.419514409914568,484327.675231005,4976908.17163262,-1.29264802836091,16.035
572,1,0,accepted,0.0944359209132659,-0.734840127619982,484328.086846884,4976907.00971806,-1.30115524269043,14.13
573,1,0,accepted,0.103436358661402,-0.779227180536209,484328.460135222,4976905.84041995,-1.30481402644683,15.67
574,1,0,accepted,0.0892580390876162,-0.602742022191064,484328.807493989,4976904.65744437,-1.3044738565599,16.455
575,1,0,accepted,0.08081474602215,-0.523294370189457,484329.147050281,4976903.49377791,-1.30581417753557,13.579
576,1,0,accepted,0.0802279483971605,-0.381520512326859,484329.471311264,4976902.34007868,-1.30590542479887,15.464
577,1,0,accepted,0.0628085726777427,-0.441812941476538,484329.800364375,4976901.15030074,-1.30951710123648,14.48
578,1,0,accepted,0.0634869561591949,-0.379491105860576,484330.121764232,4976899.97126279,-1.31043786747323,13.119
579,1,0,accepted,0.0695873392782866,-0.281164726548525,484330.434878431,4976898.77582876,-1.31103600102434,12.793
580,1,0,accepted,0.0669449956418734,-0.221724279671042,484330.823869273,4976897.62380938,-1.31163861480366,17.339
581,1,0,accepted,0.0685005376009543,-0.343101671195446,484331.181576549,4976896.44442796,-1.31526659904058,13.162
582,1,0,accepted,0.0814607826203727,-0.401080197896717,484331.538115636,4976895.26582518,-1.31775014794872,16.024
583,1,0,accepted,0.0791401011590797,-0.340449617033701,484331.863367479,4976894.1086062,-1.31876010059699,13.731
584,1,0,accepted,0.0906624884776516,-0.277876882157126,484332.188024896,4976892.94085519,-1.31918688966021,16.134
585,1,0,accepted,0.0826462375597049,-0.233736964776824,484332.504677719,4976891.75595186,-1.32008840333778,14.84
586,1,0,accepted,0.0269953529698692,-0.292954197765855,484332.820771334,4976890.51004233,-1.32262663106127,17.974
587,1,0,accepted,0.0395223548377693,-0.351061055464765,484333.133972344,4976889.2995359,-1.32503424859861,16.29
588,1,0,accepted,0.066779467475039,-0.293625644175464,484333.443692152,4976888.10028423,-1.32551228122067,16.783
589,1,0,accepted,0.155148190204089,-0.304720084964771,484333.73647046,4976886.83966501,-1.32703162437619,13.503
590,1,0,accepted,0.108652917262585,-0.329163693159709,484334.073381898,4976885.71524123,-1.32897500459633,11.255
591,1,0,accepted,0.122032645401927,-0.276043753031623,484334.378165814,4976884.54022016,-1.32949962991659,13.154
592,1,0,accepted,0.143382870210945,-0.279774098972238,484334.677163359,4976883.35873293,-1.33102224539026,10.052
593,1,0,accepted,0.165275180399374,-0.271149923984134,484334.974944081,4976882.17911078,-1.33221111235613,9.806
594,1,0,accepted,0.171434022852254,-0.23335891839568,484335.280399251,4976881.0158135,-1.33310089383602,10.117
595,1,0,accepted,0.181646822201565,-0.204429725014876,484335.584515877,4976879.84042807,-1.33413190724596,11.279
596,1,0,accepted,0.186927714815182,-0.195890429146934,484335.890886523,4976878.67976333,-1.33554905396384,15.493
597,0,1,acceptedDirectional,0.14149765669168,-0.308414719843091,484336.254241214,4976877.5273596,-1.33900947530304,30.525
598,0,1,acceptedDirectional,0.177162663820076,-0.235349887688096,484336.543535015,4976876.36767881,-1.33870876812808,10.015
599,1,0,accepted,0.223979461886709,0.691954342606538,484336.912789701,4976875.51928465,-1.32380202353922,12.447
600,1,0,accepted,0.229507678165273,0.903122645003015,484337.231579281,4976874.37483703,-1.32180386672188,9.973
601,1,0,accepted,0.215971684359349,0.802718621045499,484337.581881298,4976873.22873018,-1.32510232006078,11.267
602,1,0,accepted,0.202433735407721,0.635330368181334,484337.93300301,4976872.08992492,-1.32968741634234,9.92
603,1,0,accepted,0.17475158579118,0.500572007664988,484338.244419618,4976870.92949792,-1.33387954858795,9.032
604,1,0,accepted,0.163974536991122,0.540291592552232,484338.518427582,4976869.77593122,-1.33528922848779,12.044
605,1,0,accepted,0.150034748837832,0.424949509067993,484338.814626124,4976868.62490173,-1.33903982650251,9.184
606,1,0,accepted,0.147418341402808,0.424910961898701,484339.091222412,4976867.4682467,-1.34125901204168,9.066
607,1,0,accepted,0.16026649266073,0.434406087401328,484339.354937788,4976866.30358294,-1.34365281097032,12.69
608,1,0,accepted,0.131196764325506,0.248994732140929,484339.656334897,4976865.15554467,-1.3494194518069,11.545
609,1,0,accepted,0.110494259633733,0.10900107995791,484339.941000205,4976864.01793549,-1.35459122014246,12.959
610,1,0,accepted,0.118327797149566,0.314458922235862,484340.201242525,4976862.88037783,-1.35422589449462,15.649
611,1,0,accepted,0.121642850514306,0.515758642591953,484340.464967195,4976861.73369235,-1.35419128399039,11.124
612,1,0,accepted,0.117637836089791,0.697696415807202,484340.707596261,4976860.66308863,-1.35447275790995,12.022
613,1,0,accepted,0.100525148803585,0.682854767678419,484340.985400863,4976859.50459804,-1.35876366059786,12.438
614,1,0,accepted,0.099124385519403,0.90284594765998,484341.242539029,4976858.37045632,-1.35945334538287,10.252
615,1,0,accepted,0.11152796448023,1.01064404352046,484341.490906042,4976857.22228858,-1.36304966466276,11.054
616,1,0,accepted,0.183389517239176,0.127222946989546,484341.72576971,4976856.00603143,-1.38480352092471,9.813
617,1,0,accepted,0.209426689219273,-0.118105255815187,484341.951765,4976854.861657,-1.39592820024341,10.768
618,1,0,accepted,0.217343401507841,-0.0225121215889239,484342.175215905,4976853.71670083,-1.40141189701239,9.795
619,1,0,accepted,0.187878405077954,0.521437888638226,484342.401764016,4976852.62490106,-1.40000299506227,10.634
620,1,0,accepted,0.155872614787405,0.792993550742678,484342.632736484,4976851.53540048,-1.40336858188953,11.917
621,1,0,accepted,0.117497423886092,0.947878666954974,484342.868968188,4976850.44825165,-1.40961556954571,11.002
622,1,0,accepted,0.125995063870573,0.934100838488393,484343.056081813,4976849.32853115,-1.41978792989939,8.993
623,1,0,accepted,0.158287769949333,0.778966986013932,484343.219297684,4976848.18960121,-1.43402654436322,14.686
624,1,0,accepted,0.163557036399267,0.773400035418567,484343.394256224,4976847.05680732,-1.44575042270588,9.723
625,1,0,accepted,0.15893368777617,0.866239246099933,484343.566364436,4976845.91761026,-1.45629559692001,9.625
626,0,1,acceptedDirectional,0.0752753348633511,0.0745580888691666,484343.830303486,4976844.79132746,-1.48233781790532,14.072
627,0,1,acceptedDirectional,0.0988187464587067,-0.378298440142448,484344.058114063,4976843.64073253,-1.50223402250167,12.291
628,0,1,acceptedDirectional,0.0906366228558718,-0.148975120115107,484344.142891736,4976842.51282899,-1.51026986615541,13.651
629,0,1,acceptedDirectional,0.10971631025644,-0.218183992905029,484344.263980906,4976841.37100443,-1.52394314827997,11.547
630,1,0,accepted,0.155287799737334,-0.14476284324833,484344.429438235,4976840.40852973,-1.53437228956113,15.427
631,1,0,accepted,0.13125622339173,0.262684985802325,484344.415835108,4976839.3204521,-1.53976694295654,14.857
632,1,0,accepted,0.127113617313995,0.407131855579697,484344.443338989,4976838.18768682,-1.54985395412453,14.785
633,1,0,accepted,0.139852701863699,0.3951796330633,484344.481548101,4976837.06775701,-1.56104553077439,13.404
634,1,0,accepted,0.124008495670585,0.194723092147335,484344.525169858,4976835.9264945,-1.57587292702861,15.478
635,1,0,accepted,0.116689097665937,0.162363053797195,484344.52867962,4976834.78925651,-1.58664692665894,15.049
636,1,0,accepted,0.126343881971766,0.328334349699183,484344.492589495,4976833.66733104,-1.59323716667051,12.996
637,1,0,accepted,0.107017199746521,0.189698249614756,484344.491725623,4976832.51728956,-1.60412290759243,13.083
638,1,0,accepted,0.0638864460388853,-0.150676510798689,484344.507125241,4976831.33497791,-1.61728812998787,14.658
639,1,0,accepted,0.0596359747266193,-0.0685263833313474,484344.44835706,4976830.20158266,-1.62200061305666,13.04
640,1,0,accepted,0.0695483377254562,0.0116068068993322,484344.377374214,4976829.04573776,-1.62592856199435,14.094
641,1,0,accepted,0.0752845609053243,0.0240132177903535,484344.316604042,4976827.89706578,-1.63072043663785,15.08
642,1,0,accepted,0.107179227010138,0.18131571692005,484344.233519506,4976826.74600668,-1.63275048566934,16.431
643,1,0,accepted,0.117407214297054,0.227323515607275,484344.170030365,4976825.58947807,-1.63655332869534,16.805
644,1,0,accepted,0.110662591184388,-0.0741680545072654,484344.125139513,4976824.40549449,-1.64567115782718,16.694
645,1,0,accepted,0.105150231080401,-0.0111802954260848,484344.065787727,4976823.254244,-1.64813217430306,17.198
646,1,0,accepted,0.102676239794117,-0.0180488570651671,484343.999049608,4976822.11251361,-1.65190097662463,14.487
647,1,0,accepted,0.0899484473592144,-0.255080828196231,484343.945525817,4976820.95027045,-1.65951747200529,13.791
648,1,0,accepted,0.10126992159582,-0.138484051592339,484343.859998737,4976819.79026781,-1.66047427691403,13.664
649,1,0,accepted,0.0761066493473341,-0.114877282320883,484343.801355896,4976818.64088271,-1.66239880426314,16.495
650,1,0,accepted,0.0832933872549345,-0.133403961065918,484343.714415295,4976817.46275742,-1.66437195970741,15.865
651,1,0,accepted,0.128854339794802,-0.020031923323453,484343.591612692,4976816.26487449,-1.66400157025783,14.08
652,1,0,accepted,0.137571987882115,-0.0341092829828544,484343.504614796,4976815.07649881,-1.66482524080383,15.434
653,1,0,accepted,0.143309419912309,-0.042837817136462,484343.403590023,4976813.88993805,-1.66550072203505,13.997
654,1,0,accepted,0.136998294408579,0.00157846859971425,484343.308829766,4976812.73989915,-1.66521731850279,13.028
655,1,0,accepted,0.150079042012494,0.0432656059158131,484343.20544354,4976811.54653205,-1.66495359392388,13.275
656,1,0,accepted,0.169448776326193,0.086959874889138,484343.105998051,4976810.33621581,-1.66465113867554,12.156
657,1,0,accepted,0.136429077639403,0.0177312720254339,484343.02053321,4976809.19107243,-1.66601094283236,12.019
658,1,0,accepted,0.150691904981948,0.0161806815529035,484342.922909472,4976807.96352071,-1.66626220884133,13.28
659,1,0,accepted,0.0817655632188239,-0.318053627847325,484342.919165532,4976806.77725366,-1.67233070653877,12.915
660,1,0,accepted,0.11236681481479,-0.28102650675057,484342.811048741,4976805.55289648,-1.67212229200797,11.53
661,1,0,accepted,0.118542294924615,-0.161502390479663,484342.684715734,4976804.36324465,-1.67034040825728,13.449
662,1,0,accepted,0.127257485976102,-0.112463334483401,484342.574534561,4976803.15464918,-1.67000716025308,12.775
663,1,0,accepted,0.13422299998049,-0.0151046299805603,484342.455246805,4976801.95925942,-1.66922775225109,11.177
664,1,0,accepted,0.132415089836654,0.012953475455111,484342.33951257,4976800.7795777,-1.66886246858022,12.242
665,1,0,accepted,0.145892536902092,0.0583274076836485,484342.233786389,4976799.54477983,-1.66882180406919,12.732
666,1,0,accepted,0.185788627611927,0.325915025828837,484342.083893075,4976798.34034749,-1.66489034770907,13.156
667,1,0,accepted,0.210968685228404,0.385234228060437,484341.966507336,4976797.09850986,-1.66484870088549,13.266
668,1,0,accepted,0.20431423711401,0.260165126698299,484341.877716555,4976795.86333321,-1.66782322995441,17.222
669,1,0,accepted,0.0971423267590796,-0.0513741505249255,484341.889419789,4976794.65815137,-1.67400232069955,15.038
670,1,0,accepted,0.0276799440638632,-0.200791127682323,484341.837301714,4976793.47595066,-1.67698514711574,12.466
671,1,0,accepted,0.0207063193967767,-0.347096134780225,484341.771157836,4976792.26115998,-1.67994818731198,10.475
672,1,0,accepted,0.0135424103713237,-0.289045892262833,484341.655025118,4976791.028364,-1.67967714633643,11.133
673,1,0,accepted,0.0292860494666917,-0.20465026508907,484341.540834304,4976789.78056927,-1.67893442747165,12.122
674,1,0,accepted,0.0295856509930704,-0.171027927024713,484341.419612254,4976788.55559691,-1.67890229109384,11.224
675,1,0,accepted,0.0654086351070792,-0.0605776138592164,484341.274429942,4976787.30611629,-1.67728031534292,13.154
676,1,0,accepted,0.0775782164526308,-0.0229349737884393,484341.151613755,4976786.07053059,-1.67703784282375,11.361
677,1,0,accepted,0.0941859917060785,0.00455742339325471,484341.025292953,4976784.82910316,-1.67717074690928,12.854
678,1,0,accepted,0.0824982577274246,-0.0451032334136538,484340.916133169,4976783.60780162,-1.67877261437543,11.414
679,1,0,accepted,0.0761299621371806,0.00686539521092346,484340.813830838,4976782.34691564,-1.67845544883864,12.94
680,1,0,accepted,0.0516415118792534,0.0492469813779125,484340.721910206,4976781.14355984,-1.67854803989404,12.26
681,1,0,accepted,0.0537285390353576,0.0598201618400284,484340.604081377,4976779.89998037,-1.67857638542065,11.867
682,1,0,accepted,0.0627746344280588,0.104167329618802,484340.571190786,4976778.73348179,-1.67850090336549,13.435
683,1,0,accepted,0.0726337000539427,0.111178741621227,484340.457997592,4976777.4952472,-1.67860628072308,12.807
684,1,0,accepted,0.100124744974412,0.111489294268281,484340.344141364,4976776.27446615,-1.6790175308316,12.833
685,1,0,accepted,0.117388456830063,0.132695889310059,484340.21496954,4976775.05100211,-1.67875087660378,11.632
686,1,0,accepted,0.139889153653941,0.0936938602987746,484340.108678203,4976773.81417337,-1.67964212138126,11.183
687,1,0,accepted,0.122963431353727,0.152036769724996,484339.966746691,4976772.57513692,-1.67891059446055,10.771
688,1,0,accepted,0.117278835086859,0.165795610517627,484339.833601531,4976771.31798912,-1.67905736417163,11.631
689,1,0,accepted,0.109251841786859,0.177285256150288,484339.699181342,4976770.05928402,-1.67906448253045,11.149
690,1,0,accepted,0.0883864698183507,0.133037232895242,484339.574695256,4976768.78072597,-1.68005986612237,10.554
691,1,0,accepted,0.0789489617206524,0.172073575784776,484339.435504152,4976767.50849147,-1.67970451027013,9.763
692,1,0,accepted,0.0753172750232021,0.140203319888898,484339.302786817,4976766.23834501,-1.68012227197714,11.441
693,1,0,accepted,0.0651227491061108,0.180290383245927,484339.178042664,4976764.98533588,-1.67963773033828,12.302
694,1,0,accepted,0.0522443895512787,0.193488452802086,484339.052348618,4976763.70543671,-1.67997495065577,12.434
695,1,0,accepted,0.0643806633978147,0.393671655534024,484338.915154242,4976762.4400692,-1.67738128282558,9.596
696,1,0,accepted,0.070418483519212,0.435474142896459,484338.79412219,4976761.15010858,-1.67746183421579,9.651
697,1,0,accepted,0.0912673270142512,0.539426681589127,484338.667956,4976759.86558885,-1.67621825133449,8.767
698,1,0,accepted,0.112827016333615,0.579728773378328,484338.542694938,4976758.59346107,-1.67618245736215,11.967
699,1,0,accepted,0.127841327328264,0.446922755530576,484338.415490525,4976757.31564982,-1.67927965745601,11.584
700,1,0,accepted,0.14355645984912,0.475077923235709,484338.287852575,4976756.06938707,-1.67974913899903,9.827
701,1,0,accepted,0.15912266753655,0.551109732698822,484338.155092853,4976754.81374469,-1.6791403735415,8.521
702,1,0,accepted,0.193464063000656,0.277880841583709,484338.004894854,4976753.54448649,-1.68476596321845,9.963
703,1,0,accepted,0.222273803781668,0.227251768503681,484337.853075144,4976752.28426045,-1.68604319257444,9.159
704,1,0,accepted,0.26301793210278,0.132384365689024,484337.69056853,4976751.01578865,-1.68893142901628,11.341
705,1,0,accepted,0.169908539514835,0.194972622832074,484337.610594296,4976749.8584076,-1.68809640970839,10.365
706,1,0,accepted,0.11264149803134,0.222016990288492,484337.505773788,4976748.69070982,-1.68811897105202,8.987
707,1,0,accepted,0.075652304073602,0.185831317404413,484337.401339437,4976747.51884516,-1.6897210186067,10.721
708,1,0,accepted,0.0991674766310335,0.238904283686282,484337.28409455,4976746.3518923,-1.68968913035439,9.753
709,1,0,accepted,0.17798269091807,0.176224486621706,484337.232792113,4976745.21682541,-1.69163151242018,9.181
710,1,0,accepted,0.179584593803543,0.272412590256197,484337.067362537,4976743.98739252,-1.69135157671199,9.721
711,1,0,accepted,0.104053789851875,0.24227978308423,484336.878371364,4976742.66919426,-1.69368188400031,9.321
712,1,0,accepted,0.110681716190903,0.255719827093439,484336.69949074,4976741.29255417,-1.69553716549951,12.367
713,1,0,accepted,0.0979065200212042,0.378654437716113,484336.568457247,4976740.17083915,-1.69633887755948,10.296
714,1,0,accepted,0.0961386314410946,0.082067570814238,484336.439628351,4976738.84983065,-1.70388599146824,13.62
715,1,0,accepted,0.081634494264874,-0.135835601340042,484336.314499146,4976737.60790638,-1.71145314435269,13.759
716,1,0,accepted,0.102222415760488,0.0151669392593294,484336.139059664,4976736.38142964,-1.71283998049491,14.422
717,1,0,accepted,0.0744675426400372,0.0365723196315653,484335.992117151,4976735.2351082,-1.71716250582191,13.133
718,1,0,accepted,0.0791494852092183,0.0115287805435864,484335.832230104,4976734.00399509,-1.72308044562666,11.176
719,1,0,accepted,0.112449649078343,0.28121328566355,484335.640735951,4976732.76239854,-1.72409971023612,12.525
720,1,0,accepted,0.133245699562391,0.53927832933033,484335.453781754,4976731.5664297,-1.7259717834787,10.681
721,1,0,accepted,0.132430308159756,0.779398759487478,484335.284777615,4976730.34065902,-1.72777016964502,10.26
722,1,0,accepted,0.144076782171165,0.637202880668013,484335.111995095,4976729.09565653,-1.73611149928724,10.936
723,1,0,accepted,0.139860417296058,0.403921021099198,484334.949879049,4976727.87170265,-1.74620794725782,12.172
724,1,0,accepted,0.134852779011085,0.359629592295691,484334.76892895,4976726.66958146,-1.75324408475257,11.696
725,1,0,accepted,0.150133786254633,0.195328120159435,484334.551717225,4976725.47171704,-1.76278329674766,13.305
726,1,0,accepted,0.148030587540801,0.158278823964738,484334.346806699,4976724.29229541,-1.77017857617161,11.856
727,1,0,accepted,0.152790561696283,0.255206756143006,484334.115631094,4976723.09145877,-1.77459075862032,13.218
728,1,0,accepted,0.151004419525376,0.327030262431846,484333.88622923,4976721.91328743,-1.77971434613666,13.578
729,1,0,accepted,0.148143676455771,0.393822335904791,484333.650069878,4976720.74908551,-1.78496379439899,13.381
730,1,0,accepted,0.0665744282368614,0.328133342943946,484333.452308911,4976719.65631166,-1.7909759537029,12.422
731,1,0,accepted,0.0386208212544173,0.438058658068039,484333.221403309,4976718.51692779,-1.79537238683393,12.463
732,1,0,accepted,0.0231315305712571,0.398464269010115,484332.983756567,4976717.3668876,-1.80105771015943,13.258
733,1,0,accepted,0.106679246502823,0.154195444505735,484332.821668928,4976716.25856877,-1.81007239327466,13.379
734,1,0,accepted,0.108563021649999,0.0656387030579734,484332.571937679,4976715.10043876,-1.81612307671027,13.396
735,1,0,accepted,0.106962644825526,0.0458034220434407,484332.30549103,4976713.9486433,-1.82026329842524,14.567
736,1,0,accepted,0.099508935762684,-0.0439519432792736,484332.030387254,4976712.77840083,-1.8254225268475,13.694
737,1,0,accepted,0.084017366405165,-0.0233652798615066,484331.740318994,4976711.63482282,-1.82837899492645,13.046
738,1,0,accepted,0.0725187056075955,0.105083593464383,484331.438405334,4976710.49700505,-1.82946601786914,16.248
739,1,0,accepted,0.0728679345760704,0.0984131880469531,484331.157667391,4976709.36760176,-1.83257785729084,15.899
740,1,0,accepted,0.0138191687138273,0.23456997660645,484330.842372536,4976708.18059435,-1.83277424398267,15.022
741,1,0,accepted,0.025544735365586,0.315878970033865,484330.537602783,4976707.03705095,-1.83334360903952,15.29
742,1,0,accepted,0.0331766336400526,0.213377391590204,484330.244642886,4976705.90184035,-1.83705769096966,14.274
743,1,0,accepted,0.0501667137598385,0.129818198409029,484329.940264727,4976704.76769868,-1.83980807927546,20.029
744,1,0,accepted,0.0647776604569851,0.0206029127040575,484329.637391049,4976703.65775748,-1.84283036930993,14.537
745,1,0,accepted,0.0795659997406784,-0.060794297202969,484329.33524466,4976702.54456139,-1.84544402786708,15.325
746,1,0,accepted,0.0971473754233735,-0.0895192184351276,484329.025102226,4976701.39825375,-1.8470698884983,14.728
747,1,0,accepted,0.117829461807507,-0.0227587371142983,484328.726097125,4976700.25191962,-1.84685378509052,17.007
748,1,0,accepted,0.183252692645914,-0.18471900573483,484328.414933211,4976699.05033,-1.85032802073541,13.075
749,1,0,accepted,0.155163483751689,-0.0417118777274541,484328.11775624,4976697.99612082,-1.84881299181158,21.739
750,1,0,accepted,0.101232647153044,0.539314734254345,484327.858756376,4976696.95146762,-1.83885516312667,16.562
751,1,0,accepted,0.10029779176512,0.660867843680006,484327.564423627,4976695.86584482,-1.83728953436681,14.375
752,1,0,accepted,0.107681236171442,0.759218574678348,484327.263788796,4976694.77550566,-1.83636486160539,14.258
753,1,0,accepted,0.0888422626258347,0.69591250662777,484326.99319143,4976693.69348454,-1.83750560811551,13.16
754,1,0,accepted,0.0830398306788952,0.69380632785498,484326.710593852,4976692.60961701,-1.83849668520624,17.29
755,1,0,accepted,0.0798513315954808,0.666109967374681,484326.422884376,4976691.51945799,-1.83922923444889,14.249
756,1,0,accepted,0.071331490238983,0.600265013103649,484326.144864847,4976690.43923187,-1.8407190898049,14.064
757,1,0,accepted,0.0851311721214875,0.598103328328437,484325.852144354,4976689.37307698,-1.84089720880276,12.818
758,1,0,accepted,0.103283345093254,0.597718725010516,484325.549517547,4976688.29991641,-1.84144339798861,18.871
759,1,0,accepted,0.107587886076657,0.567386172899517,484325.255160104,4976687.21825072,-1.84147505705557,15.715
760,1,0,accepted,0.124127504008915,0.355552539761933,484324.946225414,4976686.14956476,-1.84371693049911,14.76
761,1,0,accepted,0.114076966952382,0.262069917000462,484324.662651501,4976685.06131854,-1.84397340944054,14.801
762,1,0,accepted,0.125907036198116,0.179598045435562,484324.401111824,4976684.03605475,-1.84241043026014,14.897
763,1,0,accepted,0.136376962597979,0.256162079892581,484324.119158065,4976682.9847377,-1.83750901346981,14.971
764,1,0,accepted,0.148267951444249,0.2636122861211,484323.838127554,4976681.94739132,-1.83304044030764,13.425
765,1,0,accepted,0.162573366766235,0.23427486960846,484323.558547698,4976680.91420423,-1.82905618552182,14.954
766,1,0,accepted,0.173033758257158,0.200583466562057,484323.283197138,4976679.87583777,-1.82511841850274,12.667
767,1,0,accepted,0.185899765435274,0.252223251732082,484323.011976928,4976678.86109932,-1.81930514197154,14.467
768,1,0,accepted,0.20527141507923,0.0894848898973455,484322.730708684,4976677.8392115,-1.8165703582362,17.134
769,1,0,accepted,0.224772502963962,-0.00144942516034606,484322.45098212,4976676.80409255,-1.81230560538667,13.904
770,1,0,accepted,0.244639245111791,-0.273669544555349,484322.169279966,4976675.71417382,-1.80979382577898,18.368
771,1,0,accepted,0.156939589637197,0.162281219875894,484322.072265245,4976674.79968967,-1.79468340827393,21.272
772,1,0,accepted,0.170315217444658,0.567610251770348,484321.818011741,4976673.77905244,-1.7795024986668,17.604
773,1,0,accepted,0.145031573057803,0.346380681165646,484321.629806899,4976672.77007936,-1.77490149744637,16.821
774,1,0,accepted,0.122029938147834,0.549474578672368,484321.459946357,4976671.80601142,-1.76189852206741,16.494
775,1,0,accepted,0.0935266102648515,0.494645688307862,484321.31842353,4976670.91343978,-1.75392091964898,17.816
776,1,0,accepted,0.144508165032385,-0.28012671692664,484321.280320102,4976670.08373095,-1.75706664341918,14.435
777,1,0,accepted,0.0846835031996613,0.0877853689130992,484321.059388366,4976669.07872711,-1.73938957282967,12.406
778,1,0,accepted,0.058362125913928,0.257942516233847,484320.87525771,4976668.12079489,-1.72512348314175,11.121
779,1,0,accepted,0.205981527158361,0.976542196608551,484320.624074902,4976667.02521106,-1.70076744035539,19.006
780,1,0,accepted,0.0300583082420389,0.106648230119336,484320.6153954,4976666.2650719,-1.70366251713478,15.466
781,1,0,accepted,0.172002293853248,0.819172956186548,484320.400349716,4976665.23443234,-1.67859040123361,15.516
782,1,0,accepted,0.0489070031124981,0.102626045030849,484320.367859287,4976664.44846779,-1.67776246717421,14.138
783,1,0,accepted,0.0618797997998652,-0.016172485883125,484320.263003312,4976663.56591395,-1.66590463451051,17.268
784,1,0,accepted,0.0769328477988714,0.00321954179956976,484320.169018117,4976662.69348174,-1.65076272465608,13.692
785,1,0,accepted,0.0917891241125306,-0.113510890237654,484320.087267076,4976661.82599852,-1.63759919353127,11.979
786,1,0,accepted,0.0866465360826311,0.174440153052249,484320.045832444,4976660.9557032,-1.6169814582158,14.799
787,1,0,accepted,0.0853581576699534,0.278466316556764,484320.018974331,4976660.0949593,-1.59824675936591,13.353
788,1,0,accepted,0.109389144618283,0.650204235889428,484319.998708189,4976659.23249975,-1.57448098196931,16.162
789,1,0,accepted,0.0985017340989122,0.736592797077055,484319.999352835,4976658.4153975,-1.5546435144383,16.617
790,1,0,accepted,0.0586677394171077,0.459899059410871,484319.995034331,4976657.70222679,-1.54049884969432,16.577
791,1,0,accepted,0.0960105245613833,0.474546490752458,484319.968506674,4976656.88060258,-1.52070825076406,13.517
792,1,0,accepted,0.0916494809912348,0.272208556706161,484320.008855141,4976656.09181312,-1.50401781518242,14.936
793,1,0,accepted,0.094121480793942,-0.0291053411060763,484320.066171525,4976655.3138085,-1.48818663665972,15.582
794,1,0,accepted,0.0914787048534101,-0.10257832680582,484320.127916855,4976654.50599988,-1.46794112848332,13.9
795,1,0,accepted,0.0994211985833218,-0.102294482220415,484320.196678729,4976653.69239435,-1.44544804346368,14.846
796,1,0,accepted,0.0991213986145898,-0.143023117524712,484320.293337211,4976652.90189395,-1.42335197770169,14.389
797,1,0,accepted,0.0952351492459701,-0.0977676329807299,484320.407513409,4976652.10285966,-1.3988844200759,15.96
798,1,0,accepted,0.084758237096206,-0.155180636275119,484320.53377721,4976651.32147634,-1.3761465316789,13.225
799,1,0,accepted,0.0821424840629965,-0.105383443381835,484320.691412327,4976650.52588308,-1.35119103959485,12.814
800,1,0,accepted,0.0956979087095869,-0.129109994100043,484320.855799649,4976649.74987536,-1.32746949222138,14.169
801,1,0,accepted,0.108403674424865,-0.348482933406816,484321.013298047,4976649.00599844,-1.30764405702267,13.278
802,1,0,accepted,0.135060998855213,-0.242809857168467,484321.20978245,4976648.24411126,-1.28208490299234,13.675
803,1,0,accepted,0.198003026085954,0.12632051108049,484321.451994276,4976647.45120333,-1.25173297871391,14.866
804,1,0,accepted,0.248197267013204,0.435627963206733,484321.691546815,4976646.6982739,-1.22303200595548,14.676
805,1,0,accepted,0.269744301658155,0.384337484388695,484321.939872969,4976645.97184258,-1.20039337993569,15.934
806,1,0,accepted,0.296708268021598,0.550839847374715,484322.217748992,4976645.25934887,-1.174305210634,14.547
807,1,0,accepted,0.229419010321161,0.672612395911866,484322.442895056,4976644.62915259,-1.14905519249328,17.878
808,1,0,accepted,0.169820864344894,1.46065152900833,484322.700785088,4976643.98454941,-1.11229444283776,17.639
809,1,0,accepted,0.20013817959417,1.38986945743097,484323.048994468,4976643.28000576,-1.0912084556085,14.629
810,1,0,accepted,0.184147937370047,1.00151104682092,484323.384394666,4976642.61704393,-1.07509443208184,16.769
811,1,0,accepted,0.208711470772486,0.555772542494493,484323.74549406,4976641.93397066,-1.06030681259915,16.851
812,1,0,accepted,0.190546461534922,0.206292280861331,484324.084542841,4976641.29180774,-1.04410064256111,16.222
813,1,0,accepted,0.140482753256046,0.448912683354509,484324.42648716,4976640.68828982,-1.01748623001371,17.583
814,1,0,accepted,0.102089889534671,0.314724312363989,484324.812610309,4976640.08361519,-0.997403123650644,12.912
815,1,0,accepted,0.0583953389892126,0.513242392793816,484325.2081355,4976639.49562767,-0.97164366851759,18.916
816,1,0,accepted,0.0579638835830874,0.437525595037598,484325.62450387,4976638.86890174,-0.950206304787924,14.171
817,1,0,accepted,0.0374071050013976,0.430445404299837,484326.038668746,4976638.29899261,-0.928183070729935,12.888
818,1,0,accepted,0.0436561263987968,0.234600423563557,484326.482897032,4976637.6816326,-0.909187830611452,12.461
819,1,0,accepted,0.0532516706607604,0.200577526469842,484326.952857823,4976637.06789505,-0.88711148177295,15.681
820,1,0,accepted,0.0558128807450117,-0.106794877420448,484327.393527019,4976636.50857166,-0.870001851816712,15.517
821,1,0,accepted,0.0691858681638741,-0.141196089873557,484327.8636267,4976635.95042737,-0.847858773517447,15.412
822,1,0,accepted,0.0524082710145747,0.209940730698506,484328.380810703,4976635.38864164,-0.819043452870117,16.532
823,1,0,accepted,0.0661411764585875,0.0698063626847362,484328.887944465,4976634.81789232,-0.798292834217441,17.073
824,1,0,accepted,0.0611215260676159,0.203614366129479,484329.453163304,4976634.2271529,-0.773182192109761,14.57
825,1,0,accepted,0.0946717710959862,-0.0410766365570946,484329.93625494,4976633.75753574,-0.754288029521782,14.441
826,1,0,accepted,0.110974652095659,-0.219036514446925,484330.482015869,4976633.21371243,-0.734536952045802,16.059
827,1,0,accepted,0.107492236173724,-0.0380202538007057,484331.059553325,4976632.68113215,-0.708287733268386,16.967
828,1,0,accepted,0.0281273198425157,0.4333475217136,484331.754668273,4976632.15111108,-0.676975643110798,16.97
829,1,0,accepted,0.0216068852447179,0.316661831116637,484332.30998214,4976631.66550492,-0.656382749543672,16.453
830,1,0,accepted,0.0477188388129715,0.390484357548982,484332.922607891,4976631.13753456,-0.632592618016947,15.473
831,1,0,accepted,0.084391031003058,0.742167842677796,484333.543699516,4976630.62042218,-0.604067203155657,19.275
832,1,0,accepted,0.0809571810158247,0.656356745381128,484334.172176461,4976630.156127,-0.582781084886388,15.885
833,1,0,accepted,0.0636731053206293,0.475987906592023,484334.835220189,4976629.72012569,-0.563628704167382,15.558
834,1,0,accepted,0.0689498730850659,0.236670256653186,484335.524202858,4976629.29911531,-0.545829213101118,18.224
835,1,0,accepted,0.0584594475928197,0.0547965469444462,484336.186629397,4976628.88796027,-0.527044537622446,21.973
836,0,0,notConverged,0.0713094830629133,0.0625659359649792,484336.887237285,4976628.46236883,-0.504843878375875,31.691
837,1,0,accepted,0.498962370421846,-1.04669514861154,484337.023038756,4976628.23756897,-0.502705437224222,20.082
838,1,0,accepted,0.446920100659343,-1.24327234664625,484337.79721502,4976627.92333738,-0.484564467466213,16.096
839,1,0,accepted,0.059815372201227,-0.354535285598894,484338.849180078,4976627.36756523,-0.447635711236645,15.174
840,1,0,accepted,0.0384421528999265,-0.216647614295239,484339.634487511,4976626.96866616,-0.424143738910876,14.283
841,1,0,accepted,0.106614684555461,-0.00641968163092668,484340.421752516,4976626.57723475,-0.399961263708837,12.915
842,1,0,accepted,0.0447344936170951,-0.237040990936385,484341.093974719,4976626.28130084,-0.384410522042698,14.884
843,1,0,accepted,0.158809504591894,-0.780670289293244,484341.65302391,4976626.03818624,-0.37481926367797,15.322
844,1,0,accepted,0.110608666416608,-0.835085257109957,484342.451029127,4976625.71169727,-0.357134597991493,16.039
845,1,0,coarseRetainedByTrustRadius,0.134604715967877,-0.0610910256617397,484343.428145456,4976625.34561434,-0.325683423184868,20.556
846,1,0,coarseRetainedByTrustRadius,0.183668895789514,0.23342488149775,484344.249595932,4976625.05359077,-0.302945165090531,16.103
847,1,0,coarseRetainedByTrustRadius,0.219521985454015,0.411123107875624,484345.064004173,4976624.77733187,-0.28298732869923,14.09
848,1,0,accepted,0.0755941039073439,-0.281242441116722,484345.670573864,4976624.62939724,-0.278828385770422,12.136
849,1,0,accepted,0.0839548031568462,-0.451278194962471,484346.512423686,4976624.39986452,-0.266305488208128,11.036
850,1,0,accepted,0.0881317916596605,-0.60793386443876,484347.330132373,4976624.18768957,-0.25491952512517,12.221
851,1,0,accepted,0.0828296591383685,-0.67676898447215,484348.182536822,4976623.9629436,-0.242217581804786,16.208
852,1,0,accepted,0.11074688680484,-0.428734326197757,484349.069016405,4976623.75796269,-0.224966544711853,12.177
853,1,0,accepted,0.131180814482896,-0.436917953360817,484349.944087646,4976623.57711461,-0.213469532900276,13.339
854,1,0,accepted,0.297080964444081,0.444454527519347,484350.973091687,4976623.2708628,-0.187058611841693,17.78
855,1,0,accepted,0.158299554737418,-0.170980239419407,484351.702062172,4976623.19794047,-0.187777183357943,15.632
856,1,0,accepted,0.0789042307990023,0.38778292642661,484352.498949871,4976623.03351558,-0.169097196466978,16.768
857,1,0,accepted,0.0804490273726167,0.423169565507503,484353.3706985,4976622.89174552,-0.160165142979151,16.01
858,1,0,accepted,0.0640833758310824,0.642385426317588,484354.260139631,4976622.70525464,-0.148731282788784,14.254
859,1,0,accepted,0.0413412006266112,0.457284383128806,484355.174558458,4976622.62760415,-0.144540500932116,15.569
860,1,0,accepted,0.0462436556724678,0.232331188150465,484356.103056316,4976622.5360368,-0.14158640115097,13.65
861,1,0,accepted,0.0607353305702067,0.00632926222790455,484357.046110762,4976622.44014844,-0.138313781860978,13.38
862,1,0,accepted,0.0526703956388276,-0.0125798916603149,484357.980335683,4976622.33959799,-0.131618902368516,12.685
863,1,0,accepted,0.053304417716229,-0.116997231296046,484358.898149395,4976622.25605005,-0.1276517368546,14.508
864,1,0,accepted,0.0359588336648501,-0.055503899177521,484359.828414456,4976622.15272204,-0.121639922035141,15.744
865,1,0,accepted,0.0194143921226055,0.0231193781042565,484360.764426511,4976622.0336579,-0.115782024784965,12.82
866,1,0,accepted,0.0581925879448283,0.130570451724271,484361.698853407,4976621.90759031,-0.109415964164826,13.526
867,1,0,accepted,0.0652981389319135,-0.0189804635246942,484362.666745282,4976621.81784029,-0.107122319900214,13.043
868,1,0,accepted,0.087944221750147,0.00679912410034127,484363.623203013,4976621.71874149,-0.102247384216797,13.352
869,1,0,accepted,0.11002377766746,0.00204542405459819,484364.584455434,4976621.63080847,-0.097823905701429,11.752
870,1,0,accepted,0.123586779846867,0.00281759681789714,484365.55279997,4976621.54968486,-0.0932993430222455,14.176
871,1,0,accepted,0.106145057056349,-0.109120316358006,484366.54869123,4976621.50229987,-0.0909560136855127,10.006
872,1,0,accepted,0.137500865932213,0.166618667738727,484367.513608634,4976621.42472933,-0.0817364271401535,11.434
873,1,0,accepted,0.177176765249736,0.418022332347602,484368.496187456,4976621.32340067,-0.0727781262275639,11.613
874,1,0,accepted,0.199397785635236,0.447259493576339,484369.494341126,4976621.25138666,-0.068195241747415,13.377
875,1,0,accepted,0.199455950186019,0.205445905260395,484370.519320567,4976621.19116692,-0.0680520275760608,13.986
876,1,0,accepted,0.218165773410799,0.235376105687239,484371.512143542,4976621.12629106,-0.0630625202117507,14.398
877,1,0,accepted,0.250684146858702,0.734599786243296,484372.517323319,4976621.0504131,-0.0500899151045592,15.709
878,1,0,accepted,0.22034182309439,0.214325865424215,484373.542794176,4976621.02187447,-0.0545977452648566,14.818
879,1,0,accepted,0.218750816874259,0.316809229672046,484374.559260055,4976620.97524159,-0.0482871110094779,12.944
880,1,0,accepted,0.213372073121091,0.301185452618733,484375.58611606,4976620.93177361,-0.0440455395377241,12.491
881,1,0,accepted,0.194708793697172,0.254349027944015,484376.605855706,4976620.9128115,-0.039751217779141,12.189
882,1,0,accepted,0.208015646529212,0.374640834392634,484377.668275715,4976620.85362148,-0.0316005989421354,13.84
883,1,0,accepted,0.208566625348996,0.0831075485633915,484378.723151564,4976620.82120669,-0.0305738644022268,12.224
884,1,0,accepted,0.206653131574528,0.0759152418005602,484379.75388618,4976620.80194933,-0.0244431260074219,12.29
885,1,0,accepted,0.232009384484549,0.0469804046023176,484380.804073586,4976620.76243959,-0.0187613297019083,12.766
886,1,0,accepted,0.222684588307306,0.122699762145733,484381.842457744,4976620.76496192,-0.0111405377635259,12.756
887,1,0,accepted,0.223658018881057,0.231796983131366,484382.880927347,4976620.76307332,-0.00315406305387626,11.73
888,1,0,accepted,0.237322276238241,0.266956921086451,484383.945609691,4976620.75789054,0.00374310670127389,11.57
889,1,0,accepted,0.226735099932298,0.260779105418031,484385.010343279,4976620.79241979,0.00919371480295851,16.025
890,1,0,accepted,0.19881298046445,0.698038829065169,484386.062397498,4976620.84711555,0.0229014128207596,13.651
891,1,0,accepted,0.158534352011446,1.0662913364267,484386.999788758,4976620.89158891,0.0355546506794938,12.984
892,0,1,acceptedDirectional,0.168105022614606,1.0402754689541,484388.059244801,4976620.91183491,0.0409817574481448,10.071
893,0,1,acceptedDirectional,0.108137874446404,0.561028110971212,484389.112397341,4976621.00928932,0.0382975142968436,11.842
894,0,1,acceptedDirectional,0.0922208586905957,0.446727318385383,484390.170311491,4976621.06759221,0.0416867776195501,9.483
895,1,0,accepted,0.268507518681744,0.580373519638048,484390.983881783,4976621.17257727,0.0496770331702604,11.319
896,1,0,accepted,0.246631141421498,0.412184980695403,484392.056618323,4976621.28399317,0.0520573981132201,10.008
897,1,0,accepted,0.224896337552136,0.401407410364919,484393.137461877,4976621.35540906,0.057173829961598,9.452
898,1,0,accepted,0.221963891733129,0.350994869881374,484394.195327619,4976621.40504202,0.0616133801022741,11.176
899,1,0,accepted,0.231805582306522,-0.957914341974699,484395.340815469,4976621.67062964,0.0438578942867164,11.358
900,1,0,accepted,0.216030261310382,-1.08958232202738,484396.422298396,4976621.7515899,0.0471924769236666,12.963
901,1,0,accepted,0.248095100073423,-0.152603196551639,484397.374760538,4976621.72407234,0.0686862009684073,11.763
902,1,0,accepted,0.179168664053908,-1.01157800413671,484398.552669123,4976621.90279599,0.0588668139789882,12.548
903,1,0,accepted,0.132327756613151,-1.03031353790072,484399.657371968,4976621.97334189,0.0641239186926995,12.953
904,1,0,accepted,0.10259647370107,-1.00087683477186,484400.746115498,4976622.06035986,0.0692394163173271,12.534
905,1,0,accepted,0.0638314696447219,-0.865330966122071,484401.847643996,4976622.14999115,0.075117522145789,11.806
906,1,0,accepted,0.0157474842941846,-0.251626256974394,484402.96036198,4976622.2302467,0.0882384336103216,12.982
907,1,0,accepted,0.043476928088049,-0.0140010239626879,484404.071951523,4976622.34903194,0.0929579263464527,12.291
908,1,0,accepted,0.0404465055956238,0.182568020673383,484405.161987948,4976622.46899324,0.0957795756258923,13.151
909,1,0,accepted,0.0653077182166123,0.263814347727183,484406.253683694,4976622.58200099,0.0960828923502165,11.169
910,1,0,accepted,0.0831386082595357,0.262883539566132,484407.351218948,4976622.69400789,0.0953012439109727,11.146
911,1,0,accepted,0.0720080320030008,0.305715381441513,484408.423807157,4976622.82477714,0.0950919400379202,11.865
912,1,0,accepted,0.0953978534894453,0.275385917647167,484409.539297117,4976622.93727818,0.0941315455377473,12.523
913,1,0,accepted,0.101261623131217,0.272445512219783,484410.637996695,4976623.04109942,0.0939144714225394,11.631
914,1,0,accepted,0.0984835861383632,0.359185142270174,484411.730216554,4976623.17301336,0.0958161551688368,10.941
915,1,0,accepted,0.0964290737445697,0.42059527241717,484412.812957063,4976623.29487562,0.0974475754067885,10.339
916,1,0,accepted,0.0918704758864762,0.440480067909332,484413.908746773,4976623.41833748,0.0985096792505381,11.636
917,1,0,accepted,0.0933074271062261,0.408777365034309,484415.010667416,4976623.52528803,0.0985272435269462,10.364
918,1,0,accepted,0.0912892182086956,0.389429625494989,484416.118000698,4976623.6517847,0.0986123410406579,11.624
919,1,0,accepted,0.107147839694003,0.446126119260767,484417.246478401,4976623.76207434,0.10015608761904,11.307
920,1,0,accepted,0.0995114940760463,0.459572982659019,484418.34744106,4976623.89397001,0.10106002279396,12.593
921,1,0,accepted,0.0842917517423539,0.408503443697823,484419.45430411,4976624.02683125,0.100867664932093,12.694
922,1,0,accepted,0.0931955962387065,0.0679058131649575,484420.464393322,4976624.24653869,0.095399315672568,11.103
923,1,0,accepted,0.0665683615492304,0.137408138683028,484421.582024225,4976624.35130426,0.0972851893338296,10.26
924,1,0,accepted,0.056913725770656,0.115063845447034,484422.700310266,4976624.47321128,0.0973392509662801,14.516
925,1,0,accepted,0.0493119492341378,0.136009911697796,484423.815123867,4976624.59813634,0.0982780821878873,12.262
926,1,0,accepted,0.0521866400990697,0.166092347458263,484424.908164057,4976624.72417741,0.0990258682436981,10.27
927,1,0,accepted,0.0571702774285741,0.164440696951319,484426.008731508,4976624.84956677,0.0996804208387625,11.755
928,1,0,accepted,0.0700257688866716,0.168760534294368,484427.115390075,4976624.98014644,0.100171643550722,19.407
929,1,0,accepted,0.0791282779607816,0.193364746561349,484428.229504936,4976625.10026922,0.101184976130025,15.91
930,1,0,accepted,0.114086000996876,-0.0314824348558446,484429.340824989,4976625.27944032,0.0976880653790926,15.017
931,1,0,accepted,0.105290741596091,0.285771279195814,484430.47424636,4976625.34703522,0.103818832619071,13.458
932,1,0,accepted,0.114505678937084,0.417432786165565,484431.616124354,4976625.44970789,0.106666640029428,17.113
933,1,0,accepted,0.096995263572285,0.398969020507075,484432.782887197,4976625.57360747,0.106889160303171,12.369
934,1,0,accepted,0.0780284923465039,0.311993155564536,484433.95654372,4976625.71761102,0.10628470120838,11.238
935,1,0,accepted,0.091763849714988,0.38805200258167,484435.105714149,4976625.8361725,0.107992032645025,15.199
936,1,0,accepted,0.0827144396343124,0.239580590850541,484436.271316412,4976625.98485284,0.105890168827443,12.776
937,1,0,accepted,0.0914997415388789,0.250137078838804,484437.431216123,4976626.12047478,0.106074444978325,14.279
938,1,0,accepted,0.0973503185095971,0.294480725027398,484438.601480947,4976626.25878868,0.106711698771206,16.364
939,1,0,accepted,0.123506784179593,0.41159973210248,484439.793513106,4976626.38652827,0.108881827264647,14.941
940,1,0,accepted,0.156867073608867,0.507175747727158,484440.989797837,4976626.52225425,0.110607820392553,14.067
941,1,0,accepted,0.170812412103957,0.506105627286799,484442.169114765,4976626.67145237,0.11058953480123,11.426
942,1,0,accepted,0.181806284887572,0.395566582435584,484443.350688867,4976626.82664333,0.108898341856465,11.164
943,1,0,accepted,0.179989902672921,0.331787935283207,484444.514247792,4976626.98116625,0.107899614381208,11.375
944,1,0,accepted,0.107219866339926,0.317220854248485,484445.60854878,4976627.14846879,0.107471697397011,11.66
945,1,0,accepted,0.0852191805456778,0.289680217791107,484446.748827264,4976627.29622258,0.107399209541679,11.136
946,1,0,accepted,0.0938217444079997,0.246985791107381,484447.920553117,4976627.43339967,0.107156272904435,11.036
947,1,0,accepted,0.0997111646803392,0.250615829729503,484449.091186329,4976627.56935995,0.107488562026427,10.715
948,1,0,accepted,0.114420509543399,0.227134066877484,484450.263075411,4976627.70070088,0.107299004078439,12.169
949,1,0,accepted,0.138796308689564,0.252185145483404,484451.460476228,4976627.82830957,0.107821398491451,11.554
950,1,0,accepted,0.161325823151275,0.258511220303163,484452.649315362,4976627.95458589,0.108445711011452,10.447
951,1,0,accepted,0.18450258567049,0.185592265291923,484453.834380024,4976628.07199923,0.107682933636551,10.889
952,1,0,accepted,0.185677700803807,0.179579472505711,484455.004073231,4976628.20288771,0.107832318174572,11.966
953,1,0,accepted,0.186471047041809,0.188596791074746,484456.168759064,4976628.33875258,0.107741607351317,14.284
954,1,0,accepted,0.184579215850677,0.165769553230884,484457.333874564,4976628.47942451,0.10696703154956,12.864
955,1,0,accepted,0.150850422868868,0.190656081578171,484458.456943488,4976628.63846332,0.107605924953695,12.665
956,1,0,accepted,0.145607315523719,0.0808888796424822,484459.653547294,4976628.79667471,0.106093678228721,11.679
957,1,0,accepted,0.141403845472686,0.0374117956614394,484460.835108996,4976628.95017283,0.105678501639397,10.914
958,1,0,accepted,0.146491361643462,0.0967284457668449,484462.004273421,4976629.09279012,0.106937827002977,9.903
959,1,0,accepted,0.151729452715425,0.112460105066551,484463.193840709,4976629.24132325,0.107493272179416,11.434
960,1,0,accepted,0.147950022065188,0.107015390289716,484464.381318085,4976629.39967599,0.107687399379582,11.27
961,1,0,accepted,0.148868972942248,0.145982008205707,484465.553782202,4976629.55140342,0.108410223943301,12.506
962,1,0,accepted,0.147418193854484,0.0928960691328832,484466.773255666,4976629.71209314,0.108334008488118,10.971
963,1,0,accepted,0.154977436968226,0.0718249190654338,484467.959089324,4976629.85676763,0.108284751988744,12.304
964,1,0,accepted,0.175965161997474,0.113423378625603,484469.167821745,4976629.99452772,0.109335153194949,11.576
965,1,0,accepted,0.0838933807038413,-0.0251383860168269,484470.229184038,4976630.26190329,0.10764419968087,14.226
966,1,0,accepted,0.103717849132664,-0.121711461546193,484471.383024233,4976630.45455892,0.106583770286118,11.907
967,1,0,accepted,0.104549253960957,-0.190130995560593,484472.574189263,4976630.61985133,0.105750410552891,12.069
968,1,0,accepted,0.0762288178572323,-0.147205270433147,484473.775579728,4976630.76971488,0.106787755193496,10.913
969,1,0,accepted,0.0593236991348799,-0.0193153991531728,484474.983275054,4976630.9182315,0.109319073806792,11.227
970,1,0,accepted,0.0147509605029892,-0.213328559672975,484476.226720362,4976631.07539898,0.106187438807459,11.282
971,1,0,accepted,0.0522374578483757,0.000817945466136825,484477.455002914,4976631.20882252,0.109805216252907,10.399
972,1,0,accepted,0.0600084221666303,-0.0835793253515009,484478.650022224,4976631.36237012,0.108329853388407,9.798
973,1,0,accepted,0.0544425878672365,-0.0645868069704866,484479.828089371,4976631.51877535,0.108238005348253,10.618
974,1,0,accepted,0.0692992332632833,0.0063319543992507,484481.022738427,4976631.66533284,0.109306241336816,10.759
975,1,0,accepted,0.0738942772987815,0.0838824048803028,484482.197491375,4976631.81417853,0.110326900483066,10.326
976,1,0,accepted,0.0660083469674541,0.114208474626132,484483.347671085,4976631.97576268,0.110335017020092,10.264
977,1,0,accepted,0.0809778874146465,0.178027538104593,484484.541954126,4976632.11956236,0.110650962003968,9.649
978,1,0,accepted,0.0752349475469235,0.497563636849468,484485.70969068,4976632.28791376,0.115502239521029,12.11
979,1,0,accepted,0.0844822722190877,0.481368759460017,484486.919560407,4976632.43561029,0.114386533078271,11.947
980,1,0,accepted,0.0898223890430486,0.482111738602581,484488.119110434,4976632.5919157,0.113290144914245,10.352
981,1,0,accepted,0.0883189496517087,0.284216372787734,484489.319873538,4976632.75025262,0.108794330434009,10.876
982,1,0,accepted,0.0785076781783669,0.311806266344183,484490.478349311,4976632.91760688,0.110618064323834,11.92
983,1,0,accepted,0.143879461035949,0.687841831518902,484491.555892206,4976633.10340205,0.116657895146805,13.582
984,1,0,accepted,0.129038024777447,0.901421002397197,484492.778976417,4976633.27909434,0.118307098954115,14.432
985,1,0,accepted,0.0843074535030459,0.592854024237688,484494.003320198,4976633.45841032,0.113618930546819,14.441
986,1,0,accepted,0.0388632549738527,0.25573378892712,484495.251171334,4976633.63971567,0.107159148362752,13.816
987,1,0,accepted,0.0499821583845402,-0.0131076189943117,484496.423557222,4976633.80220534,0.101638984044283,13.702
988,1,0,accepted,0.0181207174897288,0.146732478780459,484497.623898601,4976633.9305186,0.103820428934216,12.944
989,1,0,accepted,0.0284054729284435,0.545621938719636,484498.842193849,4976634.06693992,0.110967470066299,13.391
990,1,0,accepted,0.0513757607077622,0.731401825507295,484500.042027056,4976634.20293145,0.113524609326381,11.144
991,1,0,accepted,0.0663101957182525,0.767375648544591,484501.233802347,4976634.3465412,0.114010830848621,10.967
992,1,0,accepted,0.081097996352683,0.872440335244715,484502.430564517,4976634.4947258,0.115508606505119,10.428
993,1,0,accepted,0.0742792319628389,0.731197590705622,484503.580708714,4976634.63089762,0.112420441912196,9.836
994,1,0,accepted,0.0866657418210009,0.723872038562689,484504.771262456,4976634.76895869,0.111762791537558,10.368
995,1,0,accepted,0.0746839439240087,0.648007464035834,484505.914698381,4976634.91497231,0.110240278941029,9.771
996,1,0,accepted,0.0668749812274261,0.506422206329885,484507.081097257,4976635.07069103,0.107705549301401,11.292
997,1,0,accepted,0.0688397237019131,0.461584213021315,484508.244758427,4976635.21119215,0.106515406431689,11.936
998,1,0,accepted,0.0716483122316638,0.423674824987006,484509.406435404,4976635.34885908,0.105348668280661,10.538
999,1,0,accepted,0.0511498139710304,0.306871823899051,484510.546445544,4976635.50438285,0.103375488636581,11.588
1000,1,0,accepted,0.0455841539219565,0.327717228927364,484511.669797412,4976635.65378345,0.103091866379073,12.634
1001,1,0,accepted,0.145282591357493,0.033452927953143,484512.699219341,4976635.89413989,0.0977783814123692,13.011
1002,1,0,accepted,0.141118569256957,0.127341073702881,484513.845530613,4976635.99884223,0.0993535214910473,13.716
1003,1,0,accepted,0.148453789822958,0.367936343683649,484514.98993032,4976636.10900168,0.103133846182046,15.073
1004,1,0,accepted,0.150709372377301,0.38855848110024,484516.136700706,4976636.24823785,0.103838862570163,12.713
1005,1,0,accepted,0.14026356034631,0.353251292409359,484517.297238712,4976636.3893295,0.103801365521628,12.777
1006,1,0,accepted,0.132527818644003,0.349871145407252,484518.450902622,4976636.53577447,0.104040785799737,10.36
1007,1,0,accepted,0.118090764519142,0.27255145486181,484519.607869376,4976636.67861608,0.103353652977075,12.207
1008,1,0,accepted,0.103513182663016,0.142257361577377,484520.753595921,4976636.82444062,0.101541379178471,12.671
1009,1,0,accepted,0.0758858311983723,0.178028572762418,484521.916764074,4976636.95348073,0.102476240402564,13.592
1010,1,0,accepted,0.0497197153255635,0.327123062546695,484523.088986495,4976637.07850078,0.105470437302678,13.52
1011,1,0,accepted,0.0484864640952815,0.294600668300052,484524.26962347,4976637.21572311,0.104901721783988,13.482
1012,1,0,accepted,0.0556905063020518,0.122784831924602,484525.420222874,4976637.36072074,0.101453305214261,13.25
1013,1,0,accepted,0.0656218664881761,0.114056537167457,484526.549009719,4976637.4919492,0.102402054085487,14.783
1014,1,0,accepted,0.0789513683444101,0.177460648231316,484527.681478474,4976637.62122997,0.103435532687668,13.468
1015,1,0,accepted,0.091098466176769,0.225965366017396,484528.807258697,4976637.74703625,0.104567978479992,19.607
1016,1,0,accepted,0.104726355282375,0.211005642870745,484529.942836034,4976637.88138628,0.104640992179954,13.587
1017,1,0,accepted,0.110456302110223,0.251641696327913,484531.065794055,4976638.01372167,0.10557948176048,16.302
1018,1,0,accepted,0.136117277202465,0.168830512482042,484532.213836289,4976638.1390195,0.104168451745985,13.703
1019,1,0,accepted,0.157845273050995,0.0729598652902183,484533.359841473,4976638.26138581,0.103312490047513,19.525
1020,1,0,accepted,0.192753329476805,-0.11809549649959,484534.518145603,4976638.38012145,0.101194012058383,19.11
1021,1,0,accepted,0.213226633423295,-0.16178602940196,484535.636409471,4976638.49946585,0.10180195773037,18.203
1022,1,0,accepted,0.24749990910738,-0.223057314482999,484536.77478997,4976638.60863549,0.10192197182975,12.944
1023,1,0,accepted,0.266844221720688,-0.13369207243315,484537.900339055,4976638.72982701,0.104228963791622,12.816
1024,1,0,accepted,0.283783914263428,-0.198276352999124,484539.026404617,4976638.85550524,0.104082669666178,13.939
1025,1,0,accepted,0.271551869360996,-0.249367736044727,484540.137141232,4976639.00512822,0.104161593316491,14.448
1026,1,0,accepted,0.249953282721458,-0.300729473082276,484541.239892028,4976639.16704508,0.104064215335332,14.64
1027,1,0,accepted,0.286874294779977,-2.03001522165553,484542.340983807,4976639.78918475,0.074984263688575,14.902
1028,1,0,accepted,0.270913797617317,-2.13451176570747,484543.433846178,4976639.93685541,0.0742562118957391,18.226
1029,1,0,accepted,0.221905327281163,-1.86726255006861,484544.505181394,4976640.05646102,0.0790629492641792,18.808
1030,1,0,accepted,0.0599088232108584,-1.07663521288962,484545.559565508,4976640.0635682,0.0947519840078553,23.212
1031,1,0,accepted,0.0472635842676547,-0.671274872357578,484546.621069052,4976640.18271153,0.102329817112055,17.167
1032,1,0,accepted,0.0772881556856827,-0.287787788625738,484547.737183782,4976640.26669283,0.109735890298793,14.872
1033,1,0,accepted,0.138623631048865,0.0482043161865592,484548.878947832,4976640.35689391,0.116351749239736,15.365
1034,1,0,accepted,0.141418011308744,0.0701254069224902,484549.871979091,4976640.60122298,0.117576312712856,12.449
1035,1,0,accepted,0.143601481012194,0.00543487368911143,484550.980549944,4976640.77381189,0.117412599342329,12.233
1036,1,0,accepted,0.143637047082335,-0.00686007906205244,484552.130132042,4976640.93757251,0.118673400824983,11.52
1037,1,0,accepted,0.136022348361068,-0.0542554545495361,484553.273933773,4976641.09671271,0.119545126299046,11.176
1038,1,0,accepted,0.126479920615862,-0.114824120786303,484554.401340975,4976641.26094089,0.12013757585007,9.39
1039,1,0,accepted,0.09805784154893,-0.232248666435767,484555.551916262,4976641.41229143,0.119795334761013,9.494
1040,1,0,accepted,0.0468585088850559,-0.383016649278853,484556.691034858,4976641.54538991,0.118595312159503,11.598
1041,1,0,accepted,0.0731321284543606,-0.430023161972641,484557.853744444,4976641.68815002,0.118549033002479,11.684
1042,1,0,accepted,0.118975171593478,-0.429411440457283,484559.029842739,4976641.83216523,0.118818950750847,10.448
1043,1,0,accepted,0.17262678916134,-0.4972431520665,484560.207151192,4976641.96779418,0.11738165664627,10.642
1044,1,0,accepted,0.196341541413388,-0.445508239952539,484561.366471891,4976642.12043708,0.117831397328395,9.946
1045,1,0,accepted,0.217491278148072,-0.408631785118486,484562.51730792,4976642.26922355,0.118623174255743,10.202
1046,1,0,accepted,0.242118360189208,-0.418762002062039,484563.668522422,4976642.40949122,0.118622885792206,10.973
1047,1,0,accepted,0.24029207124158,-0.386848803377018,484564.805930678,4976642.56166957,0.119643417821984,10.079
1048,1,0,accepted,0.121459137064366,-0.30211515229695,484565.837236213,4976642.77743097,0.121813703044598,10.993
1049,1,0,accepted,0.100008171680091,-0.237649437876137,484566.961584728,4976642.94354822,0.123620759288697,12.342
1050,1,0,accepted,0.0636564678317571,-0.183497035333825,484568.066540994,4976643.1125294,0.125413133621116,10.71
1051,1,0,accepted,0.0572009420771128,-0.0988027133275784,484569.197489137,4976643.27689923,0.126914093042301,12.837
1052,1,0,accepted,0.0484233854361344,-0.190843742673405,484570.345467885,4976643.45569626,0.125656978936677,11.114
1053,1,0,accepted,0.130516415449134,-0.574833466280357,484571.38770078,4976643.76258537,0.118930099362513,10.616
1054,1,0,accepted,0.113122497208199,-0.461453081176769,484572.542654075,4976643.90285479,0.120576903211041,11.267
1055,1,0,accepted,0.107719118011531,-0.261015517948996,484573.691572609,4976644.03237572,0.124022739202786,10.642
1056,1,0,accepted,0.0974943727082966,-0.239613653092271,484574.864794664,4976644.19276023,0.12423221901497,11.337
1057,1,0,accepted,0.0715518573531533,-0.553097642567709,484576.074938834,4976644.39837809,0.118280199314566,11.68
1058,1,0,accepted,0.0638614906226976,-0.823853672020586,484577.26340472,4976644.58600892,0.113418953494033,11.807
1059,1,0,accepted,0.110487179103202,-1.06674563610501,484578.438629909,4976644.80577043,0.109128417101101,12.027
1060,1,0,accepted,0.0718090297596755,-0.903005591426056,484579.62579773,4976644.93829942,0.111645233945964,10.589
1061,1,0,accepted,0.0758506204420749,-1.03839158854898,484580.810352576,4976645.11127196,0.109163314401269,11.146
1062,1,0,accepted,0.0733007041446614,-1.10223174923375,484581.997604921,4976645.27838355,0.108143015575914,11.177
1063,1,0,accepted,0.0568330082729198,-1.02278263629949,484583.190418373,4976645.42689477,0.109090060305172,10.567
1064,1,0,accepted,0.0457823405456059,-0.936256082710226,484584.381456258,4976645.57765436,0.110740157687692,11.266
1065,1,0,accepted,0.0494932135438855,-0.876741634334722,484585.587639904,4976645.74855946,0.11152128888632,11.692
1066,1,0,accepted,0.0461447727715629,-0.714824025690889,484586.762136265,4976645.90556051,0.114177454605413,12.422
1067,1,0,accepted,0.0562061628135439,-0.627643576016202,484587.965061177,4976646.06158375,0.115588977772236,14.727
1068,1,0,accepted,0.0646699988327387,-0.567758642828733,484589.163101677,4976646.21507423,0.116441287801292,12.667
1069,1,0,accepted,0.0796518371550844,-0.619784255280824,484590.362436694,4976646.36145913,0.115307975929138,12.335
1070,1,0,accepted,0.100662610603707,-0.531169867321545,484591.562359742,4976646.51602795,0.116974130383537,14.406
1071,1,0,accepted,0.119470481470968,-0.447259115056461,484592.771913751,4976646.67345729,0.118713923970721,13.086
1072,1,0,accepted,0.135226109763807,-0.39136582421565,484593.968303464,4976646.83005599,0.120035592276946,13.086
1073,1,0,accepted,0.0542759422429589,-0.237090199724536,484595.112185925,4976647.0695153,0.123146632243079,11.901
1074,1,0,accepted,0.0312111518771094,-0.0970544322993341,484596.306378428,4976647.26833059,0.126236753016778,13.228
1075,1,0,accepted,0.0151148577980415,-0.0589030995120914,484597.487497325,4976647.45869818,0.127147655274053,14.348
1076,1,0,accepted,0.0167664994977508,0.0294834018052096,484598.68030739,4976647.6422585,0.128973743267526,11.091
1077,1,0,accepted,0.0445909644438857,0.042435302854525,484599.865515055,4976647.85460558,0.129817777234506,13.45
1078,1,0,accepted,0.0558718936005834,0.0597752306394068,484601.052157358,4976648.05093708,0.130636106364382,11.917
1079,1,0,accepted,0.068791201750357,0.0117831819617117,484602.236848184,4976648.25488125,0.130299883690963,12.608
1080,1,0,accepted,0.0567867676098135,0.0429966852463739,484603.447988904,4976648.42578928,0.131185798601657,11.344
1081,1,0,accepted,0.0583687591316229,0.0256944886226833,484604.666567743,4976648.58568824,0.131835818591125,11.893
1082,1,0,accepted,0.0724174164202291,0.0493964482584049,484605.88001635,4976648.7557351,0.132532435419954,12.532
1083,1,0,accepted,0.0963702570800044,0.0756473311368665,484607.113938729,4976648.92970485,0.133485017065929,13.961
1084,1,0,accepted,0.142545796895275,0.340971838960617,484608.317128039,4976649.08389612,0.138362284641527,12.981
1085,1,0,accepted,0.134247134388614,0.0199995743957772,484609.566796316,4976649.30561225,0.133092943331116,12.948
1086,1,0,accepted,0.150123657467387,0.113643537309422,484610.762344194,4976649.49113412,0.134675396344765,13.085
1087,1,0,accepted,0.202789520362912,0.149626272795261,484611.999532281,4976649.65487037,0.13540572675431,13.763
1088,1,0,accepted,0.0835765118575796,0.110268964807003,484613.072983575,4976649.94989443,0.134997106221262,11.235
1089,1,0,accepted,0.075305325063564,0.111510255459729,484614.27903518,4976650.15281862,0.135154314901624,11.762
1090,1,0,accepted,0.0805040629457171,0.127302888481024,484615.486768302,4976650.3426153,0.135592806674682,10.592
1091,1,0,accepted,0.0867627974938493,0.12703844784086,484616.703345702,4976650.53351337,0.135923980941936,12.959
1092,1,0,accepted,0.103326042898657,0.153983894652853,484617.905812831,4976650.71421929,0.13653476316407,12.774
1093,1,0,accepted,0.117998229287779,0.30923565426309,484619.113797182,4976650.89995605,0.139074704667599,13.202
1094,1,0,accepted,0.138966443346994,0.336809689958213,484620.338779234,4976651.0861777,0.13978808349282,13.883
1095,1,0,accepted,0.257307982645152,0.604953637681924,484621.647382322,4976651.21822252,0.14430095861838,17.118
1096,1,0,accepted,0.263984212812735,0.650403380843793,484622.857933119,4976651.41704489,0.145194140560915,15.779
1097,1,0,accepted,0.193299131515683,0.400429106841058,484623.998838991,4976651.6603342,0.140811541914498,12.679
1098,1,0,accepted,0.196378038074604,0.394796521131422,484625.214668118,4976651.85323407,0.140686418387792,13.241
1099,1,0,accepted,0.199899170840365,0.450005277383269,484626.380394746,4976652.03799369,0.14156535546228,13.357
1100,1,0,accepted,0.205924796918949,0.368641377623162,484627.57710449,4976652.226281,0.140326198263147,12.567
1101,1,0,accepted,0.0735133000547414,0.275110899104928,484628.617936745,4976652.52149672,0.138480041119286,13.677
1102,1,0,accepted,0.0921422606972353,0.260481645965918,484629.770386956,4976652.7200236,0.137800635934349,13.455
1103,1,0,accepted,0.169641413640218,-0.235616975005383,484630.879720807,4976653.05915424,0.12953519230966,10.596
1104,1,0,accepted,0.171605874060501,-0.340926464381851,484632.080980723,4976653.26385965,0.127420839775603,10.826
1105,1,0,accepted,0.137457225651521,-0.190877793139267,484633.281293655,4976653.41338395,0.12980936843791,8.337
1106,1,0,accepted,0.116120487101007,-0.239092367655733,484634.493111019,4976653.59741157,0.128564628299977,9.586
1107,1,0,accepted,0.0908405219174063,-0.248966999286477,484635.702486956,4976653.77341376,0.128072502277095,10.615
1108,1,0,accepted,0.0767894488814394,-0.265314372383339,484636.903135877,4976653.94264751,0.127351191194969,9.867
1109,1,0,accepted,0.0639789507342622,-0.204127277692021,484638.11707733,4976654.09645658,0.128090259962024,9.053
1110,1,0,accepted,0.0500988345989853,-0.189979744755732,484639.342059066,4976654.27506676,0.127924284205069,9.187
1111,1,0,accepted,0.0685726034445302,-0.157222204085496,484640.58833039,4976654.45117157,0.12826573661537,7.912
1112,1,0,accepted,0.100948207013093,-0.192092689325675,484641.805336091,4976654.63252674,0.127143310117436,8.443
1113,1,0,accepted,0.128849196612372,-0.250627553332105,484643.006895298,4976654.80608981,0.125603850161668,8.534
1114,1,0,accepted,0.132175459541846,-0.167566412849537,484644.159139735,4976654.96617728,0.127035071871877,12.458
1115,1,0,accepted,0.143944169746991,-0.0634885057322777,484645.339385987,4976655.14132043,0.128075355732699,10.898
1116,1,0,accepted,0.16105314518218,-0.0515512417626767,484646.51617966,4976655.3087077,0.128507454153962,11.447
1117,1,0,accepted,0.204724313021136,-0.313159537458817,484647.717178262,4976655.46021106,0.123486977874529,11.659
1118,1,0,accepted,0.179359095070944,0.0913954930670384,484648.839794936,4976655.65223282,0.130005580828916,11.389
1119,1,0,accepted,0.186076940257752,0.198618025248255,484650.002186559,4976655.82736816,0.131634015085842,10.657
1120,1,0,accepted,0.202309684313144,0.220411977983092,484651.162378053,4976655.99267708,0.131709342683861,11.456
1121,1,0,accepted,0.212310040746938,0.281518250701808,484652.330784694,4976656.16905521,0.132758047139174,11.324
1122,1,0,accepted,0.217432637950907,0.299156780364198,484653.475447611,4976656.33856641,0.132953729825874,11.946
1123,1,0,accepted,0.216344568750035,0.349025015630493,484654.605552958,4976656.51370099,0.133398907742326,10.986
1124,1,0,accepted,0.128834271206386,0.23222965235096,484655.695176488,4976656.76338178,0.130990475977044,13.722
1125,1,0,accepted,0.134892195660323,0.159000293011441,484656.774871503,4976656.92669575,0.129439864060898,9.38
1126,1,0,accepted,0.153216189653563,0.16694652778178,484657.913776385,4976657.08319153,0.129267945943695,8.996
1127,1,0,accepted,0.172923856301059,0.198602400993672,484659.04529142,4976657.23792881,0.129592835225746,10.063
1128,1,0,accepted,0.186481275687205,0.18580270175469,484660.185870265,4976657.39831703,0.129244264653142,10.065
1129,1,0,accepted,0.198118304645401,0.146776687171114,484661.324415515,4976657.56172312,0.128172535077948,10.588
1130,1,0,accepted,0.159254947565548,0.0925657081596503,484662.407004689,4976657.77099633,0.126911521197345,9.754
1131,1,0,accepted,0.173620553315623,0.158248541150732,484663.531034865,4976657.92784866,0.12790119619138,10.892
1132,1,0,accepted,0.181377120391407,0.233690342643271,484664.632939341,4976658.09048042,0.128990929362607,9.366
1133,1,0,accepted,0.178703042247962,0.243723876283366,484665.735512954,4976658.26377189,0.129176996230447,9.554
1134,1,0,accepted,0.16717802886696,0.261359222118686,484666.85945334,4976658.44466731,0.129961358249064,10.569
1135,1,0,accepted,0.156592485570324,0.26519702901712,484667.955943748,4976658.62454208,0.130161571789686,9.674
1136,1,0,accepted,0.137434694756645,0.134604422197301,484669.074357485,4976658.8157306,0.128195527202252,9.288
1137,1,0,accepted,0.132332011078407,0.0801468911415791,484670.171772696,4976658.99077072,0.127482667362114,10.587
1138,1,0,accepted,0.111065732020705,-0.0639635051248029,484671.275738411,4976659.18878518,0.125113424644356,10.819
1139,1,0,accepted,0.0823790990039771,-0.0893897407372963,484672.31722503,4976659.37354242,0.124940657980942,9.558
1140,1,0,accepted,0.0929674166173738,-0.0319938233595494,484673.396913571,4976659.53104208,0.126028871237165,9.013
1141,1,0,accepted,0.0992308528373844,-0.0162399710182522,484674.502571071,4976659.69869325,0.126496245279828,8.979
1142,1,0,accepted,0.139201084164287,-0.0354395363153386,484675.62679828,4976659.84309924,0.126184648628626,8.617
1143,1,0,accepted,0.14724472590298,0.0651715257606814,484676.688119158,4976660.00054975,0.127930969758188,9.65
1144,1,0,accepted,0.170887743599733,0.13274901047818,484677.755804883,4976660.14348498,0.128985152125261,9.478
1145,1,0,accepted,0.151131614413919,0.0707435391225287,484678.818696426,4976660.33269684,0.128208159103318,9.878
1146,1,0,accepted,0.15325457573409,0.145983488509206,484679.873380606,4976660.49500132,0.129608511828308,9.895
1147,1,0,accepted,0.158493887779023,0.185087620308109,484680.879775285,4976660.63942435,0.130339534920347,9.157
1148,1,0,accepted,0.140398112504891,0.0783721473907716,484681.930598841,4976660.82223136,0.128537034065976,11.657
1149,1,0,accepted,0.215446656237394,0.231735100234568,484683.082536231,4976660.94803295,0.131358169391848,12.407
1150,0,1,acceptedDirectional,0.124833503727707,-0.131661954098459,484684.126780805,4976661.23651603,0.125084563600542,8.653
1151,1,0,accepted,0.123387662110188,0.2329796133734,484684.921284327,4976661.44036773,0.131393717151832,9.685
1152,1,0,accepted,0.133339208908104,0.296635190339355,484685.947277876,4976661.61262756,0.132346617955817,9.08
1153,1,0,accepted,0.125867641231062,0.281662764812745,484686.988354962,4976661.77890489,0.132035412246161,7.846
1154,1,0,accepted,0.125450624743572,0.254193572121986,484688.022814722,4976661.95333215,0.130895474580511,8.518
1155,1,0,accepted,0.120651419607297,0.218878498772918,484689.055277819,4976662.10129951,0.130405375986687,8.606
1156,1,0,accepted,0.121285571963074,0.200668863975202,484690.081086697,4976662.25484411,0.129746721673035,7.913
1157,1,0,accepted,0.0961717923774984,0.134292944896467,484691.105834374,4976662.41358184,0.128478245194412,7.553
1158,1,0,accepted,0.0917351351279576,0.0932992536477982,484692.129594658,4976662.55676171,0.127522035311015,8.915
1159,1,0,accepted,0.078685697156965,0.0766780362847429,484693.156520539,4976662.70932658,0.126883484386579,7.554
1160,1,0,accepted,0.070530692210113,0.0915071727117055,484694.181670715,4976662.8471505,0.126686520700193,8.475
1161,1,0,accepted,0.071282585808565,0.110645730866816,484695.204366052,4976662.98413983,0.126302034993709,7.57
1162,1,0,accepted,0.0874390742936372,0.126960888426319,484696.210945297,4976663.12119408,0.125889758435519,7.409
1163,1,0,accepted,0.0967247125618162,0.155675211158423,484697.234436064,4976663.25650137,0.125615556195682,7.593
1164,1,0,accepted,0.116420229222188,0.188278481632547,484698.227791379,4976663.38655424,0.125225205964601,7.519
1165,1,0,accepted,0.141793957091713,0.245379273081784,484699.238556321,4976663.51191349,0.125217381697215,8.145
1166,1,0,accepted,0.168238290755902,0.27296637680468,484700.259295319,4976663.64037394,0.124660360879241,7.561
1167,1,0,accepted,0.192680838415909,0.326986054676739,484701.264746594,4976663.76969319,0.124621175502213,10.239
1168,1,0,accepted,0.187650710584991,0.31749062063847,484702.229624093,4976663.91474452,0.123458622548684,8.367
1169,1,0,accepted,0.200809822061088,0.300502148460892,484703.214087346,4976664.0468629,0.122225954975549,8.058
1170,1,0,accepted,0.21071631816049,0.332969674716374,484704.19439937,4976664.18011261,0.121628273873885,8.025
