frame,accepted,directional,reason,errorM,yawErrorDeg,x,y,psi,matchingMs
1,0,0,insufficientComponents,0.640312423976002,2,484201.572914107,4977500.52147539,-2.10588080737395,8.208
2,1,0,accepted,0.143340403173227,0.203052396473769,484200.98067578,4977500.81195613,-2.13724585326078,14.789
3,1,0,accepted,0.143151419796503,0.258014419621107,484200.987471173,4977500.80697893,-2.13626694843212,11.102
4,1,0,accepted,0.143487021681572,0.233026080357494,484200.985568225,4977500.80821511,-2.13670766401463,13.713
5,1,0,accepted,0.147255655000593,0.368143511108001,484200.989296969,4977500.80109655,-2.13435283427558,11.923
6,1,0,accepted,0.146222852445871,0.359971737468869,484200.985746969,4977500.80523102,-2.13448026682869,11.769
7,1,0,accepted,0.147535151048741,0.334725670491192,484200.982706092,4977500.80588779,-2.13491437419658,13.921
8,1,0,accepted,0.145668305071118,0.32727926704653,484200.981220597,4977500.8076331,-2.13504816555197,14.051
9,1,0,accepted,0.112925980141203,0.263558984833599,484201.011153169,4977500.82213423,-2.13614234172812,13.847
10,1,0,accepted,0.107381703627073,0.258775488162143,484201.006661987,4977500.82367106,-2.13623571530482,18.496
11,1,0,accepted,0.0993075036606748,0.259120550296024,484201.004570773,4977500.82104838,-2.13623962320226,18.493
12,1,0,accepted,0.126813506616357,0.409532821502168,484200.969808755,4977500.79428552,-2.13358175287282,12.489
13,1,0,accepted,0.107879219314084,0.38317489786403,484200.970799109,4977500.79222905,-2.13408377920027,10.643
14,1,0,accepted,0.106523570380092,0.404884165134831,484200.950839375,4977500.77928066,-2.13363345689581,10.672
15,1,0,accepted,0.106846041744067,0.436517772513265,484200.933774392,4977500.75419073,-2.13302134409492,9.922
16,1,0,accepted,0.10778357371354,0.412428670502256,484200.914715772,4977500.72219667,-2.13332902836168,10.476
17,1,0,accepted,0.111778227981108,0.352595387444139,484200.890660812,4977500.68383584,-2.13420094678137,11.47
18,1,0,accepted,0.115024912890338,0.329664182455979,484200.860479663,4977500.64453743,-2.13442344773465,10.341
19,1,0,accepted,0.040979763345063,-0.122356451492582,484200.950323092,4977500.70078883,-2.14203430387161,10.156
20,1,0,accepted,0.0381210967052776,-0.1418653356412,484200.914765788,4977500.65065755,-2.14191636817309,9.569
21,1,0,accepted,0.0395760589485629,-0.153428053024435,484200.881760494,4977500.59451379,-2.14148015561682,9.509
22,1,0,accepted,0.111539487103185,0.403233761526808,484200.736261447,4977500.42658485,-2.13106121627357,9.285
23,1,0,accepted,0.114189249615493,0.755497255510735,484200.704059859,4977500.34563271,-2.12400585261984,10.986
24,0,0,inconsistentClasses,0.106375568103626,0.746587769228315,484200.662034891,4977500.27548405,-2.12288613167788,12.201
25,0,0,inconsistentClasses,0.0991731473073114,0.737786704126491,484200.615189195,4977500.1978297,-2.12165035944602,13.962
26,1,0,accepted,0.0690184820948372,-0.875647431243379,484200.658232352,4977500.23388682,-2.14768603033228,11.444
27,1,0,accepted,0.0686844472565307,-0.673731581815869,484200.593449261,4977500.12897247,-2.14259069787551,10.5
28,1,0,accepted,0.0679885467942685,-0.809789606969021,484200.518684874,4977500.02423415,-2.14465862604342,10.838
29,1,0,accepted,0.0745063169372324,-0.798694886755085,484200.447819277,4977499.91476002,-2.14231628875808,11.547
30,1,0,accepted,0.074631932792602,-0.430477237008321,484200.380640532,4977499.78570429,-2.13327172819781,9.543
31,1,0,accepted,0.0708958004498374,-0.184221778139381,484200.300861878,4977499.66138363,-2.12819102744385,9.368
32,1,0,accepted,0.0737701264993248,-0.474264024432142,484200.225124065,4977499.53571743,-2.13223176272248,10.029
33,1,0,accepted,0.0742635733221388,-0.0946911844752185,484200.146069387,4977499.39588266,-2.12381802257646,10.14
34,1,0,accepted,0.0865819352213699,0.705865641529449,484199.964466466,4977499.1378354,-2.10783637240493,10.22
35,1,0,accepted,0.0820712273632584,0.653850679949557,484199.878053557,4977498.99762832,-2.10688092921869,10.244
36,1,0,accepted,0.0836528555098083,0.37395623451644,484199.781716901,4977498.84958716,-2.1104592852814,10.464
37,1,0,accepted,0.085544684937272,0.10125200280083,484199.808058564,4977498.79777832,-2.11413435464547,9.141
38,1,0,accepted,0.0835830294348179,0.0765460873187717,484199.711054991,4977498.64551067,-2.11311863584089,9.068
39,1,0,accepted,0.0798522781065303,0.0568925260273557,484199.6070047,4977498.49050668,-2.1121242296619,9.442
40,1,0,accepted,0.0867938086159385,0.0642293237640557,484199.51352515,4977498.33322505,-2.11115283007196,9.343
41,1,0,accepted,0.0851225174353397,0.0919429874078715,484199.409344332,4977498.16624495,-2.11031296389306,10.144
42,1,0,accepted,0.0805138019549842,0.11477049419914,484199.305054497,4977497.99322679,-2.11003305490882,9.986
43,1,0,accepted,0.0778391096272064,0.185855257897704,484199.20954882,4977497.80590606,-2.10876462342642,9.627
44,1,0,accepted,0.0717735139672591,0.210283516034577,484199.101941801,4977497.63647662,-2.10853912371287,9.589
45,1,0,accepted,0.0660777599203013,0.211444799884462,484198.998083963,4977497.46564464,-2.10871410581254,14.186
46,1,0,accepted,0.0622395780671461,0.233132865334712,484198.897682933,4977497.2848833,-2.10824959046363,14.329
47,1,0,accepted,0.0602799574424773,0.250746316863939,484198.797787904,4977497.11722626,-2.10892581009055,11.275
48,1,0,accepted,0.0589922505838461,0.241366517588881,484198.701400724,4977496.94803653,-2.10996599713474,14.513
49,1,0,accepted,0.0601184226140601,0.251822811026725,484198.611208118,4977496.77936773,-2.11053759027997,11.983
50,1,0,accepted,0.0556853863168522,0.236995913831843,484198.519030464,4977496.61579166,-2.11144190902041,10.08
51,1,0,accepted,0.0523119984025417,0.262359423076695,484198.430382287,4977496.45430251,-2.11166033458925,10.056
52,1,0,accepted,0.0541083918484982,0.230422749299906,484198.343893865,4977496.30948252,-2.11225241337804,10.209
53,1,0,accepted,0.0605611991842438,0.207927614431979,484198.259538437,4977496.17267448,-2.11296004449573,10.614
54,1,0,accepted,0.0621598536208133,0.257670793916251,484198.175617933,4977496.01074967,-2.11283854682061,9.922
55,1,0,accepted,0.0628566880859016,0.245190267580674,484198.086010908,4977495.8627808,-2.1133852198294,10.024
56,1,0,accepted,0.0774828422129116,0.317292701916419,484198.009537281,4977495.71115061,-2.11226125480668,9.134
57,1,0,accepted,0.0786163874555686,0.357780075957603,484197.918251977,4977495.55123717,-2.11207270749822,10.361
58,1,0,accepted,0.0992032773651688,0.180624355946854,484197.811872649,4977495.44633873,-2.11555246692762,10.21
59,1,0,accepted,0.105637251921098,0.167208363290709,484197.712042744,4977495.28990073,-2.11564118474299,10.94
60,1,0,accepted,0.111801428692393,0.184244744712911,484197.618698455,4977495.1241824,-2.11493849700127,10.435
61,1,0,accepted,0.12725552221739,0.0922121920855166,484197.513344946,4977494.97309457,-2.1154140552018,9.429
62,1,0,accepted,0.0807818680907328,0.206697393076056,484197.371719688,4977494.76495253,-2.11193295336309,9.91
63,1,0,accepted,0.0228123513698063,0.319983306774641,484197.26668159,4977494.52165189,-2.10743876784204,9.258
64,1,0,accepted,0.0178101039599444,0.321031015150113,484197.15782926,4977494.33044217,-2.10604750464069,9.019
65,1,0,accepted,0.00986737282962006,0.353255625828787,484197.045704417,4977494.14745829,-2.10477546868815,8.945
66,1,0,accepted,0.0145027839394752,0.314885416396829,484196.948740672,4977493.96511663,-2.10356771211713,9.213
67,1,0,accepted,0.0169092757188718,0.265390210544907,484196.843118193,4977493.77488167,-2.10114159129728,9.739
68,1,0,accepted,0.0168323521419044,0.27007230660294,484196.731343508,4977493.57876302,-2.0967305437694,9.665
69,1,0,accepted,0.0307186199925881,0.295669352937839,484196.629602935,4977493.3694279,-2.0906535021351,9.962
70,1,0,accepted,0.0303606433560917,0.203095428256891,484196.517347143,4977493.17692311,-2.08505339590185,9.555
71,1,0,accepted,0.0901371175093041,0.576524642830263,484196.324009004,4977492.88030998,-2.07006404394965,11.374
72,1,0,accepted,0.0219289631819536,-0.0362945080801248,484196.231641997,4977492.7500827,-2.07088078615177,12.507
73,1,0,accepted,0.0218693898530397,-0.0228696568129577,484196.103105737,4977492.50217029,-2.0591708493799,11.887
74,1,0,accepted,0.0213993910759978,-0.00168900093939506,484195.958115163,4977492.23739067,-2.04534378401488,11.316
75,1,0,accepted,0.00680082726513688,0.105694754341202,484195.806267382,4977491.939211,-2.02781454942808,11.511
76,1,0,accepted,0.0231278298604913,0.0502686681477609,484195.666051911,4977491.66213398,-2.01218216121343,11.965
77,1,0,accepted,0.0312061658004501,0.113910202546255,484195.511347798,4977491.36057771,-1.9948941189659,11.034
78,1,0,accepted,0.0380303281156614,0.0252028085613319,484195.356922596,4977491.03734096,-1.97697864221874,11.513
79,1,0,accepted,0.0139359905339241,-0.00466135739383578,484195.219933142,4977490.65381654,-1.95746120449468,11.057
80,1,0,accepted,0.0269838036460858,-0.13735007685749,484195.077330267,4977490.30779593,-1.93731389694687,10.42
81,1,0,accepted,0.0367861730385409,-0.261345137795951,484194.934220081,4977489.94009619,-1.91505917109911,10.875
82,1,0,accepted,0.049955722691085,-0.251912852331341,484194.792337692,4977489.56680295,-1.88938057441002,10.782
83,1,0,accepted,0.0589891185965752,-0.216022853436133,484194.626353583,4977489.17979545,-1.86169746039467,9.863
84,1,0,accepted,0.0826272293229803,-0.208063255002854,484194.498614904,4977488.79110939,-1.83493750419762,11.157
85,1,0,accepted,0.0833270457115333,-0.127258418864105,484194.370425478,4977488.36032278,-1.80651483237081,10.161
86,1,0,accepted,0.0921939040687656,-0.0908211908398929,484194.246963366,4977487.92658109,-1.77994670890862,10.804
87,1,0,accepted,0.0978263683754581,-0.19938021640324,484194.162644437,4977487.47768245,-1.7544051646753,12.166
88,1,0,accepted,0.0912936889895691,-0.0251733979274357,484194.07237261,4977487.00978176,-1.72442419305342,11.561
89,1,0,accepted,0.0954081389113781,-0.0852780940195371,484193.990579643,4977486.54746551,-1.6976414305492,11.081
90,1,0,accepted,0.0999135185865816,-0.17895540417913,484193.950228395,4977486.06767401,-1.67100378929733,11.901
91,1,0,accepted,0.102376336043524,-0.270124213680009,484193.893035226,4977485.57949081,-1.64272699521135,11.871
92,1,0,accepted,0.101737987666559,-0.236091465235928,484193.842214793,4977485.08249571,-1.61219587483792,11.038
93,1,0,accepted,0.107805988410135,-0.311582490378979,484193.805634784,4977484.58363471,-1.58376212880057,12.054
94,1,0,accepted,0.0984545324785981,-0.412823910032651,484193.779223285,4977484.06260684,-1.55567439882166,13.825
95,1,0,accepted,0.109420173188911,-0.478573686677852,484193.774301355,4977483.54951497,-1.52619205073266,12.86
96,1,0,accepted,0.138989065027947,-0.604851985782743,484193.80142991,4977483.04358113,-1.49702199540251,12.878
97,1,0,accepted,0.154525080320785,-0.679092942658426,484193.823763134,4977482.52982181,-1.4672283267127,13.2
98,1,0,accepted,0.160592800416908,-0.787530155275805,484193.86572521,4977481.99747569,-1.43761148784959,14.325
99,1,0,accepted,0.144274337891582,-0.739604883473899,484193.940986897,4977481.43390689,-1.40650040292687,13.611
100,1,0,accepted,0.106859743491149,-0.527764938703482,484194.009116408,4977480.84690857,-1.37218138439148,14.831
101,1,0,accepted,0.117932827555819,-0.69220255147546,484194.119209832,4977480.29363465,-1.34614719171236,13.506
102,1,0,accepted,0.114991789706753,-0.633814825411601,484194.277240475,4977479.73077476,-1.31807595821982,13.989
103,1,0,accepted,0.0872798175394664,-0.460623929088995,484194.395113461,4977479.1378785,-1.28916114248808,12.874
104,1,0,accepted,0.0951501749189228,-0.410921077478213,484194.553831487,4977478.57485746,-1.26323551925766,12.536
105,1,0,accepted,0.0921758727762321,-0.337748981598007,484194.719387003,4977477.99075841,-1.23822772487804,13.382
106,1,0,accepted,0.107741543781491,-0.436955476578251,484194.91918028,4977477.42659894,-1.21895044964016,13.249
107,1,0,accepted,0.0823352895326188,-0.219031878179083,484195.13032674,4977476.80934209,-1.19679587370754,13.884
108,1,0,accepted,0.0692027676587433,-0.0695741209169953,484195.365172896,4977476.20256988,-1.17799992127644,11.825
109,1,0,accepted,0.0755084011984414,0.0300424391011697,484195.617305767,4977475.60132789,-1.16199565535407,11.631
110,1,0,accepted,0.0611725958626799,0.229665139130626,484195.886065749,4977475.00450128,-1.14689379582732,12.783
111,1,0,accepted,0.0618496948271977,0.330460653158854,484196.159931012,4977474.39749587,-1.13476512588676,12.197
112,1,0,accepted,0.106859722516935,0.264980969139317,484196.426861559,4977473.82377403,-1.12715497184864,12.971
113,1,0,accepted,0.0795916523560283,-0.0572550847071095,484196.777728952,4977473.19330891,-1.12535880235793,14.222
114,1,0,accepted,0.0873603352920559,0.115474680379496,484197.079892665,4977472.56847509,-1.11635547671608,12.807
115,1,0,accepted,0.0905308128063862,-0.00809539262343126,484197.393856745,4977471.93374324,-1.11357132293541,13.266
116,1,0,accepted,0.122343953032017,-0.0654748614195979,484197.736962422,4977471.32106273,-1.11088523557894,12.021
117,1,0,accepted,0.0601751792497425,0.183881302597315,484198.0909895,4977470.60947011,-1.10354480500521,13.522
118,1,0,accepted,0.0520009707039042,0.583719716738367,484198.48463396,4977469.87614828,-1.09516205856845,15.035
119,1,0,accepted,0.0529245635815974,0.417194017376157,484198.842936599,4977469.20543897,-1.09814767195554,14.285
120,1,0,accepted,0.044161864549435,0.445488640117844,484199.19381175,4977468.52513801,-1.09886320798321,12.342
121,1,0,accepted,0.0400742814868753,0.371540975374264,484199.551368556,4977467.81729629,-1.10239613498181,11.858
122,1,0,accepted,0.0332889427415653,0.165974415890245,484199.912233112,4977467.11481731,-1.10729469805624,13.586
123,1,0,accepted,0.0447808860670073,0.0549945246947301,484200.291630403,4977466.41363497,-1.11130994494192,12.933
124,1,0,accepted,0.0479159817089379,0.310405119911,484200.653615507,4977465.66308351,-1.10918318552214,13.416
125,1,0,accepted,0.0629210900071968,-0.0831308420907488,484201.053934093,4977464.93281921,-1.11948282374359,15.646
126,1,0,accepted,0.0552296708124497,-0.0374532255129068,484201.426447517,4977464.18926192,-1.12284607667344,14.379
127,1,0,accepted,0.0489917790861593,-0.0507443384399483,484201.801470236,4977463.43444999,-1.12816492229593,11.834
128,1,0,accepted,0.0553759210835171,0.19662506694999,484202.175887108,4977462.64787445,-1.12969021653688,13.839
129,1,0,accepted,0.0426568051692236,0.238028223388458,484202.553063207,4977461.87217935,-1.13448466174153,12.462
130,1,0,accepted,0.0454700608221467,0.15546414425428,484202.938141856,4977461.09125184,-1.14254885296264,12.483
131,1,0,accepted,0.0561855942268901,0.18117302427016,484203.307413949,4977460.28234019,-1.14792116145553,12.114
132,1,0,accepted,0.0856881865992317,0.32356550735705,484203.666111702,4977459.44738212,-1.15254364976363,11.754
133,1,0,accepted,0.0831309025883782,0.287398291547961,484204.048332501,4977458.63206072,-1.15995873962506,12.433
134,1,0,accepted,0.108553874782431,0.300931165728576,484204.417951133,4977457.77577192,-1.16657576879327,12.889
135,1,0,accepted,0.147837421926709,0.452445117109559,484204.771020113,4977456.90533679,-1.17077612719165,13.795
136,1,0,accepted,0.165308792163734,0.542472224909014,484205.144205062,4977456.03392419,-1.17613336224415,12.549
137,1,0,accepted,0.165332152735847,0.568839614826377,484205.527710983,4977455.16083932,-1.18259685420949,14.762
138,1,0,accepted,0.155864946005283,0.40641412915452,484205.923039857,4977454.28570124,-1.19238529963609,31.043
139,1,0,accepted,0.0935003570360915,0.326800545465037,484206.302853723,4977453.47672234,-1.20047243909404,20.005
140,1,0,accepted,0.0439392534990758,0.238144554229553,484206.742239936,4977452.66323374,-1.20911956061148,15.143
141,1,0,accepted,0.0515237148449767,0.284229823355699,484207.123560314,4977451.7694516,-1.21516015561964,15.344
142,1,0,accepted,0.0699858349785916,0.196577522107086,484207.488007267,4977450.86747062,-1.22335924986437,15.917
143,1,0,accepted,0.0566781676511083,0.262712942328273,484207.837529059,4977449.92605611,-1.22926782273863,11.629
144,1,0,accepted,0.029351681056107,0.189650763634351,484208.188893132,4977448.9442386,-1.23719397129284,10.65
145,1,0,accepted,0.0556945526604685,0.233781951815898,484208.548662605,4977447.94844116,-1.24405657203678,12.844
146,1,0,accepted,0.0631291567787437,0.322423578503057,484208.914000813,4977446.98548437,-1.24841035200046,12.606
147,1,0,accepted,0.233432285031534,0.528283314711099,484209.238546656,4977445.85266905,-1.25251924996513,16.626
148,1,0,accepted,0.226580799225305,0.448041691146058,484209.590293489,4977444.89415026,-1.26025987441723,15.414
149,1,0,accepted,0.176005803413188,0.35651511820197,484209.929363815,4977443.97059757,-1.2687194030402,16.8
150,0,0,inconsistentClasses,0.190597861895787,0.340834985226678,484210.241224299,4977442.99676618,-1.27540456290603,18.353
151,1,0,accepted,0.0991314206607919,0.319173020010185,484210.572237489,4977442.11734703,-1.28295504965876,12.678
152,1,0,accepted,0.114027407537954,0.376781869101092,484210.881291199,4977441.11345224,-1.28894206937392,12.592
153,1,0,accepted,0.123920274034221,0.249986664714866,484211.180391115,4977440.12942747,-1.2977949951099,13.233
154,1,0,accepted,0.133030955894562,0.246225536938653,484211.47982737,4977439.13599235,-1.30408265795236,13.614
155,1,0,accepted,0.148698475899666,0.278109938244559,484211.767527891,4977438.14601265,-1.31071792346531,13.618
156,1,0,accepted,0.170018447623168,0.32594642223528,484212.047528526,4977437.13469574,-1.31655512104716,15.656
157,1,0,accepted,0.181068001340142,0.289115449534784,484212.32122459,4977436.1571781,-1.32418564281812,14.774
158,1,0,accepted,0.219193784896005,-0.67873468529281,484212.97548336,4977435.09343494,-1.34803779321496,13.168
159,1,0,accepted,0.176155751610425,-0.617363886325496,484213.221737086,4977434.07236293,-1.35338914723323,15.418
160,1,0,accepted,0.148622510496998,-0.572691197014047,484213.47466816,4977433.07255127,-1.35896904250766,22.603
161,1,0,accepted,0.111984393105369,-0.391200735975481,484213.70107567,4977432.05009018,-1.36265336607147,14.48
162,1,0,accepted,0.0688572024776437,-0.390101476031895,484213.936340402,4977431.05715761,-1.36926802985557,14.158
163,1,0,accepted,0.0636598150485213,-0.106101078357795,484214.145194998,4977430.01461525,-1.37070459029355,15.299
164,1,0,accepted,0.0748549947774138,-0.079714453477389,484214.351585812,4977429.01570918,-1.37667486075339,13.99
165,1,0,accepted,0.0906772759861336,-0.0954276880247926,484214.571757855,4977428.00905153,-1.38301254549387,14.017
166,1,0,accepted,0.129160212566818,0.107014288177699,484214.77968924,4977426.95050464,-1.3857497035879,14.467
167,1,0,accepted,0.158526687342886,0.302296013978616,484214.986238075,4977425.91276388,-1.38851838050979,14.56
168,1,0,accepted,0.177228071312194,0.271864259343714,484215.193648348,4977424.89759918,-1.39583989686333,18.039
169,1,0,accepted,0.195444799045618,0.338100920982836,484215.398998878,4977423.86740112,-1.40129457113674,14.303
170,1,0,accepted,0.216965060711399,0.418343168179449,484215.594560377,4977422.83125321,-1.40658111832392,14.674
171,1,0,accepted,0.229065153302239,0.51099246313517,484215.791397402,4977421.78974688,-1.41216505091149,15.109
172,1,0,accepted,0.252076026869438,0.531425491512925,484215.971366421,4977420.7433899,-1.41904718594991,12.451
173,1,0,accepted,0.269191815162606,0.634091399633062,484216.149118355,4977419.6842637,-1.42484000642013,13.578
174,1,0,accepted,0.286929404296004,0.663134707895913,484216.318315723,4977418.62140001,-1.43167012231582,12.858
175,1,0,accepted,0.303727856335737,0.769000868398491,484216.482289433,4977417.56189454,-1.43715056972106,12.472
176,1,0,accepted,0.327130196976998,0.716172242250583,484216.631653415,4977416.49897703,-1.44540744833674,12.603
177,1,0,accepted,0.317358508311585,0.852670762696436,484216.805074214,4977415.42957208,-1.45046709246357,12.819
178,1,0,accepted,0.324216174611174,0.835437636061647,484216.955381665,4977414.32316415,-1.45810688348089,15.965
179,1,0,accepted,0.259095386871498,0.798660008435793,484217.235160288,4977413.08976434,-1.46620319487085,16.258
180,1,0,accepted,0.247841254008588,0.628357262863764,484217.384989451,4977412.01729635,-1.47623143856043,14.932
181,1,0,accepted,0.233614984523112,0.61516369765095,484217.544342651,4977410.92485776,-1.48418946415608,14.458
182,1,0,coarseRetainedByTrustRadius,0.32471426069885,0.754158364756718,484217.730382071,4977409.69849568,-1.48847910899361,15.773
183,1,0,coarseRetainedByTrustRadius,0.290955289963558,0.568195910193636,484217.868428687,4977408.62451627,-1.49885574035753,14.16
184,1,0,coarseRetainedByTrustRadius,0.267508622000417,0.47636427968548,484218.00498758,4977407.55850801,-1.50721254261609,12.849
185,1,0,accepted,0.128278865577161,0.0627424033483382,484218.082977666,4977406.62897283,-1.52115356676291,13.2
186,1,0,accepted,0.0575796035872278,-0.338967701506999,484218.231107946,4977405.57227655,-1.53497453008529,13.317
187,1,0,accepted,0.208286945211986,-0.756245901343272,484218.540913097,4977404.37738353,-1.54915274555674,14.5
188,1,0,accepted,0.163931146709337,-0.630179708532148,484218.567510368,4977403.25652507,-1.55297440056631,12.279
189,1,0,accepted,0.124747159183593,-0.431957435660372,484218.588284734,4977402.13080532,-1.55491436168566,12.651
190,1,0,accepted,0.115301914253332,-0.0499991761304728,484218.623952164,4977401.01557991,-1.55294233799145,11.794
191,1,0,accepted,0.09725922211106,0.12472749452686,484218.666928336,4977399.89465498,-1.55434644215682,12.05
192,1,0,accepted,0.087770852058761,0.163153775410888,484218.673059498,4977398.7727879,-1.5572671215542,13.387
193,1,0,accepted,0.0879288237973552,0.25123637631585,484218.700348574,4977397.64467058,-1.55877198708365,12.797
194,1,0,accepted,0.0903466694279401,0.211503420969759,484218.731125356,4977396.51009997,-1.56204118605566,12.168
195,1,0,accepted,0.0786511424361319,0.0190509356959775,484218.776964114,4977395.3896913,-1.56765363371316,12.696
196,1,0,accepted,0.0257016988762611,-0.162016434885699,484218.876011189,4977394.23968846,-1.57323172631751,15.942
197,1,0,accepted,0.0769389375289266,-0.0406036050172258,484218.8644955,4977393.07942858,-1.57319100695793,15.912
198,1,0,accepted,0.0864647132430526,0.0332231220106645,484218.891574916,4977391.90448014,-1.57373186707182,17.041
199,1,0,accepted,0.117819254760277,0.213509595547027,484218.896969327,4977390.73464582,-1.57233859332655,17.991
200,1,0,accepted,0.0547877774424834,-0.123217502810648,484218.990974486,4977389.53215236,-1.57999393178378,16.306
201,1,0,accepted,0.0867254010064031,-0.0698818712298111,484218.992587375,4977388.34812647,-1.58043983429813,16.504
202,1,0,accepted,0.156862218130929,0.253829266045789,484218.954258657,4977387.16985956,-1.57611495501888,13.318
203,1,0,accepted,0.164022001837366,0.298354785093155,484218.970023697,4977386.03200738,-1.57655865683104,15.326
204,1,0,accepted,0.180799016356176,0.264175103575047,484218.975512361,4977384.80373542,-1.57670808115392,15.304
205,1,0,accepted,0.199889759012922,0.310712544521683,484218.980000307,4977383.56918846,-1.57553649290802,15.202
206,1,0,accepted,0.23535428718721,0.435331992752102,484218.970758426,4977382.32171606,-1.57217743265073,15.142
207,1,0,accepted,0.241387891927219,0.357455955406684,484218.995206783,4977381.06520699,-1.57208082439899,13.939
208,1,0,accepted,0.254414648830475,0.382070882931871,484219.009839098,4977379.8282951,-1.56951621159348,12.445
209,1,0,accepted,0.0518986514060078,0.074349607199889,484219.233224832,4977378.65173104,-1.5721024748287,12.937
210,1,0,accepted,0.0903849075018394,0.0509290414767546,484219.224590286,4977377.4029319,-1.56942877876272,13.94
211,1,0,accepted,0.0581838624899213,0.0479305621644064,484219.293204049,4977376.1619805,-1.56583016053952,12.458
212,1,0,accepted,0.0822063659893466,0.0152754880577112,484219.305499394,4977374.90013588,-1.56253184770737,12.441
213,1,0,accepted,0.103149503734838,0.00586430739763936,484219.328123018,4977373.63554631,-1.55862838017424,12.565
214,1,0,accepted,0.109677161324888,0.111143925968608,484219.370010537,4977372.37080437,-1.55282161294489,13.193
215,1,0,accepted,0.0791217541238176,0.360788122065467,484219.457781956,4977371.06166317,-1.54386013553183,12.921
216,1,0,accepted,0.0959988299200434,0.393763239618901,484219.509060959,4977369.76374651,-1.5382498534656,12.652
217,1,0,accepted,0.102398133861212,0.351529449889517,484219.550589042,4977368.52216407,-1.53407253227477,13.287
218,1,0,accepted,0.106194605585109,0.27668116468556,484219.61534342,4977367.23359472,-1.53002750549413,12.086
219,1,0,accepted,0.110091410717227,0.190013295140438,484219.681480625,4977365.96436064,-1.52630188787309,12.958
220,1,0,accepted,0.133359491078478,0.173512795409726,484219.757162303,4977364.75921858,-1.5211058563728,12.756
221,1,0,accepted,0.154076434344765,0.49461571325249,484219.893541815,4977363.54512374,-1.50998004035705,14.729
222,1,0,accepted,0.179407820841535,0.167551647369044,484219.903146664,4977362.20582793,-1.51007277325157,11.271
223,1,0,accepted,0.207980582298455,0.14822670809559,484219.983857743,4977360.92384499,-1.5042288460229,10.691
224,1,0,accepted,0.122759795625393,-0.233101365361698,484220.286939693,4977359.63979171,-1.50455652434629,11.065
225,1,0,accepted,0.126843021314396,-0.226110951341091,484220.394377649,4977358.34068104,-1.49788409257212,10.361
226,1,0,accepted,0.147523162528414,0.00577349632940295,484220.487695345,4977357.05408456,-1.48736919422996,13.687
227,1,0,accepted,0.14802233043703,0.0245991498089377,484220.608267646,4977355.72747833,-1.4803300532717,11.486
228,1,0,accepted,0.139302243847228,0.0850233085276425,484220.723616776,4977354.42513308,-1.47239869699292,11.631
229,1,0,accepted,0.135318068014439,0.0842339206571389,484220.865087444,4977353.10700437,-1.46561521691613,11.196
230,1,0,accepted,0.138237438087241,0.165660877983409,484221.017702929,4977351.79643918,-1.45777708086111,10.766
231,1,0,accepted,0.131392737447556,0.100453242081829,484221.185283051,4977350.47228657,-1.45206825746281,12.058
232,1,0,accepted,0.112212102613355,0.0983307758928603,484221.371575588,4977349.13737973,-1.44583232121941,12.127
233,1,0,accepted,0.0898169471597083,-0.325800957130682,484221.721104126,4977347.84614172,-1.44668959053286,13.547
234,1,0,accepted,0.0775440380689221,-0.0821160212769853,484221.884344078,4977346.54064563,-1.43586435527075,12.792
235,1,0,accepted,0.0748606932394814,0.102560577709606,484222.037644585,4977345.22478418,-1.42616966690677,13.427
236,1,0,accepted,0.0666620908704569,-0.0562889123062087,484222.239843924,4977343.88264691,-1.42238625901764,13.209
237,1,0,accepted,0.0806846840656188,-0.0655541853501047,484222.441387662,4977342.55204993,-1.41588439150606,12.734
238,1,0,accepted,0.0796240843269398,-0.117493099666285,484222.665905367,4977341.21188912,-1.41019610183761,12.83
239,1,0,accepted,0.0627977519693323,-0.142752842833169,484222.924053684,4977339.8770985,-1.40371970730734,11.546
240,1,0,accepted,0.18753315228312,0.130436207284304,484223.091183315,4977338.43989002,-1.39282534761656,12.769
241,1,0,accepted,0.202460013468426,0.157467734184523,484223.328308795,4977337.13624503,-1.38548104165657,11.933
242,1,0,accepted,0.221478656263762,0.121618291524595,484223.5781467,4977335.80971653,-1.38001167492148,12.175
243,1,0,accepted,0.23922328478475,0.185451340275577,484223.832613545,4977334.49689561,-1.37283440498437,12.203
244,1,0,accepted,0.246807613946888,0.307634511076998,484224.111369684,4977333.179848,-1.36500766613861,12.602
245,1,0,accepted,0.242215068552994,0.498098379719597,484224.411921476,4977331.86116596,-1.35683018299938,12.464
246,1,0,accepted,0.186558906375677,0.735259143177909,484224.754821461,4977330.62561699,-1.34899628142217,12.779
247,1,0,accepted,0.188355805853472,1.04734113917399,484225.084471391,4977329.37841826,-1.34079207078191,13.139
248,1,0,accepted,0.153912520027322,0.956206700459246,484225.418287575,4977327.99850233,-1.34045393387195,11.83
249,1,0,accepted,0.137395761829627,0.844312546988601,484225.754214971,4977326.64452373,-1.34021002140069,11.604
250,1,0,accepted,0.137016993713843,0.815296075058025,484226.084361456,4977325.28214393,-1.33857667767546,11.677
251,1,0,accepted,0.130372749987164,0.472973852896929,484226.4448707,4977323.9002162,-1.34286606393543,12.818
252,1,0,accepted,0.139476415689056,0.257231424786628,484226.799973303,4977322.52456613,-1.3450977327549,12.562
253,1,0,accepted,0.15020267658524,0.30489356984033,484227.126371261,4977321.16894249,-1.34299822475904,12.014
254,1,0,accepted,0.0727611323394911,0.147405237377286,484227.503899893,4977319.91029267,-1.34398508096673,13.802
255,1,0,accepted,0.0781005471038319,0.136495985998706,484227.837093171,4977318.55565502,-1.34235358331809,12.467
256,1,0,accepted,0.0641472944696041,0.252401463430684,484228.179193824,4977317.22636548,-1.33912436383075,13.441
257,1,0,accepted,0.0569179409912133,0.242511462447921,484228.519143621,4977315.8961632,-1.33788023753414,13.075
258,1,0,accepted,0.0522451466919525,0.265437037530883,484228.877773837,4977314.531239,-1.33723669555198,11.174
259,1,0,accepted,0.0107387234650209,0.052043400101193,484229.24951753,4977313.21885545,-1.3394415570799,11.922
260,1,0,accepted,0.0276112377569219,0.0517036698237859,484229.590262774,4977311.86376477,-1.33879344132733,13.25
261,1,0,accepted,0.039564997176744,0.0764461829337378,484229.924707746,4977310.52317732,-1.33749623540659,12.78
262,1,0,accepted,0.0507998563280191,0.0636841732418833,484230.268306981,4977309.16041123,-1.33668836569871,12.87
263,1,0,accepted,0.0738748658088815,0.0398996332838356,484230.600017169,4977307.78642148,-1.33684336576481,13.468
264,1,0,accepted,0.0972176680166785,0.0624026797380099,484230.935989716,4977306.40531025,-1.33510753880196,12.868
265,1,0,accepted,0.122218776639852,0.165926521248562,484231.282875136,4977304.9945716,-1.33302955003276,12.174
266,1,0,accepted,0.142715759458388,0.22886242542246,484231.626424738,4977303.61946589,-1.33152728987012,11.421
267,1,0,accepted,0.10127641030924,0.0335187097759061,484232.134950219,4977302.40424573,-1.33435264768699,11.617
268,1,0,accepted,0.06986511766764,0.0290460183870837,484232.487913656,4977300.99643652,-1.3334945428318,12.228
269,1,0,accepted,0.0420167552187176,0.013430742760176,484232.844981786,4977299.58801189,-1.33294464941775,11.765
270,1,0,accepted,0.0314075060983786,0.0497478306515242,484233.200409922,4977298.17398206,-1.33198059469625,11.314
271,1,0,accepted,0.0396852031547316,0.0571517341153174,484233.564802237,4977296.75072923,-1.33157489944598,14.023
272,1,0,accepted,0.06840584970685,0.0351253279747235,484233.917221881,4977295.34184905,-1.33185179052745,11.527
273,1,0,accepted,0.093289084545591,0.0825807509168291,484234.272586747,4977293.93349423,-1.33145868893176,12.835
274,1,0,accepted,0.114657615730881,0.0205549465682385,484234.631686547,4977292.53643464,-1.33284286601545,13.808
275,1,0,accepted,0.134781808930938,0.0572144203401453,484234.99287427,4977291.12491092,-1.33324870593834,14.635
276,1,0,accepted,0.156048969391066,0.0569637787451224,484235.356656296,4977289.70677073,-1.33415737008456,12.962
277,1,0,accepted,0.170819256216152,0.0556993524279513,484235.721731302,4977288.29023818,-1.33529249532666,13.215
278,1,0,accepted,0.198411180744037,0.0822735797233409,484236.070306959,4977286.87313555,-1.33562693072629,11.819
279,1,0,accepted,0.223123181899048,0.120996367062497,484236.429087731,4977285.43816089,-1.33703861308197,11.883
280,1,0,accepted,0.257266899809902,0.169564418212975,484236.764596557,4977284.02272199,-1.33729530473544,11.46
281,1,0,accepted,0.172708889836036,0.211507986753151,484237.180656785,4977282.68596324,-1.33850016693099,13.351
282,1,0,accepted,0.116629508372957,0.235668478005747,484237.582847594,4977281.32957908,-1.34045512831375,13.008
283,1,0,accepted,0.0979720024058122,0.353729918153063,484237.968466341,4977279.97278714,-1.34033684831462,12.295
284,1,0,accepted,0.100862902730359,0.402445950686482,484238.35993555,4977278.59125745,-1.34290987070522,12.063
285,1,0,accepted,0.127751023829183,0.477872778361833,484238.741742032,4977277.21510169,-1.3450822141258,10.809
286,1,0,accepted,0.063996289979559,0.271538757989482,484239.132744229,4977275.71028004,-1.35236248054051,11.382
287,1,0,accepted,0.00558034373850964,0.00611100992318136,484239.498056971,4977274.24145991,-1.35960905373014,11.103
288,1,0,accepted,0.0475963737292887,0.086825547234913,484239.809631388,4977272.77600627,-1.36171143797376,11.013
289,1,0,accepted,0.0800107870669991,-0.095983789431191,484240.158145729,4977271.29179986,-1.36780196368642,10.743
290,1,0,accepted,0.120623267506631,-0.185666232499833,484240.465581017,4977269.82121529,-1.37291300545312,11.204
291,1,0,accepted,0.132225523234296,-0.119144871068846,484240.779732093,4977268.38085782,-1.37515154707403,10.612
292,1,0,accepted,0.148207250278325,0.076201504825093,484241.079424658,4977266.93716079,-1.37508844603921,11.959
293,1,0,accepted,0.154197767840435,0.399787227571255,484241.373183552,4977265.55078234,-1.37319008980828,13.07
294,1,0,accepted,0.166841655227653,0.490231799347987,484241.683514879,4977264.10016187,-1.37541987852371,12.031
295,1,0,accepted,0.135494637840004,0.226733875518494,484242.080878021,4977262.58606975,-1.38296966289612,12.641
296,1,0,accepted,0.0768275458993355,-0.0538670744589301,484242.454919955,4977261.17036262,-1.39088724897992,14.375
297,1,0,accepted,0.073983371928761,-0.190380206251874,484242.771364549,4977259.72466119,-1.39643715521757,14.836
298,1,0,accepted,0.0856253977614196,-0.142102514077908,484243.055800926,4977258.26651079,-1.39890506824267,14.21
299,1,0,accepted,0.0724026773413615,-0.22091183970211,484243.338537121,4977256.82771945,-1.40373032082469,12.251
300,1,0,accepted,0.102352796563982,-0.144919761012758,484243.597841742,4977255.38217218,-1.40562165937142,12.208
301,1,0,accepted,0.147948229835567,0.0349862261871369,484243.838826646,4977253.91933449,-1.40540887986546,11.835
302,1,0,accepted,0.112376693951628,0.199424249731709,484244.151357273,4977252.49606829,-1.40585216968889,12.661
303,1,0,accepted,0.0531014585171401,0.100969843029652,484244.557302898,4977251.16186501,-1.41050896125012,13.761
304,1,0,accepted,0.0528092752242501,0.0894979539914641,484244.827121299,4977249.71997898,-1.41389859772329,11.136
305,1,0,accepted,0.0873016321852976,-0.0778258992238443,484245.101293142,4977248.3251414,-1.42004301007159,11.792
306,1,0,accepted,0.076576296072345,-0.215674072049734,484245.337501127,4977246.88692949,-1.42519108468015,10.073
307,1,0,accepted,0.0663628037190555,-0.200576366272868,484245.564878234,4977245.43805192,-1.42816157751664,12.957
308,1,0,accepted,0.0665498244310638,-0.118031084402869,484245.787878601,4977243.99037973,-1.4298956796617,12.691
309,1,0,accepted,0.0696099740419961,0.00309620579400226,484246.017158263,4977242.54806469,-1.43091477115401,11.743
310,1,0,accepted,0.0660672607433835,0.123640287204338,484246.260827404,4977241.12377381,-1.43204901873575,13.227
311,1,0,accepted,0.0903325860426075,0.0762063928858088,484246.463543931,4977239.65809801,-1.43563973105886,14.575
312,1,0,accepted,0.0918505072909795,0.128481028337346,484246.690498045,4977238.21133254,-1.4371379764582,14.054
313,1,0,accepted,0.0988447535220003,0.082694033039079,484246.903547109,4977236.79924088,-1.43972835748902,13.07
314,1,0,accepted,0.109554490815924,0.165499583777139,484247.12069368,4977235.35677142,-1.44113728915827,13.542
315,1,0,accepted,0.138175988030782,0.0318568126494138,484247.31522944,4977233.93075566,-1.44585203885872,13.386
316,1,0,accepted,0.148508850752724,0.0897034273852956,484247.51796217,4977232.53941595,-1.44806318883949,13.852
317,1,0,accepted,0.161632420609881,0.00802854332768143,484247.727590988,4977231.10976461,-1.45195731909747,15.199
318,1,0,coarseRetainedByTrustRadius,0.123473412115544,-0.776725131597363,484248.163038605,4977229.83570073,-1.46778667884903,13.324
319,1,0,coarseRetainedByTrustRadius,0.0753693116294877,-0.707340520001541,484248.328342256,4977228.38561639,-1.46872451060981,14.334
320,1,0,coarseRetainedByTrustRadius,0.0320338956773636,-0.69418785742781,484248.501686766,4977226.92700394,-1.47030449938242,13.69
321,1,0,coarseRetainedByTrustRadius,0.0280167929001822,-0.665462119379236,484248.670517164,4977225.47366295,-1.47201124359886,15.717
322,1,0,coarseRetainedByTrustRadius,0.0345540284832751,-0.552655245052139,484248.871180835,4977224.03550734,-1.47228916381539,16.54
323,1,0,accepted,0.0350535358367868,-0.590015414016833,484249.111583059,4977222.66272672,-1.47517262166755,14.104
324,1,0,accepted,0.023876498298652,-0.30207103930003,484249.254306523,4977221.21541609,-1.47240488946943,13.299
325,1,0,accepted,0.0702515951498962,-0.364504219588269,484249.417956513,4977219.72276029,-1.47566240112861,14.37
326,1,0,accepted,0.13191585580176,-0.535227847421976,484249.577231404,4977218.24810978,-1.48043961201339,13.269
327,1,0,accepted,0.174086515733121,-0.342340198724092,484249.725561277,4977216.82356678,-1.47876046724987,13.714
328,1,0,accepted,0.188573441457694,-0.222786238573188,484249.875075653,4977215.37958119,-1.4787430290463,15.877
329,1,0,accepted,0.165764022160912,-0.0896886743012633,484250.049207537,4977213.97666482,-1.47724264561763,17.212
330,1,0,accepted,0.119125780451177,-0.130682786465022,484250.244199835,4977212.60699495,-1.48026699464166,14.679
331,1,0,accepted,0.133166585862753,-0.0683959675540948,484250.401313977,4977211.17708447,-1.48067059026921,12.517
332,1,0,accepted,0.0992812258149524,-0.145297483335112,484250.66180826,4977209.68969637,-1.48214657933623,20.143
333,1,0,accepted,0.123496126585761,-0.0263774641118168,484250.812491141,4977208.24737467,-1.48246570808316,16.799
334,1,0,accepted,0.156763061315283,0.0180557168076059,484251.007829939,4977206.77905527,-1.48329800191791,19.429
335,1,0,accepted,0.178164036248398,-0.0157410889516698,484251.167373415,4977205.32882858,-1.48476196525465,17.865
336,1,0,accepted,0.148949441487898,-0.188319897891166,484251.309083968,4977203.92730347,-1.4892508572753,15.056
337,1,0,accepted,0.147398475816586,-0.052879982571996,484251.387517694,4977202.54006677,-1.48867126540618,12.665
338,1,0,accepted,0.190259692374,0.156807829932766,484251.504995807,4977201.08587868,-1.48589222816559,13.122
339,1,0,accepted,0.225505480873781,0.342884427854878,484251.629442577,4977199.64915368,-1.48473331851837,11.854
340,1,0,accepted,0.074038052432556,-0.0500531568103942,484251.910675602,4977198.40001759,-1.49339503742443,11.475
341,1,0,accepted,0.0671399405728811,-0.0764917630501182,484252.085798512,4977196.99390818,-1.49552076599053,11.577
342,1,0,accepted,0.050797117655754,0.113090420001352,484252.21722415,4977195.52744323,-1.49362070684321,14.36
343,1,0,accepted,0.0375334811134746,0.151322362156138,484252.370873932,4977194.07887182,-1.49437047411326,12.342
344,1,0,accepted,0.0371170149320205,0.189140180519643,484252.529705072,4977192.61289193,-1.49475299530666,15.989
345,1,0,accepted,0.056891580359341,0.213415641772341,484252.664088373,4977191.15924633,-1.4954220513082,12.21
346,1,0,accepted,0.061329088162851,0.288204436816927,484252.796814742,4977189.74412727,-1.49522870194515,13.249
347,1,0,accepted,0.00947980606043091,0.213634412289049,484252.959168858,4977188.37406761,-1.49708262290143,14.684
348,1,0,accepted,0.0175616134126328,0.168707085629989,484253.096389871,4977186.95865441,-1.49877648493978,18.515
349,1,0,accepted,0.0451959291058792,0.0660877518824844,484253.251533931,4977185.57238397,-1.50107760774698,16.589
350,1,0,accepted,0.0421032601763095,0.0892738152513355,484253.358609847,4977184.14724652,-1.50108167503231,16.635
351,1,0,accepted,0.0486545860957083,0.148705111179543,484253.463153285,4977182.69861554,-1.49997271693107,16.803
352,1,0,accepted,0.0733329902491252,0.166083006181812,484253.564494794,4977181.27549031,-1.49955115751794,13.813
353,1,0,accepted,0.0779686810253719,0.223523293068991,484253.6948658,4977179.84741596,-1.49869361115222,16.116
354,1,0,accepted,0.0926402564966586,0.124423600059299,484253.820018168,4977178.40831437,-1.50036154682949,15.886
355,1,0,accepted,0.132484306944899,0.175305451130384,484253.920570702,4977176.97024819,-1.49952889198027,16.595
356,1,0,accepted,0.167012887395776,0.148218405678559,484254.029752558,4977175.53529696,-1.50010440943612,14.339
357,1,0,coarseRetainedByTrustRadius,0.0929126667430195,0.224015531039592,484254.211226251,4977174.21748063,-1.49889871675663,14.474
358,1,0,coarseRetainedByTrustRadius,0.0915627388651603,0.231108841869813,484254.329498683,4977172.77374387,-1.49888283852756,14.867
359,1,0,coarseRetainedByTrustRadius,0.0977245490361396,0.213457274272008,484254.4437439,4977171.34292122,-1.49896385365197,14.024
360,1,0,coarseRetainedByTrustRadius,0.114917256841589,0.19261929484602,484254.558006882,4977169.89759859,-1.49918114909,15.834
361,1,0,accepted,0.0506403551875856,0.0205669899545885,484254.747534912,4977168.59464629,-1.50188775769426,13.678
362,1,0,accepted,0.0289465008395964,-0.0623964882609102,484254.856060567,4977167.13995897,-1.50297485871802,11.891
363,1,0,accepted,0.0548485866213272,-0.126515253914485,484254.958670603,4977165.67545101,-1.50382386551482,12.442
364,1,0,accepted,0.092388152396205,-0.279845551759693,484255.076135521,4977164.22395219,-1.50633129259988,12.485
365,1,0,accepted,0.107407873000761,-0.19458953985485,484255.176464389,4977162.8045168,-1.50428349483595,12.88
366,1,0,accepted,0.13241727731008,-0.12497336960927,484255.287885758,4977161.36313325,-1.50248823173538,12.749
367,1,0,accepted,0.145832426439676,-0.0783996195685028,484255.395216092,4977159.93799679,-1.50099196135633,11.961
368,1,0,accepted,0.156039291643055,-0.00772521402252559,484255.501579853,4977158.50213737,-1.49912112019003,12.627
369,1,0,accepted,0.161159374451859,0.0298037161418168,484255.617916119,4977157.07249969,-1.49776481257061,13.197
370,1,0,accepted,0.181868885223989,0.0225151616456429,484255.720507017,4977155.65216813,-1.49714630917952,13.016
371,1,0,accepted,0.201972469749187,0.106501949066067,484255.835239374,4977154.2136748,-1.49494318367932,12.512
372,1,0,accepted,0.226625534500683,0.204789320758856,484255.944794804,4977152.81278806,-1.49256744780516,13.078
373,1,0,accepted,0.294913567768651,0.3717348176256,484256.017165163,4977151.37980528,-1.48768825928964,9.928
374,1,0,accepted,0.167376980776825,0.179680933605603,484256.296355085,4977150.05472376,-1.489766697077,14.208
375,1,0,accepted,0.156085228812575,0.0599927683816971,484256.494404488,4977148.66948738,-1.48988233364935,14.669
376,1,0,accepted,0.141732421717108,-0.162628146747371,484256.683467751,4977147.23111879,-1.4917362218206,15.067
377,1,0,accepted,0.133467204938863,-0.30115487685627,484256.869668859,4977145.80553841,-1.49280669163799,10.042
378,1,0,accepted,0.0209987709085862,-0.574655177557162,484257.05553581,4977144.27985671,-1.49572762024695,12.709
379,1,0,accepted,0.0339278046009319,-0.47900211800459,484257.170994851,4977142.83037841,-1.49264494431248,14.407
380,1,0,accepted,0.0592015377478541,-0.322112142290674,484257.312276982,4977141.38370658,-1.48821466272708,12.947
381,1,0,accepted,0.0864231734784565,-0.26227942678413,484257.459535249,4977139.92252936,-1.48573506944489,12.071
382,1,0,accepted,0.0987748565545619,-0.225459917770472,484257.607627556,4977138.50779423,-1.48359630036574,14.059
383,1,0,accepted,0.0807771868305584,-0.0750311079032216,484257.769081623,4977137.11862638,-1.47951775561312,13.569
384,1,0,accepted,0.0362734350030828,0.142035535674462,484257.976266286,4977135.71389308,-1.4747962533857,13.596
385,1,0,accepted,0.0196513640375456,0.0816330410185468,484258.155385859,4977134.32857696,-1.47455024270951,12.832
386,1,0,accepted,0.00942396047936267,-0.0645189938097143,484258.335289396,4977132.91559285,-1.47523040328456,16.064
387,1,0,accepted,0.0256002165002966,-0.10938391259103,484258.52011702,4977131.5295945,-1.4749229287012,14.09
388,1,0,accepted,0.0169493708557848,-0.125913690468132,484258.667263301,4977130.11132622,-1.47383214562611,18.857
389,1,0,accepted,0.0298412840396918,-0.113351891617526,484258.820365966,4977128.68526732,-1.47202040442578,14.456
390,1,0,accepted,0.0555163569622334,-0.0129524684593625,484258.964151824,4977127.28374562,-1.46876665487215,16.473
391,1,0,accepted,0.0814079322691127,0.0230690720892913,484259.11293376,4977125.86153468,-1.46662558188927,14.339
392,1,0,accepted,0.0877986651629678,0.0792784132792298,484259.278791445,4977124.47778273,-1.4646885301138,12.26
393,1,0,accepted,0.109935155752433,0.0426554517044364,484259.435891879,4977123.06671417,-1.4638019247863,12.432
394,1,0,accepted,0.138346438594613,0.0675607292545274,484259.592217688,4977121.64327037,-1.46202706289443,13.668
395,1,0,accepted,0.0866959128462665,0.0738207838995684,484259.845898121,4977120.37923934,-1.46078767889811,14.794
396,1,0,accepted,0.0754362786104833,0.0745442521987618,484260.022142601,4977118.97239515,-1.45978688395939,14.522
397,1,0,accepted,0.066330825614911,0.0754492299269057,484260.200366848,4977117.5434657,-1.45865469520315,15.235
398,1,0,accepted,0.0638462450547822,0.079492715938746,484260.378250223,4977116.15372104,-1.45714470300029,15.957
399,1,0,accepted,0.0714570507421052,0.127161749198879,484260.556508748,4977114.7533216,-1.4553172983759,12.739
400,1,0,accepted,0.0759292067860338,0.155495510159802,484260.738266527,4977113.35678598,-1.45361079980065,14.048
401,1,0,accepted,0.0834370379055552,0.217059729526714,484260.921237287,4977111.96227077,-1.45089188671245,12.499
402,1,0,accepted,0.0984026752395867,0.353970139591214,484261.099789114,4977110.58580917,-1.44688005555963,19.555
403,1,0,accepted,0.100954761887026,0.285485623743252,484261.289670936,4977109.19225292,-1.4466213335881,16.168
404,1,0,accepted,0.115276428211055,0.292912039465959,484261.473262821,4977107.7863333,-1.44449887942018,14.768
405,1,0,accepted,0.12742039662373,0.235755423997741,484261.65812226,4977106.41453603,-1.44336962200918,13.359
406,1,0,accepted,0.140337918749583,0.204880493361773,484261.848028929,4977105.02632255,-1.44165021946252,11.819
407,1,0,coarseRetainedByTrustRadius,0.115122569613715,0.025769662933303,484262.128286274,4977103.83706227,-1.44251746663833,12.498
408,1,0,coarseRetainedByTrustRadius,0.0739802369492669,-0.162611712209036,484262.336201349,4977102.43713777,-1.44354150251705,14.691
409,1,0,coarseRetainedByTrustRadius,0.0555693958254184,-0.128747062415013,484262.524871297,4977101.03119711,-1.44083052911901,15.639
410,1,0,coarseRetainedByTrustRadius,0.0509890493934529,-0.0119385168306739,484262.724955176,4977099.64831661,-1.43651205201253,14.206
411,1,0,coarseRetainedByTrustRadius,0.0653403971657473,0.0962873991034888,484262.91712615,4977098.29883581,-1.43236943346051,13.905
412,1,0,accepted,0.0667655883286772,-0.105173198015575,484263.203457064,4977097.04029026,-1.4343281311882,13.021
413,1,0,accepted,0.032784431660226,0.0367609705794257,484263.406948714,4977095.65734188,-1.43003117122353,16.327
414,1,0,accepted,0.00782433220684461,-0.0135444502385117,484263.612558532,4977094.28848883,-1.42861204244921,17.868
415,1,0,accepted,0.0248127506277504,0.0190204977301969,484263.818516535,4977092.9341739,-1.42634374785935,17.947
416,1,0,accepted,0.0391724548344467,0.0528474265790674,484264.029815292,4977091.59114021,-1.42356453557488,15.893
417,1,0,accepted,0.0555710004316141,0.0289869403684421,484264.235994922,4977090.24500954,-1.42182193513473,14.099
418,1,0,accepted,0.0630066151083628,0.08021014935849,484264.447968027,4977088.93541662,-1.4192705318178,15.701
419,1,0,accepted,0.0720445702196567,0.0980845109514027,484264.667270683,4977087.60715687,-1.41655123949334,14.454
420,1,0,accepted,0.100508665795485,0.105797423850681,484264.878447129,4977086.26222331,-1.41445465247759,15.289
421,1,0,accepted,0.102041693023511,0.265905481034812,484265.117026988,4977084.93318528,-1.40982044453223,14.135
422,1,0,accepted,0.11471088773748,0.331549408709785,484265.356566696,4977083.58633233,-1.40705333459944,14.781
423,1,0,accepted,0.134348509885608,0.31956665924243,484265.588294826,4977082.24318426,-1.40567652725452,14.312
424,1,0,accepted,0.158502788466893,0.205738985496628,484265.811412608,4977080.92329176,-1.40592749539783,15.026
425,1,0,accepted,0.14685963173968,-0.371052864709947,484266.240216379,4977079.63200158,-1.41444148556717,12.85
426,1,0,accepted,0.146078877289966,-0.330546484651435,484266.473340765,4977078.31170267,-1.41152154165975,14.667
427,1,0,accepted,0.139072650661044,-0.220562712696767,484266.707119203,4977076.99370627,-1.40851412133835,15.189
428,1,0,accepted,0.143810425309096,0.0441120107687321,484266.944282793,4977075.66557455,-1.40229193031813,15.994
429,1,0,accepted,0.130601465901079,0.0903531183036355,484267.169049877,4977074.36001311,-1.40022185780753,16.846
430,1,0,accepted,0.0457021935813379,-0.00392162585887154,484267.42908318,4977073.15197127,-1.40008445800705,16.658
431,1,0,accepted,0.0490478428343571,-0.0835920705523487,484267.662652169,4977071.8935989,-1.39959240666622,15.554
432,1,0,accepted,0.0509879226576704,-0.111963641933165,484267.907791959,4977070.59333776,-1.39832667305276,16.171
433,1,0,accepted,0.0289418978501438,-0.0700536494217756,484268.149183921,4977069.26254002,-1.39625495792454,14.446
434,1,0,accepted,0.0151966685456716,-0.0236424769144397,484268.384699203,4977067.93029259,-1.39362118054638,13.981
435,1,0,accepted,0.0464317418846309,0.136938712485732,484268.639342187,4977066.57264203,-1.38937081801443,15.203
436,1,0,accepted,0.0689883390890678,0.144251089834252,484268.892625765,4977065.23871339,-1.38728838244464,14.746
437,1,0,accepted,0.0862244082737491,0.224448850919294,484269.159813376,4977063.9180472,-1.38415862447619,15.416
438,1,0,accepted,0.0894309627028466,0.21863929688581,484269.42544741,4977062.60391911,-1.38198793607058,14.315
439,1,0,accepted,0.0926824978420209,0.273129675921725,484269.680185356,4977061.29072154,-1.37911193523837,17.508
440,1,0,accepted,0.0884670034473298,0.195215483731196,484269.915267248,4977060.03511047,-1.37824190091934,17.083
441,1,0,accepted,0.113046346344285,0.177702043699166,484270.180312377,4977058.69603042,-1.37622103056779,13.01
442,1,0,accepted,0.104605945234597,0.129992188930366,484270.463924561,4977057.39600091,-1.37503076564732,16.26
443,1,0,accepted,0.12892601661098,0.144723465611885,484270.713095295,4977056.09164309,-1.37234428554963,15.02
444,1,0,accepted,0.118509760949139,0.157275668417653,484271.005864192,4977054.80169398,-1.37017261041286,13.762
445,1,0,accepted,0.123846275485819,0.185349864196802,484271.286511428,4977053.49642756,-1.36731868539937,15.274
446,1,0,accepted,0.118096744075231,0.224597144306138,484271.580628236,4977052.1947333,-1.36368259395856,15.665
447,1,0,accepted,0.131891789368331,0.207724557667016,484271.86040391,4977050.88753984,-1.36135828428144,13.942
448,1,0,accepted,0.142978663724551,0.236932538370612,484272.143936244,4977049.58254865,-1.35792595986959,14.413
449,1,0,accepted,0.136421075849086,0.321457193099837,484272.446129752,4977048.2952158,-1.35331515530443,15.231
450,1,0,accepted,0.0319479197460291,-0.344318496894984,484272.895552864,4977047.08175302,-1.36165571552002,19.656
451,1,0,accepted,0.0531768935627037,-0.503457208763658,484273.203380893,4977045.82077419,-1.36118956757573,15.38
452,1,0,accepted,0.0562657420219085,-0.563918217031306,484273.489397948,4977044.54909545,-1.35921555147903,17.139
453,1,0,accepted,0.063909074902108,-0.365794055523808,484273.788307361,4977043.28095409,-1.35220202291457,16.994
454,1,0,accepted,0.0554139289453621,-0.121125234554191,484274.097356978,4977041.99845892,-1.34462032663843,21.274
455,1,0,accepted,0.034011279065725,0.00613410026863281,484274.407272237,4977040.70516108,-1.33843401335374,17.479
456,1,0,accepted,0.0327900812150083,-0.046613509958727,484274.716883875,4977039.41577569,-1.33521135616068,18.757
457,1,0,accepted,0.0279332369208385,0.163929394217416,484275.041440495,4977038.16272676,-1.32766707418886,16.861
458,1,0,accepted,0.0229573683729866,0.295216504517251,484275.374499777,4977036.90742642,-1.32116278558074,14.145
459,1,0,accepted,0.0165998667643581,0.415417685258452,484275.715068307,4977035.65983123,-1.31526008307304,13.525
460,1,0,accepted,0.0253587095686708,0.392655121109584,484276.044183159,4977034.43068746,-1.31144910453977,15.79
461,1,0,accepted,0.0323234672814035,0.312568911804744,484276.383386298,4977033.17389365,-1.3086283256226,13.999
462,1,0,accepted,0.0382946616215989,0.267645985564303,484276.72024773,4977031.95727139,-1.30517746322643,15.749
463,1,0,accepted,0.0525619014283329,0.195345626988511,484277.065560531,4977030.73683234,-1.30193839589809,15.965
464,1,0,accepted,0.167412457520065,0.138476793167549,484277.398227505,4977029.6716597,-1.29840583640379,18.139
465,1,0,accepted,0.149633298460252,0.221262048143206,484277.745102784,4977028.4320224,-1.29299215744648,15.625
466,1,0,accepted,0.138429022276664,0.293026485269467,484278.095020953,4977027.19947601,-1.28774570604119,17.291
467,1,0,accepted,0.119563789307387,0.319804632612384,484278.451200529,4977025.96201625,-1.28282904680573,18.612
468,1,0,accepted,0.130266542188054,0.411724292550572,484278.801060133,4977024.74347876,-1.27715910092,14.65
469,1,0,accepted,0.112881969095337,0.293414106405427,484279.186764206,4977023.51783446,-1.27482730908384,16.278
470,1,0,accepted,0.116271959215908,0.345320078465757,484279.552829936,4977022.33080761,-1.26969098216643,16.13
471,1,0,accepted,0.110653529349301,0.384085158253495,484279.938215867,4977021.13623389,-1.26470002519546,15.701
472,1,0,accepted,0.113667925688495,0.386135975727637,484280.32169134,4977019.93317013,-1.26038598129891,13.973
473,1,0,accepted,0.127671424787579,0.462278107413842,484280.703147886,4977018.72685252,-1.2547307046868,14.573
474,1,0,coarseRetainedByTrustRadius,0.107999853468306,0.445793175850238,484281.135476918,4977017.64879565,-1.251100833087,12.572
475,1,0,accepted,0.16306188478272,0.672749192672393,484281.50310343,4977016.2997801,-1.24310498075093,15.115
476,1,0,accepted,0.180838753545283,0.491851971315929,484281.929120155,4977015.08467825,-1.24203292696608,14.603
477,1,0,accepted,0.202274964566064,0.646496900848855,484282.329285985,4977013.9125061,-1.23548178625221,13.131
478,1,0,accepted,0.206488114425967,0.478879301433664,484282.786389259,4977012.72721194,-1.23466231075998,16.709
479,1,0,accepted,0.221401376668,0.930101088989106,484283.20789498,4977011.55483592,-1.22277428648295,26.053
480,1,0,accepted,0.238851249045645,0.737510360234235,484283.633510996,4977010.38258232,-1.2220861279908,16.837
481,1,0,accepted,0.243983114114302,0.722452316179838,484284.078170713,4977009.2143929,-1.21853982059387,19.009
482,1,0,accepted,0.0187431051634163,0.0949315170328785,484284.53776357,4977008.28608417,-1.22571367639496,17.169
483,1,0,accepted,0.0387862647760914,0.060014794170154,484284.956919629,4977007.13998851,-1.22249756274227,16.186
484,1,0,accepted,0.0530664235660271,0.00791713109892166,484285.383000407,4977005.98413058,-1.21940624701022,17.108
485,1,0,accepted,0.074301514417094,-0.0281042424010972,484285.802995918,4977004.8356934,-1.21610274818803,15.065
486,1,0,accepted,0.0874479583293843,-0.0122676131770064,484286.243336993,4977003.68502489,-1.21152712972865,15.306
487,1,0,accepted,0.0394198466773783,0.137206836190458,484286.723509112,4977002.58798593,-1.20568883258633,17.524
488,1,0,accepted,0.0392736446558834,0.19500895882315,484287.170569063,4977001.46102435,-1.20054202028142,25.591
489,1,0,accepted,0.037752347780702,0.265116454516629,484287.635792783,4977000.31870357,-1.19480984849276,17.275
490,1,0,accepted,0.0331011764206124,0.284635102124687,484288.0923355,4976999.23968781,-1.19203072931935,21.839
491,1,0,accepted,0.0334992774559582,0.055520661677028,484288.560714151,4976998.11881597,-1.19234169112708,22.311
492,1,0,accepted,0.140546945267631,-0.46187599418588,484289.15994254,4976997.07896974,-1.19753260777547,15.872
493,1,0,accepted,0.13324030163359,-0.385983102024798,484289.60967064,4976995.96755252,-1.19244872635245,16.75
494,1,0,accepted,0.120743153172017,-0.421004921745662,484290.069219589,4976994.84204587,-1.18957817419234,13.515
495,1,0,accepted,0.0964145997128491,-0.49175644132446,484290.526641059,4976993.71172245,-1.18685336096062,13.21
496,1,0,accepted,0.0764020758019522,-0.268557617371721,484290.984523517,4976992.58957711,-1.17982320012003,14.081
497,1,0,accepted,0.0543425565164579,-0.220711484743185,484291.469102191,4976991.45474355,-1.17567295076117,15.577
498,1,0,accepted,0.0393299247463503,-0.0352506830492255,484291.940010632,4976990.32939851,-1.16915428204368,21.155
499,1,0,accepted,0.0540106022932994,0.279390727447104,484292.40233663,4976989.19662353,-1.15992335538492,22.019
500,1,0,accepted,0.0350138036821043,0.073580334997956,484292.920226028,4976988.0846676,-1.15994069402821,17.013
501,1,0,accepted,0.0329711284614307,0.180996485085181,484293.424709263,4976986.95687975,-1.15458907890247,29.504
502,1,0,accepted,0.0438216305208397,0.118794651869893,484293.954824302,4976985.80537514,-1.15241311160701,21.576
503,1,0,accepted,0.0780055440211358,0.0877003090189873,484294.4714604,4976984.68234623,-1.15004012735844,17.168
504,1,0,accepted,0.12114790111991,0.0901681891693136,484295.033204317,4976983.55269298,-1.14506616315263,17.345
505,1,0,accepted,0.13928333057761,-0.00885371092985259,484295.557378688,4976982.4338593,-1.14385609629933,16.06
506,1,0,accepted,0.148271689299602,0.196479339670234,484296.090700683,4976981.32866462,-1.13703897324377,18.409
507,1,0,accepted,0.11383442618421,0.353377210005472,484296.579229957,4976980.25113498,-1.13187543925194,16.099
508,1,0,accepted,0.0987057949391986,0.498489242072334,484297.089830018,4976979.17036207,-1.1270197349814,19.401
509,1,0,accepted,0.0570920523596335,0.421098524516814,484297.572247904,4976978.13516078,-1.12616688948228,17.421
510,1,0,accepted,0.0893287786192372,0.461380920928471,484298.059893729,4976977.08076964,-1.12358150279875,16.215
511,1,0,accepted,0.115407394705444,0.504200854733091,484298.575083059,4976975.97098465,-1.12072490170395,18.355
512,1,0,accepted,0.139481365318196,0.56552814680091,484299.089101615,4976974.8856253,-1.11807681305197,17.588
513,1,0,accepted,0.14245772657694,0.536253723454169,484299.627123049,4976973.79786368,-1.11718517322916,15.389
514,1,0,accepted,0.138290405259447,0.548130605133506,484300.175545838,4976972.69230996,-1.11591684863982,14.6
515,1,0,accepted,0.127963483085642,0.505287112376029,484300.74342984,4976971.55955659,-1.11586356850646,16.32
516,1,0,accepted,0.100370259619087,0.461602844012341,484301.309750553,4976970.48332054,-1.11642554193248,15.321
517,1,0,accepted,0.0592756302642686,0.295975237035209,484301.907433277,4976969.36650124,-1.11938764779078,16.804
518,1,0,accepted,0.0618089233402462,0.169883398746405,484302.482326658,4976968.23650314,-1.12141050073651,18.051
519,1,0,accepted,0.0743052109467483,0.115410048484247,484303.032812603,4976967.11742179,-1.12226977430393,15.243
520,1,0,accepted,0.0915828055293984,-0.278253243244988,484303.679699877,4976966.1418069,-1.12924152181138,14.769
521,1,0,accepted,0.0781770845796572,-0.320550291487664,484304.220906125,4976965.03016911,-1.13050015378911,15.468
522,1,0,accepted,0.0718274448302185,-0.329202612761319,484304.764163534,4976963.9256192,-1.1319640182393,17.107
523,1,0,accepted,0.0502629694933413,-0.342949067943516,484305.295307322,4976962.81368735,-1.13303631988204,18.299
524,1,0,accepted,0.0345573139550581,-0.318301229501388,484305.824643169,4976961.70131613,-1.13399015423393,15.213
525,1,0,accepted,0.0621418604546229,-0.364365736131937,484306.353224982,4976960.63075202,-1.13643604583578,16.985
526,1,0,accepted,0.0480934277675765,-0.443431307337179,484306.880187998,4976959.510825,-1.13831838017534,13.834
527,1,0,accepted,0.0384057265319244,-0.440721553447899,484307.409086872,4976958.38313439,-1.1403808275219,13.499
528,1,0,accepted,0.0423873947128987,-0.483120977011608,484307.945371555,4976957.2522087,-1.14269365588079,16.238
529,1,0,accepted,0.0533894565237178,-0.488727157149323,484308.471989599,4976956.12870256,-1.14503467595484,14.798
530,1,0,accepted,0.073084091106919,-0.383135847588072,484309.004310492,4976954.99298929,-1.14605176821621,14.869
531,1,0,accepted,0.094771621287236,-0.256037901947333,484309.527362822,4976953.86355781,-1.14685516343437,15.386
532,1,0,accepted,0.115373285831282,-0.201370168600285,484310.061674798,4976952.72769403,-1.14913445287322,16.908
533,1,0,accepted,0.136846363352936,-0.158911627890904,484310.599127158,4976951.58171916,-1.15223645927263,15.75
534,1,0,accepted,0.134347631242944,0.0695963516242521,484311.131303125,4976950.470558,-1.15230931737295,14.964
535,1,0,accepted,0.129962530023531,0.0453186362570206,484311.654600804,4976949.35699887,-1.15637275319933,16.381
536,1,0,accepted,0.133680703980465,0.0465048131235267,484312.162216862,4976948.23900042,-1.15985540454918,14.324
537,1,0,accepted,0.119789958343363,0.120083994864047,484312.668501963,4976947.13648956,-1.16247400686072,13.491
538,1,0,accepted,0.130618624567483,0.0098181499804222,484313.166355681,4976946.00668629,-1.16757027383527,12.877
539,1,0,accepted,0.134597580163384,0.0838572788819545,484313.660771611,4976944.8753027,-1.1700331062311,13.586
540,1,0,accepted,0.126521522809754,0.226530510490507,484314.145321076,4976943.7705809,-1.17172905087899,13
541,1,0,accepted,0.122840111243382,0.305195432376691,484314.639467201,4976942.64664713,-1.1740535650842,15.118
542,1,0,accepted,0.131293388098903,0.306303300207855,484315.114168265,4976941.53073281,-1.17792367650364,14.406
543,1,0,accepted,0.139663157860152,0.26579353718663,484315.582236402,4976940.39862579,-1.18212285305512,15.424
544,1,0,accepted,0.13317601592049,0.259171000836423,484316.060182457,4976939.29353253,-1.18570774572944,20.357
545,1,0,accepted,0.141023445925836,0.311340617798599,484316.528404782,4976938.16846195,-1.18825060172376,18.768
546,1,0,accepted,0.178218449761235,0.396163128905636,484316.963311631,4976937.09543175,-1.19049778832644,58.761
547,1,0,accepted,0.20382700712457,0.497440575197614,484317.407245573,4976935.95801187,-1.19232164611616,36.86
548,1,0,accepted,0.115947153853876,0.0190923235591216,484317.961114517,4976934.81972507,-1.20427133559925,21.111
549,1,0,accepted,0.0731238028566426,-0.278920400819315,484318.473658854,4976933.66400701,-1.21321282233261,18.26
550,1,0,accepted,0.0908144169717245,-0.21237999385809,484318.90094211,4976932.53205746,-1.21563145267239,16.047
551,1,0,accepted,0.135076354018073,0.00912545071061537,484319.307421667,4976931.3803725,-1.21592099332573,18.459
552,1,0,accepted,0.170549361568504,0.363552864347428,484319.72190536,4976930.22888766,-1.21343996835245,17.518
553,1,0,accepted,0.166501954882311,0.407435868258157,484320.170730878,4976929.05373778,-1.21637811187196,15.872
554,1,0,accepted,0.109758445587349,0.375333030214464,484320.675831884,4976927.94903452,-1.22072680912607,15.22
555,1,0,accepted,0.0932112049974888,0.351568760035418,484321.13431764,4976926.80488208,-1.224704321273,14.304
556,1,0,accepted,0.0705768178045644,0.320494895573106,484321.577169151,4976925.65467431,-1.2286294109152,14.126
557,1,0,accepted,0.0355532355052669,0.209849808253561,484322.034418694,4976924.46118967,-1.23437149897377,15.326
558,1,0,accepted,0.0414270897734463,0.206783213727297,484322.472945451,4976923.27430945,-1.23815118311133,14.514
559,1,0,accepted,0.0711509151100807,0.24820143898126,484322.88644553,4976922.07469815,-1.24086802719273,14.993
560,1,0,accepted,0.067521979968822,0.258852566768877,484323.306452254,4976920.91475574,-1.24457999258538,14.326
561,1,0,accepted,0.0631047992903402,0.285930386048178,484323.710838182,4976919.76500525,-1.24756348541234,15.702
562,1,0,accepted,0.0563536008027508,0.245929303538011,484324.119362214,4976918.60246672,-1.25163244536418,14.995
563,1,0,accepted,0.0506891029551983,0.182757599502485,484324.517377063,4976917.4573691,-1.25659401123838,17.769
564,1,0,accepted,0.0570510976792134,0.124782836448448,484324.918190323,4976916.27916162,-1.26083140356813,17.473
565,1,0,accepted,0.0751890634105623,0.0618378382535526,484325.318596263,4976915.09414696,-1.26528208491601,14.766
566,1,0,accepted,0.0716179186343826,0.0617597543243856,484325.70583216,4976913.93126584,-1.26837036102464,13.404
567,1,0,accepted,0.0742294709316765,0.081138501366283,484326.082008279,4976912.76045414,-1.27144216512557,12.385
568,1,0,accepted,0.0436729450039554,0.00144257780562066,484326.486813154,4976911.61833262,-1.27604492198197,14.963
569,1,0,accepted,0.0158778577598753,-0.139518227063762,484326.892271851,4976910.47715789,-1.28174974045338,18.369
570,1,0,accepted,0.0372101098637215,-0.318763630929316,484327.295640443,4976909.3298413,-1.287866005174,15.749
571,1,0,accepted,0.0483152390213314,-0.419514409914568,484327.675231005,4976908.17163262,-1.29264802836091,15.955
572,1,0,accepted,0.0944359209132659,-0.734840127619982,484328.086846884,4976907.00971806,-1.30115524269043,12.83
573,1,0,accepted,0.103436358661402,-0.779227180536209,484328.460135222,4976905.84041995,-1.30481402644683,12.174
574,1,0,accepted,0.0892580390876162,-0.602742022191064,484328.807493989,4976904.65744437,-1.3044738565599,15.494
575,1,0,accepted,0.08081474602215,-0.523294370189457,484329.147050281,4976903.49377791,-1.30581417753557,12.202
576,1,0,accepted,0.0802279483971605,-0.381520512326859,484329.471311264,4976902.34007868,-1.30590542479887,13.234
577,1,0,accepted,0.0628085726777427,-0.441812941476538,484329.800364375,4976901.15030074,-1.30951710123648,12.493
578,1,0,accepted,0.0634869561591949,-0.379491105860576,484330.121764232,4976899.97126279,-1.31043786747323,13.018
579,1,0,accepted,0.0695873392782866,-0.281164726548525,484330.434878431,4976898.77582876,-1.31103600102434,14.774
580,1,0,accepted,0.0669449956418734,-0.221724279671042,484330.823869273,4976897.62380938,-1.31163861480366,16.034
581,1,0,accepted,0.0685005376009543,-0.343101671195446,484331.181576549,4976896.44442796,-1.31526659904058,14.006
582,1,0,accepted,0.0814607826203727,-0.401080197896717,484331.538115636,4976895.26582518,-1.31775014794872,15.164
583,1,0,accepted,0.0791401011590797,-0.340449617033701,484331.863367479,4976894.1086062,-1.31876010059699,14.905
584,1,0,accepted,0.0906624884776516,-0.277876882157126,484332.188024896,4976892.94085519,-1.31918688966021,18.603
585,1,0,accepted,0.0826462375597049,-0.233736964776824,484332.504677719,4976891.75595186,-1.32008840333778,16.797
586,1,0,accepted,0.0269953529698692,-0.292954197765855,484332.820771334,4976890.51004233,-1.32262663106127,16.229
587,1,0,accepted,0.0395223548377693,-0.351061055464765,484333.133972344,4976889.2995359,-1.32503424859861,16.272
588,1,0,accepted,0.066779467475039,-0.293625644175464,484333.443692152,4976888.10028423,-1.32551228122067,14.764
589,1,0,accepted,0.155148190204089,-0.304720084964771,484333.73647046,4976886.83966501,-1.32703162437619,15.975
590,1,0,accepted,0.108652917262585,-0.329163693159709,484334.073381898,4976885.71524123,-1.32897500459633,12.804
591,1,0,accepted,0.122032645401927,-0.276043753031623,484334.378165814,4976884.54022016,-1.32949962991659,11.317
592,1,0,accepted,0.143382870210945,-0.279774098972238,484334.677163359,4976883.35873293,-1.33102224539026,10.632
593,1,0,accepted,0.165275180399374,-0.271149923984134,484334.974944081,4976882.17911078,-1.33221111235613,10.955
594,1,0,accepted,0.171434022852254,-0.23335891839568,484335.280399251,4976881.0158135,-1.33310089383602,12.504
595,1,0,accepted,0.181646822201565,-0.204429725014876,484335.584515877,4976879.84042807,-1.33413190724596,11.939
596,1,0,accepted,0.186927714815182,-0.195890429146934,484335.890886523,4976878.67976333,-1.33554905396384,8.952
597,0,1,acceptedDirectional,0.14149765669168,-0.308414719843091,484336.254241214,4976877.5273596,-1.33900947530304,10.854
598,0,1,acceptedDirectional,0.177162663820076,-0.235349887688096,484336.543535015,4976876.36767881,-1.33870876812808,9.566
599,1,0,accepted,0.22393189315317,0.691973235419248,484336.912806331,4976875.51923973,-1.32380169379743,11.785
600,1,0,accepted,0.229458803228433,0.903119094470858,484337.231589951,4976874.37478756,-1.32180392869036,12.551
601,1,0,accepted,0.215921251771699,0.80271229125661,484337.581890234,4976873.2286797,-1.32510243053643,10.629
602,1,0,accepted,0.202382794121979,0.635325430211634,484337.933012229,4976872.08987482,-1.32968750252617,10.454
603,1,0,accepted,0.174697822686095,0.50053595227457,484338.244430268,4976870.92944518,-1.33388017787323,9.149
604,1,0,accepted,0.163927126656584,0.540294035317957,484338.518428882,4976869.77587849,-1.33528918585348,10.215
605,1,0,accepted,0.149989960018789,0.424950266505768,484338.814631086,4976868.62485047,-1.33903981328272,10.229
606,1,0,accepted,0.147387798162736,0.424920379920196,484339.091216524,4976867.46819204,-1.3412588476662,9.864
607,1,0,accepted,0.160246558327427,0.434428823589573,484339.35493693,4976866.30353107,-1.34365241414898,14.015
608,1,0,accepted,0.131173409089851,0.248995573409436,484339.656338347,4976865.15549259,-1.349419437124,12.716
609,1,0,accepted,0.110471898746902,0.108980282818007,484339.941006995,4976864.01788286,-1.35459158312102,10.781
610,1,0,accepted,0.118316637663712,0.314502273158856,484340.201240393,4976862.88032666,-1.35422513787828,9.511
611,1,0,accepted,0.121631234289267,0.515789256182404,484340.464967316,4976861.73364093,-1.35419074968244,11.523
612,1,0,accepted,0.117636618686885,0.697734360653799,484340.707596446,4976860.66303766,-1.35447209564744,12.304
613,1,0,accepted,0.10053643722148,0.682865581258557,484340.985403028,4976859.50454585,-1.35876347186528,11.928
614,1,0,accepted,0.0991427594857557,0.90287779511195,484341.242540948,4976858.37040542,-1.35945278953997,10.501
615,1,0,accepted,0.111555210962806,1.01068553930664,484341.490908724,4976857.22223848,-1.36304894042467,10.374
616,1,0,accepted,0.183343158471797,0.127172342295766,484341.725767467,4976856.00608788,-1.38480440414324,13.312
617,1,0,accepted,0.209378579470297,-0.118136477968021,484341.951762931,4976854.86171481,-1.39592874517278,9.996
618,1,0,accepted,0.217294370295262,-0.0224972131087531,484342.175215304,4976853.7167619,-1.40141163681033,10.34
619,1,0,accepted,0.187911708783941,0.521476631159095,484342.40176762,4976852.6248507,-1.40000231887772,12.094
620,1,0,accepted,0.155900559139248,0.793039029817848,484342.632741101,4976851.5353508,-1.40336778812993,9.312
621,1,0,accepted,0.117523940799243,0.947912954213635,484342.86897226,4976850.44820123,-1.40961497112015,10.428
622,1,0,accepted,0.126027419543909,0.934052430315471,484343.056076061,4976849.3284733,-1.4197887747814,9.94
623,1,0,accepted,0.158310737133725,0.778966748902398,484343.219298602,4976848.18954837,-1.43402654850159,10.053
624,1,0,accepted,0.163534703912337,0.773371756528606,484343.394252773,4976847.05686421,-1.44575091626562,9.12
625,1,0,accepted,0.15890451600467,0.866269565050871,484343.566365643,4976845.91767222,-1.45629506775449,8.851
626,0,1,acceptedDirectional,0.0752181196189918,0.0745617364219567,484343.830302299,4976844.79138944,-1.48233775424351,10.222
627,0,1,acceptedDirectional,0.0987723489269352,-0.378295587771394,484344.058115073,4976843.64079442,-1.5022339727184,12.287
628,0,1,acceptedDirectional,0.0905811519746933,-0.148973572217868,484344.142894669,4976842.5128908,-1.5102698391395,11.652
629,0,1,acceptedDirectional,0.109665623802497,-0.218182943091979,484344.263984867,4976841.37106617,-1.52394312995727,13.912
630,1,0,accepted,0.115465846426804,-0.192317319760553,484344.40797084,4976840.34898679,-1.53520227175033,13.862
631,1,0,accepted,0.0504137867424831,0.178253768594895,484344.388190226,4976839.24430441,-1.54124054568827,14.389
632,1,0,accepted,0.0465257538085541,0.315118508742814,484344.410928649,4976838.10682116,-1.55145988998261,16.821
633,1,0,accepted,0.043176350703215,0.195289834022985,484344.456561316,4976836.97092903,-1.5645342659088,25.347
634,1,0,accepted,0.0340232069183936,0.10108174327729,484344.481517845,4976835.83829261,-1.5775072768824,17.036
635,1,0,accepted,0.0264249030408282,0.00693346496554005,484344.491043473,4976834.69450252,-1.58935968473907,26.948
636,1,0,coarseRetainedByTrustRadius,0.153709943396192,0.335761800923156,484344.513947121,4976833.69592761,-1.59310753319162,28.133
637,1,0,coarseRetainedByTrustRadius,0.134324763467048,0.191085306419056,484344.513739998,4976832.54465256,-1.60409869888429,34.072
638,1,0,coarseRetainedByTrustRadius,0.0967276949542197,-0.155698726641293,484344.529342024,4976831.36109533,-1.61737578419007,25.089
639,1,0,coarseRetainedByTrustRadius,0.0874779115664275,-0.0135213228026402,484344.462123139,4976830.23052971,-1.62104059364518,25.568
640,1,0,coarseRetainedByTrustRadius,0.0780836853156298,-0.00324091544883772,484344.399136256,4976829.06907811,-1.62618770363575,23.475
641,1,0,coarseRetainedByTrustRadius,0.0694402927340033,-0.0020324537865111,484344.338821208,4976827.91866419,-1.63117501936276,19.163
642,1,0,coarseRetainedByTrustRadius,0.0906799756617666,0.145514196821642,484344.256509686,4976826.7674338,-1.63337534007228,22.404
643,1,0,coarseRetainedByTrustRadius,0.0969299656080197,0.180604582179668,484344.192807005,4976825.60921065,-1.63736872790667,17.412
644,1,0,coarseRetainedByTrustRadius,0.0886760868584358,-0.107478092992201,484344.142938605,4976824.42225781,-1.64625252767271,19.133
645,1,0,accepted,0.0580709271159581,-0.29215320613102,484344.186770887,4976823.34295925,-1.65303607670377,18.11
646,1,0,accepted,0.0492264888772068,-0.257470744025139,484344.105014023,4976822.19071056,-1.65607967685342,17.172
647,1,0,accepted,0.0199661916642428,-0.448583308175449,484344.027482299,4976821.00998442,-1.6628947273917,13.7
648,1,0,accepted,0.0186138514369224,-0.317613631511607,484343.933616194,4976819.84083758,-1.66360067787134,13.663
649,1,0,accepted,0.0193825879587859,-0.243962242452986,484343.852076079,4976818.67010449,-1.66465176183225,14.538
650,1,0,accepted,0.0294213432693332,-0.2491265949504,484343.759713851,4976817.49285774,-1.66639170068778,11.866
651,1,0,accepted,0.0516059007473395,-0.182017209160973,484343.652730361,4976816.314217,-1.66682874683548,15.448
652,1,0,accepted,0.0641417877411012,-0.188924929571654,484343.560911849,4976815.12364553,-1.66752728357041,16.695
653,1,0,accepted,0.0739831380037948,-0.188568906978029,484343.455148254,4976813.93713917,-1.66804420937531,15.227
654,1,0,accepted,0.0784592820034963,-0.140630748890315,484343.354409072,4976812.77897896,-1.66769933757468,17.135
655,1,0,accepted,0.0937063444122604,-0.0917623243820899,484343.248475028,4976811.58536744,-1.66731027588973,16.771
656,1,0,accepted,0.108397223131574,-0.0425881860589012,484343.149921234,4976810.37962034,-1.66691217887866,14.122
657,1,0,accepted,0.102087522966784,-0.0688222736797654,484343.048947983,4976809.21232624,-1.66752158718419,13.489
658,1,0,accepted,0.119172798893965,-0.0599956156520457,484342.946520879,4976807.98525145,-1.66759173603953,14.059
659,1,0,accepted,0.0817655632188239,-0.318053627840277,484342.919165532,4976806.77725366,-1.67233070653865,15.31
660,1,0,accepted,0.11236681481479,-0.28102650675057,484342.811048741,4976805.55289648,-1.67212229200797,15.394
661,1,0,accepted,0.118542294924615,-0.161502390479663,484342.684715734,4976804.36324465,-1.67034040825728,15.838
662,1,0,accepted,0.127257485976102,-0.112463334483401,484342.574534561,4976803.15464918,-1.67000716025308,13.226
663,1,0,accepted,0.13422299998049,-0.0151046299805603,484342.455246805,4976801.95925942,-1.66922775225109,11.405
664,1,0,accepted,0.132415089836654,0.012953475455111,484342.33951257,4976800.7795777,-1.66886246858022,16.386
665,1,0,accepted,0.145892536902092,0.0583274076836485,484342.233786389,4976799.54477983,-1.66882180406919,13.287
666,1,0,accepted,0.185788407171901,0.325914632025774,484342.083893269,4976798.34034762,-1.66489035458223,17.031
667,1,0,accepted,0.210968478793967,0.385233844671923,484341.966507511,4976797.09850998,-1.66484870757688,14.131
668,1,0,accepted,0.204313984223883,0.260164700454635,484341.877716757,4976795.86333338,-1.66782323739377,13.906
669,1,0,accepted,0.0971423267590796,-0.0513741505249255,484341.889419789,4976794.65815137,-1.67400232069955,15.804
670,1,0,accepted,0.0276799440638632,-0.200791127682323,484341.837301714,4976793.47595066,-1.67698514711574,12.959
671,1,0,accepted,0.0207063193967767,-0.347096134780225,484341.771157836,4976792.26115998,-1.67994818731198,13.631
672,1,0,accepted,0.0135424103713237,-0.289045892262833,484341.655025118,4976791.028364,-1.67967714633643,14.271
673,1,0,accepted,0.0292860494666917,-0.20465026508907,484341.540834304,4976789.78056927,-1.67893442747165,12.224
674,1,0,accepted,0.0295856509930704,-0.171027927024713,484341.419612254,4976788.55559691,-1.67890229109384,11.883
675,1,0,accepted,0.0654086351070792,-0.0605776138592164,484341.274429942,4976787.30611629,-1.67728031534292,13.134
676,1,0,accepted,0.0775782164526308,-0.0229349737884393,484341.151613755,4976786.07053059,-1.67703784282375,12.183
677,1,0,accepted,0.0941859917060785,0.00455742339325471,484341.025292953,4976784.82910316,-1.67717074690928,11.62
678,1,0,accepted,0.0824982577274246,-0.0451032334136538,484340.916133169,4976783.60780162,-1.67877261437543,11.632
679,1,0,accepted,0.0761299621371806,0.00686539521092346,484340.813830838,4976782.34691564,-1.67845544883864,12.13
680,1,0,accepted,0.0516415118792534,0.0492469813779125,484340.721910206,4976781.14355984,-1.67854803989404,13.095
681,1,0,accepted,0.0537285390353576,0.0598201618400284,484340.604081377,4976779.89998037,-1.67857638542065,12.348
682,1,0,accepted,0.0627746344280588,0.104167329618802,484340.571190786,4976778.73348179,-1.67850090336549,16.243
683,1,0,accepted,0.0726337000539427,0.111178741621227,484340.457997592,4976777.4952472,-1.67860628072308,16.084
684,1,0,accepted,0.100124744974412,0.111489294268281,484340.344141364,4976776.27446615,-1.6790175308316,15.129
685,1,0,accepted,0.117388456830063,0.132695889310059,484340.21496954,4976775.05100211,-1.67875087660378,13.595
686,1,0,accepted,0.139889153653941,0.0936938602987746,484340.108678203,4976773.81417337,-1.67964212138126,13.828
687,1,0,accepted,0.122963431353727,0.152036769724996,484339.966746691,4976772.57513692,-1.67891059446055,10.951
688,1,0,accepted,0.117278835086859,0.165795610517627,484339.833601531,4976771.31798912,-1.67905736417163,13.343
689,1,0,accepted,0.109251841786859,0.177285256150288,484339.699181342,4976770.05928402,-1.67906448253045,12.347
690,1,0,accepted,0.0883864698183507,0.133037232895242,484339.574695256,4976768.78072597,-1.68005986612237,13.489
691,1,0,accepted,0.0789489617206524,0.172073575784776,484339.435504152,4976767.50849147,-1.67970451027013,12.609
692,1,0,accepted,0.0753172750232021,0.140203319888898,484339.302786817,4976766.23834501,-1.68012227197714,14.166
693,1,0,accepted,0.0651227491061108,0.180290383245927,484339.178042664,4976764.98533588,-1.67963773033828,12.144
694,1,0,accepted,0.0522443895512787,0.193488452802086,484339.052348618,4976763.70543671,-1.67997495065577,12.444
695,1,0,accepted,0.0643806633978147,0.393671655534024,484338.915154242,4976762.4400692,-1.67738128282558,9.638
696,1,0,accepted,0.070418483519212,0.435474142896459,484338.79412219,4976761.15010858,-1.67746183421579,11.244
697,1,0,accepted,0.0912673270142512,0.539426681589127,484338.667956,4976759.86558885,-1.67621825133449,11.105
698,1,0,accepted,0.112827016333615,0.579728773378328,484338.542694938,4976758.59346107,-1.67618245736215,9.594
699,1,0,accepted,0.127841327328264,0.446922755530576,484338.415490525,4976757.31564982,-1.67927965745601,12.862
700,1,0,accepted,0.14355645984912,0.475077923235709,484338.287852575,4976756.06938707,-1.67974913899903,10.424
701,1,0,accepted,0.15912266753655,0.551109732698822,484338.155092853,4976754.81374469,-1.6791403735415,8.829
702,1,0,accepted,0.193464063000656,0.277880841583709,484338.004894854,4976753.54448649,-1.68476596321845,14.086
703,1,0,accepted,0.222273803781668,0.227251768503681,484337.853075144,4976752.28426045,-1.68604319257444,10.834
704,1,0,accepted,0.26301793210278,0.132384365689024,484337.69056853,4976751.01578865,-1.68893142901628,9.951
705,1,0,accepted,0.169911841617652,0.194946451663589,484337.610588668,4976749.85840884,-1.68809686648145,12.652
706,1,0,accepted,0.112647542843936,0.22195506034719,484337.50576115,4976748.69072143,-1.6881200519334,12.595
707,1,0,accepted,0.0756621274065673,0.185797098372429,484337.401329644,4976747.51884604,-1.68972161584148,12.461
708,1,0,accepted,0.0991861453483613,0.238831678242402,484337.284066732,4976746.35189485,-1.68969039755844,12.174
709,1,0,accepted,0.177970734274377,0.176180984523029,484337.232733281,4976745.21682119,-1.69163227167503,13.283
710,1,0,accepted,0.179587974103,0.272421861293064,484337.067294397,4976743.98739361,-1.69135141490187,13.329
711,1,0,accepted,0.104067700415295,0.242235291750696,484336.878335967,4976742.66918679,-1.69368266052057,22.883
712,1,0,accepted,0.110708500345376,0.25572596355095,484336.699456276,4976741.2925623,-1.69553705839812,24.556
713,1,0,accepted,0.0979456963037151,0.378673580343036,484336.568417114,4976740.17084493,-1.69633854345761,14.523
714,1,0,accepted,0.0961687307686091,0.082088621902057,484336.439589332,4976738.84983146,-1.70388562405745,22.335
715,1,0,accepted,0.0816344934800558,-0.135835591716956,484336.314499144,4976737.60790638,-1.71145314418473,21.064
716,1,0,accepted,0.102222416033941,0.0151669523307475,484336.139059661,4976736.38142964,-1.71283998026677,20.17
717,1,0,accepted,0.0744603872920169,0.0365396255805159,484335.99212443,4976735.23511031,-1.71716307644074,14.352
718,1,0,accepted,0.0791417356288099,0.0114909444732956,484335.832237714,4976734.00399697,-1.72308110599066,11.9
719,1,0,accepted,0.11250457946293,0.281301022026613,484335.640682244,4976732.76238687,-1.72409817894771,18.894
720,1,0,accepted,0.13329921763143,0.539392725482034,484335.453729003,4976731.56642054,-1.7259697868892,18.724
721,1,0,accepted,0.132492953766341,0.779546129260326,484335.284709214,4976730.34066276,-1.72776759755727,22.967
722,1,0,accepted,0.144130718523952,0.63737031902062,484335.111922581,4976729.09566102,-1.7361085769367,18.366
723,1,0,accepted,0.13986041751502,0.40392115570017,484334.949879045,4976727.87170265,-1.74620794490859,19.179
724,1,0,accepted,0.13485277848124,0.359629695402391,484334.768928948,4976726.66958146,-1.75324408295301,14.958
725,1,0,accepted,0.15013378581303,0.195328133544875,484334.551717225,4976725.47171704,-1.76278329651404,17.918
726,1,0,accepted,0.14803058730572,0.158278879849628,484334.346806703,4976724.29229541,-1.77017857519624,14.814
727,1,0,accepted,0.152790560657413,0.255206790761257,484334.115631097,4976723.09145876,-1.77459075801612,15.154
728,1,0,accepted,0.151004419068529,0.327030279271814,484333.886229232,4976721.91328743,-1.77971434584275,13.673
729,1,0,accepted,0.148143675435644,0.393822358172414,484333.650069881,4976720.74908551,-1.78496379401035,14.394
730,1,0,accepted,0.0665744307411116,0.328133368728932,484333.452308909,4976719.65631166,-1.79097595325287,15.056
731,1,0,accepted,0.0386208260295599,0.438058696624415,484333.221403305,4976718.51692779,-1.79537238616099,19.674
732,1,0,accepted,0.0231315385753989,0.398464328976191,484332.983756558,4976717.3668876,-1.80105770911282,14.422
733,1,0,accepted,0.106679246502823,0.154195444505761,484332.821668928,4976716.25856877,-1.81007239327466,15.262
734,1,0,accepted,0.108563021649999,0.0656387030579734,484332.571937679,4976715.10043876,-1.81612307671027,14.018
735,1,0,accepted,0.106962644825526,0.0458034220434407,484332.30549103,4976713.9486433,-1.82026329842524,15.206
736,1,0,accepted,0.099508935762684,-0.0439519432792736,484332.030387254,4976712.77840083,-1.8254225268475,13.576
737,1,0,accepted,0.084017366405165,-0.0233652798615066,484331.740318994,4976711.63482282,-1.82837899492645,13.878
738,1,0,accepted,0.0725187056075955,0.105083593464383,484331.438405334,4976710.49700505,-1.82946601786914,14.642
739,1,0,accepted,0.0728679345760704,0.0984131880469531,484331.157667391,4976709.36760176,-1.83257785729084,14.164
740,1,0,accepted,0.030666679676513,0.22129799708084,484330.838783972,4976708.19705587,-1.83300588372365,15.187
741,1,0,accepted,0.042251327429913,0.296748163062558,484330.531585006,4976707.06244273,-1.83367750460973,13.973
742,1,0,accepted,0.0500920280455368,0.191933858819734,484330.236521521,4976705.93351873,-1.83743195121977,16.77
743,1,0,accepted,0.068013221850104,0.109739002190847,484329.930126318,4976704.80678221,-1.84015852736062,14.276
744,1,0,accepted,0.0869234446785951,0.00304814781586285,484329.627601827,4976703.69741144,-1.84313675775664,16.039
745,1,0,accepted,0.104598745120454,-0.0756777056228754,484329.3248446,4976702.5858501,-1.84570379234793,14.916
746,1,0,accepted,0.119615935230863,-0.0984298539442671,484329.013278052,4976701.45184465,-1.84722540842638,16.119
747,1,0,accepted,0.128058515781641,-0.0282110786228008,484328.711239819,4976700.3293245,-1.84694894640179,18.408
748,1,0,accepted,0.143589477209368,-0.134984925819054,484328.401568769,4976699.15759601,-1.84945999729043,16.217
749,1,0,accepted,0.164390049276188,0.0590879921801516,484328.087948123,4976698.06163497,-1.84705370219611,17.022
750,1,0,accepted,0.125111936016832,0.60674190113212,484327.839235686,4976697.00685499,-1.83767833705936,18.665
751,1,0,accepted,0.132240905125165,0.732047803755857,484327.543421748,4976695.91685199,-1.83604720970205,15.49
752,1,0,accepted,0.141498305272532,0.82999882533654,484327.242277714,4976694.82090126,-1.83512951318602,16.179
753,1,0,accepted,0.130580003291942,0.794531702941341,484326.969341329,4976693.73951489,-1.83578437843417,17.822
754,1,0,accepted,0.0830403902480187,0.693808066817374,484326.710593391,4976692.60961734,-1.83849665485563,20.223
755,1,0,accepted,0.0798516838233915,0.666111356214771,484326.422884056,4976691.51945814,-1.83922921020906,17.482
756,1,0,accepted,0.0713317467222679,0.600266360159037,484326.144864585,4976690.43923195,-1.84071906629434,15.006
757,1,0,accepted,0.0851315648402836,0.598105550231534,484325.852144187,4976689.37307736,-1.84089717002324,15.546
758,1,0,accepted,0.103283355656411,0.597717165234568,484325.549517691,4976688.29991656,-1.84144342521183,15.789
759,1,0,accepted,0.10758849324316,0.567342025350854,484325.255162283,4976687.21825361,-1.84147582757565,16.646
760,1,0,accepted,0.149129544311495,0.431759421220876,484324.941858117,4976686.1811876,-1.84238686950497,15.755
761,1,0,accepted,0.143909243822095,0.379653351957042,484324.655631222,4976685.0987689,-1.84192119135474,14.376
762,1,0,accepted,0.17645656815714,0.365406912296659,484324.394178126,4976684.0903173,-1.83916745375401,15.07
763,1,0,accepted,0.183483929049392,0.42811201901795,484324.115359158,4976683.03577234,-1.83450792088347,15.568
764,1,0,accepted,0.191007768053106,0.415227263668079,484323.83646662,4976681.99467652,-1.83039425975411,14.17
765,1,0,accepted,0.20244542018005,0.379894909754235,484323.559207099,4976680.95999318,-1.82651463636438,15.844
766,1,0,accepted,0.211688496241632,0.334384365301424,484323.284746903,4976679.92181781,-1.82278315227761,17.463
767,1,0,accepted,0.217910720910965,0.363717271115296,484323.012593698,4976678.90125712,-1.81735920423703,15.698
768,1,0,accepted,0.236061413109084,0.214480310606652,484322.730924177,4976677.88261421,-1.81438877659491,15.954
769,1,0,accepted,0.249824040587557,0.125568878562201,484322.448668901,4976676.84499713,-1.81008871777641,15.422
770,1,0,accepted,0.244639245343294,-0.273669544178962,484322.169279965,4976675.71417382,-1.80979382577241,16.015
771,1,0,accepted,0.156939589637197,0.162281219875894,484322.072265245,4976674.79968967,-1.79468340827393,18.177
772,1,0,accepted,0.170315217444658,0.567610251770348,484321.818011741,4976673.77905244,-1.7795024986668,24.027
773,1,0,accepted,0.145031573057803,0.346380681165646,484321.629806899,4976672.77007936,-1.77490149744637,21.411
774,1,0,accepted,0.122029938147834,0.549474578672368,484321.459946357,4976671.80601142,-1.76189852206741,20.799
775,1,0,accepted,0.0935266102648515,0.494645688307862,484321.31842353,4976670.91343978,-1.75392091964898,22.348
776,1,0,accepted,0.144508165032385,-0.28012671692664,484321.280320102,4976670.08373095,-1.75706664341918,15.368
777,1,0,accepted,0.0846835031996613,0.0877853689130992,484321.059388366,4976669.07872711,-1.73938957282967,17.523
778,1,0,accepted,0.058362125913928,0.257942516233847,484320.87525771,4976668.12079489,-1.72512348314175,13.216
779,1,0,accepted,0.205981527158361,0.976542196608551,484320.624074902,4976667.02521106,-1.70076744035539,20.918
780,1,0,accepted,0.0300583082420389,0.106648230119336,484320.6153954,4976666.2650719,-1.70366251713478,18.545
781,1,0,accepted,0.172002293853248,0.819172956186548,484320.400349716,4976665.23443234,-1.67859040123361,28.038
782,1,0,accepted,0.0489070031124981,0.102626045030849,484320.367859287,4976664.44846779,-1.67776246717421,18.227
783,1,0,accepted,0.0618797997998652,-0.016172485883125,484320.263003312,4976663.56591395,-1.66590463451051,18.638
784,1,0,accepted,0.0769328477988714,0.00321954179956976,484320.169018117,4976662.69348174,-1.65076272465608,17.053
785,1,0,accepted,0.0917891241125306,-0.113510890237654,484320.087267076,4976661.82599852,-1.63759919353127,16.109
786,1,0,accepted,0.0866465360826311,0.174440153052249,484320.045832444,4976660.9557032,-1.6169814582158,20.292
787,1,0,accepted,0.0853581576699534,0.278466316556764,484320.018974331,4976660.0949593,-1.59824675936591,17.576
788,1,0,accepted,0.109389144618283,0.650204235889428,484319.998708189,4976659.23249975,-1.57448098196931,20.495
789,1,0,accepted,0.0985017340989122,0.736592797077055,484319.999352835,4976658.4153975,-1.5546435144383,18.932
790,1,0,accepted,0.0586677889500115,0.459895836379143,484319.995034361,4976657.70222697,-1.54049890594684,17.564
791,1,0,accepted,0.0945350947977068,0.498573297183575,484319.969968716,4976656.87271946,-1.5202889038831,18.169
792,1,0,accepted,0.0844852182832659,0.349152427576949,484320.012673671,4976656.06526124,-1.50267489129649,19.258
793,1,0,accepted,0.0726079314270471,0.106279283918791,484320.073270235,4976655.2660382,-1.48582372919646,18.798
794,1,0,accepted,0.0717174327651282,0.0550975657799525,484320.141570884,4976654.45008281,-1.46518916500667,14.512
795,1,0,accepted,0.0881449814074378,0.0623694335274521,484320.212914873,4976653.63548087,-1.44257411597465,19.129
796,1,0,accepted,0.0985517647194444,0.0775803746396922,484320.309014034,4976652.83894351,-1.41950172042202,14.46
797,1,0,accepted,0.114921393482079,0.189262494134445,484320.421300826,4976652.03479686,-1.39387479930532,19.115
798,1,0,accepted,0.110729374743776,0.0621536473257483,484320.554378535,4976651.25785364,-1.37235333285261,15.213
799,1,0,accepted,0.121636763721369,0.0335354712869659,484320.714095193,4976650.47234857,-1.34876644714059,13.69
800,1,0,accepted,0.143505295066975,0.0107775580847093,484320.880670624,4976649.69641791,-1.3250279938532,15.365
801,1,0,accepted,0.17494846317352,-0.134550979964984,484321.050629423,4976648.93327653,-1.30391024005988,16.003
802,1,0,accepted,0.205099743171726,-0.0304889953845805,484321.249178926,4976648.17349232,-1.27837920488354,15.132
803,1,0,accepted,0.267755320883408,0.33769802582922,484321.489679166,4976647.38717357,-1.24804374511686,14.182
804,1,0,accepted,0.304668254713638,0.566658197148317,484321.722939626,4976646.64787842,-1.22074509695354,13.797
805,1,0,accepted,0.346068372774476,0.537352068700953,484321.983094509,4976645.90523781,-1.19772277163587,20.731
806,1,0,accepted,0.376367585977937,0.658468759972468,484322.263077794,4976645.19159147,-1.17242673173883,15.96
807,1,0,accepted,0.086887135239127,0.802106231108856,484322.328617972,4976644.78171851,-1.14679509870806,17.843
808,1,0,accepted,0.0946337137026962,1.54108250553746,484322.595511144,4976644.1288643,-1.11089065747674,21.265
809,1,0,accepted,0.0781186777310039,1.43897444232498,484322.944737512,4976643.42339444,-1.09035141194296,15.664
810,1,0,accepted,0.0703248197100995,1.03037649039999,484323.298775964,4976642.73773904,-1.07459063505134,15.702
811,1,0,accepted,0.103595530197198,0.614609243052944,484323.67524828,4976642.03037697,-1.0592799184534,17.715
812,1,0,accepted,0.122077107111206,0.343338022568233,484324.033910963,4976641.35650374,-1.04170874314249,17.071
813,1,0,accepted,0.103328788267889,0.503599438573506,484324.388644828,4976640.73041635,-1.0165317660779,15.357
814,1,0,accepted,0.0897319327264965,0.344877002551353,484324.787938281,4976640.09963013,-0.99687685992854,14.402
815,1,0,accepted,0.0623869454948312,0.538943522805951,484325.189027389,4976639.49853826,-0.971195099177395,17.036
816,1,0,accepted,0.0708504989048558,0.472692573569856,484325.610290676,4976638.86085373,-0.949592525224558,16.978
817,1,0,accepted,0.0593230239382084,0.487583512010488,484326.034639999,4976638.26720758,-0.927185822622025,14.052
818,1,0,accepted,0.0737022826596735,0.298849613651962,484326.483041518,4976637.64439302,-0.908066470702669,14.731
819,1,0,accepted,0.0868310987367751,0.257819691986869,484326.951312666,4976637.03323893,-0.886112417513706,14.096
820,1,0,accepted,0.099773299684182,-0.224474754072569,484327.357780672,4976636.58129296,-0.872055753127632,15.847
821,1,0,accepted,0.124657849477094,-0.360858495095369,484327.823834238,4976636.01329497,-0.851692605731417,17.723
822,1,0,accepted,0.111297656901877,0.0221427981716362,484328.347598988,4976635.45821187,-0.822321145121149,15.64
823,1,0,accepted,0.10185454079712,-0.0254072986899596,484328.863023744,4976634.87235222,-0.799954626101308,14.908
824,1,0,accepted,0.0645259258192004,0.0871880295158477,484329.421548419,4976634.30377058,-0.775214215019704,15.348
825,1,0,accepted,0.104367087439093,-0.0757855803687653,484329.930760194,4976633.77548474,-0.754893814871186,15.449
826,1,0,accepted,0.115684887896082,-0.244158613305464,484330.477864715,4976633.22657098,-0.734975415385896,15.889
827,1,0,accepted,0.111158314135527,-0.0700497219929975,484331.054817068,4976632.69693396,-0.708846752946005,15.625
828,1,0,accepted,0.0166665547420389,0.375801804637239,484331.746163954,4976632.19314682,-0.677980005344202,17.441
829,1,0,accepted,0.44508379336128,-0.462729207857078,484331.927718508,4976631.86157335,-0.669985689334303,22.229
830,1,0,accepted,0.415510041030848,-0.382608596016377,484332.534183848,4976631.31691382,-0.64608563548063,21.361
831,1,0,coarseRetainedByTrustRadius,0.242499151130935,0.147448038485871,484333.301675728,4976630.73228103,-0.614447021865623,20.456
832,1,0,coarseRetainedByTrustRadius,0.247953358978477,0.276344836449182,484333.922800664,4976630.23776645,-0.58941354389404,16.532
833,1,0,accepted,0.394020979244795,0.0170664608024902,484334.422787896,4976629.8279334,-0.571638394404422,15.227
834,1,0,accepted,0.327522572934717,-0.268587790470144,484335.147820522,4976629.40623945,-0.554647629595616,15.279
835,1,0,accepted,0.302392155041618,-0.642067689714444,484335.850345759,4976629.01844955,-0.539207112991541,14.925
836,1,0,accepted,0.29223761351676,-0.610410944621343,484336.547019327,4976628.58960805,-0.516589540731907,14.897
837,1,0,accepted,0.266413325117977,-0.759782462968124,484337.257937331,4976628.20356384,-0.497697866194005,16.364
838,1,0,accepted,0.275846441322524,-0.960039394481661,484337.967310172,4976627.87115013,-0.479621119900797,16.747
839,1,0,accepted,0.144347838673558,-0.532005959449853,484338.770081729,4976627.40530177,-0.450733158821077,15.669
840,1,0,accepted,0.043994759800672,-0.402156984141509,484339.584357941,4976626.9996247,-0.427381488207994,15.73
841,1,0,accepted,0.0466855407236872,-0.11402119310931,484340.364046879,4976626.59342138,-0.401839264364258,16.494
842,1,0,accepted,0.0509795548590025,-0.228536070985488,484341.100164818,4976626.28227489,-0.384262083186936,12.7
843,1,0,accepted,0.0691249874201022,-0.44061311018557,484341.844880514,4976625.98515397,-0.368884146257497,14.824
844,1,0,accepted,0.07182945515362,-0.370877109627995,484342.603557432,4976625.66818016,-0.349032637403349,15.286
845,1,0,accepted,0.0683283256633079,-0.381024508252147,484343.342252347,4976625.39558476,-0.331267315843443,18.28
846,1,0,accepted,0.104575346558715,-0.00856781609341242,484344.166902283,4976625.09503002,-0.30716873442928,17.543
847,1,0,coarseRetainedByTrustRadius,0.207837628597044,0.393296133577085,484345.052283401,4976624.7776399,-0.283298468096408,19.224
848,1,0,accepted,0.131556213873732,0.0094302922712272,484345.777858661,4976624.60400348,-0.27375518952703,15.716
849,1,0,coarseRetainedByTrustRadius,0.178510149311406,0.0793610091062908,484346.661055763,4976624.343859,-0.257044086956966,13.85
850,1,0,accepted,0.0881317916596605,-0.607933864431292,484347.330132373,4976624.18768957,-0.254919525125039,15.748
851,1,0,accepted,0.0828296591383685,-0.67676898447215,484348.182536822,4976623.9629436,-0.242217581804786,14.539
852,1,0,accepted,0.11074688680484,-0.428734326197757,484349.069016405,4976623.75796269,-0.224966544711853,15.923
853,1,0,coarseRetainedByTrustRadius,0.263503146269315,0.155337469752139,484350.090023546,4976623.51970066,-0.203132725754163,19.64
854,1,0,accepted,0.297080964387648,0.444454527404781,484350.973091687,4976623.2708628,-0.187058611843693,21.832
855,1,0,accepted,0.158299554737418,-0.170980239419409,484351.702062172,4976623.19794047,-0.187777183357943,21.816
856,1,0,accepted,0.0805965927814975,0.316252827807009,484352.502085239,4976623.01591132,-0.170345632202167,20.198
857,1,0,accepted,0.0884256315518525,0.264547182560468,484353.38027598,4976622.88332715,-0.162933625828936,18.204
858,1,0,accepted,0.0761522356445443,0.39396614839335,484354.27469234,4976622.70479947,-0.153067017113989,16.579
859,1,0,accepted,0.0561166533507443,0.272221245246816,484355.184969896,4976622.60400726,-0.147770462012229,18.251
860,1,0,accepted,0.0439633461986872,0.152345235224161,484356.105753369,4976622.49892593,-0.14298241938488,16.708
861,1,0,accepted,0.0501703611572986,-0.0509209241034446,484357.047096624,4976622.40805571,-0.139312986109841,14.135
862,1,0,accepted,0.0362898448720536,-0.0774205884279397,484357.981174166,4976622.30138591,-0.132750586016398,14.193
863,1,0,accepted,0.0368648916590893,-0.314960075511392,484358.906375594,4976622.22865715,-0.131106840282771,15.3
864,1,0,accepted,0.0143940177178347,-0.233758506462695,484359.835984914,4976622.1100863,-0.124751051839117,17.113
865,1,0,accepted,0.0616474230063605,-0.0540301704593856,484360.766289435,4976621.97218518,-0.117128538423828,19.264
866,1,0,accepted,0.101918771695703,-0.00642880117378294,484361.704901138,4976621.85293843,-0.111807052200669,16.358
867,1,0,accepted,0.120460561398755,-0.0883922591817096,484362.667920961,4976621.75488495,-0.108333784274151,14.782
868,1,0,accepted,0.150000175179639,-0.058991599103872,484363.623179306,4976621.64925981,-0.103395648953979,12.71
869,1,0,accepted,0.18184702607904,-0.0493013481769599,484364.580927256,4976621.54981178,-0.0987200759371413,13.491
870,1,0,accepted,0.200473371984576,-0.124559297229952,484365.550892583,4976621.46193598,-0.0955224892143445,15.98
871,1,0,accepted,0.207980326895744,-0.099960079573866,484366.534774131,4976621.39122721,-0.0907961373933671,13.595
872,1,0,accepted,0.0990030188650782,0.0889906386216316,484367.531376924,4976621.57526423,-0.0830912918400809,15.034
873,1,0,accepted,0.100978138669073,0.293848751111111,484368.50721262,4976621.48188937,-0.0749453640641334,14.362
874,1,0,accepted,0.11222769295284,0.307592554296399,484369.504664972,4976621.41125479,-0.070632889694033,14.665
875,1,0,accepted,0.305818248793823,0.318815876189487,484370.511289898,4976621.07621024,-0.0660733483104579,16.073
876,1,0,accepted,0.321759924164696,0.347907440597738,484371.505379494,4976621.01498961,-0.061098477905898,17.093
877,1,0,accepted,0.345284557608393,0.851499393020555,484372.509408369,4976620.94983415,-0.0480496320720093,18.073
878,1,0,accepted,0.332830673571055,0.620295136451996,484373.525394938,4976620.90726276,-0.0475122448235006,18.071
879,1,0,accepted,0.328342379691432,0.483110678895838,484374.54846607,4976620.86188946,-0.0453846031696846,13.953
880,1,0,accepted,0.0813824359555153,-0.0475385501042104,484375.605153877,4976621.0724659,-0.0501319215659731,15.037
881,1,0,accepted,0.0707746107142928,0.0193513734414666,484376.621713948,4976621.05309791,-0.0438527005846745,13.922
882,1,0,accepted,0.0725534042284627,-0.465353729350002,484377.68882692,4976620.98774959,-0.0462612697782978,14.761
883,1,0,accepted,0.0701517821593332,-0.216614982104427,484378.734544149,4976620.96068778,-0.0358050094047899,14.783
884,1,0,accepted,0.0773944256818699,-0.1452477772889,484379.76802514,4976620.93510152,-0.0283031488741841,12.875
885,1,0,accepted,0.108663413561466,-0.196311976412728,484380.815602001,4976620.8909128,-0.0230075827956374,12.279
886,1,0,accepted,0.105308948582771,-0.115735829054068,484381.855233365,4976620.89008001,-0.0153020238839017,12.945
887,1,0,accepted,0.112027299427529,-0.0537684934238292,484382.899068274,4976620.88533161,-0.00813812084979109,13.474
888,1,0,accepted,0.131583729905313,-0.0626647221464483,484383.964373431,4976620.8751975,-0.00200987625897429,12.784
889,1,0,accepted,0.159415545567202,-0.173431221000669,484385.010566466,4976620.8665551,0.00161531496079287,21.633
890,1,0,accepted,0.126523430737197,0.405002603637301,484386.079279668,4976620.95649897,0.017786965859427,38.428
891,1,0,accepted,0.214050397303861,1.2584317619532,484386.977394254,4976620.83920796,0.0389081337311141,25.602
892,0,1,acceptedDirectional,0.175247813077763,1.03996906246732,484388.032319935,4976620.90925522,0.040976409646101,18.014
893,0,1,acceptedDirectional,0.118091711047921,0.560706433958018,484389.085476636,4976621.00666313,0.0382918999738354,15.847
894,0,1,acceptedDirectional,0.102325361183037,0.446240758929382,484390.143376823,4976621.06511364,0.0416782855550362,13.113
895,1,0,accepted,0.268507626642049,0.580374877527351,484390.983881699,4976621.17257709,0.0496770568698996,18.078
896,1,0,accepted,0.246631141421498,0.412184980799748,484392.056618323,4976621.28399317,0.0520573981150413,12.632
897,1,0,accepted,0.224896337552136,0.401407410365396,484393.137461877,4976621.35540906,0.0571738299616063,10.939
898,1,0,accepted,0.221963891733129,0.350994869881374,484394.195327619,4976621.40504202,0.0616133801022741,13.316
899,1,0,accepted,0.231805582306522,-0.957914341974699,484395.340815469,4976621.67062964,0.0438578942867164,12.629
900,1,0,accepted,0.216030261310382,-1.08958232202738,484396.422298396,4976621.7515899,0.0471924769236666,11.816
901,1,0,accepted,0.248095100073423,-0.152603196551639,484397.374760538,4976621.72407234,0.0686862009684073,14.219
902,1,0,accepted,0.179168664053908,-1.01157800413671,484398.552669123,4976621.90279599,0.0588668139789882,17.352
903,1,0,accepted,0.132327756613151,-1.03031353790072,484399.657371968,4976621.97334189,0.0641239186926995,15.237
904,1,0,accepted,0.10259647370107,-1.00087683477186,484400.746115498,4976622.06035986,0.0692394163173271,16.703
905,1,0,accepted,0.0638314696447219,-0.865330966122071,484401.847643996,4976622.14999115,0.075117522145789,14.701
906,1,0,accepted,0.0157474842941846,-0.251626256974394,484402.96036198,4976622.2302467,0.0882384336103216,14.107
907,1,0,accepted,0.043476928088049,-0.0140010239626879,484404.071951523,4976622.34903194,0.0929579263464527,14.024
908,1,0,accepted,0.0404465055956238,0.182568020673383,484405.161987948,4976622.46899324,0.0957795756258923,13.075
909,1,0,accepted,0.0653077182166123,0.263814347727183,484406.253683694,4976622.58200099,0.0960828923502165,11.691
910,1,0,accepted,0.0831386082595357,0.262883539566132,484407.351218948,4976622.69400789,0.0953012439109727,15.945
911,1,0,accepted,0.0720080320030008,0.305715381441513,484408.423807157,4976622.82477714,0.0950919400379202,12.984
912,1,0,accepted,0.0953978534894453,0.275385917647167,484409.539297117,4976622.93727818,0.0941315455377473,13.808
913,1,0,accepted,0.101261623131217,0.272445512219783,484410.637996695,4976623.04109942,0.0939144714225394,13.594
914,1,0,accepted,0.0984835861383632,0.359185142270174,484411.730216554,4976623.17301336,0.0958161551688368,13.704
915,1,0,accepted,0.0964290737445697,0.42059527241717,484412.812957063,4976623.29487562,0.0974475754067885,11.991
916,1,0,accepted,0.0918704758864762,0.440480067909332,484413.908746773,4976623.41833748,0.0985096792505381,13.652
917,1,0,accepted,0.0933074271062261,0.408777365034309,484415.010667416,4976623.52528803,0.0985272435269462,17.36
918,1,0,accepted,0.0912892182086956,0.389429625494989,484416.118000698,4976623.6517847,0.0986123410406579,15.596
919,1,0,accepted,0.107147839694003,0.446126119260767,484417.246478401,4976623.76207434,0.10015608761904,14.471
920,1,0,accepted,0.0995114940760463,0.459572982659019,484418.34744106,4976623.89397001,0.10106002279396,15.646
921,1,0,accepted,0.0842917517423539,0.408503443697823,484419.45430411,4976624.02683125,0.100867664932093,14.367
922,1,0,accepted,0.0931955962387065,0.0679058131649575,484420.464393322,4976624.24653869,0.095399315672568,12.069
923,1,0,accepted,0.0665683615492304,0.137408138683028,484421.582024225,4976624.35130426,0.0972851893338296,10.857
924,1,0,accepted,0.056913725770656,0.115063845447034,484422.700310266,4976624.47321128,0.0973392509662801,12.274
925,1,0,accepted,0.0385012263928876,0.116829548311133,484423.82891121,4976624.58371536,0.0979433216950611,12.09
926,1,0,accepted,0.0143249639623511,0.132874867585949,484424.939730994,4976624.69743524,0.0984461138507112,11.665
927,1,0,accepted,0.00806233049891803,0.126213771609113,484426.060404048,4976624.81013305,0.0990132351286269,12.246
928,1,0,accepted,0.0280060315373017,0.124413794677135,484427.192855382,4976624.9269522,0.0993976469318767,11.985
929,1,0,accepted,0.0566311618957914,0.147457680313251,484428.331513398,4976625.03658832,0.100383746674065,14.014
930,1,0,coarseRetainedByTrustRadius,0.12817634868022,-0.0269450515505933,484429.328216624,4976625.28574088,0.0977672576571943,13.159
931,1,0,coarseRetainedByTrustRadius,0.111201533387217,0.286713051671359,484430.467732637,4976625.35075771,0.103835269649574,13.797
932,1,0,coarseRetainedByTrustRadius,0.117096535742566,0.417066620399166,484431.612042927,4976625.45201754,0.106660249231196,14.456
933,1,0,coarseRetainedByTrustRadius,0.0969693353906748,0.399030000244153,484432.782987459,4976625.5735444,0.10689022460036,15.248
934,1,0,coarseRetainedByTrustRadius,0.0781394441951639,0.315928985838647,484433.964929941,4976625.71282047,0.106353394405463,11.673
935,1,0,coarseRetainedByTrustRadius,0.0947356497694738,0.393452866359785,484435.114929988,4976625.83096265,0.108086295500404,9.874
936,1,0,coarseRetainedByTrustRadius,0.0900792286027611,0.249328496933874,484436.283469096,4976625.97750079,0.106060301883773,12.108
937,1,0,coarseRetainedByTrustRadius,0.101229457253447,0.263034011197422,484437.443594771,4976626.11226972,0.10629953891139,11.746
938,1,0,coarseRetainedByTrustRadius,0.10881705807057,0.309476849072616,484438.61390605,4976626.25064492,0.106973430510832,10.927
939,1,0,coarseRetainedByTrustRadius,0.132205085191194,0.422569479036622,484439.801684175,4976626.38112263,0.109073285466758,12.181
940,1,0,coarseRetainedByTrustRadius,0.165674494909697,0.518183321476368,484440.997289871,4976626.5172209,0.110799938797133,15.224
941,1,0,coarseRetainedByTrustRadius,0.179124842678947,0.51738441300036,484442.176083796,4976626.66684743,0.110786386747559,13.356
942,1,0,coarseRetainedByTrustRadius,0.197389639045953,0.417337143956404,484443.363838684,4976626.81828048,0.109278309835011,11.035
943,1,0,coarseRetainedByTrustRadius,0.201769941513719,0.36372193669849,484444.532881714,4976626.96983486,0.108456967849241,13.375
944,1,0,accepted,0.0106282343071815,0.179150428546702,484445.526285948,4976627.2185852,0.105061913868884,14.753
945,1,0,accepted,0.00787374735190738,0.171556696057933,484446.68188059,4976627.35979285,0.105337565163384,13.68
946,1,0,accepted,0.0162204606924382,0.150555909331109,484447.865055088,4976627.48930298,0.105473253970131,11.805
947,1,0,accepted,0.0266360269666889,0.165541565247114,484449.041627276,4976627.62366652,0.106003736002497,10.267
948,1,0,accepted,0.0498813430246416,0.13045642736007,484450.219522218,4976627.74858914,0.105611660955804,12.164
949,1,0,accepted,0.0705366072967341,0.145275376738571,484451.412735551,4976627.87715127,0.105955471024308,13.205
950,1,0,accepted,0.092996188751007,0.158917714454021,484452.599268057,4976628.00111259,0.10670747642078,11.742
951,1,0,accepted,0.120576368674835,0.0897306717755124,484453.783831657,4976628.11249372,0.106009833203481,11.168
952,1,0,accepted,0.137468286515455,0.0996785370941353,484454.966900257,4976628.2351211,0.106437783776217,11.413
953,1,0,accepted,0.150608610856365,0.12558271063512,484456.142282667,4976628.36407989,0.106641804172529,12.017
954,1,0,accepted,0.164435852191316,0.123975742143567,484457.320725148,4976628.49500303,0.10623759193913,11.749
955,1,0,accepted,0.150850424436,0.190656077730746,484458.456943491,4976628.63846332,0.107605924886545,11.938
956,1,0,accepted,0.145607315523719,0.0808888796424822,484459.653547294,4976628.79667471,0.106093678228721,12.842
957,1,0,accepted,0.141403845472686,0.0374117956614394,484460.835108996,4976628.95017283,0.105678501639397,12.224
958,1,0,accepted,0.146491361643462,0.0967284457668449,484462.004273421,4976629.09279012,0.106937827002977,10.986
959,1,0,accepted,0.151729452715425,0.112460105066551,484463.193840709,4976629.24132325,0.107493272179416,12.102
960,1,0,accepted,0.147950022065188,0.107015390289716,484464.381318085,4976629.39967599,0.107687399379582,13.85
961,1,0,accepted,0.148868972942248,0.145982008205707,484465.553782202,4976629.55140342,0.108410223943301,12.039
962,1,0,accepted,0.147418193854484,0.0928960691328832,484466.773255666,4976629.71209314,0.108334008488118,12.155
963,1,0,accepted,0.154977436968226,0.0718249190654338,484467.959089324,4976629.85676763,0.108284751988744,12.78
964,1,0,accepted,0.175965161997474,0.113423378625603,484469.167821745,4976629.99452772,0.109335153194949,12.427
965,1,0,accepted,0.0838933807038413,-0.0251383860168269,484470.229184038,4976630.26190329,0.10764419968087,13.618
966,1,0,accepted,0.103717849132664,-0.121711461546193,484471.383024233,4976630.45455892,0.106583770286118,11.587
967,1,0,accepted,0.104549253960957,-0.190130995560593,484472.574189263,4976630.61985133,0.105750410552891,10.868
968,1,0,accepted,0.0762288178572323,-0.147205270433147,484473.775579728,4976630.76971488,0.106787755193496,11.049
969,1,0,accepted,0.0593236991348799,-0.0193153991531728,484474.983275054,4976630.9182315,0.109319073806792,11.339
970,1,0,accepted,0.0147509605029892,-0.213328559672975,484476.226720362,4976631.07539898,0.106187438807459,10.818
971,1,0,accepted,0.0486916106330246,0.0125802763453121,484477.451456174,4976631.21047928,0.110010507654458,11.765
972,1,0,accepted,0.0544544780053599,-0.0662660695233968,484478.644750119,4976631.36510349,0.108632026706848,13.069
973,1,0,accepted,0.0523179390779845,-0.0570195012406041,484479.826022152,4976631.52004019,0.108370079748745,14.2
974,1,0,accepted,0.0700956795422865,0.00478705010222547,484481.02361131,4976631.66495164,0.109279277670205,12.084
975,1,0,accepted,0.079361286283431,0.0721033341642931,484482.203566387,4976631.81106375,0.110121316916247,10.492
976,1,0,accepted,0.0752655951315494,0.0809245984363497,484483.369326704,4976631.96719643,0.109754103792754,11.424
977,1,0,accepted,0.0954577849611364,0.143784355794429,484484.566831483,4976632.10919223,0.110053305726295,14.69
978,1,0,accepted,0.097763179055489,0.42919831522272,484485.755730361,4976632.26617421,0.114309039564458,9.954
979,1,0,accepted,0.111995865433775,0.379200953683806,484486.967646697,4976632.41659804,0.112603368477939,14.361
980,1,0,accepted,0.125170510784759,0.375495196623153,484488.178804094,4976632.56656566,0.111429335219613,12.283
981,1,0,accepted,0.144493360240102,0.224572773598808,484489.38925755,4976632.71425068,0.107753353250422,11.768
982,1,0,accepted,0.15331186996665,0.248054597319647,484490.581861256,4976632.85916153,0.109505387795715,12.143
983,1,0,coarseRetainedByTrustRadius,0.124379041508364,0.762792962878689,484491.592611368,4976633.07283025,0.117966039167128,17.951
984,1,0,coarseRetainedByTrustRadius,0.102719219304307,1.00737096050288,484492.821879828,4976633.24335366,0.12015627456541,19.351
985,1,0,coarseRetainedByTrustRadius,0.0491772472696353,0.698519747142708,484494.053212946,4976633.42087775,0.115463145318011,19.47
986,1,0,accepted,0.134456168095639,0.0338805564693412,484495.178638847,4976633.70236395,0.103287079000171,22.243
987,1,0,accepted,0.108651279716433,-0.147881940385875,484496.377097228,4976633.83895592,0.0992867283888595,16.617
988,1,0,accepted,0.0773033070815815,-0.0164288296813905,484497.57748688,4976633.96864493,0.100972726889694,12.928
989,1,0,accepted,0.0591986495959823,0.311841750859209,484498.781548749,4976634.11519988,0.106887236062204,11.448
990,1,0,accepted,0.0414517231265907,0.476495373358218,484499.975408923,4976634.25341542,0.109075652451802,11.386
991,1,0,accepted,0.0280246868122129,0.522117013961056,484501.167201992,4976634.39385708,0.109730260156192,10.691
992,1,0,accepted,0.0256360708103682,0.620546402542145,484502.360272904,4976634.54169951,0.111112228013662,10.95
993,1,0,accepted,0.0262381100328498,0.576032090190824,484503.540970845,4976634.66043809,0.109712293042708,11.554
994,1,0,accepted,0.0404411637042638,0.577161149446278,484504.734861257,4976634.79799426,0.109202203473948,10.378
995,1,0,accepted,0.0435563120526923,0.54451399070394,484505.892513343,4976634.93703059,0.108433977077062,11.54
996,1,0,accepted,0.0495898730611805,0.434655763703582,484507.068447828,4976635.08273906,0.106452988585128,10.488
997,1,0,accepted,0.0578668281322428,0.404474494204559,484508.236508553,4976635.21842734,0.105518653803448,11.117
998,1,0,accepted,0.0667410628935359,0.384285439147676,484509.402193266,4976635.35171159,0.104661193807427,10.701
999,1,0,accepted,0.0617067051140318,0.297812090721865,484510.553184602,4976635.49589579,0.103217366463287,11.422
1000,1,0,accepted,0.0636465180067704,0.33594097075718,484511.688870126,4976635.6333969,0.103235397750837,13.631
1001,1,0,coarseRetainedByTrustRadius,0.16884330371449,0.00505720964102191,484512.681809532,4976635.91338069,0.0972827826343538,12.298
1002,1,0,coarseRetainedByTrustRadius,0.159142188859575,0.0984180255135838,484513.829640874,4976636.01596224,0.0988487190704311,12.159
1003,1,0,coarseRetainedByTrustRadius,0.160126756645324,0.332306683307954,484514.976728024,4976636.12392567,0.102511991297122,13.143
1004,1,0,coarseRetainedByTrustRadius,0.156288479151254,0.362696472063481,484516.129952063,4976636.25593785,0.103387485361291,12.995
1005,1,0,coarseRetainedByTrustRadius,0.141642926729697,0.336985176229135,484517.295446469,4976636.39134705,0.103517468237771,12.493
1006,1,0,coarseRetainedByTrustRadius,0.129480849970244,0.347138517959926,484518.455048493,4976636.5309162,0.103993092453551,11.893
1007,1,0,coarseRetainedByTrustRadius,0.111655625470347,0.285990949043011,484519.617489294,4976636.66759857,0.103588216400339,12.79
1008,1,0,coarseRetainedByTrustRadius,0.0904928327114331,0.183118417489503,484520.773168954,4976636.80410466,0.10225453913998,11.542
1009,1,0,coarseRetainedByTrustRadius,0.0682209000493486,0.230556173613857,484521.941305693,4976636.93008388,0.103393019985595,10.74
1010,1,0,coarseRetainedByTrustRadius,0.0635012573442214,0.380242364282988,484523.115443329,4976637.05575856,0.106397544014337,12.335
1011,1,0,coarseRetainedByTrustRadius,0.0960227013751564,0.35993874686908,484524.312289695,4976637.18767356,0.106042086381945,12.956
1012,1,0,accepted,0.0554136675479857,0.0370323482323887,484525.333273246,4976637.42844343,0.0999566420320693,12.143
1013,1,0,accepted,0.0324150599555682,0.0540366994769372,484526.474402894,4976637.5534813,0.101354510301275,13.439
1014,1,0,accepted,0.0150520849304299,0.133659345488158,484527.612060996,4976637.68103239,0.102671055738137,13.398
1015,1,0,accepted,0.0138601148217153,0.189160591855398,484528.743695646,4976637.80407128,0.103925613990412,13.683
1016,1,0,accepted,0.0290691290397316,0.15624453086421,484529.887419077,4976637.93323747,0.103685230473387,12.722
1017,1,0,accepted,0.0423424110585676,0.20936196167627,484531.014207708,4976638.05961765,0.104841561183939,13.515
1018,1,0,accepted,0.0721875224951598,0.128500669917542,484532.166565481,4976638.1822505,0.103464563206423,12.134
1019,1,0,accepted,0.100977349313563,0.029418626466377,484533.318050688,4976638.30020269,0.10255255206964,12.135
1020,1,0,accepted,0.146281860133867,-0.157142100791646,484534.484450925,4976638.41215035,0.100512520251763,13.553
1021,1,0,accepted,0.172817035853667,-0.198009056573811,484535.606945841,4976638.52724605,0.101169746641182,11.722
1022,1,0,accepted,0.213279215413803,-0.262656214489894,484536.749218292,4976638.63185891,0.101230840644462,14.532
1023,1,0,accepted,0.230796808252631,-0.178181700555876,484537.872889344,4976638.75428284,0.103452473297893,16.325
1024,1,0,accepted,0.258801661019867,-0.228072218451626,484539.007615524,4976638.87281507,0.10356263371055,12.894
1025,1,0,accepted,0.265201604138197,-0.255614785699847,484540.131992177,4976639.00934703,0.104052561731473,12.963
1026,1,0,accepted,0.258952148081155,-0.282548556609417,484541.244958884,4976639.15960347,0.104381532188814,14.669
1027,1,0,accepted,0.286874294708455,-2.03001522142585,484542.340983807,4976639.78918475,0.0749842636925837,15.586
1028,1,0,accepted,0.270913797617317,-2.13451176570747,484543.433846178,4976639.93685541,0.0742562118957391,15.887
1029,1,0,accepted,0.221905327281163,-1.86726255006861,484544.505181394,4976640.05646102,0.0790629492641792,20.181
1030,1,0,accepted,0.0599088232108584,-1.07663521288962,484545.559565508,4976640.0635682,0.0947519840078553,19.676
1031,1,0,accepted,0.0472635842676547,-0.671274872357578,484546.621069052,4976640.18271153,0.102329817112055,18.453
1032,1,0,accepted,0.0772881556856827,-0.287787788625738,484547.737183782,4976640.26669283,0.109735890298793,14.969
1033,1,0,accepted,0.138623631048865,0.0482043161865592,484548.878947832,4976640.35689391,0.116351749239736,14.584
1034,1,0,accepted,0.141418011308744,0.0701254069224902,484549.871979091,4976640.60122298,0.117576312712856,12.303
1035,1,0,accepted,0.143601481012194,0.00543487368911143,484550.980549944,4976640.77381189,0.117412599342329,12.58
1036,1,0,accepted,0.143637047082335,-0.00686007906205244,484552.130132042,4976640.93757251,0.118673400824983,11.442
1037,1,0,accepted,0.136022348361068,-0.0542554545495361,484553.273933773,4976641.09671271,0.119545126299046,11.124
1038,1,0,accepted,0.126479920615862,-0.114824120786303,484554.401340975,4976641.26094089,0.12013757585007,8.612
1039,1,0,accepted,0.09805784154893,-0.232248666435767,484555.551916262,4976641.41229143,0.119795334761013,8.597
1040,1,0,accepted,0.0468585088850559,-0.383016649278853,484556.691034858,4976641.54538991,0.118595312159503,9.876
1041,1,0,accepted,0.0731321284543606,-0.430023161972641,484557.853744444,4976641.68815002,0.118549033002479,10.365
1042,1,0,accepted,0.118975171593478,-0.429411440457283,484559.029842739,4976641.83216523,0.118818950750847,12.031
1043,1,0,accepted,0.17262678916134,-0.4972431520665,484560.207151192,4976641.96779418,0.11738165664627,12.291
1044,1,0,accepted,0.196341541413388,-0.445508239952539,484561.366471891,4976642.12043708,0.117831397328395,12.076
1045,1,0,accepted,0.217491278148072,-0.408631785118486,484562.51730792,4976642.26922355,0.118623174255743,10.33
1046,1,0,accepted,0.242118360189208,-0.418762002062039,484563.668522422,4976642.40949122,0.118622885792206,10.729
1047,1,0,accepted,0.24029207124158,-0.386848803377018,484564.805930678,4976642.56166957,0.119643417821984,10.84
1048,1,0,accepted,0.114207942473784,-0.291686704975732,484565.83016303,4976642.77938765,0.121995713786224,10.888
1049,1,0,accepted,0.0960056403636448,-0.230814201244177,484566.957843956,4976642.9450699,0.123740056673078,12.232
1050,1,0,accepted,0.0696280752638834,-0.187920348360704,484568.07442855,4976643.11167684,0.125335932244951,11.034
1051,1,0,accepted,0.068473372784123,-0.111207204544307,484569.215524262,4976643.27355235,0.126697593828534,11.235
1052,1,0,accepted,0.0616773106898453,-0.205521331510735,484570.374599464,4976643.45010947,0.125400806685212,11.53
1053,1,0,accepted,0.0620703507708333,-0.609162365543014,484571.488809715,4976643.73462844,0.118330947041794,10.979
1054,1,0,accepted,0.0299064722519728,-0.496217413246615,484572.650098675,4976643.87322562,0.119970151154165,10.893
1055,1,0,accepted,0.0251751660862369,-0.279011541080538,484573.807221091,4976643.99374595,0.123708649346875,10.71
1056,1,0,accepted,0.0469132565992573,-0.240585671186514,484574.985114032,4976644.14929777,0.124215254098836,11.846
1057,1,0,coarseRetainedByTrustRadius,0.0900358690755748,-0.556303824450201,484576.057636094,4976644.40527764,0.118224240884299,12.746
1058,1,0,coarseRetainedByTrustRadius,0.0762199791637024,-0.828580233775209,484577.249476205,4976644.59176303,0.113336459429116,11.658
1059,1,0,accepted,0.225106919501862,-1.26028759053721,484578.323858231,4976644.87441431,0.105750472755514,12.508
1060,1,0,accepted,0.173627736513383,-1.10417607169179,484579.522044068,4976644.99868985,0.108134146707508,11.394
1061,1,0,accepted,0.151447707228119,-1.23514095921494,484580.723039974,4976645.16028356,0.105729390081921,11.847
1062,1,0,accepted,0.125671296866428,-1.26520693335612,484581.928592257,4976645.31398498,0.105298562013935,12.402
1063,1,0,accepted,0.0937495373246488,-1.16974627260278,484583.126703158,4976645.45772441,0.106525060970976,12.997
1064,1,0,accepted,0.0669591741199315,-1.07741136654547,484584.321921645,4976645.60449818,0.10827653322818,11.617
1065,1,0,accepted,0.054864903031946,-1.00250338539222,484585.536202192,4976645.76926413,0.109326332257293,11.567
1066,1,0,accepted,0.0370219830390434,-0.828026620097946,484586.716446433,4976645.92215987,0.112201696611211,14.281
1067,1,0,accepted,0.022052069005069,-0.740998924371798,484587.919941769,4976646.07611557,0.113610553718685,14.63
1068,1,0,accepted,0.0190709032468937,-0.676782462727741,484589.119236125,4976646.2275634,0.114538463180953,13.081
1069,1,0,accepted,0.0469447314985957,-0.709777681314776,484590.324816771,4976646.37109685,0.113737294339695,15.769
1070,1,0,accepted,0.0695153427041199,-0.622969935494067,484591.522910617,4976646.52505151,0.115371916940371,13.209
1071,1,0,accepted,0.0889544845449898,-0.542826671766411,484592.729386292,4976646.68203006,0.117045955448046,12.188
1072,1,0,accepted,0.10829794932841,-0.483613096735285,484593.925896873,4976646.83767694,0.118425573645494,13.143
1073,1,0,accepted,0.0447676896494091,-0.267776788646181,484595.095929037,4976647.07280288,0.12261105023019,12.367
1074,1,0,accepted,0.0232916213114523,-0.12131914224513,484596.292402128,4976647.2715118,0.125813253936182,15.438
1075,1,0,accepted,0.0169145183505985,-0.0653796559929124,484597.479597951,4976647.46126226,0.127034618039271,17.27
1076,1,0,accepted,0.0211939766192312,0.0121580470405376,484598.678022813,4976647.63815835,0.128671358782806,13.599
1077,1,0,accepted,0.0350718704321014,0.0194977832940042,484599.872007565,4976647.84179817,0.129417441995934,13.031
1078,1,0,accepted,0.0425654550332983,0.0321420423875426,484601.062959162,4976648.0337884,0.130153816246563,13.389
1079,1,0,accepted,0.0463400201653758,-0.031117913700069,484602.255046325,4976648.23023311,0.129551118318952,14.084
1080,1,0,accepted,0.0470320477818876,-0.00112877795430933,484603.467440046,4976648.39974443,0.130415663984837,13.299
1081,1,0,accepted,0.071331733478632,-0.0154998626688882,484604.687325341,4976648.5586332,0.131116841527864,13.93
1082,1,0,accepted,0.0990861169086495,0.00788137413758137,484605.904475479,4976648.72525746,0.131807860687336,13.007
1083,1,0,accepted,0.136234996662073,0.0344450746871681,484607.143961472,4976648.89331339,0.132765902031631,12.443
1084,1,0,accepted,0.189216772173902,0.289918191628249,484608.351870199,4976649.04130954,0.137471230400425,12.131
1085,1,0,accepted,0.208866409408428,-0.00161035754620044,484609.625372593,4976649.25249551,0.132715778867596,13.285
1086,1,0,accepted,0.241223455986178,0.134667909587921,484610.83259851,4976649.42557251,0.13504234086419,13.012
1087,1,0,accepted,0.0658033551653738,-0.0164513778105942,484611.836682793,4976649.80658252,0.132507124937261,11.307
1088,1,0,accepted,0.0868902793542236,-0.0230049664423472,484613.015350687,4976650.0359134,0.132671037313884,10.161
1089,1,0,accepted,0.0596804150439027,-0.0137684192829553,484614.239825725,4976650.2206263,0.132967789544829,12.68
1090,1,0,accepted,0.0458778351303841,0.000959073822815338,484615.458804473,4976650.40119479,0.133387691119367,12.386
1091,1,0,accepted,0.0411425469495804,0.0208495760652574,484616.677067593,4976650.58770097,0.134070635500473,13.462
1092,1,0,accepted,0.0526263858531783,0.0237045728302827,484617.879977509,4976650.76461355,0.134260960051001,13.125
1093,1,0,accepted,0.0633252077101881,0.161854801320012,484619.084005591,4976650.95204299,0.136502423529344,14.256
1094,1,0,accepted,0.0775699604476847,0.182028765905323,484620.302534817,4976651.13806356,0.137086646748818,14.351
1095,1,0,coarseRetainedByTrustRadius,0.251893873367159,0.591384146693432,484621.643741004,4976651.22222966,0.144064126322811,13.873
1096,1,0,coarseRetainedByTrustRadius,0.262343484372575,0.646202116386759,484622.856799108,4976651.41823067,0.145120814663393,13.363
1097,1,0,accepted,0.138504948786414,0.28063049111442,484623.964930883,4976651.70350778,0.138720661630737,12.997
1098,1,0,accepted,0.153756781268336,0.285508958455379,484625.186922927,4976651.88559979,0.138778990587615,13.129
1099,1,0,accepted,0.158957525409158,0.344695508253451,484626.353076686,4976652.06864741,0.13972735325645,14.575
1100,1,0,accepted,0.175326055333832,0.309986983020711,484627.556326601,4976652.24900066,0.13930248595657,12.886
1101,1,0,accepted,0.0804903504531698,0.320516056135527,484628.630890595,4976652.50952636,0.139272510606855,14.444
1102,1,0,accepted,0.0921423328016517,0.260479747816922,484629.770386371,4976652.72002413,0.137800602805399,15.39
1103,1,0,accepted,0.169641413640218,-0.235616975024265,484630.879720807,4976653.05915424,0.12953519230933,10.131
1104,1,0,accepted,0.171605874060501,-0.340926464381853,484632.080980723,4976653.26385965,0.127420839775603,9.644
1105,1,0,accepted,0.137457225651521,-0.190877793139267,484633.281293655,4976653.41338395,0.12980936843791,10.089
1106,1,0,accepted,0.116120487101007,-0.239092367655733,484634.493111019,4976653.59741157,0.128564628299977,9.974
1107,1,0,accepted,0.0908405219174063,-0.248966999286477,484635.702486956,4976653.77341376,0.128072502277095,11.56
1108,1,0,accepted,0.0767894488814394,-0.265314372383339,484636.903135877,4976653.94264751,0.127351191194969,10.763
1109,1,0,accepted,0.0639789507342622,-0.204127277692021,484638.11707733,4976654.09645658,0.128090259962024,10.357
1110,1,0,accepted,0.0500988345989853,-0.189979744755732,484639.342059066,4976654.27506676,0.127924284205069,8.902
1111,1,0,accepted,0.0685726034445302,-0.157222204085496,484640.58833039,4976654.45117157,0.12826573661537,9.711
1112,1,0,accepted,0.100948207013093,-0.192092689325675,484641.805336091,4976654.63252674,0.127143310117436,9.76
1113,1,0,accepted,0.128849196612372,-0.250627553332105,484643.006895298,4976654.80608981,0.125603850161668,8.473
1114,1,0,accepted,0.132175459541846,-0.167566412849537,484644.159139735,4976654.96617728,0.127035071871877,15.347
1115,1,0,accepted,0.143944169746991,-0.0634885057322777,484645.339385987,4976655.14132043,0.128075355732699,34.611
1116,1,0,accepted,0.16105314518218,-0.0515512417626767,484646.51617966,4976655.3087077,0.128507454153962,22.497
1117,1,0,accepted,0.204724313021136,-0.313159537458817,484647.717178262,4976655.46021106,0.123486977874529,19.061
1118,1,0,accepted,0.179359095070944,0.0913954930670384,484648.839794936,4976655.65223282,0.130005580828916,13.593
1119,1,0,accepted,0.186076940257752,0.198618025248255,484650.002186559,4976655.82736816,0.131634015085842,12.311
1120,1,0,accepted,0.202309684313144,0.220411977983092,484651.162378053,4976655.99267708,0.131709342683861,11.614
1121,1,0,accepted,0.212310040746938,0.281518250701808,484652.330784694,4976656.16905521,0.132758047139174,11.532
1122,1,0,accepted,0.217432637950907,0.299156780364198,484653.475447611,4976656.33856641,0.132953729825874,13.33
1123,1,0,accepted,0.216344568750035,0.349025015630493,484654.605552958,4976656.51370099,0.133398907742326,10.283
1124,1,0,accepted,0.128834271206386,0.23222965235096,484655.695176488,4976656.76338178,0.130990475977044,12.547
1125,1,0,accepted,0.134892195660323,0.159000293011441,484656.774871503,4976656.92669575,0.129439864060898,10.978
1126,1,0,accepted,0.153216189653563,0.16694652778178,484657.913776385,4976657.08319153,0.129267945943695,9.217
1127,1,0,accepted,0.172923856301059,0.198602400993672,484659.04529142,4976657.23792881,0.129592835225746,10.568
1128,1,0,accepted,0.186481275687205,0.18580270175469,484660.185870265,4976657.39831703,0.129244264653142,10.238
1129,1,0,accepted,0.198118304645401,0.146776687171114,484661.324415515,4976657.56172312,0.128172535077948,13.388
1130,1,0,accepted,0.159254947565548,0.0925657081596503,484662.407004689,4976657.77099633,0.126911521197345,10.695
1131,1,0,accepted,0.173620553315623,0.158248541150732,484663.531034865,4976657.92784866,0.12790119619138,9.901
1132,1,0,accepted,0.181377120391407,0.233690342643271,484664.632939341,4976658.09048042,0.128990929362607,11.234
1133,1,0,accepted,0.178703042247962,0.243723876283366,484665.735512954,4976658.26377189,0.129176996230447,11.423
1134,1,0,accepted,0.16717802886696,0.261359222118686,484666.85945334,4976658.44466731,0.129961358249064,14.812
1135,1,0,accepted,0.156592485570324,0.26519702901712,484667.955943748,4976658.62454208,0.130161571789686,11.015
1136,1,0,accepted,0.137434694756645,0.134604422197301,484669.074357485,4976658.8157306,0.128195527202252,11.399
1137,1,0,accepted,0.132332011078407,0.0801468911415791,484670.171772696,4976658.99077072,0.127482667362114,12.626
1138,1,0,accepted,0.111065732020705,-0.0639635051248029,484671.275738411,4976659.18878518,0.125113424644356,13.677
1139,1,0,accepted,0.0823639099213055,-0.0895372089972813,484672.317153527,4976659.37355146,0.124938084174263,9.204
1140,1,0,accepted,0.0929540711130415,-0.032173269742295,484673.396823899,4976659.53105006,0.126025739306955,9.898
1141,1,0,accepted,0.0991997012368192,-0.0164760105830274,484674.50244169,4976659.69868425,0.126492125612257,9.565
1142,1,0,accepted,0.139207866662711,-0.0354158831131364,484675.626812819,4976659.84309984,0.126185061454883,10.888
1143,1,0,accepted,0.147249892145893,0.0651919883489966,484676.688130603,4976660.00055005,0.127931326897727,12.134
1144,1,0,accepted,0.170887743599733,0.132749010485789,484677.755804883,4976660.14348498,0.128985152125394,11.312
1145,1,0,accepted,0.151131614413919,0.0707435391225287,484678.818696426,4976660.33269684,0.128208159103318,11.026
1146,1,0,accepted,0.15325457573409,0.145983488509206,484679.873380606,4976660.49500132,0.129608511828308,10.432
1147,1,0,accepted,0.158493887779023,0.185087620308109,484680.879775285,4976660.63942435,0.130339534920347,9.128
1148,1,0,accepted,0.140398112504891,0.0783721473907716,484681.930598841,4976660.82223136,0.128537034065976,10.532
1149,1,0,accepted,0.215446656237394,0.231735100234568,484683.082536231,4976660.94803295,0.131358169391848,10.216
1150,0,1,acceptedDirectional,0.124833503727707,-0.131661954098459,484684.126780805,4976661.23651603,0.125084563600542,9.516
1151,1,0,accepted,0.123387662110188,0.2329796133734,484684.921284327,4976661.44036773,0.131393717151832,8.778
1152,1,0,accepted,0.133339208908104,0.296635190339355,484685.947277876,4976661.61262756,0.132346617955817,9.085
1153,1,0,accepted,0.125867641231062,0.281662764812745,484686.988354962,4976661.77890489,0.132035412246161,7.923
1154,1,0,accepted,0.125450624743572,0.254193572121986,484688.022814722,4976661.95333215,0.130895474580511,7.895
1155,1,0,accepted,0.120651419607297,0.218878498772918,484689.055277819,4976662.10129951,0.130405375986687,7.388
1156,1,0,accepted,0.121285571963074,0.200668863975202,484690.081086697,4976662.25484411,0.129746721673035,7.562
1157,1,0,accepted,0.0961717923774984,0.134292944896467,484691.105834374,4976662.41358184,0.128478245194412,7.403
1158,1,0,accepted,0.0917351351279576,0.0932992536477982,484692.129594658,4976662.55676171,0.127522035311015,8.713
1159,1,0,accepted,0.078685697156965,0.0766780362847429,484693.156520539,4976662.70932658,0.126883484386579,7.878
1160,1,0,accepted,0.070530692210113,0.0915071727117055,484694.181670715,4976662.8471505,0.126686520700193,8.593
1161,1,0,accepted,0.071282585808565,0.110645730866816,484695.204366052,4976662.98413983,0.126302034993709,7.162
1162,1,0,accepted,0.0874390742936372,0.126960888426319,484696.210945297,4976663.12119408,0.125889758435519,7.129
1163,1,0,accepted,0.0967247125618162,0.155675211158423,484697.234436064,4976663.25650137,0.125615556195682,6.429
1164,1,0,accepted,0.116420229222188,0.188278481632547,484698.227791379,4976663.38655424,0.125225205964601,7.32
1165,1,0,accepted,0.141793957091713,0.245379273081784,484699.238556321,4976663.51191349,0.125217381697215,7.35
1166,1,0,accepted,0.168238290755902,0.27296637680468,484700.259295319,4976663.64037394,0.124660360879241,7.006
1167,1,0,accepted,0.192680838415909,0.326986054676739,484701.264746594,4976663.76969319,0.124621175502213,7.234
1168,1,0,accepted,0.187650710584991,0.31749062063847,484702.229624093,4976663.91474452,0.123458622548684,7.86
1169,1,0,accepted,0.200809822061088,0.300502148460892,484703.214087346,4976664.0468629,0.122225954975549,7.872
1170,1,0,accepted,0.21071631816049,0.332969674716374,484704.19439937,4976664.18011261,0.121628273873885,8.738
