frame,accepted,directional,reason,errorM,yawErrorDeg,x,y,psi,matchingMs
1,0,0,insufficientComponents,0.640312423976002,2,484201.572914107,4977500.52147539,-2.10588080737395,7.927
2,1,0,accepted,0.0721129397022496,0.00297104653555267,484201.039866583,4977500.85754512,-2.14073793158904,16.168
3,1,0,accepted,0.074470769631573,0.0823361785177104,484201.044206867,4977500.85307764,-2.13933311216349,13.015
4,1,0,accepted,0.0742455669575272,0.057748423472635,484201.042061537,4977500.85446286,-2.13976683623245,13.825
5,1,0,accepted,0.0821055961045657,0.204830954821066,484201.0432742,4977500.845629,-2.13720317609264,12.566
6,1,0,accepted,0.0776982243413384,0.205330048430937,484201.040834762,4977500.85174288,-2.13717927346324,11.811
7,1,0,accepted,0.0760954681819418,0.187417064611802,484201.040522217,4977500.85366414,-2.1374853943857,11.171
8,1,0,accepted,0.0738270386931349,0.178701063337533,484201.038867874,4977500.8553982,-2.13764134440339,11.057
9,1,0,accepted,0.0849703244959601,0.202415474952709,484201.034984862,4977500.84095847,-2.13720949729177,13.089
10,1,0,accepted,0.0801772230459636,0.194614663443288,484201.029247466,4977500.84169202,-2.13735553294696,12.317
11,1,0,accepted,0.0711649107610809,0.194322682759856,484201.027992702,4977500.83964889,-2.13737055933904,12.513
12,1,0,accepted,0.0648310921821128,0.263805068190676,484201.020887723,4977500.83357151,-2.13612518197964,13.974
13,1,0,accepted,0.0499529378881299,0.244098745871019,484201.01945677,4977500.82843048,-2.13651111596355,13.81
14,1,0,accepted,0.0337809871700408,0.240995510576937,484201.008178066,4977500.82496878,-2.13649385352451,14.809
15,1,0,accepted,0.0337608656932648,0.262582564703046,484200.990624734,4977500.80056778,-2.13605708615635,15.068
16,1,0,accepted,0.0337302569455803,0.248257644424436,484200.972256387,4977500.7694464,-2.13619435330312,12.312
17,1,0,accepted,0.0346221078442321,0.180080420978904,484200.950717003,4977500.7332569,-2.13721190095516,12
18,1,0,accepted,0.0350902693331049,0.15336849611213,484200.921989183,4977500.69580594,-2.13750038791841,11.587
19,1,0,accepted,0.037079856003614,0.0522018502373251,484200.89088949,4977500.65037111,-2.13898768676973,11.925
20,1,0,accepted,0.0378462109399304,0.0530265306273597,484200.856651309,4977500.60173484,-2.13851486342135,11.698
21,1,0,accepted,0.0341761313694746,0.0435685626583505,484200.824739698,4977500.54782601,-2.13804191605787,11.984
22,1,0,accepted,0.040092056268928,0.243980050497588,484200.794042219,4977500.47303908,-2.13384071787705,14.56
23,0,0,inconsistentClasses,0.0326385668319047,0.240260491347247,484200.756100445,4977500.41016331,-2.13299843058182,15.283
24,0,0,inconsistentClasses,0.0260562588962096,0.231351005064827,484200.713446366,4977500.34039539,-2.13187870963985,16.53
25,0,0,inconsistentClasses,0.0211628772186572,0.222549939963029,484200.665904261,4977500.26316543,-2.13064293740799,13.616
26,1,0,accepted,0.00902293729934474,-0.706714258227266,484200.611139549,4977500.19354579,-2.14473759024731,14.494
27,1,0,accepted,0.0126442628304732,-0.503117071422998,484200.544289799,4977500.08731869,-2.13961291291748,12.396
28,1,0,accepted,0.00426044164695021,-0.645191419443641,484200.468347515,4977499.98139795,-2.14178584572829,12.617
29,1,0,accepted,0.00843955616662541,-0.631810893523296,484200.397843736,4977499.87153161,-2.13940361360731,11.964
30,1,0,accepted,0.00898744651566986,-0.290485274865461,484200.325849989,4977499.74344821,-2.13082840753209,12.677
31,1,0,accepted,0.00422749974247973,-0.0195215519816904,484200.245593179,4977499.6172754,-2.12531646621862,11.153
32,1,0,accepted,0.00795423631892116,-0.332081465352542,484200.173517332,4977499.49244956,-2.12975020892763,13.096
33,1,0,accepted,0.00992590106604593,0.0664108277386167,484200.089320196,4977499.3512944,-2.12100626203174,11.302
34,1,0,accepted,0.0414525475936695,0.560214806251576,484200.020753944,4977499.18309789,-2.11037845903881,12.775
35,1,0,accepted,0.0389390529468035,0.528936025889902,484199.938686767,4977499.04434158,-2.10906110121602,12.526
36,1,0,accepted,0.0356147713183631,0.250992081835304,484199.843916512,4977498.89489798,-2.11260541460762,13.187
37,1,0,accepted,0.0246454146335916,0.213192455087899,484199.750224669,4977498.75540075,-2.11218062518689,11.436
38,1,0,accepted,0.0188233930982648,0.182224272468379,484199.651151546,4977498.60139987,-2.11127420356249,12.168
39,1,0,accepted,0.01222928375786,0.161596094335344,484199.550942996,4977498.44884152,-2.11029680765634,11.535
40,1,0,accepted,0.018036911677835,0.178470706716879,484199.458749155,4977498.28962084,-2.1091589417974,12.796
41,1,0,accepted,0.0153983541474935,0.20357115014125,484199.354569822,4977498.12207103,-2.10836468491541,10.513
42,1,0,accepted,0.0276865500840485,0.312292306591869,484199.256812522,4977497.92663773,-2.10658564893806,11.072
43,1,0,accepted,0.024447831191665,0.291091300547146,484199.15542014,4977497.76075318,-2.10692790799042,16.572
44,1,0,accepted,0.0189945085361168,0.312792497832609,484199.051743858,4977497.59399834,-2.10675000446762,11.258
45,1,0,accepted,0.0183365268198277,0.311403041568788,484198.948804372,4977497.42331125,-2.10696950538065,12.439
46,1,0,accepted,0.0310407448354612,0.334445208936589,484198.84896035,4977497.24223753,-2.10648135649486,11.954
47,1,0,accepted,0.0270714195143212,0.329082348088111,484198.754220479,4977497.08299929,-2.10755858842274,10.119
48,1,0,accepted,0.0286616334963297,0.321456483118228,484198.657506955,4977496.9142964,-2.10856816353845,10.943
49,1,0,accepted,0.0351201736145259,0.338541124794519,484198.561163093,4977496.74042329,-2.10902407018294,10.636
50,1,0,accepted,0.0349984316536762,0.323439608448676,484198.468861501,4977496.57824945,-2.10993318193176,12.469
51,1,0,accepted,0.0432548611368632,0.356244834651272,484198.378207084,4977496.41467372,-2.11002172503769,10.465
52,1,0,accepted,0.0379163550593849,0.332673803243985,484198.291358109,4977496.26775113,-2.11046779582308,9.179
53,1,0,accepted,0.0245318056838641,0.303715134288733,484198.209114998,4977496.13284232,-2.11128823689191,10.363
54,1,0,accepted,0.039909884739456,0.355115477950425,484198.122283746,4977495.96614553,-2.11113781624565,10.614
55,1,0,accepted,0.0335816133769313,0.341705775419209,484198.032993177,4977495.81805861,-2.11170070643838,9.82
56,1,0,accepted,0.0353323716346387,0.407952628885829,484197.95631645,4977495.66696348,-2.11067894058144,9.482
57,1,0,accepted,0.0411433069439572,0.459572400893813,484197.863478561,4977495.49822568,-2.11029609627482,10.973
58,1,0,accepted,0.0348934755971401,0.25678984338085,484197.760000651,4977495.40309532,-2.11422312839551,11.164
59,1,0,accepted,0.0449946241005919,0.241149949194026,484197.661811102,4977495.24714851,-2.11435066061483,10.242
60,1,0,accepted,0.0489704785732665,0.25027553718691,484197.567308824,4977495.08021199,-2.11378604226489,10.181
61,1,0,accepted,0.0964915879538313,0.151067398219808,484197.483183308,4977494.95243552,-2.11438683807281,11.557
62,1,0,accepted,0.0807818680907328,0.206697393684789,484197.371719688,4977494.76495253,-2.11193295335246,11.348
63,1,0,accepted,0.0228123513698063,0.319983306774641,484197.26668159,4977494.52165189,-2.10743876784204,11.666
64,1,0,accepted,0.0178101039599444,0.321031015150113,484197.15782926,4977494.33044217,-2.10604750464069,10.468
65,1,0,accepted,0.00986737282962006,0.353255625828787,484197.045704417,4977494.14745829,-2.10477546868815,10.577
66,1,0,accepted,0.0145027839394752,0.314885416396829,484196.948740672,4977493.96511663,-2.10356771211713,11.161
67,1,0,accepted,0.0169092757188718,0.265390210544907,484196.843118193,4977493.77488167,-2.10114159129728,11.092
68,1,0,accepted,0.0168323521419044,0.27007230660294,484196.731343508,4977493.57876302,-2.0967305437694,11.206
69,1,0,accepted,0.0307186199925881,0.295669352937839,484196.629602935,4977493.3694279,-2.0906535021351,12
70,1,0,accepted,0.0303606433560917,0.203095428256891,484196.517347143,4977493.17692311,-2.08505339590185,15.541
71,1,0,accepted,0.0555069442193972,0.480032694999486,484196.346233474,4977492.90851119,-2.07174814614096,14.184
72,1,0,accepted,0.0263047376584418,0.141938452282352,484196.212660629,4977492.71444666,-2.06777003415787,13.842
73,1,0,accepted,0.0193979969662152,0.0610921236882233,484196.081725399,4977492.47424628,-2.05770543986432,13.501
74,1,0,accepted,0.020624904069485,0.0713311104396639,484195.93832631,4977492.21272745,-2.04406934265115,14.774
75,1,0,accepted,0.0261619336297075,0.184354884331504,484195.789128902,4977491.9188283,-2.0264416711697,12.477
76,1,0,accepted,0.0108435708131636,0.125413961821869,484195.649666866,4977491.64078588,-2.01087062842144,13.378
77,1,0,accepted,0.0228262825244195,0.193237064461448,484195.499293674,4977491.34890319,-1.99350960404021,13.807
78,1,0,accepted,0.0323188613945322,0.0539134314995803,484195.349136691,4977491.03073856,-1.97647754731817,13.316
79,1,0,accepted,0.0139359905339241,-0.00466135719931306,484195.219933142,4977490.65381654,-1.95746120449129,13.697
80,1,0,accepted,0.0269838036460858,-0.13735007685749,484195.077330267,4977490.30779593,-1.93731389694687,11.965
81,1,0,accepted,0.0367861730385409,-0.261345137795951,484194.934220081,4977489.94009619,-1.91505917109911,11.767
82,1,0,accepted,0.049955722691085,-0.251912852331341,484194.792337692,4977489.56680295,-1.88938057441002,11.842
83,1,0,accepted,0.0589891185965752,-0.216022853436133,484194.626353583,4977489.17979545,-1.86169746039467,11.999
84,1,0,accepted,0.0826272293229803,-0.208063255002854,484194.498614904,4977488.79110939,-1.83493750419762,13.75
85,1,0,accepted,0.0833270457115333,-0.127258418864105,484194.370425478,4977488.36032278,-1.80651483237081,12.386
86,1,0,accepted,0.0921939040687656,-0.0908211908398929,484194.246963366,4977487.92658109,-1.77994670890862,15.141
87,1,0,accepted,0.0978263683754581,-0.19938021640324,484194.162644437,4977487.47768245,-1.7544051646753,21.708
88,1,0,accepted,0.0912936889895691,-0.0251733979274357,484194.07237261,4977487.00978176,-1.72442419305342,12.705
89,1,0,accepted,0.0954081389113781,-0.0852780940195371,484193.990579643,4977486.54746551,-1.6976414305492,13.88
90,1,0,accepted,0.0999135185865816,-0.17895540417913,484193.950228395,4977486.06767401,-1.67100378929733,13.504
91,1,0,accepted,0.102376336043524,-0.270124213680009,484193.893035226,4977485.57949081,-1.64272699521135,19.779
92,1,0,accepted,0.101737987666559,-0.236091465235928,484193.842214793,4977485.08249571,-1.61219587483792,13.186
93,1,0,accepted,0.107805988410135,-0.311582490378979,484193.805634784,4977484.58363471,-1.58376212880057,19.842
94,1,0,accepted,0.0984545324785981,-0.412823910032651,484193.779223285,4977484.06260684,-1.55567439882166,18.591
95,1,0,accepted,0.109420173188911,-0.478573686677852,484193.774301355,4977483.54951497,-1.52619205073266,18.264
96,1,0,accepted,0.138989065027947,-0.604851985782743,484193.80142991,4977483.04358113,-1.49702199540251,14.364
97,1,0,accepted,0.154525080320785,-0.679092942658426,484193.823763134,4977482.52982181,-1.4672283267127,15.244
98,1,0,accepted,0.160592800416908,-0.787530155275805,484193.86572521,4977481.99747569,-1.43761148784959,16.517
99,1,0,accepted,0.144274337891582,-0.739604883473899,484193.940986897,4977481.43390689,-1.40650040292687,14.513
100,1,0,accepted,0.106859743491149,-0.527764938703482,484194.009116408,4977480.84690857,-1.37218138439148,16.434
101,1,0,accepted,0.117932827555819,-0.69220255147546,484194.119209832,4977480.29363465,-1.34614719171236,17.072
102,1,0,accepted,0.114991789706753,-0.633814825411601,484194.277240475,4977479.73077476,-1.31807595821982,14.874
103,1,0,accepted,0.0872798175394664,-0.460623929088995,484194.395113461,4977479.1378785,-1.28916114248808,16.656
104,1,0,accepted,0.0951501749189228,-0.410921077478213,484194.553831487,4977478.57485746,-1.26323551925766,18.456
105,1,0,accepted,0.0921758727762321,-0.337748981598007,484194.719387003,4977477.99075841,-1.23822772487804,17.352
106,1,0,accepted,0.107741543781491,-0.436955476578251,484194.91918028,4977477.42659894,-1.21895044964016,17.483
107,1,0,accepted,0.0823313930309245,-0.219016285099872,484195.130326939,4977476.80933732,-1.19679560155697,20.205
108,1,0,accepted,0.0691980259416543,-0.0695524002627488,484195.365173336,4977476.20256326,-1.17799954217951,15.826
109,1,0,accepted,0.0755031732436741,0.0300642113876377,484195.617306538,4977475.60132112,-1.16199527535598,15.987
110,1,0,accepted,0.0611689060392854,0.229682807743158,484195.886065994,4977475.00449639,-1.14689348745186,14.777
111,1,0,accepted,0.0618458555466405,0.33047858950483,484196.159931397,4977474.39749088,-1.13476481283847,13.894
112,1,0,accepted,0.106859722516935,0.264980969139762,484196.426861559,4977473.82377403,-1.12715497184863,12.878
113,1,0,accepted,0.0795916523560283,-0.0572550847071095,484196.777728952,4977473.19330891,-1.12535880235793,14.349
114,1,0,accepted,0.0873603352920559,0.115474680379496,484197.079892665,4977472.56847509,-1.11635547671608,14.594
115,1,0,accepted,0.0905308128063862,-0.00809539262343126,484197.393856745,4977471.93374324,-1.11357132293541,14.833
116,1,0,accepted,0.122343953032017,-0.0654748614195979,484197.736962422,4977471.32106273,-1.11088523557894,15.707
117,1,0,accepted,0.0601751792497425,0.183881302597315,484198.0909895,4977470.60947011,-1.10354480500521,14.682
118,1,0,accepted,0.0520009707039042,0.583719716738367,484198.48463396,4977469.87614828,-1.09516205856845,15.908
119,1,0,accepted,0.0529245635815974,0.417194017376157,484198.842936599,4977469.20543897,-1.09814767195554,18.448
120,1,0,accepted,0.044161864549435,0.445488640117844,484199.19381175,4977468.52513801,-1.09886320798321,14.05
121,1,0,accepted,0.0400742814868753,0.371540975374264,484199.551368556,4977467.81729629,-1.10239613498181,13.776
122,1,0,accepted,0.0332889427415653,0.165974415890245,484199.912233112,4977467.11481731,-1.10729469805624,18.35
123,1,0,accepted,0.0447808860670073,0.0549945246947301,484200.291630403,4977466.41363497,-1.11130994494192,26.283
124,1,0,accepted,0.0479159817089379,0.310405119911,484200.653615507,4977465.66308351,-1.10918318552214,21.534
125,1,0,accepted,0.0629210900071968,-0.0831308420907488,484201.053934093,4977464.93281921,-1.11948282374359,15.055
126,1,0,accepted,0.0552296708124497,-0.0374532255129068,484201.426447517,4977464.18926192,-1.12284607667344,17.047
127,1,0,accepted,0.0489917790861593,-0.0507443384399483,484201.801470236,4977463.43444999,-1.12816492229593,14.715
128,1,0,accepted,0.0553759210835171,0.19662506694999,484202.175887108,4977462.64787445,-1.12969021653688,16.567
129,1,0,accepted,0.0426568051692236,0.238028223388458,484202.553063207,4977461.87217935,-1.13448466174153,12.853
130,1,0,accepted,0.0454700608221467,0.15546414425428,484202.938141856,4977461.09125184,-1.14254885296264,14.219
131,1,0,accepted,0.0561855942268901,0.18117302427016,484203.307413949,4977460.28234019,-1.14792116145553,13.647
132,1,0,accepted,0.0856881865992317,0.32356550735705,484203.666111702,4977459.44738212,-1.15254364976363,13.27
133,1,0,accepted,0.0831309025883782,0.287398291547961,484204.048332501,4977458.63206072,-1.15995873962506,18.538
134,1,0,accepted,0.108553874782431,0.300931165728576,484204.417951133,4977457.77577192,-1.16657576879327,16.552
135,1,0,accepted,0.147837421926709,0.452445117109559,484204.771020113,4977456.90533679,-1.17077612719165,14.134
136,1,0,accepted,0.165308792163734,0.542472224909014,484205.144205062,4977456.03392419,-1.17613336224415,13.274
137,1,0,accepted,0.165332152735847,0.568839614826377,484205.527710983,4977455.16083932,-1.18259685420949,18.239
138,1,0,accepted,0.155864946005283,0.40641412915452,484205.923039857,4977454.28570124,-1.19238529963609,20.104
139,1,0,accepted,0.0935003570360915,0.326800545465037,484206.302853723,4977453.47672234,-1.20047243909404,19.565
140,1,0,accepted,0.0439392534990758,0.238144554229553,484206.742239936,4977452.66323374,-1.20911956061148,25.303
141,1,0,accepted,0.0515237148449767,0.284229823355699,484207.123560314,4977451.7694516,-1.21516015561964,14.863
142,1,0,accepted,0.0699858349785916,0.196577522107086,484207.488007267,4977450.86747062,-1.22335924986437,17.05
143,1,0,accepted,0.0566781676511083,0.262712942328273,484207.837529059,4977449.92605611,-1.22926782273863,13.795
144,1,0,accepted,0.029351681056107,0.189650763634351,484208.188893132,4977448.9442386,-1.23719397129284,11.642
145,1,0,accepted,0.0556945526604685,0.233781951815898,484208.548662605,4977447.94844116,-1.24405657203678,14.181
146,1,0,accepted,0.0631291567787437,0.322423578503057,484208.914000813,4977446.98548437,-1.24841035200046,14.363
147,1,0,accepted,0.250779229405015,0.611425577045872,484209.241971572,4977445.83470075,-1.25106814373983,20.938
148,1,0,accepted,0.247436695750148,0.467607608898746,484209.607553391,4977444.87174702,-1.25991838473127,19.869
149,1,0,accepted,0.195030643718271,0.374100282699054,484209.946961882,4977443.94904288,-1.26841248402022,16.255
150,0,0,inconsistentClasses,0.207511905405245,0.358420149723762,484210.259121239,4977442.97530725,-1.27509764388605,20.534
151,1,0,accepted,0.108514614993021,0.333304716094435,484210.592092603,4977442.09808591,-1.2827084050332,16.168
152,1,0,accepted,0.119801498465747,0.390226695802713,484210.902507238,4977441.09351511,-1.28870741288062,18.328
153,1,0,accepted,0.122168797716373,0.248167996667865,484211.204189998,4977440.11140234,-1.29782673685532,22.414
154,1,0,accepted,0.130270645525728,0.257883864041441,484211.505197709,4977439.1134167,-1.30387918175914,18.644
155,1,0,accepted,0.141110429805045,0.287847831118485,484211.800700754,4977438.11616182,-1.31054796517245,15.128
156,1,0,accepted,0.147468705603473,0.274070315295213,484212.101658162,4977437.09847723,-1.31746052991639,15.914
157,1,0,accepted,0.127626668628606,0.163847032553688,484212.41298285,4977436.11420465,-1.3263719891432,16.28
158,1,0,accepted,0.0750841546827537,-0.429647195874793,484212.840290149,4977435.15122627,-1.34369039639909,17.403
159,1,0,accepted,0.0661816979228127,-0.482249608083629,484213.127104339,4977434.12899695,-1.35103095821145,17.899
160,1,0,accepted,0.0603656553680843,-0.194962355903334,484213.348904266,4977433.09531656,-1.35237643055054,21.293
161,1,0,accepted,0.0607308732068076,-0.286102901044171,484213.656267661,4977432.08058861,-1.3608190628152,20.082
162,1,0,accepted,0.0540245358634603,-0.389018056586964,484213.936047129,4977431.07763347,-1.36924912061907,19.795
163,1,0,accepted,0.0474933020318335,-0.0644281419189186,484214.122671354,4977430.04430869,-1.36997726034372,15.017
164,1,0,accepted,0.0804122997820913,-0.0397233063909329,484214.330842292,4977429.04570185,-1.37597688356508,15.126
165,1,0,accepted,0.0777754324127143,-0.117597730053931,484214.581651138,4977428.02653892,-1.38339948572259,19.693
166,1,0,accepted,0.134640861859614,0.126139040098212,484214.770376465,4977426.97565194,-1.38541591369826,20.726
167,1,0,accepted,0.188064627489715,0.379542067196836,484214.952927946,4977425.9462562,-1.38717018254696,21.926
168,1,0,accepted,0.154808947910368,0.210781960739539,484215.216042963,4977424.91000827,-1.39690598408866,22.853
169,1,0,accepted,0.152198657220498,0.231078620812862,484215.442524064,4977423.87118408,-1.40316246264777,20.289
170,1,0,accepted,0.166291099320763,0.262490859856325,484215.645736216,4977422.8335989,-1.40930125425099,19.207
171,1,0,accepted,0.166780467659178,0.253151347067013,484215.853779663,4977421.7879857,-1.41666522733389,18.613
172,1,0,accepted,0.195919009053159,0.369051516648275,484216.027147948,4977420.73680642,-1.42188114643085,18.29
173,1,0,accepted,0.226857981452011,0.500284916865862,484216.191536213,4977419.68343959,-1.42717537010493,18.002
174,1,0,accepted,0.237198148771712,0.535368608394129,484216.367859425,4977418.61647991,-1.43390006142455,20.605
175,1,0,accepted,0.279685068859656,0.690251982948142,484216.506822371,4977417.56702861,-1.43852499705444,17.832
176,1,0,accepted,0.28452875918597,0.579788281586557,484216.673833238,4977416.4916984,-1.44778779749724,20.157
177,1,0,accepted,0.275820091298915,0.722764816632166,484216.846274618,4977415.42046019,-1.45273437894031,19.224
178,1,0,accepted,0.300607690564316,0.711470522578752,484216.979419399,4977414.3156839,-1.46027051777536,20.022
179,1,0,accepted,0.260655952424919,0.794517480023511,484217.235350372,4977413.087207,-1.466275495631,20.235
180,1,0,accepted,0.249918876289193,0.624564091537234,484217.385516298,4977412.0135534,-1.47629764188917,19.673
181,1,0,accepted,0.241547541048235,0.61588094452148,484217.560053486,4977410.90067041,-1.48417694583664,19.223
182,1,0,accepted,0.243745291905104,0.598066432557434,484217.697652112,4977409.80465196,-1.49120342714629,17.623
183,1,0,accepted,0.211888357200112,0.400736848479038,484217.858618493,4977408.71415072,-1.50177845234675,15.387
184,1,0,accepted,0.209287173070068,0.399996348289895,484217.974943683,4977407.63147222,-1.50854541446188,16.308
185,1,0,accepted,0.140216614297665,0.0270331199553542,484218.135897028,4977406.58225423,-1.52177681133165,15.571
186,1,0,accepted,0.0922935433554009,-0.436477339656637,484218.305803341,4977405.51865795,-1.53667639432343,16.748
187,1,0,accepted,0.0747873645200709,-0.608631339558582,484218.430369158,4977404.45226119,-1.54657638542971,20.339
188,1,0,accepted,0.0596524360932395,-0.527726398537517,484218.482298584,4977403.32147594,-1.55118625297734,19.688
189,1,0,accepted,0.0351456598492072,-0.333813009596197,484218.52172819,4977402.20464013,-1.55320141830836,14.115
190,1,0,accepted,0.0545873319936471,0.0657749464104213,484218.557681833,4977401.08528372,-1.5509216983645,15.961
191,1,0,accepted,0.0617624661291663,0.246333781199191,484218.60278356,4977399.95798289,-1.55222401206327,14.393
192,1,0,accepted,0.0654000604132129,0.296759354420203,484218.647938837,4977398.83419278,-1.55493526430145,13.93
193,1,0,accepted,0.0664775690557967,0.343590182720807,484218.696007834,4977397.70005852,-1.55716010908513,25.234
194,1,0,accepted,0.081385664807481,0.280482168347604,484218.728496723,4977396.55170189,-1.56083727980002,21.148
195,1,0,accepted,0.0754861452533762,0.0390198431474501,484218.781779667,4977395.40687251,-1.56730511053011,20.957
196,1,0,accepted,0.0687845741937427,-0.0800628286569698,484218.833852896,4977394.25025364,-1.57180136605493,18.334
197,1,0,accepted,0.0799369941382335,-0.0140350399736185,484218.862250994,4977393.08284759,-1.57272729802039,22.544
198,1,0,accepted,0.0762190073344876,0.0526432685244507,484218.901877109,4977391.90364297,-1.57339292157394,22.786
199,1,0,accepted,0.10893669371055,0.270533561395004,484218.906743128,4977390.73652933,-1.57134333736996,21.326
200,1,0,accepted,0.0409327517392161,-0.163415412975581,484219.07594604,4977389.54072996,-1.58069551766858,24.411
201,1,0,accepted,0.0418321386855063,-0.0899541008242992,484219.084097815,4977388.3597084,-1.58079016079277,20.202
202,1,0,accepted,0.0833595834976815,0.160210406663043,484219.058495618,4977387.19074467,-1.57774891235707,19.517
203,1,0,accepted,0.0718716193478987,0.142208426169577,484219.095854149,4977386.05502177,-1.57928392490925,18.07
204,1,0,accepted,0.0703095560645446,0.100684281880502,484219.103983377,4977384.829606,-1.57956153428929,19.255
205,1,0,accepted,0.0745466067046223,0.132940004461531,484219.112923022,4977383.59785155,-1.57863920905171,19.966
206,1,0,accepted,0.115206529813342,0.244865097248969,484219.09194044,4977382.35456152,-1.57550170709331,19.039
207,1,0,accepted,0.123486179601492,0.195510437236533,484219.109557537,4977381.09777682,-1.57490730689991,20.862
208,1,0,accepted,0.138665588074193,0.223114073752887,484219.120636093,4977379.86437077,-1.57229053128212,19.351
209,1,0,accepted,0.148909244794621,0.174401978116426,484219.138982975,4977378.61296592,-1.57035623153178,14.912
210,1,0,accepted,0.174054614496922,0.14809198690669,484219.143366463,4977377.36975994,-1.56773296545403,16.42
211,1,0,accepted,0.120650986238219,0.0874743921129218,484219.228040028,4977376.14462276,-1.56513999050807,17.056
212,1,0,accepted,0.145371097812302,0.0510226565969067,484219.241949942,4977374.88318456,-1.56190794191809,18.02
213,1,0,accepted,0.163410554398017,0.0402467270989503,484219.267289213,4977373.61998741,-1.55802829374565,14.713
214,1,0,accepted,0.168770749280542,0.137617726135337,484219.310065018,4977372.35763145,-1.55235955796647,16.791
215,1,0,accepted,0.11785521117577,0.528844054511083,484219.423065694,4977371.04438688,-1.54092700618314,17.229
216,1,0,accepted,0.13893747641215,0.626014406371305,484219.473590532,4977369.73954399,-1.53419630591417,16.476
217,1,0,accepted,0.14251040256972,0.619331225867002,484219.513417254,4977368.50577714,-1.52939850954127,20.314
218,1,0,accepted,0.121724541132541,0.432779034225982,484219.602422642,4977367.22301288,-1.5273030837153,18.232
219,1,0,accepted,0.111115726236402,0.326588200995432,484219.680569889,4977365.96217184,-1.52391820609032,20.277
220,1,0,accepted,0.125657243390119,0.315926180434982,484219.777303179,4977364.77398422,-1.5186202739052,21.002
221,1,0,accepted,0.153693458347325,0.429398070965488,484219.85561081,4977363.51890065,-1.51111830294535,19.193
222,1,0,accepted,0.154822268452303,0.208358866052987,484219.939792116,4977362.21467972,-1.50936055292696,17.149
223,1,0,accepted,0.178864368913809,0.171549593316034,484220.026231629,4977360.93291159,-1.50382178488474,14.062
224,1,0,accepted,0.115100259493105,-0.260806693276155,484220.236757366,4977359.6258176,-1.50504007353874,13.323
225,1,0,accepted,0.127147990749346,-0.245909175571559,484220.354380913,4977358.33324238,-1.49822963677099,14.186
226,1,0,accepted,0.156629460571955,-0.0185040069095382,484220.458834496,4977357.05254056,-1.48779291659564,14.197
227,1,0,accepted,0.161099786979397,-0.017454114918601,484220.582860932,4977355.72877255,-1.48106402120241,11.735
228,1,0,accepted,0.157332343941499,0.0549982109426573,484220.702746694,4977354.43116885,-1.47292273380401,13.705
229,1,0,accepted,0.163071020781214,0.0583823023054993,484220.840770788,4977353.1218419,-1.46606641277333,14.305
230,1,0,accepted,0.163088521678066,0.150024407176821,484220.999400262,4977351.81325268,-1.45804998876007,14.918
231,1,0,accepted,0.158668707529994,0.0986509972484799,484221.171586188,4977350.49876698,-1.45209971256908,14.475
232,1,0,accepted,0.142514178011476,0.110142298959998,484221.363228242,4977349.17912512,-1.44562617125221,16.282
233,1,0,accepted,0.0765176240706535,-0.0485775522967621,484221.607779711,4977347.83404663,-1.44185112935492,15.277
234,1,0,accepted,0.125792313962032,0.249413482038409,484221.764788369,4977346.54815106,-1.4300780738704,16.77
235,1,0,accepted,0.162489338834799,0.442884889654173,484221.939518573,4977345.25532114,-1.42022988713875,18.47
236,1,0,accepted,0.147932939240964,0.237049297485023,484222.15416666,4977343.90034317,-1.41726654143487,21.895
237,1,0,accepted,0.161363038914943,0.223782769686222,484222.361774313,4977342.57078067,-1.41083450899298,19.951
238,1,0,accepted,0.15370646451685,0.168739251324864,484222.593595089,4977341.22967155,-1.40520040488709,21.679
239,1,0,accepted,0.143720533195404,0.0999219692630721,484222.843850017,4977339.86617508,-1.3994842328246,14.857
240,1,0,accepted,0.156065779037065,0.105581603260324,484223.094448132,4977338.49855798,-1.39325914229105,15.949
241,1,0,accepted,0.178926766047191,0.14635453083641,484223.329141077,4977337.18673685,-1.38567500364543,13.708
242,1,0,accepted,0.202681265481034,0.112191313052372,484223.579476146,4977335.8487977,-1.38017620673434,16.193
243,1,0,accepted,0.225757741169898,0.205609273914398,484223.830072199,4977334.53863785,-1.37248258267197,13.95
244,1,0,accepted,0.237834365274145,0.335528088571406,484224.106107833,4977333.21825386,-1.36452083137117,15.325
245,1,0,accepted,0.240940392925685,0.544177942841499,484224.401159073,4977331.89564095,-1.35602594290502,15.09
246,1,0,accepted,0.196634120081314,0.79032190038718,484224.744697811,4977330.65045161,-1.34803525501364,14.615
247,1,0,accepted,0.185647510361916,1.04610406755064,484225.102345093,4977329.40565158,-1.34081366175482,13.416
248,1,0,accepted,0.144688391028311,0.937566423045883,484225.429418968,4977328.01344198,-1.34077926808629,16.697
249,1,0,accepted,0.121162742274628,0.820806135424182,484225.76963952,4977326.66260987,-1.34062028567782,13.151
250,1,0,accepted,0.115852980290119,0.787811609889716,484226.100974085,4977325.30179657,-1.3390563720858,12.187
251,1,0,accepted,0.096523620026458,0.414537806410315,484226.467378058,4977323.92589193,-1.34388596534847,16.592
252,1,0,accepted,0.0720706362020781,0.13230377648262,484226.846262928,4977322.57623534,-1.34727813154458,17.828
253,1,0,accepted,0.0796769174869011,0.158645982707278,484227.173263679,4977321.22331295,-1.34555072667761,16.865
254,1,0,accepted,0.0859198743212831,0.165666084166397,484227.502804298,4977319.89621592,-1.34366636906606,18.156
255,1,0,accepted,0.0878615183848095,0.14904354675624,484227.838773402,4977318.54372476,-1.34213458706978,18.461
256,1,0,accepted,0.0679680073928793,0.255197252702626,484228.18143727,4977317.22022967,-1.33907556810277,15.801
257,1,0,accepted,0.0532795821094941,0.24558367569771,484228.525963086,4977315.89474183,-1.33782661729761,15.15
258,1,0,accepted,0.0407622795735674,0.26633444610599,484228.89131955,4977314.5356998,-1.33722103281761,13.872
259,1,0,accepted,0.0378124428719684,0.236263370227104,484229.225778549,4977313.20461734,-1.33622631205327,14.331
260,1,0,accepted,0.032823687388061,0.215189788214217,484229.582477865,4977311.85686621,-1.33594007028012,13.446
261,1,0,accepted,0.0366129009362313,0.2144408615307,484229.929150728,4977310.52627033,-1.33508777391485,12.933
262,1,0,accepted,0.0450971679767768,0.156727783178551,484230.283387832,4977309.17672107,-1.33506444835738,15.223
263,1,0,accepted,0.0731886352307468,-0.0180272879149761,484230.661927307,4977307.85373501,-1.33785438126527,21.812
264,1,0,accepted,0.0685587685688398,-0.0116958412368634,484231.003212043,4977306.48206069,-1.33640080196383,18.742
265,1,0,accepted,0.0646752559110529,0.0764218594900479,484231.350210936,4977305.07737214,-1.33459170107633,15.455
266,1,0,accepted,0.0698965166966352,0.10792158763299,484231.701868274,4977303.70343713,-1.33363810568966,12.711
267,1,0,accepted,0.0677515611645934,0.171719358446177,484232.057495454,4977302.32349925,-1.33194059133931,16.191
268,1,0,accepted,0.0724085155801176,0.167392892729711,484232.415881928,4977300.92432232,-1.33107993436468,13.153
269,1,0,accepted,0.0782961568574984,0.14282677493507,484232.780834761,4977299.52357573,-1.33068626261728,14.793
270,1,0,accepted,0.092602847693702,0.176247838266912,484233.144631888,4977298.11658991,-1.32977275305956,15.161
271,1,0,accepted,0.116730845901804,0.191634714115222,484233.510841109,4977296.69263523,-1.32922772865709,17.787
272,1,0,accepted,0.140737395764169,0.172149150138861,484233.869165186,4977295.28591182,-1.32946027367702,16.489
273,1,0,accepted,0.158620030626448,0.217336089854766,484234.228390963,4977293.88376925,-1.32910676458265,14.689
274,1,0,accepted,0.167661394564024,0.159700178397541,484234.590332295,4977292.50327871,-1.33041432358157,15.651
275,1,0,accepted,0.192686811679337,0.194757136752421,484234.947478718,4977291.088943,-1.33084813267481,16.113
276,1,0,accepted,0.207572413832838,0.200198351642858,484235.319233134,4977289.67135573,-1.33165745518481,14.57
277,1,0,accepted,0.218079744191507,0.18730478310685,484235.684667153,4977288.26068134,-1.33299554724781,12.974
278,1,0,accepted,0.241295611238859,0.220243735116228,484236.038693641,4977286.84415152,-1.33321889724519,14.294
279,1,0,accepted,0.257296388696061,0.243964223643652,484236.401834653,4977285.41731598,-1.33489241911051,14.407
280,1,0,accepted,0.25726689976606,0.169564418180368,484236.764596557,4977284.02272199,-1.33729530473601,18.956
281,1,0,accepted,0.172705304852398,0.211508437723274,484237.180652801,4977282.68597671,-1.33850015906008,16.229
282,1,0,accepted,0.116623614186826,0.235664419442152,484237.582845288,4977281.32961029,-1.34045519914905,18.743
283,1,0,accepted,0.0979878659731838,0.35371419711164,484237.968466963,4977279.97284142,-1.34033712269856,15.657
284,1,0,accepted,0.100915524687658,0.402419796268223,484238.359936924,4977278.59133008,-1.34291032718594,13.959
285,1,0,accepted,0.145721020857054,0.50222357325551,484238.749377336,4977277.23659672,-1.34465721257943,13.789
286,1,0,accepted,0.0906094060549552,0.303643417247424,484239.144776398,4977275.7392069,-1.35180214853123,16.74
287,1,0,accepted,0.0271769906385359,0.0279320813374333,484239.510405917,4977274.26831854,-1.35922820418764,18.788
288,1,0,accepted,0.0177765062239793,0.104338680217784,484239.82543005,4977272.80533287,-1.36140577614087,17.086
289,1,0,accepted,0.0562388038479626,-0.111708057185346,484240.172885197,4977271.31204779,-1.36807640393119,15.89
290,1,0,accepted,0.0963033164231955,-0.216222818317405,484240.481686818,4977269.84015213,-1.37344631848381,11.718
291,1,0,accepted,0.108910202165802,-0.139390333273681,484240.792992579,4977268.40008981,-1.37550489704809,13.04
292,1,0,accepted,0.129419639550524,0.0189021195274541,484241.094683754,4977266.94816772,-1.37608850897202,14.546
293,1,0,accepted,0.131967526148828,0.337973743683559,484241.391930199,4977265.56521698,-1.37426893862425,13.212
294,1,0,accepted,0.143856605772676,0.427273558897264,484241.702712215,4977264.11646654,-1.37651870711084,13.739
295,0,0,notConverged,0.171145192228611,0.409255401420382,484241.995950111,4977262.64774303,-1.37978406131337,31.996
296,1,0,accepted,0.0965081793740782,0.0196400624733458,484242.437785604,4977261.15488919,-1.38960430741674,17.019
297,1,0,accepted,0.0832587608238522,-0.118487295333104,484242.763308943,4977259.71627496,-1.39518238721319,13.761
298,1,0,accepted,0.088912217253561,-0.0763008819902509,484243.055280373,4977258.26323879,-1.39775661310955,18.29
299,1,0,accepted,0.0522049475933452,-0.165849747214798,484243.353890175,4977256.84164338,-1.40276930601775,20.024
300,1,0,accepted,0.0736948668588899,-0.0913060287242822,484243.619268223,4977255.40122353,-1.40468592321871,22.183
301,1,0,accepted,0.11964253865614,0.166612436823006,484243.85759685,4977253.94288695,-1.40311156910794,20.887
302,1,0,accepted,0.0530198801877334,0.239344126804707,484244.196323293,4977252.53722849,-1.40515543639698,16.766
303,1,0,accepted,0.00923633422495598,0.143169741094574,484244.522709571,4977251.13165269,-1.40977243408488,18.351
304,1,0,accepted,0.0277704630386296,0.106726366750472,484244.80502928,4977249.70366426,-1.41359790519575,17.712
305,1,0,accepted,0.0480998857453876,0.058893248347056,484245.086450369,4977248.28867423,-1.41765681079595,15.677
306,1,0,accepted,0.0546478007294388,-0.104873433432239,484245.340499938,4977246.86389082,-1.42325724872297,11.638
307,1,0,accepted,0.043278185463581,-0.0819373211180321,484245.571509931,4977245.41594007,-1.42609093555726,14.354
308,1,0,accepted,0.0453760894490734,-0.00910710590036457,484245.797105563,4977243.96846954,-1.42799459760246,13.093
309,1,0,accepted,0.0543695805528736,0.107922450875592,484246.025761376,4977242.52466048,-1.42908520803483,12.888
310,1,0,accepted,0.0526724465273797,0.176438974182285,484246.269030573,4977241.10898042,-1.43112750780726,17.813
311,1,0,accepted,0.0866463148291925,0.12099894326847,484246.467702289,4977239.64273296,-1.43485795357432,17.137
312,1,0,accepted,0.0920319932613062,0.157672932867663,484246.691926924,4977238.19882152,-1.43662848160922,15.946
313,1,0,accepted,0.0999227140721641,0.0896297403343578,484246.904247135,4977236.7915686,-1.43960730656076,14.825
314,1,0,accepted,0.119572921026644,0.171254061656807,484247.113249514,4977235.34863426,-1.44103685457254,14.463
315,1,0,accepted,0.141426259393202,0.0169244150668883,484247.312229471,4977233.92950037,-1.44611265836175,14.563
316,1,0,accepted,0.143144531075398,0.0735739631067036,484247.522100412,4977232.54669469,-1.44834470109774,14.587
317,0,0,notConverged,0.184020271254431,0.0806494070310568,484247.701933361,4977231.11418951,-1.45068984592021,33.486
318,1,0,accepted,0.0779316060956357,-0.758337840433502,484248.139844823,4977229.79610488,-1.4674657600777,16.403
319,1,0,accepted,0.0367513532467386,-0.686469475901998,484248.308401766,4977228.35206452,-1.46836024217194,16.42
320,1,0,accepted,0.0142064918310003,-0.673474975811,484248.486332795,4977226.90169824,-1.46994299140063,16.053
321,1,0,accepted,0.0461446302100678,-0.646960624351917,484248.658576797,4977225.45424588,-1.47168833159409,19.498
322,1,0,accepted,0.0371854170798854,-0.551109311823298,484248.870141313,4977224.03291474,-1.47226218219053,14.055
323,1,0,accepted,0.0445844950918279,-0.545206318242057,484249.067766385,4977222.59690464,-1.47439055541144,14.957
324,1,0,accepted,0.0647483359499623,-0.245416937645052,484249.223000322,4977221.18180983,-1.47141608886079,12.649
325,1,0,accepted,0.0995587382833771,-0.311116668612876,484249.397340183,4977219.7019302,-1.47473061258451,13.594
326,1,0,accepted,0.125586489589754,-0.520429302030444,484249.577274177,4977218.25569733,-1.4801813286718,13.323
327,1,0,accepted,0.162015242511599,-0.333634117562421,484249.728631044,4977216.83620228,-1.47860851746865,11.901
328,1,0,accepted,0.172431017997725,-0.220478900868813,484249.8813978,4977215.39608151,-1.4787027584064,13.272
329,1,0,accepted,0.146815535744652,-0.148878680748374,484250.062442717,4977213.99073518,-1.47827570611441,14.48
330,1,0,accepted,0.160626117099517,-0.0891234125242523,484250.220205188,4977212.56072029,-1.47954164673133,11.363
331,1,0,accepted,0.151471800614403,-0.0509609261930204,484250.395091043,4977211.14513449,-1.48036629139223,14.006
332,1,0,accepted,0.133769787904661,-0.0294092936318128,484250.629387591,4977209.66716435,-1.48012394886173,16.038
333,1,0,accepted,0.153224044542524,0.100446150077858,484250.782755312,4977208.22929015,-1.48025221844627,14.001
334,1,0,accepted,0.168447740893101,0.114604295417646,484250.990659462,4977206.76972964,-1.48161291133305,13.125
335,1,0,accepted,0.177744170654577,0.0427236888178175,484251.162138711,4977205.32977902,-1.48374156238612,19.581
336,1,0,accepted,0.119577741117543,-0.189568742305405,484251.325797968,4977203.95412155,-1.48927265372217,25.35
337,1,0,accepted,0.102687591702336,-0.0483631565134036,484251.408546503,4977202.58851933,-1.48859243191972,23.746
338,1,0,accepted,0.0740744376887368,-0.118156007800174,484251.584237081,4977201.18560707,-1.49069125245795,17.533
339,1,0,accepted,0.103987071793592,0.0458447856538631,484251.710327585,4977199.75674061,-1.48991763828373,10.714
340,1,0,accepted,0.13461182287334,0.19388539506809,484251.841948374,4977198.29498223,-1.4891375065216,13.449
341,1,0,accepted,0.0648374444631847,0.0226111059196512,484252.052543086,4977196.95236498,-1.49379109462883,16.52
342,1,0,accepted,0.0775979161614063,0.228500379937926,484252.186690986,4977195.48760656,-1.49160642305272,14.343
343,1,0,accepted,0.0632486993630637,0.239614761232887,484252.348872725,4977194.05234009,-1.49282948104489,13.449
344,1,0,accepted,0.074679366054854,0.277078483817702,484252.506256382,4977192.58352564,-1.49321818237549,14.378
345,1,0,accepted,0.0855955657278973,0.28359411435446,484252.646695493,4977191.1362441,-1.49419720589762,13.05
346,1,0,accepted,0.0770219414409615,0.330026740252608,484252.787573379,4977189.73143514,-1.49449876504943,14.134
347,1,0,accepted,0.0075853119997258,0.198523068444506,484252.963061102,4977188.378545,-1.49734636560592,16.969
348,1,0,accepted,0.0241105188228795,0.151704608758699,484253.103865328,4977186.96780832,-1.49907323414218,15.83
349,1,0,accepted,0.0863444802936372,0.0681293067478222,484253.274006606,4977185.60819865,-1.50104197589272,15.93
350,1,0,accepted,0.0871396337041833,0.0907045152628269,484253.388799443,4977184.19428541,-1.5010567046065,18.062
351,1,0,accepted,0.0681304071324105,0.144902544760124,484253.492187527,4977182.74501116,-1.50003908423512,21.565
352,1,0,accepted,0.0563501239907171,0.159908326705809,484253.604649557,4977181.32530749,-1.49965892600505,21.425
353,1,0,accepted,0.0498553285863816,0.208318911483338,484253.734520865,4977179.90439357,-1.49895897767161,20.925
354,1,0,accepted,0.0490171855253616,0.11114261889325,484253.859520014,4977178.47002697,-1.50059334367874,13.253
355,1,0,accepted,0.0711665324913591,0.14615159347125,484253.972529836,4977177.05904686,-1.50003772278608,13.321
356,1,0,accepted,0.0833278016618219,0.109646540513392,484254.090956953,4977175.63992147,-1.50077761548189,13.784
357,1,0,accepted,0.0977393437980724,0.199393489171706,484254.205495526,4977174.20790087,-1.49932845245579,15.303
358,1,0,accepted,0.0937100315733275,0.180216465513861,484254.328391644,4977172.76690513,-1.49977107805914,11.093
359,1,0,accepted,0.0958865191103988,0.180425504165679,484254.446071222,4977171.34194729,-1.49954036679809,13.293
360,1,0,accepted,0.111256813773084,0.16612315278712,484254.560556107,4977169.90033969,-1.49964359400801,15.398
361,1,0,accepted,0.107882343064139,0.08441745351919,484254.682384445,4977168.48228622,-1.50077335687613,14.391
362,1,0,accepted,0.132208813421378,0.000139189472247757,484254.799363994,4977167.03183029,-1.50188340524161,15.918
363,1,0,accepted,0.159926983489598,-0.0413716969081793,484254.907507162,4977165.58070648,-1.5023378301082,12.759
364,1,0,accepted,0.174497117665604,-0.218238611573737,484255.03110783,4977164.15491325,-1.50525604865156,15.242
365,1,0,accepted,0.203688919518255,-0.0523192693156875,484255.132628066,4977162.71861533,-1.50180041018734,17.543
366,1,0,accepted,0.219067615726601,0.00523382646250806,484255.246831695,4977161.28682318,-1.50021568745414,17.411
367,1,0,accepted,0.230419408804742,0.0524402274330189,484255.35710569,4977159.86235471,-1.49870837523334,17.33
368,1,0,accepted,0.23894778647442,0.124025858204596,484255.465648779,4977158.42482254,-1.49682163018663,17.012
369,1,0,accepted,0.242717199203012,0.152829239765078,484255.582850977,4977156.99149418,-1.49561761211939,18.388
370,1,0,accepted,0.238637970839012,0.0927664904159757,484255.68651793,4977155.59804358,-1.49592019218857,13.613
371,1,0,accepted,0.244110310521564,0.177865074552616,484255.80806551,4977154.16958317,-1.49369766217507,12.59
372,1,0,accepted,0.256309867717014,0.269247315995406,484255.922680328,4977152.7802277,-1.49144244355905,12.659
373,1,0,accepted,0.294913703584324,0.371734921617767,484256.017165041,4977151.37980517,-1.48768825747464,10.908
374,1,0,accepted,0.167376980776825,0.179680933605603,484256.296355085,4977150.05472376,-1.489766697077,15.572
375,1,0,accepted,0.156085228812575,0.0599927683816971,484256.494404488,4977148.66948738,-1.48988233364935,15.753
376,1,0,accepted,0.141732421717108,-0.162628146747371,484256.683467751,4977147.23111879,-1.4917362218206,14.562
377,1,0,accepted,0.133467204938863,-0.30115487685627,484256.869668859,4977145.80553841,-1.49280669163799,10.487
378,1,0,accepted,0.0209987709085862,-0.574655177557162,484257.05553581,4977144.27985671,-1.49572762024695,14.745
379,1,0,accepted,0.0339278046009319,-0.47900211800459,484257.170994851,4977142.83037841,-1.49264494431248,21.805
380,1,0,accepted,0.0592015377478541,-0.322112142290674,484257.312276982,4977141.38370658,-1.48821466272708,16.627
381,1,0,accepted,0.0864231734784565,-0.26227942678413,484257.459535249,4977139.92252936,-1.48573506944489,17.802
382,1,0,accepted,0.0987748565545619,-0.225459917770472,484257.607627556,4977138.50779423,-1.48359630036574,19.774
383,1,0,accepted,0.0807771868305584,-0.0750311079032216,484257.769081623,4977137.11862638,-1.47951775561312,27.049
384,1,0,accepted,0.0356779979433912,0.142078384193718,484257.97647349,4977135.71486934,-1.47479550553796,15.105
385,1,0,accepted,0.0176805851736738,0.0837590349111153,484258.157396633,4977134.3339207,-1.47451313711621,13.033
386,1,0,accepted,0.00794041214781177,-0.0502465999449789,484258.341537306,4977132.92328731,-1.47498130301948,14.87
387,1,0,accepted,0.0678860209814783,-0.107073669836123,484258.540971512,4977131.56719482,-1.47488260735861,15.251
388,1,0,accepted,0.0614748492635229,-0.122866359485681,484258.695948611,4977130.16246436,-1.47377895966707,16.529
389,1,0,accepted,0.0480026983829265,-0.113105633706952,484258.852117364,4977128.73831456,-1.47201610641443,11.776
390,1,0,accepted,0.08381031809353,-0.00872197590392378,484259.006850813,4977127.37052868,-1.46869281884808,11.983
391,1,0,accepted,0.0780071177612452,0.0221404500759039,484259.158146823,4977125.95401444,-1.46664178940091,13.71
392,1,0,accepted,0.080472224960266,0.0939283041582172,484259.317512749,4977124.55509233,-1.4644328412829,11.891
393,1,0,accepted,0.0830035812942262,0.056068527157291,484259.474245496,4977123.14715522,-1.46356782245683,14.904
394,1,0,accepted,0.0913664108275771,0.0763611085050635,484259.632497537,4977121.72819279,-1.46187346730108,13.675
395,1,0,accepted,0.0967983831080118,0.0848875544669432,484259.801315732,4977120.29386447,-1.46059452731415,12.038
396,1,0,accepted,0.0987063256688796,0.0828428904289523,484259.980139852,4977118.89700336,-1.45964204539884,11.519
397,1,0,accepted,0.104668011147136,0.0849894258011238,484260.161666335,4977117.47454377,-1.45848818737386,16.322
398,1,0,accepted,0.110865997138604,0.104395679979277,484260.343723051,4977116.08520836,-1.45671006428428,15.513
399,1,0,accepted,0.0910973715627019,0.145240370432956,484260.539078064,4977114.71670221,-1.45500176691115,14.777
400,1,0,accepted,0.0962511036357344,0.183372671155511,484260.723353489,4977113.32407106,-1.45312425155517,16.504
401,1,0,accepted,0.119717117718655,0.340353735027803,484260.895469728,4977111.91786721,-1.44874000036848,12.833
402,1,0,accepted,0.118107916009519,0.490976020721657,484261.08038957,4977110.5640386,-1.44448885183931,15.763
403,1,0,accepted,0.114731487589727,0.399027122013007,484261.277538155,4977109.18122666,-1.44463966060564,12.248
404,1,0,accepted,0.116326260382569,0.393378031193455,484261.470606787,4977107.79924973,-1.44274541707825,14.872
405,1,0,accepted,0.109223537596483,0.312685192922994,484261.668696273,4977106.46248131,-1.44202694424864,15.65
406,1,0,accepted,0.104486511019657,0.244322081353412,484261.871926133,4977105.11026054,-1.44096183388985,17.981
407,1,0,accepted,0.110899849325308,0.0286483012559903,484262.125654522,4977103.83134507,-1.44246722492163,13.189
408,1,0,accepted,0.0753964838748155,-0.163945184314331,484262.337154844,4977102.43919352,-1.44356477599577,13.156
409,1,0,accepted,0.0566515452291949,-0.133869825070283,484262.527712859,4977101.03711654,-1.44091993819414,14.761
410,1,0,accepted,0.0479013557218541,-0.0194583127771653,484262.728325959,4977099.65530262,-1.43664329721087,14.79
411,1,0,accepted,0.0567286676181745,0.0661387441260511,484262.924902476,4977098.30590674,-1.43289562675492,16.632
412,1,0,accepted,0.0589500957297547,0.0970708888187137,484263.136607558,4977096.95117495,-1.43079830598025,17.607
413,1,0,accepted,0.0655811121214172,0.231569469761585,484263.350546173,4977095.58856697,-1.42663112150194,19.006
414,1,0,accepted,0.0738589455096251,0.154646583200567,484263.568438551,4977094.23711104,-1.42567655514337,24.452
415,1,0,accepted,0.0802489125849002,0.222212705877197,484263.784526776,4977092.8899415,-1.42279737481279,24.854
416,1,0,accepted,0.0957692846183407,0.195414480485552,484263.996005025,4977091.54567839,-1.42107627107934,14.458
417,1,0,accepted,0.104985325098065,0.151708207802839,484264.207820341,4977090.20363894,-1.41968004495578,14.909
418,1,0,accepted,0.109157792955796,0.193177998560325,484264.422321076,4977088.89503024,-1.41729887090033,13.676
419,1,0,accepted,0.1149236664083,0.200429275341069,484264.645090598,4977087.56799451,-1.41476498638256,16.386
420,1,0,accepted,0.143945762977803,0.219976546239764,484264.857834481,4977086.2215429,-1.41246185085486,19.139
421,1,0,accepted,0.149995782967594,0.376103714114676,484265.096416612,4977084.88812953,-1.40789712253511,14.687
422,1,0,accepted,0.14815959800862,0.421054724128964,484265.340427273,4977083.55684471,-1.40549117214734,13.957
423,1,0,accepted,0.155210773666958,0.377911358215593,484265.577541885,4977082.22529767,-1.40465822015636,13.486
424,1,0,accepted,0.167326101895922,0.232224893469374,484265.806468719,4977080.91598053,-1.40546522909833,16.492
425,1,0,accepted,0.146859631579683,-0.371052863294791,484266.240216379,4977079.63200158,-1.41444148554247,13.378
426,1,0,accepted,0.146078877289966,-0.330546484651435,484266.473340765,4977078.31170267,-1.41152154165975,12.388
427,1,0,accepted,0.139072650661044,-0.220562712696767,484266.707119203,4977076.99370627,-1.40851412133835,15.924
428,1,0,accepted,0.143810425309096,0.0441120107687321,484266.944282793,4977075.66557455,-1.40229193031813,16.371
429,1,0,accepted,0.130601465901079,0.0903531183036355,484267.169049877,4977074.36001311,-1.40022185780753,14.451
430,1,0,accepted,0.0457021935813379,-0.00392162585887154,484267.42908318,4977073.15197127,-1.40008445800705,15.286
431,1,0,accepted,0.0490478428343571,-0.0835920705523487,484267.662652169,4977071.8935989,-1.39959240666622,16.816
432,1,0,accepted,0.0509879226576704,-0.111963641933165,484267.907791959,4977070.59333776,-1.39832667305276,14.071
433,1,0,accepted,0.0289418978501438,-0.0700536494217756,484268.149183921,4977069.26254002,-1.39625495792454,12.887
434,1,0,accepted,0.0151966685456716,-0.0236424769144397,484268.384699203,4977067.93029259,-1.39362118054638,13.029
435,1,0,accepted,0.0464317418846309,0.136938712485732,484268.639342187,4977066.57264203,-1.38937081801443,14.897
436,1,0,accepted,0.0689883390890678,0.144251089834252,484268.892625765,4977065.23871339,-1.38728838244464,14.084
437,1,0,accepted,0.0862244082737491,0.224448850919294,484269.159813376,4977063.9180472,-1.38415862447619,13.623
438,1,0,accepted,0.0894309627028466,0.21863929688581,484269.42544741,4977062.60391911,-1.38198793607058,15.231
439,1,0,accepted,0.0926824978420209,0.273129675921725,484269.680185356,4977061.29072154,-1.37911193523837,14.746
440,1,0,accepted,0.0884670034473298,0.195215483731196,484269.915267248,4977060.03511047,-1.37824190091934,12.299
441,1,0,accepted,0.113046346344285,0.177702043699166,484270.180312377,4977058.69603042,-1.37622103056779,14.889
442,1,0,accepted,0.104605945234597,0.129992188930366,484270.463924561,4977057.39600091,-1.37503076564732,13.306
443,1,0,accepted,0.12892601661098,0.144723465611885,484270.713095295,4977056.09164309,-1.37234428554963,11.691
444,1,0,accepted,0.118509760949139,0.157275668417653,484271.005864192,4977054.80169398,-1.37017261041286,16.939
445,1,0,accepted,0.123846275485819,0.185349864196802,484271.286511428,4977053.49642756,-1.36731868539937,17.384
446,1,0,accepted,0.118096744075231,0.224597144306138,484271.580628236,4977052.1947333,-1.36368259395856,17.771
447,1,0,accepted,0.131891789368331,0.207724557667016,484271.86040391,4977050.88753984,-1.36135828428144,15.45
448,1,0,accepted,0.142978663724551,0.236932538370612,484272.143936244,4977049.58254865,-1.35792595986959,17.371
449,1,0,accepted,0.136421075849086,0.321457193099837,484272.446129752,4977048.2952158,-1.35331515530443,13.568
450,1,0,accepted,0.0319780733692986,-0.34440597799328,484272.895558808,4977047.08179412,-1.36165724235322,19.621
451,1,0,accepted,0.0532261466592576,-0.503590603590697,484273.203386961,4977045.82082896,-1.36119189575467,17.213
452,1,0,accepted,0.0563183917765939,-0.564105951881826,484273.48939888,4977044.54914839,-1.35921882807029,16.21
453,1,0,accepted,0.063970487992009,-0.36595722669814,484273.788306732,4977043.28101561,-1.3522048707888,14.947
454,1,0,accepted,0.055353571114393,-0.120958377822749,484274.097360488,4977041.99839824,-1.34461741443909,15.7
455,1,0,accepted,0.0339554160047808,0.00629647582774525,484274.407279143,4977040.70510064,-1.33843117936561,16.956
456,1,0,accepted,0.0327570551762842,-0.0464850399765357,484274.716893367,4977039.41571041,-1.3352091139365,13.188
457,1,0,accepted,0.0279096696448285,0.164056069494761,484275.041452734,4977038.16266225,-1.32766486328819,19.362
458,1,0,accepted,0.0229389403654641,0.295347144680588,484275.374515816,4977036.90736837,-1.32116050547976,12.963
459,1,0,accepted,0.0165878778119682,0.4155518426148,484275.715087492,4977035.65977665,-1.31525774158546,13.236
460,1,0,accepted,0.0253304424740089,0.392772541865435,484276.044201654,4977034.43063661,-1.31144705516097,16.174
461,1,0,accepted,0.0323313307575856,0.312669830649551,484276.383402875,4977033.17384074,-1.30862656425648,17.959
462,1,0,accepted,0.0382838455536931,0.26772863849912,484276.720261925,4977031.95722139,-1.30517602066058,18.176
463,1,0,accepted,0.0525354771355173,0.195407478232114,484277.065571451,4977030.73679174,-1.30193731639024,20.88
464,1,0,accepted,0.189549845863954,0.148178382174127,484277.401482148,4977029.69646714,-1.29823651173295,18.973
465,1,0,accepted,0.177667845882029,0.23555507867418,484277.750937686,4977028.4663207,-1.29274269700363,19.388
466,1,0,accepted,0.168478934313129,0.311277477322334,484278.102445289,4977027.24113023,-1.28742716613811,13.815
467,1,0,accepted,0.137106474894386,0.33463065152312,484278.457784949,4977025.99621828,-1.28257028396077,15.352
468,1,0,accepted,0.143050061310371,0.429383961516566,484278.808682121,4977024.78043783,-1.27685088155173,17.831
469,1,0,accepted,0.116768952772492,0.301038779806732,484279.195205722,4977023.54702612,-1.2746942334286,14.844
470,1,0,accepted,0.117582477813154,0.356433284335286,484279.564361162,4977022.36841994,-1.26949702013355,14.698
471,1,0,accepted,0.113749453567615,0.394697099156882,484279.954034584,4977021.18968055,-1.26451481188666,13.621
472,1,0,accepted,0.112275059762647,0.384938649422713,484280.340334921,4977020.0021166,-1.26040687858515,17.495
473,1,0,accepted,0.109774785373824,0.448834183141585,484280.72393307,4977018.81070588,-1.25496534542974,15.09
474,1,0,accepted,0.104220531421588,0.458743249468003,484281.132259321,4977017.63692844,-1.250874811664,16.372
475,1,0,accepted,0.0794248205792477,0.413555373981869,484281.545871353,4977016.4294896,-1.2476287662879,13.812
476,1,0,accepted,0.0649350943518758,0.28055769911234,484281.96480183,4977015.21941159,-1.24572070770663,13.875
477,1,0,accepted,0.0854705629273574,0.481473996189209,484282.358053776,4977014.04103249,-1.23836197927972,16.581
478,1,0,accepted,0.0770522616472237,0.0445727523725347,484282.826225223,4977012.85054055,-1.24224239000407,18.338
479,1,0,accepted,0.117524400397696,0.563642890707852,484283.23471858,4977011.6552372,-1.22917018861388,18.762
480,1,0,accepted,0.12750849377979,0.467515009087587,484283.662389212,4977010.4904611,-1.22679843583339,18.019
481,1,0,accepted,0.127896302214457,0.385790023348142,484284.103950003,4977009.32839117,-1.22441568607109,17.408
482,1,0,accepted,0.128845909203166,0.394894474852693,484284.512427917,4977008.17886862,-1.22047833514699,13.805
483,1,0,accepted,0.138225912545489,0.353072742627586,484284.937650556,4977007.04201522,-1.21738273664255,14.304
484,1,0,accepted,0.14122311067945,0.302524534449302,484285.368742969,4977005.89488777,-1.21426437782101,15.828
485,1,0,accepted,0.1439609953408,0.258631482221086,484285.797082509,4977004.75979601,-1.21109826571028,13.745
486,1,0,accepted,0.152192168198949,0.246728009183303,484286.239190328,4977003.61450857,-1.20700680337021,14.819
487,1,0,accepted,0.0721810404831416,0.229750174795883,484286.713057443,4977002.55661796,-1.20407364662688,16.655
488,1,0,accepted,0.0688610778675348,0.279013972467289,484287.16104424,4977001.43082013,-1.19907585620514,19.307
489,1,0,accepted,0.0618557399128055,0.334946060955961,484287.627006282,4977000.29453676,-1.19359109194502,15.316
490,1,0,accepted,0.0353414599789663,0.310585040466646,484288.088072845,4976999.23168034,-1.19157781745459,17.152
491,1,0,accepted,0.0329829188832957,0.0457268046250744,484288.562640501,4976998.12099712,-1.19251262617911,15.7
492,1,0,accepted,0.140546945393994,-0.461875994947343,484289.15994254,4976997.07896974,-1.19753260778876,16.35
493,1,0,accepted,0.13324030163359,-0.385983102024811,484289.60967064,4976995.96755252,-1.19244872635245,15.202
494,1,0,accepted,0.120743153172017,-0.421004921745662,484290.069219589,4976994.84204587,-1.18957817419234,12.254
495,1,0,accepted,0.0964145997128491,-0.49175644132446,484290.526641059,4976993.71172245,-1.18685336096062,13.022
496,1,0,accepted,0.0764020758019522,-0.268557617371721,484290.984523517,4976992.58957711,-1.17982320012003,14.824
497,1,0,accepted,0.0543425565164579,-0.220711484743185,484291.469102191,4976991.45474355,-1.17567295076117,18.494
498,1,0,accepted,0.0393299247463503,-0.0352506830492255,484291.940010632,4976990.32939851,-1.16915428204368,18.031
499,1,0,accepted,0.0540106022932994,0.279390727447104,484292.40233663,4976989.19662353,-1.15992335538492,12.994
500,1,0,accepted,0.0350138036821043,0.073580334997956,484292.920226028,4976988.0846676,-1.15994069402821,14.48
501,1,0,accepted,0.0329711284614307,0.180996485085181,484293.424709263,4976986.95687975,-1.15458907890247,14.246
502,1,0,accepted,0.0438216305208397,0.118794651869893,484293.954824302,4976985.80537514,-1.15241311160701,14.171
503,1,0,accepted,0.0780055440211358,0.0877003090189873,484294.4714604,4976984.68234623,-1.15004012735844,14.145
504,1,0,accepted,0.12114790111991,0.0901681891693136,484295.033204317,4976983.55269298,-1.14506616315263,13.798
505,1,0,accepted,0.13928333057761,-0.00885371092985259,484295.557378688,4976982.4338593,-1.14385609629933,15.47
506,1,0,accepted,0.148271689299602,0.196479339670234,484296.090700683,4976981.32866462,-1.13703897324377,19.261
507,1,0,accepted,0.11383442618421,0.353377210005472,484296.579229957,4976980.25113498,-1.13187543925194,14.74
508,1,0,accepted,0.0987057949391986,0.498489242072334,484297.089830018,4976979.17036207,-1.1270197349814,20.464
509,1,0,accepted,0.0570920523596335,0.421098524516814,484297.572247904,4976978.13516078,-1.12616688948228,16.21
510,1,0,accepted,0.0856974971168638,0.471950325257958,484298.064313907,4976977.08861399,-1.12339703189323,16.572
511,1,0,accepted,0.111007444118931,0.51465414257765,484298.57984288,4976975.98134864,-1.12054245741341,20.221
512,1,0,accepted,0.134227501786528,0.586747651351316,484299.097292632,4976974.9084058,-1.11770646283193,18.732
513,1,0,accepted,0.138094332997435,0.547803925672623,484299.634534208,4976973.81753587,-1.11698358417118,15.915
514,1,0,accepted,0.132486612639574,0.557066268423452,484300.18327539,4976972.71275142,-1.11576089189456,17.613
515,1,0,accepted,0.119623187211571,0.508784494092549,484300.751120039,4976971.58265354,-1.11580252768031,20.724
516,1,0,accepted,0.100370259619087,0.461602844040954,484301.309750553,4976970.48332054,-1.11642554193198,17.253
517,1,0,accepted,0.0338955918948877,0.216022900865811,484301.940891798,4976969.42134799,-1.1207830793016,18.035
518,1,0,accepted,0.0108142889333625,0.0662828559489436,484302.518368166,4976968.28784039,-1.12321867131518,16.39
519,1,0,accepted,0.0204110372548651,-0.0123388554959877,484303.071505105,4976967.17140267,-1.1244994132942,16.294
520,1,0,accepted,0.028875979354635,-0.113983576284847,484303.636894579,4976966.09091077,-1.12637447526177,15.941
521,1,0,accepted,0.0323336146394181,-0.194154413142732,484304.188158511,4976964.98618258,-1.12829412955104,17.295
522,1,0,accepted,0.0351624888453106,-0.215246210741574,484304.739679794,4976963.89651448,-1.12997510382033,18.946
523,1,0,accepted,0.0275703623397303,-0.27682577527599,484305.281390249,4976962.79432304,-1.13188225071274,19.083
524,1,0,accepted,0.0202083581314018,-0.275758779725069,484305.816427328,4976961.6893534,-1.13324764841347,22.177
525,1,0,accepted,0.0621418411629044,-0.364365502492181,484306.353224945,4976960.630752,-1.136436041758,14.2
526,1,0,accepted,0.0480934277675765,-0.443431307335754,484306.880187998,4976959.510825,-1.13831838017531,15.363
527,1,0,accepted,0.0384057265319244,-0.440721553447899,484307.409086872,4976958.38313439,-1.1403808275219,13.283
528,1,0,accepted,0.0423873947128987,-0.483120977011608,484307.945371555,4976957.2522087,-1.14269365588079,15.802
529,1,0,accepted,0.0533894565237178,-0.488727157149323,484308.471989599,4976956.12870256,-1.14503467595484,14.65
530,1,0,accepted,0.073084091106919,-0.383135847588072,484309.004310492,4976954.99298929,-1.14605176821621,18.617
531,1,0,accepted,0.094771621287236,-0.256037901947333,484309.527362822,4976953.86355781,-1.14685516343437,15.503
532,1,0,accepted,0.115373285831282,-0.201370168600285,484310.061674798,4976952.72769403,-1.14913445287322,15.18
533,1,0,accepted,0.136846363352936,-0.158911627890904,484310.599127158,4976951.58171916,-1.15223645927263,12.851
534,1,0,accepted,0.134347631242944,0.0695963516242521,484311.131303125,4976950.470558,-1.15230931737295,14.032
535,1,0,accepted,0.129962530023531,0.0453186362570206,484311.654600804,4976949.35699887,-1.15637275319933,13.331
536,1,0,accepted,0.133680703980465,0.0465048131235267,484312.162216862,4976948.23900042,-1.15985540454918,13.722
537,1,0,accepted,0.119789958343363,0.120083994864047,484312.668501963,4976947.13648956,-1.16247400686072,13.814
538,1,0,accepted,0.130618624567483,0.0098181499804222,484313.166355681,4976946.00668629,-1.16757027383527,13.5
539,1,0,accepted,0.134597580163384,0.0838572788819545,484313.660771611,4976944.8753027,-1.1700331062311,15.148
540,1,0,accepted,0.126521522809754,0.226530510490507,484314.145321076,4976943.7705809,-1.17172905087899,15.991
541,1,0,accepted,0.122840111243382,0.305195432376691,484314.639467201,4976942.64664713,-1.1740535650842,15.518
542,1,0,accepted,0.131293388098903,0.306303300207855,484315.114168265,4976941.53073281,-1.17792367650364,14.26
543,1,0,accepted,0.139663157860152,0.26579353718663,484315.582236402,4976940.39862579,-1.18212285305512,17.23
544,1,0,accepted,0.13317601592049,0.259171000836423,484316.060182457,4976939.29353253,-1.18570774572944,17.42
545,1,0,accepted,0.141023445925836,0.311340617798599,484316.528404782,4976938.16846195,-1.18825060172376,17.867
546,1,0,accepted,0.178218449761235,0.396163128905636,484316.963311631,4976937.09543175,-1.19049778832644,17.89
547,1,0,accepted,0.20382700712457,0.497440575197614,484317.407245573,4976935.95801187,-1.19232164611616,22.606
548,1,0,accepted,0.115947153853876,0.0190923235591216,484317.961114517,4976934.81972507,-1.20427133559925,15.843
549,1,0,accepted,0.0731238028566426,-0.278920400819315,484318.473658854,4976933.66400701,-1.21321282233261,18.205
550,1,0,accepted,0.0908144169717245,-0.21237999385809,484318.90094211,4976932.53205746,-1.21563145267239,15.504
551,1,0,accepted,0.135076354018073,0.00912545071061537,484319.307421667,4976931.3803725,-1.21592099332573,16.206
552,1,0,accepted,0.170549361568504,0.363552864347428,484319.72190536,4976930.22888766,-1.21343996835245,13.499
553,1,0,accepted,0.166501954882311,0.407435868258157,484320.170730878,4976929.05373778,-1.21637811187196,15.773
554,1,0,accepted,0.109765895695418,0.375314665410292,484320.675837773,4976927.94907652,-1.22072712965237,15.212
555,1,0,accepted,0.0932342399282573,0.351536564980995,484321.134324292,4976926.80494272,-1.2247048831827,14.715
556,1,0,accepted,0.0706052679225419,0.320453302864404,484321.577174125,4976925.65474909,-1.22863013684491,16.919
557,1,0,accepted,0.0355428038238081,0.20979702875935,484322.034424354,4976924.46126953,-1.23437242014972,13.857
558,1,0,accepted,0.0413520732947359,0.206723004881204,484322.472951698,4976923.27439058,-1.23815223395393,12.881
559,1,0,accepted,0.0754694795810789,0.222320154605579,484322.892690626,4976922.06740937,-1.24131974081973,14.413
560,1,0,accepted,0.0731995811739208,0.219826551834352,484323.316645632,4976920.9051592,-1.24526112503992,14.534
561,1,0,accepted,0.0683519129876143,0.23749842060892,484323.722812058,4976919.7534653,-1.24840878267246,15.607
562,1,0,accepted,0.0592020294911008,0.206361959919353,484324.128811248,4976918.59314749,-1.25232302578659,19.778
563,1,0,accepted,0.0512020955191393,0.141973185523237,484324.528827262,4976917.44852162,-1.25730583354581,19.159
564,1,0,accepted,0.0632474030462394,0.0856524858734567,484324.927261042,4976916.26734652,-1.26151435702312,14.446
565,1,0,accepted,0.0752389174432956,0.061906981163946,484325.318594149,4976915.09409525,-1.26528087814457,14.007
566,1,0,accepted,0.0716600975278409,0.0618307177971662,484325.705829309,4976913.93122192,-1.26836912247839,13.755
567,1,0,accepted,0.0742621999768837,0.0812014741443045,484326.082005104,4976912.76041819,-1.27144106604326,14.977
568,1,0,accepted,0.0436729450039554,0.00144257784949959,484326.486813154,4976911.61833262,-1.2760449219812,17.59
569,1,0,accepted,0.0158778577598753,-0.139518227063762,484326.892271851,4976910.47715789,-1.28174974045338,14.394
570,1,0,accepted,0.0372101098637215,-0.318763630929316,484327.295640443,4976909.3298413,-1.287866005174,13.467
571,1,0,accepted,0.0483152390213314,-0.419514409914568,484327.675231005,4976908.17163262,-1.29264802836091,11.653
572,1,0,accepted,0.0944359209132659,-0.734840127619982,484328.086846884,4976907.00971806,-1.30115524269043,15.356
573,1,0,accepted,0.103436358661402,-0.779227180536209,484328.460135222,4976905.84041995,-1.30481402644683,12.9
574,1,0,accepted,0.0892580390876162,-0.602742022191064,484328.807493989,4976904.65744437,-1.3044738565599,15.867
575,1,0,accepted,0.08081474602215,-0.523294370189457,484329.147050281,4976903.49377791,-1.30581417753557,15.731
576,1,0,accepted,0.0802279483971605,-0.381520512326859,484329.471311264,4976902.34007868,-1.30590542479887,11.825
577,1,0,accepted,0.0628085726777427,-0.441812941476538,484329.800364375,4976901.15030074,-1.30951710123648,13.864
578,1,0,accepted,0.0634869561591949,-0.379491105860576,484330.121764232,4976899.97126279,-1.31043786747323,19.371
579,1,0,accepted,0.0695873392782866,-0.281164726548525,484330.434878431,4976898.77582876,-1.31103600102434,15.161
580,1,0,accepted,0.0669449956418734,-0.221724279671042,484330.823869273,4976897.62380938,-1.31163861480366,18.745
581,1,0,accepted,0.0685005376009543,-0.343101671195446,484331.181576549,4976896.44442796,-1.31526659904058,15.062
582,1,0,accepted,0.0814607826203727,-0.401080197896717,484331.538115636,4976895.26582518,-1.31775014794872,15.947
583,1,0,accepted,0.0791401011590797,-0.340449617033701,484331.863367479,4976894.1086062,-1.31876010059699,15.095
584,1,0,accepted,0.0906624884776516,-0.277876882157126,484332.188024896,4976892.94085519,-1.31918688966021,15.88
585,1,0,accepted,0.0826462375597049,-0.233736964776824,484332.504677719,4976891.75595186,-1.32008840333778,12.546
586,1,0,accepted,0.0269953529698692,-0.292954197765855,484332.820771334,4976890.51004233,-1.32262663106127,14.028
587,1,0,accepted,0.0395223548377693,-0.351061055464765,484333.133972344,4976889.2995359,-1.32503424859861,14.453
588,1,0,accepted,0.066779467475039,-0.293625644175464,484333.443692152,4976888.10028423,-1.32551228122067,12.564
589,1,0,accepted,0.155148190204089,-0.304720084964771,484333.73647046,4976886.83966501,-1.32703162437619,11.311
590,1,0,accepted,0.108652917262585,-0.329163693159709,484334.073381898,4976885.71524123,-1.32897500459633,11.619
591,1,0,accepted,0.122032645401927,-0.276043753031623,484334.378165814,4976884.54022016,-1.32949962991659,9.142
592,1,0,accepted,0.143382870210945,-0.279774098972238,484334.677163359,4976883.35873293,-1.33102224539026,9.748
593,1,0,accepted,0.165275180399374,-0.271149923984134,484334.974944081,4976882.17911078,-1.33221111235613,11.021
594,1,0,accepted,0.171434022852254,-0.23335891839568,484335.280399251,4976881.0158135,-1.33310089383602,9.984
595,1,0,accepted,0.181646822201565,-0.204429725014876,484335.584515877,4976879.84042807,-1.33413190724596,9.48
596,1,0,accepted,0.186927714815182,-0.195890429146934,484335.890886523,4976878.67976333,-1.33554905396384,10.689
597,0,1,acceptedDirectional,0.14149765669168,-0.308414719843091,484336.254241214,4976877.5273596,-1.33900947530304,10.982
598,0,1,acceptedDirectional,0.177162663820076,-0.235349887688096,484336.543535015,4976876.36767881,-1.33870876812808,9.668
599,1,0,accepted,0.2239825564554,0.691954878700225,484336.912789124,4976875.51928783,-1.32380201418262,10.421
600,1,0,accepted,0.22951078325889,0.903123503088947,484337.231578786,4976874.37484027,-1.32180385174546,9.74
601,1,0,accepted,0.215974878647339,0.802719340702406,484337.581880908,4976873.22873345,-1.32510230750039,11.41
602,1,0,accepted,0.202437012483527,0.635330842254497,484337.933002757,4976872.08992821,-1.3296874080682,8.903
603,1,0,accepted,0.174754824061885,0.500572229391277,484338.244419406,4976870.92950119,-1.3338795447181,12.62
604,1,0,accepted,0.16397751474203,0.540291530954773,484338.518427411,4976869.77593449,-1.33528922956286,10.792
605,1,0,accepted,0.150037492624037,0.424949206597167,484338.814625976,4976868.62490498,-1.33903983178162,8.549
606,1,0,accepted,0.147420523915941,0.424910485011447,484339.091222278,4976867.46824994,-1.34125902036494,10.854
607,1,0,accepted,0.160267899579905,0.43440543596307,484339.354937663,4976866.30358618,-1.34365282234006,13.264
608,1,0,accepted,0.131198104177265,0.248993929869331,484339.656334806,4976865.15554792,-1.34941946580918,12.542
609,1,0,accepted,0.110495315016674,0.109000149085163,484339.941000126,4976864.01793874,-1.35459123638925,12.248
610,1,0,accepted,0.118328709745926,0.314457920907175,484340.20124245,4976862.88038108,-1.3542259119711,10.465
611,1,0,accepted,0.121643660291729,0.515757600426191,484340.46496711,4976861.7336956,-1.35419130217961,10.971
612,1,0,accepted,0.117638000163067,0.697695373805162,484340.707596164,4976860.66309188,-1.35447277609631,10.613
613,1,0,accepted,0.100524429744323,0.682853747174346,484340.985400746,4976859.50460129,-1.35876367840901,9.906
614,1,0,accepted,0.099123225150849,0.902844936592892,484341.242538897,4976858.37045956,-1.35945336302932,11.328
615,1,0,accepted,0.111526173834509,1.01064300756153,484341.490905905,4976857.22229182,-1.36304968274366,10.493
616,1,0,accepted,0.18338683530102,0.12722192801191,484341.725769597,4976856.00603469,-1.38480353870923,10.346
617,1,0,accepted,0.209423975968338,-0.118106289405372,484341.951764889,4976854.86166025,-1.39592821828297,9.898
618,1,0,accepted,0.217340830050483,-0.0225130859846919,484342.175215789,4976853.71670409,-1.40141191384428,9.274
619,1,0,accepted,0.187876151503278,0.52143702380714,484342.401763909,4976852.62490433,-1.40000301015642,10.083
620,1,0,accepted,0.155870626130408,0.792992663537954,484342.632736373,4976851.53540375,-1.40336859737417,10.152
621,1,0,accepted,0.117495555597432,0.94787795322227,484342.868968101,4976850.44825493,-1.40961558200269,10.253
622,1,0,accepted,0.125993579876918,0.934100208110687,484343.056081738,4976849.32853443,-1.41978794090156,10.596
623,1,0,accepted,0.158286410968909,0.778966308960899,484343.219297569,4976848.18960446,-1.43402655618002,9.661
624,1,0,accepted,0.163555689947372,0.773399494632073,484343.394256107,4976847.05681057,-1.44575043214439,8.271
625,1,0,accepted,0.158932243897815,0.866238952497638,484343.566364387,4976845.91761354,-1.45629560204433,9.033
626,0,1,acceptedDirectional,0.0752723115858141,0.0745582815589373,484343.830303423,4976844.79133074,-1.48233781454225,11.138
627,0,1,acceptedDirectional,0.0988162940790794,-0.378298289403812,484344.058114116,4976843.6407358,-1.50223401987078,11.43
628,0,1,acceptedDirectional,0.0906336913292897,-0.148975038319319,484344.142891891,4976842.51283226,-1.5102698647278,10.397
629,0,1,acceptedDirectional,0.109713631075016,-0.218183937430061,484344.263981115,4976841.37100769,-1.52394314731175,12.862
630,1,0,accepted,0.165848815742767,-0.134509032887021,484344.434074161,4976840.42145154,-1.53419332680945,15.591
631,1,0,accepted,0.148027645908462,0.277812013644804,484344.42221944,4976839.33596088,-1.53950292651464,17.591
632,1,0,accepted,0.144188988930065,0.425819002238493,484344.449832585,4976838.20390164,-1.54952780188753,16.446
633,1,0,accepted,0.158727526788061,0.417190745811112,484344.489624669,4976837.08572787,-1.56066136438491,13.139
634,1,0,accepted,0.143263212802258,0.216408856268379,484344.533505383,4976835.94416861,-1.57549443904388,14.781
635,1,0,accepted,0.135412009905361,0.178422514244163,484344.53795251,4976834.80648043,-1.58636663619804,14.156
636,1,0,accepted,0.14234117836925,0.332829507884478,484344.505396314,4976833.68450836,-1.59315871135978,13.959
637,1,0,accepted,0.123710180202777,0.19057870819697,484344.505538179,4976832.53447729,-1.60410754069125,12.667
638,1,0,accepted,0.0852547805616418,-0.1539484089801,484344.521657102,4976831.35207873,-1.61734523538392,17.042
639,1,0,accepted,0.0805987831187364,-0.0108678753745158,484344.455899689,4976830.22357761,-1.62099428225103,16.872
640,1,0,accepted,0.0745761103142645,0.000743442107315657,484344.393309676,4976829.0628406,-1.62611816347782,13.941
641,1,0,accepted,0.0695860760940877,0.00354655645561192,484344.334063778,4976827.91404697,-1.63107764726503,13.9
642,1,0,accepted,0.0937038601892491,0.153487919559743,484344.251379292,4976826.76265663,-1.63323617235686,17.417
643,1,0,accepted,0.0996537790854663,0.186622602457197,484344.189398174,4976825.60609488,-1.63726369363838,14.339
644,1,0,accepted,0.087907768623888,-0.108692140819096,484344.143580683,4976824.42286047,-1.64627371680456,18.346
645,1,0,accepted,0.0872259314676023,-0.0481061138581849,484344.081068305,4976823.26532163,-1.64877665141369,18.703
646,1,0,accepted,0.0863772372824874,-0.0519617984883825,484344.013133641,4976822.12299815,-1.6524928691115,15.797
647,1,0,accepted,0.0757140499357827,-0.2831881505223,484343.957222502,4976820.95882841,-1.6600080373238,16.476
648,1,0,accepted,0.0884749451798963,-0.164927698948475,484343.870675473,4976819.79762316,-1.66093580562663,14.861
649,1,0,accepted,0.0677171650622024,-0.133747731059131,484343.80869128,4976818.64509636,-1.66272815572495,21.301
650,1,0,accepted,0.075178888787096,-0.150872748935011,484343.721193498,4976817.4672745,-1.66467684757206,16.489
651,1,0,accepted,0.116670963638274,-0.0456241140103376,484343.601142864,4976816.27261358,-1.66444823824811,17.389
652,1,0,accepted,0.124826802079574,-0.0591065570083513,484343.514725406,4976815.08427501,-1.6652615255396,13.352
653,1,0,accepted,0.131694291277372,-0.0673706766255195,484343.412173691,4976813.89784847,-1.66592890120806,14.398
654,1,0,accepted,0.127470917316875,-0.0251585707063531,484343.316073579,4976812.74637011,-1.66568396787092,11.879
655,1,0,accepted,0.140379570853511,0.0200991075336718,484343.212758547,4976811.55318294,-1.6653579255968,12.08
656,1,0,accepted,0.159548583921489,0.0650112493159858,484343.11293562,4976810.34343698,-1.66503421445808,13.022
657,1,0,accepted,0.130547463345912,0.00214354421967398,484343.025292724,4976809.19484909,-1.66628300000548,14.028
658,1,0,accepted,0.145262216171578,0.00303489564919753,484342.926965422,4976807.96724915,-1.66649164608811,13.454
659,1,0,accepted,0.0817655632188239,-0.318053627846091,484342.919165532,4976806.77725366,-1.67233070653875,11.745
660,1,0,accepted,0.11236681481479,-0.28102650675057,484342.811048741,4976805.55289648,-1.67212229200797,12.516
661,1,0,accepted,0.118542294924615,-0.161502390479663,484342.684715734,4976804.36324465,-1.67034040825728,15.84
662,1,0,accepted,0.127257485976102,-0.112463334483401,484342.574534561,4976803.15464918,-1.67000716025308,11.132
663,1,0,accepted,0.13422299998049,-0.0151046299805603,484342.455246805,4976801.95925942,-1.66922775225109,11.903
664,1,0,accepted,0.132415089836654,0.012953475455111,484342.33951257,4976800.7795777,-1.66886246858022,17.363
665,1,0,accepted,0.145892536902092,0.0583274076836485,484342.233786389,4976799.54477983,-1.66882180406919,21.533
666,1,0,accepted,0.186064998045696,0.334764676621114,484342.082813646,4976798.34398638,-1.66473589216509,18.181
667,1,0,accepted,0.210523549502306,0.394182613754027,484341.965710955,4976797.10216115,-1.66469252209239,18.364
668,1,0,accepted,0.202820812103797,0.266828747292426,484341.877662593,4976795.86717188,-1.66770692783494,20.593
669,1,0,accepted,0.0971423267590796,-0.0513741505501792,484341.889419789,4976794.65815137,-1.67400232069999,14.014
670,1,0,accepted,0.0276799440638632,-0.200791127682323,484341.837301714,4976793.47595066,-1.67698514711574,12.972
671,1,0,accepted,0.0207063193967767,-0.347096134780225,484341.771157836,4976792.26115998,-1.67994818731198,13.46
672,1,0,accepted,0.0135424103713237,-0.289045892262833,484341.655025118,4976791.028364,-1.67967714633643,10.943
673,1,0,accepted,0.0292860494666917,-0.20465026508907,484341.540834304,4976789.78056927,-1.67893442747165,11.316
674,1,0,accepted,0.0295856509930704,-0.171027927024713,484341.419612254,4976788.55559691,-1.67890229109384,11.473
675,1,0,accepted,0.0654086351070792,-0.0605776138592164,484341.274429942,4976787.30611629,-1.67728031534292,10.914
676,1,0,accepted,0.0775782164526308,-0.0229349737884393,484341.151613755,4976786.07053059,-1.67703784282375,11.256
677,1,0,accepted,0.0941859917060785,0.00455742339325471,484341.025292953,4976784.82910316,-1.67717074690928,13.257
678,1,0,accepted,0.0824982577274246,-0.0451032334136538,484340.916133169,4976783.60780162,-1.67877261437543,11.083
679,1,0,accepted,0.0761299621371806,0.00686539521092346,484340.813830838,4976782.34691564,-1.67845544883864,11.611
680,1,0,accepted,0.0516415118792534,0.0492469813779125,484340.721910206,4976781.14355984,-1.67854803989404,13.852
681,1,0,accepted,0.0537285390353576,0.0598201618400284,484340.604081377,4976779.89998037,-1.67857638542065,13.154
682,1,0,accepted,0.0627746344280588,0.104167329618802,484340.571190786,4976778.73348179,-1.67850090336549,12.715
683,1,0,accepted,0.0726337000539427,0.111178741621227,484340.457997592,4976777.4952472,-1.67860628072308,12.022
684,1,0,accepted,0.100124744974412,0.111489294268281,484340.344141364,4976776.27446615,-1.6790175308316,13.808
685,1,0,accepted,0.117388456830063,0.132695889310059,484340.21496954,4976775.05100211,-1.67875087660378,17.794
686,1,0,accepted,0.139889153653941,0.0936938602987746,484340.108678203,4976773.81417337,-1.67964212138126,14.909
687,1,0,accepted,0.122963431353727,0.152036769724996,484339.966746691,4976772.57513692,-1.67891059446055,14.775
688,1,0,accepted,0.117278835086859,0.165795610517627,484339.833601531,4976771.31798912,-1.67905736417163,13.752
689,1,0,accepted,0.109251841786859,0.177285256150288,484339.699181342,4976770.05928402,-1.67906448253045,13.081
690,1,0,accepted,0.0883864698183507,0.133037232895242,484339.574695256,4976768.78072597,-1.68005986612237,14.564
691,1,0,accepted,0.0789489617206524,0.172073575784776,484339.435504152,4976767.50849147,-1.67970451027013,13.127
692,1,0,accepted,0.0753172750232021,0.140203319888898,484339.302786817,4976766.23834501,-1.68012227197714,12.642
693,1,0,accepted,0.0651227491061108,0.180290383245927,484339.178042664,4976764.98533588,-1.67963773033828,12.486
694,1,0,accepted,0.0522443895512787,0.193488452802086,484339.052348618,4976763.70543671,-1.67997495065577,15.438
695,1,0,accepted,0.0643806633978147,0.393671655534024,484338.915154242,4976762.4400692,-1.67738128282558,9.043
696,1,0,accepted,0.070418483519212,0.435474142896459,484338.79412219,4976761.15010858,-1.67746183421579,10.208
697,1,0,accepted,0.0912673270142512,0.539426681589127,484338.667956,4976759.86558885,-1.67621825133449,9.228
698,1,0,accepted,0.112827016333615,0.579728773378328,484338.542694938,4976758.59346107,-1.67618245736215,9.4
699,1,0,accepted,0.127841327328264,0.446922755530576,484338.415490525,4976757.31564982,-1.67927965745601,10.739
700,1,0,accepted,0.14355645984912,0.475077923235709,484338.287852575,4976756.06938707,-1.67974913899903,10.045
701,1,0,accepted,0.15912266753655,0.551109732698822,484338.155092853,4976754.81374469,-1.6791403735415,12.058
702,1,0,accepted,0.193464063000656,0.277880841583709,484338.004894854,4976753.54448649,-1.68476596321845,11.777
703,1,0,accepted,0.222273803781668,0.227251768503681,484337.853075144,4976752.28426045,-1.68604319257444,9.41
704,1,0,accepted,0.26301793210278,0.132384365689024,484337.69056853,4976751.01578865,-1.68893142901628,9.941
705,1,0,accepted,0.169911841617652,0.194946451663589,484337.610588668,4976749.85840884,-1.68809686648145,12.854
706,1,0,accepted,0.112647833643218,0.221984283590183,484337.505766025,4976748.69071114,-1.68811954189159,12.196
707,1,0,accepted,0.0756621273988882,0.185797098557258,484337.401329644,4976747.51884604,-1.68972161583825,11.077
708,1,0,accepted,0.0991751258270186,0.238870248969019,484337.284080502,4976746.35189137,-1.68968972437227,11.423
709,1,0,accepted,0.177977282766713,0.1762085440297,484337.232763634,4976745.21682375,-1.6916317906709,9.452
710,1,0,accepted,0.179584837050358,0.272402983880498,484337.06733342,4976743.98739179,-1.69135174437487,11.526
711,1,0,accepted,0.104063837458809,0.242272773443445,484336.878353646,4976742.66919427,-1.69368200634162,10.155
712,1,0,accepted,0.110695107925598,0.255722895804856,484336.699473506,4976741.29255824,-1.69553711194039,16.542
713,1,0,accepted,0.0979227216030035,0.378652282323898,484336.568438925,4976740.1708375,-1.69633891517817,11.284
714,1,0,accepted,0.0961536680816489,0.0820781100745885,484336.439608835,4976738.84983108,-1.70388580752345,19.822
715,1,0,accepted,0.0816467498678091,-0.135818758636011,484336.314480767,4976737.60790585,-1.71145285039204,14.376
716,1,0,accepted,0.102238518609134,0.0151915826858653,484336.139039989,4976736.38142812,-1.71283955038598,14.068
717,1,0,accepted,0.0744887355918076,0.0365939127855805,484335.992095639,4976735.23510281,-1.71716212895027,11.207
718,1,0,accepted,0.0791724149381834,0.0115572506806697,484335.832207568,4976734.00398972,-1.72307994872903,10.321
719,1,0,accepted,0.112474431163161,0.28125145741121,484335.640711719,4976732.76239328,-1.72409904401344,11.752
720,1,0,accepted,0.133269374370489,0.539317544626302,484335.453758449,4976731.5664255,-1.72597109904267,10.166
721,1,0,accepted,0.132458738138373,0.779464222366605,484335.284746594,4976730.34066066,-1.72776902710224,11.647
722,1,0,accepted,0.144103424369699,0.637339714130144,484335.111957184,4976729.09566137,-1.7361091110928,11.02
723,1,0,accepted,0.13987880725683,0.404007562359209,484334.949845069,4976727.87170497,-1.7462064368279,15.711
724,1,0,accepted,0.134866410635977,0.359711545767108,484334.76889798,4976726.66958334,-1.75324265439466,13.128
725,1,0,accepted,0.150149984958397,0.195413457606763,484334.551684932,4976725.47171859,-1.76278180732823,15.344
726,1,0,accepted,0.148045798452505,0.15836308681906,484334.346775819,4976724.29229648,-1.77017710550737,12.755
727,1,0,accepted,0.15280690945317,0.255287958152847,484334.115601735,4976723.09145936,-1.77458934137789,21.48
728,1,0,accepted,0.151021736959045,0.327112936243595,484333.886200398,4976721.91328761,-1.77971290320644,15.237
729,1,0,accepted,0.148161495698195,0.393909888304152,484333.650042735,4976720.74908515,-1.78496226632135,17.583
730,1,0,accepted,0.0665886251547675,0.328191187484083,484333.452291238,4976719.65631195,-1.79097494412522,20.688
731,1,0,accepted,0.0386360711725458,0.438112665447508,484333.221387518,4976718.51692865,-1.79537144422733,18.463
732,1,0,accepted,0.0231433183383528,0.398507948313726,484332.983744343,4976717.36688869,-1.80105694781176,14.671
733,1,0,accepted,0.106679246502823,0.15419544452515,484332.821668928,4976716.25856877,-1.81007239327432,17.036
734,1,0,accepted,0.108563021649999,0.0656387030579734,484332.571937679,4976715.10043876,-1.81612307671027,15.111
735,1,0,accepted,0.106962644825526,0.0458034220434407,484332.30549103,4976713.9486433,-1.82026329842524,11.316
736,1,0,accepted,0.099508935762684,-0.0439519432792736,484332.030387254,4976712.77840083,-1.8254225268475,13.864
737,1,0,accepted,0.084017366405165,-0.0233652798615066,484331.740318994,4976711.63482282,-1.82837899492645,12.694
738,1,0,accepted,0.0725187056075955,0.105083593464383,484331.438405334,4976710.49700505,-1.82946601786914,13.81
739,1,0,accepted,0.0728679345760704,0.0984131880469531,484331.157667391,4976709.36760176,-1.83257785729084,15.828
740,1,0,accepted,0.0215763770922089,0.228220908322318,484330.840654373,4976708.18815892,-1.83288505612866,13.802
741,1,0,accepted,0.0315844093911165,0.306929622056027,484330.534790373,4976707.04840763,-1.83349980462764,14.582
742,1,0,accepted,0.0386651170748289,0.203132756326698,484330.240786256,4976705.91654875,-1.83723649358568,13.551
743,1,0,accepted,0.0558370708691336,0.120141205888478,484329.935397096,4976704.78626992,-1.83997697465663,12.898
744,1,0,accepted,0.0739037230448046,0.0118046186523453,484329.632478606,4976703.67759307,-1.84298392850969,11.872
745,1,0,accepted,0.0908884519487454,-0.0684441121753655,484329.329850379,4976702.56585551,-1.84557754232552,12.741
746,1,0,accepted,0.105312217624918,-0.0936322979115315,484329.019276094,4976701.42479502,-1.84714167527756,12.656
747,1,0,accepted,0.115968354130716,-0.0195151971875987,484328.719572501,4976700.28636667,-1.84679717463938,13.37
748,1,0,accepted,0.143589477151953,-0.134984926565238,484328.401568769,4976699.15759601,-1.84945999730345,11.811
749,1,0,accepted,0.164390049276188,0.0590879921801516,484328.087948123,4976698.06163497,-1.84705370219611,13.056
750,1,0,accepted,0.125111936016832,0.60674190113212,484327.839235686,4976697.00685499,-1.83767833705936,13.395
751,1,0,accepted,0.132240905125165,0.732047803755857,484327.543421748,4976695.91685199,-1.83604720970205,13.102
752,1,0,accepted,0.141498305272532,0.82999882533654,484327.242277714,4976694.82090126,-1.83512951318602,12.06
753,1,0,accepted,0.130580003291942,0.794531702941341,484326.969341329,4976693.73951489,-1.83578437843417,13.786
754,1,0,accepted,0.0830403902480187,0.693808066817374,484326.710593391,4976692.60961734,-1.83849665485563,15.545
755,1,0,accepted,0.0798516838233915,0.666111356214771,484326.422884056,4976691.51945814,-1.83922921020906,12.744
756,1,0,accepted,0.0713317467222679,0.600266360159037,484326.144864585,4976690.43923195,-1.84071906629434,12.178
757,1,0,accepted,0.0851315648402836,0.598105550231534,484325.852144187,4976689.37307736,-1.84089717002324,12.963
758,1,0,accepted,0.103283355656411,0.597717165234568,484325.549517691,4976688.29991656,-1.84144342521183,12.885
759,1,0,accepted,0.10758849324316,0.567342025350854,484325.255162283,4976687.21825361,-1.84147582757565,12.23
760,1,0,accepted,0.140831041145792,0.407349896634077,484324.943052974,4976686.17087627,-1.84281289607786,13.965
761,1,0,accepted,0.128793024227192,0.322228389110191,484324.658792066,4976685.08016926,-1.84292344602925,13.237
762,1,0,accepted,0.161748129627119,0.313174864121211,484324.395887785,4976684.07468117,-1.84007907496974,14.917
763,1,0,accepted,0.173624565582739,0.393802660745703,484324.115850015,4976683.02515882,-1.83510673214957,16.19
764,1,0,accepted,0.186350292113069,0.399989183879261,484323.836346619,4976681.98950281,-1.83066021441811,15.835
765,1,0,accepted,0.199574592472983,0.370543172241844,484323.558848996,4976680.95664091,-1.82667785497476,16.103
766,1,0,accepted,0.20717631283047,0.320135782633421,484323.284249914,4976679.91645726,-1.82303183695891,14.327
767,1,0,accepted,0.21562811580162,0.356859966929157,484323.01211376,4976678.89821397,-1.81747888677288,14.219
768,1,0,accepted,0.225039383027024,0.172301573550816,484322.730468953,4976677.86737819,-1.81512493443087,13.201
769,1,0,accepted,0.235186020058259,0.0541044012147249,484322.449609134,4976676.8214578,-1.81133600820434,15.185
770,1,0,accepted,0.244639245227542,-0.273669544388764,484322.169279965,4976675.71417382,-1.80979382577607,17.106
771,1,0,accepted,0.156939589637197,0.162281219875894,484322.072265245,4976674.79968967,-1.79468340827393,19.681
772,1,0,accepted,0.170315217444658,0.567610251770348,484321.818011741,4976673.77905244,-1.7795024986668,17.445
773,1,0,accepted,0.145031573057803,0.346380681165646,484321.629806899,4976672.77007936,-1.77490149744637,18.749
774,1,0,accepted,0.122029938147834,0.549474578672368,484321.459946357,4976671.80601142,-1.76189852206741,23.229
775,1,0,accepted,0.0935266102648515,0.494645688307862,484321.31842353,4976670.91343978,-1.75392091964898,25.463
776,1,0,accepted,0.144508165032385,-0.28012671692664,484321.280320102,4976670.08373095,-1.75706664341918,19.633
777,1,0,accepted,0.0846835031996613,0.0877853689130992,484321.059388366,4976669.07872711,-1.73938957282967,15.719
778,1,0,accepted,0.058362125913928,0.257942516233847,484320.87525771,4976668.12079489,-1.72512348314175,13.982
779,1,0,accepted,0.205981527158361,0.976542196608551,484320.624074902,4976667.02521106,-1.70076744035539,21.606
780,1,0,accepted,0.0300583082420389,0.106648230119336,484320.6153954,4976666.2650719,-1.70366251713478,18.763
781,1,0,accepted,0.172002293853248,0.819172956186548,484320.400349716,4976665.23443234,-1.67859040123361,15.312
782,1,0,accepted,0.0489070031124981,0.102626045030849,484320.367859287,4976664.44846779,-1.67776246717421,15.748
783,1,0,accepted,0.0618797997998652,-0.016172485883125,484320.263003312,4976663.56591395,-1.66590463451051,15.414
784,1,0,accepted,0.0769328477988714,0.00321954179956976,484320.169018117,4976662.69348174,-1.65076272465608,14.458
785,1,0,accepted,0.0917891241125306,-0.113510890237654,484320.087267076,4976661.82599852,-1.63759919353127,14.296
786,1,0,accepted,0.0866465360826311,0.174440153052249,484320.045832444,4976660.9557032,-1.6169814582158,15.58
787,1,0,accepted,0.0853581576699534,0.278466316556764,484320.018974331,4976660.0949593,-1.59824675936591,16.025
788,1,0,accepted,0.109389144618283,0.650204235889428,484319.998708189,4976659.23249975,-1.57448098196931,15.887
789,1,0,accepted,0.0985017340989122,0.736592797077055,484319.999352835,4976658.4153975,-1.5546435144383,15.943
790,1,0,accepted,0.0586677889500115,0.459895836379143,484319.995034361,4976657.70222697,-1.54049890594684,18.091
791,1,0,accepted,0.0974196793829785,0.458148268065725,484319.96746035,4976656.88584938,-1.52099445374142,18.823
792,1,0,accepted,0.0969310517069426,0.238947227018777,484320.007065144,4976656.10301162,-1.50459833489905,19.686
793,1,0,accepted,0.10591951727312,-0.0769030487418742,484320.063388837,4976655.33017956,-1.48902086403287,20.153
794,1,0,accepted,0.102138294145452,-0.146506957207197,484320.12381592,4976654.52095587,-1.46870782771971,19.223
795,1,0,accepted,0.108419989703418,-0.148701249552828,484320.191801055,4976653.70773047,-1.44625799434884,18.885
796,1,0,accepted,0.107354842464693,-0.187763812685865,484320.287673868,4976652.91755104,-1.42413285014188,16.201
797,1,0,accepted,0.100317927049328,-0.146489413657943,484320.401426323,4976652.11963295,-1.39973477556615,16.188
798,1,0,accepted,0.0870785627887428,-0.200880047826847,484320.527041113,4976651.33736175,-1.37694413687671,13.337
799,1,0,accepted,0.0758747347872046,-0.145946247014921,484320.684522193,4976650.54097176,-1.35189899407209,13.8
800,1,0,accepted,0.0854385906248833,-0.168358292143424,484320.848540519,4976649.76435038,-1.32815450424804,13.564
801,1,0,accepted,0.0978783620247471,-0.395062658722865,484321.004774579,4976649.02109754,-1.30845702659411,15.239
802,1,0,accepted,0.122001617299774,-0.290656564088197,484321.200540996,4976648.25924189,-1.28291998556433,14.965
803,1,0,accepted,0.182046481021404,0.0807939623296933,484321.442327346,4976647.46627255,-1.25252756688668,16.438
804,1,0,accepted,0.232190621399485,0.397315212702769,484321.682067466,4976646.71271911,-1.22370068959727,15.493
805,1,0,accepted,0.250962104488064,0.345596322328461,484321.928514455,4976645.98836232,-1.20106954076969,16.936
806,1,0,accepted,0.275477406752373,0.522299460447209,484322.205006635,4976645.2773768,-1.17480333435568,15.526
807,1,0,accepted,0.174936134966042,0.709964810200319,484322.410253652,4976644.67769548,-1.14840326988038,17.803
808,1,0,accepted,0.12159673588587,1.48300369660394,484322.669240551,4976644.03347176,-1.11190432391826,20.245
809,1,0,accepted,0.147405812942926,1.40134217158995,484323.017995771,4976643.32820963,-1.09100821897228,22.306
810,1,0,accepted,0.158840022504478,0.607449126373249,484323.376304139,4976642.6411105,-1.08197211005038,30.295
811,1,0,accepted,0.163509788271958,0.561580672332955,484323.721334828,4976641.9742617,-1.06020544161009,21.299
812,1,0,accepted,0.151107845334932,0.289988428958762,484324.063786301,4976641.32823337,-1.04263986920558,16.058
813,1,0,accepted,0.114560477228412,0.459999010574777,484324.412373778,4976640.71439392,-1.01729273710176,19.357
814,1,0,accepted,0.0837350107577879,0.314525590147861,484324.802734509,4976640.10263723,-0.997406592007612,14.453
815,1,0,accepted,0.045133175262587,0.504961704540467,484325.199082427,4976639.51271592,-0.971788193791942,15.382
816,1,0,accepted,0.0484801733089118,0.430347060377897,484325.616723552,4976638.88287368,-0.950331593853205,14.064
817,1,0,accepted,0.0409870482160657,0.424054975493104,484326.033050079,4976638.30770661,-0.928294604753227,13.996
818,1,0,accepted,0.0437584964569314,0.229493539767073,484326.477586854,4976637.68891567,-0.909276962548217,14.391
819,1,0,accepted,0.04891375334277,0.19669342030248,484326.947929421,4976637.07502866,-0.887179272214067,17.324
820,1,0,accepted,0.0568650699913638,-0.101887092330344,484327.393243704,4976636.50670541,-0.869916194807909,17.609
821,1,0,accepted,0.0684216290397956,-0.133109375147317,484327.864610108,4976635.94678245,-0.847717633719804,19.412
822,1,0,accepted,0.0524691055277228,0.213861700241872,484328.380726705,4976635.38691498,-0.818975019041715,20.455
823,1,0,accepted,0.0660476780029605,0.0755915719005156,484328.888478641,4976634.8148408,-0.798191863268709,25.909
824,1,0,accepted,0.0610202309218758,0.203168170371718,484329.450731257,4976634.22864148,-0.773189979694843,23.026
825,1,0,accepted,0.0929733632270193,-0.0332357666999223,484329.937389399,4976633.75347887,-0.754151180526554,24.703
826,1,0,accepted,0.109664419898465,-0.210111281206935,484330.483483393,4976633.20908518,-0.734381177339256,27.15
827,1,0,accepted,0.106967662511286,-0.0306173592175531,484331.06067877,4976632.67743168,-0.708158528383732,25.769
828,1,0,accepted,0.0296325436981388,0.436391036822098,484331.754182599,4976632.14926842,-0.676922523751321,18.489
829,1,0,coarseRetainedByTrustRadius,0.321612536454889,-0.314749682994201,484332.045667953,4976631.82154191,-0.667402959399909,24.651
830,1,0,coarseRetainedByTrustRadius,0.311542953072248,0.0670188609308213,484332.618393117,4976631.21801555,-0.638238155949532,15.435
831,1,0,coarseRetainedByTrustRadius,0.242499665159833,0.147430627784117,484333.301675517,4976630.73228372,-0.614447325739693,15.687
832,1,0,coarseRetainedByTrustRadius,0.247953358631842,0.276344832422867,484333.922800664,4976630.23776645,-0.589413543964312,16.319
833,1,0,coarseRetainedByTrustRadius,0.259185482074558,0.148244416787589,484334.554964943,4976629.79157233,-0.569348907166446,18.41
834,1,0,coarseRetainedByTrustRadius,0.223760559887726,-0.151148970379155,484335.247343969,4976629.37362397,-0.552597935515371,17.071
835,1,0,coarseRetainedByTrustRadius,0.260673825902379,-0.596634310981716,484335.884622012,4976628.9898053,-0.538414150942349,30.39
836,0,0,notConverged,0.250590276749177,-0.588864921961177,484336.580345912,4976628.5562759,-0.516213491695778,31.315
837,1,0,accepted,0.343240270288677,-0.849441736414745,484337.176388659,4976628.20593515,-0.499262715720595,28.561
838,1,0,coarseRetainedByTrustRadius,0.21940056325025,-0.867675510762775,484338.010521298,4976627.83471378,-0.478009066019973,15.441
839,1,0,accepted,0.0589769578348912,-0.352477521977783,484338.850304626,4976627.36741657,-0.447599796486228,21.473
840,1,0,accepted,0.0341921348398353,-0.222584750004386,484339.630108699,4976626.96842506,-0.424247361477139,18.682
841,1,0,accepted,0.0995828796056412,-0.0174248872086427,484340.414547523,4976626.57758672,-0.400153340781027,14.757
842,1,0,accepted,0.041009031092891,-0.239619541660407,484341.090464098,4976626.27997112,-0.384455526242762,17.427
843,1,0,coarseRetainedByTrustRadius,0.0734853836599471,-0.425546698841314,484341.85423985,4976625.97548643,-0.36862118777308,20.899
844,1,0,coarseRetainedByTrustRadius,0.114643116355946,-0.224789690886167,484342.65131096,4976625.63746986,-0.346482930950564,16.698
845,1,0,coarseRetainedByTrustRadius,0.115446075123089,-0.101818711268751,484343.409001905,4976625.34736846,-0.326394255395428,17.17
846,1,0,coarseRetainedByTrustRadius,0.168222252433315,0.207695631053868,484344.234147926,4976625.05411675,-0.303394225224847,17.799
847,1,0,coarseRetainedByTrustRadius,0.207837608788672,0.393295902880013,484345.05228338,4976624.7776399,-0.283298472122831,18.402
848,1,0,coarseRetainedByTrustRadius,0.223773942195154,0.315242123403097,484345.879426893,4976624.55587191,-0.268417766182226,15.901
849,1,0,coarseRetainedByTrustRadius,0.178520492404241,0.079437246079457,484346.661066683,4976624.34385523,-0.257042756370772,12.32
850,1,0,accepted,0.0881317916596605,-0.607933864431292,484347.330132373,4976624.18768957,-0.254919525125039,19.76
851,1,0,accepted,0.0828296591383685,-0.67676898447215,484348.182536822,4976623.9629436,-0.242217581804786,21.236
852,1,0,accepted,0.11074688680484,-0.428734326197757,484349.069016405,4976623.75796269,-0.224966544711853,17.688
853,1,0,coarseRetainedByTrustRadius,0.263503146269315,0.155337469752139,484350.090023546,4976623.51970066,-0.203132725754163,22.914
854,1,0,accepted,0.297080964387648,0.444454527404781,484350.973091687,4976623.2708628,-0.187058611843693,21.358
855,1,0,accepted,0.158299554737418,-0.170980239419409,484351.702062172,4976623.19794047,-0.187777183357943,18.789
856,1,0,accepted,0.0748859713300828,0.453248114305828,484352.495202989,4976623.03170423,-0.167954613393049,16.592
857,1,0,accepted,0.075248845593136,0.496974519616822,484353.366026835,4976622.88883148,-0.15887700352566,14.033
858,1,0,accepted,0.0584661012595265,0.667354153114731,484354.259001403,4976622.71312439,-0.148295496296143,12.686
859,1,0,accepted,0.0388749634842141,0.511879377189591,484355.171355387,4976622.633528,-0.143587638530648,15.746
860,1,0,accepted,0.0342116952964375,0.394672857953223,484356.096724316,4976622.52069634,-0.138753004499727,13.964
861,1,0,accepted,0.0666388956990345,0.0230948328097437,484357.045905243,4976622.44966153,-0.13802116745335,16.991
862,1,0,accepted,0.0607432131464561,0.00497246917103682,484357.980194238,4976622.35006922,-0.131312555880511,14.053
863,1,0,accepted,0.065255141921605,-0.0969481290311114,484358.89777112,4976622.26906056,-0.127301814008008,16.001
864,1,0,accepted,0.0501759604902473,-0.031255429850609,484359.827771481,4976622.16709857,-0.121216706406818,16.875
865,1,0,accepted,0.0266358090935217,0.0424668101295252,484360.764034509,4976622.0492878,-0.115444348394319,19.156
866,1,0,accepted,0.0491358939743567,0.150829004064739,484361.698387763,4976621.92272184,-0.109062385724797,14.361
867,1,0,accepted,0.0542853507658284,-0.0019153452095927,484362.666535018,4976621.83339742,-0.106824477398373,15.757
868,1,0,accepted,0.0748607813407709,0.0226800412407214,484363.623290133,4976621.73555072,-0.101970209924461,15.524
869,1,0,accepted,0.0960283676712087,0.0153804769867825,484364.585194746,4976621.6489305,-0.0975911651218346,14.786
870,1,0,accepted,0.107572171332676,0.0140964622456677,484365.554409714,4976621.56968265,-0.0931024896846416,14.85
871,1,0,accepted,0.0902044086997913,-0.1101159118394,484366.551210356,4976621.52256223,-0.090973390104681,13.334
872,1,0,accepted,0.1220307060448,0.156370210188834,484367.516028794,4976621.44571636,-0.0819152964676501,12.281
873,1,0,accepted,0.159629504089169,0.385389287014505,484368.49463829,4976621.34812269,-0.0733476803135791,12.99
874,1,0,accepted,0.182424942303469,0.429116361045768,484369.495657848,4976621.27236283,-0.0685118991466992,10.815
875,1,0,accepted,0.181255674747247,0.184345153451584,484370.520838008,4976621.21206528,-0.0684203051697707,13.481
876,1,0,accepted,0.20002830927231,0.214322813982227,484371.513457453,4976621.1467321,-0.063429969470386,15.238
877,1,0,accepted,0.232522021353559,0.710884062408607,484372.519017003,4976621.07032173,-0.0505038325699682,17.495
878,1,0,accepted,0.200729218615002,0.186271693898323,484373.544715561,4976621.04289576,-0.0550873829269027,16.917
879,1,0,accepted,0.199255714860348,0.285732801209752,484374.561370134,4976620.99587146,-0.0488294970059054,20.25
880,1,0,accepted,0.193477249054734,0.269798565883663,484375.588122178,4976620.95235174,-0.0445933440532016,13.923
881,1,0,accepted,0.172301814778949,0.215307373093362,484376.608452109,4976620.93612313,-0.0404326232017121,15.435
882,1,0,accepted,0.181128671157095,0.214796754462754,484377.672897143,4976620.88011127,-0.0343904044267328,14.856
883,1,0,accepted,0.18137282275519,0.040413669195981,484378.725973856,4976620.84843514,-0.0313190131676374,16.118
884,1,0,accepted,0.180225205876328,0.0320122128298011,484379.756692212,4976620.82861304,-0.0252093784145601,14.932
885,1,0,accepted,0.20760886384874,0.00274777883878369,484380.806377735,4976620.78730763,-0.0195333346582845,21.451
886,1,0,accepted,0.198217681658525,0.0748165293156332,484381.845006453,4976620.79015764,-0.0119762578329102,17.004
887,1,0,accepted,0.20032099563182,0.174675163984695,484382.884578286,4976620.78741663,-0.00415102687271441,17.634
888,1,0,accepted,0.215123465853988,0.211738406955568,484383.94928279,4976620.78129637,0.00277936182163096,11.896
889,1,0,accepted,0.208423527892869,0.213538012233591,484385.012441674,4976620.81293454,0.00836920218464858,14.088
890,1,0,accepted,0.184618577505061,0.650326567592732,484386.065148025,4976620.8647496,0.0220686767644932,13.955
891,1,0,accepted,0.144400286121038,1.01678750035742,484387.005559752,4976620.90509844,0.0346906457477174,12.419
892,0,1,acceptedDirectional,0.166917336266218,1.04026962436626,484388.066181534,4976620.91250883,0.0409816554408435,9.975
893,0,1,acceptedDirectional,0.106539511360655,0.561110977057639,484389.119333795,4976621.00996598,0.03829896058289,11.74
894,0,1,acceptedDirectional,0.0907483777197317,0.44685278395691,484390.177251545,4976621.06823079,0.0416889674068712,11.931
895,1,0,accepted,0.268507489239853,0.580373149585828,484390.983881806,4976621.17257732,0.0496770267116307,12.177
896,1,0,accepted,0.246631141421498,0.412184980666972,484392.056618323,4976621.28399317,0.0520573981127239,10.327
897,1,0,accepted,0.224896337552136,0.401407410364788,484393.137461877,4976621.35540906,0.0571738299615957,10.017
898,1,0,accepted,0.221963891733129,0.350994869881374,484394.195327619,4976621.40504202,0.0616133801022741,12.409
899,1,0,accepted,0.231805582306522,-0.957914341974699,484395.340815469,4976621.67062964,0.0438578942867164,11.964
900,1,0,accepted,0.216030261310382,-1.08958232202738,484396.422298396,4976621.7515899,0.0471924769236666,15.049
901,1,0,accepted,0.248095100073423,-0.152603196551639,484397.374760538,4976621.72407234,0.0686862009684073,16.755
902,1,0,accepted,0.179168664053908,-1.01157800413671,484398.552669123,4976621.90279599,0.0588668139789882,17.205
903,1,0,accepted,0.132327756613151,-1.03031353790072,484399.657371968,4976621.97334189,0.0641239186926995,16.055
904,1,0,accepted,0.10259647370107,-1.00087683477186,484400.746115498,4976622.06035986,0.0692394163173271,15.768
905,1,0,accepted,0.0638314696447219,-0.865330966122071,484401.847643996,4976622.14999115,0.075117522145789,15.118
906,1,0,accepted,0.0157474842941846,-0.251626256974394,484402.96036198,4976622.2302467,0.0882384336103216,16.729
907,1,0,accepted,0.043476928088049,-0.0140010239626879,484404.071951523,4976622.34903194,0.0929579263464527,12.641
908,1,0,accepted,0.0404465055956238,0.182568020673383,484405.161987948,4976622.46899324,0.0957795756258923,15.091
909,1,0,accepted,0.0653077182166123,0.263814347727183,484406.253683694,4976622.58200099,0.0960828923502165,11.178
910,1,0,accepted,0.0831386082595357,0.262883539566132,484407.351218948,4976622.69400789,0.0953012439109727,11.287
911,1,0,accepted,0.0720080320030008,0.305715381441513,484408.423807157,4976622.82477714,0.0950919400379202,12.163
912,1,0,accepted,0.0953978534894453,0.275385917647167,484409.539297117,4976622.93727818,0.0941315455377473,12.788
913,1,0,accepted,0.101261623131217,0.272445512219783,484410.637996695,4976623.04109942,0.0939144714225394,12.787
914,1,0,accepted,0.0984835861383632,0.359185142270174,484411.730216554,4976623.17301336,0.0958161551688368,13.626
915,1,0,accepted,0.0964290737445697,0.42059527241717,484412.812957063,4976623.29487562,0.0974475754067885,12.939
916,1,0,accepted,0.0918704758864762,0.440480067909332,484413.908746773,4976623.41833748,0.0985096792505381,12.46
917,1,0,accepted,0.0933074271062261,0.408777365034309,484415.010667416,4976623.52528803,0.0985272435269462,14.032
918,1,0,accepted,0.0912892182086956,0.389429625494989,484416.118000698,4976623.6517847,0.0986123410406579,13.264
919,1,0,accepted,0.107147839694003,0.446126119260767,484417.246478401,4976623.76207434,0.10015608761904,14.141
920,1,0,accepted,0.0995114940760463,0.459572982659019,484418.34744106,4976623.89397001,0.10106002279396,15.595
921,1,0,accepted,0.0842917517423539,0.408503443697823,484419.45430411,4976624.02683125,0.100867664932093,22.302
922,1,0,accepted,0.0931955962387065,0.0679058131649575,484420.464393322,4976624.24653869,0.095399315672568,16.808
923,1,0,accepted,0.0665683615492304,0.137408138683028,484421.582024225,4976624.35130426,0.0972851893338296,13.398
924,1,0,accepted,0.056913725770656,0.115063845447034,484422.700310266,4976624.47321128,0.0973392509662801,12.774
925,1,0,accepted,0.0490205451343454,0.135592332386724,484423.815409561,4976624.59782826,0.0982707940540209,11.524
926,1,0,accepted,0.0513706188636196,0.165416475840624,484424.908798085,4976624.72363736,0.0990140720586495,15.71
927,1,0,accepted,0.0558115208625662,0.16363890812743,484426.009813767,4976624.84874423,0.0996664269838799,11.614
928,1,0,accepted,0.0679614063975176,0.167771429296746,484427.117124043,4976624.97896638,0.100154380411866,12.739
929,1,0,accepted,0.0765994472043251,0.192319079056853,484428.231844425,4976625.09882176,0.101166725789191,13.024
930,1,0,accepted,0.109324185752576,-0.033020461795072,484429.345086649,4976625.27731176,0.0976612217450187,11.5
931,1,0,accepted,0.101367737851115,0.285099917850517,484430.478702286,4976625.34449338,0.103807115153125,11.608
932,1,0,accepted,0.112041221814213,0.417789436885816,484431.620221893,4976625.4473904,0.106672864758776,11.488
933,1,0,accepted,0.095957800157933,0.400261365481267,484432.786846917,4976625.57127745,0.106911715978043,12.21
934,1,0,accepted,0.0779289994891518,0.313751458317292,484433.960326694,4976625.71545177,0.106315389380663,12.561
935,1,0,accepted,0.0928625205415897,0.390310755253654,484435.109535401,4976625.83401098,0.108031455316139,12.751
936,1,0,accepted,0.0849464650339345,0.242789766565927,484436.27531588,4976625.98243354,0.105946179509952,13.19
937,1,0,accepted,0.0947319894765103,0.254622899754383,484437.435520573,4976626.11762212,0.106152737322957,10.815
938,1,0,accepted,0.101222626394766,0.299676631780557,484438.605785654,4976626.25596792,0.106802384451675,15.076
939,1,0,accepted,0.128178719200525,0.417534363371507,484439.797920153,4976626.38361249,0.108985406120183,14.22
940,1,0,accepted,0.162232635381735,0.513887467301506,484440.994364519,4976626.51918629,0.110724961997596,18.206
941,1,0,accepted,0.176319985471804,0.513576221990276,484442.173732808,4976626.66840129,0.110719921275888,14.122
942,1,0,accepted,0.187281434165347,0.403210180402132,484443.355309468,4976626.82370581,0.10903174780768,14.638
943,1,0,accepted,0.185250689436062,0.339491812129214,484444.518749919,4976626.97843028,0.108034072397339,14.032
944,1,0,accepted,0.110136913429533,0.320796184322524,484445.6107992,4976627.14659602,0.107534098678648,16.363
945,1,0,accepted,0.0877134914150602,0.292753483396189,484446.750650098,4976627.29451831,0.107452848145276,15.109
946,1,0,accepted,0.0959560733754348,0.249726047550966,484447.922051826,4976627.43187146,0.107204099401725,15.038
947,1,0,accepted,0.101639973119875,0.253171848051318,484449.092482549,4976627.56792685,0.107533172961884,12.605
948,1,0,accepted,0.116249545598256,0.229995741674494,484450.264296571,4976627.69933494,0.107348949725768,13.416
949,1,0,accepted,0.140736270017885,0.255356199711633,484451.461822759,4976627.82691174,0.107876743828493,11.71
950,1,0,accepted,0.163190901625421,0.261336049396513,484452.650672468,4976627.95330652,0.108495013579937,10.874
951,1,0,accepted,0.18641872674062,0.188535127891573,484453.835883219,4976628.07078639,0.107734296278349,11.053
952,1,0,accepted,0.187091984267664,0.181892710439308,484455.005154982,4976628.20194502,0.107872691792896,12.262
953,1,0,accepted,0.187495535668523,0.190441905178393,484456.169502301,4976628.33802505,0.107773810667501,12.883
954,1,0,accepted,0.185168919861792,0.167020915121903,484457.334250815,4976628.47896398,0.106988871934692,14.212
955,1,0,accepted,0.150850422868868,0.190656081578119,484458.456943488,4976628.63846332,0.107605924953694,13.445
956,1,0,accepted,0.145607315523719,0.0808888796424822,484459.653547294,4976628.79667471,0.106093678228721,13.809
957,1,0,accepted,0.141403845472686,0.0374117956614394,484460.835108996,4976628.95017283,0.105678501639397,12.877
958,1,0,accepted,0.146491361643462,0.0967284457668449,484462.004273421,4976629.09279012,0.106937827002977,16.185
959,1,0,accepted,0.151729452715425,0.112460105066551,484463.193840709,4976629.24132325,0.107493272179416,17.437
960,1,0,accepted,0.147950022065188,0.107015390289716,484464.381318085,4976629.39967599,0.107687399379582,16.809
961,1,0,accepted,0.148868972942248,0.145982008205707,484465.553782202,4976629.55140342,0.108410223943301,14.555
962,1,0,accepted,0.147418193854484,0.0928960691328832,484466.773255666,4976629.71209314,0.108334008488118,12.837
963,1,0,accepted,0.154977436968226,0.0718249190654338,484467.959089324,4976629.85676763,0.108284751988744,11.554
964,1,0,accepted,0.175965161997474,0.113423378625603,484469.167821745,4976629.99452772,0.109335153194949,13.645
965,1,0,accepted,0.0838933807038413,-0.0251383860168269,484470.229184038,4976630.26190329,0.10764419968087,15.257
966,1,0,accepted,0.103717849132664,-0.121711461546193,484471.383024233,4976630.45455892,0.106583770286118,13.899
967,1,0,accepted,0.104549253960957,-0.190130995560593,484472.574189263,4976630.61985133,0.105750410552891,11.422
968,1,0,accepted,0.0762288178572323,-0.147205270433147,484473.775579728,4976630.76971488,0.106787755193496,11.045
969,1,0,accepted,0.0593236991348799,-0.0193153991531728,484474.983275054,4976630.9182315,0.109319073806792,12.438
970,1,0,accepted,0.0147509605029892,-0.213328559672975,484476.226720362,4976631.07539898,0.106187438807459,11.343
971,1,0,accepted,0.0524619431738464,0.000606190819893511,484477.455270999,4976631.20875777,0.109801520437124,12.369
972,1,0,accepted,0.0602297930921255,-0.0835406351436502,484478.650300142,4976631.36232648,0.108330528659922,12.149
973,1,0,accepted,0.0555971996004272,-0.0672037224428318,484479.829487954,4976631.51826673,0.108192331557015,11.278
974,1,0,accepted,0.0714465633087083,0.00138372072973376,484481.024930691,4976631.66420695,0.109219878367125,12.296
975,1,0,accepted,0.0768202399945042,0.0775615275205761,484482.200797776,4976631.81250841,0.110216580361524,11.393
976,1,0,accepted,0.0682191685506903,0.103659509169937,484483.354550752,4976631.9730498,0.110150902840202,12.107
977,1,0,accepted,0.0846085766140138,0.167940557047386,484484.549300486,4976632.11651235,0.110474910972933,14.454
978,1,0,accepted,0.0782343928872299,0.481228691874118,484485.720577389,4976632.28272955,0.115217140948077,12.042
979,1,0,accepted,0.0901817423443639,0.465125663622531,484486.930568084,4976632.42997095,0.11410303757519,11.682
980,1,0,accepted,0.0915332180184927,0.429928970357311,484488.134071555,4976632.58986328,0.11237938379556,13.115
981,1,0,accepted,0.0991410492313307,0.270257163957538,484489.336597508,4976632.74160468,0.108550696278949,12.867
982,1,0,accepted,0.0857543721542139,0.301585679275176,484490.501344643,4976632.90589863,0.110439681427994,17.757
983,1,0,accepted,0.121839719727058,0.782779627232029,484491.602405705,4976633.0646834,0.118314872266585,18.396
984,1,0,accepted,0.10206468064208,1.01248972345316,484492.82392498,4976633.24164173,0.120245613832521,15.318
985,1,0,accepted,0.0510772951103099,0.683353737018331,484494.046106998,4976633.42624496,0.11519844850695,14.438
986,1,0,accepted,0.00497005042826624,0.346296448710899,484495.279922746,4976633.61455701,0.108739764955342,13.547
987,1,0,accepted,0.0215010686636632,0.0400087517800224,484496.445365205,4976633.78276223,0.102566039601005,12.232
988,1,0,accepted,0.0110979741834669,0.21499211459882,484497.644084007,4976633.91424262,0.105011784325458,14.762
989,1,0,accepted,0.0558586858079772,0.640883337264429,484498.866621495,4976634.04734154,0.11263009512096,15.388
990,1,0,accepted,0.0814427645705221,0.828302990199349,484500.067196345,4976634.18372444,0.115215853699275,13.068
991,1,0,accepted,0.095676052144603,0.859283535468747,484501.258570163,4976634.32883,0.115614926083998,13.817
992,1,0,accepted,0.11018570287013,0.962845541124904,484502.4555896,4976634.4779266,0.117086475008672,11.176
993,1,0,accepted,0.0890488480721435,0.778161944994982,484503.592649814,4976634.62198603,0.113240124525618,10.426
994,1,0,accepted,0.100164269275912,0.768995819709658,484504.782048058,4976634.76081172,0.112550350089522,9.947
995,1,0,accepted,0.0837845064221512,0.67567369188516,484505.921412296,4976634.90882108,0.110723145708607,11.736
996,1,0,accepted,0.0734241656230819,0.527918303205571,484507.085703277,4976635.0659177,0.108080726968209,15.339
997,1,0,accepted,0.0743971518507789,0.478826953465772,484508.248637115,4976635.20718486,0.106816349024511,14.036
998,1,0,accepted,0.0757754814709382,0.436276982553415,484509.409316036,4976635.34589178,0.10556861742305,13.914
999,1,0,accepted,0.0528273180527057,0.310317584172898,484510.547665592,4976635.50309431,0.103435628498594,16.653
1000,1,0,accepted,0.0459857130358413,0.32700603088449,484511.670368534,4976635.6531692,0.103079453631591,18.894
1001,1,0,accepted,0.13964110887442,0.0385560047073619,484512.703515702,4976635.88951667,0.0978674469037123,20.559
1002,1,0,accepted,0.136400738211154,0.132629102333095,484513.849951815,4976635.99425662,0.0994458150015843,10.966
1003,1,0,accepted,0.144679019267484,0.374461482487604,484514.994593524,4976636.10416663,0.103247731338324,11.716
1004,1,0,accepted,0.146959631578043,0.395949595607263,484516.141476095,4976636.24328842,0.103967861853703,13.846
1005,1,0,accepted,0.136712876808423,0.362035071744128,484517.302020954,4976636.3842073,0.103954671391788,11.391
1006,1,0,accepted,0.129023879435933,0.359630560870788,484518.455563573,4976636.53072329,0.104211119732646,10.446
1007,1,0,accepted,0.114746585825463,0.282727478092293,484519.612460427,4976636.67369507,0.103531258087206,10.554
1008,1,0,accepted,0.0997571123085023,0.152951442658385,484520.758330693,4976636.81966905,0.10172802610381,15.069
1009,1,0,accepted,0.0730041066367521,0.189644617357261,484521.921904514,4976636.94869716,0.102678978626802,14.146
1010,1,0,accepted,0.0510377629541643,0.339968470450556,484523.095018096,4976637.07341086,0.105694631964362,14.951
1011,1,0,accepted,0.0585938733202024,0.309180006292474,484524.279154762,4976637.2094566,0.105156179234717,18.689
1012,1,0,accepted,0.0628664691469566,0.129059004281328,484525.425864607,4976637.35621852,0.101562810179724,12.859
1013,1,0,accepted,0.0719853308610943,0.118653167331163,484526.553879134,4976637.4878073,0.10248228041634,13.418
1014,1,0,accepted,0.0851195889696351,0.181056800665861,484527.686090926,4976637.61710874,0.103498297388055,15.963
1015,1,0,accepted,0.0967889319659062,0.229053936223711,484528.811445266,4976637.74312231,0.104621884199271,19.128
1016,1,0,accepted,0.110086795827009,0.214260384051904,484529.946765501,4976637.87773281,0.104697798129866,20.14
1017,1,0,accepted,0.115317364271681,0.254955405556397,484531.069396708,4976638.01043109,0.105637316896971,17.434
1018,1,0,accepted,0.140748985270639,0.172107766818529,484532.21721495,4976638.13584774,0.104225650624582,17.079
1019,1,0,accepted,0.162017314193963,0.0765017821310153,484533.362867967,4976638.25850689,0.103374308158217,16.799
1020,1,0,accepted,0.196307515543205,-0.11481656481688,484534.520697653,4976638.37764726,0.101251240212194,15.64
1021,1,0,accepted,0.216395453867039,-0.158723708191641,484535.638699474,4976638.49726992,0.101855405318244,14.024
1022,1,0,accepted,0.25022604723918,-0.219719467269961,484536.776809136,4976638.60677507,0.101980228253546,16.568
1023,1,0,accepted,0.269735207667876,-0.129921056990538,484537.90251799,4976638.72785876,0.10429478042724,12.963
1024,1,0,accepted,0.285861197709715,-0.195674084449429,484539.027949808,4976638.85405907,0.104128087820391,13.489
1025,1,0,accepted,0.272334929034069,-0.24845851646781,484540.137742911,4976639.00458722,0.104177462191731,14.337
1026,1,0,accepted,0.24969811199789,-0.301413068996149,484541.23978972,4976639.16728248,0.104052284335882,16.242
1027,1,0,accepted,0.286874294779977,-2.03001522165798,484542.340983807,4976639.78918475,0.0749842636885322,15.049
1028,1,0,accepted,0.270913797617317,-2.13451176570747,484543.433846178,4976639.93685541,0.0742562118957391,20.169
1029,1,0,accepted,0.221905327281163,-1.86726255006861,484544.505181394,4976640.05646102,0.0790629492641792,18.742
1030,1,0,accepted,0.0599088232108584,-1.07663521288962,484545.559565508,4976640.0635682,0.0947519840078553,22.091
1031,1,0,accepted,0.0472635842676547,-0.671274872357578,484546.621069052,4976640.18271153,0.102329817112055,16.846
1032,1,0,accepted,0.0772881556856827,-0.287787788625738,484547.737183782,4976640.26669283,0.109735890298793,15.031
1033,1,0,accepted,0.138623631048865,0.0482043161865592,484548.878947832,4976640.35689391,0.116351749239736,14.756
1034,1,0,accepted,0.141418011308744,0.0701254069224902,484549.871979091,4976640.60122298,0.117576312712856,14.816
1035,1,0,accepted,0.143601481012194,0.00543487368911143,484550.980549944,4976640.77381189,0.117412599342329,10.927
1036,1,0,accepted,0.143637047082335,-0.00686007906205244,484552.130132042,4976640.93757251,0.118673400824983,9.841
1037,1,0,accepted,0.136022348361068,-0.0542554545495361,484553.273933773,4976641.09671271,0.119545126299046,10.506
1038,1,0,accepted,0.126479920615862,-0.114824120786303,484554.401340975,4976641.26094089,0.12013757585007,8.465
1039,1,0,accepted,0.09805784154893,-0.232248666435767,484555.551916262,4976641.41229143,0.119795334761013,8.553
1040,1,0,accepted,0.0468585088850559,-0.383016649278853,484556.691034858,4976641.54538991,0.118595312159503,9.697
1041,1,0,accepted,0.0731321284543606,-0.430023161972641,484557.853744444,4976641.68815002,0.118549033002479,10.728
1042,1,0,accepted,0.118975171593478,-0.429411440457283,484559.029842739,4976641.83216523,0.118818950750847,10.041
1043,1,0,accepted,0.17262678916134,-0.4972431520665,484560.207151192,4976641.96779418,0.11738165664627,10.171
1044,1,0,accepted,0.196341541413388,-0.445508239952539,484561.366471891,4976642.12043708,0.117831397328395,11.062
1045,1,0,accepted,0.217491278148072,-0.408631785118486,484562.51730792,4976642.26922355,0.118623174255743,12.389
1046,1,0,accepted,0.242118360189208,-0.418762002062039,484563.668522422,4976642.40949122,0.118622885792206,9.827
1047,1,0,accepted,0.24029207124158,-0.386848803377018,484564.805930678,4976642.56166957,0.119643417821984,11.867
1048,1,0,accepted,0.121520052304638,-0.302360700158966,484565.837278418,4976642.77737608,0.121809417425935,12.065
1049,1,0,accepted,0.0997486659094771,-0.237551649488813,484566.961289863,4976642.94355487,0.123622466018026,11.89
1050,1,0,accepted,0.062767968704565,-0.182685002578754,484568.065365002,4976643.11270245,0.125427306266326,14.328
1051,1,0,accepted,0.0562441579189675,-0.0975120271400755,484569.195633417,4976643.27725261,0.126936619765883,14.1
1052,1,0,accepted,0.047944493394142,-0.189528354345409,484570.342784553,4976643.45621343,0.125679936793943,15.45
1053,1,0,accepted,0.137244569830757,-0.572401713032867,484571.380450904,4976643.76464833,0.118972541463278,13.435
1054,1,0,accepted,0.120692608655226,-0.459832408071203,484572.535247223,4976643.905182,0.120605189292831,14.647
1055,1,0,accepted,0.115710594373325,-0.259857306593008,484573.683885269,4976644.03501276,0.124042953804382,16.78
1056,1,0,accepted,0.105348107830675,-0.239595161831325,484574.857045703,4976644.19563083,0.124232541748356,14.534
1057,1,0,accepted,0.0798348335942721,-0.554541952658325,484576.06717599,4976644.40147027,0.118254991348065,11.7
1058,1,0,accepted,0.0706729062933745,-0.826539112280927,484577.255585415,4976644.58924275,0.113372083719625,13.08
1059,1,0,accepted,0.114977683809785,-1.07559259509189,484578.433118672,4976644.80898958,0.108974008537991,15.064
1060,1,0,accepted,0.0753968820471839,-0.912291402809358,484579.620873968,4976644.94112272,0.111483165963606,15.005
1061,1,0,accepted,0.0783125286187337,-1.04808412273956,484580.805968324,4976645.11370014,0.108994147766781,12.54
1062,1,0,accepted,0.075011527482861,-1.11099869565126,484581.993841976,4976645.28030098,0.107990003495583,13.123
1063,1,0,accepted,0.0572333011084709,-1.03106188856723,484583.186788672,4976645.42863391,0.108945560093497,12.252
1064,1,0,accepted,0.0447042646616302,-0.944583891044624,484584.377905548,4976645.57924475,0.110594810012782,13.627
1065,1,0,accepted,0.0479821430468043,-0.884655936734803,484585.584373373,4976645.74987364,0.11138315825144,13.937
1066,1,0,accepted,0.043933026308171,-0.722383206901491,484586.75905788,4976645.90668777,0.114045522004534,15.095
1067,1,0,accepted,0.0532459752478988,-0.635278804617967,484587.961993393,4976646.0625826,0.115455717893992,15.212
1068,1,0,accepted,0.0614806812327792,-0.57530695856824,484589.160038307,4976646.21596191,0.116309544838658,15.066
1069,1,0,accepted,0.0770077061800499,-0.626448272838276,484590.359633894,4976646.36219511,0.115191666881349,14.608
1070,1,0,accepted,0.0981530203397506,-0.537808596222308,484591.559486511,4976646.51670158,0.116858262706071,13.863
1071,1,0,accepted,0.117038529852251,-0.453952490092293,484592.768912998,4976646.67407881,0.118597102538275,12.715
1072,1,0,accepted,0.133021894768706,-0.397867569792914,484593.965293823,4976646.83061282,0.119922115409496,13.294
1073,1,0,accepted,0.0534192752718504,-0.239426630911435,484595.110959797,4976647.06978542,0.123105853826121,16.787
1074,1,0,accepted,0.0380674201825181,-0.117135532391876,484596.30909824,4976647.26195239,0.12588627170274,17.086
1075,1,0,accepted,0.0149501012213034,-0.0593105094866298,484597.486767639,4976647.45909268,0.127140544628592,18.71
1076,1,0,accepted,0.0169384145954444,0.0331440698351051,484598.678644629,4976647.64438405,0.12903763397747,16.526
1077,1,0,accepted,0.0475377858807471,0.0486291590058284,484599.863633136,4976647.8576856,0.129925880417741,17.241
1078,1,0,accepted,0.0590392719276974,0.0665656845547655,484601.049990905,4976648.05443523,0.13075462214291,16.912
1079,1,0,accepted,0.0738341835280189,0.020408230589204,484602.233361039,4976648.25977206,0.130450419187657,15.223
1080,1,0,accepted,0.0602044432538376,0.0511745193522174,484603.444548064,4976648.43056708,0.131328528732485,14.435
1081,1,0,accepted,0.0577864308790964,0.0333076508656268,484604.662897282,4976648.59064158,0.131968693338753,12.503
1082,1,0,accepted,0.0665473574145891,0.0597176613247072,484605.875034492,4976648.7640503,0.132712574570761,14.003
1083,1,0,accepted,0.0906544405551131,0.0824504058049227,484607.109002744,4976648.93552524,0.133603753118146,13.058
1084,1,0,accepted,0.13625969533473,0.347671448369752,484608.311734147,4976649.09010534,0.138479214884314,14.541
1085,1,0,accepted,0.122596424267962,0.020276652856004,484609.557434848,4976649.3143615,0.133097779262533,12.736
1086,1,0,accepted,0.135957308063641,0.108094888684867,484610.750955996,4976649.50181298,0.13457855415723,11.128
1087,1,0,accepted,0.065803355099251,-0.0164513780724907,484611.836682792,4976649.80658252,0.13250712493269,12.419
1088,1,0,accepted,0.0761495664499275,0.0911624052814689,484613.064172506,4976649.96216392,0.134663633848813,13.422
1089,1,0,accepted,0.0675110427255593,0.0923417747686156,484614.272847931,4976650.1632359,0.134819761800959,14.159
1090,1,0,accepted,0.0724344016391455,0.107550317067911,484615.482370987,4976650.35173893,0.135248059267788,11.348
1091,1,0,accepted,0.0783744929117044,0.106521357968636,484616.699459278,4976650.54194245,0.135565890170738,16.453
1092,1,0,accepted,0.0938205262079132,0.13061993865778,484617.90122506,4976650.72317651,0.136126985205665,15.926
1093,1,0,accepted,0.107007161144224,0.280466666137409,484619.108047958,4976650.91000394,0.138572591102338,13.686
1094,1,0,accepted,0.125643799641641,0.303325452179881,484620.330928687,4976651.09726862,0.139203673296067,16.831
1095,1,0,accepted,0.201474762475627,0.466189820704556,484621.609780727,4976651.25950308,0.14187907312949,18.649
1096,1,0,accepted,0.210272903656698,0.51548899113962,484622.820747115,4976651.45580385,0.142839440252258,19.08
1097,1,0,accepted,0.178119644053812,0.381574138268985,484623.989494295,4976651.67232896,0.140482460632555,13.105
1098,1,0,accepted,0.186217583040995,0.36884145441418,484625.207971492,4976651.86088127,0.140233417016001,14.864
1099,1,0,accepted,0.190090638110237,0.424879806015179,484626.373772009,4976652.0452715,0.141126833260791,14.816
1100,1,0,accepted,0.19927834460333,0.352037728087389,484627.572387696,4976652.23106007,0.1400364099109,14.816
1101,0,0,notConverged,0.225847322755074,0.35821170138768,484628.77537058,4976652.40011278,0.139930423730169,30.302
1102,1,0,accepted,0.0921423331427509,0.260479746260812,484629.77038637,4976652.72002413,0.13780060277824,16.566
1103,1,0,accepted,0.169641413640218,-0.235616975024263,484630.879720807,4976653.05915424,0.12953519230933,10.029
1104,1,0,accepted,0.171605874060501,-0.340926464381851,484632.080980723,4976653.26385965,0.127420839775603,10.868
1105,1,0,accepted,0.137457225651521,-0.190877793139267,484633.281293655,4976653.41338395,0.12980936843791,10.621
1106,1,0,accepted,0.116120487101007,-0.239092367655733,484634.493111019,4976653.59741157,0.128564628299977,9.323
1107,1,0,accepted,0.0908405219174063,-0.248966999286477,484635.702486956,4976653.77341376,0.128072502277095,12.049
1108,1,0,accepted,0.0767894488814394,-0.265314372383339,484636.903135877,4976653.94264751,0.127351191194969,9.755
1109,1,0,accepted,0.0639789507342622,-0.204127277692021,484638.11707733,4976654.09645658,0.128090259962024,8.933
1110,1,0,accepted,0.0500988345989853,-0.189979744755732,484639.342059066,4976654.27506676,0.127924284205069,8.933
1111,1,0,accepted,0.0685726034445302,-0.157222204085496,484640.58833039,4976654.45117157,0.12826573661537,9.205
1112,1,0,accepted,0.100948207013093,-0.192092689325675,484641.805336091,4976654.63252674,0.127143310117436,10.984
1113,1,0,accepted,0.128849196612372,-0.250627553332105,484643.006895298,4976654.80608981,0.125603850161668,11.601
1114,1,0,accepted,0.132175459541846,-0.167566412849537,484644.159139735,4976654.96617728,0.127035071871877,14.329
1115,1,0,accepted,0.143944169746991,-0.0634885057322777,484645.339385987,4976655.14132043,0.128075355732699,13.829
1116,1,0,accepted,0.16105314518218,-0.0515512417626767,484646.51617966,4976655.3087077,0.128507454153962,15.628
1117,1,0,accepted,0.204724313021136,-0.313159537458817,484647.717178262,4976655.46021106,0.123486977874529,13.932
1118,1,0,accepted,0.179359095070944,0.0913954930670384,484648.839794936,4976655.65223282,0.130005580828916,14.703
1119,1,0,accepted,0.186076940257752,0.198618025248255,484650.002186559,4976655.82736816,0.131634015085842,9.973
1120,1,0,accepted,0.202309684313144,0.220411977983092,484651.162378053,4976655.99267708,0.131709342683861,9.407
1121,1,0,accepted,0.212310040746938,0.281518250701808,484652.330784694,4976656.16905521,0.132758047139174,10.091
1122,1,0,accepted,0.217432637950907,0.299156780364198,484653.475447611,4976656.33856641,0.132953729825874,9.913
1123,1,0,accepted,0.216344568750035,0.349025015630493,484654.605552958,4976656.51370099,0.133398907742326,9.347
1124,1,0,accepted,0.128834271206386,0.23222965235096,484655.695176488,4976656.76338178,0.130990475977044,9.993
1125,1,0,accepted,0.134892195660323,0.159000293011441,484656.774871503,4976656.92669575,0.129439864060898,9.646
1126,1,0,accepted,0.153216189653563,0.16694652778178,484657.913776385,4976657.08319153,0.129267945943695,9.312
1127,1,0,accepted,0.172923856301059,0.198602400993672,484659.04529142,4976657.23792881,0.129592835225746,9.56
1128,1,0,accepted,0.186481275687205,0.18580270175469,484660.185870265,4976657.39831703,0.129244264653142,9.547
1129,1,0,accepted,0.198118304645401,0.146776687171114,484661.324415515,4976657.56172312,0.128172535077948,9.123
1130,1,0,accepted,0.159254947565548,0.0925657081596503,484662.407004689,4976657.77099633,0.126911521197345,8.403
1131,1,0,accepted,0.173620553315623,0.158248541150732,484663.531034865,4976657.92784866,0.12790119619138,8.619
1132,1,0,accepted,0.181377120391407,0.233690342643271,484664.632939341,4976658.09048042,0.128990929362607,8.346
1133,1,0,accepted,0.178703042247962,0.243723876283366,484665.735512954,4976658.26377189,0.129176996230447,8.215
1134,1,0,accepted,0.16717802886696,0.261359222118686,484666.85945334,4976658.44466731,0.129961358249064,8.94
1135,1,0,accepted,0.156592485570324,0.26519702901712,484667.955943748,4976658.62454208,0.130161571789686,8.836
1136,1,0,accepted,0.137434694756645,0.134604422197301,484669.074357485,4976658.8157306,0.128195527202252,8.344
1137,1,0,accepted,0.132332011078407,0.0801468911415791,484670.171772696,4976658.99077072,0.127482667362114,10.262
1138,1,0,accepted,0.111065732020705,-0.0639635051248029,484671.275738411,4976659.18878518,0.125113424644356,10.446
1139,1,0,accepted,0.0823723358508462,-0.0894553151115363,484672.317193244,4976659.37354644,0.124939513492207,8.368
1140,1,0,accepted,0.0929614739951554,-0.0320736119760987,484673.396873707,4976659.53104563,0.126027478663101,7.841
1141,1,0,accepted,0.0992171547949253,-0.01634644236182,484674.502513502,4976659.69868905,0.126494387004323,9.022
1142,1,0,accepted,0.139173903661118,-0.0355344414899668,484675.626740092,4976659.84309689,0.126182992220852,10.168
1143,1,0,accepted,0.147222823987712,0.0650848803732664,484676.688071794,4976660.00054909,0.127929457510896,8.735
1144,1,0,accepted,0.170887743599733,0.132749010446067,484677.755804883,4976660.14348498,0.128985152124701,9.171
1145,1,0,accepted,0.151131614413919,0.0707435391225287,484678.818696426,4976660.33269684,0.128208159103318,9.307
1146,1,0,accepted,0.15325457573409,0.145983488509206,484679.873380606,4976660.49500132,0.129608511828308,10.431
1147,1,0,accepted,0.158493887779023,0.185087620308109,484680.879775285,4976660.63942435,0.130339534920347,9.064
1148,1,0,accepted,0.140398112504891,0.0783721473907716,484681.930598841,4976660.82223136,0.128537034065976,9.232
1149,1,0,accepted,0.215446656237394,0.231735100234568,484683.082536231,4976660.94803295,0.131358169391848,8.926
1150,0,1,acceptedDirectional,0.124833503727707,-0.131661954098459,484684.126780805,4976661.23651603,0.125084563600542,7.538
1151,1,0,accepted,0.123387662110188,0.2329796133734,484684.921284327,4976661.44036773,0.131393717151832,7.68
1152,1,0,accepted,0.133339208908104,0.296635190339355,484685.947277876,4976661.61262756,0.132346617955817,7.322
1153,1,0,accepted,0.125867641231062,0.281662764812745,484686.988354962,4976661.77890489,0.132035412246161,7.421
1154,1,0,accepted,0.125450624743572,0.254193572121986,484688.022814722,4976661.95333215,0.130895474580511,7.062
1155,1,0,accepted,0.120651419607297,0.218878498772918,484689.055277819,4976662.10129951,0.130405375986687,6.673
1156,1,0,accepted,0.121285571963074,0.200668863975202,484690.081086697,4976662.25484411,0.129746721673035,7.306
1157,1,0,accepted,0.0961717923774984,0.134292944896467,484691.105834374,4976662.41358184,0.128478245194412,7.01
1158,1,0,accepted,0.0917351351279576,0.0932992536477982,484692.129594658,4976662.55676171,0.127522035311015,8.023
1159,1,0,accepted,0.078685697156965,0.0766780362847429,484693.156520539,4976662.70932658,0.126883484386579,6.976
1160,1,0,accepted,0.070530692210113,0.0915071727117055,484694.181670715,4976662.8471505,0.126686520700193,6.799
1161,1,0,accepted,0.071282585808565,0.110645730866816,484695.204366052,4976662.98413983,0.126302034993709,7.102
1162,1,0,accepted,0.0874390742936372,0.126960888426319,484696.210945297,4976663.12119408,0.125889758435519,6.629
1163,1,0,accepted,0.0967247125618162,0.155675211158423,484697.234436064,4976663.25650137,0.125615556195682,6.522
1164,1,0,accepted,0.116420229222188,0.188278481632547,484698.227791379,4976663.38655424,0.125225205964601,6.362
1165,1,0,accepted,0.141793957091713,0.245379273081784,484699.238556321,4976663.51191349,0.125217381697215,6.969
1166,1,0,accepted,0.168238290755902,0.27296637680468,484700.259295319,4976663.64037394,0.124660360879241,6.715
1167,1,0,accepted,0.192680838415909,0.326986054676739,484701.264746594,4976663.76969319,0.124621175502213,6.722
1168,1,0,accepted,0.187650710584991,0.31749062063847,484702.229624093,4976663.91474452,0.123458622548684,7.623
1169,1,0,accepted,0.200809822061088,0.300502148460892,484703.214087346,4976664.0468629,0.122225954975549,8.461
1170,1,0,accepted,0.21071631816049,0.332969674716374,484704.19439937,4976664.18011261,0.121628273873885,7.793
