frame,accepted,directional,reason,errorM,yawErrorDeg,x,y,psi,matchingMs
1,0,0,insufficientComponents,0.640312423976002,2,484201.572914107,4977500.52147539,-2.10588080737395,8.017
2,1,0,accepted,0.147061577630224,0.198917300038166,484200.979591089,4977500.80801726,-2.13731802430847,15.592
3,1,0,accepted,0.146864228875986,0.256688011901119,484200.986635935,4977500.80298294,-2.13629009861406,12.393
4,1,0,accepted,0.146907237203105,0.23225334838576,484200.98474198,4977500.8045455,-2.13672115073177,13.546
5,1,0,accepted,0.151237207239631,0.365296767866587,484200.988225922,4977500.79700156,-2.1344025193181,13.262
6,1,0,accepted,0.150004338967876,0.359354250587907,484200.984934379,4977500.80112993,-2.13449104400785,12.342
7,1,0,accepted,0.150755365563441,0.336387244588541,484200.982195263,4977500.80221996,-2.13488537425782,13.12
8,1,0,accepted,0.148867027311567,0.328452765882494,484200.980597295,4977500.80404081,-2.13502768413352,13.991
9,1,0,accepted,0.118181588672192,0.263366736595636,484201.009270366,4977500.81712064,-2.13614569709286,15.868
10,1,0,accepted,0.11262967095297,0.258670274960318,484201.004771063,4977500.81861164,-2.13623755162161,12.008
11,1,0,accepted,0.104333100541414,0.259522653941052,484201.002759994,4977500.8161932,-2.13623260516972,19.407
12,1,0,accepted,0.130558703241791,0.408653743151962,484200.968773309,4977500.7902321,-2.13359709568442,19.162
13,1,0,accepted,0.112172953999627,0.381886306670766,484200.969563089,4977500.78760184,-2.1341062693593,19.639
14,1,0,accepted,0.109794151584624,0.404430590522149,484200.950134663,4977500.77525457,-2.1336413732662,22.687
15,1,0,accepted,0.110264325833699,0.438306179543092,484200.933262518,4977500.74971308,-2.13299013050388,18.258
16,1,0,accepted,0.11090846223308,0.413754847908814,484200.914325023,4977500.71806394,-2.13330588219947,12.162
17,1,0,accepted,0.114653288425793,0.353987572861554,484200.890315945,4977500.68005983,-2.13417664856204,13.681
18,1,0,accepted,0.117571337404304,0.330744208399556,484200.86023796,4977500.64101835,-2.13440459772592,11.453
19,1,0,accepted,0.12043302226,0.237055727963416,484200.828615112,4977500.59494308,-2.13576137796833,11.266
20,1,0,accepted,0.119595563388516,0.262703666437764,484200.79576837,4977500.54715135,-2.1348553070353,14.276
21,1,0,accepted,0.114849527077755,0.257916431591233,484200.76420049,4977500.49450369,-2.13430084000035,10.861
22,1,0,accepted,0.115048629327905,0.405348550916397,484200.736098827,4977500.42205272,-2.13102430623573,10.33
23,1,0,accepted,0.119382750980659,0.75305574751635,484200.703335317,4977500.33992126,-2.12404846497306,11.698
24,0,0,inconsistentClasses,0.11164521214771,0.744146261233955,484200.661307359,4977500.26977439,-2.12292874403109,14.647
25,0,0,inconsistentClasses,0.104526942399209,0.735345196132157,484200.614458355,4977500.19212203,-2.12169297179923,16.691
26,1,0,accepted,0.065487929240014,-0.866857316903483,484200.656912925,4977500.22956654,-2.14753261389542,16.234
27,1,0,accepted,0.0649556040107893,-0.666601648439865,484200.591884422,4977500.12403811,-2.14246625706265,13.278
28,1,0,accepted,0.0646213050304122,-0.80174118137252,484200.51745973,4977500.02019536,-2.14451815451716,12.89
29,1,0,accepted,0.0708617741899251,-0.790181107314363,484200.446570211,4977499.91059722,-2.14216769527506,13.431
30,1,0,accepted,0.0700866253348903,-0.427513094693496,484200.378515373,4977499.78036403,-2.13321999415492,10.685
31,1,0,accepted,0.0651507397622886,-0.185853944384268,484200.297956068,4977499.65539557,-2.12821951411876,11.973
32,1,0,accepted,0.0691740687563633,-0.48612778280631,484200.2220718,4977499.53208912,-2.13243882436777,14.519
33,1,0,accepted,0.0674106792111131,-0.144342233872862,484200.138693465,4977499.39478191,-2.12468459686552,12.448
34,1,0,accepted,0.0917275058722618,0.698175685699134,484199.96224831,4977499.13318615,-2.1079705874535,13.183
35,1,0,accepted,0.0863858116140561,0.645787843519404,484199.875610719,4977498.99399995,-2.10702165226145,12.611
36,1,0,accepted,0.0775273636568979,0.003365114021102,484199.892750082,4977498.95451542,-2.1169273205127,12.746
37,1,0,accepted,0.0779678833525406,0.0520479355542304,484199.800599263,4977498.79603292,-2.11499312762429,11.03
38,1,0,accepted,0.0763118879252741,0.0267792697583736,484199.703614179,4977498.64425284,-2.11398723066556,10.646
39,1,0,accepted,0.0730552116536857,0.00122897579641101,484199.599347673,4977498.48987137,-2.11309574188678,10.599
40,1,0,accepted,0.0800927424216029,0.00484851761571698,484199.505284893,4977498.33327037,-2.11218922065173,10.459
41,1,0,accepted,0.0785082500121757,0.0328041490726911,484199.400887177,4977498.16641127,-2.11134513133782,10.617
42,1,0,accepted,0.0736856165269409,0.062859321314675,484199.296654326,4977497.99312777,-2.11093907579423,11.017
43,1,0,accepted,0.0728576822450226,0.0447820345896012,484199.191691796,4977497.82550046,-2.11122681565955,10.645
44,1,0,accepted,0.0675398220838875,0.142152037860918,484199.093306513,4977497.6432248,-2.10972824233125,10.486
45,1,0,accepted,0.0617869882590055,0.143441613940953,484198.989261969,4977497.47263526,-2.1099009853091,11.739
46,1,0,accepted,0.0545559516664167,0.19420977226518,484198.889932804,4977497.28424588,-2.10892892659275,10.231
47,1,0,accepted,0.0464683268505724,0.242976013975914,484198.785151286,4977497.1070723,-2.10906142745982,10.884
48,1,0,accepted,0.0865840426594579,0.440940915089219,484198.605160943,4977496.86123793,-2.10648276679568,14.29
49,1,0,accepted,0.0995931620955054,0.462453020230034,484198.505498759,4977496.68570784,-2.10686139962521,12.82
50,1,0,accepted,0.101747422456581,0.441785304031774,484198.412026965,4977496.52501147,-2.10786765988827,13.666
51,1,0,accepted,0.0433988573934111,0.222675899539644,484198.421379776,4977496.45361209,-2.11235294273377,11.783
52,1,0,accepted,0.0430654209752427,0.0915856038199627,484198.322713541,4977496.33355711,-2.11467557869073,10.562
53,1,0,accepted,0.0489164538716785,0.148918882164155,484198.24691512,4977496.1737367,-2.11398994116123,11.012
54,1,0,accepted,0.0488280293220974,0.196410163663498,484198.162019586,4977496.01224218,-2.11390774652037,9.965
55,1,0,accepted,0.0479932791366341,0.172905483230859,484198.069940412,4977495.86554786,-2.1146468273154,12.535
56,1,0,accepted,0.0598843014640134,0.240622228751805,484197.990570611,4977495.71367455,-2.11359940700246,18.408
57,1,0,accepted,0.0617253839884602,0.284013900589959,484197.899610382,4977495.55463723,-2.11336017013499,13.129
58,1,0,accepted,0.0621600397401446,0.274472639684182,484197.80342171,4977495.39882246,-2.11391450537906,13.496
59,1,0,accepted,0.0639486688593843,0.264113201806767,484197.703754099,4977495.24017093,-2.11394987624977,11.252
60,1,0,accepted,0.068823455389335,0.273331714341411,484197.609198084,4977495.07398864,-2.11338363606062,10.631
61,1,0,accepted,0.051028552691886,0.220355953366498,484197.490856536,4977494.89596404,-2.11317752465155,11.278
62,1,0,accepted,0.0391612858373846,0.303825236599266,484197.373509508,4977494.71956839,-2.11023775269824,9.746
63,1,0,accepted,0.0228122409945859,0.319977813199454,484197.266681098,4977494.52165269,-2.10743886372302,10.281
64,1,0,accepted,0.0178176895535457,0.321071698893881,484197.157833613,4977494.33043136,-2.10604679457541,10.064
65,1,0,accepted,0.00986558730155073,0.353212204680507,484197.045698481,4977494.1474543,-2.10477622653015,9.741
66,1,0,accepted,0.00809836027586962,0.313712926747175,484196.941479079,4977493.96615552,-2.10358817592196,13.118
67,1,0,accepted,0.00897453871695262,0.264716751739778,484196.831773481,4977493.77672163,-2.1011533453708,10.195
68,1,0,accepted,0.00993828528772407,0.266581519748614,484196.72065637,4977493.58180655,-2.09679146949349,10.272
69,1,0,accepted,0.0307171961149212,0.29567551517185,484196.629600591,4977493.36942748,-2.09065339458382,10.612
70,1,0,accepted,0.0303574535734011,0.203097782985155,484196.517343974,4977493.17692352,-2.08505335480409,10.585
71,1,0,accepted,0.0866081793109025,0.490583062734365,484196.318488689,4977492.88739739,-2.07156400748669,12.695
72,1,0,accepted,0.0307962707710901,-0.0930149528857133,484196.224360068,4977492.7573216,-2.07187074466682,16.028
73,1,0,accepted,0.0249839724598027,-0.033525529699009,484196.098062664,4977492.50541273,-2.05935682944644,15.731
74,1,0,accepted,0.0233069866798542,0.0050409279499116,484195.954026748,4977492.23883469,-2.04522632459734,17.208
75,1,0,accepted,0.0140832403373022,0.0538995888247081,484195.800705086,4977491.94400458,-2.02871854560296,15.327
76,1,0,accepted,0.0265966647102011,0.0160594222301992,484195.662107221,4977491.66623884,-2.01277922518932,16.273
77,1,0,accepted,0.0352012217485609,0.0355029242406907,484195.508491467,4977491.36447627,-1.99626258412986,14.476
78,1,0,accepted,0.0430572322008608,-0.118947539403692,484195.357094168,4977491.04236664,-1.97949454040862,12.834
79,1,0,accepted,0.0131608188105536,-0.0708511764722768,484195.211747245,4977490.66397717,-1.9586164347689,18.918
80,1,0,accepted,0.0285998480307436,-0.209219853832095,484195.075825117,4977490.3118781,-1.93856826118775,13.321
81,1,0,accepted,0.0397556213111862,-0.319122123590255,484194.937661315,4977489.94055506,-1.91606756973309,13.341
82,1,0,accepted,0.0579160883463684,-0.289231472820643,484194.785367026,4977489.58034604,-1.89003190720986,14.41
83,1,0,accepted,0.0582403255510974,-0.227419164123857,484194.626218852,4977489.17905809,-1.86189636353875,10.136
84,1,0,accepted,0.078626849614545,-0.295037458566777,484194.50807407,4977488.78473661,-1.83645549041411,11.75
85,1,0,accepted,0.0815573419718359,-0.254121918622746,484194.374218537,4977488.35794535,-1.8087290181422,13.13
86,1,0,accepted,0.0920498253998216,-0.18921334905975,484194.251192111,4977487.92646759,-1.7816639760277,12.842
87,1,0,accepted,0.096183734413809,-0.252457122697561,484194.156720136,4977487.47663845,-1.75533153144691,14.643
88,1,0,accepted,0.0881008818259242,-0.271227521839981,484194.071957781,4977487.00661583,-1.7287186476538,14.604
89,1,0,accepted,0.0903368735615118,-0.23119882195183,484193.987694474,4977486.54247274,-1.70018822769853,12.896
90,1,0,accepted,0.0964528182222136,-0.106301457135957,484193.939588926,4977486.0671887,-1.66973573870686,15.383
91,1,0,accepted,0.099149976046944,-0.232034639956176,484193.884806136,4977485.57909482,-1.64206220673919,16.939
92,1,0,accepted,0.0986303414231661,-0.226927102844264,484193.837062437,4977485.08116928,-1.61203592654034,15.626
93,1,0,accepted,0.104019704859705,-0.262434026016876,484193.798711562,4977484.58184581,-1.58290432627515,20.609
94,0,0,notConverged,0.104731233754659,-0.281269459450945,484193.767408068,4977484.07109405,-1.55337834051336,42.802
95,1,0,accepted,0.110676939084115,-0.486259710728198,484193.772072872,4977483.55116315,-1.52632619715873,14.217
96,1,0,accepted,0.121962350319808,-0.433066147667566,484193.784848999,4977483.0290967,-1.49402376691911,14.782
97,1,0,accepted,0.1425089459467,-0.558640558757208,484193.807447344,4977482.5188952,-1.46512603602175,13.436
98,1,0,accepted,0.164509748433336,-0.79257813536604,484193.861828525,4977482.00155964,-1.43769959172274,15.667
99,1,0,accepted,0.137189165288806,-0.673623442115812,484193.932796103,4977481.42728581,-1.40534880952996,20.654
100,1,0,accepted,0.124686712669711,-0.659801365386268,484194.013705783,4977480.86504177,-1.37448585476966,13.519
101,1,0,accepted,0.100982342791661,-0.526281105685361,484194.107309994,4977480.27489698,-1.34325131618365,14.007
102,1,0,accepted,0.0842698527293055,-0.396610691556063,484194.26250501,4977479.70169596,-1.3139359650847,14.229
103,1,0,accepted,0.0790386457006119,-0.374160462536364,484194.388651491,4977479.12843684,-1.28765207031404,12.487
104,1,0,accepted,0.0889694529105009,-0.330252445717077,484194.54617002,4977478.56669521,-1.26182758603035,16.831
105,1,0,accepted,0.0928869640442388,-0.311288997404376,484194.71614973,4977477.99012577,-1.23776591103384,13.09
106,1,0,accepted,0.0942127917821654,-0.269842322153658,484194.912904128,4977477.40874491,-1.21603377487205,15.588
107,1,0,accepted,0.0768953811237276,-0.0578070306529028,484195.127158387,4977476.79939148,-1.19398196928218,16.85
108,1,0,accepted,0.0718596416881854,-0.00608239708502901,484195.36149788,4977476.20237637,-1.17689178164781,14.084
109,1,0,accepted,0.0799389993831866,0.0559622824756934,484195.613305506,4977475.60354099,-1.16154326874558,27.963
110,1,0,accepted,0.0773584440867785,0.164535160018867,484195.875444958,4977475.01673823,-1.14803052840458,21.327
111,1,0,accepted,0.0735117760376028,0.337515981265914,484196.150396826,4977474.4044475,-1.13464198718149,18.881
112,1,0,accepted,0.116624323640863,0.252334083498684,484196.419600985,4977473.83049842,-1.12737570164319,16.277
113,1,0,accepted,0.0691482454519044,0.376944600436885,484196.733479731,4977473.15081273,-1.11778058824105,13.623
114,1,0,accepted,0.0718942060552213,0.246721530393862,484197.05495583,4977472.53705406,-1.11406478705046,15.278
115,1,0,accepted,0.118996944969555,0.213261795248622,484197.35876184,4977471.94812442,-1.10970791118409,11.891
116,1,0,accepted,0.103327108276169,0.434156611434419,484197.691399703,4977471.28272402,-1.10216502133105,13.785
117,1,0,accepted,0.0547703760219617,0.231920160330917,484198.084104134,4977470.60421461,-1.10270636876886,13.523
118,1,0,accepted,0.0502639473108365,0.553037652412999,484198.482869643,4977469.87614587,-1.09569756161223,13.27
119,1,0,accepted,0.0526579364216076,0.62630429847244,484198.834914305,4977469.18226583,-1.09449800905064,12.278
120,1,0,accepted,0.0361138636592477,0.422409116096094,484199.185235669,4977468.52259035,-1.09926602166718,12.878
121,1,0,accepted,0.0350342172268124,0.290730203148242,484199.546707501,4977467.81921464,-1.10380654902823,14.578
122,1,0,accepted,0.0337490151478974,0.238707539257524,484199.907219836,4977467.10535829,-1.10602526557822,11.63
123,1,0,accepted,0.0415406020585219,0.198385864039282,484200.282028158,4977466.39832876,-1.10880729395151,15.293
124,1,0,accepted,0.0463818859410906,0.289574263634043,484200.645290837,4977465.65886105,-1.10954675255018,13.613
125,1,0,accepted,0.0634679230698183,0.0309622876248731,484201.046594095,4977464.92185619,-1.11749152297614,18.259
126,1,0,accepted,0.0558923254874232,0.113967476491204,484201.413197101,4977464.17422988,-1.12020328686779,20.59
127,1,0,accepted,0.050001884812064,0.0730816054593356,484201.786397807,4977463.42078391,-1.1260037518755,17.586
128,1,0,accepted,0.0619135519896995,0.275021341482139,484202.1591754,4977462.63743819,-1.128321943425,21.642
129,1,0,accepted,0.0513201764975658,0.269633637366945,484202.540644611,4977461.8642185,-1.13393304320615,18.077
130,1,0,accepted,0.0538568804102989,0.202716067851704,484202.927668284,4977461.08284733,-1.14172415131796,19.762
131,1,0,accepted,0.0668956390439822,0.280613003595326,484203.302382213,4977460.27267805,-1.14618560640819,16.933
132,1,0,accepted,0.0694383699066274,0.16810200506407,484203.674096431,4977459.46159313,-1.15525699974533,17.388
133,1,0,accepted,0.0893951663989079,0.312673061167184,484204.042707142,4977458.62846028,-1.15951761167752,18.488
134,1,0,accepted,0.109837472001476,0.304332523759469,484204.416606314,4977457.77516997,-1.16651640389659,14.025
135,1,0,accepted,0.145280767437437,0.425224294801486,484204.772399645,4977456.90750525,-1.17125122016603,13.013
136,1,0,accepted,0.162016097924025,0.510286306150746,484205.14642073,4977456.03639383,-1.17669511249926,14.332
137,1,0,accepted,0.168839804291468,0.584658178331613,484205.524294456,4977455.15890575,-1.18232076819338,17.958
138,1,0,accepted,0.146731449791003,0.356731731398678,484205.922736977,4977454.29651741,-1.19325242105721,17.786
139,1,0,accepted,0.0944350595565402,0.36133169791742,484206.303540984,4977453.47400333,-1.19986975678924,15.669
140,1,0,accepted,0.0438692919535635,0.280735926992446,484206.738011571,4977452.66100121,-1.20837620092382,17.881
141,1,0,accepted,0.0509196580406232,0.28926217139568,484207.120313684,4977451.7683307,-1.21507232457724,21.703
142,1,0,accepted,0.0693608872884725,0.178010478996327,484207.485990178,4977450.86656546,-1.22368330589902,25.836
143,1,0,accepted,0.0575247711064189,0.306182440026265,484207.834428552,4977449.92558821,-1.22850913687961,23.571
144,1,0,accepted,0.0296596174088286,0.125880673337114,484208.188359785,4977448.94193526,-1.23830696933282,18.103
145,1,0,accepted,0.0574539486559507,0.22889739988006,484208.544024951,4977447.94896132,-1.24414182355055,17.884
146,1,0,accepted,0.0605946076663498,0.266308506314195,484208.910536098,4977446.98858322,-1.24938974477015,16.934
147,1,0,accepted,0.217819608031507,0.536885594141154,484209.235001508,4977445.86905577,-1.2523691118659,18.863
148,1,0,accepted,0.209728303290822,0.414744675983316,484209.590900119,4977444.91106665,-1.26084101696291,19.603
149,1,0,accepted,0.167898513723025,0.345670214525456,484209.927141884,4977443.97932329,-1.26890868231642,16.349
150,0,0,inconsistentClasses,0.183007172867743,0.329990081550163,484210.238818037,4977443.00543289,-1.27559384218224,18.743
151,1,0,accepted,0.0957137651680807,0.252859949968598,484210.574042611,4977442.1202491,-1.28411243106809,19.598
152,1,0,accepted,0.110683894326562,0.322233682009565,484210.883291414,4977441.11613454,-1.28989411483966,19.997
153,1,0,accepted,0.123337012875014,0.245266920232831,484211.180753346,4977440.12989539,-1.29787737019096,21.061
154,1,0,accepted,0.130991976188133,0.23384065663366,484211.481577127,4977439.13705484,-1.30429881489114,16.976
155,1,0,accepted,0.145370832889709,0.2817821773951,484211.770974212,4977438.14669199,-1.31065383080121,14.041
156,1,0,accepted,0.160699640009569,0.289740730577822,484212.055848467,4977437.13890162,-1.31718702957455,18.822
157,1,0,accepted,0.159408024950948,0.264921028638696,484212.339648421,4977436.1711158,-1.32460791512337,18.19
158,1,0,accepted,0.221552254970172,-0.507884249273605,484212.965850685,4977435.07398025,-1.34505589057795,19.099
159,1,0,accepted,0.179387158480451,-0.521024946158438,484213.221864981,4977434.06681114,-1.35170771552943,17.118
160,1,0,accepted,0.151953304218518,-0.297763602579319,484213.453503961,4977433.04306149,-1.35417065078019,22.835
161,1,0,accepted,0.119147314689833,-0.192024396936432,484213.690713582,4977432.03318538,-1.35917708316317,18.773
162,1,0,accepted,0.0718264156154824,-0.222297324231111,484213.930518964,4977431.04956932,-1.36633929490813,18.671
163,1,0,accepted,0.0613309468670069,-0.0134152006961977,484214.148603755,4977430.01641992,-1.36908691655826,17.295
164,1,0,accepted,0.0704658755519963,-0.00624694256048695,484214.357141262,4977429.0159997,-1.37539261079464,14.875
165,1,0,accepted,0.0827861438070361,-0.00315177444131657,484214.580365369,4977428.00782033,-1.38140202698156,13.012
166,1,0,accepted,0.109323785385278,0.129799043765144,484214.798481836,4977426.95714788,-1.38535203458363,14.24
167,1,0,accepted,0.137227143179767,0.31742899584461,484215.006561105,4977425.91958129,-1.38825426015058,14.926
168,1,0,accepted,0.163213524322299,0.281282093791874,484215.207535875,4977424.90498162,-1.3956755246438,14.75
169,1,0,accepted,0.187398955906801,0.370321818206699,484215.407216532,4977423.87073607,-1.40073221039224,15.115
170,1,0,accepted,0.214007802509538,0.451478956487613,484215.597689539,4977422.83307279,-1.4060027897177,14.023
171,1,0,accepted,0.228826135002455,0.55163094259968,484215.79160134,4977421.7893037,-1.41145577564183,16.553
172,1,0,accepted,0.254523815347596,0.52661181804878,484215.969342483,4977420.74746353,-1.41913120040097,13.832
173,1,0,accepted,0.270385501492766,0.62126795684378,484216.148315073,4977419.68873945,-1.42506381771825,23.242
174,1,0,accepted,0.281191581642274,0.667463195414211,484216.32429577,4977418.6250673,-1.43159457595699,20.98
175,1,0,accepted,0.304877508007431,0.739627915204145,484216.48144197,4977417.5659662,-1.43766322446533,26.702
176,1,0,accepted,0.32150301377565,0.678652173781344,484216.637764366,4977416.50414496,-1.4460622970671,21.553
177,1,0,accepted,0.320736530121549,0.834228063818707,484216.80181388,4977415.43176128,-1.45078897828194,18.361
178,1,0,accepted,0.315380318635401,0.77869937487633,484216.964066367,4977414.32801632,-1.45909715295043,25.65
179,1,0,accepted,0.231216923205691,0.713291240118308,484217.264248987,4977413.09943528,-1.46769316095636,24.814
180,1,0,accepted,0.230664666591482,0.562321590747672,484217.401442459,4977412.02464065,-1.47738397846262,15.406
181,1,0,accepted,0.213925167509657,0.537890573439857,484217.564170823,4977410.93322432,-1.48553813459686,17.183
182,1,0,coarseRetainedByTrustRadius,0.288288984302549,0.566159708229052,484217.777074211,4977409.72343806,-1.49176030453935,16.111
183,1,0,coarseRetainedByTrustRadius,0.270887989259368,0.468177612109823,484217.893260467,4977408.63832306,-1.50060138897133,16.143
184,1,0,coarseRetainedByTrustRadius,0.283419923402976,0.608893283625505,484217.984819406,4977407.54766244,-1.50489947514295,13.71
185,1,0,coarseRetainedByTrustRadius,0.176813531856144,0.0420244583602418,484218.184836217,4977406.53970446,-1.5215151631172,19.165
186,1,0,accepted,0.0620458882981576,-0.302890093133368,484218.227451734,4977405.56970938,-1.53434485703293,19.557
187,1,0,accepted,0.19643327793059,-0.648355869365127,484218.521739904,4977404.37159435,-1.54726970926864,16.141
188,1,0,accepted,0.160167194551433,-0.593299260568436,484218.561615703,4977403.25606727,-1.55233071531974,17.978
189,1,0,accepted,0.126026427732302,-0.376363575631936,484218.586258918,4977402.12823253,-1.55394406578427,13.464
190,1,0,accepted,0.11615137519847,-0.0281706529157671,484218.623586941,4977401.01459928,-1.5525613583905,19.782
191,1,0,accepted,0.0984175824765809,0.148102221528514,484218.667353771,4977399.89354117,-1.55393847620889,16.137
192,1,0,accepted,0.086545500532981,0.131105142188183,484218.673137528,4977398.77411004,-1.5578264757247,16.852
193,1,0,accepted,0.0840112232643231,0.199185407180764,484218.704661132,4977397.64595886,-1.55968044787391,18.19
194,1,0,accepted,0.0835405868766024,0.208526530671705,484218.738926226,4977396.51028437,-1.56209314259283,21.136
195,1,0,accepted,0.0779295919685204,0.0579996176646072,484218.777673984,4977395.39154012,-1.5669738509735,16.537
196,1,0,accepted,0.0314538829354026,-0.167918972205341,484218.872336927,4977394.24488728,-1.57333474502796,21.343
197,1,0,accepted,0.0835643947663026,0.00652932014523482,484218.858887821,4977393.08430926,-1.57236838222775,18.874
198,1,0,accepted,0.0937545274554831,0.0498616899037156,484218.885767633,4977391.91150191,-1.57344146927927,19.201
199,1,0,accepted,0.13493979099054,0.255651323205703,484218.882118812,4977390.74491392,-1.57160308142643,18.444
200,1,0,accepted,0.076286615797139,-0.0487313410514937,484218.971174579,4977389.54077214,-1.57869390301391,20.144
201,1,0,accepted,0.109588796916135,0.0189773409627639,484218.971648178,4977388.35743827,-1.57888894847464,20.547
202,1,0,accepted,0.170890327386522,0.310972575244109,484218.942154795,4977387.17778702,-1.57511761612789,18.78
203,1,0,accepted,0.175900886841689,0.350991878406473,484218.95977314,4977386.03958467,-1.57563996624404,18.787
204,1,0,accepted,0.195545775118487,0.343802100790251,484218.961958248,4977384.8129759,-1.57531832787904,18.93
205,1,0,accepted,0.211879298615579,0.412051355344678,484218.968467577,4977383.57956576,-1.57376779699911,15.714
206,1,0,accepted,0.239218980285419,0.494792590886654,484218.966554072,4977382.3291018,-1.57113964943808,16.334
207,1,0,accepted,0.251062989830412,0.465860435564127,484218.983622771,4977381.07636934,-1.57018880929633,16.301
208,1,0,accepted,0.264739799253249,0.502909459867797,484218.996806309,4977379.84050936,-1.56740718056252,16.026
209,1,0,accepted,0.273884614452593,0.441661978813936,484219.017698498,4977378.58266062,-1.56569166456072,16.268
210,1,0,accepted,0.271346375919958,0.371833507980114,484219.048896453,4977377.34569467,-1.56382793923788,17.944
211,1,0,accepted,0.0473015209898265,0.142161175767362,484219.30533024,4977376.16337338,-1.56418552607598,16.427
212,1,0,accepted,0.0694425100254925,0.099932548567522,484219.31855908,4977374.9014075,-1.56105430326641,15.434
213,1,0,accepted,0.0923404662114788,0.076998083054659,484219.339178391,4977373.63686056,-1.55738686157965,14.623
214,1,0,accepted,0.100295956317113,0.190805766520666,484219.379688918,4977372.3722985,-1.55143125153906,14.99
215,1,0,accepted,0.0865521339519939,0.346709340897925,484219.448980717,4977371.06378321,-1.54410585661787,18.222
216,1,0,accepted,0.0998361015787284,0.412512584871713,484219.504721073,4977369.7632937,-1.53792261565835,18.019
217,1,0,accepted,0.101983417215436,0.378974922070896,484219.550647795,4977368.52380282,-1.53359351842044,15.009
218,1,0,accepted,0.105522131147552,0.298436659549416,484219.61608916,4977367.2334389,-1.52964780047836,13.355
219,1,0,accepted,0.108832921099235,0.251243996533404,484219.682684264,4977365.96590826,-1.52523321053048,16.975
220,1,0,accepted,0.134485648761428,0.201922953319567,484219.7582483,4977364.7631533,-1.52061000557626,17.723
221,1,0,accepted,0.160628963127373,0.226477655801037,484219.82745244,4977363.49680865,-1.51465993230948,15.418
222,1,0,accepted,0.177466147608779,0.150759366337919,484219.906055918,4977362.2068702,-1.51036585384449,13.356
223,1,0,accepted,0.207050267108983,0.164099072977015,484219.988519404,4977360.9295209,-1.50395182099564,13.658
224,1,0,accepted,0.133066132298797,-0.139369533281698,484220.289294945,4977359.64991838,-1.50292059526257,13.642
225,1,0,accepted,0.133515615803187,-0.154655681967894,484220.395272935,4977358.34737944,-1.49663696285366,19.492
226,1,0,accepted,0.150349682491964,0.0217307632573065,484220.485669411,4977357.05643422,-1.48709068738245,19.565
227,1,0,accepted,0.14357956079948,-0.0624684623597244,484220.613369022,4977355.72482905,-1.48184966977589,19.878
228,1,0,accepted,0.138956668122593,0.0166546763048905,484220.726332074,4977354.42673941,-1.47359195473029,19.768
229,1,0,accepted,0.140135712663598,0.0281006650908954,484220.860050585,4977353.10879362,-1.46659492704562,15.694
230,1,0,accepted,0.142163745632595,0.168931987478655,484221.015770842,4977351.80015881,-1.45771998923022,14.811
231,1,0,accepted,0.13542272431514,0.108914005133682,484221.183812208,4977350.47703363,-1.45192058929033,16.799
232,1,0,accepted,0.116713463123801,0.150434736175183,484221.371147574,4977349.14596384,-1.44492293555915,21.349
233,1,0,coarseRetainedByTrustRadius,0.144735135853062,0.187839626873759,484221.57639941,4977347.89654811,-1.43772487117012,19.616
234,1,0,coarseRetainedByTrustRadius,0.168811330109912,0.309613004117371,484221.747653715,4977346.59213617,-1.42902739400199,14.472
235,1,0,accepted,0.0762150591004969,0.0809012273841216,484222.043506893,4977345.22858891,-1.42654769388379,16.192
236,1,0,accepted,0.0743030399407792,-0.037871145617423,484222.242267035,4977343.89492804,-1.42206480834805,17.247
237,1,0,accepted,0.0848603041438412,-0.037091420609384,484222.444928068,4977342.56585652,-1.41538762254712,18.947
238,1,0,accepted,0.0772559720508489,-0.100349289549136,484222.669747657,4977341.22083769,-1.40989688590473,16.183
239,1,0,accepted,0.0585843181564019,-0.125343331236132,484222.927949926,4977339.88316641,-1.40341585400881,20.597
240,1,0,accepted,0.183498708115231,0.134024358631967,484223.094509525,4977338.44218071,-1.39276272256148,18.401
241,1,0,accepted,0.197080079684634,0.159556094319441,484223.332905031,4977337.13904758,-1.38544459289624,18.757
242,1,0,accepted,0.216052324475582,0.124318383753673,484223.58273518,4977335.81261469,-1.37996454942198,22.744
243,1,0,accepted,0.234813119142513,0.181851427600875,484223.83593874,4977334.50008779,-1.37289723531333,19.013
244,1,0,accepted,0.242551997770671,0.295838245836114,484224.114635839,4977333.18288803,-1.3652135498065,17.546
245,1,0,accepted,0.228549946252451,0.53839159117502,484224.421955285,4977331.87254575,-1.35612693379328,14.041
246,1,0,accepted,0.178211312973298,0.735458493497915,484224.762757379,4977330.63584795,-1.34899280210272,14.579
247,1,0,accepted,0.183330357220354,1.01394554387376,484225.092624474,4977329.38406222,-1.34137493387556,16.079
248,1,0,accepted,0.135663974928442,0.779495768823553,484225.436403876,4977327.99585471,-1.34353812145326,15.904
249,1,0,accepted,0.120379214815752,0.684174961035486,484225.771626981,4977326.64249714,-1.34300494953176,13.13
250,1,0,accepted,0.124166099269662,0.646374934625418,484226.099172277,4977325.27903493,-1.34152490775223,16.005
251,1,0,accepted,0.130251251757534,0.412722093593902,484226.443728267,4977323.90167252,-1.34391765551539,14.7
252,1,0,accepted,0.13471800776509,0.33273195960284,484226.797463849,4977322.53191783,-1.34377999983534,15.145
253,1,0,accepted,0.145867243077075,0.327789917218336,484227.126770698,4977321.17387226,-1.34259860811061,17.223
254,1,0,accepted,0.06883880754981,0.162029704972017,484227.505208938,4977319.91403748,-1.34372983585585,15.089
255,1,0,accepted,0.0772763137754995,0.130609503029514,484227.835365005,4977318.5576711,-1.34245632182726,14.617
256,1,0,accepted,0.0641566260782893,0.251052033573588,484228.175844304,4977317.22900487,-1.33914791582479,24.145
257,1,0,accepted,0.0575355402968302,0.239446976281687,484228.516112313,4977315.89863086,-1.33793372290762,18.647
258,1,0,accepted,0.0561440466167337,0.265296784002209,484228.870906135,4977314.53237257,-1.33723914343785,17.47
259,1,0,accepted,0.0633611623877894,0.242224402468891,484229.201770022,4977313.19575145,-1.33612227241384,16.686
260,1,0,accepted,0.0303699394359206,0.0670590612063858,484229.587853981,4977311.86511219,-1.33852543918977,16.631
261,1,0,accepted,0.0410397312607654,0.0953315031161365,484229.923678061,4977310.52468573,-1.33716662438912,15.926
262,1,0,accepted,0.0557271680043794,0.0842685893231205,484230.263428222,4977309.16124281,-1.33632909986349,14.278
263,1,0,accepted,0.0794335097299201,0.0599589071078035,484230.594489536,4977307.78706446,-1.33649326539102,16.265
264,1,0,accepted,0.103215907245363,0.0792812788585431,484230.92984822,4977306.40587295,-1.33481295167418,16.389
265,1,0,accepted,0.127836495244749,0.185849730592862,484231.276747404,4977304.99519718,-1.33268182443213,14.48
266,1,0,accepted,0.14685549822289,0.235282356052429,484231.621864238,4977303.62001352,-1.33141524094288,13.343
267,1,0,accepted,0.100421087313612,0.0233680972814081,484232.132211812,4977302.403693,-1.33452980929612,13.505
268,1,0,accepted,0.0688117369629658,0.00946867101991071,484232.484849359,4977300.99529962,-1.33383623200217,14.047
269,1,0,accepted,0.041216043329814,-0.0119807213746269,484232.843163637,4977299.58666257,-1.33338816313465,15.324
270,1,0,accepted,0.033073826099613,0.0200230906489133,484233.197527856,4977298.17209382,-1.3324993892786,14.832
271,1,0,accepted,0.0422304018661477,0.0266123294829324,484233.562984554,4977296.74857121,-1.33210791260842,13.483
272,1,0,accepted,0.0723368200505829,0.0010170682331403,484233.914538513,4977295.33878398,-1.33244709196207,16.713
273,1,0,accepted,0.0975899206272126,0.0454524779492706,484234.269913376,4977293.92979564,-1.33210669954062,13.198
274,1,0,accepted,0.123627639118708,-0.0370081535334137,484234.626702214,4977292.52840707,-1.33384753163987,15.471
275,1,0,accepted,0.144880096494103,0.00739801372763356,484234.986220821,4977291.11713743,-1.33411816625524,15.951
276,1,0,accepted,0.162275690210515,0.0158132968852586,484235.353570495,4977289.70097724,-1.3348755814818,14.904
277,1,0,accepted,0.182385328144254,0.018936384310496,484235.712653271,4977288.28300228,-1.33593413016312,14.803
278,1,0,accepted,0.209664101442823,0.0506547725251431,484236.06120572,4977286.86644178,-1.33617878301745,15.581
279,1,0,accepted,0.235119848747882,0.090422553913339,484236.419128453,4977285.43126305,-1.33757222678632,12.707
280,1,0,accepted,0.272581569481835,0.17067228721578,484236.749888419,4977284.01634766,-1.33727596877366,12.147
281,1,0,accepted,0.182134979819095,0.232023702793512,484237.171187129,4977282.68343657,-1.33814210013769,14.42
282,1,0,accepted,0.118635982622252,0.255541863777215,484237.580468004,4977281.3307472,-1.34010827229852,12.909
283,1,0,accepted,0.0994164112008896,0.353216736289017,484237.966802699,4977279.97230604,-1.34034580502781,11.484
284,1,0,accepted,0.103213220437294,0.413128677415517,484238.355711544,4977278.59048703,-1.34272342195071,12.118
285,1,0,accepted,0.131666808321515,0.505029115686462,484238.736351426,4977277.21711105,-1.34460824662671,10.034
286,1,0,accepted,0.0685485188171473,0.302313014068324,484239.126358846,4977275.71296002,-1.35182536844709,12.092
287,1,0,accepted,0.000504461291842961,0.0404623377925833,484239.495038987,4977274.24556055,-1.35900950995638,13.639
288,1,0,accepted,0.0448448763467946,0.120470575651321,484239.808517725,4977272.78115744,-1.36112422145097,11.516
289,1,0,accepted,0.0859915157556464,-0.0566422259602562,484240.145219002,4977271.29118881,-1.36711532387097,11.205
290,1,0,accepted,0.122880399244998,-0.136672613406089,484240.45799044,4977269.8232182,-1.37205790548747,11.954
291,1,0,accepted,0.138063442578028,-0.09812485507198,484240.771085864,4977268.38037456,-1.37478467858606,12.824
292,1,0,accepted,0.149787773855602,0.0289736624817887,484241.080552452,4977266.93329678,-1.37591272738671,11.321
293,1,0,accepted,0.153350623559116,0.35303538411926,484241.376135141,4977265.54524369,-1.3740060634079,12.736
294,1,0,accepted,0.163137547364112,0.439509106004303,484241.689246469,4977264.09497077,-1.37630515652804,12.23
295,1,0,accepted,0.0778247579932973,0.00726256285458152,484242.126256968,4977262.62589382,-1.38680015991578,13.427
296,1,0,accepted,0.0749258057301778,-0.0772213494512057,484242.458045935,4977261.17168772,-1.39129485797295,13.307
297,1,0,accepted,0.0723075733956641,-0.208146247305184,484242.773628302,4977259.72621033,-1.39674723112899,12.488
298,1,0,accepted,0.0816735765141352,-0.167865782035823,484243.060614224,4977258.26930673,-1.39935472209461,14.308
299,1,0,accepted,0.066629374087033,-0.248386375744893,484243.344857921,4977256.83031499,-1.4042098419391,13.641
300,1,0,accepted,0.0982452325838945,-0.175899662315673,484243.601472083,4977255.38431135,-1.4061623606511,13.332
301,1,0,accepted,0.148181540148192,0.0295984582157818,484243.838592655,4977253.91926517,-1.40550291415589,13.02
302,1,0,accepted,0.119181477444628,0.205193644530131,484244.144286156,4977252.49447269,-1.40575147475381,13.125
303,1,0,accepted,0.0631085437320894,0.0753341287200178,484244.566681614,4977251.16673086,-1.41095638887092,14.271
304,1,0,accepted,0.0639627841666406,0.0638041149204884,484244.838572016,4977249.72501423,-1.41434703981255,12.098
305,1,0,accepted,0.102017897772272,-0.111990016906619,484245.120432015,4977248.33098016,-1.42063928641119,12.228
306,1,0,accepted,0.0831656094380462,-0.246401010803139,484245.351481177,4977246.89036015,-1.42572737093046,10.691
307,1,0,accepted,0.0669915031545823,-0.239168835104061,484245.577714892,4977245.44124196,-1.42883514316422,13.697
308,1,0,accepted,0.0612227187888259,-0.149805399971438,484245.799895059,4977243.99346993,-1.43045024608594,13.62
309,1,0,accepted,0.0655078269139509,-0.0342107480800268,484246.022999158,4977242.55029038,-1.431565900333,14.902
310,1,0,accepted,0.0619380148704033,0.0917121133339472,484246.26755692,4977241.12699248,-1.43260627049394,12.993
311,1,0,accepted,0.0797495773558133,0.0566530619525931,484246.474469353,4977239.66181008,-1.43598100106338,12.546
312,1,0,accepted,0.0792160935524624,0.109786405289737,484246.702981964,4977238.21539803,-1.4374642591828,12.865
313,1,0,accepted,0.0865465113619181,0.0694193434190697,484246.915417487,4977236.80265628,-1.43996004453007,12.144
314,1,0,accepted,0.100875358428733,0.154468123113736,484247.128994812,4977235.35938871,-1.44132982446815,12.556
315,1,0,accepted,0.1285292806883,0.0224749906773886,484247.324523232,4977233.93346214,-1.44601578254197,11.961
316,1,0,accepted,0.137653236827617,0.0818694433077914,484247.52854966,4977232.54182872,-1.44819991765519,12.618
317,1,0,accepted,0.156440675052459,0.0186194964043174,484247.73265398,4977231.11113489,-1.45177247209536,13.295
318,1,0,coarseRetainedByTrustRadius,0.121631817515878,-0.812321033843333,484248.164680643,4977229.83217605,-1.46840794454344,16.947
319,1,0,coarseRetainedByTrustRadius,0.0753336112411327,-0.726593565855582,484248.330426518,4977228.38456872,-1.469060539651,11.895
320,1,0,coarseRetainedByTrustRadius,0.0271470315752193,-0.754209622511183,484248.503579841,4977226.92183291,-1.47135207680598,11.024
321,1,0,coarseRetainedByTrustRadius,0.0247584313016107,-0.75612588748194,484248.67544068,4977225.46816055,-1.47359362486452,10.604
322,1,0,coarseRetainedByTrustRadius,0.0382128563393496,-0.602355762037849,484248.87255633,4977224.02974408,-1.47315660147673,15.132
323,1,0,accepted,0.0341759827707961,-0.613867737384986,484249.112938303,4977222.66022514,-1.47558892324457,16.453
324,1,0,accepted,0.0232818955095193,-0.34321879652335,484249.255523837,4977221.21032789,-1.47312305331279,15.047
325,1,0,accepted,0.0723550787698189,-0.378728154491968,484249.416892991,4977219.72086079,-1.47591065562527,13.193
326,1,0,accepted,0.127657369122392,-0.510694273671543,484249.579302028,4977218.25184239,-1.48001142037416,12.03
327,1,0,accepted,0.170940102981506,-0.314198130481075,484249.725382024,4977216.82753693,-1.47826929550071,11.766
328,1,0,accepted,0.18579109671282,-0.188734764507672,484249.874268191,4977215.3842696,-1.4781487187087,13.775
329,1,0,accepted,0.166936395173679,-0.0683818050665489,484250.046020185,4977213.97910879,-1.47687077059619,15.776
330,1,0,accepted,0.123939588490574,-0.0711357124376892,484250.237157504,4977212.61394648,-1.47922770213995,14.084
331,1,0,accepted,0.137323235194755,-0.0131018123778585,484250.395243305,4977211.1831866,-1.47970552520427,14.251
332,1,0,accepted,0.125604926736252,0.00877712163827631,484250.623050881,4977209.68110061,-1.47945747018573,14.366
333,1,0,accepted,0.148117765834444,0.109385813028302,484250.778227149,4977208.23823967,-1.48009619189377,14.588
334,1,0,accepted,0.158032151220978,0.0511400804937077,484251.013393493,4977206.77735705,-1.48272057084066,20.567
335,1,0,accepted,0.179770612910173,0.00828218999029402,484251.170633859,4977205.32696834,-1.48434267993998,18.801
336,1,0,accepted,0.148857734369921,-0.17475324550828,484251.313522325,4977203.92647124,-1.48901407452274,18.791
337,1,0,accepted,0.145556427099148,-0.0452473714527517,484251.389700376,4977202.54034997,-1.48853805121163,16.148
338,1,0,accepted,0.19154827100355,0.165619279243803,484251.503696352,4977201.08546176,-1.48573843936324,17.233
339,1,0,accepted,0.224129352363379,0.354597304231518,484251.631273585,4977199.64899467,-1.48452889026072,13.774
340,1,0,accepted,0.0727396370296366,-0.0418549454887065,484251.912606516,4977198.40016934,-1.49325195164409,12.768
341,1,0,accepted,0.0669564247636684,-0.0691801309310041,484252.087453769,4977196.9944626,-1.49539315393635,13.434
342,1,0,accepted,0.0470723300547553,0.0925281313945057,484252.222025511,4977195.52843525,-1.49397958648115,14.61
343,1,0,accepted,0.0363887383156532,0.150364337963952,484252.372042382,4977194.07899429,-1.49438719478973,16.755
344,1,0,accepted,0.0365916612296866,0.192472367822871,484252.530305835,4977192.61310584,-1.49469483766692,13.541
345,1,0,accepted,0.0583611509968013,0.21013892041783,484252.661646301,4977191.15901133,-1.49547924088451,15.587
346,1,0,accepted,0.0638050388313154,0.280996817266199,484252.792957065,4977189.74383658,-1.49535449863754,16.485
347,1,0,accepted,0.0142264681664706,0.195369983879575,484252.954411901,4977188.37402076,-1.49740139731317,15.233
348,1,0,accepted,0.0194172145788468,0.17564696987931,484253.092975088,4977186.95842846,-1.49865536110992,17.483
349,1,0,accepted,0.0449143026446597,0.0594994046097474,484253.24942129,4977185.57255641,-1.50119259609916,19.623
350,1,0,accepted,0.0439006367100489,0.106551428643069,484253.353564624,4977184.1468277,-1.50078012379173,20.261
351,1,0,accepted,0.0513283178362967,0.142589707235759,484253.460287416,4977182.69873675,-1.50007945086498,20.644
352,1,0,accepted,0.0701510030758575,0.171417948636572,484253.567630867,4977181.27646314,-1.4994580452067,19.472
353,1,0,accepted,0.0832248150716614,0.232427641738103,484253.689555207,4977179.8468775,-1.49853820095019,18.775
354,1,0,accepted,0.10089115134162,0.143677068851835,484253.811412244,4977178.40726273,-1.50002551040663,16.413
355,1,0,accepted,0.135952693746011,0.190581100761278,484253.916794736,4977176.97000993,-1.49926228159883,13.545
356,1,0,accepted,0.170330940594966,0.158655465341284,484254.026087535,4977175.53494987,-1.49992224838078,14.676
357,1,0,coarseRetainedByTrustRadius,0.0900749079264079,0.208973573518393,484254.214628417,4977174.22062771,-1.49916124844132,14.381
358,1,0,coarseRetainedByTrustRadius,0.0892596831455831,0.221935097153164,484254.33147957,4977172.77700352,-1.49904295057761,13.096
359,1,0,coarseRetainedByTrustRadius,0.0924952284876722,0.212605692119481,484254.447591898,4977171.3478045,-1.49897871656439,12.9
360,1,0,coarseRetainedByTrustRadius,0.102064038359646,0.213775467457689,484254.566838258,4977169.90745197,-1.49881190422081,14.978
361,1,0,accepted,0.0548318334838854,0.0364133047087536,484254.752379279,4977168.600852,-1.50161118732749,16.424
362,1,0,accepted,0.0267028269300739,-0.0574812990048847,484254.860260609,4977167.14502654,-1.50288907248214,13.044
363,1,0,accepted,0.0467257803372545,-0.117857816147435,484254.963958697,4977165.68182618,-1.50367276472099,16.578
364,1,0,accepted,0.085587192229538,-0.313564830867662,484255.083887621,4977164.22789349,-1.50691980504172,13.035
365,1,0,accepted,0.108178026749213,-0.31185116789055,484255.174990161,4977162.80452736,-1.50633009633142,18.075
366,1,0,accepted,0.12751379263118,-0.202275371771832,484255.279509661,4977161.37376039,-1.5038374061915,17.3
367,1,0,accepted,0.142513344582607,-0.162929106077421,484255.383843499,4977159.94953767,-1.50246727921093,16.611
368,1,0,accepted,0.154005533194612,-0.0732416894681881,484255.489992395,4977158.51663056,-1.50026459840086,19.19
369,1,0,accepted,0.160065028475639,0.000497606756636167,484255.608651562,4977157.08731851,-1.49827630067033,16.671
370,1,0,accepted,0.159481472522567,0.0545340831731448,484255.734638878,4977155.67572853,-1.49658747357592,13.541
371,1,0,accepted,0.172066399019055,0.157000425532783,484255.857180567,4977154.24799591,-1.49406181899773,14.411
372,1,0,accepted,0.195184413888813,0.24229305793512,484255.971655176,4977152.8539999,-1.49191288410963,15.519
373,1,0,accepted,0.235178008496822,0.307422445927866,484256.075356514,4977151.44953294,-1.48881072192553,11.723
374,1,0,accepted,0.15964491202006,0.0978898405304962,484256.365177287,4977150.12668432,-1.49119422094996,21.341
375,1,0,accepted,0.174332057485895,0.0133494869309858,484256.532134159,4977148.71356504,-1.4906964124846,19.915
376,1,0,accepted,0.15997319612238,-0.165672104437992,484256.70144658,4977147.25744991,-1.49178934890459,14.989
377,1,0,accepted,0.136785971895902,-0.255480088661981,484256.866210652,4977145.80820506,-1.49200951619885,11.017
378,1,0,accepted,0.0848151343124321,-0.317115021014291,484257.005153535,4977144.33403406,-1.49123269655917,14.949
379,1,0,accepted,0.0593732212965571,-0.346571350789261,484257.14944171,4977142.87258012,-1.49033359139363,14.72
380,1,0,accepted,0.0647110454516938,-0.123439434791713,484257.296057075,4977141.4351764,-1.48474716984737,16.742
381,1,0,accepted,0.078826931544469,-0.067767910941695,484257.441297656,4977139.97533421,-1.48234020306039,13.759
382,1,0,accepted,0.0904941893377451,-0.065367182454717,484257.590414234,4977138.55800666,-1.48080215502595,15.636
383,1,0,accepted,0.0908362282135556,0.04908711599759,484257.752405081,4977137.15817735,-1.47735148394432,15.235
384,1,0,accepted,0.0751743566294141,0.270180138307802,484257.941840406,4977135.7630287,-1.47255970815109,17.122
385,1,0,accepted,0.0805515472770813,0.237094448325946,484258.106724997,4977134.37414299,-1.47183692929222,19.329
386,1,0,coarseRetainedByTrustRadius,0.176832677195432,0.419692755311055,484258.234989105,4977133.05468663,-1.46677931398557,23.971
387,1,0,coarseRetainedByTrustRadius,0.215594657994591,0.496595105930591,484258.415201261,4977131.69574822,-1.46434659962999,20.851
388,1,0,coarseRetainedByTrustRadius,0.208442735984339,0.545227309559823,484258.582714892,4977130.28601409,-1.46211852543049,19.721
389,1,0,coarseRetainedByTrustRadius,0.195380453774608,0.538670568042448,484258.751657176,4977128.85933039,-1.46064046570776,12.32
390,1,0,coarseRetainedByTrustRadius,0.192731924157063,0.509315915841161,484258.929403886,4977127.45804462,-1.45965135198704,12.509
391,1,0,coarseRetainedByTrustRadius,0.187856861473081,0.551183027021725,484259.086491788,4977126.03929614,-1.45740825454997,16.93
392,1,0,coarseRetainedByTrustRadius,0.198190806164603,0.62855891208134,484259.247588377,4977124.64979396,-1.4551017768927,12.591
393,1,0,coarseRetainedByTrustRadius,0.182232533299141,0.532384197011118,484259.419282334,4977123.23355745,-1.45525454573904,12.898
394,1,0,accepted,0.129082865107538,0.102354842865338,484259.682371666,4977121.82248684,-1.46141979105161,13.535
395,1,0,accepted,0.0846141331974764,0.0811559247216508,484259.850071569,4977120.37960695,-1.46065965653967,13.17
396,1,0,accepted,0.0698144246028451,0.0957119112423956,484260.030722329,4977118.97274705,-1.45941743861414,14.192
397,1,0,accepted,0.0620220280439329,0.0884789017509464,484260.205355358,4977117.54360134,-1.45842728452937,14.915
398,1,0,accepted,0.0587378166183034,0.0940043179775571,484260.383570707,4977116.15397886,-1.45689142776498,12.189
399,1,0,accepted,0.0649227808545729,0.14078146568309,484260.563253608,4977114.75382701,-1.45507958948007,15.101
400,1,0,accepted,0.068659607845647,0.165179009979446,484260.745558114,4977113.35782934,-1.45344179084568,16.578
401,1,0,accepted,0.078248441785917,0.245059514690019,484260.926311947,4977111.96491368,-1.4504031982715,14.609
402,1,0,accepted,0.0969098752465971,0.331802925502895,484261.101200581,4977110.58479912,-1.44726694643146,15.521
403,1,0,accepted,0.101856144666122,0.270077529653479,484261.288883089,4977109.19130168,-1.44689025556142,13.548
404,1,0,accepted,0.116234946521348,0.284510541022966,484261.472408682,4977107.78567904,-1.44464551323011,15.011
405,1,0,accepted,0.125844149280271,0.234579141525702,484261.659732655,4977106.41472237,-1.44339015201125,15.221
406,1,0,accepted,0.139876470747013,0.191873184218557,484261.848871517,4977105.02565979,-1.4418772398339,18.556
407,1,0,coarseRetainedByTrustRadius,0.114619334993069,0.0134334995521279,484262.132568603,4977103.83815699,-1.4427327733064,18.044
408,1,0,coarseRetainedByTrustRadius,0.0745122366112155,-0.153647956790664,484262.335085149,4977102.43715651,-1.44338505547166,19.147
409,1,0,coarseRetainedByTrustRadius,0.0559837261881883,-0.116295380207946,484262.525033468,4977101.0322291,-1.44061320626708,13.864
410,1,0,coarseRetainedByTrustRadius,0.0511025078894765,-0.0204228443219926,484262.724867419,4977099.64762914,-1.43666013146207,17.215
411,1,0,accepted,0.142739778540558,-0.0762589431645428,484263.002845635,4977098.45135213,-1.43538093524536,16.374
412,1,0,accepted,0.10405275456469,0.0337592703809398,484263.202900544,4977097.07809511,-1.43190330217676,14.217
413,1,0,accepted,0.0699901606886296,0.0889726804545231,484263.405475469,4977095.69458681,-1.42911990497812,15.945
414,1,0,accepted,0.0454015505441488,0.140290066666607,484263.613728098,4977094.33463798,-1.425927123626,17.916
415,1,0,accepted,0.0318416256479,0.153891361230589,484263.823416426,4977092.9791022,-1.42398980722626,16.243
416,1,0,accepted,0.0269663314509987,0.0888667609651003,484264.029831121,4977091.6294534,-1.42293587959547,14.653
417,1,0,accepted,0.0392566880357326,0.0641691729100463,484264.237320181,4977090.28412863,-1.42120788933868,14.874
418,1,0,accepted,0.0497976195618463,0.116636225999897,484264.448277486,4977088.97511723,-1.41863477684682,16.547
419,1,0,accepted,0.0559755575418877,0.150148067132289,484264.668395903,4977087.64561501,-1.41564255901769,18.581
420,1,0,accepted,0.0775271366786767,0.157682066993433,484264.881939843,4977086.29910921,-1.41354909462352,20.72
421,1,0,accepted,0.0761591184519481,0.3122501057504,484265.121285968,4977084.96803635,-1.40901157824034,20.876
422,1,0,accepted,0.0834367368275117,0.353153377885343,484265.355552984,4977083.63051014,-1.40667627420582,23.49
423,1,0,accepted,0.103307254498173,0.30501709120136,484265.580351749,4977082.29150749,-1.40593046512158,16.902
424,1,0,accepted,0.117388446805138,0.224368486731459,484265.804201147,4977080.98475753,-1.40560234926328,16.378
425,1,0,accepted,0.111194612959498,-0.465964276591802,484266.241782635,4977079.69555487,-1.41609800220223,13.681
426,1,0,accepted,0.113965521710769,-0.40282368169142,484266.480557374,4977078.36770567,-1.41278301672222,13.992
427,1,0,accepted,0.111613294230903,-0.304338027725541,484266.720234045,4977077.04366218,-1.4099762764175,15.041
428,1,0,accepted,0.109085630339356,-0.0708660578394658,484266.951453227,4977075.71225183,-1.40429867618293,13.607
429,1,0,accepted,0.0971179269249803,0.0304856229712073,484267.177850022,4977074.40066285,-1.401266742716,13.825
430,1,0,accepted,0.0561641594351338,-0.0193430341209106,484267.43484639,4977073.16836118,-1.40035361235652,12.768
431,1,0,accepted,0.0543396765521883,-0.029733320841467,484267.663474169,4977071.89964893,-1.39865239415275,14.931
432,1,0,accepted,0.0524246520715095,-0.0463040666682562,484267.909320532,4977070.59418201,-1.39718069727893,12.217
433,1,0,accepted,0.0302800895166829,-0.029638774312937,484268.150346138,4977069.26361793,-1.39554958528711,14.221
434,1,0,accepted,0.0112751340556414,0.104034965178887,484268.39035102,4977067.93438517,-1.39139278880133,14.746
435,1,0,accepted,0.0443827818772014,0.202222520715077,484268.639518089,4977066.57489636,-1.38823140061259,16.749
436,1,0,accepted,0.066765494740203,0.201466514147677,484268.893625022,4977065.24070202,-1.38628978490745,18.174
437,1,0,accepted,0.0819000955721583,0.266450768071646,484269.16464108,4977063.92093267,-1.38342555272973,19.524
438,1,0,accepted,0.0841725945798259,0.260219622080235,484269.431969852,4977062.60721913,-1.38126222249189,21.452
439,1,0,accepted,0.0876621924711368,0.29622751196512,484269.685455584,4977061.29345859,-1.37870880194932,15.548
440,1,0,accepted,0.0807013616208781,0.214771788294737,484269.922648834,4977060.03759652,-1.37790057901518,15.128
441,1,0,accepted,0.104320431566078,0.20763836324335,484270.190468946,4977058.69692676,-1.37569854322582,18.414
442,1,0,accepted,0.0963532961234645,0.153857158535511,484270.472836386,4977057.39757784,-1.37461424335182,15.985
443,1,0,accepted,0.111109430853065,0.171126066189151,484270.730209212,4977056.09665297,-1.37188347323847,15.778
444,1,0,accepted,0.111997610629733,0.144458396253767,484271.011784782,4977054.80441464,-1.37039631401325,12.227
445,1,0,accepted,0.122335818403279,0.154948956974924,484271.287352427,4977053.49834857,-1.36784928132599,12.85
446,1,0,accepted,0.133015109070631,0.136508447453448,484271.565015943,4977052.19345485,-1.36522003175243,12.314
447,1,0,accepted,0.146051572183898,0.14308625590358,484271.845723113,4977050.88566868,-1.36248643547011,12.627
448,1,0,accepted,0.142637191664182,0.29385520691266,484272.144977684,4977049.58104433,-1.35693247188451,16.878
449,1,0,accepted,0.140036939467585,0.323450953095202,484272.441482379,4977048.29686265,-1.35328035762801,14.861
450,1,0,accepted,0.0224059506723488,-0.215723617992889,484272.871118561,4977047.08434524,-1.35941131148198,25.319
451,1,0,accepted,0.0566697644362444,-0.539010634291591,484273.204755488,4977045.82404189,-1.36181009191155,17.66
452,1,0,accepted,0.0608682926074003,-0.584051842263399,484273.483568883,4977044.55411983,-1.35956694952969,15.095
453,1,0,accepted,0.0683969916107403,-0.395924943080686,484273.782278606,4977043.28479806,-1.35272790610898,17.605
454,1,0,accepted,0.0625098908773453,-0.184599088843674,484274.093292438,4977042.00487601,-1.34572815438471,18.705
455,1,0,accepted,0.0439958612071751,0.0225375415482925,484274.396959365,4977040.7102125,-1.33814771929475,21.61
456,1,0,accepted,0.0281410950695915,0.00710724362926499,484274.725777571,4977039.42168876,-1.33427375213392,18.06
457,1,0,accepted,0.0332520392237885,0.276674673632499,484275.036974778,4977038.16694039,-1.32569929784699,17.739
458,1,0,accepted,0.0319525333005878,0.367951243664665,484275.365686407,4977036.91004096,-1.31989332490204,21.034
459,1,0,accepted,0.0296435474754298,0.436600490222025,484275.701914179,4977035.66074053,-1.31489037338162,16.415
460,1,0,accepted,0.0344134760857845,0.454304830986861,484276.035578426,4977034.43369569,-1.31037311411951,15.306
461,1,0,accepted,0.0332046013849871,0.392232199449554,484276.380787797,4977033.17816378,-1.30723793896023,16.634
462,1,0,accepted,0.0469444819215562,0.316425335489467,484276.711593918,4977031.962554,-1.30432610296325,14.633
463,1,0,accepted,0.0721217154705417,0.221117775947268,484277.047069322,4977030.74334335,-1.30148858704345,14.615
464,1,0,accepted,0.183328507860063,0.228639904869943,484277.372525989,4977029.67694375,-1.29683219324074,14.638
465,1,0,accepted,0.167047687244452,0.326123251449824,484277.720834369,4977028.43676705,-1.29116198419118,22.114
466,1,0,accepted,0.158606657139707,0.406614543910837,484278.070920938,4977027.20447986,-1.28576322042695,16.566
467,1,0,accepted,0.140573583419876,0.411970938386709,484278.429302861,4977025.9667152,-1.28122044131057,17.414
468,1,0,accepted,0.160537694944423,0.587397106204333,484278.772281084,4977024.75318384,-1.2740930319155,17.481
469,1,0,accepted,0.149216507844893,0.573232967412037,484279.154058109,4977023.53496538,-1.26994354865009,20.696
470,1,0,accepted,0.142042662284353,0.539642178204292,484279.529697345,4977022.34620428,-1.2662994217166,21.356
471,1,0,accepted,0.133015129093567,0.497335671604989,484279.916960334,4977021.14651779,-1.2627234308579,18.732
472,1,0,accepted,0.127451196151928,0.491846772734657,484280.307583086,4977019.94266819,-1.25854097983623,16.754
473,1,0,accepted,0.135295352712461,0.562256469930662,484280.692610564,4977018.73631269,-1.25298575308013,17.028
474,1,0,coarseRetainedByTrustRadius,0.104422714910587,0.410300410021083,484281.139726977,4977017.64850369,-1.25172029871136,16.53
475,1,0,accepted,0.161883844992344,0.706010877396662,484281.502394437,4977016.30231096,-1.24252445483774,16.604
476,1,0,coarseRetainedByTrustRadius,0.0575959670526801,0.249536387721086,484281.970249804,4977015.22982616,-1.2462621317287,16.648
477,1,0,accepted,0.197315317292826,0.70016073083721,484282.330815252,4977013.91734482,-1.23454517572968,14.275
478,1,0,accepted,0.201454461943629,0.5851286231473,484282.791828576,4977012.73092457,-1.23280791026807,16.512
479,1,0,accepted,0.219586561628016,0.932718447292628,484283.211106995,4977011.55593899,-1.22272860496285,13.25
480,1,0,accepted,0.236001114252757,0.854818862673643,484283.638369286,4977010.38452422,-1.22003870838265,14.484
481,1,0,accepted,0.242832358181404,0.845143228634292,484284.083152538,4977009.21491038,-1.21639846020926,20.573
482,1,0,accepted,0.0207127425414829,0.0581832320936752,484284.534626539,4977008.28524345,-1.22635505496161,17.072
483,1,0,accepted,0.0398517421352794,0.051138467910081,484284.954751976,4977007.13972782,-1.22265248386099,20.429
484,1,0,accepted,0.0526612517209724,0.0581785748867527,484285.383379036,4977005.98438037,-1.21852901932932,16.74
485,1,0,accepted,0.0724062863891895,-0.0126267399066348,484285.803830727,4977004.83744959,-1.21583261480951,15.521
486,1,0,accepted,0.0844680508013404,-0.00242128634428756,484286.244428326,4977003.68790163,-1.21135527890619,17.432
487,1,0,accepted,0.0347316558816353,0.125039471001327,484286.722861759,4977002.59389419,-1.20590119317018,17.86
488,1,0,accepted,0.0397593289819069,0.183941778797845,484287.167596691,4977001.46363668,-1.20073517901177,19.314
489,1,0,accepted,0.0369977760200186,0.239617935621262,484287.633099398,4977000.32312202,-1.19525488160187,18.639
490,1,0,accepted,0.037852523013732,0.275207528060204,484288.090261974,4976999.24637002,-1.19219527152725,20.122
491,1,0,accepted,0.0420127861805832,0.0906379091358509,484288.559268035,4976998.13125523,-1.19172877953469,21.36
492,1,0,accepted,0.145883330942066,-0.402228642071798,484289.150177894,4976997.09523162,-1.19649156509098,15.714
493,1,0,accepted,0.160510523723402,-0.519840618725906,484289.630924372,4976995.98562985,-1.19478498074743,17.397
494,1,0,accepted,0.143867720225645,-0.501326688926523,484290.084331667,4976994.86002413,-1.19098005349067,13.616
495,1,0,accepted,0.111580421085886,-0.416422835863051,484290.51846096,4976993.73035318,-1.18553854150792,12.489
496,1,0,accepted,0.0926865508155857,-0.223575181285447,484290.978145717,4976992.60649601,-1.17903810850475,13.477
497,1,0,accepted,0.0699598856886068,-0.191183218079906,484291.463362742,4976991.47058845,-1.17515758528549,13.892
498,1,0,accepted,0.0536882407507665,-0.0360807231013267,484291.937186648,4976990.34371692,-1.16916876897551,14.851
499,1,0,accepted,0.0615145131282566,0.31233353002386,484292.401246112,4976989.21169314,-1.15934839501512,14.17
500,1,0,accepted,0.0432741314610998,0.0663348106739152,484292.917370833,4976988.09693504,-1.1600671522837,14.849
501,1,0,accepted,0.0333360972448454,0.18602102372319,484293.422575293,4976986.96721152,-1.15450138415984,15.405
502,1,0,accepted,0.0362199119708187,0.120362550139334,484293.952282197,4976985.81484163,-1.15238574661988,17.172
503,1,0,accepted,0.0704179236926148,0.0747878272292767,484294.467354167,4976984.69006646,-1.15026549268028,15.525
504,1,0,accepted,0.113254250336897,0.0843207383761537,484295.029477252,4976983.5596711,-1.14516822042182,16.071
505,1,0,accepted,0.127857632220385,-0.0152029556335906,484295.551790594,4976982.44390441,-1.14396691152443,17.168
506,1,0,accepted,0.134204924670728,0.177347504971623,484296.08174308,4976981.33999547,-1.1373728867512,17.295
507,1,0,accepted,0.103540603212583,0.316196014808639,484296.568630988,4976980.25964258,-1.13252437352795,18.249
508,1,0,accepted,0.0880336730111832,0.461770961994549,484297.080684963,4976979.18080453,-1.12766058986443,19.382
509,1,0,accepted,0.0697501187838753,0.42355697227534,484297.584978293,4976978.11106895,-1.1261239814744,15.281
510,1,0,accepted,0.0743347813891984,0.441500676678785,484298.079431684,4976977.05026891,-1.12392847851701,16.598
511,1,0,accepted,0.100776789033499,0.470353175367623,484298.594363867,4976975.94203776,-1.12131565515304,16.677
512,1,0,accepted,0.147746385676189,0.544804729908387,484299.081577611,4976974.89582985,-1.11843850490901,16.834
513,1,0,accepted,0.145054905053188,0.494536793746165,484299.624296414,4976973.79447433,-1.11791327100639,18.057
514,1,0,accepted,0.13861644710406,0.506131805625507,484300.175432628,4976972.68216875,-1.11664986597312,20.012
515,1,0,accepted,0.125775017213636,0.390880158352713,484300.768374423,4976971.50134706,-1.11786034654135,17.538
516,1,0,accepted,0.103589270175661,0.338863403515967,484301.335441747,4976970.4245451,-1.1185677492912,22.397
517,1,0,accepted,0.0695778044298774,0.117259885410287,484301.93840232,4976969.32742069,-1.1225068191005,17.581
518,1,0,accepted,0.070481999575625,0.0741397101042514,484302.493161228,4976968.22368261,-1.12308154334132,22.47
519,1,0,accepted,0.0773582423684035,0.0311721549004441,484303.03923022,4976967.11222483,-1.12374000290192,21.588
520,1,0,accepted,0.0965951961779737,-0.327096063339905,484303.684504333,4976966.14383735,-1.130093989838,21.771
521,1,0,accepted,0.0838565137069969,-0.367133921562235,484304.223779216,4976965.03598819,-1.13131319151144,20.365
522,1,0,accepted,0.074548979496649,-0.335551865514646,484304.762384584,4976963.93173127,-1.13207483360489,18.662
523,1,0,accepted,0.054464455246716,-0.354347881369033,484305.291884406,4976962.82280817,-1.13323526670714,17.787
524,1,0,accepted,0.0451473178019691,-0.341246204064269,484305.823908106,4976961.71320379,-1.13439061958684,14.632
525,1,0,accepted,0.0711240055653478,-0.371981526897697,484306.350850754,4976960.63967961,-1.13656896645979,15.76
526,1,0,accepted,0.0608539995083901,-0.429029578872111,484306.874838396,4976959.52243352,-1.13806702259565,12.529
527,1,0,accepted,0.0556102668539952,-0.403857183648901,484307.39998898,4976958.39904252,-1.13973742289223,15.035
528,1,0,accepted,0.05854175573995,-0.430749859218739,484307.935442289,4976957.27149342,-1.14177960744235,16.658
529,1,0,accepted,0.0618583200875184,-0.414773846910434,484308.459916139,4976956.1530886,-1.14374394719843,18.334
530,1,0,accepted,0.073351532142217,-0.272367944202901,484308.990397774,4976955.01670499,-1.14411850359661,17.561
531,1,0,accepted,0.089185371294966,-0.168487296780228,484309.516086537,4976953.89004949,-1.14532711711209,13.326
532,1,0,accepted,0.105641968339947,-0.0671660627563369,484310.050017055,4976952.75021522,-1.14679214935655,14.698
533,1,0,accepted,0.124466661164142,-0.0736466850616297,484310.58970701,4976951.6010181,-1.15074830528374,15.835
534,1,0,accepted,0.125715561715627,0.155371280613235,484311.123818656,4976950.48327483,-1.15081226244643,16.553
535,1,0,accepted,0.128225822296378,0.0946988531482815,484311.648708512,4976949.36121082,-1.15551090582923,14.003
536,1,0,accepted,0.137692146491096,-0.00113037628361545,484312.158222642,4976948.23630836,-1.16068679544415,18.369
537,1,0,accepted,0.123765337039648,0.0453623594523756,484312.665626239,4976947.13346934,-1.16377814542112,16.267
538,1,0,accepted,0.136403809659628,-0.0575155555215377,484313.162726048,4976946.00203927,-1.16874546869385,15.296
539,1,0,accepted,0.139606972561166,0.0516181727022951,484313.655658507,4976944.87256881,-1.17059578478183,15.494
540,1,0,accepted,0.13071727681882,0.194151549406664,484314.141077607,4976943.76875976,-1.17229417035828,13.945
541,1,0,accepted,0.129958583828285,0.272433889463831,484314.632625421,4976942.64343096,-1.17462536187607,15.065
542,1,0,accepted,0.138294036444338,0.294344560897035,484315.106361306,4976941.52888682,-1.17813239587901,18.075
543,1,0,accepted,0.148957726132748,0.217188005450911,484315.574126978,4976940.39403442,-1.18297117961859,15.473
544,1,0,accepted,0.143372554100983,0.195948469743839,484316.051292427,4976939.28714736,-1.18681118705845,16.294
545,1,0,accepted,0.150742493006261,0.261874481960827,484316.519179336,4976938.16404963,-1.18911394866237,18.073
546,1,0,accepted,0.143365766284931,0.15938976237045,484317.000260983,4976937.09931045,-1.19463026315351,16.571
547,1,0,accepted,0.122820924162361,0.0373107813497542,484317.494364106,4976935.96656594,-1.20035242600533,14.931
548,1,0,accepted,0.113648315716327,-0.0232396734434038,484317.968918522,4976934.83272437,-1.20501016832589,15.923
549,1,0,accepted,0.110221584933377,-0.104297777283812,484318.438275878,4976933.67621509,-1.21016508260345,14.491
550,1,0,accepted,0.111695866940785,-0.11779319005755,484318.883830641,4976932.54667346,-1.21398060151713,13.773
551,1,0,accepted,0.118560841563904,-0.112910293548237,484319.326530657,4976931.39420183,-1.21805091886817,14.829
552,1,0,accepted,0.174593732817725,0.376130575327348,484319.719481626,4976930.2447548,-1.21322044588349,17.244
553,1,0,accepted,0.164645299008594,0.407194515076644,484320.171342874,4976929.06898216,-1.21638232427964,14.841
554,1,0,accepted,0.111716212173979,0.378071049694292,484320.680880364,4976927.96616988,-1.22067902167117,17.139
555,1,0,accepted,0.096687920239722,0.360568352414768,484321.139585175,4976926.81937272,-1.22454724875464,15.141
556,1,0,accepted,0.0727704638198955,0.337126361109379,484321.580849355,4976925.66524091,-1.22833913708216,14.501
557,1,0,accepted,0.0245884204520913,0.163506906546795,484322.046089115,4976924.46947014,-1.23518033519348,15.499
558,1,0,accepted,0.0342254163554562,0.236289904923282,484322.472183304,4976923.2831646,-1.23763619419859,12.567
559,1,0,accepted,0.0605729467211129,0.16568542398294,484322.896547265,4976922.08185537,-1.24230820334008,14.379
560,1,0,accepted,0.064106801192283,0.199725293842141,484323.30681303,4976920.91836022,-1.24561195817568,14.161
561,1,0,accepted,0.0617450155776225,0.231262233628803,484323.709007082,4976919.76788154,-1.24851762466804,14.8
562,1,0,accepted,0.0586856248627658,0.175443582053641,484324.115729229,4976918.60247944,-1.25286265327972,13.94
563,1,0,accepted,0.0553452591091227,0.121619189392892,484324.512259932,4976917.45591817,-1.25766107779423,14.343
564,1,0,accepted,0.0614032497854772,0.0732150430385263,484324.912513917,4976916.27794281,-1.26173143135112,13.78
565,1,0,accepted,0.0797114736731101,0.00460600571398763,484325.312703184,4976915.09145026,-1.26628096883077,12.51
566,1,0,accepted,0.0743059320210067,0.0115843226622758,484325.702401633,4976913.92972064,-1.26924608751075,15.514
567,1,0,accepted,0.0762150226621913,0.0366641377783973,484326.080524229,4976912.75902055,-1.27221838920291,14.627
568,1,0,accepted,0.043729545463716,-0.0639591407790872,484326.488086354,4976911.61781833,-1.27718639730773,18.292
569,1,0,accepted,0.0171482075995986,-0.174587257397886,484326.886694505,4976910.47335879,-1.28236181049819,16.605
570,1,0,accepted,0.0216551300019443,-0.301292398738584,484327.281096279,4976909.32330254,-1.28756107464789,18.075
571,1,0,accepted,0.0419420464891307,-0.43968500712892,484327.670106307,4976908.1676671,-1.29300007169439,16.877
572,1,0,accepted,0.074466122613157,-0.663675756575169,484328.068205762,4976907.00177217,-1.29991319010558,18.827
573,1,0,accepted,0.0906913781435296,-0.781673236392082,484328.447879266,4976905.83595343,-1.30485671817521,13.87
574,1,0,accepted,0.0663351099742217,-0.535324759614306,484328.78488356,4976904.64887414,-1.30329720335525,13.464
575,1,0,accepted,0.0649791986276129,-0.501399314335725,484329.128773503,4976903.4880807,-1.30543203672101,12.867
576,1,0,accepted,0.0693185007505438,-0.331531533783907,484329.450421097,4976902.33329126,-1.30503295253359,11.871
577,1,0,accepted,0.0570630173306713,-0.360070256113453,484329.79025649,4976901.14418639,-1.30809042223747,12.976
578,1,0,accepted,0.0634001342868708,-0.36468348172593,484330.119350273,4976899.97012526,-1.31017942567768,13.406
579,1,0,accepted,0.0748202975205566,-0.281851359936693,484330.427730716,4976898.77444308,-1.31104798503771,13.454
580,1,0,accepted,0.0678372674196895,-0.236798876662186,484330.824423442,4976897.62480015,-1.31190171615456,12.905
581,1,0,accepted,0.0723503052352603,-0.418380332892431,484331.188993326,4976896.44735219,-1.31658045954369,15.409
582,1,0,accepted,0.0817081840695754,-0.438130917398526,484331.538080572,4976895.26609048,-1.31839680499426,12.816
583,1,0,accepted,0.0785303048665364,-0.37202394094265,484331.862063854,4976894.10824846,-1.31931117650829,11.879
584,1,0,accepted,0.0898291218490923,-0.2782101964297,484332.184212441,4976892.94021015,-1.31919270709171,14.5
585,1,0,accepted,0.0824734132317332,-0.245233547587706,484332.500739141,4976891.75529878,-1.32028905656055,13.985
586,1,0,accepted,0.0284371289700312,-0.30010942439349,484332.818666929,4976890.50958446,-1.32275151332465,18.777
587,1,0,accepted,0.0422787896181077,-0.358943154181888,484333.131328524,4976889.29873187,-1.32517181717319,15.542
588,1,0,accepted,0.0690078241535139,-0.290924034708538,484333.441222524,4976888.0999476,-1.32546512924037,14.833
589,1,0,accepted,0.155887315482402,-0.304930136341865,484333.734901131,4976886.83984254,-1.32703529046432,15.024
590,1,0,accepted,0.112259791683523,-0.327579511769491,484334.069402046,4976885.71406656,-1.32894735541512,12.405
591,1,0,accepted,0.122371077172151,-0.253763118759816,484334.376852771,4976884.54123738,-1.32911075948912,11.221
592,1,0,accepted,0.14052798918715,-0.2411544244835,484334.678570809,4976883.36160629,-1.33034820491439,9.103
593,1,0,accepted,0.158413088080192,-0.226811151290612,484334.980199502,4976882.18356622,-1.33143725478634,11.796
594,1,0,accepted,0.166906593031405,-0.194388011742008,484335.283619363,4976881.01922255,-1.33242072320243,11.123
595,1,0,accepted,0.177060575747664,-0.166676719468505,484335.587919438,4976879.84373697,-1.33347299299665,12.147
596,1,0,accepted,0.187695525419506,-0.145521438706861,484335.888754108,4976878.68183253,-1.33466994923975,9.774
597,0,1,acceptedDirectional,0.13561271238436,-0.320932116061584,484336.258841901,4976877.5310293,-1.33922794508083,14.516
598,0,1,acceptedDirectional,0.188353974137319,-0.238557941769866,484336.530489233,4976876.36721092,-1.33876475923438,10.789
599,1,0,accepted,0.221905791097561,0.662655025403725,484336.906346375,4976875.51349098,-1.324313393093,12.395
600,1,0,accepted,0.229912949550713,0.900819627198082,484337.22606485,4976874.37237123,-1.32184406196531,10.266
601,1,0,accepted,0.212835560038112,0.769619471235687,484337.585618296,4976873.22675578,-1.32568000920457,11.217
602,1,0,accepted,0.19931767581176,0.579398858292108,484337.944430313,4976872.08869334,-1.33066360534552,9.991
603,1,0,accepted,0.169736209012263,0.41656689563978,484338.260430633,4976870.92748696,-1.3353457143813,9.391
604,1,0,accepted,0.152247742695418,0.411742236109665,484338.546887156,4976869.77516368,-1.33753283800903,9.383
605,1,0,accepted,0.133295945706145,0.272788149715607,484338.846559519,4976868.62387627,-1.34169554321752,10.434
606,1,0,accepted,0.123508109622615,0.264761986303981,484339.124153383,4976867.46764087,-1.34405413895951,11.721
607,1,0,accepted,0.0983486751616056,0.0641564015703886,484339.42453485,4976866.30032388,-1.35011488704254,14.724
608,1,0,accepted,0.126279303109762,0.307834287516791,484339.666219475,4976865.16480394,-1.34839250783519,17.761
609,1,0,accepted,0.107734756234336,0.169358679991607,484339.946548452,4976864.02517643,-1.35353778129327,15.396
610,1,0,accepted,0.108822391361164,0.291963524542201,484340.21189115,4976862.88291711,-1.35461851325092,15.941
611,1,0,accepted,0.110174569624259,0.458015834297441,484340.476869491,4976861.73409302,-1.35519908611448,15.156
612,1,0,accepted,0.0999281158859197,0.560839504838746,484340.725283884,4976860.65996684,-1.35686136161046,13.891
613,1,0,accepted,0.0910637585299386,0.519075067450163,484340.997532816,4976859.49777523,-1.36162215561477,13.65
614,1,0,accepted,0.0978382441400222,0.423289025225134,484341.260313318,4976858.34481373,-1.36782319263009,15.066
615,1,0,accepted,0.123067688741295,0.563626671221616,484341.498684675,4976857.19644379,-1.37085158962299,9.511
616,1,0,accepted,0.178271023267896,0.105310370933892,484341.733032566,4976856.0075586,-1.38518596752448,12.373
617,1,0,accepted,0.200670009379538,-0.0427768195732508,484341.957397091,4976854.86847548,-1.39461347101061,11.044
618,1,0,accepted,0.187105988444473,0.407593733759485,484342.187289741,4976853.74547969,-1.39390513370446,11.024
619,1,0,accepted,0.189014351428774,0.492111259045399,484342.401954156,4976852.62312395,-1.40051484130718,10.025
620,1,0,accepted,0.171725700220698,0.650047398004568,484342.621833007,4976851.52371703,-1.40586346290787,10.635
621,1,0,accepted,0.132213577665649,0.843498855934503,484342.857675299,4976850.43877113,-1.41143734092063,11.558
622,1,0,accepted,0.133558448636237,0.886145624260769,484343.049960732,4976849.32394901,-1.42062490628116,9.284
623,1,0,accepted,0.163466297819687,0.749525080893613,484343.214858067,4976848.18690498,-1.43454040254563,11.546
624,1,0,accepted,0.167863435473683,0.745126192638227,484343.390577875,4976847.05453542,-1.44624389435459,10.389
625,1,0,accepted,0.168237792679055,0.812695768493187,484343.55903272,4976845.91153218,-1.45723010689721,12.333
626,0,1,acceptedDirectional,0.0802326789762969,0.0352606748199106,484343.832825922,4976844.78514689,-1.483023687168,10.806
627,0,1,acceptedDirectional,0.109325604368288,-0.427963372259903,484344.066655414,4976843.63424139,-1.5031008390899,11.239
628,0,1,acceptedDirectional,0.0956032825543264,-0.157085881052427,484344.141030025,4976842.5066963,-1.51041142563861,11.865
629,0,1,acceptedDirectional,0.111484332056332,-0.195177608832566,484344.257139668,4976841.36518647,-1.52354161112893,13.226
630,1,0,accepted,0.0765602108505183,-0.0377446198085408,484344.364908496,4976840.36112647,-1.53250446920247,16.477
631,1,0,accepted,0.0498654929081511,0.181649504031516,484344.385437527,4976839.24494748,-1.54118127892438,14.748
632,1,0,accepted,0.039603252506636,0.160302692495035,484344.439563106,4976838.09839761,-1.5541619357103,20.216
633,1,0,accepted,0.0469553623485179,0.222528473993327,484344.448824958,4976836.97251149,-1.56405886195755,17.536
634,1,0,accepted,0.0287794596774205,0.0491088909200635,484344.490387162,4976835.83512172,-1.57841437427768,13.769
635,1,0,accepted,0.0181775471307524,-0.0475407946802659,484344.501444034,4976834.69126857,-1.59031043992748,12.25
636,1,0,coarseRetainedByTrustRadius,0.151645356414983,0.293154071235632,484344.523943448,4976833.6933019,-1.59385117836147,16.702
637,1,0,coarseRetainedByTrustRadius,0.132150748396063,0.128930985356054,484344.526585768,4976832.54072673,-1.60518349643118,15.549
638,1,0,coarseRetainedByTrustRadius,0.097960394097815,-0.159395787294382,484344.531748769,4976831.3612316,-1.61744031007111,17.203
639,1,0,coarseRetainedByTrustRadius,0.0833904172328652,-0.0829245290612183,484344.472075303,4976830.22557993,-1.62225190810583,15.373
640,1,0,coarseRetainedByTrustRadius,0.0624845817218684,-0.176884391228628,484344.424389389,4976829.05808297,-1.62921835401271,19.265
641,1,0,coarseRetainedByTrustRadius,0.0666846707131981,-0.00464917197776813,484344.344364804,4976827.91978749,-1.63122068971079,16.07
642,1,0,coarseRetainedByTrustRadius,0.0860832341204764,0.145601526087943,484344.262201219,4976826.76881791,-1.63337381588905,20.961
643,1,0,coarseRetainedByTrustRadius,0.093219254028965,0.17158295275645,484344.196653351,4976825.60938893,-1.637526185044,16.273
644,1,0,coarseRetainedByTrustRadius,0.0840762782589092,-0.0918267726208785,484344.147163316,4976824.42434612,-1.64597936059994,15.512
645,1,0,accepted,0.0578659003214363,-0.290962822687294,484344.191052461,4976823.34079137,-1.65301530059331,17.45
646,1,0,accepted,0.0457320945678927,-0.277240181295966,484344.107969195,4976822.1865686,-1.65642471862506,18.514
647,1,0,accepted,0.0154360510396568,-0.476299993459135,484344.028555083,4976821.00531434,-1.66337847480764,16.162
648,1,0,accepted,0.0209364621172272,-0.311308493460324,484343.930413703,4976819.83764219,-1.66349063245255,15.014
649,1,0,accepted,0.0217305095199001,-0.219538286290573,484343.850192036,4976818.66603407,-1.66422548338086,13.784
650,1,0,accepted,0.0316753078642781,-0.248029571376715,484343.759713209,4976817.48751007,-1.66637255401444,17.41
651,1,0,accepted,0.0533998962218944,-0.180458776408339,484343.652513954,4976816.31032794,-1.66680154705277,17.039
652,1,0,accepted,0.0687689629428833,-0.189367750908138,484343.558199199,4976815.11968084,-1.66753501226073,14.624
653,1,0,accepted,0.0778865713290048,-0.188855713937954,484343.453111807,4976813.93311421,-1.66804921510108,14.259
654,1,0,accepted,0.0827594634702234,-0.137466225951003,484343.352234184,4976812.77347482,-1.66764410623013,13.274
655,1,0,accepted,0.0974942196770294,-0.0868699194620042,484343.246980766,4976811.5798358,-1.66722488731553,14.112
656,1,0,accepted,0.111808325461725,-0.0300204324134958,484343.148941497,4976810.37504237,-1.66669283019797,14.279
657,1,0,accepted,0.108188018752201,-0.0514955938797144,484343.045207206,4976809.20514313,-1.66721917957324,13.322
658,1,0,accepted,0.125979228001739,-0.0242626689743166,484342.941992895,4976807.97957565,-1.66696807846857,13.647
659,1,0,accepted,0.0960694865682626,-0.22880348210938,484342.901349804,4976806.77091493,-1.67077299763776,17.189
660,1,0,accepted,0.124909904482628,-0.19821490470084,484342.797086584,4976805.54595194,-1.67067695689335,15.501
661,1,0,accepted,0.131952264036182,-0.107852165244801,484342.676355034,4976804.35275462,-1.6694040351825,13.434
662,1,0,accepted,0.142987797211639,-0.0268455587587561,484342.560001601,4976803.14692582,-1.66851284816845,12.111
663,1,0,accepted,0.148258669212225,0.00425046224090054,484342.448366582,4976801.94508438,-1.6688899421648,12.265
664,1,0,accepted,0.153166423313578,0.0485016041289816,484342.322049056,4976800.76684276,-1.66824203669194,12.6
665,1,0,accepted,0.166357052316659,0.0810866602054462,484342.217713389,4976799.5311597,-1.6684245801774,14.225
666,1,0,accepted,0.207481027083156,0.366433197389493,484342.064263748,4976798.32933621,-1.66418317220845,13.772
667,1,0,accepted,0.233674653711321,0.430342136478431,484341.946306313,4976797.08763773,-1.6640614193649,15.999
668,1,0,accepted,0.224417236941855,0.313338004365628,484341.860507005,4976795.85262476,-1.66689518816636,14.536
669,1,0,accepted,0.10914947111438,-0.0121326918684716,484341.877941867,4976794.6530345,-1.67331742804271,15.79
670,1,0,accepted,0.0310394614116374,-0.175566320616159,484341.835290971,4976793.47323497,-1.67654489117925,15.26
671,1,0,accepted,0.027923947311652,-0.34507267486435,484341.778077631,4976792.25728092,-1.67991287127416,11.952
672,1,0,accepted,0.0238926867184974,-0.285229244219512,484341.66475155,4976791.02413283,-1.67961053326168,12.864
673,1,0,accepted,0.0369468391734785,-0.207941822601768,484341.55331589,4976789.77587929,-1.67899187598776,11.499
674,1,0,accepted,0.0320801857190235,-0.178257110450135,484341.433308415,4976788.55121901,-1.67902846414684,11.071
675,1,0,accepted,0.0616063992860294,-0.057917352831708,484341.284281172,4976787.30262379,-1.67723388502903,11.716
676,1,0,accepted,0.0725298654131731,-0.0264016468082015,484341.162538985,4976786.06676749,-1.67709834768204,10.611
677,1,0,accepted,0.088632607510182,-0.000689437752490226,484341.036443975,4976784.82492857,-1.67726232191167,13.999
678,1,0,accepted,0.0747345070682521,-0.0605196207816933,484340.928547349,4976783.60309826,-1.67904168109376,11.108
679,1,0,accepted,0.0697602278010993,-0.0212116002081516,484340.826444833,4976782.34217716,-1.67894548485277,12.271
680,1,0,accepted,0.0441966198535059,0.0228992102218773,484340.7349994,4976781.14010255,-1.67900789525127,16.007
681,1,0,accepted,0.0416312482610367,0.0467729537208788,484340.623071234,4976779.89614707,-1.67880410216052,11.793
682,1,0,accepted,0.075236871774227,0.0510487734009082,484340.59242196,4976778.73064456,-1.6794279970654,13.076
683,1,0,accepted,0.0819453393652176,0.049919505429865,484340.47546787,4976777.49300638,-1.67967545609187,18.53
684,1,0,accepted,0.105496040557067,0.0508277568176909,484340.359621806,4976776.271721,-1.68007627438944,20.56
685,1,0,accepted,0.119899573434739,0.0662820211350037,484340.23030698,4976775.04827664,-1.67991001727243,16.087
686,1,0,accepted,0.141217833515653,0.0330510535335709,484340.121055441,4976773.81082786,-1.68070053802696,21.139
687,1,0,accepted,0.122586318417163,0.0868943212467888,484339.978792343,4976772.5723756,-1.68004754466931,14.76
688,1,0,accepted,0.11541367785445,0.10357622277573,484339.844741337,4976771.31522481,-1.6801432973463,13.461
689,1,0,accepted,0.105971227381454,0.117817622359604,484339.709793141,4976770.05653271,-1.68010238853847,13.985
690,1,0,accepted,0.0846783006354436,0.0794880261408197,484339.58364418,4976768.77793752,-1.68099447609206,12.636
691,1,0,accepted,0.073479486027118,0.117662157152947,484339.444283619,4976767.50595187,-1.68065416867593,12.485
692,1,0,accepted,0.0684778085126532,0.0915718859027041,484339.311914784,4976766.23572128,-1.68097105062016,13.232
693,1,0,accepted,0.057839781999282,0.140109449024122,484339.186177887,4976764.98283883,-1.68033901993698,16.127
694,1,0,accepted,0.0456862434959057,0.148500362459702,484339.058503297,4976763.70316859,-1.68076014095643,14.622
695,1,0,accepted,0.0617077222473834,0.387879890070084,484338.917800029,4976762.43966646,-1.67748236820243,12.294
696,1,0,accepted,0.0698508107898267,0.427787381629198,484338.794987392,4976761.14967397,-1.67759599350872,11.017
697,1,0,accepted,0.0913762617532714,0.530106445009068,484338.668309943,4976759.86506598,-1.67638092014987,10.756
698,1,0,accepted,0.112108090268257,0.582499158758174,484338.543640259,4976758.59363694,-1.67613410501572,12.334
699,1,0,accepted,0.127348387385325,0.447775478610572,484338.416264743,4976757.31571128,-1.67926477463066,12.019
700,1,0,accepted,0.142589055693194,0.480463545950895,484338.289185385,4976756.06966646,-1.67965514215038,11.847
701,1,0,accepted,0.157089963379413,0.56433584623635,484338.157800605,4976754.81438765,-1.67890953431303,8.57
702,1,0,accepted,0.19117482077595,0.293016693894681,484338.00786513,4976753.5451728,-1.68450179276053,10.338
703,1,0,accepted,0.219289611323095,0.249422887757379,484337.856692404,4976752.28519715,-1.68565623354461,9.243
704,1,0,accepted,0.261178031979325,0.146220882692935,484337.692756849,4976751.01631797,-1.68868993623756,12.033
705,1,0,accepted,0.16932461155425,0.189423109679746,484337.611674451,4976749.85809955,-1.68819326698478,13.583
706,1,0,accepted,0.110569259498827,0.219558452419725,484337.508033289,4976748.6908413,-1.68816188063261,14.308
707,1,0,accepted,0.0690023839848423,0.152442863435894,484337.407879149,4976747.51756837,-1.6903037570606,14.649
708,1,0,accepted,0.0930912432259624,0.201667278348064,484337.292064127,4976746.35006555,-1.69033903870112,13.736
709,1,0,accepted,0.17331849429255,0.00879855711449939,484337.270279602,4976745.20262427,-1.69455364614329,12.712
710,1,0,accepted,0.170799050765912,0.152161305579932,484337.092680107,4976743.97761019,-1.69345035755934,14.108
711,1,0,accepted,0.0920844737526878,0.170014181836071,484336.898998889,4976742.66718822,-1.69494315667803,10.269
712,1,0,accepted,0.0924698312743362,0.223108565228075,484336.708829055,4976741.31787371,-1.69610633939229,14.453
713,1,0,accepted,0.0841366463130173,0.354590998876681,484336.585085407,4976740.17349503,-1.69675886379658,14.12
714,1,0,accepted,0.104383099905713,0.194703468625404,484336.419773401,4976738.86677906,-1.7019201241955,15.68
715,1,0,accepted,0.087307252184285,-0.019811977899731,484336.292080087,4976737.62569926,-1.70942815011356,16.004
716,1,0,accepted,0.0664846792709014,-0.179668875807994,484336.159790487,4976736.41406375,-1.71624050696864,15.396
717,1,0,accepted,0.0504216034003172,-0.174427944006098,484336.01723309,4976735.2419458,-1.72084515514496,11.338
718,1,0,accepted,0.0496623604799131,-0.255504222069679,484335.861394289,4976734.01073058,-1.72774105073374,11.886
719,1,0,accepted,0.0994330271281955,0.16245342112289,484335.653661846,4976732.76440499,-1.72617246089157,14.995
720,1,0,accepted,0.130025848340994,0.521476699925715,484335.457028872,4976731.56662542,-1.72628248052403,10.641
721,1,0,accepted,0.135782887584709,0.868841945699444,484335.279530183,4976730.34546693,-1.72620909155215,12.376
722,1,0,accepted,0.141410291508582,0.74357530193038,484335.111133974,4976729.10115105,-1.7342549503029,11.825
723,1,0,accepted,0.133471835432732,0.376113616032706,484334.950554113,4976727.87922956,-1.74669327803267,18.014
724,1,0,accepted,0.128138894108841,0.38421217147209,484334.765168601,4976726.67973767,-1.75281503780731,15.619
725,1,0,accepted,0.149209529599641,0.366416241805783,484334.545612334,4976725.47700839,-1.75979724571388,20.081
726,1,0,accepted,0.146965633260884,0.323579140618935,484334.34307311,4976724.29593316,-1.76729354139141,16.676
727,1,0,accepted,0.149327924417785,0.343406122653243,484334.117291184,4976723.09452393,-1.77305138927655,15.079
728,1,0,accepted,0.147131321594678,0.421443503723928,484333.890042862,4976721.91526728,-1.77806652421863,15.64
729,1,0,accepted,0.144217023544201,0.437676871777552,484333.653029481,4976720.75172592,-1.78419838835608,14.193
730,1,0,accepted,0.0667095214645624,0.398618030655185,484333.447419184,4976719.66397156,-1.7897457638301,17.021
731,1,0,accepted,0.0421593234041001,0.493638391283061,484333.216985551,4976718.52515397,-1.79440233749194,12.893
732,1,0,accepted,0.0323937039238817,0.460142926132485,484332.977481127,4976717.37507406,-1.79998121451443,12.989
733,1,0,accepted,0.106027364534556,0.205178280871684,484332.81439265,4976716.26460725,-1.80918257491807,14.507
734,1,0,accepted,0.109430752076,0.0780244802596537,484332.572198922,4976715.10155154,-1.81590690411768,15.021
735,1,0,accepted,0.109891341187621,0.0318930949287458,484332.309954367,4976713.94732642,-1.82050607943342,14.008
736,1,0,accepted,0.098096697554807,-0.0385839853605266,484332.029016927,4976712.77793108,-1.82532883830771,21.503
737,1,0,accepted,0.081848412218701,-0.0192471075289798,484331.738361194,4976711.63380187,-1.82830711926008,16.514
738,1,0,accepted,0.0705471005451759,0.124779574256294,484331.433835022,4976710.49745684,-1.82912225815492,16.854
739,1,0,accepted,0.0731486218075884,0.133198503790603,484331.154550446,4976709.36941473,-1.83197073899977,16.437
740,1,0,accepted,0.033767448369754,0.257932506979984,484330.835031488,4976708.1992385,-1.83236649090605,16.685
741,1,0,accepted,0.0487952180706674,0.350525774158898,484330.525804691,4976707.06577296,-1.83273890823224,16.064
742,1,0,accepted,0.055003398009609,0.243558337207632,484330.232099647,4976705.9357539,-1.83653093409727,18.497
743,1,0,accepted,0.068389754620013,0.134557071891384,484329.929814199,4976704.80699665,-1.83972537033036,20.438
744,1,0,accepted,0.0854713058420118,0.0214691511804719,484329.628874874,4976703.69671021,-1.84281525059641,17.057
745,1,0,accepted,0.0978655322469391,-0.100977625332382,484329.33184241,4976702.58428742,-1.84614535924735,19.297
746,1,0,accepted,0.112846541459388,-0.103428680985877,484329.019539016,4976701.44925909,-1.847312654417,15.376
747,1,0,accepted,0.118978406104429,-0.037221455959486,484328.719902773,4976700.32656119,-1.84710620715316,16.249
748,1,0,accepted,0.130869440105096,-0.173181639410479,484328.414439422,4976699.15782804,-1.85012665570604,13.266
749,1,0,accepted,0.149156109310931,0.0297527484316114,484328.103551768,4976698.05828542,-1.8475656987864,15.983
750,1,0,accepted,0.118919309919205,0.600460953236054,484327.845411867,4976697.0058315,-1.83778796028029,15.561
751,1,0,accepted,0.124378653867325,0.692241858122407,484327.551437705,4976695.91553164,-1.83674195451522,15.274
752,1,0,accepted,0.130917482425608,0.783952075181767,484327.253146993,4976694.81909235,-1.83593318058606,15.115
753,1,0,accepted,0.12153626685298,0.710714928684264,484326.979280759,4976693.73799266,-1.83724725711336,14.814
754,1,0,accepted,0.0701574239693923,0.644571746808024,484326.723521659,4976692.60645932,-1.83935599075135,13.953
755,1,0,accepted,0.0698312227393037,0.611451881910919,484326.433019185,4976691.51690139,-1.84018319800307,13.228
756,1,0,accepted,0.0686723849003655,0.577279097758756,484326.14766001,4976690.43844704,-1.84112026970925,14.517
757,1,0,accepted,0.0852628322851294,0.565852984838682,484325.852096472,4976689.37321188,-1.84146008348156,17.611
758,1,0,accepted,0.102273223978346,0.57925418897766,484325.550926815,4976688.29984461,-1.84176566493723,17.882
759,1,0,accepted,0.106795945173646,0.573894926020041,484325.256076745,4976687.21802507,-1.84136145788342,19.531
760,1,0,accepted,0.153031111221314,0.437127029141437,484324.950287645,4976686.19322852,-1.8422931870738,20.171
761,1,0,accepted,0.153034042803564,0.378565876592232,484324.664956081,4976685.11858713,-1.84194017138039,20.244
762,1,0,accepted,0.190325766441345,0.363422021195379,484324.406334051,4976684.11055397,-1.83920209663902,16.635
763,1,0,accepted,0.198117343764756,0.430514234739053,484324.128373466,4976683.05641053,-1.83446599430979,14.604
764,1,0,accepted,0.206465962330487,0.416101325136492,484323.850355074,4976682.0166076,-1.83037900450362,13.057
765,1,0,accepted,0.217940128027686,0.382000973384852,484323.574156532,4976680.98280915,-1.82647787861977,12.411
766,1,0,accepted,0.226529056033163,0.340551160622955,484323.301703133,4976679.94561613,-1.82267552139495,13.003
767,1,0,accepted,0.232486496332077,0.370341754335018,484323.033990955,4976678.92962747,-1.8172435851936,14.201
768,1,0,accepted,0.245984754282686,0.231979574051444,484322.760172294,4976677.9156765,-1.81408335683112,15.814
769,1,0,accepted,0.252657268479087,0.143664760444748,484322.486311665,4976676.88701711,-1.80977288505651,13.229
770,1,0,accepted,0.203767160838311,-0.300619952082008,484322.223291918,4976675.76365983,-1.81026419912507,17.852
771,1,0,accepted,0.20148958872625,-0.350659295796676,484322.23276275,4976674.89093024,-1.80363590913929,21.398
772,1,0,accepted,0.183198159528695,-0.163261107753334,484322.011010087,4976673.89077552,-1.79225861029901,23.319
773,1,0,coarseRetainedByTrustRadius,0.160743293521573,-0.321902483988575,484321.783325809,4976672.90342749,-1.78656523901396,23.238
774,1,0,coarseRetainedByTrustRadius,0.159587010448022,-0.291352248997583,484321.614117473,4976671.93406537,-1.77657371864935,21.324
775,1,0,accepted,0.239927456813148,-0.67105438246248,484321.524550372,4976671.09376816,-1.77426622397465,20.668
776,1,0,accepted,0.145330575022273,-0.28524624819769,484321.282226955,4976670.08397565,-1.75715599609602,15.833
777,1,0,accepted,0.0845936137702457,0.0863588602616679,484321.060048038,4976669.07873259,-1.73941447010245,19.48
778,1,0,accepted,0.0578736906282764,0.268252382556664,484320.8751185,4976668.11991716,-1.72494354202898,11.463
779,1,0,accepted,0.0365367511356971,0.136152712096835,484320.765606126,4976667.20049677,-1.71543500385926,20.309
780,1,0,accepted,0.0299582718589413,0.106321347061975,484320.615497171,4976666.26506353,-1.7036682223204,16.121
781,1,0,accepted,0.0298934662285062,0.181813657252969,484320.494227446,4976665.35643618,-1.6897144195182,16.659
782,1,0,accepted,0.0387272087104266,0.215580662342144,484320.377886844,4976664.46111241,-1.67579103719679,17.873
783,1,0,accepted,0.0466034259139258,0.149475342304782,484320.277203136,4976663.57532106,-1.66301353450986,19.144
784,1,0,accepted,0.0598299427865397,0.0221765613008704,484320.188275528,4976662.7334961,-1.65043186224942,11.32
785,1,0,accepted,0.0712349126075217,-0.104245709652089,484320.108272274,4976661.86591059,-1.63743748562426,12.859
786,1,0,accepted,0.0818891763414664,-0.135032830702441,484320.04324162,4976661.00602751,-1.62238278072829,15.498
787,1,0,accepted,0.072570089004095,-0.0688254316528267,484320.019053262,4976660.18176818,-1.60430814383717,14.28
788,1,0,accepted,0.0894748910312882,-0.0141094256860621,484320.006110612,4976659.39632812,-1.58607544262978,15.196
789,1,0,accepted,0.0291023578654354,0.524267885114026,484320.019700757,4976658.51408548,-1.55834928323607,17.672
790,1,0,accepted,0.06310677221043,0.345339493925571,484319.993225981,4976657.7082711,-1.5424982913017,18.06
791,1,0,accepted,0.0911711076030063,0.393033101146406,484319.974041948,4976656.88841653,-1.52213092779715,15.608
792,1,0,accepted,0.0812370530418375,0.301635879818797,484320.016232775,4976656.07454539,-1.50350421150405,18.128
793,1,0,accepted,0.0703402951289668,0.0736342643318932,484320.076192119,4976655.27353484,-1.48639349227262,16.435
794,1,0,accepted,0.0667722623084164,0.0221847407841445,484320.144869224,4976654.45901256,-1.46576360216898,16.538
795,1,0,accepted,0.0828765567825158,0.0446270713391781,484320.215498888,4976653.64330345,-1.44288377861192,14.547
796,1,0,accepted,0.092754297451268,0.0612671036217398,484320.311203971,4976652.84654061,-1.41978644071306,15.629
797,1,0,accepted,0.10581286933548,0.131709882132534,484320.424608802,4976652.0444329,-1.39487928187788,15.793
798,1,0,accepted,0.103623753764951,0.0454380028192807,484320.556064742,4976651.26520846,-1.37264507588584,16.838
799,1,0,accepted,0.114414138497892,0.0223086673753717,484320.715511027,4976650.4794351,-1.34896239183332,17.906
800,1,0,accepted,0.134926368484469,-0.0126793058705669,484320.882466221,4976649.7049148,-1.32543739336141,15.692
801,1,0,accepted,0.167063910064753,-0.135474631714998,484321.052571396,4976648.94118709,-1.30392636082406,16.547
802,1,0,accepted,0.197706731544325,-0.0289917794532721,484321.251251411,4976648.1811346,-1.27835307353592,14.697
803,1,0,accepted,0.261715338789691,0.341754863099458,484321.491216105,4976647.39376009,-1.24797293994928,13.673
804,1,0,accepted,0.298910791485045,0.584331620689307,484321.724404267,4976646.65429042,-1.22043663752265,13.478
805,1,0,accepted,0.339447424820882,0.553119540404696,484321.984398,4976645.91270353,-1.19744757733992,17.32
806,1,0,accepted,0.369521893843661,0.551123355225521,484322.265087882,4976645.19991088,-1.17430026248855,18.978
807,1,0,accepted,0.0845067517007173,0.659963345699237,484322.339543345,4976644.77721882,-1.14927596006674,20.194
808,1,0,accepted,0.0947907423107529,1.55704180896002,484322.594107199,4976644.13397166,-1.11061211508569,25.619
809,1,0,accepted,0.0731051748854351,1.31916386764049,484322.95361749,4976643.42143079,-1.09244250094991,21.605
810,1,0,accepted,0.0712133961568175,0.87598425501851,484323.308006266,4976642.73132843,-1.07728528789826,18.113
811,1,0,accepted,0.101782728382633,0.587920547124126,484323.675035178,4976642.03221674,-1.05974572407042,16.365
812,1,0,accepted,0.125442583206769,0.266560239495953,484324.037528543,4976641.35286978,-1.04304876824948,17.927
813,1,0,accepted,0.102128734887807,0.497448076178221,484324.388972797,4976640.73157166,-1.01663912760518,14.566
814,1,0,accepted,0.0919942507047517,0.281689020156811,484324.789411392,4976640.09686483,-0.997979698269017,13.754
815,1,0,accepted,0.0627375650035397,0.530658723430882,484325.189127463,4976639.49808005,-0.971339696204357,16.635
816,1,0,accepted,0.0727340341430327,0.456579891690324,484325.609975591,4976638.85890505,-0.949873744574683,13.915
817,1,0,accepted,0.0609944118755493,0.472673333877926,484326.034171713,4976638.26540081,-0.927446054322497,15.589
818,1,0,accepted,0.0772002405650733,0.274531180098017,484326.482160129,4976637.6409312,-0.908490907437113,14.883
819,1,0,accepted,0.0917810291574447,0.229029852915534,484326.949863449,4976637.02849858,-0.88661489499662,12.591
820,1,0,accepted,0.0982262177660385,-0.248521284348727,484327.357614533,4976636.57779317,-0.872475444254631,14.817
821,1,0,accepted,0.119254260868678,-0.277249884276363,484327.829288186,4976636.01196478,-0.850233360189607,23.078
822,1,0,accepted,0.110115757005347,0.0143639333492154,484328.349296735,4976635.45839489,-0.822456911924368,16.83
823,1,0,accepted,0.101992839256713,-0.0604624631503918,484328.862269552,4976634.87116643,-0.800566454140971,16.292
824,1,0,accepted,0.063400511735293,0.0843799180910149,484329.423013902,4976634.30444166,-0.775263225809831,23.752
825,1,0,accepted,0.101446480023717,-0.0811674127158847,484329.934329961,4976633.77684421,-0.754987745565433,21.105
826,1,0,accepted,0.099863780727803,-0.0748942297535083,484330.493431061,4976633.22302477,-0.732021194586555,16.817
827,1,0,accepted,0.106687341229751,-0.0778232599611612,484331.05931311,4976632.69867693,-0.708982426778078,16.11
828,1,0,accepted,0.0155572911218743,0.383404405621954,484331.748452778,4976632.19137596,-0.677847314925303,14.469
829,1,0,accepted,0.438758196086206,-0.475721688474918,484331.932608513,4976631.85709639,-0.670212450899086,19.963
830,1,0,accepted,0.412297602858048,-0.377130026654246,484332.534410839,4976631.30715645,-0.645990016406962,22.198
831,1,0,coarseRetainedByTrustRadius,0.242704267464595,0.140951907777173,484333.30093713,4976630.72712058,-0.614560400735129,17.058
832,1,0,coarseRetainedByTrustRadius,0.253779140324881,0.264176920264549,484333.917031526,4976630.23166418,-0.589625914094568,20.144
833,1,0,accepted,0.395934825379569,0.0362097100532931,484334.419436717,4976629.81425685,-0.571304281675465,15.407
834,1,0,accepted,0.326344082290093,-0.27605721820611,484335.147391923,4976629.3978396,-0.554777995702849,15.149
835,1,0,accepted,0.3044921646138,-0.453535714407204,484335.838358239,4976628.98710614,-0.535916609277141,16.741
836,1,0,accepted,0.290526042487246,-0.39095976218915,484336.538433858,4976628.5524634,-0.512759395051071,17.607
837,1,0,accepted,0.255793507625279,-0.493316694894879,484337.256407966,4976628.16920936,-0.493047161197272,13.402
838,1,0,accepted,0.193526276760928,-0.517712103269988,484338.01635422,4976627.79603367,-0.471901052297726,18.191
839,1,0,accepted,0.134442212315093,-0.504479564433595,484338.779890421,4976627.40196595,-0.450252732596839,17.194
840,1,0,accepted,0.0350569516598087,-0.342034050758695,484339.597166744,4976626.99273868,-0.426332145064506,14.835
841,1,0,accepted,0.0387477474160474,-0.206587819624603,484340.357337766,4976626.61008847,-0.403454856774413,17.65
842,1,0,accepted,0.0569490371049722,-0.209731570559012,484341.10575364,4976626.28454496,-0.383933882740301,14.898
843,1,0,accepted,0.0763083889517869,-0.374520701218611,484341.854650856,4976625.98190982,-0.367730616110449,14.053
844,1,0,accepted,0.0753332609521595,-0.278324676638594,484342.609794257,4976625.66022232,-0.347417292716952,18.492
845,1,0,accepted,0.0726502334977485,-0.0226168471347624,484343.363311339,4976625.36795764,-0.325011922092573,17.704
846,1,0,accepted,0.105770055342198,-0.152216044650099,484344.161274244,4976625.11293744,-0.309675868982252,16.283
847,1,0,accepted,0.12380181964082,-0.0999286610367447,484344.961507999,4976624.8446772,-0.291906864714892,14.969
848,1,0,accepted,0.1314546582996,-0.0946124082259801,484345.772730528,4976624.61506763,-0.275571077213373,18.425
849,1,0,accepted,0.0948417149935904,-0.320674017608644,484346.55229313,4976624.38670102,-0.264026015296445,15.623
850,1,0,accepted,0.0940848775643325,-0.447867009049612,484347.360426235,4976624.17441036,-0.252125831475315,16.012
851,1,0,accepted,0.0928495248120433,-0.528245846775988,484348.205948761,4976623.95202549,-0.239625364036595,14.964
852,1,0,accepted,0.131367071906637,-0.292900960106832,484349.096748697,4976623.74617978,-0.222595805239499,14.829
853,1,0,accepted,0.169095719279555,-0.137253378872964,484349.991297167,4976623.55689835,-0.208239399423876,14.503
854,1,0,accepted,0.210372475580512,-0.470531442616927,484350.882345063,4976623.4167463,-0.203028129630126,14.391
855,1,0,accepted,0.236975018294774,0.0504700495765791,484351.77989835,4976623.14575663,-0.18391214668547,16.192
856,1,0,accepted,0.100253544191937,0.169077809383766,484352.518691856,4976623.04299435,-0.172914320850336,22.749
857,1,0,accepted,0.0841902809704096,0.341361476228401,484353.376261375,4976622.86511846,-0.161592963491837,15.105
858,1,0,accepted,0.0814844603845283,0.408889426600259,484354.276587723,4976622.69810978,-0.152806556774087,15.336
859,1,0,accepted,0.0631366545855386,0.22277250923349,484355.194737977,4976622.61143485,-0.148633505266611,14.02
860,1,0,accepted,0.0611540918808479,0.0156424571360477,484356.123938063,4976622.52231155,-0.14536833295914,13.274
861,1,0,accepted,0.0558875385763261,-0.0667122090225044,484357.052602149,4976622.41057487,-0.139588596024799,17.252
862,1,0,accepted,0.0403356245664041,-0.0272017606676573,484357.984153011,4976622.29138881,-0.131874102125489,17.014
863,1,0,accepted,0.0283444320687396,-0.200118924490502,484358.904385876,4976622.21052247,-0.129102484080676,13.929
864,1,0,accepted,0.0324786845653752,-0.0982547782003336,484359.832597281,4976622.08595587,-0.122386065632211,17.744
865,1,0,accepted,0.0345290422417437,-0.222659906340838,484360.783643961,4976621.99679397,-0.120071682531728,18.745
866,1,0,accepted,0.100069746212809,-0.0209864945930897,484361.714389339,4976621.85186696,-0.112061131882332,19.874
867,1,0,accepted,0.117821352350415,-0.112125796886395,484362.676342042,4976621.75499837,-0.108748012650244,15.698
868,1,0,accepted,0.143889340779237,-0.117690819845519,484363.628175816,4976621.65398111,-0.104420143624275,19.445
869,1,0,accepted,0.178905970070238,-0.0674153538866176,484364.589466538,4976621.54950669,-0.0990362249774998,16.213
870,1,0,accepted,0.202016202905841,-0.0955506404455271,484365.55566517,4976621.45829386,-0.0950161926418753,16.823
871,1,0,accepted,0.213164718005332,-0.0172952182638143,484366.537308012,4976621.38447299,-0.0893533633878023,13.045
872,1,0,accepted,0.0977881478717864,0.112021701549781,484367.532139696,4976621.57422435,-0.0826893239617507,16.028
873,1,0,accepted,0.0997157622569294,0.355266544978203,484368.507921886,4976621.47875549,-0.0738734213418414,14.053
874,1,0,accepted,0.102893553493415,0.0596636187032242,484369.514761661,4976621.42143956,-0.0749600659310988,15.124
875,1,0,accepted,0.298304125407748,0.0820663024589268,484370.519263166,4976621.08114576,-0.0702054078747493,15.22
876,1,0,accepted,0.322226746190157,0.294722586603236,484371.507802578,4976621.01356397,-0.0620267287202945,17.072
877,1,0,accepted,0.341860849978112,0.476255404587663,484372.522271643,4976620.94864332,-0.0545988751684788,15.235
878,1,0,accepted,0.331026534688529,0.41617493583658,484373.532960154,4976620.90652225,-0.051074814394071,18.798
879,1,0,accepted,0.327327380470193,0.492785837870343,484374.549633197,4976620.86257521,-0.0452157397899256,13.858
880,1,0,accepted,0.0808791941867846,-0.0585413935064438,484375.60652743,4976621.07187358,-0.0503239574104234,18.792
881,1,0,accepted,0.0721434865971252,-0.155218127500617,484376.626833039,4976621.04434303,-0.0468995131496772,17.461
882,1,0,accepted,0.0725630594193445,-0.461647970109746,484377.68911561,4976620.98766626,-0.0461965920782691,14.263
883,1,0,accepted,0.0708952594138159,-0.290111157751777,484378.731243583,4976620.95943644,-0.0370877596574603,16.464
884,1,0,accepted,0.0764749132045053,-0.118103505796778,484379.769196954,4976620.93649222,-0.0278293919635913,15.693
885,1,0,accepted,0.108351093534301,-0.181942781807749,484380.816375645,4976620.89153087,-0.0227567930389207,14.92
886,1,0,accepted,0.113610230502115,-0.188686084407911,484381.851235761,4976620.8793402,-0.0165752460299969,12.167
887,1,0,accepted,0.103466777938363,0.0492367742159732,484382.899749621,4976620.89558273,-0.00634033978257857,14.567
888,1,0,accepted,0.12002035984477,0.0571682315933034,484383.965073163,4976620.8889223,8.16033361744272e-05,10.949
889,1,0,accepted,0.147892310414753,-0.0118798723203533,484385.01935497,4976620.88599227,0.00443491790630178,14.863
890,1,0,accepted,0.144787947062801,-0.0208406462935976,484386.058236628,4976620.9077533,0.0103545990507397,13.305
891,1,0,accepted,0.212792582787007,1.27657246122808,484386.976368245,4976620.84071674,0.0392247486620751,17.647
892,0,1,acceptedDirectional,0.17786289583477,1.04080976399452,484388.031679468,4976620.90671978,0.0409910826557772,13.111
893,0,1,acceptedDirectional,0.130540349635377,0.634955737339989,484389.085777845,4976620.9932076,0.0395877947851629,12.27
894,0,1,acceptedDirectional,0.106962732135267,0.424171407659711,484390.142998929,4976621.06022233,0.0412931027116013,11.361
895,1,0,accepted,0.26819479399254,0.578784438534906,484390.984894569,4976621.16765873,0.0496492984729293,12.194
896,1,0,accepted,0.245096687227872,0.40182185419745,484392.057918624,4976621.28102125,0.0518765274350302,14.461
897,1,0,accepted,0.223758900663585,0.381450450784332,484393.138797046,4976621.35678229,0.0568255153082293,12.209
898,1,0,accepted,0.224999521356288,0.421107160703754,484394.192585159,4976621.38954153,0.0628370704232404,11.923
899,1,0,accepted,0.223971552354125,-0.890992647044579,484395.337679407,4976621.65823459,0.0450258982042622,12.187
900,1,0,accepted,0.208365754590739,-1.03252037378498,484396.419763768,4976621.74043105,0.048188395798099,13.811
901,1,0,accepted,0.245685369090601,-0.0946549605104422,484397.37462367,4976621.71166055,0.069697588483049,16.197
902,1,0,accepted,0.172276501650469,-0.958772699119533,484398.552214002,4976621.89317568,0.0597884404140578,20.239
903,1,0,accepted,0.128110387779326,-0.984156211536821,484399.657033159,4976621.96754294,0.064929516011667,18.671
904,1,0,accepted,0.0965751422414643,-0.958523065253661,484400.746555446,4976622.05293253,0.0699786290460504,13.464
905,1,0,accepted,0.058391804481614,-0.821682723862397,484401.848109684,4976622.14390318,0.0758793276859284,14.218
906,1,0,accepted,0.0122727778865484,-0.214623279124865,484402.960831973,4976622.22634329,0.0888842574068384,12.799
907,1,0,accepted,0.0434285662504325,0.0250645664475956,484404.072375923,4976622.34690648,0.0936397495233477,18.693
908,1,0,accepted,0.040117862433799,0.217202774801961,484405.162015762,4976622.4672414,0.0963840661210547,20.132
909,1,0,accepted,0.0650603709358058,0.300571428424643,484406.25341616,4976622.5823566,0.0967244244318084,12.95
910,1,0,accepted,0.0825139709160234,0.294943755627717,484407.350650994,4976622.69687511,0.0958608002401481,12.278
911,1,0,accepted,0.0727602358580905,0.339077039316212,484408.424228602,4976622.82688206,0.0956742108117576,11.261
912,1,0,accepted,0.0957919610599954,0.304412529555027,484409.539467542,4976622.94006995,0.0946381554862381,12.613
913,1,0,accepted,0.100525226183753,0.294268451180125,484410.637411461,4976623.04497607,0.0942953535598591,13.425
914,1,0,accepted,0.0977306044261172,0.324328047271393,484411.729906397,4976623.16718845,0.0952077840934276,13.355
915,1,0,accepted,0.096198521928315,0.425773861516506,484412.812556049,4976623.29577675,0.0975379588371798,13.75
916,1,0,accepted,0.0919805378808002,0.451591346017914,484413.908440416,4976623.41991303,0.0987036076376376,12.25
917,1,0,accepted,0.0928966099022372,0.409073791153253,484415.010435178,4976623.52350047,0.0985324171387107,12.593
918,1,0,accepted,0.0917290811938093,0.407881895075702,484416.118224313,4976623.653628,0.0989343938993069,20.695
919,1,0,accepted,0.10715999851958,0.463185278032751,484417.246559036,4976623.76304543,0.100453826107232,20.077
920,1,0,accepted,0.100137438072198,0.482833269081877,484418.348103814,4976623.89552226,0.101465991376996,18.909
921,1,0,accepted,0.0858289942635741,0.430802331123336,484419.455839012,4976624.0260766,0.101256853937199,20.867
922,1,0,accepted,0.0810203454127093,0.0833627774896437,484420.466922361,4976624.23416024,0.095669090592397,12.942
923,1,0,accepted,0.0567694875177057,0.169272777775381,484421.586344318,4976624.34099616,0.0978413322009509,11.693
924,1,0,accepted,0.0489912038048075,0.149771976925646,484422.704839681,4976624.46434257,0.097945022137797,10.73
925,1,0,accepted,0.0329198567100937,0.146450943057389,484423.831542056,4976624.57573645,0.0984603125624162,10.353
926,1,0,accepted,0.0073685667390856,0.165469669704736,484424.941743817,4976624.69036731,0.0990150004667201,10.609
927,1,0,accepted,0.0158780521952765,0.157398474890188,484426.061857345,4976624.80189455,0.0995575108771392,11.978
928,1,0,accepted,0.0356671082365991,0.164177923743992,484427.19359021,4976624.91877525,0.100091661908281,13.108
929,1,0,accepted,0.0590404755317782,0.170618324859536,484428.331182426,4976625.03379876,0.100787976178281,13.625
930,1,0,coarseRetainedByTrustRadius,0.138151964906578,-0.0500770058822673,484429.324077819,4976625.29854967,0.0973635288916856,12.364
931,1,0,coarseRetainedByTrustRadius,0.113857530776674,0.245831201325496,484430.464244077,4976625.36598393,0.103121746756731,12.349
932,1,0,coarseRetainedByTrustRadius,0.110716246132791,0.318891174122776,484431.609959979,4976625.47617678,0.104946764449058,11.602
933,1,0,coarseRetainedByTrustRadius,0.0852829897148424,0.310547050651699,484432.780134242,4976625.59536687,0.105345905798096,14.484
934,1,0,coarseRetainedByTrustRadius,0.0572250964002822,0.189977381561378,484433.962546892,4976625.73889797,0.104155124212656,10.282
935,1,0,coarseRetainedByTrustRadius,0.0692699129712957,0.263087126233217,484435.111360287,4976625.85796147,0.105810984103397,10.697
936,1,0,coarseRetainedByTrustRadius,0.0717725174012126,0.164541599665031,484436.280026623,4976625.99564395,0.104580491363881,9.884
937,1,0,coarseRetainedByTrustRadius,0.0854851090958517,0.184513741065821,484437.440586901,4976626.12772446,0.104929101668038,11.935
938,1,0,coarseRetainedByTrustRadius,0.0982135163343985,0.259045155373308,484438.611204152,4976626.26094753,0.106093231408422,12.19
939,1,0,coarseRetainedByTrustRadius,0.129083384996243,0.439372557812661,484439.799353383,4976626.38338314,0.109366554515872,14.757
940,1,0,coarseRetainedByTrustRadius,0.162606705882921,0.53266660635309,484440.995281528,4976626.51954559,0.111052719804736,15.083
941,1,0,coarseRetainedByTrustRadius,0.175954282064658,0.530569768971646,484442.174097154,4976626.66943541,0.111016514622305,14.895
942,1,0,coarseRetainedByTrustRadius,0.196662708836551,0.418979985548019,484443.363398451,4976626.81894787,0.109306982829874,13.339
943,1,0,coarseRetainedByTrustRadius,0.201957442790041,0.347719564254475,484444.533120598,4976626.96988186,0.108177673761963,9.226
944,1,0,accepted,0.00908789876811582,0.169480861712652,484445.527578669,4976627.21537404,0.104893148090389,11.41
945,1,0,accepted,0.00216092485235246,0.154798681247436,484446.684228699,4976627.35456744,0.105045082628843,12.093
946,1,0,accepted,0.021035861764292,0.12636094652172,484447.868086911,4976627.48454142,0.105050972206709,10.608
947,1,0,accepted,0.0333349137068224,0.139737729492537,484449.045099279,4976627.61725433,0.105553374108936,10.633
948,1,0,accepted,0.0548137597818194,0.111916716180599,484450.221779764,4976627.74373511,0.105288081953353,11.553
949,1,0,accepted,0.0738375085015554,0.133084004716027,484451.413507792,4976627.87319185,0.105742691442179,13.006
950,1,0,accepted,0.0949070745863039,0.151360172773083,484452.598956894,4976627.99806655,0.106575572435091,12.438
951,1,0,accepted,0.119117183221159,0.102664478292043,484453.781011194,4976628.11207325,0.106235570712011,11.982
952,1,0,accepted,0.129410304520973,0.145756622865427,484454.958430572,4976628.23906281,0.107241998085943,13.078
953,1,0,accepted,0.139414191481617,0.178911598699712,484456.130566922,4976628.36999192,0.107572568855684,12.012
954,1,0,accepted,0.150284355250429,0.186328816784778,484457.305105852,4976628.50252544,0.107325858390361,13.867
955,1,0,accepted,0.150287485281687,0.326469956125682,484458.421541075,4976628.63409118,0.10997632423444,14.047
956,1,0,accepted,0.138096344848132,0.18562505307286,484459.623228121,4976628.79671616,0.107921669301021,13.457
957,1,0,accepted,0.13345647960052,0.129931915998871,484460.807032146,4976628.95124229,0.107293282363626,16.643
958,1,0,accepted,0.141754936407239,0.203019956453243,484461.97116214,4976629.09480958,0.108792963831374,14.39
959,1,0,accepted,0.148808608964997,0.212887559063802,484463.162071856,4976629.24354841,0.109246061911063,16.975
960,1,0,accepted,0.149389584648785,0.199807199510995,484464.353991791,4976629.39675047,0.109306921969376,18.891
961,1,0,accepted,0.142263023923505,0.169111723252387,484465.530539395,4976629.55741216,0.108813913625914,13.346
962,1,0,accepted,0.134632782437629,0.0601318508216516,484466.755834799,4976629.72126073,0.107762165001745,11.972
963,1,0,accepted,0.135987459313948,0.000597215262294225,484467.940840655,4976629.87215623,0.107041594038744,14.87
964,1,0,accepted,0.149024884596138,0.00204293522232525,484469.147835912,4976630.01617817,0.107391197735231,11.781
965,1,0,accepted,0.0874567047618775,-0.249440825831104,484470.20927571,4976630.3038125,0.103729383585855,11.309
966,1,0,accepted,0.107979884437546,-0.389964069085411,484471.379577801,4976630.48386151,0.101901879057498,11.023
967,1,0,accepted,0.103143411898655,-0.424819766200785,484472.576743379,4976630.63755442,0.101654318787762,10.007
968,1,0,accepted,0.0730202935424483,-0.329659582377462,484473.778646165,4976630.77937067,0.103603326715606,10.268
969,1,0,accepted,0.0416295334419762,-0.396543900879829,484474.999431115,4976630.92864552,0.102735194419297,10.291
970,1,0,accepted,0.0241413555472865,-0.607553128431542,484476.245302412,4976631.07262789,0.0993069220903676,11.018
971,1,0,accepted,0.0417410164351415,-0.0206193018390432,484477.445159287,4976631.21441808,0.109431065704867,15.564
972,1,0,accepted,0.0488028831234661,-0.103514527602585,484478.640157375,4976631.36862424,0.107981918472075,12.913
973,1,0,accepted,0.050393408428485,-0.0668321035243943,484479.82327339,4976631.52075836,0.108198817530704,11.771
974,1,0,accepted,0.0648537445186,-0.00263335283378812,484481.019077746,4976631.66827822,0.109149767207147,15.781
975,1,0,accepted,0.0786201394397439,0.0779577450165322,484482.200817883,4976631.81051704,0.110223495661383,11.541
976,1,0,accepted,0.0760380644204585,0.0848784910501029,484483.369223036,4976631.96639299,0.109823112237135,10.135
977,1,0,accepted,0.0960969957387969,0.118778435681173,484484.56850341,4976632.10904786,0.109616870087828,15.032
978,1,0,accepted,0.103163778084657,0.38625434444951,484485.759050002,4976632.26150647,0.113559525880585,11.388
979,1,0,accepted,0.121193682280796,0.387608943185045,484486.968182674,4976632.40690153,0.112750115578208,11.551
980,1,0,accepted,0.133365233383031,0.393656183171698,484488.17867235,4976632.557619,0.111746304230296,11.878
981,1,0,accepted,0.146520930080252,0.209208331109608,484489.390513808,4976632.71263895,0.107485193141253,13.228
982,1,0,accepted,0.150472785801991,0.242299948344841,484490.581910779,4976632.86248857,0.109404950223808,14.049
983,1,0,coarseRetainedByTrustRadius,0.125219133366103,0.773700777934252,484491.592025673,4976633.07220664,0.118156416454046,20.109
984,1,0,coarseRetainedByTrustRadius,0.10217825986423,0.99526352320122,484492.823171615,4976633.24247635,0.119944959920517,22.733
985,1,0,coarseRetainedByTrustRadius,0.0492962515294014,0.694012055846464,484494.05387726,4976633.42007692,0.115384471263228,27.408
986,1,0,accepted,0.134791986835593,0.0337590086149364,484495.178467694,4976633.70267265,0.103284957589913,13.76
987,1,0,accepted,0.10895611246096,-0.147741158785387,484496.376885119,4976633.83917517,0.0992891854913142,13.53
988,1,0,accepted,0.0775787650957147,-0.0231618713160633,484497.577186739,4976633.96873082,0.100855213144496,12.885
989,1,0,accepted,0.0576994383742612,0.276252662140338,484498.780824752,4976634.11290505,0.106266089286275,12.379
990,1,0,accepted,0.0397743130787759,0.432757416644528,484499.974293772,4976634.25103133,0.108312281099054,13.033
991,1,0,accepted,0.0259391957415725,0.48546048640483,484501.166181688,4976634.39160851,0.109090483057988,12.696
992,1,0,accepted,0.0237135222466341,0.594143756076552,484502.359413586,4976634.53995151,0.110651414901597,11.638
993,1,0,accepted,0.025096899344955,0.567908191494019,484503.540101931,4976634.66189956,0.10957050426235,11.679
994,1,0,accepted,0.0392689722138615,0.571252524529757,484504.734193379,4976634.79923849,0.109099078514889,13.38
995,1,0,accepted,0.042729692235418,0.544768146361843,484505.892093593,4976634.93784664,0.108438412930105,16.266
996,1,0,accepted,0.0471279938922531,0.442760159310808,484507.067954321,4976635.08657651,0.106594436972359,13.705
997,1,0,accepted,0.0566505387239511,0.401336538921169,484508.235941145,4976635.21963409,0.105463886151973,12.021
998,1,0,accepted,0.0627020260979173,0.385954775393437,484509.401594226,4976635.3565032,0.104690329221238,17.018
999,1,0,accepted,0.0529032629988725,0.318611997894733,484510.553019392,4976635.50585353,0.103580393327562,16.745
1000,1,0,accepted,0.0506318554280021,0.273854319472878,484511.684274257,4976635.64626871,0.102151781264388,15.822
1001,1,0,coarseRetainedByTrustRadius,0.178431890680161,-0.0635352161267039,484512.678062707,4976635.92723375,0.0960856189627772,14.806
1002,1,0,coarseRetainedByTrustRadius,0.171204876579712,-0.0315316373020945,484513.823181133,4976636.03964817,0.0965806695924411,14.725
1003,1,0,coarseRetainedByTrustRadius,0.1658202322935,0.255688012307716,484514.971172869,4976636.14165505,0.101174743219666,13.228
1004,1,0,coarseRetainedByTrustRadius,0.157962328394187,0.30719943169299,484516.127794066,4976636.26068388,0.102418879281714,14.989
1005,1,0,coarseRetainedByTrustRadius,0.144190458219441,0.284565283830582,484517.291417632,4976636.40131289,0.102602568521875,12.224
1006,1,0,coarseRetainedByTrustRadius,0.133975011542588,0.221274746070374,484518.448248251,4976636.54320561,0.101796355225099,11.811
1007,1,0,coarseRetainedByTrustRadius,0.113650762013516,0.233794656437928,484519.614084511,4976636.67189792,0.102677219237046,11.891
1008,1,0,coarseRetainedByTrustRadius,0.0906848567101586,0.167369971052421,484520.768824736,4976636.81528305,0.101979676897579,11.542
1009,1,0,coarseRetainedByTrustRadius,0.0647113593555325,0.241941660258503,484521.93833269,4976636.93831215,0.103591734214486,11.19
1010,1,0,coarseRetainedByTrustRadius,0.0604537148912945,0.415926638704622,484523.114138809,4976637.05886649,0.107020352094179,12.325
1011,1,0,coarseRetainedByTrustRadius,0.0909864683963952,0.362386280892826,484524.309652231,4976637.19207773,0.106084803909214,10.267
1012,1,0,accepted,0.0701786453116703,0.124437112601409,484525.320704677,4976637.43619534,0.101482142952238,12.34
1013,1,0,accepted,0.0360997004945416,0.0609710106254451,484526.472867328,4976637.55830804,0.101475536862174,15.449
1014,1,0,accepted,0.0263488549191387,0.208547234289804,484527.601656673,4976637.68594786,0.103978095967593,14.828
1015,1,0,accepted,0.0162352335000893,0.257580755919285,484528.733879667,4976637.810641,0.105119771128082,14.947
1016,1,0,accepted,0.0115614345622393,0.259237532850859,484529.870386719,4976637.94452005,0.105482797464567,14.491
1017,1,0,accepted,0.0223829997921978,0.293964101558372,484531.000504875,4976638.07479124,0.106318147079115,16.167
1018,1,0,accepted,0.04482286483502,0.230584249887572,484532.147614381,4976638.20200511,0.105246257789123,13.242
1019,1,0,accepted,0.0632153454025142,0.195368599235951,484533.287760824,4976638.32428048,0.105448925488064,12.279
1020,1,0,accepted,0.0788322696422132,0.187590428820387,484534.424457844,4976638.4500089,0.106529237932222,13.907
1021,1,0,accepted,0.112066722428106,0.0926946747928817,484535.555681889,4976638.56369852,0.106243483901364,19.034
1022,1,0,accepted,0.163082569834579,-0.0560283491074673,484536.711179621,4976638.66583762,0.104837177221752,15.598
1023,1,0,accepted,0.198157497727659,-0.0771118903021073,484537.850996918,4976638.77874712,0.105216474261187,15.256
1024,1,0,accepted,0.224090230789503,-0.133387737174382,484538.984951902,4976638.8993764,0.105215189659381,16.48
1025,1,0,accepted,0.228086776109268,-0.176441556869573,484540.109175886,4976639.03880887,0.105434395253996,18.299
1026,1,0,accepted,0.226876723250023,-0.210827096286479,484541.224077907,4976639.18437213,0.105633307815788,15.727
1027,1,0,accepted,0.285788337016257,-1.96798971508712,484542.360905267,4976639.77805789,0.0760668129984111,14.907
1028,1,0,accepted,0.297493514252252,-2.23569195050714,484543.484347711,4976639.94176824,0.0724902845332084,13.189
1029,1,0,accepted,0.227176013462619,-1.88675511172668,484544.574934089,4976640.0286497,0.0787227398835978,12.884
1030,1,0,accepted,0.125904573170006,-1.42110232288974,484545.660918722,4976640.07559979,0.0887398987735236,14.105
1031,1,0,accepted,0.105148596339392,-0.731083128768896,484546.751180747,4976640.10493228,0.101285966117801,19.389
1032,1,0,accepted,0.141274928575582,-0.173852510929092,484547.833006131,4976640.19645637,0.111724436028773,16.894
1033,1,0,accepted,0.184980585840966,0.057308483108968,484548.959872088,4976640.31892868,0.116510646928183,14.503
1034,1,0,accepted,0.116107508255164,-0.0178824279393054,484549.910444914,4976640.58578129,0.116040286226966,16.123
1035,1,0,accepted,0.126387178570289,-0.0693509110583321,484551.001009189,4976640.76969163,0.116107341164798,11.942
1036,1,0,accepted,0.135143180154375,-0.0612711677668445,484552.14152226,4976640.93355223,0.11772374817749,11.056
1037,1,0,accepted,0.131245257009026,-0.107971819723459,484553.280319766,4976641.0950009,0.118607598864557,10.365
1038,1,0,accepted,0.123582306426192,-0.159620069975548,484554.404589466,4976641.26057929,0.119355739045161,9.118
1039,1,0,accepted,0.0933801758914261,-0.287038893250643,484555.554843239,4976641.41734457,0.118839064905179,9.49
1040,1,0,accepted,0.0464171871056419,-0.409706485020672,484556.691002974,4976641.54584416,0.118129486648992,13.533
1041,1,0,accepted,0.0729015470758459,-0.481447248258114,484557.855985059,4976641.69071661,0.117651513381968,9.753
1042,1,0,accepted,0.123295682393166,-0.448065436016448,484559.033557009,4976641.82995649,0.118493377109687,14.744
1043,1,0,accepted,0.183447025380614,-0.564585914108824,484560.215509863,4976641.96048019,0.116206303721245,12.477
1044,1,0,accepted,0.20076514859648,-0.464946733579995,484561.370001323,4976642.1175349,0.117492131612968,13.257
1045,1,0,accepted,0.2247160433695,-0.458251892086684,484562.522458617,4976642.26297459,0.117757140013956,13.244
1046,1,0,accepted,0.243828686606457,-0.408759855891218,484563.67035905,4976642.40941438,0.118797456175153,10.657
1047,1,0,accepted,0.237683163053903,-0.380892662366581,484564.803924726,4976642.56354556,0.119747372093329,9.356
1048,1,0,accepted,0.111814145570322,-0.286240275321583,484565.828971977,4976642.78259909,0.122090771916168,9.889
1049,1,0,accepted,0.0940821312648625,-0.225321101967848,484566.956884307,4976642.94727974,0.123835929341589,11.489
1050,1,0,accepted,0.0682173081829151,-0.185164951238514,484568.07387854,4976643.1131238,0.125384022996933,12.349
1051,1,0,accepted,0.0692113648912047,-0.107995632001462,484569.215445373,4976643.27261511,0.126753646343573,16.047
1052,1,0,accepted,0.0631736384947586,-0.209063504937699,484570.375114934,4976643.44868543,0.125338984096234,13.121
1053,1,0,accepted,0.0645677120909182,-0.615562311256425,484571.488961005,4976643.73712326,0.118219246917147,12.594
1054,1,0,accepted,0.0320325508036721,-0.499168117441878,484572.649996627,4976643.87551083,0.119918651650705,11.3
1055,1,0,accepted,0.021682121451512,-0.281528324393912,484573.806881699,4976643.99737984,0.123664723191498,13.262
1056,1,0,accepted,0.0439244073892447,-0.243898024835476,484574.984888643,4976644.15262095,0.124157442621672,11.199
1057,1,0,coarseRetainedByTrustRadius,0.0934823396057486,-0.532138568640928,484576.054362236,4976644.40646027,0.118646004162758,11.951
1058,1,0,coarseRetainedByTrustRadius,0.0792882722435442,-0.811538946453941,484577.246802103,4976644.59360297,0.113633886001651,12.449
1059,1,0,accepted,0.228378372034064,-1.25835819221369,484578.323199928,4976644.87806201,0.105784147108842,19.648
1060,1,0,accepted,0.177333316485832,-1.11460634143606,484579.521632057,4976645.00319969,0.1079521041586,18.405
1061,1,0,accepted,0.15413989010748,-1.26090605529751,484580.722787633,4976645.1633668,0.105279704323188,15.481
1062,1,0,accepted,0.127298660597334,-1.30777013427472,484581.928057542,4976645.3155559,0.104555694017718,15.038
1063,1,0,accepted,0.0933881194120617,-1.19078967854211,484583.126531129,4976645.45723054,0.106157784251501,13.985
1064,1,0,accepted,0.0657159262820387,-1.08334262487385,484584.322022964,4976645.60316948,0.108173013241563,15.631
1065,1,0,accepted,0.052086136529268,-1.01474907980846,484585.536399563,4976645.76643974,0.109112604570537,15.459
1066,1,0,accepted,0.0341975034316498,-0.840283935445691,484586.716624769,4976645.91933712,0.111987766100937,12.397
1067,1,0,accepted,0.0196307606720546,-0.745923544994151,484587.92032773,4976646.07300859,0.113524602874414,14.287
1068,1,0,accepted,0.0203248296373997,-0.67676719804041,484589.119646071,4976646.2251509,0.114538729600007,15.496
1069,1,0,accepted,0.0490275000925004,-0.709426238021485,484590.32520984,4976646.36889732,0.113743428182297,12.356
1070,1,0,accepted,0.0719224029821361,-0.622888074053367,484591.523359151,4976646.52257233,0.115373345692042,12.773
1071,1,0,accepted,0.0914818652208581,-0.548103296329343,484592.729723939,4976646.67941627,0.116953860976032,12.993
1072,1,0,accepted,0.110922079869183,-0.490747909640191,484593.926202113,4976646.8349967,0.11830104766879,12.199
1073,1,0,accepted,0.0377135410326226,-0.248465026887738,484595.095422543,4976647.08000327,0.122948104057236,12.765
1074,1,0,accepted,0.0242628815761928,-0.123572060082304,484596.292513847,4976647.27054697,0.125773933102147,13.104
1075,1,0,accepted,0.0168470357600472,-0.0657654900206261,484597.479547832,4976647.46140782,0.127027883965121,13.423
1076,1,0,accepted,0.023396058122922,0.00500578258800318,484598.678444374,4976647.63476467,0.128546528219136,12.451
1077,1,0,accepted,0.0358785082487742,0.0217849666246974,484599.871625136,4976647.84465962,0.129457360875652,13.91
1078,1,0,accepted,0.0427334594418304,0.027689394690238,484601.062789586,4976648.03391342,0.130076102883814,12.379
1079,1,0,accepted,0.0461967497232039,-0.0354047797137803,484602.255258062,4976648.22840623,0.129476298392421,14.951
1080,1,0,accepted,0.0475774533899898,-0.0043195153515703,484603.467560661,4976648.39870714,0.130359975111688,14.494
1081,1,0,accepted,0.0721976979526121,-0.0177677697668071,484604.687451605,4976648.55769214,0.131077259081876,16.515
1082,1,0,accepted,0.09894632068935,0.0107001827455614,484605.904429156,4976648.72539669,0.131857058178529,16.236
1083,1,0,accepted,0.135471086372433,0.0405946887465278,484607.143720205,4976648.89404175,0.132873233044694,15.142
1084,1,0,accepted,0.187153247252912,0.298857259628781,484608.351374069,4976649.04331367,0.137627246569094,14.478
1085,1,0,accepted,0.207230830855527,0.0168283200570938,484609.62383754,4976649.25345917,0.133037594501487,14.671
1086,1,0,accepted,0.242268890520389,0.126945377922294,484610.833371895,4976649.42482575,0.134907557260035,12.778
1087,1,0,accepted,0.0657397546908079,-0.0177097857366994,484611.837172505,4976649.80552646,0.132485161575617,15.395
1088,1,0,accepted,0.0901584623844949,-0.00253070286613146,484613.012313747,4976650.03838295,0.13302838062521,14.893
1089,1,0,accepted,0.0627055497035114,0.00788438703411431,484614.236703296,4976650.22199729,0.133345702307359,13.624
1090,1,0,accepted,0.0490490786258629,0.0285198070546066,484615.454828471,4976650.40216507,0.133868716658526,12.585
1091,1,0,accepted,0.0441083077737898,0.0329237409780041,484616.675886482,4976650.58487509,0.13428136943263,14.869
1092,1,0,accepted,0.0543154309850289,0.0339484759601197,484617.87886047,4976650.76311359,0.134439749888872,17.052
1093,1,0,accepted,0.0630911240419741,0.175818128808444,484619.082237827,4976650.95242871,0.136746129568552,19.157
1094,1,0,accepted,0.0752014417654243,0.201553871695179,484620.300120185,4976651.13985752,0.137427424131651,18
1095,1,0,coarseRetainedByTrustRadius,0.250120445080881,0.605642336713873,484621.642620033,4976651.22360597,0.144312978684043,16.171
1096,1,0,coarseRetainedByTrustRadius,0.260375281965227,0.660212632367223,484622.855655112,4976651.41985823,0.145365344297155,14.691
1097,1,0,accepted,0.140259592809117,0.277847360753392,484623.965527867,4976651.70168172,0.138672086842425,12.277
1098,1,0,accepted,0.16168765927182,0.258629957018308,484625.190971253,4976651.8786715,0.13830986351289,14.943
1099,1,0,accepted,0.165876071521924,0.318310764850037,484626.356780792,4976652.06277899,0.139266852611766,14.527
1100,1,0,accepted,0.186020438997768,0.277555244818362,484627.561457535,4976652.23952869,0.138736445342794,12.983
1101,1,0,accepted,0.0912626117718343,0.302942931705631,484628.636491777,4976652.49748412,0.138965801725691,16.904
1102,1,0,accepted,0.094469991026986,0.252222915931493,484629.773491957,4976652.71362354,0.137656493903215,27.029
1103,1,0,accepted,0.170192500528265,-0.261546166345794,484630.881131736,4976653.06277904,0.12908264254839,15.559
1104,1,0,accepted,0.174548414896718,-0.369006389041702,484632.081765427,4976653.27047531,0.126930752636577,14.798
1105,1,0,accepted,0.139268724135058,-0.211193668540801,484633.281518114,4976653.41905372,0.129454789521729,10.813
1106,1,0,accepted,0.119129759172578,-0.264164072716212,484634.493047832,4976653.60605533,0.128127044497583,10.087
1107,1,0,accepted,0.0929783512334228,-0.291576883649719,484635.703440294,4976653.78463564,0.127328819501062,10.778
1108,1,0,accepted,0.0765380371381396,-0.301232315243838,484636.903979875,4976653.95331725,0.12672430483151,11.786
1109,1,0,accepted,0.0598114961893206,-0.221454024773958,484638.11684899,4976654.10462007,0.127787851176784,11.761
1110,1,0,accepted,0.0438032835123605,-0.191450154477042,484639.341149135,4976654.28201694,0.127898620714079,8.21
1111,1,0,accepted,0.0689909620747242,-0.151455399383293,484640.587952414,4976654.45057175,0.128366386344743,8.483
1112,1,0,accepted,0.0977341409706614,-0.153778627821334,484641.80240163,4976654.63408858,0.127812016640498,9.547
1113,1,0,accepted,0.123097829705664,-0.183499892214347,484643.001827214,4976654.80898635,0.126775448867336,8.589
1114,1,0,accepted,0.121072751034796,-0.0767467546873299,484644.149780714,4976654.97321801,0.128620173932343,12.076
1115,1,0,accepted,0.133405509504157,0.0151682491483663,484645.330517972,4976655.1480205,0.1294481750843,14.23
1116,1,0,accepted,0.149287462694432,0.0275771138226493,484646.506698632,4976655.31658383,0.129888504490615,14.497
1117,1,0,accepted,0.104974202927082,0.347375365641526,484647.592799308,4976655.52324706,0.135015486757971,12.041
1118,1,0,accepted,0.172322047897337,0.134523608200401,484648.835511814,4976655.65791851,0.130758308438173,14.536
1119,1,0,accepted,0.182729078027882,0.228530314399985,484650.000854574,4976655.83045007,0.132156083018348,13.9
1120,1,0,accepted,0.199159935038493,0.241437228503151,484651.162384252,4976655.99624022,0.132076302531492,10.781
1121,1,0,accepted,0.211343238523709,0.291002083681246,484652.332558146,4976656.17126633,0.132923571250374,16.168
1122,1,0,accepted,0.216468423634439,0.307353204220373,484653.478644053,4976656.34141237,0.133096784409053,14.047
1123,1,0,accepted,0.222250928387306,0.340987338358825,484654.613215664,4976656.51099244,0.133258623809723,12.556
1124,1,0,accepted,0.173001607272395,0.316748057529585,484655.692144589,4976656.71680615,0.132465600425946,13.687
1125,1,0,accepted,0.13685827844446,0.141331407529418,484656.783943208,4976656.92440358,0.129131483834078,13.801
1126,1,0,accepted,0.150334730671708,0.146284249906898,484657.921920859,4976657.08622771,0.128907321163816,12.628
1127,1,0,accepted,0.172353492125913,0.185533811423691,484659.052586511,4976657.23870734,0.129364745309158,13.674
1128,1,0,accepted,0.183235556991036,0.167950830825954,484660.193987036,4976657.40241854,0.128932690727795,17.096
1129,1,0,accepted,0.198133715453719,0.143071235224404,484661.332611157,4976657.56255102,0.128107862741203,10.779
1130,1,0,accepted,0.138880678003861,0.0404954101938682,484662.416329201,4976657.79106241,0.126002723055348,14.562
1131,1,0,accepted,0.163553368651309,0.15827471050455,484663.541942648,4976657.93842138,0.127901652932767,13.74
1132,1,0,accepted,0.175832133045004,0.243156494419504,484664.64560163,4976658.09632167,0.129156144878596,11.01
1133,1,0,accepted,0.179802636328381,0.27547811733914,484665.749711648,4976658.26266488,0.129731212288342,12.105
1134,1,0,accepted,0.175048864444021,0.315957006964941,484666.87484624,4976658.4383947,0.130914269358926,11.088
1135,1,0,accepted,0.175592407378034,0.34206220929394,484667.974421036,4976658.60700287,0.131503122265655,10.149
1136,1,0,accepted,0.155289527667724,0.209887398043848,484669.091374934,4976658.8004415,0.129509463001473,14.869
1137,1,0,accepted,0.144922450368088,0.133471490858073,484670.186409546,4976658.98138672,0.128413357199475,10.695
1138,1,0,accepted,0.124212697080995,-0.0130472957879525,484671.285969859,4976659.17937518,0.126002080139918,12.819
1139,1,0,accepted,0.0895482357426897,-0.0592471076302319,484672.319591861,4976659.36656971,0.125466746173881,10.59
1140,1,0,accepted,0.0984462808509963,-0.0257702964137218,484673.398867695,4976659.52568497,0.126137492273456,9.93
1141,1,0,accepted,0.104581940342015,-0.0247894180516118,484674.504359474,4976659.69364775,0.126347029279871,10.179
1142,1,0,accepted,0.14433416119835,-0.0478181299459583,484675.629865888,4976659.8389461,0.125968601413005,12.091
1143,1,0,accepted,0.155483378399905,0.0538986245706528,484676.691848526,4976659.99320077,0.12773422051617,13.751
1144,1,0,accepted,0.177634098261721,0.156904273434264,484677.760746831,4976660.13839275,0.12940674099553,12.281
1145,1,0,accepted,0.15737397626118,0.082790876783046,484678.82272095,4976660.32779885,0.128418424811593,11.089
1146,1,0,accepted,0.156245794685445,0.179646481047493,484679.877432629,4976660.49379911,0.130196041884175,11.575
1147,1,0,accepted,0.153215395526532,0.202306612692599,484680.881579586,4976660.64509501,0.130640063031332,11.146
1148,1,0,accepted,0.126154403487278,0.0705016101383549,484681.928635772,4976660.83634542,0.12839966727702,10.285
1149,1,0,accepted,0.225127580556369,0.172769290340504,484683.095044849,4976660.94514215,0.130329021863092,10.433
1150,0,1,acceptedDirectional,0.126403512896654,-0.260997542153089,484684.136503044,4976661.25872786,0.122827231748986,10.235
1151,1,0,accepted,0.120378783840272,0.167026791960068,484684.92401553,4976661.46035886,0.130242623267189,11.135
1152,1,0,accepted,0.133387422815282,0.237202330828206,484685.948819314,4976661.63526578,0.131309318873472,9.272
1153,1,0,accepted,0.125852285809187,0.239044406957995,484686.989555696,4976661.79444087,0.131291581579802,10.004
1154,1,0,accepted,0.125382445002342,0.210588047173948,484688.024775793,4976661.96527738,0.130134414598107,11.482
1155,1,0,accepted,0.119526856763443,0.178056718607727,484689.057026627,4976662.11275687,0.129692901516279,8.88
1156,1,0,accepted,0.119453119357213,0.1523672277761,484690.083023165,4976662.26880686,0.12890369908726,7.996
1157,1,0,accepted,0.096120702269016,0.0864136132177043,484691.106980301,4976662.43126799,0.127642593212963,8.655
1158,1,0,accepted,0.0886137003871799,0.0356241923273578,484692.131129413,4976662.57666947,0.126515415594683,8.322
1159,1,0,accepted,0.073878338539918,0.0170798086643967,484693.158420074,4976662.72809651,0.125843299086251,8.51
1160,1,0,accepted,0.0609528656532661,0.0347582543570984,484694.183810903,4976662.86313258,0.12569606522796,6.839
1161,1,0,accepted,0.0579854164212266,0.0578361088059124,484695.206211872,4976662.99961342,0.125380333212013,7.468
1162,1,0,accepted,0.0760559984595463,0.0677177124541869,484696.214151603,4976663.13244382,0.124855769955467,6.381
1163,1,0,accepted,0.0896691550104994,0.109826893118535,484697.237212959,4976663.26317824,0.124815352089384,6.458
1164,1,0,accepted,0.111458030198936,0.158714832683338,484698.229376615,4976663.39140833,0.124709222951533,6.413
1165,1,0,accepted,0.141109007031632,0.231611121873068,484699.239635591,4976663.51270748,0.12497708212671,7.246
1166,1,0,accepted,0.166585875553038,0.264621918012749,484700.259606364,4976663.64219568,0.124514722599025,7.818
1167,1,0,accepted,0.190374525950414,0.326874668273405,484701.264275607,4976663.77198695,0.124619231442733,13.234
1168,1,0,accepted,0.18438309392861,0.319205453079736,484702.227238455,4976663.91740259,0.123488552020904,8.413
1169,1,0,accepted,0.19658192280161,0.309386101689166,484703.210628608,4976664.0500935,0.122381009209975,9.67
1170,1,0,accepted,0.205222053140018,0.342067338994544,484704.190421569,4976664.18448098,0.12178705806978,7.678
