frame,pillar,wholeX,wholeY,axisX,axisY
1,3846,-4.69779452021793,-2.65288687471794,-4.68638607538171,-2.66581813215787
2,3846,-4.69207641097286,-2.65096452953102,-4.67591614080352,-2.66520087781064
3,3846,-4.69236828570318,-2.64542687420984,-4.67877793387745,-2.66298411834942
4,3846,-4.6945807319578,-2.65099777911099,-4.67765315718376,-2.66235202682929
5,3846,-4.6930207135723,-2.64647207600743,-4.67883849567395,-2.66608781543916
6,3846,-4.69473217209232,-2.64711950613046,-4.68309570396289,-2.65957053140259
7,3846,-4.69451903105221,-2.65593469753089,-4.6758926766375,-2.66999960856406
8,3746,-4.77847686490448,-2.60223335257218,-4.67865439624138,-2.66739966114509
8,3846,-4.69230638311049,-2.65324347700346,-4.67865439624138,-2.66739966114509
9,3746,-4.75087223174818,-2.63403646392102,-4.68553781410327,-2.67063538037435
9,3846,-4.69788371729455,-2.65597054696087,-4.68553781410327,-2.67063538037435
10,3746,-4.75019598839404,-2.64372959749148,-4.6863811507292,-2.6675833914461
10,3846,-4.70417349695106,-2.6480096721575,-4.6863811507292,-2.6675833914461
11,3746,-4.76064107253697,-2.63248300439685,-4.70802668454801,-2.66503471394097
11,3846,-4.71730966137415,-2.65469592261429,-4.70802668454801,-2.66503471394097
12,3746,-4.71953844767404,-2.64591768536772,-4.70148659877681,-2.66380498314646
12,3846,-4.71969573962567,-2.65303799194969,-4.70148659877681,-2.66380498314646
13,3746,-4.76962636427478,-2.6471717291395,-4.73958412419834,-2.66290060544723
13,3846,-4.74620886721085,-2.65236819559831,-4.73958412419834,-2.66290060544723
14,3746,-4.79957993843556,-2.63780634054915,-4.75082482978042,-2.66078805452268
14,3846,-4.73831753442615,-2.65389651887196,-4.75082482978042,-2.66078805452268
15,3746,-4.82403524256887,-2.63914950411476,-4.78939247985803,-2.66180866483073
15,3846,-4.73242060206277,-2.67186115983175,-4.786708930414,-2.66200164055271
16,3746,-4.8461668784354,-2.64497041428231,-4.81506242883587,-2.65958824597271
17,3746,-4.88325071966153,-2.64522532836484,-4.86286853934862,-2.6580252682348
18,3746,-4.92847642511888,-2.64291967880954,-4.90527942102454,-2.66437470313142
18,8637,24.3844501892023,-7.98226681946451,24.3276769493465,-8.08658029764092
19,3746,-4.9817704255449,-2.64247910523606,-4.96904231988595,-2.65551790526829
20,3746,-5.04125892908331,-2.64465381853403,-5.02553020380277,-2.65927593906997
21,3746,-5.10109338986127,-2.64305037377155,-5.08350344566815,-2.65975091261007
22,3746,-5.17863168348032,-2.64540492085969,-5.16372699114131,-2.65745039387351
23,3746,-5.25466316915378,-2.63635490320628,-5.23602249824226,-2.64905787011871
24,3646,-5.36506104930071,-2.6251219393328,-5.32427964332141,-2.64269968691783
24,3746,-5.32348037897848,-2.63254742308463,-5.32427964332141,-2.64269968691783
25,3646,-5.4462318170137,-2.62251562526489,-5.41945342664813,-2.64208964988239
26,3646,-5.5539774123114,-2.613025009403,-5.53040372896257,-2.6241943284787
27,3646,-5.67820832472437,-2.59576056073464,-5.66114851687172,-2.60624444501765
28,3646,-5.80855277084683,-2.59313646184951,-5.78807408945308,-2.60344270701654
29,3546,-5.97599223854661,-2.57500307885521,-5.93504996103278,-2.58610258945966
29,3646,-5.91061960121643,-2.59109434461535,-5.93504996103278,-2.58610258945966
30,3546,-6.10158502688564,-2.56714225637791,-6.08564773457523,-2.57188433312195
31,3546,-6.25176777910166,-2.56309227251963,-6.226060397491,-2.57313270162171
32,3546,-6.3980105636163,-2.56500814827525,-6.38642963025815,-2.57198684962399
33,3446,-6.58384334523005,-2.54777741020283,-6.53914029315022,-2.55740354793402
33,3546,-6.4802608378336,-2.56108378612428,-6.53914029315022,-2.55740354793402
34,3446,-6.73166692124576,-2.5398990947702,-6.7219291509033,-2.54350890089322
35,3446,-6.90818897293423,-2.53088303627378,-6.8979355809183,-2.5340429647682
36,3446,-7.08794446691262,-2.52852151078903,-7.08555930055654,-2.53136114497442
37,3346,-7.26765055336748,-2.5211679496601,-7.25116989864998,-2.52633391560175
38,3346,-7.45141121358714,-2.51029256495835,-7.4330099231882,-2.51586372091913
39,3346,-7.6424463691538,-2.50217141127438,-7.64161127679331,-2.50515447589594
40,3246,-7.83335122969367,-2.4869991671358,-7.81417322186535,-2.49562501351181
41,3246,-8.0413093859907,-2.47857715579821,-8.03174069284821,-2.4800318428366
42,3246,-8.2461068679931,-2.48030175686257,-8.24695503988364,-2.48628751066482
43,3146,-8.44131030958469,-2.47868730231172,-8.42282400625515,-2.48398264893777
45,3146,-8.83178526687938,-2.47951573585402,-8.81659488904278,-2.48509742406466
46,3046,-9.05157922377609,-2.4862477746998,-9.03982605085471,-2.49286486744746
48,3046,-9.40916739676415,-2.49142628445536,-9.40207412140899,-2.4980317093112
49,2946,-9.61813359267686,-2.50039887529395,-9.59882140497203,-2.50981849841645
50,2946,-9.78802553939495,-2.52362036150891,-9.7766684259269,-2.52805294159411
51,2946,-9.96748976995078,-2.53704659074071,-9.97073794224379,-2.54188800911821
52,2846,-10.1687332119675,-2.5508327958894,-10.1373808351582,-2.5529575247693
52,2946,-10.1224299841736,-2.52702775622805,-10.1373808351582,-2.5529575247693
53,2846,-10.3260032252685,-2.54780855909511,-10.3237159327322,-2.54858258207254
54,2846,-10.4959438330115,-2.54361200365565,-10.4853454601572,-2.55534258672275
55,2846,-10.6478528940256,-2.54276855493297,-10.6484772553027,-2.55147214694686
56,2746,-10.8269883652368,-2.55012363063525,-10.8124433002673,-2.5649321300723
57,2746,-11.0189915980986,-2.56434404473573,-11.0080928617206,-2.56750366625763
58,2746,-11.2252630786227,-2.5652125436966,-11.2442146611231,-2.57268894206093
58,5766,7.04140432451275,9.47920534176026,7.02773462017688,9.45178312877376
59,2646,-11.4293461314388,-2.56085990362859,-11.4307739108642,-2.56144577254179
60,2646,-11.5948506791479,-2.57505347476429,-11.5559860562759,-2.59522715406063
61,2646,-11.8182148664364,-2.55771391824456,-11.8043873893918,-2.56945282137327
61,4844,1.42391260207478,-3.52967242486101,1.42754881431958,-3.52192740105597
61,5666,6.46251449623268,9.44277718282724,6.4819568504762,9.41305465460347
62,2546,-12.0083894373955,-2.54071130061401,-11.9873897722589,-2.54890654490949
62,4844,1.21471343735493,-3.53676262781417,1.21620128712461,-3.53537737024225
62,7436,17.2297112413631,-8.60293656573499,17.1592857805254,-8.73549084354354
63,2546,-12.2208675111579,-2.50772975117455,-12.2160802383207,-2.50971906750617
63,4744,0.987717200281023,-3.54262987488224,0.998182904910367,-3.53906349779169
63,5666,6.10254080360812,9.409475440709,6.1117127679073,9.40327127860327
64,2546,-12.4197926600568,-2.48813463335162,-12.5049144580641,-2.46717311301287
64,4744,0.779103422106114,-3.53253176463992,0.783499014150637,-3.52281322689034
64,5566,5.90272074012759,9.40148158293843,5.91007902976777,9.39643145684761
65,2446,-12.6576653860954,-2.48158434341923,-12.6596190583233,-2.48058142058239
65,4644,0.48876472354881,-3.53094634898881,0.551958133448193,-3.5290031156042
65,4744,0.551271395205911,-3.5180283315554,0.551958133448193,-3.5290031156042
66,2446,-12.8722654764109,-2.47205966752355,-12.8617930363979,-2.47639647573873
66,4644,0.329926639245963,-3.53454429666949,0.340277686759076,-3.50218140964735
67,2446,-13.0748219869675,-2.42170096778259,-13.0911850619518,-2.41701617567375
67,4644,0.227708535630204,-3.54824957055775,0.147781344989719,-3.42785038319513
67,5466,5.31494470990987,9.36872643129921,5.31835682634469,9.36677499827399
68,2346,-13.32524315405,-2.36371938059547,-13.346228472689,-2.35263199085431
68,5466,5.12328388660727,9.37862938213324,5.13275510355796,9.36918348343175
69,2346,-13.5376048581347,-2.29364709215327,-13.5508413873937,-2.28028239077064
69,5466,4.95090167874857,9.34373293620421,4.97300669164226,9.32021413833251
70,2246,-13.7804375818154,-2.24415348193285,-13.8055479261219,-2.19802528721537
71,2247,-14.087620983581,-2.05370418653885,-14.0694131023153,-2.07284305613453
71,5366,4.58134152525027,9.32515219310704,4.61053057243745,9.28133941183875
72,2147,-14.374318079543,-1.92453450487319,-14.398985824906,-1.90068445968145
73,2147,-14.6975280466072,-1.75190060301898,-14.7073351593307,-1.74811226341275
73,5365,4.27461534989146,9.17173063948311,4.26677676318877,9.17925804082113
74,2048,-15.0069092855593,-1.49954215844507,-14.9746301648418,-1.53595793957688
74,5265,4.09149807332862,9.13223523933157,4.09268674234011,9.14406062598838
74,6934,13.8582414849239,-9.66629368612606,13.7918737998625,-9.69186398037216
75,5265,3.90869452433063,9.07913062849477,3.92422065817597,9.07680633657301
76,1948,-15.6534160869558,-1.05411381736142,-15.6340481390126,-1.05419235113726
76,5265,3.72853448317757,9.01815151219281,3.75096864641222,9.02725879150576
76,6324,10.1927725107778,-15.8273573761312,10.1708130930026,-15.8238051136764
77,5165,3.51142490645271,8.98604767318133,3.56773099194016,8.99173961934545
77,6633,12.356128767007,-10.3025081043765,12.3585123493547,-10.2869309096484
79,5165,3.18468615893694,8.87877941553674,3.20490983029974,8.864215896994
79,5923,8.20254466244544,-16.3140433669938,8.22507687938188,-16.3267737054593
79,6269,10.063981917139,11.5466245593369,10.0685557731558,11.5901682645532
80,5065,2.9548282978401,8.79623315798507,3.0047288369899,8.77858122634376
81,5722,6.73724269615492,-16.644908783324,6.73798195755526,-16.6513446843783
82,5065,2.67237639750574,8.74623890877556,2.67037225773562,8.69133262552712
82,6268,9.78345720937442,10.8658147386298,9.67400261534144,10.9142174765475
84,6167,9.42253185807652,10.3777376733625,9.41294514649141,10.4180478917437
88,4621,0.412093062049832,-17.2695771583826,0.405307968331474,-17.2755932946084
89,6065,8.58317797506147,9.16608646743722,8.47465666797112,9.27689124627963
92,5864,7.71636944959112,8.57503276967707,7.7512216126305,8.62020603517268
94,5864,7.28267508764955,8.22702170222863,7.24258427428601,8.21522581782322
95,5763,6.98596298907349,7.96301608822628,6.95974159575681,8.03220144585628
95,5764,6.94658532089277,8.16869682058095,6.95974159575681,8.03220144585628
96,3323,-7.70964669315224,-16.1620977026402,-7.71874113320961,-16.1588148819922
97,5426,5.15427499618778,-14.2781293956079,5.20523098292146,-14.2722189214497
97,5663,6.39522191664223,7.6738595382908,6.38374867927918,7.64714516273441
98,5326,4.2258080826653,-14.3783287339713,4.16402927163268,-14.3827155487301
98,5662,6.14824387017594,7.34624032822509,6.05543606951042,7.45866625974901
98,5663,6.06857560862164,7.55722850685948,6.05840621585149,7.46512263520558
99,3730,-5.22997957836079,-12.1208533248028,-5.3721957588753,-12.1561308987933
99,5126,3.1372800102506,-14.4810504835592,3.13362547116954,-14.4852445561263
99,5562,5.75600103125349,7.28050979023001,5.74844900994848,7.29771216122732
101,5462,5.04724000093288,7.02521037460169,5.0793102206914,7.00377208170031
103,5361,4.28739598999937,6.77041288984579,4.2702202825898,6.78370433717494
104,5261,3.84807580343974,6.68676815421793,3.87228012749942,6.69366536526128
105,2832,-10.658191017175,-10.8284619174607,-10.8478415779444,-10.7373775467641
105,5161,3.41016348180342,6.61682457609677,3.40829586163375,6.61902572989526
106,5061,2.93695034731053,6.55185730241949,2.96770724483331,6.55819892946698
107,2533,-12.3709672726426,-10.2596015279967,-12.5204410819274,-10.2654081004318
107,5061,2.4997423378321,6.51972454312896,2.49195576909721,6.51213420214565
108,2333,-13.3488353748768,-10.0812859197543,-13.3414466978016,-10.0280500655882
108,4961,1.98736312661014,6.45809608986718,1.98531425750973,6.45420988084872
109,4861,1.45747899694161,6.42213717343838,1.45677067839273,6.41821069581355
110,4561,0.872623273052257,6.45880207346263,0.874208965227967,6.43704447175189
111,4661,0.287016765904407,6.46018692612835,0.275017858064205,6.45208213992759
112,4561,-0.295276152000131,6.4647527477995,-0.294997474883786,6.43971275399431
112,5243,3.77598585698537,-4.34491776124159,3.79036080803888,-4.38984184528356
113,5143,3.00756761691857,-4.38828193077935,3.0112378193382,-4.40541226154092
114,4361,-1.55765524983739,6.49022735329765,-1.52709673280661,6.37225446662277
114,4942,2.35320860740657,-4.58280286976834,2.31008574975929,-4.51588373148713
114,4943,2.27267708262312,-4.44531842614225,2.31008574975929,-4.51588373148713
125,6033,8.49664488085717,-10.3574445045155,8.42418671452048,-10.4113098761663
139,4744,1.12431724346209,-3.8409090014944,1.19182710742416,-3.8438151013298
139,4844,1.2125146355407,-3.82354391893859,1.19182710742416,-3.8438151013298
140,4644,0.231220083615642,-3.83797941885624,0.229976128154882,-3.84819293710232
141,4399,-0.751271161310226,-3.85720220377014,-0.747343033766901,-3.86269421942552
142,4244,-1.79845689610046,-3.83176098409943,-1.71800508316,-3.86955060965531
142,4344,-1.71860952600988,-3.86097756546465,-1.7179925081807,-3.86885162615913
143,4144,-2.72167775355573,-3.87338143981554,-2.71180344023867,-3.89383071466924
144,3943,-3.70169575241233,-4.01038906435873,-3.69959581077906,-3.92275650177898
144,3944,-3.7252010421462,-3.87486036847312,-3.69959581077906,-3.92275650177898
145,3843,-4.68134260601337,-4.01938344144837,-4.68484776762671,-3.97490629173358
145,3844,-4.69057755959316,-3.88782266690438,-4.68484776762671,-3.97490629173358
146,3643,-5.68969184679831,-4.05852075678066,-5.68056201787773,-4.01467179077108
146,7661,18.3241490259085,6.75427840246194,18.3265857227745,6.7663004773559
147,3443,-6.70284566359221,-4.10195772149824,-6.67178458925311,-4.04584094130407
147,7462,17.3090476152226,6.90394063789434,17.2637389686671,6.88157117885702
148,3343,-7.67661043211121,-4.13551696481662,-7.68439195533075,-4.09991641972865
148,7362,16.2195153046493,7.01405526848014,16.210919217707,7.01479133728785
149,3143,-8.68868732329924,-4.1999114469683,-8.67982683718267,-4.19469511227462
149,7162,15.1270992087537,7.08960877387457,15.1247094711328,7.09119763251121
150,2943,-9.69130633918072,-4.26700955555402,-9.66521771030317,-4.26106214600654
150,6962,14.0773373718723,7.18568402081414,14.0733315047151,7.18469529653877
151,2843,-10.6629578775374,-4.32514214099631,-10.6745879119677,-4.34790920281772
151,5443,4.96299355126204,-4.26780902290025,4.93203928537612,-4.25189790015953
151,6762,13.017124821525,7.26943350928436,13.0124889884454,7.27400563627887
152,2591,-11.6785330778476,-4.39561549720696,-11.6794114131062,-4.42183599885803
152,6432,11.9009420853029,7.33611230705488,11.9142689774624,7.33963529007729
153,2443,-12.7058168871352,-4.44718316005199,-12.6692449491858,-4.50654873891568
153,6462,10.846893487125,7.38718651659883,10.8518637009616,7.40667702088471
154,2296,-13.7199259369761,-4.65391822854729,-13.7064259015615,-4.62379657666928
154,6138,9.71158065949388,7.40401223692433,9.77002365750328,7.45288719208285
154,6139,9.80906011735062,7.47922246038157,9.77002365750328,7.45288719208285
155,5943,8.70496796543947,7.51816676114735,8.69155200174199,7.49880817972525
156,5515,7.63888569879809,7.55813901722605,7.62033606755327,7.53864576609779
157,5551,6.54728331367099,7.59068183465683,6.55295073452751,7.5811349711517
157,5649,6.5772551616015,7.57757626188813,6.55295073452751,7.5811349711517
158,5453,5.48581037548147,7.61982791198197,5.47313934490109,7.60369737111183
159,5310,4.40709928640181,7.62842593029441,4.40576389665473,7.6287395741047
160,5163,3.32771052813993,7.63989633896656,3.32393649433932,7.64179161834028
161,4865,2.28734894337789,7.65870746075927,2.29059348323322,7.65631985759627
162,4622,1.20216755305283,7.65645603933909,1.22787418455697,7.65455403102428
163,4433,0.120047429685761,7.65315042957567,0.11300818531975,7.65252362259355
164,4243,-0.959469150699496,7.64033028173106,-0.964922129841296,7.64061684994322
165,4011,-2.03671964190979,7.59967360970152,-2.03888606691323,7.60012177007768
166,3863,-3.11948531892361,7.58774592910503,-3.12625329674774,7.57813379114394
167,3635,-4.20914279926181,7.55752143746656,-4.21272424490529,7.55027951594801
168,3541,-5.28997653655745,7.5397733349237,-5.29519436237238,7.51469528897979
169,3387,-6.42427357393802,7.41118547592573,-6.39783372289977,7.4698079698649
169,3388,-6.38360952206238,7.49728127107478,-6.39783372289977,7.4698079698649
170,3197,-7.4951633465396,7.39734789168838,-7.49591059188071,7.41623607759659
171,3007,-8.61416162907766,7.35631831636774,-8.60968685675853,7.36376847337397
172,1733,-16.5582012085837,-5.34519073487538,-16.7611439331389,-5.30749389652235
172,2788,-9.71473041093299,7.27206394623456,-9.71750326107595,7.27326857256733
173,2573,-10.8375192421787,7.19106596641919,-10.8416326931846,7.19604285025469
175,2462,-13.0418255422041,6.99843957561362,-13.0395510586621,6.98991793286457
178,7362,16.2980640736465,7.2460814568271,16.2997859169142,7.24140081311289
179,7162,15.1596396383851,7.33762567653525,15.1707487572822,7.34275198580711
181,6763,12.9093767268897,7.5309197553152,12.9123943696872,7.51345937295356
182,6563,11.7731113202035,7.60654435050801,11.7803511724888,7.60264603046976
183,6363,10.6395826860934,7.67466201612231,10.6474776234244,7.67290108808326
184,4745,0.656947176037922,-3.24251925701675,0.647769742980217,-3.25870810570849
184,6163,9.47782362962348,7.7164864016269,9.499253887012,7.71295752485905
185,4545,-0.459550604500807,-3.26449960438736,-0.455662582003153,-3.28054917126998
185,5963,8.34440681740873,7.75389939983846,8.36916441112385,7.75341254905414
185,6063,8.3838935656688,7.75534852902974,8.36916441112385,7.75341254905414
186,4345,-1.55992237775073,-3.27190530945119,-1.54563010852388,-3.29404145027692
186,5863,7.23675440161566,7.78537608034559,7.23376314850475,7.78971469406859
187,5563,6.0833856346144,7.81179618351092,6.08510803889204,7.81422878155255
188,3644,-3.74241378762075,-3.41919175191233,-3.76062990560275,-3.35578316969309
188,3645,-3.78791183400209,-3.2797991628114,-3.76062990560275,-3.35578316969309
188,5163,4.94433239194728,7.83529361714054,4.94299970648956,7.83748142492173
189,3644,-4.88778625735008,-3.44727500608774,-4.87937549029501,-3.39742790877995
189,3645,-4.90085693560811,-3.27524532133685,-4.87937549029501,-3.39742790877995
189,5163,3.82873575938995,7.86309701593925,3.8332639552129,7.86188021546858
189,6030,9.01423737970057,-11.7948446607832,8.9895650862051,-11.7906436993456
190,3509,-6.05534580674998,-3.47073547360592,-6.00655661704585,-3.41729016027052
190,3608,-5.95254662301961,-3.45322597613533,-6.00655661704585,-3.41729016027052
190,5013,2.72720693288152,7.85232285304227,2.7359008354493,7.84269641330365
191,3444,-7.09481629733663,-3.49406023459152,-7.13286323807752,-3.45012438910756
191,4863,1.60330180384879,7.85995378965688,1.61231705944259,7.8489513363891
192,3244,-8.21768803844371,-3.51872218035621,-8.22530122478475,-3.49234332042514
192,4663,0.434975651884974,7.86948588614168,0.436814199755026,7.87015429578896
192,5531,5.75809211826234,-11.668738600768,5.7430406414177,-11.700450308716
192,7843,19.2260062130044,-4.44607115692881,19.2523322176968,-4.46282878672725
193,2984,-9.38039203586835,-3.54587177444141,-9.3837662439042,-3.5324533143738
193,4375,-0.702884610275896,7.86293629293807,-0.691630147728894,7.86187960683465
193,5225,4.63559551248114,-11.6558054874687,4.64316325155707,-11.6936025794154
193,7491,18.1034459944844,-4.41409384018271,18.08512298854,-4.40671987831425
194,2788,-10.5308793968195,-3.57189745288533,-10.5487876568474,-3.54867155105771
194,7295,16.9850419038999,-4.35750025913695,16.9963676537891,-4.36369373211441
195,2644,-11.6743118789322,-3.61170955863454,-11.6916099982997,-3.61686326689408
195,4063,-3.00393095896689,7.82002733572526,-2.9556681733368,7.83083018934542
195,4163,-2.93842676788858,7.83912033757956,-2.9556681733368,7.83083018934542
195,7243,15.823763545462,-4.31302265788217,15.8051649790394,-4.31121345410632
196,3924,-4.1054561122952,7.82660030034347,-4.09390606027668,7.82084273024034
196,6973,14.6374687487621,-4.27849520123383,14.6613337644069,-4.28438258048346
197,2176,-14.0196617339109,-3.67709692386962,-14.0179583443141,-3.67341048900025
197,6637,13.517427997529,-4.26822762935593,13.5104504956846,-4.26590748486165
198,6511,12.322645489032,-4.24235470869488,12.3232757888247,-4.23407721245431
199,6119,11.1614617242125,-4.2233594575658,11.1556918434095,-4.21863984612844
200,6118,9.97373889240434,-4.21094829277907,9.96519969299292,-4.20746456808721
201,5943,8.7552981732462,-4.19273065499415,8.74717713727578,-4.18800197271417
202,5843,7.55757921649108,-4.19082771296369,7.54581326704169,-4.18254164573325
203,5586,6.34167272065501,-4.18446040435418,6.33158640298027,-4.17363646939316
204,5443,5.11288790451659,-4.17101221019239,5.10472937359066,-4.16243920272644
205,5243,3.88362095654935,-4.18015907490292,3.8778123119363,-4.17448497435606
207,4794,1.39406288783015,-4.2377481854692,1.39427648634695,-4.23785669330969
208,4643,0.111479726365,-4.23471260349374,0.108168828707667,-4.23239118671219
209,4443,-1.15272054481351,-4.24914404250764,-1.16340333298119,-4.24675459840555
211,3943,-3.70547879093165,-4.22451871321528,-3.70655375164176,-4.21471690024892
212,3743,-4.96841768604518,-4.22533653441138,-4.96620898348556,-4.22626467080749
213,3543,-6.26537593515621,-4.19979000325327,-6.26882478465671,-4.19825375939236
214,3343,-7.52505745672789,-4.14773576352697,-7.52873305537218,-4.14554563883863
214,8444,22.8213478661271,-3.45005042697954,22.7961473661392,-3.40173702400923
215,3143,-8.82182078145618,-4.12186730765645,-8.8296252494936,-4.11739676985723
215,8144,21.5352319382661,-3.48001630761715,21.5340031185054,-3.47547777632263
216,2943,-10.0840729691044,-4.08545038283793,-10.0939030029683,-4.07899554054262
216,7944,20.2359309862187,-3.57145136808566,20.2220144798721,-3.56777412729337
217,2616,-11.4055453659247,-4.04167581524609,-11.4206596730841,-3.99248699349401
217,5716,6.74182224097065,14.273389524207,6.71332563436602,14.2621063742851
217,7666,18.9574692599396,-3.67238810300594,18.9511830372177,-3.67097267785262
218,2418,-12.7017400626341,-4.01235433988886,-12.7469900101933,-3.94376630995914
218,2419,-12.7444153512356,-3.90363676871486,-12.7469900101933,-3.94376630995914
218,5518,5.56360886528882,14.2594978809297,5.50453691954637,14.2160069480583
218,7468,17.6583174610594,-3.76489452666536,17.6568320490027,-3.7650009301255
219,2221,-14.0568500631308,-3.85621818500017,-14.0536304883092,-3.86555272979036
219,5320,4.3790253580796,14.2369487956843,4.29637289216427,14.1889303441797
219,7270,16.3465297765901,-3.8086789742151,16.3444067002701,-3.80815532251073
220,2023,-15.3412729781288,-3.77143454185188,-15.3564191910116,-3.75211326369273
220,5122,3.1990019895047,14.2173683446861,3.14890859630085,14.2077626471474
220,7072,15.0423410965916,-3.88333836591451,15.028621399723,-3.90613388131031
221,6843,13.7021036471587,-4.01844997973398,13.693031179977,-3.97651592995917
222,6509,12.3790613881759,-4.0602564330474,12.3846676795131,-4.05575189637392
223,6378,11.043292005657,-4.12052201723277,11.0361346075146,-4.11881667299807
224,4330,-1.59401740441999,14.1732917220537,-1.59161985691216,14.1695412305236
224,6180,9.70173817505957,-4.18417196885069,9.69874852260814,-4.18433771601596
225,4132,-2.78912478209899,14.2059577879516,-2.78707581837093,14.2057996159497
226,3894,-3.98749017381395,14.2474819311827,-3.97043890902594,14.2479099045246
226,5627,6.99015511659573,-4.28994195507597,6.99008285202732,-4.28144098705068
227,3660,-5.16928299594192,14.2684263656227,-5.15058210128634,14.2690675699927
227,5375,5.63293029852764,-4.31805357687702,5.63070575016178,-4.31705353466228
228,3574,-6.36827615958121,14.2948909953071,-6.35968574756314,14.2860598724529
228,5343,4.2608467256781,-4.34104501345117,4.2534743744909,-4.34397343081696
229,4992,2.86379461786036,-4.36365370052693,2.87658226204468,-4.36214153728649
229,5091,2.92862095893994,-4.35375759059909,2.87658226204468,-4.36214153728649
230,3046,-8.78458367860977,14.4344886280729,-8.77054349389905,14.4246164298863
230,4647,1.52352628055815,-4.39778619757404,1.52290320936029,-4.39746724917115
231,4643,0.107362834615489,-4.39496017605554,0.106507070631998,-4.39458745460213
232,4211,-1.27740710076021,-4.39534888543279,-1.27848423562642,-4.39610449027756
232,4308,-1.26176456659181,-4.41271494111199,-1.27848423562642,-4.39610449027756
233,4101,-2.6466482135326,-4.38683793201263,-2.65298271279635,-4.38429541248414
234,3943,-4.0208036355828,-4.36040428633127,-4.02936181876334,-4.35607667079594
234,5235,3.67736965868749,-9.12545522615185,3.66116868402171,-9.15029169629036
235,3643,-5.34435657838855,-4.35556348165208,-5.37590264903,-4.34439414711757
235,3743,-5.41410590993651,-4.33655628506101,-5.37590264903,-4.34439414711757
235,4935,2.26548012109244,-9.1616141324832,2.27103860431429,-9.16529922165411
236,3443,-6.73881814463059,-4.30668470612063,-6.74797626208256,-4.3013266479772
237,3243,-8.10428508450902,-4.24570146080054,-8.11742061744946,-4.24222450396269
238,2943,-9.37364104599402,-4.23370476829493,-9.44510208356546,-4.19848112272848
238,3043,-9.46720779702093,-4.18929606109227,-9.44510208356546,-4.19848112272848
239,2715,-10.7978595248688,-4.14339285429999,-10.8150928291463,-4.13651697780012
240,2543,-12.1526808479003,-4.07215084094546,-12.1793043644129,-4.0448623271072
241,2344,-13.5693075876221,-3.9114924287837,-13.5433876849915,-3.96958333192475
242,2044,-14.8792083435927,-3.91717053293471,-14.9324765845037,-3.86674469326775
243,1806,-16.2813657689092,-3.76892327715682,-16.3307897082751,-3.74215684901811
245,5487,5.56375615227901,-4.12673771833467,5.58745727193341,-4.16673434835784
246,5190,4.07814814457524,-4.15735691076998,4.11657138032138,-4.13836340853839
246,5289,4.15613406658897,-4.11180751497037,4.11657138032138,-4.13836340853839
247,4941,2.71482748876095,-4.15733504783388,2.72127543640286,-4.16070330466145
247,5256,4.62351816254041,8.12312961488064,4.66633185647534,8.0666710990234
248,4745,1.2829171039704,-4.18471401091123,1.29213610622258,-4.18874129113969
248,5060,3.28123530993592,8.11045748804431,3.31913008887999,8.06441187502407
249,4267,-0.149521569476395,-4.19459015934916,-0.142591214878379,-4.19619142573492
250,4123,-1.53291907075353,-4.18848799662537,-1.53172100562129,-4.18907568541015
251,3920,-3.01005779730971,-4.16820217683104,-2.93115627143243,-4.18526281061251
251,4017,-2.91835781156144,-4.18901630305358,-2.93115627143243,-4.18526281061251
252,3571,-4.35278299535918,-4.18130420164867,-4.34209096969816,-4.18207103796587
253,3291,-5.72972385488548,-4.18867618488447,-5.7314021249004,-4.18646230035771
254,3309,-7.19512932342935,-4.18578268595689,-7.14944606697474,-4.17736381289969
254,3408,-7.12648578886937,-4.17479800048927,-7.14944606697474,-4.17736381289969
255,2857,-8.54895029636747,-4.16460151651312,-8.55090972869276,-4.16385658231618
255,6862,17.6081046065161,-3.69557398155001,17.6271914435624,-3.69828553295892
256,2733,-9.94358621365182,-4.17352459097839,-9.95986998368055,-4.16948886818501
256,6826,16.2146262751415,-3.72855215440196,16.2176209497919,-3.72775255655064
257,2427,-11.4340098583999,-4.1616262226449,-11.387318971519,-4.15506924412814
257,2519,-11.3263597083654,-4.15411023047918,-11.387318971519,-4.15506924412814
257,6476,14.7836023509322,-3.76658340811111,14.7743736336209,-3.76748362035103
258,2393,-12.7556054446521,-4.14302677428157,-12.7609815182048,-4.13694279262165
258,6706,13.378647702553,-3.77184916761492,13.3570184932309,-3.77217752088165
259,2082,-14.1485927016244,-4.13894859725432,-14.1478793253661,-4.13391405882267
259,6175,12.0031969938222,-3.78010890432564,12.0219834227554,-3.79917050643536
260,5960,10.5477729845829,-3.80243383047479,10.5428301279391,-3.80789206657215
261,6082,9.10848007227533,-3.80840159894609,9.08378704565902,-3.81435099873527
262,5549,7.61988140995987,-3.81561309030297,7.62917352403891,-3.82296681040993
262,5644,7.71422760428621,-3.80650641490511,7.62917352403891,-3.82296681040993
263,5644,6.21169271881952,-3.8164336747138,6.17931230981595,-3.82282551298186
264,5115,4.78805428898971,-3.82972470752327,4.73993327336164,-3.83044081701193
265,4377,3.31712272254799,-3.86178623663679,3.31418170953174,-3.86219731114381
266,4596,1.86696211098817,-3.87017312364573,1.86602605358969,-3.87407740267702
267,4551,0.355159701067081,-3.8773805989584,0.351610913827309,-3.88231473782998
268,4130,-1.1006841262149,-3.87642597083074,-1.09935867744009,-3.87943103909848
269,3977,-2.53228219377731,-3.98344919049648,-2.56671009680246,-3.88630664228771
269,3978,-2.57274783217847,-3.86976351113798,-2.56671009680246,-3.88630664228771
270,3703,-4.01453605201476,-3.98784555208476,-4.0378398351364,-3.88822410682498
270,3704,-4.03431148788364,-3.86420573612011,-4.0378398351364,-3.88822410682498
271,3064,-5.4588701181331,-3.98345171054682,-5.45844836946981,-3.89442016403168
271,3065,-5.4676933578491,-3.87685804498846,-5.45844836946981,-3.89442016403168
272,2931,-6.92079333240022,-3.87105649046041,-6.88654553166491,-3.90501075429614
274,2825,-9.80091632434286,-3.89450151252176,-9.81058347248635,-3.93316332695633
275,2715,-11.2774111815978,-3.99628132319635,-11.2669254785832,-3.94666973043914
275,2716,-11.2414928963142,-3.8896294109445,-11.2669254785832,-3.94666973043914
276,2368,-12.7131205038235,-3.9944884369843,-12.7105451701916,-3.95311051918494
280,5825,7.86485986593174,-4.00548419457844,7.83700274147428,-3.95065156461442
280,5826,7.80504594740187,-3.83639071929115,7.83700274147428,-3.95065156461442
281,5643,6.31752137694117,-3.99269506520754,6.31029101120347,-3.93771198277441
281,5644,6.31292807335023,-3.86166556520167,6.31029101120347,-3.93771198277441
282,5281,4.84921277960175,-3.98352542123394,4.81441922678522,-3.93989940489121
282,5282,4.81316746570211,-3.87566046732919,4.81441922678522,-3.93989940489121
283,4939,3.32345478324124,-3.97593961972157,3.3260125634527,-3.96210962306127
283,4940,3.33952349295917,-3.92328483444076,3.3260125634527,-3.96210962306127
284,4306,1.85331036718839,-3.98454525158397,1.84494529789449,-3.97749907915204
284,6032,13.8261179476988,-12.7496804271641,13.822296602968,-12.7481444897542
285,6629,12.4053753263197,-12.7278358472652,12.4145927394265,-12.7328632252717
286,4343,-1.25030793137499,-3.99419878365714,-1.17794499600112,-3.99771992559139
286,4443,-1.15720002008688,-4.01938165403,-1.17754433807321,-3.99836439753409
286,6429,10.9628282438663,-12.6773343255718,10.96994763166,-12.6827165685209
287,3610,-2.68334013947683,-4.02746930248446,-2.6790620372058,-4.01005492669915
288,3843,-4.22182201839344,-4.04989834919024,-4.20675675982176,-4.02619348608232
288,3943,-4.15029607874259,-4.04869889274727,-4.20675675982176,-4.02619348608232
288,5929,8.07352417742395,-12.6364802019886,8.068826987308,-12.63310026453
288,6364,10.6239992593691,8.17374590563146,10.6246428334358,8.16789705461429
289,3211,-5.63975813661852,-4.05999802405155,-5.62803615379243,-4.05461166230144
289,5045,6.62274817249216,-12.5962365834915,6.60016333373562,-12.5926943125999
289,5432,9.14626591383634,8.19013727338811,9.14795200169007,8.18870577620679
290,3035,-7.10534049476938,-4.08702553011168,-7.12617424484543,-4.07617114362501
290,4781,5.15265981308063,-12.5850856402174,5.15714076866408,-12.5877467273904
290,6820,18.5495723969178,-3.76911593867517,18.5217837702129,-3.76025878225228
291,3143,-8.62112835876341,-4.12935207160585,-8.61918887558891,-4.13177589677018
291,5229,3.69613455538637,-12.5666344800373,3.69375447768585,-12.5680262913525
291,7444,17.0864004236929,-3.72963737630262,17.0841420798881,-3.72912916938365
292,2566,-10.0583008793494,-4.18506550048862,-10.0631042027051,-4.1814507973678
292,4292,2.23417608848262,-12.6144543524753,2.23344105186936,-12.6067816394168
292,6308,15.627677879356,-3.67419827471414,15.6368902193855,-3.67583539603156
293,4165,0.812197820895766,-12.6318870327238,0.814023528491244,-12.6325375261776
293,6116,14.1500863782543,-3.63524719702458,14.1579118895114,-3.63282060585435
294,2131,-13.0381958993937,-4.2899582802451,-13.0908649438485,-4.28729352881704
294,3857,-0.686922557572099,-12.6376871749903,-0.66669539068657,-12.6359278394731
294,5873,12.6795737039887,-3.59767607539218,12.6853166573535,-3.59759327318901
295,1891,-14.5125892315342,-4.34150659300123,-14.5493528660169,-4.33853883320281
295,3725,-2.12133687760328,-12.629592923168,-2.11445052089583,-12.6346180449462
295,4112,0.295784101787717,8.25275502121617,0.31174220634722,8.23429187453076
295,5676,11.2043988693739,-3.57094929372422,11.2181134711933,-3.57139543292528
296,6244,9.71255432795751,-3.54307334738157,9.7135949581933,-3.54316626108756
297,3248,-5.05507866018421,-12.7042159909741,-5.06043657612416,-12.7012601487393
297,5177,8.19871065895466,-3.52336788049303,8.19591588234211,-3.52063654277206
298,3039,-6.50987201310412,-12.6908707086391,-6.51863018291887,-12.6839778102441
298,4946,6.68263077721751,-3.49876725958871,6.67163593067873,-3.49608166657667
299,3229,-7.9636987408654,-12.7484197971667,-7.97368204743917,-12.7360707832846
299,5444,5.17387741648574,-3.48734217114503,5.16729732035977,-3.48254849026051
300,2609,-9.41756532099417,-12.7981940405102,-9.42125441800314,-12.80716304189
300,4516,3.666018510376,-3.48824070541328,3.66415184685993,-3.48771173396354
301,2729,-10.8710096545762,-12.8478669039857,-10.8510023163856,-12.8482549815839
301,4944,2.15793879176734,-3.49801052413861,2.15562104318592,-3.49753101118137
302,3954,0.547827378052482,-3.49960624787075,0.594796293251929,-3.50938390001149
302,4039,0.615257523808603,-3.51373071528955,0.594796293251929,-3.50938390001149
302,5468,10.7615987856974,-13.4137107349351,10.7580992309926,-13.4142728284828
303,3739,-0.89299271114008,-3.51879501304784,-0.882808163333357,-3.51956943009563
303,5151,9.37745380902193,-13.4005232123603,9.37151650293629,-13.4032560874171
304,3570,-2.43941213856103,-3.50995704600679,-2.37012086540639,-3.53778886222454
304,3656,-2.35297500596961,-3.55054135485037,-2.37012086540639,-3.53778886222454
304,5102,7.94324930701506,-13.3841053105205,7.9383536904859,-13.3820017868834
305,3398,-3.85663820940061,-3.55705278011522,-3.84348243934995,-3.55859055567988
305,4844,6.47372699690233,-13.3701366144178,6.49931361124095,-13.3629144349818
305,4930,6.57606287654872,-13.3617777225269,6.49931361124095,-13.3629144349818
306,3226,-5.31408031359024,-3.5864975044866,-5.3090729792833,-3.5881285427052
306,4672,5.07908830841747,-13.358085578861,5.06215588904502,-13.354779671843
307,3444,-6.80156891728334,-3.61228160154539,-6.79492878220577,-3.61423986939273
307,5228,3.65412726849019,-13.3678140846758,3.62854644477869,-13.3609129349562
308,2796,-8.22028213093129,-3.65060980804168,-8.20004475216906,-3.65424865609862
308,4242,2.20125912576148,-13.364399196844,2.19616028637459,-13.3639122147707
309,2944,-9.69289105955342,-3.67577321811623,-9.66457504382886,-3.68778098432661
309,4728,0.770738277178183,-13.3866399082525,0.765316498588348,-13.3840084291754
309,7843,19.6351751330266,-4.34007838514571,19.6270377764988,-4.33977496209472
310,2339,-11.168409861165,-3.72477017335903,-11.1735814825924,-3.72904164006691
310,3853,-0.658431072260454,-13.3630241895638,-0.70626964124888,-13.3431910491212
310,6503,18.1705872264857,-4.2899416572532,18.1566756062589,-4.28352420449191
311,2084,-12.6448885704649,-3.7609843886232,-12.6026950594612,-3.76029601330479
312,1892,-14.0477279379144,-3.80471715063592,-14.049415629521,-3.80695648056909
312,6007,15.2841740623784,-4.18682426232688,15.2807284893687,-4.18646840635169
313,1684,-15.4826270778161,-3.82760896716648,-15.4883117386369,-3.82885874248243
313,5701,13.8857870444448,-4.14892185212995,13.8789761136829,-4.1509756113833
314,1336,-16.9184794556714,-3.86917643078126,-16.9246264586013,-3.88098153006211
314,5059,12.4077103371577,-4.12939949178487,12.4163212668083,-4.12451745941816
315,4843,10.9824340813407,-4.11918546398799,10.9832049404906,-4.11627033593497
316,4556,9.45866969785008,-4.1205041179794,9.53691543308391,-4.1029474939047
316,4630,9.63234604205623,-4.07907718934456,9.53691543308391,-4.1029474939047
317,4290,8.06859593205906,-4.10240849961445,8.0863446654054,-4.10302416279251
318,4187,6.42324429114838,-4.09190876477818,6.59665415223221,-4.08855971707755
318,4261,6.62957629076148,-4.08884904798904,6.59665415223221,-4.08855971707755
319,4039,5.11522258394263,-4.08311769105245,5.12198405018672,-4.08441278321889
320,3943,3.65237390526005,-4.07886868193401,3.6655907822669,-4.08142341968376
320,4830,11.0090042096842,-12.022860676421,11.0160757430264,-12.0248129832737
321,3914,2.19884772746961,-4.09273581730569,2.1904118988665,-4.09022217064947
322,3756,0.677721815417042,-4.08699023288277,0.675167813856896,-4.08634746316083
322,4691,8.15492888313807,-11.9884008733038,8.16570164885133,-11.9910951537106
323,3475,-0.792337803837887,-4.09777082289737,-0.789674886435079,-4.0992853460914
323,4476,6.73282896460548,-11.9920428090302,6.72604668059056,-11.9928746935192
324,3277,-2.26116231954678,-4.11557829862387,-2.26842433213431,-4.11311699576632
324,4188,5.2593711869601,-11.9741750102642,5.29505959065031,-11.9767426079802
325,3202,-3.74841522240903,-4.12186089550722,-3.72236573258182,-4.12672147487119
325,4242,3.8543477742006,-11.9531420198748,3.85895820889311,-11.9548032100631
326,2816,-5.16538267054458,-4.14890147314876,-5.17893308647316,-4.1482889204934
326,3778,2.44789675429642,-11.967348212425,2.41773489382182,-11.9595740839817
327,2763,-6.69017462798548,-4.13929862796248,-6.62003616667134,-4.15046733975829
327,2843,-6.49327714712186,-4.17596567778123,-6.62003616667134,-4.15046733975829
327,3790,0.995335497448389,-11.986786106532,1.00643536393585,-11.9905627581936
328,2603,-8.07572476262076,-4.17609822407631,-8.07364521439326,-4.17647327586742
328,3630,-0.451290403131701,-11.9636823410016,-0.448915054895373,-11.9640227521137
328,6123,18.0417118951889,-4.17922618000971,18.0182882242461,-4.18071200714646
329,2503,-9.4951623391669,-4.21856933104787,-9.52432055322453,-4.21307888321143
329,3474,-1.93139776593233,-12.002150797306,-1.8980132952556,-12.0076652668719
329,6029,16.564449137228,-4.14852003328181,16.5743258587746,-4.14563834219476
330,2284,-10.9433730849973,-4.23447844344336,-10.9537141966215,-4.23133542134114
330,3350,-3.34546307863871,-11.9952023801622,-3.34613972491436,-11.9949853183194
330,5936,15.1104321102043,-4.138965886635,15.1159551838145,-4.13628636357024
331,1968,-12.4081143664298,-4.2345288253765,-12.4207689425047,-4.2294630869958
331,2956,-4.757462417371,-12.001594992982,-4.81491161249837,-11.9995194939009
331,5279,13.6411700219201,-4.120847307985,13.6472285791839,-4.10539259753929
332,1759,-13.9173385414258,-4.25659873546499,-13.8615020926471,-4.2616215183953
332,5191,12.206087532498,-4.09697713665956,12.2089004245785,-4.08634343365248
333,2769,-7.67203720045733,-12.044707401202,-7.66659343626717,-12.0540632062816
333,5272,10.7114651282265,-4.09340304378096,10.7689234426497,-4.07874184292952
333,5355,10.8035021908137,-4.07414485447315,10.7689234426497,-4.07874184292952
333,5457,11.7078688263767,7.23753993909586,11.71583521908,7.22275039909567
334,2520,-9.129578363568,-12.0609580954302,-9.09698829506431,-12.0677290901619
334,5106,9.29337157471451,-4.0670016915178,9.29983230808121,-4.06126727206423
334,5291,10.2744551642213,7.2696885182015,10.2789366637713,7.25633707716965
335,4822,7.84592671230844,-4.04209071301362,7.81341366809433,-4.02732983439542
335,4922,8.84493957902602,7.28784021471201,8.8523461843275,7.27503246416437
336,4635,6.34503133888271,-4.02723783460062,6.33297560950843,-3.99993105539235
336,4818,7.40381358402055,7.29690720121648,7.40810613616207,7.28952699477371
337,4471,4.87577928982668,-4.03057964274632,4.87237645408733,-4.02614258998898
337,4654,5.96582849997597,7.31910433067302,5.9686422890856,7.3065097602589
338,4378,3.36912038517159,-4.03041194365488,3.36966092809738,-4.02782436526933
338,4567,4.53030219233155,7.32307410965105,4.53179418128225,7.3210419157672
339,4257,1.90010109662782,-4.05630528885769,1.89921271806844,-4.05561531645546
339,4448,3.10995760560096,7.31881539879234,3.1112866251522,7.31702188659112
340,4413,0.383381594708506,-4.05571076963277,0.385222945483689,-4.05498342409614
341,3783,-1.08202687377103,-4.07079384341551,-1.07221600371218,-4.06693805250981
342,3897,-2.54623202305222,-4.08790894916576,-2.530864378995,-4.08122620757509
342,4198,-1.11416957767376,7.2690170946878,-1.16572243738305,7.34193646852738
343,3319,-3.98787791167883,-4.10995601875823,-3.96905009465921,-4.1055249865767
344,3067,-5.47705092563006,-4.11314113024691,-5.45043092017548,-4.11033364712912
345,2865,-6.91009008919156,-4.13426215986511,-6.90064233511766,-4.12725438762864
345,5259,10.6585633285788,-11.8735162818677,10.6778496337144,-11.8442243578788
346,6601,19.8531555273823,-3.7977024924916,19.8271510278886,-3.81377397319253
347,6428,18.3861338619518,-3.8025163561946,18.3934130644422,-3.81139597298967
348,6260,16.9552331306659,-3.79883992922899,16.9738623846494,-3.81013897011015
349,7144,15.4569836160584,-3.78528556920158,15.506249595646,-3.79188959177367
350,5130,3.4058209512705,-11.863990012766,3.41835222311281,-11.8104395253259
350,6944,14.0965598495865,-3.79941887143144,14.0952628043913,-3.80105274934656
351,6610,12.6512956074635,-3.79954258371128,12.6204446022316,-3.80059995736366
352,6252,11.181554681735,-3.78678925420562,11.2166217390709,-3.80049627860609
353,5190,9.75107584074739,-3.79839905675927,9.74339666094819,-3.79872984700624
354,4941,8.24923607628773,-3.78423899346741,8.25306134240993,-3.78097090372716
355,4775,6.79890196785514,-3.79282747260364,6.78808691807881,-3.79083731335302
356,4526,5.27548786056633,-3.8050290724595,5.32598843308902,-3.80030179905831
356,4609,5.39240850090668,-3.80162002450177,5.32598843308902,-3.80030179905831
357,4308,3.86002985219885,-3.81462880637983,3.85889969850212,-3.81472861939602
358,2654,-8.18956352167812,-11.9124532430796,-8.20657400948124,-11.9043219889089
358,4062,2.34411119213875,-3.82337908305147,2.3918433801182,-3.8368231790181
358,4144,2.4139910413828,-3.83982955861553,2.3918433801182,-3.8368231790181
359,3992,0.881404832747542,-3.84005024572874,0.879931588852601,-3.84098907467067
360,3740,-0.66334274661418,-3.83016335129829,-0.597833808792726,-3.85607982100615
360,3824,-0.577294203912592,-3.85873583153379,-0.597833808792726,-3.85607982100615
361,3529,-2.06966057815982,-3.85723585108118,-2.05943443859672,-3.86882539421215
362,3363,-3.51560522959648,-3.85426834394071,-3.50808789915413,-3.8669995504131
363,3263,-4.95978813370529,-3.86545985315369,-4.94359653344087,-3.8847108489902
364,2949,-6.40889920879682,-3.86391074546197,-6.40440411191329,-3.87786363708002
365,2828,-7.88786847786667,-3.85413415713487,-7.84846337378292,-3.86460771384423
365,2915,-7.77165957141147,-3.86861484709847,-7.84846337378292,-3.86460771384423
366,2654,-9.28177474367278,-3.87820496751341,-9.26850058785908,-3.89871363770172
367,2424,-10.717273476426,-3.85851120837999,-10.7145787842898,-3.86647102789707
368,2194,-12.1637493131999,-3.82631895355005,-12.1234903362869,-3.8687953270349
369,1952,-13.6127577729134,-3.85767054401489,-13.6233235151025,-3.8630519690126
373,5433,5.55591209137997,-3.63068981199048,5.56052299385045,-3.62685259032995
374,5244,4.08079181855457,-3.65324896002913,4.10782189237552,-3.65840733585638
375,4994,2.64283882103873,-3.68610961098091,2.64564547977823,-3.68846307642543
376,3944,1.10193722236845,-3.66722520508319,1.1282446840024,-3.68004515002014
377,3685,-0.369512717921046,-3.70139735589637,-0.368821589653736,-3.70193291410021
378,3527,-1.89119038234298,-3.67141744588504,-1.84377410459631,-3.6949649165217
378,3610,-1.69186324397902,-3.76641337075931,-1.84377410459631,-3.6949649165217
379,3403,-3.28217117836428,-3.71560396107567,-3.3114395193553,-3.70311047767002
380,3273,-4.6765646896146,-3.74317680154279,-4.76816853372203,-3.71176624085309
381,3018,-6.20616495416743,-3.68653373333435,-6.19936113566194,-3.69350706415818
381,6758,20.2222419226123,-3.66679998222594,20.238357209561,-3.67488301885291
382,2782,-7.59250239315493,-3.72030595359169,-7.65785582592396,-3.68375479248933
384,5948,15.9466239871937,-3.74951042226303,15.9566895281194,-3.74948008637893
385,5924,14.5292303949433,-3.76755891677819,14.5136496372895,-3.77696979474054
386,1975,-13.3781407310409,-3.64214518584779,-13.3932979523936,-3.61144395584808
386,5671,13.0087538248596,-3.78101998589702,13.0958917636816,-3.80923709502436
387,5244,11.608464085774,-3.79754917248783,11.6204436428377,-3.82094542561829
388,5125,9.9449413380236,-3.7166805784273,10.2152077212768,-3.83599125873684
388,5207,10.2512730692422,-3.82239864727969,10.2152077212768,-3.83599125873684
389,5082,8.73667582783315,-3.8220872372872,8.73086690759918,-3.82356603388992
390,4855,7.31122743767905,-3.82459972228208,7.2716436452371,-3.81364774421525
391,4605,5.81875576805679,-3.82005185996413,5.81231358031438,-3.81570604511396
392,4335,4.37679213742172,-3.84143252606419,4.37235739735044,-3.84086961022012
393,4142,2.88824744410327,-3.84276090781925,2.90951168364318,-3.85460228594435
393,4224,2.99781729360427,-3.89320267893876,2.90951168364318,-3.85460228594435
394,4024,1.44309477545752,-3.87976658280054,1.44916462281673,-3.89258872615137
395,3777,-0.0873529666126402,-3.8617392344778,-0.0295489577724108,-3.89174413783372
395,3860,0.0228414296012227,-3.906666540399,-0.0295489577724108,-3.89174413783372
396,3653,-1.48028477486795,-3.88173213978948,-1.45904101160593,-3.90486478940844
397,3488,-2.91851800516753,-3.88100488383745,-2.91243423810791,-3.90103995338298
398,3235,-4.36833870694972,-3.88538138701377,-4.33862492511107,-3.91294074323114
398,6343,17.6593777890886,-3.8065703092301,17.6677167682355,-3.80752590874641
399,3248,-5.77925790999869,-3.87847920812189,-5.75699341090374,-3.90403043304293
399,6541,16.2602720116569,-3.82186587717255,16.2321047533404,-3.81245287680028
400,2882,-7.29079530741542,-3.83374925709533,-7.19279632498482,-3.88087339080969
400,2968,-7.12450471680218,-3.86322638170659,-7.19423675279922,-3.87923823575962
400,6064,14.7772543941737,-3.82251038180309,14.8070591012415,-3.83265082474096
401,2772,-8.61566682133111,-3.87827344133667,-8.58196030676105,-3.90640202007265
401,6028,13.4133034354111,-3.86043884635387,13.4044765439646,-3.87381337878451
402,2509,-10.0084378222558,-3.86569522181746,-9.96623098995595,-3.90155104643443
402,5654,12.0883359639512,-3.81891679481129,11.9941725172335,-3.90069262356355
403,2280,-11.4936515979238,-3.82360450273745,-11.4156525280278,-3.86290883510794
403,5461,10.5192287476731,-3.97466249639486,10.5605172673506,-3.91087158937233
403,5462,10.5682952758575,-3.88491133589454,10.5605172673506,-3.91087158937233
404,5042,9.10942617054335,-3.97167846054165,9.13678817353999,-3.92209939197864
404,5043,9.14877624290071,-3.89823676337599,9.13678817353999,-3.92209939197864
405,5031,7.67161843426308,-3.95993738984418,7.71938313153284,-3.94013730846719
405,5032,7.58840777005731,-3.76962472872612,7.71938313153284,-3.94013730846719
406,4690,6.27989612616795,-3.97525485871517,6.28544604232713,-3.94678992855596
407,4687,4.86992844768274,-3.96882131930503,4.84853307659256,-3.94499447938041
407,4688,4.86790787573439,-3.89759225253945,4.84853307659256,-3.94499447938041
408,4429,3.41387824839228,-3.96559812920594,3.41062683832689,-3.94985790343195
408,4430,3.41423097717835,-3.91332277388131,3.41062683832689,-3.94985790343195
409,4355,2.00247177828862,-3.99426696993608,2.00451202769732,-3.97549507686117
409,4356,2.00925836795436,-3.93692665277265,2.00451202769732,-3.97549507686117
410,3950,0.502924822460257,-3.98132555691419,0.532424388260433,-3.97623642161986
411,3915,-0.883114334349158,-3.98941058189987,-0.873706247227604,-3.97428520917516
411,3916,-0.8638747346112,-3.94040712943839,-0.873706247227604,-3.97428520917516
412,3696,-2.29230328457695,-4.0000956981161,-2.27330697481746,-3.9788400160149
412,3697,-2.24151623907868,-3.92855202039333,-2.27330697481746,-3.9788400160149
413,3355,-3.71086313784946,-3.99174855212686,-3.66194640459718,-3.98700598554065
413,3356,-3.70057534370065,-3.91947222665502,-3.66194640459718,-3.98700598554065
414,3260,-5.05185731947197,-4.00665418833837,-5.03053815019628,-3.97730667706128
414,3261,-5.03131485483865,-3.92461764766128,-5.03053815019628,-3.97730667706128
415,3014,-6.43742415497603,-4.00532354170089,-6.40818593851687,-3.97762610431549
415,3015,-6.40659233474505,-3.92160776396849,-6.40818593851687,-3.97762610431549
416,2947,-7.76119566226729,-4.01072276279286,-7.77463520097881,-3.95872055425556
416,2948,-7.75671567219734,-3.90454846856092,-7.77463520097881,-3.95872055425556
417,2653,-9.12235257118653,-3.90624595756837,-9.11372414367161,-3.94472379746891
418,2507,-10.4900293296546,-3.8897974122834,-10.5006255448518,-3.92294572329603
419,2305,-11.8904544631165,-3.8641780422944,-11.8834001061921,-3.88223279549906
420,1972,-13.2902647231177,-3.85346161831724,-13.2550194032627,-3.86777744586712
421,1913,-14.6082112351332,-3.82836678962458,-14.6022873946808,-3.83327711947688
429,4392,2.92508105588403,-4.14800188232543,2.97613077415138,-3.9797621479569
429,4479,3.00417587217777,-4.00559792803893,2.97613077415138,-3.9797621479569
430,4218,1.62825547642743,-4.02408282789615,1.62931294104866,-4.01993148145032
431,3669,0.197769421306448,-4.02894614496142,0.197026366395983,-4.00026345165072
431,3670,0.150179221955065,-3.81654215104893,0.197026366395983,-4.00026345165072
432,3870,-1.15393867850446,-4.03179979683769,-1.17926768062164,-4.00594627014756
433,3609,-2.5879057353133,-4.09274197948943,-2.54414580852793,-3.99803552040878
433,3610,-2.6049265833657,-3.82345485015455,-2.54414580852793,-3.99803552040878
434,3435,-3.9418349784217,-4.10499934698303,-3.90579338544587,-3.99071099142944
435,2350,-5.29094026820575,-4.08989716927708,-5.20179664632062,-4.01513826203368
437,2067,-8.04972387895946,-4.12363634025472,-7.93750916998581,-4.00606221164464
438,4460,13.3181746267465,7.56407883552012,13.3250308911813,7.52301183847415
441,1469,-13.4319038465345,-3.79569970854968,-13.3761129195978,-3.96366915604441
441,3882,9.38503037417435,7.51873517317528,9.40174995955547,7.47134704675546
444,3447,5.49435855680765,7.41174965405874,5.49480071205384,7.42738772646107
445,3430,4.2000557003983,7.40357741745558,4.18855280911843,7.42457456024549
448,3028,0.35846476191548,7.37795641848681,0.360623435462296,7.39478198171207
449,3347,3.99781171464426,-4.31581634001667,3.996286907298,-4.34516552223968
450,3218,2.65078673987265,-4.36370848395447,2.65679177912763,-4.3766877528945
451,2994,1.25004949801402,-4.37380583017081,1.24821754069037,-4.38273065374615
452,2900,-0.158855469111728,-4.36330082787648,-0.142115689504729,-4.39176656104939
453,2772,-1.51195567842111,-4.36241681657676,-1.49712174082486,-4.39161942738083
454,3527,-2.87148951538843,-4.35227518430239,-2.8562967678475,-4.37440515446343
455,2569,-4.30541255151156,-4.29442131637863,-4.20888677728345,-4.37543437921246
455,2636,-4.15889556591119,-4.38715050475313,-4.20888677728345,-4.37543437921246
456,3062,-5.57199097952566,-4.31900557669648,-5.51418579261838,-4.35161633454951
457,2859,-6.91706764450945,-4.30372092480373,-6.9201882532754,-4.32980132901317
458,2200,-8.22587845073813,-4.28531125534048,-8.19239343206815,-4.30011797974115
459,2094,-9.49044330530115,-4.28532022392228,-9.5221007524129,-4.25804620256972
461,2075,-12.188376200464,-4.19762759178123,-12.1444091394792,-4.1650768850103
462,6489,18.1265906322114,-3.877641942064,18.1597203616313,-3.90463560663402
464,5991,15.4699716951407,-4.05793574414565,15.4979453707414,-4.03702123180893
465,5753,14.1769367488502,-4.11470437636921,14.1792066392161,-4.10914748979246
466,5587,12.8913704166367,-4.16478181216227,12.8981508113977,-4.16541804020465
467,6081,11.5995305893239,-4.21115161114197,11.6032196693506,-4.21170861217918
468,5319,10.3278998226506,-4.25500389661722,10.3313874273466,-4.25658714853614
469,5895,9.05474188282396,-4.29567171531629,9.0053040022602,-4.29319818795629
470,5784,7.62233931264964,-4.28739061338019,7.69305854890816,-4.29932358500698
470,5883,7.82601707440343,-4.34315187948256,7.69305854890816,-4.29932358500698
471,5472,6.38879008647921,-4.33608988563445,6.38405196834291,-4.33390372707913
472,4563,5.08786089218181,-4.35372084605299,5.08449560475393,-4.34704522480555
473,4342,3.79210582088023,-4.38108603102532,3.78424445747162,-4.37645729955643
474,4278,2.53027842290708,-4.42325487364757,2.53234125791873,-4.42627706263773
475,3927,1.11047215915672,-4.39733794728669,1.21620015649837,-4.4248833734774
475,4010,1.23795083845193,-4.42590482457801,1.21620015649837,-4.4248833734774
476,3899,-0.0997942399960188,-4.40930529913711,-0.0727074801115353,-4.42340225639191
476,3985,0.0239599378708428,-4.45984051636869,-0.0727074801115353,-4.42340225639191
477,3551,-1.35476057941443,-4.4137738647452,-1.33399253450881,-4.4205856724369
478,3765,-2.62487289364439,-4.41274152250152,-2.61436216732274,-4.41573083557976
479,3303,-3.89984384197043,-4.39610692118624,-3.89706998706725,-4.40004522264635
480,3097,-5.15792291509306,-4.38586373710009,-5.1509208270385,-4.38802743823803
481,2967,-6.41716533666809,-4.37112240775682,-6.41179514868699,-4.37240127889673
482,2833,-7.66166050847048,-4.32227856466834,-7.67033084877394,-4.32222567400393
483,2663,-8.9112554060345,-4.29783008199665,-8.91318608075987,-4.30235082467105
484,2463,-10.1069231330798,-4.26795442620792,-10.1287056462447,-4.27420983389914
485,2346,-11.4817941930198,-4.19396011723789,-11.3935783271243,-4.22061307100649
486,2143,-12.6814539610232,-4.17203612457191,-12.6501614032177,-4.17282540974658
486,6896,19.2588339311301,-3.48614549423038,19.2507994058772,-3.48349105571224
487,1990,-13.9090765221077,-4.11512356309698,-13.8489340064148,-4.1215605413004
487,6797,18.0683506556036,-3.54437446792313,18.0216970630165,-3.54623904658133
488,1812,-15.1806684724385,-4.0414271765523,-15.2264685510348,-4.004880644215
490,6244,14.2819448970227,-3.7403006609976,14.3017548631516,-3.74728641225932
491,5996,13.0410412686997,-3.78041413989299,13.0668551424851,-3.80989349563135
492,5884,11.8288731230375,-3.78410705222378,11.8357454220855,-3.83976164533181
493,6215,10.5429950228571,-3.96275893550111,10.5990329753424,-3.86882423660619
493,6216,10.6113397933338,-3.8211488866459,10.5990329753424,-3.86882423660619
494,5523,9.2715844723172,-3.96428432177636,9.3462277830289,-3.90041545584504
494,5524,9.34690791155789,-3.87114397029467,9.3462277830289,-3.90041545584504
496,5095,6.78880786408862,-3.9786386676885,6.83294010003499,-3.95789168255808
497,2975,-8.23698171754471,10.3641631161445,-8.24967263124425,10.3566569589422
497,5113,5.55490083216049,-3.98732987737001,5.58125390295867,-3.97612482993696
498,5181,4.30855699996542,-3.99879372920656,4.31901149270866,-3.99370625041734
499,4584,2.89939402303603,-4.02820092407337,3.05125415060435,-4.00569733042497
499,4675,3.04932985408688,-4.00829696394865,3.05125415060435,-4.00569733042497
500,4500,1.72480090290986,-4.01508962209166,1.78641437451906,-4.01528313878922
500,4593,1.83170337734507,-4.02218835417929,1.78641437451906,-4.01528313878922
501,4314,0.468508342618952,-4.02577880274346,0.495750882572541,-4.01837510149248
501,5070,5.26684651221411,3.17803606477643,5.28443388214954,3.34943489693346
501,5071,5.28246316723117,3.44073429746053,5.28443388214954,3.34943489693346
502,4038,-0.792642162856346,-4.03396234081106,-0.771882879041166,-4.02650870624702
503,4157,-2.05248850189818,-4.03935441153698,-2.03367351862672,-4.02922039969842
504,3961,-3.31956669745622,-4.02044485302545,-3.3039044961866,-4.00684200675075
504,4745,1.30293411826004,-3.97188957743303,1.33966816738299,-3.91876686142601
504,4746,1.35846093035181,-3.82816612326045,1.33966816738299,-3.91876686142601
504,4834,1.80968109897547,-9.53817135767761,1.79119704727492,-9.53047659407933
504,4856,1.87246982650029,3.33755664951092,1.87085765979442,3.32981412191451
505,3804,-4.55676772085197,-4.01152750544505,-4.54969281417183,-3.99468755082717
505,4707,0.68130168105159,3.17146443858845,0.692935749797483,3.3383040368111
505,4708,0.689411152609088,3.39572015271066,0.691042972186933,3.32556286150831
506,3973,-0.492514003650829,3.17858446683891,-0.479958575420486,3.33494013811175
506,3974,-0.478915255633121,3.41792030110061,-0.479958575420486,3.33494013811175
507,3343,-7.00703990034129,-3.99952674463859,-6.99199162932149,-3.95653983402158
507,3344,-6.92897913787668,-3.85489007690142,-6.99199162932149,-3.95653983402158
507,4255,-1.66549501735814,3.14698822727209,-1.65159968021197,3.33354859308576
507,4256,-1.6503026448105,3.43126610278529,-1.65159968021197,3.33354859308576
508,4155,-2.83368121202561,3.14903056956968,-2.82194946551308,3.31714005808999
508,4156,-2.82336076856227,3.42607939213192,-2.82194946551308,3.31714005808999
509,5825,12.9941535118568,-7.95776151616261,12.9785256210591,-7.96152468587032
510,2612,-10.5305449114104,-3.81859342927722,-10.4890993866536,-3.87258088063128
510,6009,11.7391281039112,-7.98810843741301,11.7461946543547,-8.00079730797881
511,2644,-11.7788789196783,-3.81607306058148,-11.7904232529688,-3.85853065164827
511,6337,10.4934110005894,-8.00278411394826,10.4954194348742,-8.04451290750928
512,2269,-13.0264396188334,-3.82126468161454,-13.0688922797456,-3.84400506357649
512,4699,2.73161594424721,3.56245802570397,2.73322584669159,3.56932512145627
512,5703,9.25701979661465,-8.01434143295767,9.25139063079998,-8.03691066016175
513,2106,-14.2376731418068,-3.81080733616788,-14.2969939617749,-3.82005566921367
513,4562,1.60956447714236,3.52217547104958,1.59888621396792,3.56732781026269
513,5577,8.01632729257988,-8.03133302523218,8.01796890259963,-8.05789048139792
514,5621,6.77274525449656,-8.04297938884441,6.76099788351333,-8.06331045725944
514,7686,19.6318707819875,-3.85555010454584,19.626674792294,-3.891329866421
515,5145,5.51133028666313,-8.04132307469721,5.4948619891321,-8.06249336175484
516,5337,4.26495719584767,-8.04353240123033,4.24528792816217,-8.06828091047461
516,7443,17.1365118452248,-4.00226156756131,17.1527776772471,-3.94289214501983
516,7444,17.1696489267878,-3.88164381560401,17.1527776772471,-3.94289214501983
517,5037,2.90528639154725,-8.0793400748019,2.9908578499768,-8.05906148852116
517,5137,3.02332630201779,-8.04411803456678,2.9908578499768,-8.05906148852116
518,4837,1.66515996990862,-8.06167508937055,1.74840290041968,-8.06862730061725
518,4937,1.79497192843245,-8.05316749205731,1.74840290041968,-8.06862730061725
518,7044,14.7174662243355,-3.89383561242282,14.7051929628127,-3.93263065836955
519,4543,0.439439764117329,-8.05386043639853,0.474278237578979,-8.06699981750165
519,6706,13.4619079162444,-3.89859821507683,13.4655064282271,-3.93700546094985
520,4392,-0.792986768743992,-8.05708225341039,-0.77921299162021,-8.07261817686151
520,6576,12.1868488202156,-4.0016919833487,12.2269706649003,-3.93543609950076
520,6577,12.24440520476,-3.89276919935013,12.2269706649003,-3.93543609950076
521,4194,-2.03042568886758,-8.05232308835727,-2.02698497252551,-8.08501786284644
521,6378,10.9637742412574,-4.00503626408638,11.0052378287822,-3.93402196648506
521,6379,11.0116762265313,-3.88864342535393,11.0052378287822,-3.93402196648506
522,6054,9.73596826605678,-3.99032814748398,9.76806753316029,-3.92550230892278
522,6055,9.76032585941817,-3.88036734239228,9.76806753316029,-3.92550230892278
523,5861,8.52120261946124,-3.86913098063614,8.52612542885935,-3.92164987989063
524,5784,7.25795924244535,-4.00131122874703,7.28984835771125,-3.90731068333051
524,5785,7.27139297668289,-3.86663912002871,7.28984835771125,-3.90731068333051
525,5644,6.03333537175076,-3.86534505002862,6.0225955163002,-3.89371304175396
526,5290,4.67619543181074,-3.84582466528501,4.76495311877808,-3.8815301727863
526,5389,4.80728105981979,-3.86570458931394,4.76495311877808,-3.8815301727863
527,5144,3.46586714877017,-3.8610469707467,3.50287990688293,-3.87944885393477
528,4844,2.24704166182173,-3.89815056636818,2.24914909449566,-3.90606624658596
529,4695,1.00188223981854,-3.9767163686668,0.967665092119883,-3.90761130402188
529,4696,0.953143464660192,-3.88989623506487,0.967665092119883,-3.90761130402188
530,4498,-0.317469508556499,-3.90944027651162,-0.300831318490864,-3.93824336057868
531,4344,-1.54078761986602,-3.9102568748545,-1.52742965967983,-3.9441491513335
532,4102,-2.79264369805262,-3.91238618923007,-2.76651937715887,-3.95945128740256
533,3943,-3.99104637299565,-4.01405009019199,-3.99909163773017,-3.97808630347345
534,3743,-5.20724069202937,-4.02960338775694,-5.21356805210539,-4.0072087256362
535,3543,-6.42213450382818,-4.05026886040747,-6.42953066310082,-4.03591178416381
536,3343,-7.64943351409171,-4.07442437865122,-7.65782674621917,-4.06527916121313
537,3143,-8.86605066131894,-4.11841510691259,-8.87365659585387,-4.11637471195858
538,2943,-10.0675235315259,-4.1518870946273,-10.0786659334463,-4.14847932770029
539,2743,-11.3027563558974,-4.18609295060523,-11.3003742126077,-4.18613097443846
541,2343,-13.6995841066325,-4.3306425793256,-13.7450325475476,-4.31972045135167
542,2143,-14.9051995832054,-4.37719588942984,-14.9107187211122,-4.38021257451435
553,5343,4.27074069047577,-4.03609974240329,4.28573849995532,-3.86877825620391
553,5344,4.28947420512014,-3.83641660337214,4.28573849995532,-3.86877825620391
554,5144,3.05204218407835,-3.86890731411607,3.05322779319179,-3.89096713909062
555,4844,1.73796858856798,-3.85741856081908,1.80377706064934,-3.89990206487717
555,4944,1.82723635173959,-3.89918434912707,1.80377706064934,-3.89990206487717
556,4644,0.493573756739559,-3.87412926080393,0.521718930606766,-3.89639716112659
557,4443,-0.728880101830783,-4.06310385690968,-0.723489336227901,-3.91756530489398
557,4444,-0.74465539905156,-3.87353012148833,-0.723489336227901,-3.91756530489398
557,5963,7.80640786976343,7.93516881349667,7.79708948050261,7.92928745347566
558,4243,-1.95856183741393,-4.06201748612003,-1.94924792137091,-3.92129542851908
558,4244,-1.9691378053677,-3.87647050242646,-1.94924792137091,-3.92129542851908
559,4043,-3.18358510053173,-4.04248640654202,-3.17439847534532,-3.94617452826734
559,4044,-3.20485050651163,-3.88208729950022,-3.17439847534532,-3.94617452826734
559,5463,5.25831344232038,7.92146380694738,5.32994874749128,7.95169259281459
560,3843,-4.41372233811685,-4.04922603883711,-4.40018715495136,-3.96460868370864
560,3844,-4.42876796873146,-3.88539502862027,-4.40018715495136,-3.96460868370864
560,5263,4.10241403724303,7.95928233318278,4.09620972901754,7.99463488350705
561,3643,-5.64051133701751,-4.07044678483625,-5.63810949968219,-4.00800282773025
561,3644,-5.68551411667534,-3.88143137480563,-5.63810949968219,-4.00800282773025
561,5063,2.87401881168742,7.92082872910017,2.87446235923877,7.94130396135326
562,3443,-6.87050183951082,-4.08367544461056,-6.84891312279833,-4.03835497720587
563,3243,-8.081178522854,-4.10980003719052,-8.06655340268881,-4.06633559358708
563,3525,-6.5554430737723,-14.837209598434,-6.56444833557062,-14.8224587064942
564,3043,-9.30457830884338,-4.14516378787235,-9.26904222683572,-4.10049193335897
579,5243,4.10826970571058,-4.23387029293826,4.15276052993019,-4.21796327940359
579,5343,4.19299411536443,-4.13304621966908,4.15276052993019,-4.21796327940359
580,5043,2.8582307328482,-4.17523098385627,2.89289300842774,-4.17700032779516
580,5143,2.95598145312884,-4.15899985416252,2.89289300842774,-4.17700032779516
581,4843,1.66671816609109,-4.18866835998179,1.66831571485587,-4.19019035718827
582,4643,0.393524680705737,-4.1911069287803,0.394307893285091,-4.1918154691646
583,4443,-0.848848609150597,-4.1974356398185,-0.847736180331743,-4.19817964107467
584,4243,-2.07052181640062,-4.20650231070286,-2.07017495898122,-4.20630239834412
585,4043,-3.31062308067353,-4.21628087131722,-3.31215968277123,-4.21496218030926
586,3843,-4.53454758666637,-4.21994659582217,-4.53657547295929,-4.21814693905993
587,3643,-5.75273777048004,-4.24231915662569,-5.75388368472303,-4.24287127002812
588,3443,-6.9809490634748,-4.24758859586219,-6.98208480996086,-4.24891711878569
589,3243,-8.20343718238387,-4.26215718128432,-8.20954396409852,-4.26329936390457
590,3043,-9.39800660098173,-4.29750320092432,-9.40524752482096,-4.29719972130755
591,2843,-10.594699819296,-4.32023480550907,-10.6016902231659,-4.31760196451884
592,2643,-11.8168300530415,-4.3391284426883,-11.8132441439093,-4.34115343432795
593,2443,-13.0542421553375,-4.36218142305824,-13.0636658661825,-4.36340740015719
598,7343,16.2548919475733,-4.06177111544538,16.223998584136,-4.0343773999916
599,7143,15.0364672318883,-4.02939434371169,14.9885594095029,-3.99969445442694
600,6943,13.82671584598,-4.01623223390603,13.8477525302237,-4.00006229108222
600,6944,13.8087872695792,-3.87617432397986,13.8477525302237,-4.00006229108222
601,6743,12.642337368486,-3.9891765054538,12.6210148564037,-3.95465691003889
601,6744,12.6530676456857,-3.89247341935543,12.6210148564037,-3.95465691003889
602,6543,11.4813326603649,-3.99104593916726,11.4297154441142,-3.90686405590034
602,6544,11.4557274711692,-3.86010062993128,11.4297154441142,-3.90686405590034
603,6343,10.2219400957462,-3.94388486418079,10.2293692276227,-3.87862826145565
603,6344,10.2710558098683,-3.85882083860708,10.2293692276227,-3.87862826145565
604,6143,9.0220433732913,-3.9466759027089,9.06712941989117,-3.88029088692183
604,6144,9.08593782299143,-3.84871100490718,9.06712941989117,-3.88029088692183
605,5944,7.90066311767629,-3.82274410108403,7.86330325008462,-3.82413685688764
606,5744,6.70543750240236,-3.79910828507947,6.66797766879541,-3.79028872885143
607,5544,5.52699950135506,-3.78157698215892,5.50015312398912,-3.76513293166668
608,5344,4.36581999139027,-3.78757791414444,4.3495870185858,-3.78355133592642
609,5144,3.19531955448592,-3.80850390229926,3.19274888626029,-3.8062850390349
610,4744,2.04784965079052,-3.83694563362576,2.04478504587263,-3.83623281580276
611,4696,0.8567463078826,-3.83467414607337,0.853647387340722,-3.83226537265179
612,4498,-0.314332506588422,-3.83674519098993,-0.31773298930225,-3.83674978423288
613,4344,-1.45320493978744,-3.85409295849501,-1.45570077302304,-3.85325094264167
614,3903,-2.55312362105462,-3.9670431506208,-2.59704463136119,-3.87780842089749
614,3904,-2.59864592849906,-3.87221398863274,-2.59632177334483,-3.87810315260646
615,3804,-3.71999071882205,-3.97477550641132,-3.73985280200219,-3.86849997207597
615,3805,-3.74111873961582,-3.86905472760824,-3.73985280200219,-3.86849997207597
616,3743,-4.89011824360111,-3.98277447312016,-4.8531000471257,-3.9565559434726
616,3744,-4.87198212030076,-3.91862573744789,-4.8531000471257,-3.9565559434726
617,3543,-6.05049888338987,-4.00128372503692,-5.97183028825621,-4.00530419019695
617,3643,-5.97074100042482,-4.01787442748615,-5.97183028825621,-4.00530419019695
618,3443,-7.10223421427501,-4.06420884359946,-7.11809744091018,-4.02995891223043
619,3210,-8.18969056312655,-4.11370328287593,-8.19678608776859,-4.10600889651991
620,3012,-9.30372519749858,-4.2185127055682,-9.31069185567694,-4.21442014700803
620,6172,9.62450322011698,-9.10401443609904,9.57141624682317,-9.13471794258074
621,2814,-10.4207014839638,-4.35566759599961,-10.4235969652563,-4.35300519668433
622,2643,-11.5093310222948,-4.43733429292646,-11.4971445400744,-4.43749336583462
629,4635,0.122930418016898,-8.85578507348412,0.0952528049600954,-8.80577208862336
629,7541,17.8432466127854,-5.24664978454755,17.8599773560357,-5.22903482795667
630,7442,16.8079524489049,-5.02434947526228,16.7913136468846,-5.02750769704516
631,7242,15.7392495954665,-4.86153495605028,15.7329990132092,-4.85943980731926
632,7042,14.6345495852264,-4.67579116186451,14.637619356563,-4.66541532269955
633,6843,13.5928489532812,-4.48384803071615,13.5690233382504,-4.50621928602427
634,6576,12.4480626173912,-4.36299332176028,12.4634129834329,-4.36108266364557
635,6443,11.2468107771437,-4.22102515612513,11.3663362767031,-4.23987957181536
635,6543,11.449834823421,-4.2537262387216,11.3663362767031,-4.23987957181536
636,6343,10.2793023718423,-4.14018181783917,10.2581560222086,-4.13854458723769
637,6143,9.15468666728743,-4.06648815806266,9.16152501566566,-4.06458102363543
638,5943,8.02325848401506,-4.00701180037218,8.01779315636685,-3.99806072136697
639,5743,6.87534680833018,-3.96319000518303,6.87706487402394,-3.94039261587031
639,5744,6.91842793741916,-3.89763004444172,6.87706487402394,-3.94039261587031
640,5543,5.70579672813016,-3.9392803544496,5.74052853542429,-3.90735953987161
640,5544,5.77979430614548,-3.89017950721741,5.74052853542429,-3.90735953987161
641,5343,4.54477216716091,-3.92630675190624,4.5930495630203,-3.88813847383171
641,5344,4.61492906787249,-3.8769561888622,4.5930495630203,-3.88813847383171
642,5143,3.41942196772102,-3.91357101471038,3.45839028776393,-3.8870027025271
642,5144,3.46342824661419,-3.88029309533506,3.45839028776393,-3.8870027025271
643,4944,2.31730382472254,-3.88817893624034,2.33760984369362,-3.89640606972856
643,5044,2.3996794791261,-3.90018822660953,2.33760984369362,-3.89640606972856
644,4744,1.10622925871786,-3.87667884635008,1.13646906757355,-3.88851791249893
644,4844,1.19789024340327,-3.89598302643902,1.13646906757355,-3.88851791249893
645,4499,-0.0729556100027136,-3.87754250396537,-0.0333152527045844,-3.89911761865209
645,4598,0.0175577819640149,-3.91139940523702,-0.0333152527045844,-3.89911761865209
646,4300,-1.27265927560339,-3.87093198302411,-1.17618374498376,-3.91200679167554
646,4399,-1.14243065089153,-3.9101892872201,-1.17618374498376,-3.91200679167554
647,4200,-2.33252523226196,-3.99113797170946,-2.29957961107503,-3.9442730893411
647,4201,-2.30874202049538,-3.92231917645983,-2.29957961107503,-3.9442730893411
648,4002,-3.53365069807338,-3.97856598416045,-3.5264526579392,-3.94591272231903
648,4003,-3.49876597367057,-3.91517469222236,-3.5264526579392,-3.94591272231903
649,3843,-4.69132317720291,-3.99566156427323,-4.67552163678133,-3.96790187167581
649,3844,-4.65397190371485,-3.92826671832735,-4.67552163678133,-3.96790187167581
650,3643,-5.85597743676816,-4.01007651347279,-5.83850452375728,-3.98586143746142
650,3644,-5.79720282018999,-3.93741420623451,-5.83850452375728,-3.98586143746142
651,3443,-7.04584186794866,-4.01737413710442,-7.03026702852168,-3.99819352245639
651,3444,-6.98654062998798,-3.93066122258125,-7.03026702852168,-3.99819352245639
652,3243,-8.24137917932437,-4.01976657561237,-8.21879379745211,-4.00374000594239
653,3043,-9.41301101763625,-4.03527169175126,-9.36888455693377,-4.02520152469234
654,2843,-10.5779495024714,-4.04301920126939,-10.5741748917314,-4.02959975606862
655,2616,-11.8051459201541,-4.03085186487996,-11.7974411801434,-4.02220445754575
664,5661,6.16521258433778,6.57753591635451,6.18179640310638,6.5495288905903
666,5261,3.76123642427811,6.55427090039366,3.77782893404686,6.5288458994471
668,4843,1.32822903650219,-4.19267336210461,1.33006948339876,-4.19433247266387
669,4543,-0.0557288929899209,-4.18277257415633,0.0444324978836428,-4.20623927645603
669,4643,0.0520121469760837,-4.20707851078714,0.0444324978836428,-4.20623927645603
671,4143,-2.51221113744751,-4.21181240466299,-2.49603290092976,-4.21068430123869
672,3943,-3.75548167375353,-4.22515511408413,-3.75485998053349,-4.21516101284479
673,3743,-4.99349942404181,-4.25256752721123,-4.98537331980051,-4.24093349425765
673,5680,6.2423098711561,17.7655224328182,6.20354075453707,17.7681211025437
674,3543,-6.23102781022057,-4.25254813520974,-6.26657160441602,-4.25012949732802
677,2943,-9.97541742300435,-4.2859916328904,-10.0057356217468,-4.26082295784081
678,2743,-11.2288511971379,-4.28606946535837,-11.2265153298664,-4.28795803584807
678,8144,21.3575159113868,-3.79254960991736,21.3581484133333,-3.79115666886506
682,7270,16.3444347437384,-3.74896430101079,16.3432932479241,-3.7443390414363
683,7144,15.0915400848475,-3.7338507540847,15.0813218612901,-3.7291153175942
684,6944,13.8517224096717,-3.72437428981032,13.841252188976,-3.7264559426696
685,6744,12.6263083238222,-3.7197869008059,12.5920957262573,-3.72922094362474
685,6939,14.2144559645255,-6.59855393305728,14.2676153999572,-6.51846019058042
685,7039,14.4901020888946,-6.58592270953169,14.2676153999572,-6.51846019058042
686,6444,11.2225261989806,-3.73272766454949,11.3385334830112,-3.72018329380609
686,6544,11.3837817852469,-3.71644970913188,11.3385334830112,-3.72018329380609
687,6244,10.034963786805,-3.72761786302675,10.0404443321983,-3.72535977985863
688,6044,8.74998521516388,-3.70863374199121,8.75288049831539,-3.70614125092946
689,5844,7.48113220395192,-3.70405619239195,7.45851836321989,-3.69284948336058
690,5644,6.19045712168226,-3.69207828817876,6.17890383033627,-3.69233221654287
691,5444,4.91173592481251,-3.68155902556986,4.89974130766292,-3.67519465902533
692,5244,3.63913072186603,-3.71870088530836,3.6376822046331,-3.71801260899166
693,4944,2.32124958279379,-3.73577304642703,2.34259451589056,-3.73625847764459
693,5044,2.38270009189971,-3.73685249666284,2.34259451589056,-3.73625847764459
694,4696,1.00733868870064,-3.72570297632904,1.00535090120367,-3.72430152813167
695,4544,-0.286962874093416,-3.74278542756653,-0.291001335795214,-3.74034438486191
696,4344,-1.54917935952505,-3.75786273324002,-1.55070210506594,-3.75694489612095
697,4144,-2.81853071734275,-3.77555110750888,-2.81739494434633,-3.77777581163565
698,3944,-4.08956063041322,-3.77390192599106,-4.08989403335734,-3.78044076561247
698,5242,3.85069067481554,-4.75793864438523,3.85769587865002,-4.71999856149885
699,3744,-5.32855401659269,-3.81576750029018,-5.35946584704546,-3.80832877169977
700,3444,-6.65792411420142,-3.78424395205509,-6.62791649860201,-3.80490246863962
700,3544,-6.56685961947594,-3.83339112238624,-6.62791649860201,-3.80490246863962
701,3244,-7.88860964127171,-3.8055313345854,-7.86924279475092,-3.82100505770702
702,3044,-9.1243073727142,-3.84681341500223,-9.1043486363153,-3.85793758559026
702,3339,-7.42108840121298,-6.60623376608385,-7.43862543185156,-6.59125387699991
703,2815,-10.4124423318342,-3.83960537863481,-10.4138622792089,-3.84228511377168
704,2644,-11.6566591572501,-3.82749180662211,-11.6556921194387,-3.83921000955503
704,7744,18.9987714155602,-3.46045462922631,18.9959832080251,-3.42272716971699
705,2444,-12.9015608813139,-3.85655623583545,-12.9023736643388,-3.87010938798784
705,7544,17.7667626137265,-3.46241004987976,17.7799419649823,-3.44522854165612
706,7344,16.5415307409292,-3.46737071884015,16.5364683530083,-3.43591383261127
707,7144,15.2874300901389,-3.44082386938311,15.2833554375178,-3.40248298504913
708,6874,14.0307385768639,-3.43339938682884,14.0244909923723,-3.39344616160546
709,6744,12.792063625907,-3.42918691739904,12.7682977507081,-3.37023064789916
710,6478,11.5652335039025,-3.42792984232413,11.550812295561,-3.36377461190734
710,6479,11.5102811336936,-3.25674789620027,11.550812295561,-3.36377461190734
710,6991,14.5478520533678,7.23232654724152,14.5586265492584,7.20602732005639
711,6344,10.3027917432441,-3.41008141657809,10.2898445786945,-3.32268467816519
711,6345,10.2686741251444,-3.24138606206705,10.2898445786945,-3.32268467816519
711,6862,13.2842488679171,7.25156702518011,13.2878534215794,7.22608907667033
712,6082,9.07893395492003,-3.40703682547949,9.02397188251106,-3.29158520096141
712,6083,9.02441729863304,-3.23081310074437,9.02397188251106,-3.29158520096141
712,6595,12.0666725934589,7.29772965469645,12.0798574310521,7.27360667089537
713,5945,7.8217339194545,-3.22054354716761,7.74620536056012,-3.24105261169433
713,6462,10.8207879116108,7.30433389623948,10.8282515773494,7.27833105934613
714,5645,6.35802864218057,-3.16145455253768,6.52587441313265,-3.24491825752565
714,5745,6.58305356655955,-3.23221509393181,6.52916913346152,-3.23970590446194
714,6262,9.5800052392599,7.32159506721092,9.590526155235,7.28719812322332
715,5962,8.31911537193331,7.34811605579694,8.34600371133108,7.33983181237108
716,5245,4.04587499135344,-3.24070450694311,4.07314322472489,-3.26485060507056
716,5345,4.17108718776261,-3.25990060217583,4.07314322472489,-3.26485060507056
716,5762,7.10802692495352,7.34164702606909,7.10759530944575,7.35043094760125
717,5045,2.80192502642327,-3.25746027264786,2.80614560293456,-3.2680091460839
717,5562,5.87401085567869,7.33996561833206,5.86926655636888,7.3613304817179
718,4845,1.54459480170878,-3.27867566847296,1.54767490812074,-3.28647221566488
719,4645,0.274566421367404,-3.27081002599391,0.287358019318765,-3.29637222924321
721,4244,-2.09009323132526,-3.43252600019184,-2.15377936599353,-3.35034965148584
721,4245,-2.19348657338983,-3.28860461186504,-2.15377936599353,-3.35034965148584
722,4044,-3.3188011326755,-3.44257898089423,-3.36316115325641,-3.37921010972321
722,4045,-3.4190458910802,-3.28615905461094,-3.36316115325641,-3.37921010972321
723,3844,-4.54625507135468,-3.46156378145742,-4.56992736614641,-3.42899649487159
723,3845,-4.60921843781999,-3.3238276247286,-4.56992736614641,-3.42899649487159
724,3644,-5.77822234698523,-3.48031831772325,-5.80580834040376,-3.45588731322818
725,3444,-6.979338903026,-3.52876357465235,-6.99125914471129,-3.52042075838932
726,3244,-8.12816808342274,-3.62089583559472,-8.1349983482926,-3.61951925220319
727,3044,-9.33231148501044,-3.6798096323059,-9.34476005008739,-3.66882076905419
728,2844,-10.5111120263224,-3.71934644819824,-10.5126819252966,-3.717157253524
729,2644,-11.6986325452909,-3.77994664991206,-11.7013740806381,-3.7977254759927
729,7843,19.2409935065879,-4.43603278639946,19.1839087299319,-4.43866691780764
730,7643,18.0169684252717,-4.31132917567207,17.9944307710549,-4.32205139509079
731,7443,16.84243691523,-4.23371826693556,16.8529430878748,-4.24822744595129
732,7243,15.6667043154258,-4.14380600696555,15.6799294199764,-4.14594713024177
733,7043,14.4903177888301,-4.08313735502434,14.522164654676,-4.08480183675725
734,6843,13.334109090507,-4.04258216640775,13.3356185076103,-4.01902175543065
735,6643,12.1674867862563,-4.0190480145373,12.1812161402625,-3.99643705405397
736,6443,10.976037271988,-4.00361851279693,10.9833548901957,-3.95655517141955
736,6444,10.9880831686807,-3.89564050504007,10.9833548901957,-3.95655517141955
737,6243,9.79938144449269,-3.99351352704647,9.79676161325109,-3.93263790953472
737,6244,9.7854397437293,-3.88348680011855,9.79676161325109,-3.93263790953472
738,6044,8.60796827029819,-3.88455975179235,8.60157484205613,-3.89796835647848
739,5844,7.40541547215487,-3.87247221313193,7.39965682154286,-3.87752501252909
739,7358,16.5830613009281,4.5092837074149,16.5903525898943,4.4823371765284
740,5644,6.23206855666866,-3.86782602497369,6.22793746246649,-3.87942220085347
740,7158,15.4046501665846,4.52476856070432,15.4156316665746,4.50581705523632
741,5444,5.04208256435667,-3.86316130216441,5.03941353666487,-3.86376403416072
741,6958,14.2484203958345,4.53662800418817,14.2632105827788,4.52357490818595
742,5244,3.87299904082327,-3.87848949413377,3.87447667848491,-3.8859658254499
742,6758,13.0454505956663,4.55133613564946,13.0862194887765,4.53751970214895
743,5044,2.69474006318531,-3.89542296766797,2.70174570661214,-3.90549631049332
743,6558,11.8875197872603,4.55758324933538,11.9110938340368,4.55091338610674
744,6294,10.7207803155629,4.56367772593306,10.7311554819075,4.55790748822311
744,6393,10.7799443403586,4.57563313944316,10.7311554819075,4.55790748822311
745,6158,9.52527470998856,4.57612259497034,9.57848647433261,4.56314441022553
745,6258,9.59889635360571,4.56384924782839,9.57848647433261,4.56314441022553
746,4398,-0.805644314537744,-3.99997229214164,-0.84774358540015,-3.95504069655436
746,4399,-0.898345889932349,-3.90529256401059,-0.84774358540015,-3.95504069655436
746,4708,0.684042172454983,3.73528105390172,0.685369890707876,3.75056250781351
746,5997,8.43577578859302,4.57339576922781,8.41731345265186,4.55971528781354
747,4200,-1.96949463885413,-4.01272023829948,-2.002650704118,-3.97138867788527
747,4201,-2.07363515009295,-3.90628642056399,-2.002650704118,-3.97138867788527
747,5799,7.28805843717638,4.57006831836185,7.2817342332261,4.56062046408774
748,4002,-3.12689158589715,-4.02214997525659,-3.16827996531261,-3.97242526784993
748,4003,-3.23817622229706,-3.89942445647288,-3.16827996531261,-3.97242526784993
748,4312,-1.56522236945837,3.70030322769743,-1.56383359454201,3.73928707811752
748,5601,6.15747521573064,4.5724898304379,6.15168171465882,4.56241911566705
749,3804,-4.31297926606015,-4.02201951860602,-4.3267317876193,-3.98560984554732
749,3805,-4.39727181126973,-3.90204668234628,-4.3267317876193,-3.98560984554732
749,5403,5.03366538375576,4.57352572923779,5.03035437565606,4.56801028680473
750,3643,-5.46416342459145,-4.02741327975687,-5.47313074114613,-3.99407729628503
750,3644,-5.54283286034663,-3.91688068641513,-5.47313074114613,-3.99407729628503
750,3956,-3.83114359982964,3.68721465086508,-3.84118027118581,3.79982508939637
750,5258,3.92876857264659,4.57147952329696,3.92888036500618,4.56678823316823
751,3443,-6.65175505368216,-4.016845729685,-6.62790369787328,-3.99386731121154
751,3444,-6.70742316079793,-3.88333726396401,-6.62790369787328,-3.99386731121154
751,3756,-4.952175677552,3.67805299189722,-4.94637603684877,3.68667534144134
751,5058,2.83926867953506,4.5615132424614,2.83714047507641,4.56163697066894
752,3243,-7.829559893579,-4.01077962419279,-7.77779119353037,-4.0037310261319
752,3343,-7.72061363477594,-4.04553631067039,-7.77779119353037,-4.0037310261319
752,3556,-6.10431182748119,3.68814579494312,-6.09658738190993,3.75433261590957
752,4773,1.08460126434816,13.8076124781508,1.06721356919275,13.8464260366699
752,4858,1.76467417810315,4.56437904131693,1.78507485023238,4.56499177703397
752,4958,1.82083391285344,4.5659647982805,1.78507485023238,4.56499177703397
753,2983,-8.89747796319458,-4.03827884735556,-8.90567477783404,-4.01598664019052
753,3186,-7.2415110718841,3.68411924356562,-7.23013923920771,3.69500933308004
753,4518,0.673692934967331,4.55402239452382,0.669550613563792,4.55500854261379
754,2943,-10.0289737449956,-4.0475932470182,-10.0574347080034,-4.01059339255047
754,4558,-0.412731804004167,4.55495928635704,-0.413702476788644,4.55410863555529
755,2743,-11.1790477941551,-4.041478728144,-11.2210227982493,-3.99249941508475
755,3056,-9.49267602421005,3.65718561712227,-9.50936724127956,3.77032955562057
755,4358,-1.49504377460462,4.54725432701622,-1.48723009655691,4.53535020399589
756,2543,-12.2864126556323,-4.04463813570913,-12.2858541981742,-4.02498011682232
756,2856,-10.6227983340421,3.65702379392804,-10.6271655943587,3.73203314480223
756,4158,-2.59395600268126,4.54155824369964,-2.5856438571505,4.52899697367082
757,2343,-13.4380165351571,-4.07205031102206,-13.4406688213838,-4.04138361238029
757,3958,-3.72764261399912,4.54997435164464,-3.71816716861671,4.53984752279699
758,3720,-4.85900004755559,4.5474388654464,-4.83062283414826,4.53939523254086
759,1863,-15.6642120500319,-4.05802844321484,-15.6312121084482,-4.07040311235923
759,3510,-5.92020540123304,4.53623932009866,-5.92247105922033,4.52246117381486
760,3458,-7.01905725736714,4.53376150912515,-7.0166996501137,4.51656176394266
761,3093,-8.1279614120039,4.54076398783455,-8.11920307533504,4.52530166330433
762,3027,-9.22023175839748,4.5529574957104,-9.21411130126451,4.53812625472016
763,2800,-10.2990055571266,4.55975987929602,-10.2739571488099,4.54599214825133
764,2631,-11.4229164796447,4.60657705045231,-11.3813555121474,4.60593939968094
764,2730,-11.289867719151,4.59068251505986,-11.3482107783982,4.59770819168859
765,2532,-12.3983204228694,4.64293567848045,-12.3933243540589,4.64155748607015
766,2334,-13.4711655516337,4.71343430897692,-13.4895123857965,4.72090365230587
770,6901,14.2299014516216,12.6219360490668,14.2327199597974,12.6198083324842
771,4926,3.96058037688611,-3.4381425269887,3.98277846060034,-3.33475577909506
771,4927,3.96634966182521,-3.25152294857185,3.98277846060034,-3.33475577909506
771,6457,13.3082635424178,12.5272237168215,13.3067670972332,12.5213747114873
772,6470,12.3674367411581,12.411975939078,12.368994661077,12.4105065969151
773,4894,1.90731690124152,-3.39080547277191,1.89251179792632,-3.35890230507387
773,4895,1.87834885828663,-3.31802984589919,1.89251179792632,-3.35890230507387
773,6505,11.5149749960158,12.3610617911705,11.4903378997682,12.3535487181006
774,4648,0.819252200689546,-3.37966308199404,0.80764752512168,-3.36250805503618
774,4649,0.774652607108459,-3.31689109947605,0.80764752512168,-3.36250805503618
774,6242,10.6414783981649,12.2165682583048,10.6081649903162,12.2688232121772
774,6243,10.6018295538671,12.2887822182009,10.6081649903162,12.2688232121772
775,4498,-0.212272822058027,-3.38528850646058,-0.229238624543665,-3.3603910016972
775,4499,-0.256487489704001,-3.31642607009745,-0.229238624543665,-3.3603910016972
775,6207,9.75160267806283,12.1597497898671,9.75829998657418,12.1682486988378
776,5948,8.91835228494809,12.0956207762212,8.92181955868273,12.1092212033554
777,4115,-2.15338868514492,-3.40111913844129,-2.21612168842436,-3.32462462723745
777,4116,-2.22440026530538,-3.30209832232736,-2.21612168842436,-3.32462462723745
777,5790,8.07171248143043,12.0160823387098,8.06640554110075,12.0198420864194
778,3922,-3.21551272555789,-3.27220059712877,-3.22022485895033,-3.28335605918687
779,3689,-4.27354383123766,-3.21492298561578,-4.19560563163919,-3.23315163942966
779,3785,-4.1188463542367,-3.24120159813765,-4.19560563163919,-3.23315163942966
779,5442,6.46079910209296,11.8682723507863,6.45776938065015,11.8701968064652
780,3669,-5.16568490192603,-3.15644488603144,-5.17779124095225,-3.16243220373889
780,5458,5.70649784252052,11.8293190895691,5.70224216043891,11.8322019944132
781,3473,-6.12455675713006,-3.0767140307787,-6.13000034551441,-3.07687152381991
781,5360,4.93315667720791,11.7622126563901,4.93040810268997,11.7629836558382
782,3340,-7.04405109003734,-2.98927404317391,-7.05026379030946,-2.99178713956527
782,5208,4.21731075965918,11.7041789277817,4.19216472125322,11.7001607604532
783,3179,-8.0004125011615,-2.88675070334838,-8.01069490514845,-2.87635382333488
784,3146,-8.86340169553384,-2.70649012095273,-8.91357312496025,-2.73097819795454
784,5069,2.76988008373398,11.6079980885418,2.77067716834265,11.6245548389289
785,2916,-9.83352692658682,-2.59543154614957,-9.85487286031499,-2.58327307553532
785,4919,2.11584426510774,11.5649192784259,2.11108559645877,11.5749278776403
786,2817,-10.6735606344103,-2.41364109222492,-10.7228745997055,-2.40176390541676
786,4820,1.4390560800432,11.5420944710714,1.44143270143352,11.5420282603859
787,2619,-11.590098120917,-2.24139812095363,-11.621638808355,-2.20476690800329
787,4721,0.791205342796158,11.5285510515578,0.791042525958941,11.5194788797003
788,4575,0.151899849394076,11.5434110092008,0.147422720632405,11.5439741454438
789,4523,-0.487314944248533,11.5553943686593,-0.497521043830597,11.55571770553
789,7473,17.476707891255,-0.841392107673889,17.4828315422615,-0.907830608718019
790,4469,-1.10124299498926,11.5679778900268,-1.10295008339271,11.5687001156268
790,7348,16.5776947001629,-1.1894575458976,16.6560622070577,-1.20925529219055
791,4281,-1.68043671172692,11.6006860589327,-1.69700297560196,11.6258290661962
791,4282,-1.70516258681575,11.6806541723939,-1.69792254886274,11.6228002765128
791,7102,15.7328423637468,-1.4567505074865,15.7608332946714,-1.51464374564494
792,4270,-2.27781530482495,11.7062917266537,-2.28353422792685,11.6859209555567
792,7047,14.8427609382736,-1.78535758772111,14.8979244578867,-1.79584407856798
793,4086,-2.85641161764637,11.7735898465984,-2.85337258243343,11.761845986557
793,6807,14.0233025603591,-2.05008811568363,14.0601503302611,-2.09099468852325
794,4070,-3.41190209597285,11.841161550897,-3.4137419430837,11.8396004885039
794,6746,13.020366038757,-2.3362528482484,13.1936456923522,-2.35387158599883
795,3970,-3.95686989928904,11.9468300970075,-3.95567256465884,11.9400654018266
795,6646,12.2753665035788,-2.60454763761415,12.3280920412545,-2.629821104414
796,3870,-4.48103835468329,12.0418630037002,-4.48097243856822,12.0417939073097
796,6545,11.4463128234888,-2.88881838600964,11.434502108757,-2.88655190169506
797,3770,-5.00593359800058,12.1524121829082,-5.01192071503982,12.187268109274
797,6345,10.4791853686569,-3.08750394181419,10.5340529352465,-3.12127330180679
798,3671,-5.5099666302448,12.3437194841681,-5.50330966809226,12.312366845613
798,6245,9.67893655269058,-3.26801061513822,9.65207820103915,-3.34609319688362
799,3571,-6.0420259796867,12.4700032520818,-6.01264131941356,12.4835786973114
799,6044,8.67116726640724,-3.51628707788164,8.73328684260914,-3.55171705826267
800,3571,-6.48377550264934,12.6416533466568,-6.49148980775352,12.6412116575561
800,5944,7.88566693394688,-3.68754832408027,7.85988575307469,-3.73283465632906
801,3472,-6.99688477400284,12.8981134362602,-6.99283393046658,12.852623136089
801,5744,6.88573502298423,-3.84619242260254,6.97013050268454,-3.90144481166363
802,3372,-7.39878729128717,12.9975723660998,-7.4041767216616,13.0025281158606
802,5643,6.07187507994456,-4.019146014546,6.06567925097324,-4.03015745824882
803,3272,-7.89315627228595,13.2269738598533,-7.8943272126845,13.2278698381972
803,5443,5.09580983076047,-4.10699592252759,5.17336451079874,-4.14975491331372
804,5343,4.29574863992466,-4.19930238189074,4.27308480525805,-4.24557123841855
805,5143,3.33492237883215,-4.29652668779414,3.35727135196147,-4.30032509069647
806,5043,2.5256985850143,-4.39411155133208,2.52495418874145,-4.39384000190106
807,4843,1.64512500984326,-4.42523579403989,1.64629202745448,-4.42685098039196
808,4743,0.744614316940549,-4.42067807621271,0.74052080757314,-4.42098263236346
809,4543,-0.143742705691896,-4.4145866536788,-0.12626248245667,-4.41834515447001
810,4443,-0.965779088172652,-4.40292212957861,-0.966353457517852,-4.40382351999766
811,4243,-1.96722802619445,-4.30368735458323,-1.78909803297669,-4.36546201326238
811,4343,-1.68300159907731,-4.3902219330582,-1.78909803297669,-4.36546201326238
812,4143,-2.6878137547874,-4.26189501686337,-2.62209621034672,-4.30088170881551
813,4043,-3.46601325357194,-4.18418289334512,-3.50175247038197,-4.21290457997908
814,3843,-4.37000921712312,-4.08600868141161,-4.3262697944538,-4.1081707744336
815,3743,-5.18396076854304,-4.01245693626247,-5.16172310209972,-3.992319911813
816,3544,-6.18310874641883,-3.7590241596128,-5.997952236042,-3.8429406189585
817,3444,-6.90605271452424,-3.63696026666968,-6.86226488377707,-3.67537088729226
818,3344,-7.66670804644816,-3.49293963001185,-7.70298448117399,-3.50220203285469
819,3145,-8.58127127857396,-3.26994968653994,-8.55047498470855,-3.3001247814774
819,5141,3.28059285840453,-5.30086771261568,3.24056475348239,-5.27375255900519
820,3045,-9.38790245541398,-3.06111259732735,-9.39163881650658,-3.05819608256838
820,4941,2.30970939660288,-5.37116511778706,2.36613869566503,-5.33725285686206
820,5041,2.5952146320969,-5.35918721817143,2.36613869566503,-5.33725285686206
822,2746,-11.0546763531068,-2.52120427778987,-11.0082047964473,-2.55455502350675
823,2646,-11.8635213070608,-2.27341624967421,-11.8718428166511,-2.29679472960672
823,6535,11.4982175069043,-9.24622731278851,11.467915074855,-9.26913732173176
824,2447,-12.7361724112239,-1.92720036498576,-12.6330146944242,-1.99147322902807
825,2347,-13.5429835454896,-1.63312056835316,-13.5515426718038,-1.64177689268664
825,6134,9.44249367478641,-9.72064167970308,9.46649868901232,-9.72049252029811
827,7047,14.8577884730013,-1.77399026029611,14.9134286252775,-1.79381971603383
828,6569,11.7849250663294,11.5105491434223,11.8000804679425,11.5264121248418
829,6846,13.2851419213673,-2.39703372450325,13.2640791872379,-2.40750323424594
830,5333,4.31196685879369,-10.4407195350646,4.29815612177871,-10.4663163468244
830,6646,12.3410605446688,-2.60280674033728,12.4084438802317,-2.69210355309225
831,6479,11.5344242827227,-2.93444292604753,11.5393812052862,-2.94472402491058
832,6345,10.5804188403059,-3.09939323803971,10.6539478841991,-3.16846724483338
833,6244,9.75954003935796,-3.39524921917905,9.77722221374868,-3.37998763323096
834,6044,8.82826186982422,-3.54030685179874,8.88232001089034,-3.56714107442798
835,5944,7.96418552066671,-3.63107940009773,7.98357204079727,-3.73825547702897
837,5643,6.14538378298797,-4.01280852932934,6.15288188651703,-4.01646174597998
837,5766,6.74393968179628,9.76167791255936,6.71683417999126,9.7734299620873
838,5443,5.21075802389755,-4.10724909553108,5.2235266194562,-4.1179760155378
838,5666,6.14305321829047,9.64583000205342,6.13639848627711,9.65358520113574
839,5042,2.89974827626975,-4.87559744690507,2.90034170330239,-4.88516853264035
839,5566,5.52490199118843,9.50926786992433,5.51028823242754,9.50786932994096
840,4892,1.96682638337802,-4.91544779907134,1.94784175389555,-4.94121662797861
840,5091,3.31665699785757,-4.22268468897665,3.34809914988837,-4.2700486149695
840,5411,4.93513984121888,9.43917497761294,4.92702746806754,9.43592685665286
841,4646,1.0083910038038,-4.89877209446033,0.978452043151149,-4.93258440413207
841,4941,2.50001716320715,-4.25505264816079,2.42279120747359,-4.31755586146058
841,5258,4.35740316290623,9.35110451228098,4.35790580862688,9.34449546583373
842,4843,1.48271640218835,-4.36386355805608,1.4800392485038,-4.3616122670662
842,5265,3.70363681526028,9.22511329662557,3.72772572601923,9.25382483510815
842,5266,3.73744910551841,9.27657046243344,3.72772572601923,9.25382483510815
843,4497,0.506300352590126,-4.34090848196749,0.517039500002889,-4.34004853521989
843,4596,0.636396371495525,-4.3492081941354,0.517039500002889,-4.34004853521989
843,5014,3.11052121912606,9.17824623110071,3.10751187067385,9.19761179656459
843,5015,3.13201769385504,9.25040477135307,3.10751187067385,9.19761179656459
844,4543,-0.417276697198603,-4.34741331013652,-0.419947740190089,-4.34512581649722
844,4965,2.37882092399511,9.14775839161663,2.44943000622063,9.16651025282011
844,5065,2.48688213674827,9.15576254067087,2.44943000622063,9.16651025282011
845,4299,-1.35295610813564,-4.3291470583033,-1.34919659966413,-4.33168314771712
845,4816,1.75388054476091,9.13426950653425,1.79028876301938,9.13794929436926
845,4915,1.86889473554239,9.11720006722251,1.79028876301938,9.13794929436926
846,4765,1.11330343016181,9.11294753844182,1.12797143671052,9.11042270395452
847,4618,0.427194848069516,9.11492813559233,0.428134564170646,9.12037886818843
848,4565,-0.291986183654565,9.13834739491666,-0.290026124868783,9.15486752931974
849,4420,-0.987148533142066,9.14644318584675,-0.984176493971379,9.19117623559117
850,4189,-1.6889615882266,9.13847558812679,-1.6725273987513,9.18455520134771
855,8145,21.1124990807594,-3.17121323295615,21.1076207458472,-3.1709824423395
856,7864,20.1301265419993,-3.41409251566676,20.1288929602614,-3.36495746248455
856,7865,20.1753053372981,-3.31384694177896,20.1288929602614,-3.36495746248455
857,7844,19.2177068347601,-3.54630267053289,19.2149869219138,-3.54629826586848
859,7444,17.2843763819357,-3.80575813983099,17.3007044645926,-3.80421267833526
860,7344,16.3586475698061,-3.90139010123945,16.3658598392106,-3.93522314075259
861,7143,15.4016848320486,-4.04878340228609,15.3979681032737,-4.0292791179608
862,7043,14.4433846379396,-4.14067170517732,14.4278888625001,-4.13992078968716
863,6843,13.4637084302962,-4.20860306800389,13.4663771277929,-4.2115135644587
864,6643,12.4982596983361,-4.28207538567305,12.5144711612156,-4.28046676239286
865,6543,11.5412348185106,-4.33107472856886,11.5399807570184,-4.33056426446753
866,6343,10.5729343730333,-4.38255546234886,10.5673380657758,-4.38020090722329
867,6143,9.49343614730257,-4.42196140796881,9.58464984179773,-4.42037564584796
867,6243,9.61951024719537,-4.42333514368444,9.58464984179773,-4.42037564584796
868,6043,8.59333659455331,-4.43438489118678,8.58558037626265,-4.4411090111382
869,5843,7.58434802874097,-4.44711195684819,7.57990298815918,-4.45847014344116
870,5743,6.62887596170529,-4.47581899688814,6.57199997311742,-4.48432076775362
871,5542,5.58303271839342,-4.57865594705691,5.56917619515358,-4.50890651523945
871,5543,5.57295385891418,-4.45447676028999,5.56917619515358,-4.50890651523945
872,5342,4.56373315816395,-4.57622107788681,4.5619162472592,-4.54707964274797
872,5343,4.5763816393907,-4.47939197380358,4.5619162472592,-4.54707964274797
873,5142,3.50136786361048,-4.58680524860109,3.54772068017463,-4.56468913308731
874,5042,2.54183031661135,-4.60757665134424,2.54191244387844,-4.60426411603454
875,4842,1.50329219281162,-4.61566684501176,1.50461703889755,-4.60790857294087
876,4642,0.449005535217721,-4.61191419012198,0.448609549762036,-4.60624343488074
877,4442,-0.667745715404803,-4.57921152398108,-0.585676594369181,-4.60925208333215
877,4542,-0.568944782404198,-4.62022032781065,-0.585676594369181,-4.60925208333215
878,4342,-1.61911416823156,-4.6136527204351,-1.6228517286022,-4.60321730924659
879,4142,-2.65837182250067,-4.61536440480721,-2.66225666086299,-4.5926214690354
879,4143,-2.67053465117027,-4.51498619613544,-2.66225666086299,-4.5926214690354
880,3942,-3.7326310107848,-4.61031461334494,-3.70923532087415,-4.59772278855118
880,3943,-3.72469202107959,-4.50994417760987,-3.71310572217192,-4.58834555010253
881,3842,-4.74209313558146,-4.59809349804139,-4.75059674037371,-4.54675037153118
881,3843,-4.74254835373743,-4.50492771359462,-4.75278927745882,-4.546949494434
882,3642,-5.80108773837272,-4.57357971799033,-5.80527588074138,-4.51456649951349
882,3643,-5.80238086243251,-4.49657220150872,-5.80527588074138,-4.51456649951349
883,3443,-6.85642822957175,-4.46482915198484,-6.85599276451219,-4.47296004444514
884,3243,-7.93165730105646,-4.42564525078624,-7.92807183757848,-4.43062450592886
885,3143,-8.94966603104512,-4.37383230310374,-8.98730873234783,-4.37235424478471
886,2943,-10.0614639919933,-4.32655770698436,-10.0682230288192,-4.33193805019749
887,2743,-11.144102112243,-4.25412390717133,-11.1612577978766,-4.24523515948115
888,2543,-12.2090151612854,-4.17603046816506,-12.2090300546028,-4.17602266872811
893,7045,14.5063149452907,-3.25559965902535,14.4652998585909,-3.25605614904139
895,6644,12.2896330687023,-3.39639734231412,12.2787541273865,-3.36835044716154
896,6444,11.2047916731943,-3.45475657904265,11.2197945547557,-3.43927710938378
897,6244,10.0705398143076,-3.49231733555296,10.1356326702825,-3.49964668757747
897,6344,10.2144073861354,-3.51754956207194,10.1356326702825,-3.49964668757747
898,6144,9.08390818220103,-3.55511480820704,9.03943865620953,-3.5435106546494
899,5944,7.95658244824468,-3.58250198511042,7.92988501448822,-3.57574597431367
900,5686,6.82553093393559,-3.61105098477726,6.81762169257603,-3.60233732004437
901,5544,5.70582999248163,-3.63842918059982,5.70595210131028,-3.63011376837028
902,5344,4.59472902897519,-3.66480816893942,4.59039893015499,-3.65536639257002
903,5144,3.47887269819739,-3.68603592975671,3.48257903200173,-3.68757274167946
904,4944,2.33314611175931,-3.71562262202661,2.37098494311502,-3.72910420946462
904,5044,2.40364746322498,-3.74042910729549,2.37098494311502,-3.72910420946462
905,4744,1.13594984562631,-3.69181384957617,1.21114741026784,-3.70946584060154
905,4844,1.23210787023724,-3.71618821813604,1.21114741026784,-3.70946584060154
906,4644,0.0882951548646909,-3.72541111279571,0.0872434551849852,-3.72465988077438
907,4444,-1.02901088477651,-3.72748986266231,-1.02988297759987,-3.72643580124107
908,4244,-2.12451592141698,-3.73942143382717,-2.12369287087107,-3.73997873806445
909,4044,-3.23623052711812,-3.73932186165369,-3.23511685655669,-3.74243046617723
910,3844,-4.33805753226681,-3.74907998057187,-4.32022960906326,-3.76084030605723
910,4919,1.98866965007262,-18.6342256200171,1.95547597799457,-18.5925548090036
911,3644,-5.47230078935899,-3.7372752558439,-5.42139170028879,-3.77046757406832
911,3744,-5.37309240372804,-3.79990972203665,-5.42139170028879,-3.77046757406832
912,3544,-6.52528896403111,-3.76682900869085,-6.53781204873996,-3.75898529306723
913,3344,-7.63274607809518,-3.76215735304768,-7.63402210256695,-3.76067681888583
914,3144,-8.74276096326125,-3.7879027044655,-8.74021499556261,-3.78978645118214
915,2944,-9.85698202072111,-3.76591655405104,-9.85906434337225,-3.76408277453219
916,2744,-10.9737573629972,-3.75338949446335,-10.9767912319704,-3.75039774642325
917,2544,-12.1156921446215,-3.72846210112802,-12.0848903330865,-3.74757806347901
918,3419,-6.92588595694051,-18.6578623618579,-6.9265977719802,-18.6437006526284
919,2244,-14.3269418336594,-3.7465125467561,-14.3492507301679,-3.73341096114001
924,7545,17.4831911746265,-2.92505314616245,17.465348080824,-2.90636311051191
925,7272,16.3657509516065,-2.93717642751239,16.3770017167066,-2.94042303709949
926,2968,-9.45195332722019,-12.9923609018417,-9.47958956271994,-12.9706897375239
926,7003,15.193758313977,-2.93093265202556,15.1695339632263,-2.91500389181783
927,6945,14.0597846543132,-2.93502090667491,14.0715512311174,-2.9368768809549
928,6745,12.9287245471691,-2.94186809290768,12.9246681106694,-2.94027398190058
929,6480,11.7674224759494,-2.94220580905525,11.7627710507722,-2.93283955667779
930,6281,10.5967352828791,-2.93212494101524,10.6039833498985,-2.9278177911441
931,6145,9.4122067619353,-2.9214456282398,9.44328057007209,-2.92136771027883
933,5745,7.04102693246056,-2.90278918210942,7.08844626134841,-2.91214691966754
934,5545,5.85201635138812,-2.89599080951706,5.90808649197228,-2.9100598730733
935,5345,4.7089197951477,-2.93123810380492,4.77295816523154,-2.94578068433629
935,5445,4.82047628711569,-2.95810091356425,4.77295816523154,-2.94578068433629
936,5145,3.52551650343512,-2.94116324397006,3.58485270083977,-2.95377347535512
936,5245,3.61722875266648,-2.96160275672963,3.58485270083977,-2.95377347535512
937,4945,2.34261955955058,-2.97423578277904,2.40085812798044,-2.98596909870708
937,5045,2.41932468113208,-2.98959167734808,2.40085812798044,-2.98596909870708
938,4604,1.1234857170614,-2.95803528840876,1.1668397321181,-2.97653075409781
938,4701,1.20774876468275,-2.99658603430428,1.1668397321181,-2.97653075409781
939,4545,-0.0763080932261615,-2.96796809380583,-0.0411244208052839,-2.99503965888761
940,4044,-1.27946099860459,-2.9792276317763,-1.22690988066233,-3.01171861752941
941,4119,-2.34039719325641,-3.05837026716886,-2.38913933315347,-3.03177800555686
942,3945,-3.66909432986155,-2.98085147118188,-3.55775856258429,-3.04599814225224
942,4045,-3.53219989053657,-3.06193503350975,-3.55775856258429,-3.04599814225224
943,3807,-4.72367156955748,-3.05151354808901,-4.74901161245192,-3.03775471428105
944,3645,-5.91774874856254,-3.03539893845398,-5.94166359532654,-3.02350241110226
945,3445,-7.10092800407386,-3.05438016568897,-7.10457032233533,-3.0586434339612
946,3245,-8.29935431068144,-3.05848600991444,-8.32257880562216,-3.04436583753241
947,3045,-9.50135838905318,-3.05356046156878,-9.52454208567304,-3.04488169567483
948,2845,-10.6883632815977,-3.01993682992749,-10.6895039148032,-3.01877680983929
949,2645,-11.8571316832433,-3.00902066473275,-11.8627153883471,-3.00807376301496
950,2445,-13.0533812594638,-3.00543868630872,-13.0562018964323,-3.00319966669529
951,2245,-14.2589142109643,-3.00788738082103,-14.2604993185256,-3.00148177873927
964,5291,4.57728959565659,-3.55167545880881,4.59678089696693,-3.59009049947432
965,4889,3.35455665579086,-3.54366084174596,3.35674448239837,-3.54512115083173
966,4944,2.12771555545978,-3.56159642025273,2.12576003721789,-3.56070096247668
967,4744,0.856053946656896,-3.55526587440222,0.857837859888783,-3.55787475253773
968,4544,-0.386356296590027,-3.56141528990519,-0.384877069029328,-3.56256813150087
969,4301,-1.60520062410246,-3.56976290187851,-1.60787634150959,-3.56668044777119
970,4144,-2.8184619791192,-3.57548884043824,-2.82072283841787,-3.5729231821688
970,7544,17.8376158225855,-3.68987675763321,17.8423897731659,-3.6922029911131
971,3944,-4.03132404138434,-3.58441190950769,-4.03319668370397,-3.58281836501596
971,7344,16.6439137448658,-3.70579011730053,16.6461382249857,-3.70527528799367
972,3744,-5.25934319864046,-3.59225663002131,-5.26726502773699,-3.58764137575342
972,7144,15.4491701417739,-3.71521087934678,15.4501050319707,-3.70872279111972
973,3544,-6.47001864072588,-3.5891914299853,-6.47669011234999,-3.58772331353996
973,6944,14.251662123825,-3.71792533030601,14.2591191638418,-3.71835187795265
974,3344,-7.67335559653567,-3.60787760508185,-7.68152113183447,-3.60232934656169
974,6744,13.0269369462935,-3.71200362060439,13.0258543031341,-3.71181434618274
975,3051,-8.90372396999217,-3.61829312609617,-8.91930495564572,-3.61082753023823
975,6349,11.8231374607764,-3.72026767794041,11.8270190493323,-3.72042314703304
976,2915,-10.0540880249227,-3.61594322136658,-10.0661894972834,-3.6095481382394
976,6281,10.6283699361519,-3.73011597374517,10.6312834335593,-3.72839110409597
977,2609,-11.3001024969253,-3.63404520452367,-11.306046823507,-3.63076427352392
977,5839,9.40351015346913,-3.72366741933105,9.41007768942833,-3.72420423969476
978,2544,-12.4798981016197,-3.65958537441121,-12.4793286338619,-3.65898416905146
978,5944,8.18950518268564,-3.7353904998394,8.18504874837084,-3.73396627631053
979,2344,-13.6883518791633,-3.67916755711081,-13.7233219453878,-3.66078209523636
979,5744,6.98063925212605,-3.73084836474744,6.97811393019853,-3.72973326050598
980,5324,5.75583172935703,-3.73615697331157,5.75377159248945,-3.73662935343785
981,5344,4.51724496367428,-3.73046566244754,4.51330438521705,-3.72777396923488
982,5144,3.27759265985832,-3.74156168302367,3.27704596232482,-3.74126559124959
983,4699,2.03635848547257,-3.75079699204163,2.03523319795591,-3.74972076625573
984,4556,0.773200874033306,-3.75308625587096,0.772309218947076,-3.7524762237484
985,4319,-0.466204253407552,-3.76394751761826,-0.466804039461681,-3.76335473031884
986,4258,-1.67692829752321,-3.76786957193185,-1.67566076664937,-3.76857123774634
987,3980,-2.89184538281113,-3.77188155975454,-2.89123791659313,-3.77196891365215
988,3788,-4.10405499867231,-3.78941112004535,-4.10828896311916,-3.78918312722942
989,3559,-5.30562794622791,-3.80131399233901,-5.29978820403768,-3.80347295886608
990,3474,-6.50967751491756,-3.79936131948162,-6.51112492556067,-3.80364132488045
991,3212,-7.70590147813193,-3.80996229446204,-7.70895457775586,-3.81772679507123
992,2989,-8.89611725172786,-3.82635487982719,-8.88481649556359,-3.83695252589323
992,5363,6.50881528300624,-4.19794165222648,6.55563803668284,-4.17969793968518
993,2422,-10.0959512351541,-3.84118384097573,-10.0977126592914,-3.84491311380736
993,4471,5.29342598579825,-4.18790807608608,5.33962772525229,-4.17519664767689
993,6439,19.3748653863316,-4.38535161839363,19.3765966308967,-4.38530019017135
994,2393,-11.2663927488193,-3.84798840825156,-11.2689913123594,-3.8465655971061
994,4567,4.07696087103901,-4.16671000739289,4.11902067304456,-4.16504856898499
995,2119,-12.4482477826824,-3.8539627737373,-12.447303741729,-3.86579010573123
995,4193,2.86698428931384,-4.1584686489713,2.90308218786633,-4.16566344819771
995,6185,17.0399155612154,-4.37833493885596,17.0444098772778,-4.37682854018809
996,2206,-13.6556800015094,-3.86283485386226,-13.6578449542229,-3.87392438323392
996,4555,1.66110081112087,-4.21221992892859,1.684919662846,-4.22217136135936
996,6811,15.8495415113469,-4.37848533953914,15.8469411760639,-4.37820767295764
997,2102,-14.8203566367021,-3.85703796691593,-14.8207070786607,-3.85621718991782
997,4551,0.444620156093787,-4.19980945456365,0.455518458218412,-4.20141850722702
997,6903,14.6478704284763,-4.37708402516342,14.6436839593354,-4.3779838300792
998,6503,13.4896952452035,-4.37948948278595,13.4922544402163,-4.37934621275785
999,5785,12.3106670694013,-4.38114040790739,12.3082756973791,-4.38188308905385
1000,6379,11.1267231229008,-4.37535036033029,11.122957100521,-4.37935038311044
1001,6119,9.93347449805839,-4.36741736428021,9.93225091896681,-4.36701609036796
1002,5383,8.76198485999884,-4.37555683380666,8.75475403262177,-4.38043894075374
1003,5843,7.57487269118076,-4.37569702754197,7.57533286550697,-4.37298936733302
1004,5643,6.3927453178666,-4.37975833229925,6.38744770269844,-4.37974554585363
1005,5335,5.19648879652111,-4.37395688168931,5.19401033904925,-4.37597225609034
1006,5139,3.99981273638887,-4.37047468204559,3.99241745312023,-4.36859137541579
1007,5043,2.83093531300868,-4.38482681995533,2.83142680320895,-4.38517434328058
1008,4747,1.63279624116468,-4.38880924309367,1.63739765896718,-4.39006830815102
1009,4091,0.430698540951907,-4.39052732945255,0.430229402819001,-4.39115086298886
1010,3783,-0.753123452732082,-4.39868535301859,-0.747573311395389,-4.40015427108982
1011,4075,-1.92543077115692,-4.39461090949363,-1.90563820547687,-4.40112186461621
1012,3683,-3.09876053660526,-4.39375984238902,-3.06594886079144,-4.40535586766041
1012,3774,-2.9736010354544,-4.42506730840448,-3.06594886079144,-4.40535586766041
1013,3501,-4.27794296812531,-4.39032539566701,-4.22110166824643,-4.40545850163216
1013,3592,-4.16545863641377,-4.41506627275868,-4.22110166824643,-4.40545850163216
1014,3643,-5.47444443139067,-4.41300777037998,-5.3871702142746,-4.41834525303437
1014,3743,-5.35428561289601,-4.41409669852266,-5.3871702142746,-4.41834525303437
1015,3508,-6.53488548332157,-4.41096771630247,-6.53932158536919,-4.41058456666628
1016,3244,-7.68359559558664,-4.41364869791715,-7.68258211650279,-4.41935801527966
1017,2957,-8.8223739434695,-4.40691753804501,-8.81914956651374,-4.40740435133564
1018,2798,-9.97462323499209,-4.41402263546522,-9.9757765773151,-4.4137490874187
1019,2635,-11.1233320099417,-4.41350975706655,-11.1187560011052,-4.41390696387296
1020,2193,-12.2645199738479,-4.38332875281486,-12.2687107806043,-4.38333229847612
1021,2228,-13.4229112566914,-4.37953653370873,-13.425884201116,-4.37733503410229
1021,4388,0.237983580591508,-19.3390434785581,0.253156775900508,-19.3660806048128
1022,1912,-14.5566824730955,-4.35328354644141,-14.5429265047447,-4.35592629993939
1023,1848,-15.7013184154633,-4.32946017781441,-15.6879400158095,-4.33637036159068
1027,5725,6.75041172317108,-14.9557313248499,6.7272058561287,-14.9465304343105
1033,4390,-0.210915668608343,-14.977786852146,-0.20318818640843,-14.9737043310505
1033,5184,4.32245940745566,-4.1829941698619,4.34631925510668,-4.21914681978229
1034,4990,3.13286567733479,-4.17961860895583,3.13316780952717,-4.1818098515582
1035,4943,2.00267469442507,-4.21685654356973,2.00626156782497,-4.21829916438529
1036,4696,0.796139815179487,-4.20204769031637,0.798025554022627,-4.20261143172147
1037,4408,-0.375520011235842,-4.22140917339091,-0.364159773539647,-4.22535839347089
1038,4214,-1.53212457705471,-4.21290087287757,-1.52265447758005,-4.21612112957439
1039,4061,-2.70690230872321,-4.21538399476701,-2.69682924729247,-4.21926536694739
1040,3865,-3.87226603868183,-4.22595573953041,-3.86199025373542,-4.23000637596669
1041,3743,-5.0192658292757,-4.22170812469424,-5.01122262109568,-4.22522805385868
1042,3543,-6.18353751493097,-4.22881380231923,-6.17726939440511,-4.2305547048284
1043,3343,-7.33998149059944,-4.22461017533738,-7.32864404113172,-4.22956624036478
1044,3143,-8.48404358392793,-4.22133680009659,-8.45958395986634,-4.23342513341612
1045,2943,-9.67500560252239,-4.23402337448649,-9.61958083687178,-4.24178959506253
1047,2643,-11.9362978693953,-4.23850443626737,-11.9313864269991,-4.23458031892377
1047,7743,18.8119995769328,-4.15760454784955,18.8108905167468,-4.15184333485299
1048,2443,-13.0908136927637,-4.23095472784894,-13.0970085114479,-4.23010353589236
1048,7543,17.6477670139091,-4.1761961422953,17.6474586961544,-4.16547705103388
1049,2243,-14.256224685079,-4.21992855553906,-14.2518772136902,-4.22082678555156
1049,7343,16.4650939342328,-4.18201864745219,16.4607129577347,-4.17680016548475
1050,7143,15.3018529887934,-4.19647437474163,15.2931039650733,-4.19915982431415
1051,6943,14.1297866237308,-4.20688125982376,14.1323926222569,-4.20408836048264
1052,6743,12.9609622892896,-4.22223652151493,12.9650906858458,-4.22242850060446
1053,6543,11.7842110774642,-4.22552870511063,11.7871458938375,-4.22508235750124
1054,6343,10.5998097501337,-4.22529188115447,10.6039412630014,-4.22356124059436
1055,6143,9.41612372727985,-4.22857521399277,9.41356069111334,-4.2304982456827
1056,5943,8.20947696987034,-4.23081911481321,8.20901865104287,-4.2252143689644
1057,5743,7.01675178930948,-4.23593970579785,7.00137827853097,-4.22976035337923
1058,5543,5.8127594814274,-4.22253230483086,5.81077632997466,-4.21805625378254
1059,5343,4.60225499425206,-4.22924612617139,4.59532861728123,-4.2247726702996
1060,5143,3.38513487644873,-4.22649440534438,3.37969177793356,-4.2233992082376
1061,4943,2.20545535593826,-4.25880092751542,2.20556405912899,-4.25917359464137
1062,4743,0.948561361136706,-4.24822658017419,0.946427414753569,-4.2473537837559
1063,4543,-0.274191683414143,-4.269331041211,-0.275940400639095,-4.26876893022399
1064,4343,-1.47541623425979,-4.27082927108759,-1.47190936632772,-4.27182529112981
1065,4143,-2.71133456793193,-4.28107812762074,-2.71117687702607,-4.28112369608555
1066,3943,-3.92976689036012,-4.28980570591381,-3.93149923706855,-4.29057090858617
1067,3743,-5.13591648068013,-4.30640386871254,-5.13438666345342,-4.30746634814492
1068,3543,-6.33459204323587,-4.30675774506624,-6.33067158789521,-4.30804692691817
1069,3343,-7.56052778182634,-4.31601295023457,-7.55693380066001,-4.31723461024816
1070,3143,-8.75949151741688,-4.32054088484626,-8.75128780644762,-4.32262858248416
1071,2943,-9.97249911626443,-4.32553332152779,-9.97442172821793,-4.32538575231354
1072,2743,-11.2120605695638,-4.32876879134234,-11.211633133766,-4.32896792217282
1072,7843,19.6081066794611,-4.33740070874464,19.5909153491612,-4.33128158050941
1073,2543,-12.4207195298804,-4.32118596372655,-12.4183473645498,-4.3219681488818
1073,7643,18.3796687496983,-4.33658744182891,18.3736314108234,-4.33620407029912
1074,2343,-13.6360581914423,-4.30688446358114,-13.6494445136642,-4.29854834534279
1074,7443,17.1757794328617,-4.35644336877347,17.170027820289,-4.35515346226382
1075,7243,15.9508493161795,-4.3762865683561,15.9482435095525,-4.37593455123267
1076,1943,-16.0946199972349,-4.30946961973406,-16.0945175379255,-4.30951677601121
1076,6143,9.13524857858586,-4.06599303067131,9.12389987737509,-4.0456668860297
1076,7043,14.7183920727493,-4.36973328775985,14.7120022625728,-4.37192993304833
1077,5943,7.90224654355397,-4.06211636878644,7.88623026040777,-4.04725467235038
1077,6843,13.4881451954771,-4.38395551868607,13.4890138935948,-4.38406300663159
1078,5743,6.65194146618716,-4.06571310325653,6.63603900727796,-4.05198041888819
1078,6643,12.2607035492458,-4.38883071185332,12.2601704074947,-4.3930227634831
1079,5443,5.29032071999821,-4.08882196316855,5.39729891776411,-4.0486416120631
1079,5543,5.4316731789044,-4.03635672417472,5.39729891776411,-4.0486416120631
1079,6443,11.0339746825973,-4.40005532270187,11.0240741203416,-4.40214914609478
1080,5243,4.06605336401423,-4.05241381806515,4.13317506757441,-4.03933587332586
1080,5343,4.2146444906394,-4.02649393757278,4.13317506757441,-4.03933587332586
1080,6243,9.78724154685851,-4.3924074123729,9.78389391700845,-4.39381639153468
1080,7032,14.7598223246863,-10.6141172378884,14.769913947756,-10.5983109194044
1081,5043,2.84101796975411,-4.02952931295534,2.87612114377257,-4.03299760188948
1081,5143,2.98581195414898,-4.04883887716308,2.87612114377257,-4.03299760188948
1081,6043,8.53907291473225,-4.39803996013127,8.52729981397188,-4.39439218481616
1082,4843,1.63198689701339,-4.06142590972276,1.63506790998911,-4.05789453802327
1082,5843,7.28787065326038,-4.39054077088518,7.27605213040542,-4.38835208758232
1083,4643,0.351990121077329,-4.0686112890517,0.344598168293821,-4.06003020990349
1083,5643,6.05426702742402,-4.3913380902412,6.0153136531672,-4.38442333036237
1084,4443,-0.909330158785656,-4.09187043253403,-0.920740218204844,-4.07471222258954
1084,5443,4.82407620088602,-4.39875373044861,4.78404069193541,-4.38909463167794
1085,5143,3.43599044388429,-4.38282486880632,3.52853737708052,-4.39561178588828
1085,5243,3.59758656330662,-4.40810495789648,3.52853737708052,-4.39561178588828
1086,4943,2.32297445798668,-4.43971779743307,2.34699755977437,-4.44650132572849
1086,5043,2.40201056663508,-4.45322702578755,2.34699755977437,-4.44650132572849
1086,5832,7.35759549832345,-10.6469698691075,7.36588411327294,-10.6342348831525
1087,4743,1.05468802061226,-4.43493792502564,1.05507062142473,-4.43562750320062
1087,5632,6.12646006503776,-10.6741069683429,6.12759923971486,-10.6558482618856
1088,4543,-0.183947119452692,-4.44600899298575,-0.184351090346982,-4.44809264905356
1088,5432,4.89206489848215,-10.6641513077691,4.89812501635248,-10.6358917601061
1089,4343,-1.4112894167876,-4.4430063189359,-1.40663564924819,-4.44797746280852
1089,5232,3.672452930544,-10.6685070176652,3.66404520380941,-10.6522624486106
1090,4143,-2.65221534814803,-4.45017817901387,-2.65404323660607,-4.45483541499555
1090,5032,2.42585215907565,-10.6654092668857,2.41897808298472,-10.6551072766694
1091,3943,-3.89129001190443,-4.45095157041734,-3.89489271589092,-4.45404960107553
1091,4832,1.20640769885268,-10.6788077247836,1.19066991535803,-10.6751371648488
1092,3743,-5.13139086208975,-4.45699313822447,-5.13521344812297,-4.46312938441927
1093,3543,-6.37008626816409,-4.45463831763672,-6.37625121091775,-4.45866973618995
1094,3343,-7.60546254442597,-4.43551184009149,-7.61968329083312,-4.43857578635092
1095,3143,-8.81201315509391,-4.46484487756105,-8.81824519480243,-4.46675134063668
1095,5529,5.77798873540791,-12.627052586175,5.8154197631636,-12.6354303437614
1096,2943,-10.0386690706669,-4.47128862601017,-10.0413418030113,-4.47501148431736
1096,3732,-5.00344947079162,-10.7126908559975,-4.98605985446788,-10.7126836270798
1097,2743,-11.2490758599493,-4.48844942428662,-11.2590706664741,-4.4992251403369
1097,3532,-6.20777850180515,-10.7186989734397,-6.20907575204715,-10.7132008534908
1098,2543,-12.4741415817599,-4.44354037651003,-12.4831902014861,-4.45880143335492
1099,2343,-13.6824647628985,-4.47217921672353,-13.6987810401321,-4.49123892294483
1100,6743,13.0525245652564,-3.9777747813135,13.0969707035605,-3.91038273862832
1100,6744,13.0868001829322,-3.87081982545948,13.0969707035605,-3.91038273862832
1101,6543,11.8093344107893,-3.97662715571701,11.864557238464,-3.91975185680404
1101,6544,11.8218287807107,-3.83814007914203,11.864557238464,-3.91975185680404
1102,6343,10.6044089557312,-3.98230337172777,10.6680603777378,-3.92631423701309
1102,6344,10.6094171081988,-3.82294635849729,10.6680603777378,-3.92631423701309
1103,6143,9.37886633146873,-3.98448163818004,9.44336763481955,-3.93876849183113
1103,6144,9.36760347824206,-3.82065362595144,9.44336763481955,-3.93876849183113
1104,5943,8.14707390950613,-3.97061309809551,8.17282619807898,-3.92377433828404
1104,5944,8.21463773626493,-3.88736955073356,8.17282619807898,-3.92377433828404
1105,5743,6.90845360422952,-3.97232083241954,6.9102001117379,-3.92048382411906
1105,5744,6.92913585962498,-3.85654163332072,6.9102001117379,-3.92048382411906
1106,5543,5.66458950755679,-3.96668844759472,5.69763644553509,-3.93082954480904
1106,5544,5.74973124048857,-3.90015428012734,5.69763644553509,-3.93082954480904
1107,5343,4.453934862995,-3.9648648284482,4.47366248239102,-3.93884337653834
1107,5344,4.51743527420799,-3.9074655496186,4.47366248239102,-3.93884337653834
1110,4743,0.756204453001474,-3.96980598781099,0.780728661712106,-3.951796897641
1110,4744,0.819200656144778,-3.92679145071434,0.780728661712106,-3.951796897641
1111,4543,-0.473785093466991,-3.98019469710946,-0.453872990890379,-3.95850633048564
1111,4544,-0.423213805205143,-3.92844452726417,-0.453872990890379,-3.95850633048564
1112,4343,-1.69353438273771,-3.99526147380829,-1.66726300145699,-3.96794356406826
1112,4344,-1.625872143487,-3.91772026823662,-1.66726300145699,-3.96794356406826
1113,4143,-2.91179303667383,-3.99645990994144,-2.8972493872943,-3.97174222389977
1113,4144,-2.8463033484719,-3.91498169165715,-2.8972493872943,-3.97174222389977
1113,5223,3.65965602747862,-15.9771150623912,3.64967423332016,-15.9666248761631
1114,3943,-4.10720038837951,-4.00614280719716,-4.08966788864343,-3.97942091964276
1114,3944,-4.05155370978156,-3.92516300973258,-4.08966788864343,-3.97942091964276
1115,3743,-5.2931689832506,-4.00482276207598,-5.27504667646316,-3.98706830302656
1116,3543,-6.49652072813537,-4.01287290580338,-6.48452540624825,-3.9859548923465
1116,3544,-6.43780451618051,-3.9181907254466,-6.48452540624825,-3.9859548923465
1117,3343,-7.6782242249244,-4.01737678391031,-7.67916749301841,-3.99518124225303
1117,4423,-1.11160294425479,-15.9966734289966,-1.12137054313682,-15.9860644754246
1118,3143,-8.85425232829,-4.02658360768746,-8.82919847776068,-4.00934370402386
1119,2943,-10.0183662642389,-4.04226274704853,-10.0056888705976,-4.02952798474087
1120,2743,-11.2312709778481,-4.03816014436125,-11.2193083569211,-4.02087057356704
1121,2543,-12.402107006551,-4.03378376778246,-12.4104928020944,-4.02605408056176
1123,5129,3.3734549715624,-12.8096607175908,3.34046907970061,-12.8377650387581
1124,4929,2.21294154540248,-12.8076023751263,2.18047675199431,-12.841960896696
1125,4729,1.06856734221437,-12.7939003297112,1.02653748494994,-12.8303063718983
1126,4529,-0.0691329923271464,-12.7803865876855,-0.0267186883556576,-12.7706522367319
1131,4823,1.32302026614674,-16.4299412646583,1.28087900123945,-16.4084643751841
1131,5131,3.40359021015963,-11.2049684793747,3.3972377153641,-11.1873749557395
1136,5143,3.00890538845434,-4.26103230261171,2.98040706890157,-4.25447325555604
1138,3831,-4.4507827886064,-11.2882155774796,-4.46755773594247,-11.2630968288318
1138,4743,0.724936691740911,-4.279480609508,0.704915367763031,-4.270365942905
1139,3631,-5.55928640455968,-11.2958046896575,-5.58143389113194,-11.2590635847183
1140,3431,-6.68926965003733,-11.2898870205642,-6.69820016596522,-11.2550312296606
1150,7942,19.8609260085959,-4.63880283848136,19.865868857286,-4.61264898756333
1151,7742,18.7966420333195,-4.62734897827654,18.8223316193785,-4.59719979332661
1152,7542,17.7632096212552,-4.62020058357829,17.7624438270049,-4.58255868359748
1153,7342,16.6822810821792,-4.6383632586565,16.7123953085051,-4.59846236379351
1154,7242,15.662600916277,-4.62101551899334,15.6660236491946,-4.58791867862633
1154,7243,15.6809686750798,-4.50060751858413,15.6660236491946,-4.58791867862633
1155,7042,14.6322928348432,-4.63571062325858,14.6328470947661,-4.58971764408235
1156,6842,13.5984845191791,-4.63224438282649,13.5952719846363,-4.59904737692217
1157,6642,12.4818814818574,-4.62591708499251,12.5522331076981,-4.58883028613994
1158,6542,11.5120674891821,-4.6265195876334,11.5065525997254,-4.58835873739701
1158,6543,11.517706673327,-4.47735973937114,11.5071511666031,-4.58372677448107
1159,6342,10.4636484561837,-4.61841754369201,10.4872434106983,-4.59259092935339
1159,6577,11.8559754042617,15.9135624501594,11.9045987188635,15.8810818634815
1160,6142,9.43778819458911,-4.6188965286418,9.47718862563347,-4.60177512726181
1161,6042,8.42684416977551,-4.6078514328884,8.40589509749962,-4.58411940992545
1162,5842,7.38863768365447,-4.6109731032875,7.38472891096445,-4.58393831802809
1163,5642,6.36307054391721,-4.60391421929509,6.32367992751338,-4.54852914714612
1163,5643,6.22897027699431,-4.4132551049854,6.32367992751338,-4.54852914714612
1165,5342,4.32534154905945,-4.59188268815741,4.29763931107272,-4.53348340386369
1165,5343,4.27539202135512,-4.44929618483761,4.29763931107272,-4.53348340386369
1166,5142,3.29811974958326,-4.59032229880478,3.27733371290412,-4.54434762020349
1166,5143,3.23337330875072,-4.44462493217184,3.27733371290412,-4.54434762020349
1167,4942,2.31226851945481,-4.6055410950934,2.32844830029096,-4.59587041400241
1167,5277,3.81786678196056,15.8892487052609,3.81212704658471,15.8832090164296
1168,4842,1.31873153507483,-4.60432569767537,1.30615724404135,-4.58774935354708
1169,4642,0.305875975689381,-4.60071326740886,0.29156954013415,-4.585340292831
1170,4442,-0.702970082522845,-4.60808863475662,-0.690426554051373,-4.59819247813596
