frame,accepted,directional,reason,errorM,yawErrorDeg,x,y,psi,matchingMs
1,0,0,insufficientComponents,0.640312423976002,2,484201.572914107,4977500.52147539,-2.10588080737395,8.63
2,1,0,accepted,0.150146361337568,0.387395559482882,484200.988045633,4977500.79779906,-2.13402845811273,19.022
3,1,0,accepted,0.152458220819499,0.42991251079172,484200.994768677,4977500.7909082,-2.1332667607633,15.434
4,1,0,accepted,0.152592771053389,0.406990295412139,484200.993588829,4977500.79166975,-2.13367141568127,13.538
5,1,0,accepted,0.154483983903695,0.398245721734402,484200.992827207,4977500.79017428,-2.13382745158802,16.921
6,1,0,accepted,0.154086500070029,0.402096663283146,484200.990268335,4977500.79253904,-2.13374504817607,18.145
7,1,0,accepted,0.0342354241790493,0.0157698923588243,484201.089854282,4977500.89239116,-2.14048120269325,14.086
8,1,0,accepted,0.032184316883895,-0.0139737110032632,484201.090435798,4977500.89425163,-2.14100415360118,14.018
9,1,0,accepted,0.120036451041735,0.215865303148053,484201.004544354,4977500.81793036,-2.13697475350594,13.095
10,1,0,accepted,0.111973281579661,0.208801935077941,484201.003001914,4977500.82062443,-2.13710791834506,10.918
11,1,0,accepted,0.103789561399865,0.212606908992514,484201.000324541,4977500.81857157,-2.1370514393901,11.805
12,1,0,accepted,0.0949018410258609,0.232626380882225,484200.99554731,4977500.81442408,-2.13666935272962,11.313
13,1,0,accepted,0.115814301660444,0.39456364752763,484200.98140577,4977500.77438366,-2.13388500802095,12.055
14,1,0,accepted,0.0489194617125017,-0.164610554706242,484201.060253738,4977500.88921304,-2.14357301482976,11.288
15,1,0,accepted,0.039174901090072,-0.183476943051122,484201.033100951,4977500.85943151,-2.14384229322648,12.044
16,1,0,accepted,0.0427149426595878,0.0262997961812002,484201.032302178,4977500.81404063,-2.1400682485556,12.076
17,1,0,accepted,0.041832698014814,-0.0433001978539791,484201.005186616,4977500.78592108,-2.14111062823894,10.742
18,1,0,accepted,0.0312486285894228,-0.121526315875766,484200.963985877,4977500.74684696,-2.14229820748425,11.537
19,1,0,accepted,0.0300722104028008,-0.190022000345916,484200.929243046,4977500.70374892,-2.14321529048927,12.629
20,1,0,accepted,0.0331310584918594,-0.271634466093731,484200.89277982,4977500.65827911,-2.14418126676694,10.622
21,1,0,accepted,0.0356944171584699,-0.30240577572375,484200.856818868,4977500.60565238,-2.14408030739004,11.389
22,1,0,accepted,0.0340412769804066,-0.166421170340545,484200.837129706,4977500.53120812,-2.14100357043487,12.469
23,1,0,accepted,0.0420384132706852,-0.257456742063687,484200.785145434,4977500.4788412,-2.14168523504875,12.277
24,1,0,accepted,0.0378764228198593,-0.103531030979047,484200.752770418,4977500.38056345,-2.1377235037746,11.051
25,1,0,accepted,0.0438738221471544,-0.19954002715494,484200.692711438,4977500.31729575,-2.13800979707384,11.68
26,1,0,accepted,0.04473331075687,-0.228790549161172,484200.632963069,4977500.22610144,-2.13639624795076,13.939
27,1,0,accepted,0.0461765760550823,-0.206634451822891,484200.567124036,4977500.12676636,-2.13443831503052,11.86
28,1,0,accepted,0.0476399351013246,-0.195581842574425,484200.496676307,4977500.01830672,-2.13393867826342,13.811
29,1,0,accepted,0.054225018738467,-0.225829662251591,484200.428134925,4977499.90589598,-2.13231790442032,13.064
30,1,0,accepted,0.0565795903192434,-0.235150678020971,484200.357402553,4977499.78614482,-2.12986263662689,10.975
31,1,0,accepted,0.0587792324878143,-0.259901534060142,484200.278140413,4977499.66759538,-2.12951188836177,12
32,1,0,accepted,0.0568835927426544,-0.0765097087966947,484200.216631028,4977499.51725038,-2.12528964030063,10.943
33,1,0,accepted,0.0575007192824165,-0.0471330302559641,484200.134271509,4977499.38234491,-2.12298797619917,10.111
34,1,0,accepted,0.0658244064591469,0.0955857900409963,484200.063301917,4977499.22530424,-2.11848776517199,11.803
35,1,0,accepted,0.0759361276008503,0.159164968504541,484199.986679378,4977499.08479827,-2.11551482364598,11.256
36,1,0,accepted,0.0729986207359168,0.129871410223913,484199.892334498,4977498.94228489,-2.11471936911946,10.624
37,1,0,accepted,0.072305079015138,0.154192258131173,484199.797658844,4977498.78731616,-2.11321037288311,9.82
38,1,0,accepted,0.073306081351423,0.13134457195532,484199.703770043,4977498.63620072,-2.11216222185888,12.352
39,1,0,accepted,0.0666533431440724,0.105502984014912,484199.598365677,4977498.47886005,-2.11127581711911,10.483
40,1,0,accepted,0.0722523833082405,0.112808521307901,484199.50389628,4977498.3211739,-2.11030496312684,11.474
41,1,0,accepted,0.071052497239089,0.137633900893636,484199.400714097,4977498.15382169,-2.10951550701449,10.077
42,1,0,accepted,0.0660751842870588,0.17670561729316,484199.296193975,4977497.98019432,-2.10895208308821,11.326
43,1,0,accepted,0.0606419869047019,0.226512627406023,484199.195700799,4977497.79320523,-2.1080550184633,10.705
44,1,0,accepted,0.0576554914585029,0.224293345101877,484199.090965299,4977497.62620125,-2.108294606068,13.17
45,1,0,accepted,0.0531356785976659,0.230982834630932,484198.988159715,4977497.45568314,-2.10837310277685,11.412
46,1,0,accepted,0.0526916016750644,0.254230033024939,484198.889566117,4977497.27501023,-2.10788137542459,14.132
47,1,0,accepted,0.0492336419211165,0.279591604883099,484198.787911157,4977497.10726129,-2.10842236484093,13.139
48,1,0,accepted,0.0476422463104023,0.276095555026778,484198.690721746,4977496.937902,-2.1093598610854,10.377
49,1,0,accepted,0.0492680244399619,0.280048245380042,484198.600482581,4977496.77094685,-2.1100449635177,12.865
50,1,0,accepted,0.0441917413528382,0.277620812769591,484198.507319668,4977496.60771374,-2.11073287077566,12.081
51,1,0,accepted,0.0408184117712597,0.307207529307076,484198.416818027,4977496.44471909,-2.11087758747225,10.668
52,1,0,accepted,0.0424147093664188,0.276718599118523,484198.331845355,4977496.29920248,-2.11144439836869,12.648
53,1,0,accepted,0.0446531991708098,0.272101318345861,484198.24586496,4977496.15875875,-2.11184000206924,12.862
54,1,0,accepted,0.0474446828472763,0.317747901271289,484198.160336172,4977495.99633273,-2.11179000349219,14.85
55,1,0,accepted,0.044330955599268,0.298922329441542,484198.068467532,4977495.84603631,-2.11244741843604,12.431
56,1,0,accepted,0.0509430285586391,0.348421864877924,484197.984845689,4977495.69528041,-2.11171794841961,10.973
57,1,0,accepted,0.0504460505471712,0.384664125648725,484197.8921719,4977495.53445358,-2.11160349231484,9.595
58,1,0,accepted,0.0768667235909569,0.232189152518172,484197.797576827,4977495.42917615,-2.11465249144933,11.315
59,1,0,accepted,0.0839126906454923,0.176322838317397,484197.689823984,4977495.27799084,-2.11548210714419,10.888
60,1,0,accepted,0.0925766810390822,0.209520666954096,484197.602417471,4977495.11192763,-2.11449734893668,12.292
61,1,0,accepted,0.101651245318593,0.146430332612355,484197.492522898,4977494.95455862,-2.11446777013529,10.001
62,1,0,accepted,0.0807819975444802,0.206696975320529,484197.371719669,4977494.76495267,-2.1119329606543,14.639
63,1,0,accepted,0.0228123522125677,0.319983152647225,484197.26668158,4977494.52165192,-2.10743877053207,10.094
64,1,0,accepted,0.0178099836983527,0.321026455698543,484197.157829428,4977494.33044304,-2.10604758421813,11.284
65,1,0,accepted,0.00986728841753747,0.353254055180939,484197.045704617,4977494.14745864,-2.10477549610112,17.137
66,1,0,accepted,0.0145027554215249,0.314885183176423,484196.948740664,4977493.96511668,-2.10356771618759,12.87
67,1,0,accepted,0.0169092465149597,0.26539004434347,484196.843118189,4977493.77488171,-2.10114159419804,27.504
68,1,0,accepted,0.0168323163997258,0.270072146934363,484196.731343494,4977493.57876305,-2.09673054655614,12.703
69,1,0,accepted,0.0307186190074968,0.295669346427523,484196.629602942,4977493.36942791,-2.09065350224872,14.907
70,1,0,accepted,0.0303616696960563,0.203124416937462,484196.517347408,4977493.17691321,-2.08505288995393,14.61
71,1,0,accepted,0.010063598098358,0.223359677589401,484196.366594198,4977492.95140514,-2.07622793539579,15.495
72,1,0,accepted,0.00625047235751535,0.161086865778799,484196.237290367,4977492.73420384,-2.06743583129582,15.74
73,1,0,accepted,0.0124039638020244,0.119904359088511,484196.110269641,4977492.48758964,-2.05667897271613,16.718
74,1,0,accepted,0.0134028787532602,0.105353421912451,484195.960342782,4977492.22929959,-2.04347554129681,14.916
75,1,0,accepted,0.00475362291552748,0.110861905455994,484195.807303954,4977491.93740506,-2.02772436562818,13.005
76,1,0,accepted,0.0145319702287964,0.0616937749047942,484195.663268339,4977491.65395062,-2.01198275548313,15.543
77,1,0,accepted,0.0282398216796087,0.00285863185955567,484195.509147039,4977491.35754408,-1.9968323345139,13.657
78,1,0,accepted,0.038324619057353,-0.160463768429926,484195.365030481,4977491.03671441,-1.98021913529814,13.241
79,1,0,accepted,0.0282796528566512,-0.156900470650985,484195.233125652,4977490.66043083,-1.96011827827134,10.876
80,1,0,accepted,0.0349152065624018,-0.246238260953285,484195.088938364,4977490.3028704,-1.93921435427586,11.357
81,1,0,accepted,0.0373968134258233,-0.257928665913519,484194.934627511,4977489.94056002,-1.91499954241596,12.396
82,1,0,accepted,0.0509331096613944,-0.259143363709282,484194.793218029,4977489.56735047,-1.88950677064017,10.796
83,1,0,accepted,0.059584104762369,-0.243591092371945,484194.628210721,4977489.18011551,-1.86217861693308,11.14
84,1,0,accepted,0.0799149911529264,-0.303152348871419,484194.509044771,4977488.78578116,-1.83659712196837,12.395
85,1,0,accepted,0.0788389756524835,-0.253123606001966,484194.38502244,4977488.35235784,-1.8087115943,11.22
86,1,0,accepted,0.0804025221541657,-0.20128865331998,484194.257649979,4977487.91444208,-1.78187472984522,12.383
87,1,0,accepted,0.0735578815739039,-0.254875632039622,484194.169357908,4977487.45161073,-1.75537374239792,11.546
88,1,0,accepted,0.0662614253285958,-0.202465553658862,484194.078214943,4977486.98325181,-1.72751852490889,10.784
89,1,0,accepted,0.0721347257500251,-0.210976076681752,484193.995918363,4977486.52366447,-1.69983527420977,14.396
90,1,0,accepted,0.0970007651684468,-0.353332599113819,484193.948196864,4977486.06529151,-1.67404724548934,11.74
91,1,0,accepted,0.104108652890987,-0.349310816546333,484193.889203878,4977485.58282672,-1.64410906215484,12.825
92,1,0,accepted,0.0835175511497712,-0.143690906696271,484193.821454895,4977485.07002726,-1.61058318086072,15.634
93,1,0,accepted,0.082400103325771,-0.154824878295272,484193.782179449,4977484.56331523,-1.58102619234215,13.249
94,1,0,accepted,0.0711700576277979,-0.218032936143311,484193.755795091,4977484.03820221,-1.55227465497413,13.784
95,1,0,accepted,0.0810052779592437,-0.29326898751759,484193.75055487,4977483.52269745,-1.5229578736129,12.98
96,1,0,accepted,0.0926722339265214,-0.371984459274765,484193.775773772,4977483.00044894,-1.49295769034398,12.184
97,1,0,accepted,0.102745143901445,-0.367230926427251,484193.787650236,4977482.47761798,-1.46178530771756,13.167
98,1,0,accepted,0.110845872246162,-0.478853488858165,484193.837199164,4977481.94618943,-1.43222406369653,12.306
99,1,0,accepted,0.0937947785794852,-0.425140133836729,484193.916316179,4977481.38313469,-1.40101195766424,12.667
100,1,0,accepted,0.0921761569202523,-0.482978203251874,484194.004775347,4977480.83162831,-1.37139970839663,13.811
101,1,0,accepted,0.0799928077143289,-0.408722319895187,484194.103247532,4977480.25214704,-1.34119952830697,12.512
102,1,0,accepted,0.0705669070836558,-0.321073935190171,484194.259574999,4977479.68813308,-1.31261759997984,12.068
103,1,0,accepted,0.0587130694819306,-0.199351592389916,484194.387406664,4977479.10706617,-1.2846010799683,12.096
104,1,0,accepted,0.0621222368556075,-0.181373542599344,484194.539132357,4977478.53456297,-1.25922915898418,12.11
105,1,0,accepted,0.0714436055806223,-0.169577449745173,484194.712087131,4977477.96296794,-1.23529257793909,12.331
106,1,0,accepted,0.0643782450630882,-0.0130141754908664,484194.91199829,4977477.37085899,-1.21155127810099,15.512
107,1,0,accepted,0.0608116228696232,0.0557578671529549,484195.130794702,4977476.7789125,-1.19199988790078,16.77
108,1,0,accepted,0.0547578805723027,0.168724610017419,484195.367037558,4977476.17938858,-1.17384082381831,12.589
109,1,0,accepted,0.0619722025824493,0.254226247125768,484195.616848584,4977475.57758167,-1.15808290977438,13.992
110,1,0,accepted,0.0494153891876015,0.452848576450931,484195.880767918,4977474.97319144,-1.14299851001016,12.291
111,1,0,accepted,0.0446493056175464,0.411706660352465,484196.159814937,4977474.36393636,-1.13334711555714,12.072
112,1,0,accepted,0.0747591547789957,0.551884673073929,484196.425570253,4977473.77358897,-1.12214755757882,15.111
113,1,0,accepted,0.0746849106505902,0.0214268872572804,484196.776208224,4977473.18797868,-1.12398554288519,14.308
114,1,0,accepted,0.091058977091347,0.0566346920999906,484197.08205978,4977472.5728844,-1.11738242824339,16.942
115,1,0,accepted,0.0785955474876383,0.153602249140898,484197.3941468,4977471.92112554,-1.11074916669391,19.597
116,1,0,accepted,0.0739743109027769,0.191198923041323,484197.735059958,4977471.27153897,-1.10640543293654,16.656
117,1,0,accepted,0.0723897568210119,0.215932612845874,484198.097384597,4977470.6210073,-1.1029854041118,18.9
118,1,0,accepted,0.0567253043341689,0.461165844072914,484198.485625105,4977469.90717501,-1.09730102715753,26.172
119,1,0,accepted,0.0481030094284213,0.438793412228674,484198.835133061,4977469.2273279,-1.09777069139892,15.43
120,1,0,accepted,0.0478352031807127,0.39548675280783,484199.190227897,4977468.5560888,-1.09973590554898,19.25
121,1,0,accepted,0.0313632155201557,0.303708887860732,484199.542330885,4977467.84734832,-1.10358002824742,22.627
122,1,0,accepted,0.0210333151095875,0.262656344983662,484199.901765168,4977467.13121546,-1.10560728006638,23.083
123,1,0,accepted,0.034373873108731,0.096817178241748,484200.281024054,4977466.42927749,-1.1105800019356,31.513
124,1,0,accepted,0.029330868752574,0.128962849317266,484200.650310791,4977465.69270578,-1.11234995054629,32.132
125,1,0,accepted,0.0555478801179937,-0.0470379419884787,484201.048186621,4977464.93763179,-1.11885288380021,29.713
126,1,0,accepted,0.0518574357499878,-0.0647067921162313,484201.424763265,4977464.19295337,-1.12332174114358,20.231
127,1,0,accepted,0.0511255435242826,0.0063200428266042,484201.804337715,4977463.43467497,-1.12716896095722,17.172
128,1,0,accepted,0.0497721906918279,0.0972137598768316,484202.179502313,4977462.65581329,-1.13142527115902,27.448
129,1,0,accepted,0.0309958898174894,0.0811161101532375,484202.555864441,4977461.88431229,-1.13722329475375,26.777
130,1,0,accepted,0.0480384301160926,0.177701411901406,484202.92859459,4977461.08860332,-1.14216073942555,17.425
131,1,0,accepted,0.0646239562165612,0.252071603871745,484203.300976241,4977460.27555794,-1.1466837478065,16.375
132,1,0,accepted,0.0835160750180873,0.356442366330022,484203.673030692,4977459.445742,-1.15196984032684,19.685
133,1,0,accepted,0.0928587423864783,0.394348568096256,484204.04549226,4977458.62216197,-1.15809210516337,23.406
134,1,0,accepted,0.114439834923954,0.390876518718156,484204.418627738,4977457.76811231,-1.16500592623673,22.601
135,1,0,accepted,0.147156346690906,0.530712816604268,484204.778027905,4977456.90096726,-1.16941009813751,25.307
136,1,0,accepted,0.157124224742274,0.588075420271878,484205.15960844,4977456.03378483,-1.17533743633564,14.627
137,1,0,accepted,0.159110875599177,0.559076307661175,484205.536346657,4977455.1627264,-1.1827672560654,18.188
138,1,0,accepted,0.1704802609446,0.550741074718247,484205.940411894,4977454.26144464,-1.18986631923666,15.838
139,1,0,accepted,0.088975920659149,0.494428018227693,484206.31747112,4977453.46555597,-1.19754678777754,19.469
140,1,0,accepted,0.0422170099626678,0.400423938543488,484206.747577051,4977452.66339478,-1.20628725104709,15.99
141,1,0,accepted,0.0518774492631696,0.253435975512536,484207.125065967,4977451.76997017,-1.21569760965386,17.369
142,1,0,accepted,0.0697939291364624,0.276087104822158,484207.480963417,4977450.86605649,-1.22197154585911,14.421
143,1,0,accepted,0.0585549517983279,0.397575895708285,484207.842117085,4977449.92971665,-1.22691402016318,14.096
144,1,0,accepted,0.0235336587653513,0.264603958454343,484208.196565383,4977448.95001658,-1.23588579125834,12.278
145,1,0,accepted,0.0447508279494004,0.312689823646379,484208.552120157,4977447.95897184,-1.2426793698676,16.845
146,1,0,accepted,0.0431240586773347,0.29250808937935,484208.915281452,4977447.00549781,-1.24893247578302,19.385
147,1,0,accepted,0.163627242252328,0.453064092581648,484209.240100847,4977445.92324023,-1.25383207305208,52.959
148,1,0,accepted,0.28627436639918,0.707312255688634,484209.582509802,4977444.83496587,-1.25573474941246,23.2
149,1,0,accepted,0.140056863238766,0.392570013411901,484209.923788108,4977444.0088575,-1.26809012640733,22.04
150,0,0,inconsistentClasses,0.155823331757347,0.376889880436608,484210.236261339,4977443.03522255,-1.27477528627315,34.417
151,1,0,accepted,0.0920351900568386,0.272175009320815,484210.579940865,4977442.1210679,-1.28377531968718,26.496
152,1,0,accepted,0.105115973343882,0.297681396535805,484210.889088252,4977441.11866077,-1.29032263306007,20.346
153,1,0,accepted,0.128573213835965,0.348427907951958,484211.17778119,4977440.12539882,-1.29607687129565,14.976
154,1,0,accepted,0.138781314806578,0.363421373722089,484211.476291995,4977439.13111388,-1.30203720473086,23.578
155,1,0,accepted,0.154468929541875,0.376496190785472,484211.76405416,4977438.14050801,-1.30900075941977,19.586
156,1,0,accepted,0.164827330313614,0.342910407095526,484212.053275841,4977437.134719,-1.31625904365709,13.914
157,1,0,accepted,0.197903078755199,0.110187484353665,484212.315925111,4977436.12569494,-1.32730852493442,16.862
158,1,0,accepted,0.223763448288015,-1.03838774164724,484212.99408568,4977435.12200218,-1.3543149232132,17.052
159,1,0,accepted,0.181655527542994,-1.05769348501493,484213.242967228,4977434.1007403,-1.36107434852434,14.184
160,1,0,accepted,0.139202935297489,-1.08816479286552,484213.476307798,4977433.09411546,-1.36796575396236,16.671
161,1,0,accepted,0.135369182233396,0.11748877870843,484213.685866775,4977432.01184198,-1.35377505916986,13.427
162,1,0,accepted,0.0926497777290163,0.293260073927831,484213.929419619,4977431.0257701,-1.35734112082724,16.48
163,1,0,accepted,0.0800766243635941,0.39814020057149,484214.152451576,4977429.99723008,-1.36190391975177,16.217
164,1,0,accepted,0.0636285896672706,0.362645792708005,484214.369951149,4977429.01338279,-1.36895421797752,16.964
165,1,0,accepted,0.0758767521490312,0.49434457887152,484214.593102839,4977427.99592092,-1.37271907759958,23.147
166,1,0,accepted,0.100281520399004,0.539360044912173,484214.811220391,4977426.94648532,-1.37820384662585,21.035
167,1,0,accepted,0.124319519797296,0.523931514025729,484215.018067693,4977425.92856681,-1.38465011129466,17.222
168,1,0,accepted,0.120747106947614,0.879686181040774,484215.250217063,4977424.89712138,-1.38523140306391,18.344
169,1,0,accepted,0.130228048108157,0.95155284340478,484215.464232652,4977423.86634771,-1.39058781528779,18.837
170,1,0,accepted,0.151442248189441,0.926990337701614,484215.66102008,4977422.83577493,-1.39770355048481,16.885
171,1,0,accepted,0.155308600425944,1.0580197303036,484215.865908231,4977421.79271971,-1.40261762400121,16.66
172,1,0,accepted,0.158830225950217,1.13498272443781,484216.064593477,4977420.73806177,-1.40851312501114,17.823
173,1,0,accepted,0.2137908892866,0.965629319458548,484216.205441238,4977419.69031508,-1.41905357812396,18.384
174,1,0,accepted,0.18160363595234,1.17701416951752,484216.425367678,4977418.63340535,-1.42270123375214,17.915
175,1,0,accepted,0.239196306468797,1.05545696496671,484216.553844663,4977417.60149143,-1.43215096767353,18.753
176,1,0,accepted,0.255404213651097,1.07970921467031,484216.713903469,4977416.54876262,-1.43906253121528,18.601
177,1,0,accepted,0.278875665767374,1.0869918548519,484216.86055189,4977415.50983711,-1.44637741789859,17.974
178,1,0,accepted,0.422378908037812,1.54562952938933,484216.871925452,4977414.2244626,-1.44571169662135,16.272
179,1,0,accepted,0.361642401646897,1.29623329778213,484217.156334385,4977413.0241199,-1.45751890270178,14.424
180,1,0,accepted,0.348004267559641,1.06988156767015,484217.312335517,4977411.948244,-1.46852538571398,14.014
181,1,0,accepted,0.352771776002341,1.12895813957217,484217.453057217,4977410.84772736,-1.4752220594661,15.702
182,1,0,accepted,0.376004978825765,1.22607215416888,484217.559593911,4977409.75016354,-1.48024265958281,17.403
183,1,0,coarseRetainedByTrustRadius,0.417360348785245,1.34408667424986,484217.729482232,4977408.55201375,-1.48531389188893,20.395
184,1,0,coarseRetainedByTrustRadius,0.314225153839877,0.814272162275383,484217.954320541,4977407.52580049,-1.50131493749646,15.401
185,1,0,coarseRetainedByTrustRadius,0.18615998674411,0.151773909288884,484218.166405965,4977406.53047638,-1.51959967384624,24.23
186,1,0,coarseRetainedByTrustRadius,0.12023601616062,-0.304401269467385,484218.321250292,4977405.4945157,-1.53437123203553,20.841
187,1,0,coarseRetainedByTrustRadius,0.101640083241546,-0.569676978724021,484218.447672208,4977404.43076939,-1.54589650357514,15.534
188,1,0,coarseRetainedByTrustRadius,0.0814987924209924,-0.514568525155839,484218.500340949,4977403.30724171,-1.55095660476427,21.923
189,1,0,accepted,0.106736290697847,0.00251897149133847,484218.424343339,4977402.268986,-1.54733131785863,22.932
190,1,0,accepted,0.122179246213597,0.197063362944687,484218.476711073,4977401.16348092,-1.54863028322625,17.265
191,1,0,accepted,0.0918952234726092,-0.00780611121959617,484218.674516592,4977399.90139277,-1.55665958994664,15.317
192,1,0,accepted,0.0810919279049297,0.0464344177512963,484218.677600711,4977398.77804402,-1.55930425864617,19.171
193,1,0,accepted,0.087028976610812,0.232399618621925,484218.700062461,4977397.64623026,-1.5591007505258,14.787
194,1,0,accepted,0.0903165146756535,0.253287190099353,484218.730620398,4977396.51107101,-1.56131192171046,13.104
195,1,0,accepted,0.0631584485400009,-0.0495222001498914,484218.828699893,4977395.33397071,-1.56885046071209,19.924
196,1,0,accepted,0.0337046730871466,-0.171895950006622,484218.912412416,4977394.19729685,-1.57340415638487,17.77
197,1,0,accepted,0.0352898107728139,-0.137928006923614,484218.919693083,4977393.03314336,-1.57488963821373,21.103
198,1,0,accepted,0.0344817451070346,-0.182002866444268,484218.949117232,4977391.86553742,-1.57748826920622,18.427
199,1,0,accepted,0.0514450341757784,-0.0901598237690182,484218.96008956,4977390.69635131,-1.57763862453124,18.843
200,1,0,accepted,0.0577777111512196,-0.165972217305601,484218.986617292,4977389.52705631,-1.58074014232246,25.766
201,1,0,accepted,0.0916264518081233,-0.109055334628216,484218.986059108,4977388.34375311,-1.58112354021384,22.316
202,1,0,accepted,0.123147197007078,0.038821284686111,484218.983418244,4977387.14935962,-1.57986755221168,23.354
203,1,0,accepted,0.140632211790903,0.132409615349523,484218.99008637,4977386.01382034,-1.57945494642084,29.304
204,1,0,accepted,0.164303506028585,0.137515191161832,484218.990662403,4977384.78610332,-1.57891871365582,20.318
205,1,0,accepted,0.184944509430783,0.169229568270921,484218.995292903,4977383.55299216,-1.57800583667912,25.021
206,1,0,accepted,0.219660335030203,0.274061720684071,484218.989063194,4977382.29965925,-1.57499212988391,25.444
207,1,0,accepted,0.233993437203201,0.288390128721376,484219.006106624,4977381.05036504,-1.57328625047527,17.393
208,1,0,accepted,0.253705725965889,0.320730750804935,484219.014431058,4977379.81377585,-1.5705867988627,21.667
209,1,0,accepted,0.271381051768389,0.324001549934811,484219.025624516,4977378.56302656,-1.56774522644397,18.572
210,1,0,accepted,0.269140771537275,0.350750801459748,484219.05533109,4977377.3281359,-1.56419590188189,26.188
211,1,0,accepted,0.27467943089975,0.262735886480025,484219.075805644,4977376.11312785,-1.5620811003794,20.4
212,1,0,accepted,0.0957488681137431,0.416806466617756,484219.294979694,4977374.91646342,-1.55552381008274,28.206
213,1,0,accepted,0.110070372370104,0.42377242258664,484219.324150031,4977373.65201559,-1.55133450759339,20.525
214,1,0,accepted,0.109490686734387,0.505368799672028,484219.373883561,4977372.38835451,-1.54594109090551,19.343
215,1,0,accepted,0.104120467273866,0.530180386072309,484219.427504873,4977371.07778414,-1.5409036827975,14.242
216,1,0,accepted,0.118771193112894,0.500146769683355,484219.476274009,4977369.77768718,-1.53639311059608,16.73
217,1,0,accepted,0.118695743005256,0.438058317381169,484219.53202364,4977368.53586679,-1.53256231863901,18.405
218,1,0,accepted,0.0883260453367288,0.153828928428224,484219.635428072,4977367.23009787,-1.53217168151026,16.979
219,1,0,accepted,0.0962679396680219,0.128608411592665,484219.695765649,4977365.95868072,-1.5273736052678,18.248
220,1,0,accepted,0.122211210453313,0.164707512629159,484219.760863227,4977364.74227868,-1.52125953754889,25.963
221,1,0,accepted,0.140617475227808,0.130988661576625,484219.834585468,4977363.46964745,-1.51632652965812,19.932
222,1,0,accepted,0.165269952885131,0.069059163861798,484219.905914081,4977362.18055246,-1.51179179137724,18.652
223,1,0,accepted,0.189579696164572,0.0912915206094085,484219.991594191,4977360.89962066,-1.50522255250477,13.497
224,1,0,accepted,0.136597531473323,-0.208060022741603,484220.165837012,4977359.59858512,-1.50411947046845,25.351
225,1,0,accepted,0.14046208122983,-0.221673000792173,484220.288872132,4977358.30204011,-1.497806635723,16.52
226,1,0,accepted,0.165686593745119,-0.138484756226952,484220.393267897,4977357.00772335,-1.48988697571024,23.701
227,1,0,accepted,0.192475489879838,-0.093251400918535,484220.504235556,4977355.69294912,-1.48238693340718,19.912
228,1,0,accepted,0.209125703966513,-0.0874515459336788,484220.619379104,4977354.40393776,-1.47540895108017,15.33
229,1,0,accepted,0.205124204267193,0.316455266961545,484220.775287845,4977353.10021843,-1.4615621898297,17.329
230,1,0,accepted,0.130027195227001,0.30862445768113,484221.075459685,4977351.82623089,-1.45528189568494,17.249
231,1,0,accepted,0.117823727449207,0.279775515314178,484221.2526796,4977350.50580167,-1.44893849337275,17.47
232,1,0,accepted,0.101134650205909,0.266347215932289,484221.432800866,4977349.18001945,-1.44289988114324,17.503
233,1,0,coarseRetainedByTrustRadius,0.169750713980234,0.22666578622554,484221.530980008,4977347.88816312,-1.43704722685353,15.471
234,1,0,coarseRetainedByTrustRadius,0.179985295274129,0.196881689098362,484221.709997167,4977346.5651548,-1.43099492661918,12.971
235,1,0,coarseRetainedByTrustRadius,0.206912825370181,0.425060090557244,484221.899786712,4977345.27627136,-1.4205409885715,17.044
236,1,0,coarseRetainedByTrustRadius,0.213353654398678,0.32597481967286,484222.113606385,4977343.95973336,-1.41571449828364,15.763
237,1,0,coarseRetainedByTrustRadius,0.21816516232624,0.324233084545556,484222.330747998,4977342.63501749,-1.40908132026402,15.676
238,1,0,accepted,0.0632340603542458,0.021305537284951,484222.682258336,4977341.21068398,-1.40777360862553,14.34
239,1,0,accepted,0.0516024557314399,-0.0252215234414478,484222.935197411,4977339.87817324,-1.40166839880974,13.424
240,1,0,accepted,0.0684805216210948,-0.0155592551201999,484223.176918163,4977338.52810396,-1.39537344912849,15.194
241,1,0,accepted,0.0892590912668064,0.00510336952939956,484223.413752828,4977337.21644467,-1.38814030148251,12.39
242,1,0,accepted,0.112087865170229,0.0167210667923964,484223.661798046,4977335.88712796,-1.38184247686926,15.493
243,1,0,accepted,0.147091178031396,0.00845333960851159,484223.906103862,4977334.55917096,-1.37592360286546,15.152
244,1,0,accepted,0.164904419394434,0.125858128444475,484224.178287755,4977333.23204435,-1.36818026251791,16.761
245,1,0,accepted,0.187248926413851,0.308452757706587,484224.467164052,4977331.87290271,-1.3601401235155,14.832
246,1,0,accepted,0.265843194268163,1.21286391505809,484224.675627895,4977330.62164799,-1.34066050562963,18.725
247,1,0,accepted,0.219087410081203,1.30595360121161,484225.040707985,4977329.33715615,-1.33627843183267,17.411
248,1,0,accepted,0.180315285193894,1.05853886194634,484225.393983676,4977327.9581828,-1.33866790072331,17.042
249,1,0,accepted,0.166631632828264,0.874149597933329,484225.737958955,4977326.5932702,-1.33968926662262,16.877
250,1,0,accepted,0.174302643902707,0.857647049313603,484226.068759105,4977325.22949303,-1.33783751373327,15.778
251,1,0,accepted,0.105420313001741,0.552861058538204,484226.452305785,4977323.93145804,-1.34147176916678,13.129
252,1,0,accepted,0.101567132195922,0.287915684538464,484226.804760394,4977322.56850013,-1.34456219139369,14.109
253,1,0,accepted,0.107063612491972,0.35676205960442,484227.135596848,4977321.21617338,-1.34209294883462,13.381
254,1,0,accepted,0.128134230355161,0.479527908671021,484227.458441226,4977319.87403459,-1.33818844683214,13.08
255,1,0,accepted,0.139187598740408,0.498140015392784,484227.790208633,4977318.51389428,-1.33604170428498,15.389
256,1,0,accepted,0.0913321022635749,0.280541357785389,484228.176924865,4977317.19604149,-1.3386332300231,14.143
257,1,0,accepted,0.0392343785359404,0.165986393526375,484228.543204489,4977315.90016923,-1.33921585194713,13.276
258,1,0,accepted,0.050555440803558,0.201674242369504,484228.899750712,4977314.52191593,-1.33834956626783,13.128
259,1,0,accepted,0.0488562152556361,0.159138479906623,484229.228211422,4977313.18341067,-1.33757239532461,15.337
260,1,0,accepted,0.0133699950506434,-0.0291978739144361,484229.601570618,4977311.85309759,-1.34020543963551,17.822
261,1,0,accepted,0.0264107472644784,0.0217586775390513,484229.935765726,4977310.51098536,-1.33845071243543,15.458
262,1,0,accepted,0.040712664181295,0.0389136235102398,484230.276593017,4977309.14735413,-1.33712069334906,17.269
263,1,0,accepted,0.0692820719998656,0.0411369343617503,484230.60466839,4977307.77595878,-1.33682177078716,19.4
264,1,0,accepted,0.0946414795617464,0.0802919863874977,484230.940722834,4977306.39527697,-1.33479531150003,14.537
265,1,0,accepted,0.119303635475604,0.171472033598167,484231.289787712,4977304.98506151,-1.33293276258355,13.953
266,1,0,accepted,0.131163494515863,0.35748812295618,484231.641804773,4977303.61211724,-1.32928234794548,13.686
267,1,0,accepted,0.144749438344574,0.469280456388541,484231.996516398,4977302.23214567,-1.32674717045436,19.45
268,1,0,accepted,0.160198031525261,0.493516883554228,484232.355449819,4977300.83698392,-1.32538799695505,20.237
269,1,0,accepted,0.17721408580738,0.504856234027373,484232.716960145,4977299.43674279,-1.3243676565669,20.549
270,1,0,accepted,0.0347950291946879,0.286308161203668,484233.203009479,4977298.18277388,-1.32785183804851,20.667
271,1,0,accepted,0.0273942182090765,0.30885867016088,484233.573843155,4977296.765248,-1.32718178466188,20.451
272,1,0,accepted,0.0513751785447339,0.287663741281222,484233.926929104,4977295.35984253,-1.32744416372749,14.133
273,1,0,accepted,0.0695822795269325,0.343199542729782,484234.287097304,4977293.95568127,-1.32691003292205,18.452
274,1,0,accepted,0.0712799081595967,0.300477557377002,484234.658408721,4977292.57402685,-1.32795729480605,17.814
275,1,0,accepted,0.0915697816863111,0.283161398492549,484235.021710027,4977291.15823935,-1.32930518723465,19.258
276,1,0,accepted,0.110628128331631,0.244934820690881,484235.390263691,4977289.73733594,-1.3308766565042,18.105
277,1,0,accepted,0.129316835148593,0.238396330277758,484235.751371981,4977288.31929505,-1.33210383152974,19.962
278,1,0,accepted,0.158452448146843,0.224734405784634,484236.10105948,4977286.89869102,-1.33314052025641,16.507
279,1,0,accepted,0.187293993680985,0.247879858536674,484236.456572462,4977285.46123231,-1.33482407838932,20.689
280,1,0,accepted,0.230099733423298,0.383700294212059,484236.777336662,4977284.04991865,-1.33355792865261,15.537
281,1,0,accepted,0.185694401744868,0.462475670990947,484237.158400949,4977282.70060708,-1.33411995452494,17.035
282,1,0,accepted,0.154183317192141,0.548568618703725,484237.542769317,4977281.33851806,-1.33499399062862,15.374
283,1,0,accepted,0.121030023658426,0.472936025255464,484237.944002128,4977279.97074296,-1.3382563092572,23.828
284,1,0,accepted,0.103463541997281,0.389419580370501,484238.352068043,4977278.58708582,-1.34313722375682,20.099
285,1,0,accepted,0.14529028213598,0.590330326390668,484238.718095978,4977277.22329297,-1.34311945964398,16.403
286,1,0,accepted,0.0921492536105577,0.439958639548795,484239.101440806,4977275.72682746,-1.34942299908148,13.099
287,1,0,accepted,0.032233049241628,0.223733011201126,484239.469644406,4977274.26611481,-1.35581083328306,16.958
288,1,0,accepted,0.0461187000313286,0.0469688599864199,484239.817416435,4977272.7717476,-1.36240706839518,17.88
289,1,0,accepted,0.0800847139920581,0.0486865198056387,484240.141806523,4977271.30017447,-1.36527699046036,20.977
290,1,0,accepted,0.111609113146185,0.000318977790201209,484240.459606753,4977269.83580157,-1.36966695117355,15.688
291,1,0,accepted,0.128980582222678,0.0950556200833659,484240.767175349,4977268.39660283,-1.37141304324403,19.456
292,1,0,accepted,0.146728267965096,0.130737537946735,484241.0773774,4977266.94223473,-1.37413661270026,15.037
293,1,0,accepted,0.151925518555921,0.432282055960614,484241.373747286,4977265.5563468,-1.37262294806302,14.595
294,1,0,accepted,0.0976216351938164,0.289583804171636,484241.744788223,4977264.14477195,-1.37892184667706,19.227
295,1,0,accepted,0.0749656948999702,-0.00619594027426798,484242.131298287,4977262.62675812,-1.38703505510777,15.485
296,1,0,accepted,0.0718620538841223,-0.139618090970436,484242.466700147,4977261.1737419,-1.39238388655498,16.559
297,1,0,accepted,0.070714715508799,-0.274424413420274,484242.77338012,4977259.72781578,-1.39790400334989,19.373
298,1,0,accepted,0.0774613010613494,-0.277505764993592,484243.059458725,4977258.27395774,-1.40126830078905,21.14
299,1,0,accepted,0.0736795097218586,-0.345590292554794,484243.333097131,4977256.83050451,-1.40590637033327,17.422
300,1,0,accepted,0.103900400039995,-0.249433369024818,484243.59336657,4977255.38486332,-1.40744576594437,18.483
301,1,0,accepted,0.144996814432648,-0.0277662279248401,484243.842180397,4977253.91963464,-1.40650411680342,17.984
302,1,0,accepted,0.117060643504892,0.0930634350102845,484244.144371759,4977252.49839536,-1.40770851610089,17.751
303,1,0,accepted,0.0276656611610629,0.0932613524246064,484244.507727334,4977251.14635365,-1.41064349979153,15.455
304,1,0,accepted,0.03095729099018,0.150465832769108,484244.774428273,4977249.69990788,-1.41283450750066,16.821
305,1,0,accepted,0.0332681728070828,0.118542611706976,484245.03993341,4977248.27082586,-1.41661573300861,15.297
306,1,0,accepted,0.0389491210134484,0.134295746484914,484245.289895349,4977246.82625115,-1.41908295906412,12.153
307,1,0,accepted,0.0592699000138574,0.152753307001284,484245.525085995,4977245.37880141,-1.42199481137301,15.741
308,1,0,accepted,0.0784554123887514,0.210588830645374,484245.757006915,4977243.93262398,-1.42416018015648,11.571
309,1,0,accepted,0.101278354087116,0.28166556996283,484245.982193402,4977242.48979429,-1.42605281855407,12.328
310,1,0,accepted,0.101464644850669,0.367367569318879,484246.220094259,4977241.07052049,-1.42779517518592,15.931
311,1,0,accepted,0.127900710511453,0.358531391085312,484246.434093374,4977239.60781436,-1.43071223027959,15.71
312,1,0,accepted,0.135012498917036,0.375845778015299,484246.656720955,4977238.16693103,-1.43282064712295,14.559
313,1,0,accepted,0.131287471162889,0.330248767309408,484246.880663477,4977236.76469504,-1.4354077122971,13.856
314,1,0,accepted,0.13817081210329,0.334798950400851,484247.095772283,4977235.34217887,-1.43818245778915,14.939
315,1,0,accepted,0.161241842563395,0.307054890523033,484247.297184115,4977233.91405074,-1.44104892630466,12.892
316,1,0,accepted,0.168129573884238,0.374421314846737,484247.500797648,4977232.5265964,-1.44309392426397,15.669
317,1,0,accepted,0.166860185779636,0.270314921994817,484247.717090359,4977231.12303232,-1.4473795582066,14.915
318,1,0,coarseRetainedByTrustRadius,0.108938110328527,-0.683568359798144,484248.144499685,4977229.83038754,-1.46616078646061,16.764
319,1,0,coarseRetainedByTrustRadius,0.0624013517408381,-0.696236298298635,484248.319790778,4977228.3751905,-1.46853070538022,15.941
320,1,0,coarseRetainedByTrustRadius,0.0202442357158872,-0.757252811734578,484248.503774263,4977226.91474164,-1.47140519047769,15.114
321,1,0,coarseRetainedByTrustRadius,0.0352653712306692,-0.677980459710069,484248.666153798,4977225.46318405,-1.47222972985452,13.702
322,1,0,coarseRetainedByTrustRadius,0.0552955691905469,-0.576963527360931,484248.86656985,4977224.01331691,-1.47271342337718,17.492
323,1,0,accepted,0.034815346804095,-0.685002347893247,484249.119377607,4977222.6523452,-1.47683045641007,16.385
324,1,0,accepted,0.035843665049972,-0.593165253568625,484249.278234035,4977221.17983922,-1.47748544194193,13.863
325,1,0,accepted,0.0813206043781773,-0.547556055649271,484249.431088451,4977219.70004504,-1.47885725836969,16.459
326,1,0,accepted,0.127870406275701,-0.52190554212316,484249.5811792,4977218.25039521,-1.48020709392197,12.103
327,1,0,accepted,0.17839894500854,-0.401258762193633,484249.729489218,4977216.81580617,-1.47978879017296,13.791
328,1,0,accepted,0.191037018232586,-0.268756660668572,484249.877933944,4977215.37356058,-1.4795453642704,12.405
329,1,0,accepted,0.156493873267534,-0.0623735903996256,484250.057108762,4977213.98156815,-1.47676590746809,14.718
330,1,0,accepted,0.174545022451099,-0.0421851177170346,484250.214232265,4977212.54443555,-1.47872241894167,19.139
331,1,0,accepted,0.171666166187339,0.150501919332778,484250.376288941,4977211.13747506,-1.47685010141737,17.716
332,1,0,accepted,0.159834859106385,0.194763004442807,484250.612190692,4977209.64712155,-1.47621140416856,17.18
333,1,0,accepted,0.188808880486434,0.328052346707024,484250.758498868,4977208.20249331,-1.47627974091715,15.185
334,1,0,accepted,0.219653575998878,0.396802474044146,484250.95495321,4977206.72614452,-1.47668762397288,18.07
335,1,0,accepted,0.184781753283125,0.0520925143844541,484251.167178189,4977205.32220363,-1.48357804553294,23.576
336,1,0,accepted,0.151086488980855,-0.161810628645243,484251.313019256,4977203.92429846,-1.48878818324466,20.516
337,1,0,accepted,0.156589283024496,0.0663321252611293,484251.376624255,4977202.53888187,-1.48659062161625,19.619
338,1,0,accepted,0.11077340208025,-0.600228796080304,484251.688372999,4977201.30677119,-1.49910500984771,17.952
339,1,0,accepted,0.0882585300719307,-0.421114182933116,484251.80257749,4977199.87083113,-1.49806760975729,17.699
340,1,0,accepted,0.072610422048354,-0.121379069967241,484251.915221341,4977198.40256887,-1.49463990945101,14.914
341,1,0,accepted,0.0650168169938838,-0.128664749857764,484252.086692314,4977196.9919823,-1.49643135639092,18.942
342,1,0,accepted,0.0563948554126387,0.0600286657918396,484252.210653753,4977195.5266143,-1.49454680916105,22.029
343,1,0,accepted,0.0556560567561321,0.127890686658265,484252.352489266,4977194.07498893,-1.49477943399996,17.521
344,1,0,accepted,0.0586704573083954,0.144805082344977,484252.504772505,4977192.60751666,-1.495526788744,19.274
345,1,0,accepted,0.079766400431247,0.214085308767734,484252.634081173,4977191.15437691,-1.49541036341424,27.699
346,1,0,accepted,0.0833710696067675,0.366211888460414,484252.768679271,4977189.73975943,-1.49386721507288,25.065
347,1,0,accepted,0.0623675726206556,0.419583149206402,484252.908329897,4977188.35744201,-1.4934881393519,22.385
348,1,0,accepted,0.07101031496467,0.451889585662541,484253.035154081,4977186.93572325,-1.49383401793019,17.646
349,1,0,coarseRetainedByTrustRadius,0.115035708966905,0.10510959158862,484253.285722492,4977185.63439726,-1.50039654816393,21.138
350,1,0,coarseRetainedByTrustRadius,0.122623694836437,0.102809422276018,484253.409908301,4977184.22574381,-1.50084543412347,26.23
351,1,0,accepted,0.0820502656842855,-0.321682718507686,484253.572046958,4977182.72929721,-1.50818253332043,15.357
352,1,0,accepted,0.0468457122119546,-0.305317756795354,484253.675527389,4977181.30731854,-1.5077786529283,19.84
353,1,0,accepted,0.00908568898606882,-0.244850595043629,484253.774728526,4977179.87672163,-1.50686827763015,17.225
354,1,0,accepted,0.0228554131650339,-0.263699655197386,484253.885626726,4977178.43421305,-1.50713557553728,15.26
355,1,0,accepted,0.0686524953756354,-0.220605430302128,484253.982799631,4977176.99071163,-1.50643884040574,17.355
356,1,0,accepted,0.106923579881518,-0.204855719580967,484254.087044481,4977175.5577682,-1.5062667154255,17.83
357,1,0,accepted,0.162961919396471,-0.188491733798672,484254.182850306,4977174.09408981,-1.50609832671646,23.026
358,1,0,accepted,0.189368910969278,-0.156399404487895,484254.290950959,4977172.64640299,-1.50564613330514,16.736
359,1,0,coarseRetainedByTrustRadius,0.0933805571967488,0.285925804470152,484254.446372315,4977171.34872056,-1.49769903919593,18.733
360,1,0,coarseRetainedByTrustRadius,0.108161193297663,0.2622348753932,484254.560878861,4977169.90542864,-1.49796612799877,17.327
361,1,0,coarseRetainedByTrustRadius,0.117944378181625,0.225300808796305,484254.673208252,4977168.4777341,-1.49831447846529,15.546
362,1,0,coarseRetainedByTrustRadius,0.147677871217206,0.189227199821348,484254.785833336,4977167.02308249,-1.49858319688497,14.438
363,1,0,coarseRetainedByTrustRadius,0.1769266325101,0.13084841587349,484254.892832977,4977165.57043482,-1.499332022102,12.172
364,1,0,coarseRetainedByTrustRadius,0.185415470441213,-0.0668188297266517,484255.016216025,4977164.15116985,-1.50261327490567,14.523
365,1,0,coarseRetainedByTrustRadius,0.243656089193142,0.151065011199347,484255.127435703,4977162.67628246,-1.49825068484555,15.148
366,1,0,coarseRetainedByTrustRadius,0.254665049400103,0.130067973514103,484255.241781164,4977161.24957802,-1.49803692056917,16.844
367,1,0,accepted,0.121447583885283,-0.0397103686738136,484255.399168739,4977159.96444102,-1.50031670654308,12.666
368,1,0,accepted,0.136254200106038,0.00404993977437427,484255.50396188,4977158.52763663,-1.49891560498635,14.842
369,1,0,accepted,0.146495593148744,0.0443827705429411,484255.620557025,4977157.09388975,-1.49751036006948,15.514
370,1,0,accepted,0.148210249095802,0.100074192949654,484255.746193101,4977155.6771336,-1.4957926487186,13.585
371,1,0,accepted,0.176708345065066,0.110855521681019,484255.856594549,4977154.23002671,-1.49486719950296,15.569
372,1,0,accepted,0.20249610417392,0.197411019834529,484255.966752099,4977152.82690989,-1.49269622344949,15.877
373,1,0,accepted,0.278825987621309,0.52606428666328,484256.030571371,4977151.40712652,-1.48499470192208,15.043
374,1,0,accepted,0.202821214534949,0.302404810173314,484256.249956047,4977150.01285578,-1.48762476136008,18.993
375,1,0,accepted,0.162298272093253,0.0914421094676024,484256.446360139,4977148.6126274,-1.48933343909982,18.732
376,1,0,accepted,0.128409852531173,-0.11364191325717,484256.647827203,4977147.18711267,-1.49088125075805,32.997
377,1,0,accepted,0.123046562568023,-0.456019618542118,484256.877628018,4977145.79634348,-1.49550959127566,12.224
378,1,0,accepted,0.0214007491398342,-0.894889719591389,484257.063153141,4977144.27498953,-1.50131676738406,21.277
379,1,0,accepted,0.0222918155228762,-0.768166829138218,484257.1811568,4977142.83618353,-1.49769182060234,22.162
380,1,0,accepted,0.0409794527428367,-0.643534294766495,484257.324234304,4977141.39836294,-1.49382453757663,15.531
381,1,0,accepted,0.0702689360278351,-0.524201146850346,484257.465897637,4977139.93934181,-1.49030646584253,13.725
382,1,0,accepted,0.0869532183219961,-0.413461823907406,484257.609130476,4977138.52434963,-1.48687755262785,17.116
383,1,0,accepted,0.0688575554917262,-0.118304344540142,484257.777907448,4977137.12872822,-1.48027301607042,17.168
384,1,0,accepted,0.0261652227330685,0.106690645973159,484257.983140929,4977135.72584391,-1.47541313808475,17.378
385,1,0,accepted,0.0183155257033699,0.0593536566972116,484258.15662244,4977134.32953535,-1.47493909132124,20.826
386,1,0,accepted,0.00879152725534151,-0.0342483042544194,484258.336331509,4977132.91332491,-1.47470208008498,13.645
387,1,0,accepted,0.0247215997890766,-0.119951184740727,484258.516193154,4977131.52923186,-1.47510736239317,15.427
388,1,0,accepted,0.0185837444521712,-0.137774545522028,484258.665455649,4977130.11145169,-1.4740391565989,15.284
389,1,0,accepted,0.0310350670940678,-0.11944600918159,484258.819146367,4977128.68531965,-1.47212676684227,13.414
390,1,0,accepted,0.0560548808535251,-0.00665862665273349,484258.963625583,4977127.28355662,-1.46865680661003,13.813
391,1,0,accepted,0.0811823091813732,0.0169659576200751,484259.113128982,4977125.86167464,-1.46673210133138,13.739
392,1,0,accepted,0.0890618249814876,0.0616065394210669,484259.277477119,4977124.47804443,-1.46499696249762,12.616
393,1,0,accepted,0.109940178167662,0.039879265356224,484259.435863665,4977123.06679127,-1.46385037837872,22.045
394,1,0,accepted,0.137848635721562,0.0730163003228964,484259.592783683,4977121.6432192,-1.46193184521671,17.83
395,1,0,accepted,0.170862590448011,0.102063248426914,484259.757391438,4977120.21048925,-1.46029475490323,16.675
396,1,0,accepted,0.0728391411169157,0.0918558692489287,484260.025430668,4977118.97200891,-1.45948473924302,14.403
397,1,0,accepted,0.0626284331120715,0.0966554239554573,484260.204325423,4977117.54300921,-1.45828457729554,26.725
398,1,0,accepted,0.0594430183631217,0.108498574704929,484260.38265464,4977116.15321547,-1.45663845526246,15.03
399,1,0,accepted,0.069962059564718,0.148158154874856,484260.557907626,4977114.75263653,-1.45495084196577,15.145
400,1,0,accepted,0.0749960486875566,0.167544782966101,484260.739199912,4977113.35679957,-1.45340050031771,12.354
401,1,0,accepted,0.086831129032355,0.2648883669396,484260.917728208,4977111.96482595,-1.45005711951285,14.709
402,1,0,accepted,0.0957925339695401,0.271902775322018,484261.102101636,4977110.58138125,-1.44831240127456,15.847
403,1,0,accepted,0.10302252064387,0.242294882236606,484261.287943264,4977109.18959097,-1.44737515423377,18.029
404,1,0,accepted,0.118210282667332,0.268096282523494,484261.470600451,4977107.78461177,-1.4449319960852,14.452
405,1,0,accepted,0.13359891627284,0.285682066545112,484261.650949843,4977106.41636128,-1.44249823771226,18.41
406,1,0,accepted,0.148368399372876,0.304551354731309,484261.837295464,4977105.03052628,-1.43991063476333,18.195
407,1,0,coarseRetainedByTrustRadius,0.114619828354519,0.253142322595497,484262.081071594,4977103.80091239,-1.43854906509821,16.225
408,1,0,coarseRetainedByTrustRadius,0.0840547459362097,0.0946383190872404,484262.292034939,4977102.40288793,-1.43905164247007,16.38
409,1,0,coarseRetainedByTrustRadius,0.0941685774925749,0.232888625340515,484262.477929473,4977101.00148299,-1.43451879567496,19.382
410,1,0,coarseRetainedByTrustRadius,0.101118361143577,0.317413225899601,484262.681266416,4977099.61431054,-1.43076377970471,19.391
411,1,0,coarseRetainedByTrustRadius,0.105530713357397,0.407374609437429,484262.880849894,4977098.27839509,-1.42693993737934,16.824
412,1,0,accepted,0.25417031600806,0.949415295767662,484262.997964611,4977096.80899003,-1.41592208971804,19.707
413,1,0,accepted,0.252975750740841,1.06874605594598,484263.220027435,4977095.4523913,-1.41201963365241,21.128
414,1,0,accepted,0.0246009689101406,0.0791465713385737,484263.612007964,4977094.26654643,-1.42699427893565,24.439
415,1,0,accepted,0.03692242853891,0.193959522916592,484263.821790371,4977092.91690512,-1.42329048587962,49.435
416,1,0,accepted,0.0523133352265032,0.224326010716274,484264.033674971,4977091.57322308,-1.42057166968503,15.58
417,1,0,accepted,0.0609012081081731,0.242361743210042,484264.247594612,4977090.22941902,-1.41809784228435,18.62
418,1,0,accepted,0.0680941105620001,0.27099658777563,484264.458893157,4977088.91793637,-1.41594068029926,23.47
419,1,0,accepted,0.0765402163352483,0.270061781710466,484264.67755978,4977087.59069239,-1.41354966988,29.754
420,1,0,accepted,0.101004239561238,0.272447091645586,484264.893588414,4977086.24779956,-1.41154606707721,23.213
421,1,0,accepted,0.105330891449195,0.396788009696567,484265.131296893,4977084.91846295,-1.40753611347375,18.06
422,1,0,accepted,0.132711177261415,0.429400862430803,484265.361575628,4977083.56227039,-1.40534550455414,18.751
423,1,0,accepted,0.156744054536992,0.443723907169205,484265.589986097,4977082.21644557,-1.40350957448799,26.161
424,1,0,accepted,0.180709363962534,0.416630470678845,484265.815205971,4977080.89557277,-1.40224674461698,17.961
425,1,0,accepted,0.172934488358077,-0.0622082537667248,484266.1988639,4977079.57634079,-1.40905113022917,19.938
426,1,0,accepted,0.180916555704677,-0.104177694908409,484266.450085489,4977078.25842319,-1.40757066095498,26.408
427,1,0,accepted,0.181689006139336,0.0455582715384209,484266.693518746,4977076.93924892,-1.4038694339548,17.986
428,1,0,accepted,0.184180625122324,0.208218238326954,484266.930156428,4977075.6167293,-1.39942773632421,17.562
429,1,0,accepted,0.177839014753968,0.267699643442936,484267.158092429,4977074.30871201,-1.39712657702688,25.025
430,1,0,accepted,0.0506090360294598,-0.0338806372558309,484267.431591496,4977073.1273317,-1.40060734139657,24.289
431,1,0,accepted,0.0600018791771527,-0.0990905509414538,484267.665660809,4977071.90503924,-1.39986290617806,23.823
432,1,0,accepted,0.0555896477721096,-0.0971531826284508,484267.912432083,4977070.59611261,-1.39806818177416,20.754
433,1,0,accepted,0.0319938469661073,-0.0456320349048091,484268.151999005,4977069.26491156,-1.39582872034257,14.776
434,1,0,accepted,0.012648869808867,0.0422109961054613,484268.388218525,4977067.93335958,-1.39247182061831,25.779
435,1,0,accepted,0.0483196486661531,0.0962454312534509,484268.635164775,4977066.57296269,-1.39008104975537,14.167
436,1,0,accepted,0.071668708212416,0.0896097102314482,484268.887909615,4977065.23842539,-1.38824205442654,19.706
437,1,0,accepted,0.0901749372933151,0.109981206708709,484269.153550829,4977063.9163446,-1.38615646175466,13.798
438,1,0,accepted,0.0944989350799814,0.0926341824750401,484269.413559147,4977062.60370902,-1.3841871401914,17.033
439,1,0,accepted,0.100177830951441,0.156304713767162,484269.665913333,4977061.29155273,-1.38115091547648,21.39
440,1,0,accepted,0.100186663988678,0.128208289895568,484269.903556387,4977060.03364246,-1.37941139707429,23.381
441,1,0,accepted,0.108156228129767,0.159598125040636,484270.185167416,4977058.69763194,-1.3765370035559,24.8
442,1,0,accepted,0.112344041283575,0.108219024270201,484270.454834182,4977057.39595432,-1.37541077905922,14.554
443,1,0,accepted,0.140217523711771,0.144907418905875,484270.707903704,4977056.0741261,-1.37234107495898,15.81
444,1,0,accepted,0.116711893176659,0.187260998041984,484271.008482748,4977054.80017118,-1.36964926768362,19.732
445,1,0,accepted,0.121854566255897,0.216395681361076,484271.289137588,4977053.49535973,-1.36677683367088,21.179
446,1,0,accepted,0.125426087192956,0.246160442221757,484271.574504979,4977052.19046053,-1.36330624341234,21.31
447,1,0,accepted,0.140916667204089,0.274907274457846,484271.853476402,4977050.88112066,-1.360185724673,21.481
448,1,0,accepted,0.128353815935563,0.279603131014048,484272.151974693,4977049.60306874,-1.35718121753419,16.024
449,1,0,accepted,0.13102837427777,0.334423862405074,484272.450636047,4977048.2983623,-1.35308884423203,19.102
450,1,0,accepted,0.027978578185877,-0.471017874701413,484272.893743844,4977047.07749776,-1.36386703682297,25.195
451,1,0,accepted,0.0287967252020352,-0.453682363702333,484273.179735197,4977045.80447033,-1.36032083264474,27.803
452,1,0,accepted,0.0358741745391812,-0.517617317883512,484273.456208816,4977044.51773839,-1.35840744834226,17.79
453,1,0,accepted,0.0669225599094974,-0.603063659694203,484273.812153549,4977043.28121352,-1.35634315872224,20.333
454,1,0,accepted,0.0386485055965034,-0.20175149205433,484274.081312984,4977041.97272439,-1.34602752029537,19.068
455,1,0,accepted,0.0321134964566977,-0.0401902963442113,484274.392227829,4977040.6787899,-1.33924252659863,21.886
456,1,0,accepted,0.0489490936623961,0.0961348925135272,484274.69951391,4977039.39309344,-1.33271992653558,18.583
457,1,0,accepted,0.0394764022227215,0.27646267418925,484275.034015073,4977038.13926316,-1.32570299793528,16.898
458,1,0,accepted,0.03373040521365,0.387653539989735,484275.374842675,4977036.88140261,-1.31954945496096,17.255
459,1,0,accepted,0.0467358687137634,0.464602633595843,484275.695575917,4977035.63208796,-1.31440164378213,18.651
460,1,0,accepted,0.0432731150768977,0.469601247123357,484276.032812376,4977034.40191932,-1.31010614129417,17.881
461,1,0,accepted,0.053359018367525,0.427353292678805,484276.375336671,4977033.14958044,-1.30662496024648,16.635
462,1,0,accepted,0.0540645045597759,0.376836670142347,484276.712783693,4977031.93088239,-1.30327172626804,16.847
463,1,0,accepted,0.0585103847005258,0.300921146562476,484277.05643886,4977030.70309652,-1.30009575547202,21.114
464,1,0,accepted,0.137712480131036,0.301471530966528,484277.378795167,4977029.62675076,-1.29556104156577,20.434
465,1,0,accepted,0.134163892800784,0.38499901708436,484277.723205859,4977028.3949614,-1.29013440823122,17.233
466,1,0,accepted,0.133525150895184,0.452072588537062,484278.073786846,4977027.16821015,-1.2849698278767,23.799
467,1,0,accepted,0.121649508592219,0.48609646706054,484278.43361184,4977025.92981931,-1.27992670677543,31.605
468,1,0,accepted,0.129788800330482,0.52378440289901,484278.792883226,4977024.71588924,-1.27520328303427,29.49
469,1,0,accepted,0.113406210942253,0.417755189287051,484279.18194348,4977023.48821809,-1.27265714779206,19.714
470,1,0,accepted,0.114846093335489,0.422972974596044,484279.553323996,4977022.30060445,-1.26833568345524,22.127
471,1,0,accepted,0.116911031140667,0.417396872088522,484279.933085842,4977021.10699913,-1.26411862610955,15.455
472,1,0,accepted,0.124935224018896,0.428329293829343,484280.314702749,4977019.90818524,-1.25964956897569,18.504
473,1,0,accepted,0.136394976531531,0.487810596034178,484280.702437778,4977018.7056925,-1.25428507869415,15.859
474,1,0,coarseRetainedByTrustRadius,0.126818893276527,0.552567846669599,484281.119188585,4977017.65838089,-1.24923726352347,20.68
475,1,0,coarseRetainedByTrustRadius,0.0902776052878176,0.44719489794997,484281.542632811,4977016.45155847,-1.24704164583585,20.079
476,1,0,coarseRetainedByTrustRadius,0.0659258445278854,0.347383756251363,484281.961876884,4977015.24310193,-1.24455437298343,22.4
477,1,0,accepted,0.197868762551119,0.875292599432455,484282.316800679,4977013.92553923,-1.23148854799752,30.214
478,1,0,accepted,0.0518453792485301,-0.369272338902578,484282.853940954,4977012.97640764,-1.24946534944004,18.924
479,1,0,accepted,0.226532267164233,0.938393490736216,484283.200905629,4977011.55134151,-1.22262955676956,20.311
480,1,0,accepted,0.240430398313136,0.837877969768057,484283.629369313,4977010.38186319,-1.22033438274208,20.705
481,1,0,accepted,0.0179109530947056,0.145493354473729,484284.110258516,4977009.43820214,-1.22860965412453,26.582
482,1,0,accepted,0.0304473971262879,0.110490967900863,484284.519865544,4977008.28492046,-1.22544211274751,23.653
483,1,0,accepted,0.045032282308549,0.134218808938452,484284.94380063,4977007.14016182,-1.22120245836637,20.741
484,1,0,accepted,0.058498740953691,0.0844781499791495,484285.371419095,4977005.9857054,-1.21807000515208,21.241
485,1,0,accepted,0.0728619653372357,0.0698847370439003,484285.799359416,4977004.84069422,-1.21439251786604,19.486
486,1,0,accepted,0.0880693075004217,0.0289898750409294,484286.235154209,4977003.69067005,-1.21080705071814,16.628
487,1,0,accepted,0.0472839071480466,0.252793616715403,484286.708894259,4977002.58930436,-1.20367146269439,23.776
488,1,0,accepted,0.0465763210184862,0.306268890376011,484287.159802735,4977001.46275337,-1.19860016815027,22.689
489,1,0,accepted,0.0512262573882882,0.306704719983462,484287.621432407,4977000.31497553,-1.19408399633017,26.904
490,1,0,accepted,0.0491772654187192,0.375458187478871,484288.074522716,4976999.23476755,-1.1904455674431,22.481
491,1,0,accepted,0.0653946983894858,0.364238373295118,484288.525649148,4976998.11388941,-1.18695355060013,26.528
492,1,0,accepted,0.108083009728567,-0.198564189885345,484289.113114576,4976997.07508188,-1.19293694983106,25.404
493,1,0,accepted,0.135652363742079,-0.397908007557836,484289.611020948,4976995.96955326,-1.19265685521699,23.919
494,1,0,accepted,0.131139332181454,-0.451060985015282,484290.081045869,4976994.84709728,-1.19010275145658,25.01
495,1,0,accepted,0.104907790448613,-0.498792306885323,484290.535387111,4976993.71716005,-1.18697615998039,18.925
496,1,0,accepted,0.0826773184921616,-0.285126410670113,484290.993555724,4976992.59423566,-1.18011238011617,19.075
497,1,0,accepted,0.0629215842199105,-0.332031548365293,484291.488668486,4976991.45855613,-1.1776158523949,16.939
498,1,0,accepted,0.0396169070573043,-0.28052473076369,484291.968167534,4976990.33080171,-1.17343512174599,17.115
499,1,0,accepted,0.0230651339104098,-0.0548705307824194,484292.44240296,4976989.19938759,-1.16575731490288,21.434
500,1,0,accepted,0.0142553443081796,-0.182026443834495,484292.946689221,4976988.08517994,-1.16440187390925,20.999
501,1,0,accepted,0.0171059376195615,-0.0514705455975359,484293.442839492,4976986.95650373,-1.15864639399022,19.539
502,1,0,accepted,0.0427812229204625,0.0103937059638442,484293.960229604,4976985.80487204,-1.15430506502535,14.334
503,1,0,accepted,0.0759185564416303,0.147687808418267,484294.466227934,4976984.68462884,-1.14899314798389,18.321
504,1,0,accepted,0.113586898155846,0.0531511450991955,484295.025943539,4976983.55779726,-1.14571223245101,14.732
505,1,0,accepted,0.134907012906143,0.111770480781584,484295.548333275,4976982.43501394,-1.14175080699641,14.279
506,1,0,accepted,0.147424679038694,0.277307122550635,484296.085586413,4976981.32723045,-1.13562826230542,20.966
507,1,0,accepted,0.114903183031137,0.382332975987527,484296.576874223,4976980.24953662,-1.13137006579812,17.985
508,1,0,accepted,0.099829106431145,0.434473825839459,484297.087818302,4976979.16911333,-1.1281370147667,25.051
509,1,0,accepted,0.0600839623990795,0.410177351701513,484297.569364197,4976978.13385454,-1.12635749990608,33.36
510,1,0,accepted,0.0862484460210319,0.414448822609292,484298.062901777,4976977.07898758,-1.12440062243929,27.976
511,1,0,accepted,0.109980437934844,0.429975590932698,484298.580648673,4976975.96664899,-1.12202037694543,26.02
512,1,0,accepted,0.132590747849601,0.488609202606706,484299.095878133,4976974.87924812,-1.11941930188532,25.901
513,1,0,accepted,0.136050789984785,0.464004882157097,484299.633257941,4976973.79341613,-1.11844615339055,21.859
514,1,0,accepted,0.132368400315597,0.489328529929705,484300.181463776,4976972.68830147,-1.11694313845913,18.934
515,1,0,accepted,0.122598399669089,0.444269826584161,484300.749275065,4976971.55637901,-1.11692852104416,22.569
516,1,0,accepted,0.095235804651428,0.410450031154892,484301.315162856,4976970.48188956,-1.1173183269385,24.413
517,1,0,accepted,0.0594048262055816,0.00219121796462032,484301.956201948,4976969.33422407,-1.12451514621331,27.423
518,1,0,accepted,0.0610515013807488,0.0654215148121826,484302.494913222,4976968.23295532,-1.123233704554,28.061
519,1,0,accepted,0.0739731113282726,0.0723290163343429,484303.037575915,4976967.11619285,-1.12302168016011,21.496
520,1,0,accepted,0.0617822294845339,0.0752348190735066,484303.585618443,4976966.026451,-1.12307199125743,20.318
521,1,0,accepted,0.0721031659196368,0.0603262577538692,484304.131745569,4976964.91888385,-1.12385260396121,29.22
522,1,0,accepted,0.0683605112918381,-0.315114596041531,484304.760748039,4976963.92430444,-1.13171813596246,28.899
523,1,0,accepted,0.0469703092973074,-0.316138320031231,484305.291634843,4976962.81283239,-1.13256838405605,21.982
524,1,0,accepted,0.0332266631446184,-0.279994033625877,484305.82167434,4976961.70126789,-1.1333215675387,26.758
525,1,0,accepted,0.0610106195982816,-0.290053077065693,484306.344537678,4976960.6289339,-1.13513904525916,18.788
526,1,0,accepted,0.0500223908689766,-0.374070329146878,484306.875630491,4976959.51095003,-1.13710780273351,26.604
527,1,0,accepted,0.0417435433204471,-0.367637198296602,484307.405304006,4976958.38352206,-1.13910526489281,38.294
528,1,0,accepted,0.0461082957683223,-0.405867512599839,484307.941602141,4976957.25234268,-1.14134532856823,20.699
529,1,0,accepted,0.0560228930357433,-0.395557295664124,484308.468982363,4976956.12919753,-1.1434085551083,27.827
530,1,0,accepted,0.0718644461677244,-0.348773455031105,484309.005043264,4976954.99400885,-1.14545203132723,20.575
531,1,0,accepted,0.0929306283524849,-0.210581476470011,484309.529301229,4976953.86418322,-1.1460617991436,22.545
532,1,0,accepted,0.112109828426309,-0.131246929975877,484310.064880404,4976952.72947902,-1.14791057147706,15.372
533,1,0,accepted,0.127386671661959,0.0289393265456548,484310.606963442,4976951.58857775,-1.1489578416147,23.737
534,1,0,accepted,0.130050177621544,0.16091423811882,484311.134994219,4976950.4737606,-1.15071551958766,16.683
535,1,0,accepted,0.124879916353643,0.129296305414183,484311.659352771,4976949.36071364,-1.15490706637439,16.591
536,1,0,accepted,0.130013673219674,0.100438056239517,484312.165959238,4976948.241478,-1.15891409188053,17.939
537,1,0,accepted,0.118126725756518,0.120977175019691,484312.671900792,4976947.13674006,-1.16245841792619,16.742
538,1,0,accepted,0.124613514761501,0.088236414671767,484313.170852014,4976946.01116914,-1.16620161692271,17.755
539,1,0,accepted,0.129269579424999,0.149646218533358,484313.666913708,4976944.87789622,-1.16888487262279,15.592
540,1,0,accepted,0.124152709787142,0.274767774818593,484314.151425262,4976943.76851145,-1.17088715179431,17.526
541,1,0,accepted,0.1176703561524,0.329524684078579,484314.649547175,4976942.64443246,-1.17362893953746,16.072
542,1,0,accepted,0.122248263283916,0.369423110884223,484315.124285349,4976941.53334773,-1.17682202798411,17.267
543,1,0,accepted,0.124949300518097,0.330357517291588,484315.597614563,4976940.40071406,-1.18099599902409,17.584
544,1,0,accepted,0.119463496681596,0.321999634841637,484316.074486874,4976939.29297035,-1.18461117920152,14.961
545,1,0,accepted,0.12843904455408,0.341080710103373,484316.541950374,4976938.16284808,-1.1877315391932,18.518
546,1,0,accepted,0.0616054670555587,-0.108730456353807,484317.077558007,4976937.07199417,-1.19930984376141,15.85
547,1,0,accepted,0.016594324467104,-0.525964766468578,484317.616516973,4976935.93133124,-1.21018343891073,21.649
548,1,0,accepted,0.0481199859199502,-0.78462421384129,484318.118569968,4976934.79043687,-1.21829883542962,17.914
549,1,0,accepted,0.00823881503253587,-0.639346623966492,484318.543630432,4976933.63518603,-1.21950344663706,19.891
550,1,0,accepted,0.0267037759833526,-0.513673507762235,484318.961953542,4976932.50191719,-1.22089001650492,21.329
551,1,0,accepted,0.0534723471073363,-0.458284905397057,484319.391906817,4976931.34698289,-1.22407884299773,15.541
552,1,0,accepted,0.105316398059831,-0.0874718589915314,484319.791979867,4976930.18656878,-1.22131183478261,23.034
553,1,0,accepted,0.125721397093782,0.0690314552574536,484320.22397199,4976929.01761797,-1.2222843830821,21.751
554,1,0,accepted,0.0611544906113748,-0.125029263514456,484320.724729408,4976927.88913374,-1.22945977860447,20.948
555,1,0,accepted,0.0421436019035772,-0.185401043633619,484321.177411775,4976926.74423603,-1.23407621233081,18.762
556,1,0,accepted,0.0382812336844248,-0.0769178861643951,484321.605487243,4976925.6082943,-1.23556557244603,16.499
557,1,0,accepted,0.0523760156905899,-0.00978516239852575,484322.03921688,4976924.42091461,-1.23820485236417,25.002
558,1,0,accepted,0.101402702357128,0.108022410653332,484322.451736925,4976923.2180387,-1.23987488429688,21.135
559,1,0,accepted,0.11082839867097,0.512667389064931,484322.860431421,4976922.04373352,-1.23625222560435,16.582
560,1,0,accepted,0.122957802647577,0.615069320242321,484323.264620571,4976920.87503896,-1.23836283738651,18.197
561,1,0,accepted,0.12106114194096,0.637326528420291,484323.670858187,4976919.72233908,-1.24143046574914,20.567
562,1,0,accepted,0.107917978811622,0.613563574287599,484324.081151456,4976918.56737997,-1.24521601689643,20.602
563,1,0,accepted,0.0163556449248805,0.225986563186394,484324.557867825,4976917.50937455,-1.25583952348987,19.509
564,1,0,accepted,0.0101388475082948,0.15472320465549,484324.95095777,4976916.31602319,-1.26030884556366,16.863
565,1,0,accepted,0.0362605773972604,0.0924473394668996,484325.350542626,4976915.13051469,-1.26474784833744,15.563
566,1,0,accepted,0.0373069210190438,0.0385053103307044,484325.74218357,4976913.96294269,-1.26877622763805,15.893
567,1,0,accepted,0.0391085995442435,0.0727371783492641,484326.113354679,4976912.78606388,-1.27158879587374,14.259
568,1,0,accepted,0.0699355253910562,-0.23688839711614,484326.572066184,4976911.65949891,-1.28020458220384,16.642
569,1,0,accepted,0.10799952193914,-0.571098332869874,484326.990032889,4976910.50537448,-1.2892822342858,18.413
570,1,0,accepted,0.110633438379699,-0.665187174195124,484327.366317639,4976909.34975327,-1.29391223661041,21.181
571,1,0,accepted,0.117591338279287,-0.619719440543154,484327.740009928,4976908.19675424,-1.29614226532443,19.614
572,1,0,accepted,0.12464128214248,-0.739905244278315,484328.115475546,4976907.0205991,-1.30124364565311,15.551
573,1,0,accepted,0.141389601318549,-0.797597949391276,484328.497420097,4976905.85154476,-1.30513465684948,15.938
574,1,0,accepted,0.128551986268686,-0.733121333192802,484328.845049259,4976904.67205099,-1.30674940481336,14.419
575,1,0,accepted,0.119096042535629,-0.658898872038952,484329.187906813,4976903.50540625,-1.30818092257337,19.504
576,1,0,accepted,0.117533125081244,-0.604403628574135,484329.518304061,4976902.3563327,-1.30979546902449,16.62
577,1,0,accepted,0.0867742822834573,-0.607829491574385,484329.84207426,4976901.16192066,-1.31241463664849,16.131
578,1,0,accepted,0.0672282350211646,-0.496320938343321,484330.155696975,4976899.97894936,-1.31247693271461,17.218
579,1,0,accepted,0.0539525084866541,-0.427552916509897,484330.469770549,4976898.78504365,-1.3135909569252,18.746
580,1,0,accepted,0.0674031993497943,-0.347019799365918,484330.842283587,4976897.62470774,-1.31382543416033,22.501
581,1,0,accepted,0.0646192756408409,-0.346090938250299,484331.186068206,4976896.44000249,-1.31531877159291,16.587
582,1,0,accepted,0.0796798068193631,-0.400390609198689,484331.544610037,4976895.26190654,-1.31773811235546,14.206
583,1,0,accepted,0.0781190867322068,-0.39846435295667,484331.872891083,4976894.10488655,-1.31977264875352,15.824
584,1,0,accepted,0.0896433672730117,-0.314643961599482,484332.201530401,4976892.93782643,-1.31982859625283,18.069
585,1,0,accepted,0.0795207843900627,-0.249910073359148,484332.517471082,4976891.75306892,-1.32037067733282,19.99
586,1,0,accepted,0.0257929517307438,-0.174024611668015,484332.823184657,4976890.51105591,-1.32055091820583,20.176
587,1,0,accepted,0.0363365410276707,-0.20754010849786,484333.135956306,4976889.30360497,-1.32252933552846,18.456
588,1,0,accepted,0.0592983387520113,-0.150248896165063,484333.447982128,4976888.1073831,-1.32300988489708,19.706
589,1,0,accepted,0.145603057167706,-0.121336896644364,484333.737893536,4976886.8503242,-1.3238309839472,17.114
590,1,0,accepted,0.100878402573813,-0.225203616485769,484334.076466753,4976885.72309096,-1.32716055896775,15.618
591,1,0,accepted,0.115251239827875,-0.192151207525921,484334.381548746,4976884.5467236,-1.32803542877964,12.894
592,1,0,accepted,0.130834329303428,-0.14694569071135,484334.684815533,4976883.36948568,-1.32870395232593,13.444
593,1,0,accepted,0.150860272663058,-0.140915078454153,484334.984768795,4976882.19025269,-1.32993808550081,13.01
594,1,0,accepted,0.163706258960293,-0.159298948536671,484335.285716492,4976881.02194167,-1.33180830351805,12.964
595,1,0,accepted,0.171660695442788,-0.113790565901596,484335.591721904,4976879.84803404,-1.33254995548819,11.24
596,1,0,accepted,0.175427459738144,-0.0627878471075839,484335.898369603,4976878.68970435,-1.33322597566434,11.498
597,0,1,acceptedDirectional,0.139074511327647,-0.297447250859941,484336.251589504,4976877.53494406,-1.33881805685868,12.804
598,0,1,acceptedDirectional,0.17435502731305,-0.0730614171059051,484336.541802309,4976876.37552936,-1.33587629997839,12.513
599,1,0,accepted,0.251716479357052,0.912484655587655,484336.873522598,4976875.52824816,-1.31995304347725,17.226
600,1,0,accepted,0.247228827168161,1.04704339858203,484337.204493246,4976874.37975959,-1.31929197570998,12.907
601,1,0,accepted,0.234808075932886,0.97746602001057,484337.546014678,4976873.2331211,-1.32205240258954,11.024
602,1,0,accepted,0.217629563903016,0.829475408521267,484337.89464923,4976872.09467415,-1.32629894616199,9.949
603,1,0,accepted,0.17978965966261,0.569042342859768,484338.231466725,4976870.93114629,-1.33268451579886,9.798
604,1,0,accepted,0.162622224400383,0.527597079089232,484338.520449706,4976869.77544767,-1.33551078954465,11.03
605,1,0,accepted,0.142453167233333,0.357261784168008,484338.824703566,4976868.62251684,-1.3402212001652,12.126
606,1,0,accepted,0.136326306050769,0.335837086057521,484339.102942778,4976867.46483403,-1.34281364445262,10.431
607,1,0,accepted,0.147018343135883,0.373028088683143,484339.369727597,4976866.30401889,-1.34472405913624,16.242
608,1,0,accepted,0.150756675678219,0.424219660756205,484339.638047455,4976865.16251192,-1.346361199871,11.956
609,1,0,accepted,0.152994287125998,0.48729049773152,484339.900949253,4976864.0322121,-1.34798882427686,20.527
610,1,0,accepted,0.145467569500999,0.577327054127143,484340.175878363,4976862.89044749,-1.34963798009455,16.808
611,1,0,accepted,0.138722242600594,0.707346499296027,484340.449351786,4976861.74170345,-1.35084744508406,13.911
612,1,0,accepted,0.120763193128714,0.743585399549874,484340.704523301,4976860.6649937,-1.35367184405324,13.841
613,1,0,accepted,0.107498769367684,0.795595741821811,484340.977213311,4976859.50900602,-1.35679595939715,13.009
614,1,0,accepted,0.0976159125282509,0.69589581569701,484341.249842623,4976858.35948953,-1.36306530657306,15.736
615,1,0,accepted,0.140802346845605,0.264730267813261,484341.495813182,4976857.17579262,-1.37606831598484,18.523
616,1,0,accepted,0.161633671616219,0.375213457249611,484341.736804005,4976856.0248011,-1.38047527000698,15.137
617,1,0,accepted,0.170063796061841,0.450040830335582,484341.964296054,4976854.90050703,-1.38601218040776,13.499
618,1,0,accepted,0.178813134657079,0.488553423134912,484342.191195022,4976853.75296904,-1.39249212056347,15.626
619,1,0,accepted,0.175025867070094,0.608099543164508,484342.410323234,4976852.63451359,-1.39849046385556,12.528
620,1,0,accepted,0.173079660587666,0.599291947885034,484342.621088023,4976851.52250027,-1.40674931262579,14.55
621,1,0,accepted,0.152637085540152,0.744950043510991,484342.839369342,4976850.42921953,-1.41315734217135,14.703
622,1,0,accepted,0.151495840943491,0.77848574465055,484343.035072168,4976849.31380803,-1.42250392565266,11.749
623,1,0,accepted,0.152486457986057,0.842732514490456,484343.223142756,4976848.19492919,-1.43291362594203,10.578
624,1,0,accepted,0.153920501914646,0.822019662178845,484343.402790274,4976847.06128754,-1.44490185013783,11.379
625,1,0,accepted,0.152706951113908,0.890594512343394,484343.572210244,4976845.91985523,-1.45587051733386,15.216
626,0,1,acceptedDirectional,0.115025493720746,0.560397064010783,484343.760834339,4976844.79966019,-1.47385832815458,13.373
627,0,1,acceptedDirectional,0.0572997640111409,0.0683527459607744,484343.983344895,4976843.65956133,-1.49443848869623,21.236
628,0,1,acceptedDirectional,0.0706516446517494,0.213319573609023,484344.077599643,4976842.53149232,-1.50394663088742,18.384
629,0,1,acceptedDirectional,0.128990282470033,0.661713949892733,484344.099404664,4976841.39352607,-1.50858603209662,13.429
630,1,0,coarseRetainedByTrustRadius,0.352258583330258,1.57795051418599,484344.051531521,4976840.58927002,-1.50430526940582,27.218
631,1,0,coarseRetainedByTrustRadius,0.349545310204619,1.60655031268943,484344.132838399,4976839.4592356,-1.51631206829897,16.08
632,1,0,accepted,0.0592567806458377,0.424023613452274,484344.393344971,4976838.11296218,-1.5495591373332,13.825
633,1,0,accepted,0.0560930594027521,0.301571486178136,484344.437474263,4976836.97712328,-1.56267930114423,20.292
634,1,0,accepted,0.0527180820587728,0.247997695410499,484344.460076098,4976835.84711438,-1.57494310979397,19.588
635,1,0,accepted,0.0558798930989314,0.212049464807442,484344.462720498,4976834.70688638,-1.58577973519331,19.396
636,1,0,accepted,0.0937042547034749,0.316366304131649,484344.422853393,4976833.5755098,-1.5934460484707,25.741
637,1,0,accepted,0.114003629154598,0.352363819123662,484344.391276991,4976832.43624235,-1.60128385782487,18.681
638,1,0,accepted,0.139958486363145,0.423282680481239,484344.345855668,4976831.28301416,-1.60727065232795,24.216
639,1,0,accepted,0.13541189429908,0.243854144857951,484344.32573861,4976830.12490356,-1.61654854432064,21.413
640,1,0,coarseRetainedByTrustRadius,0.0444693945331166,-0.233402978151899,484344.411883985,4976829.03791634,-1.6302047894431,22.929
641,1,0,coarseRetainedByTrustRadius,0.0128091114187751,-0.465471600456742,484344.374187852,4976827.87282559,-1.63926355835478,34.647
642,1,0,coarseRetainedByTrustRadius,0.0381910174820694,-0.704497105559178,484344.32076057,4976826.6981475,-1.64821083597799,17.69
643,1,0,coarseRetainedByTrustRadius,0.0767835245600598,-0.24838304828497,484344.213309516,4976825.56814688,-1.64485597450861,17.982
644,1,0,coarseRetainedByTrustRadius,0.0953758821631862,-0.29799180811475,484344.14582569,4976824.397063,-1.6495776192718,16.797
645,1,0,accepted,0.0448813045850129,-1.02520503171603,484344.20210085,4976823.26390204,-1.66583024464798,16.913
646,1,0,accepted,0.0116254873088165,-0.592479356910073,484344.108855242,4976822.14392315,-1.6619266801708,15.216
647,1,0,accepted,0.0145578210045939,-0.528433690189874,484344.0222956,4976820.97603393,-1.66428837946683,15.646
648,1,0,accepted,0.0309290229307837,0.017591838171196,484343.944066779,4976819.86459326,-1.65775023875468,16.583
649,1,0,accepted,0.0230114865303367,0.0497940742485317,484343.861618451,4976818.69132493,-1.65952474690728,16.654
650,1,0,accepted,0.0190627297279655,0.0374700943694809,484343.771507805,4976817.51371669,-1.66138964483383,14.395
651,1,0,accepted,0.0304664077401338,0.080641609224535,484343.670047706,4976816.33208651,-1.66224448564525,13.289
652,1,0,accepted,0.0700313887370609,-0.111166388128722,484343.558553597,4976815.11736962,-1.66617014100068,13.754
653,1,0,accepted,0.0711558604985489,-0.0840141932122994,484343.457017893,4976813.93948817,-1.66621938537161,19.45
654,1,0,accepted,0.0688043719292402,-0.0784346059829909,484343.36083548,4976812.78924361,-1.66661381009891,18.26
655,1,0,accepted,0.0859651617416838,-0.0586514275874414,484343.252567171,4976811.59573152,-1.66673238172237,22.596
656,1,0,accepted,0.116727431889062,-0.0524382996583062,484343.141915332,4976810.37663203,-1.66708409579266,16.252
657,1,0,accepted,0.106267947063563,-0.0428877608822399,484343.042558446,4976809.21860193,-1.66706894454597,16.142
658,1,0,accepted,0.139155673756948,-0.0107917563989773,484342.929464733,4976807.97483508,-1.66673296669088,15.179
659,1,0,accepted,0.0637186268537053,-0.177276886667496,484342.922537245,4976806.79584235,-1.66987368889495,17.382
660,1,0,accepted,0.0905541703904292,-0.100081652615836,484342.815479966,4976805.575047,-1.66896420853878,20.568
661,1,0,accepted,0.106093007722924,-0.0898448432918875,484342.692359836,4976804.37308421,-1.66908974812495,20.016
662,1,0,accepted,0.116225253165255,-0.105297106014259,484342.588644001,4976803.15683945,-1.66988208597135,15.749
663,1,0,accepted,0.134925483346608,-0.0246431548874397,484342.458060931,4976801.95432373,-1.6693942309165,13.595
664,1,0,accepted,0.204957654867787,0.177794047632973,484342.264652848,4976800.77863676,-1.66598545785484,17.671
665,1,0,accepted,0.232323478597162,0.395413202120871,484342.137809436,4976799.56100439,-1.66293854709456,16.282
666,1,0,accepted,0.260024303172652,0.553314891658903,484342.011551636,4976798.32368454,-1.66092147133174,13.765
667,1,0,accepted,0.288766558441939,0.66823487330052,484341.890294762,4976797.0810302,-1.65990940784078,17.351
668,1,0,coarseRetainedByTrustRadius,0.249185441270983,0.590754431040303,484341.835484758,4976795.84789227,-1.66205335812177,15.607
669,1,0,accepted,0.0487784831330085,-0.143678412609369,484341.932402356,4976794.68419018,-1.67561333398654,16.825
670,1,0,accepted,0.0209360394079352,-0.263052062038567,484341.841357508,4976793.4814095,-1.67807180541562,16.116
671,1,0,accepted,0.014592227298277,-0.443421849720666,484341.759930692,4976792.27244949,-1.68162938819202,16.549
672,1,0,accepted,0.00776350161898246,-0.405850430317092,484341.638233715,4976791.04142158,-1.68171577010675,17.038
673,1,0,accepted,0.0278037650419115,-0.285793014363844,484341.515108885,4976789.79490111,-1.68035063561061,16.014
674,1,0,accepted,0.0385588461681513,-0.159301388808281,484341.396174745,4976788.56531784,-1.6786976243921,17.81
675,1,0,accepted,0.0748908490471912,-0.0515173106704648,484341.257917212,4976787.31158985,-1.67712218322105,19.318
676,1,0,accepted,0.0892870086225249,-0.00565918779274427,484341.133106102,4976786.07623163,-1.67673632347726,17.112
677,1,0,accepted,0.104255073025856,0.0214770774061509,484341.007855412,4976784.83717215,-1.67687544323846,14.543
678,1,0,accepted,0.097300568221797,0.00396838157437957,484340.895399245,4976783.61823856,-1.67791615312462,13.93
679,1,0,accepted,0.09743917999562,0.102712641404287,484340.784733971,4976782.35546227,-1.6767825988136,18
680,1,0,accepted,0.0816990536773149,0.117396993006195,484340.685574886,4976781.15068887,-1.67735859780585,14.492
681,1,0,accepted,0.0716367279752944,0.152717695453162,484340.581766282,4976779.90602528,-1.67695501759212,17.694
682,1,0,accepted,0.0568473077373566,0.225058772911935,484340.532465699,4976778.73923005,-1.67639094964254,16.785
683,1,0,accepted,0.0656833616122466,0.21693998651923,484340.421365479,4976777.50026903,-1.6767603987786,19.097
684,1,0,accepted,0.0954748843792362,0.226731324992435,484340.310324581,4976776.2793305,-1.67700617795878,17.091
685,1,0,accepted,0.117054429204387,0.269086010241356,484340.179588402,4976775.05494141,-1.67637041992634,14.342
686,1,0,accepted,0.140204988653134,0.209471208257461,484340.079380917,4976773.82088658,-1.67762142546015,14.837
687,1,0,accepted,0.127957984332855,0.286205578526283,484339.935605713,4976772.58070691,-1.67656890699349,15.214
688,1,0,accepted,0.125625152542368,0.312911754017523,484339.805264083,4976771.32395305,-1.67648970308472,16.436
689,1,0,accepted,0.119992527217393,0.329349817005837,484339.672849685,4976770.06468318,-1.67641045526792,15.699
690,1,0,accepted,0.100584848592184,0.274830147070093,484339.55337436,4976768.78773119,-1.67758511291402,16.355
691,1,0,accepted,0.0936800902451669,0.313909922586606,484339.416123133,4976767.51480607,-1.67722899901943,15.432
692,1,0,accepted,0.089963185162008,0.28692884276923,484339.286931596,4976766.2449559,-1.67756142850616,34.141
693,1,0,accepted,0.0789463809086761,0.302878911936195,484339.165261542,4976764.99204944,-1.67749815688746,19.506
694,1,0,accepted,0.0651311622841361,0.303959428790868,484339.040900768,4976763.71150703,-1.67804686839688,25.849
695,1,0,accepted,0.0654197861744789,0.41426248943296,484338.914259912,4976762.44141639,-1.67702190497831,17.464
696,1,0,accepted,0.0705773311624523,0.486026447506238,484338.792412486,4976761.15330326,-1.67657953005588,8.84
697,1,0,accepted,0.0884748719720917,0.615934866635457,484338.667504888,4976759.87019868,-1.6748829316007,11.177
698,1,0,accepted,0.11126334718868,0.612077957197684,484338.542855867,4976758.59532591,-1.67561785759417,9.651
699,1,0,accepted,0.121297927518216,0.575157388935465,484338.416961255,4976757.32264733,-1.67704154088801,10.097
700,1,0,accepted,0.137198558275569,0.594480098414675,484338.290050916,4976756.07557154,-1.67766517790811,9.918
701,1,0,accepted,0.158163433428257,0.580526686148983,484338.154669281,4976754.81519023,-1.67862695084789,9.469
702,1,0,accepted,0.172938379252574,0.522746543135141,484338.024195818,4976753.5561187,-1.68049225050118,13.838
703,1,0,accepted,0.198057928393635,0.469551941896195,484337.878855087,4976752.29518313,-1.68181425677059,9.593
704,1,0,accepted,0.231011444778076,0.406235976456748,484337.727040829,4976751.02744489,-1.6841518167465,15.364
705,1,0,accepted,0.148895870791486,0.478555664370592,484337.621013881,4976749.87841292,-1.68314695193072,24.871
706,1,0,accepted,0.10880202411904,0.465205200673719,484337.502295393,4976748.70958573,-1.68387453607876,11.594
707,1,0,accepted,0.106329220525315,0.499251107090838,484337.375365657,4976747.54220103,-1.68425081133576,18.571
708,1,0,accepted,0.140214193764828,0.525765451049499,484337.246428513,4976746.37369661,-1.68468245848779,17.974
709,1,0,accepted,0.250520551881799,0.784931629821322,484337.106665881,4976745.2689616,-1.68100756859093,14.81
710,1,0,accepted,0.256566748908674,0.856559756230542,484336.954346379,4976744.03520387,-1.68115628534954,17.249
711,1,0,accepted,0.126818472745234,0.391296355365243,484336.850713568,4976742.67608164,-1.69108105417397,13.063
712,1,0,accepted,0.0939567897537091,0.11927923805021,484336.704419528,4976741.35599164,-1.69791850301167,17.475
713,1,0,accepted,0.078903016029919,0.235982753262229,484336.589007162,4976740.16976316,-1.69882896820257,13.367
714,1,0,accepted,0.0950204238570472,-0.294509079057139,484336.503026667,4976738.81522457,-1.71045849389463,19.19
715,1,0,accepted,0.105610959919263,-0.332983058722396,484336.349581586,4976737.56616723,-1.71489401659594,18.733
716,1,0,accepted,0.109329046421153,-0.253358621484652,484336.180278861,4976736.34403197,-1.71752663565566,23.377
717,1,0,accepted,0.0864241772780519,0.1441087183712,484335.980055523,4976735.2317303,-1.71528564159816,11.092
718,1,0,accepted,0.105815108337483,0.271389867447225,484335.806062068,4976733.99799128,-1.71854501406238,15.702
719,1,0,accepted,0.136670328415769,0.560369261791417,484335.616720277,4976732.75865336,-1.71922751932607,11.858
720,1,0,accepted,0.141843917407726,0.64319200120604,484335.445063329,4976731.56619015,-1.72415814776663,16.575
721,1,0,accepted,0.131257996214071,0.455084331666167,484335.294432606,4976730.32284391,-1.73343052422222,12.966
722,1,0,accepted,0.149018435182647,0.525177086487252,484335.110508337,4976729.08966693,-1.73806671824286,14.074
723,1,0,accepted,0.149636840216807,0.399910184013257,484334.945888533,4976727.86251128,-1.74627794957073,16.642
724,1,0,accepted,0.148596881801344,0.409817714994279,484334.761448259,4976726.6580257,-1.75236813676608,14.611
725,1,0,accepted,0.163489954447356,0.543109466022691,484334.55532438,4976725.45407701,-1.75671336718533,23.857
726,1,0,accepted,0.160053125349935,0.386108738362277,484334.338291708,4976724.28343729,-1.76620219403084,17.106
727,1,0,accepted,0.160117408270942,0.358750508744349,484334.109482872,4976723.0868401,-1.77278357921756,15.248
728,1,0,accepted,0.156019494060553,0.373121555048892,484333.8801395,4976721.91167886,-1.77890990132399,14.4
729,1,0,accepted,0.152970596790014,0.413519778378886,484333.642975117,4976720.74888948,-1.7846200091736,13.165
730,1,0,accepted,0.0729836536086592,0.285359041615003,484333.445452241,4976719.6549774,-1.79172250609633,19
731,1,0,accepted,0.0447125688412697,0.399452509983225,484333.215704527,4976718.51453173,-1.79604619122952,20.633
732,1,0,accepted,0.0279631316640229,0.362246669549358,484332.978158428,4976717.365172,-1.80168982651718,16.246
733,1,0,accepted,0.0984388136763238,0.181454986435231,484332.807282375,4976716.26068732,-1.80959662451541,19.15
734,1,0,accepted,0.106134662017693,0.0451906960275591,484332.571752156,4976715.09648439,-1.81647996175842,18.291
735,1,0,accepted,0.109891298187027,0.0099746653869736,484332.313465638,4976713.94168018,-1.82088862819579,17.572
736,1,0,accepted,0.0975060633998728,-0.0173589929477191,484332.03112396,4976712.77316682,-1.8249583923064,17.178
737,1,0,accepted,0.0804135497207867,0.0212361633894964,484331.740867818,4976711.62796621,-1.82760055289057,13.845
738,1,0,accepted,0.0688648368949771,0.143638276370851,484331.44202227,4976710.48993042,-1.82879311171036,18.146
739,1,0,accepted,0.0662852467520518,0.16820558821372,484331.157992575,4976709.35991638,-1.83135975011506,18.279
740,1,0,accepted,0.0108501155299719,0.298472039673853,484330.844878195,4976708.15629829,-1.83165894258333,16.849
741,1,0,accepted,0.0319716940519854,0.362241760233097,484330.542480638,4976707.0096411,-1.83253442570013,16.71
742,1,0,accepted,0.0326785659451905,0.185325095945619,484330.270606836,4976705.87305134,-1.8375472958914,21.348
743,1,0,accepted,0.0521758871553351,0.222416376725186,484329.954757851,4976704.735968,-1.83819193618249,26.793
744,1,0,accepted,0.0642490821257717,0.22656450358006,484329.646619599,4976703.61970089,-1.8392356614165,18.218
745,1,0,accepted,0.0768617234955348,0.172852096892387,484329.341616027,4976702.50330986,-1.8413661290047,17.192
746,1,0,accepted,0.108937387838627,0.202518254901148,484329.022227806,4976701.35896891,-1.84197287304938,15.152
747,1,0,accepted,0.138991705483259,0.240069875170412,484328.717331159,4976700.222865,-1.8422665604377,17.431
748,1,0,accepted,0.220001889764137,0.216173579123825,484328.372601953,4976699.04229539,-1.8433311251828,13.93
749,1,0,accepted,0.161838546787638,0.0279158702522126,484328.108920607,4976697.9982763,-1.84759775835859,25.495
750,1,0,accepted,0.106343954883392,0.54383957739298,484327.853437515,4976696.95228775,-1.83877618971576,17.33
751,1,0,accepted,0.10150573307306,0.631977231225618,484327.563218024,4976695.86598889,-1.83779377067705,17.906
752,1,0,accepted,0.0984971621160117,0.670590986675707,484327.272869942,4976694.77412577,-1.83791170482413,15.621
753,1,0,accepted,0.0846210582026681,0.626805206075032,484326.997460401,4976693.69298649,-1.83871175804732,14.761
754,1,0,accepted,0.0799293500884908,0.665675764644817,484326.71347169,4976692.60841242,-1.8389876561547,15.38
755,1,0,accepted,0.0769731682711018,0.630944931215984,484326.425508914,4976691.51825038,-1.83984298011144,14.25
756,1,0,accepted,0.0800163807906047,0.637389288223346,484326.135414987,4976690.44115194,-1.84007114897164,15.146
757,1,0,accepted,0.0935733455837359,0.689261019848136,484325.841584416,4976689.37448798,-1.83930620694723,16.319
758,1,0,accepted,0.108542999017428,0.696847754655268,484325.542703854,4976688.30061932,-1.839713270037,15.315
759,1,0,accepted,0.111478575487363,0.709423326604789,484325.249426932,4976687.21807722,-1.83899604106325,18.428
760,1,0,accepted,0.124103265037528,0.696942555023384,484324.962017131,4976686.16559079,-1.83775855069936,13.279
761,1,0,accepted,0.125240986454022,0.674358625617525,484324.667763764,4976685.08452278,-1.83677761400637,20.04
762,1,0,accepted,0.145226698528051,0.62621765481372,484324.391356464,4976684.05277449,-1.83461544757252,18.573
763,1,0,accepted,0.150461730682816,0.612755517214083,484324.110712886,4976682.99608369,-1.83128528389755,13.043
764,1,0,accepted,0.156210056555386,0.491439424643512,484323.829729898,4976681.95150581,-1.82906410661503,13.337
765,1,0,accepted,0.16621088319573,0.444784629866371,484323.549348477,4976680.91240433,-1.82538209709773,24.284
766,1,0,accepted,0.175397470179967,0.388785831835611,484323.273868698,4976679.87188443,-1.82183366756867,22.184
767,1,0,accepted,0.182575420220876,0.375588039449169,484323.001361559,4976678.84683473,-1.81715202024486,17.88
768,1,0,accepted,0.146878081790239,0.0135637110870718,484322.744225869,4976677.74613673,-1.81789543277844,31.422
769,1,0,accepted,0.178170836425465,-0.00954682243476124,484322.470151443,4976676.72555815,-1.81244693162995,24.112
770,1,0,accepted,0.199369521452949,-0.133113882639761,484322.213155436,4976675.68731857,-1.80734066669623,23.659
771,1,0,accepted,0.269540293345858,1.03583228167959,484321.921270489,4976674.72885652,-1.77943706606116,25.841
772,1,0,accepted,0.250427175945114,1.08753179672576,484321.723904416,4976673.71683511,-1.77042815585527,22.22
773,1,0,accepted,0.202066159423741,0.867047313074185,484321.571800263,4976672.76817492,-1.7658141504143,23.681
774,1,0,accepted,0.160677816917825,0.755581919489121,484321.419592698,4976671.79998203,-1.75830127035763,23.95
775,1,0,accepted,0.128334904121936,0.59125714261668,484321.281228657,4976670.90823595,-1.75223473167615,16.956
776,1,0,accepted,0.118027700826666,-0.0112801954154649,484321.203360956,4976670.0593334,-1.75237438643627,12.034
777,1,0,accepted,0.103251593145933,-0.00568130151286417,484321.025585004,4976669.08723728,-1.74102087396948,12.477
778,1,0,accepted,0.0838456276724447,-0.0232698318783375,484320.85802363,4976668.13965375,-1.73003156451357,12.233
779,1,0,accepted,0.213786966306557,0.66066940654174,484320.601754404,4976667.04017238,-1.70628046055952,19.933
780,1,0,accepted,0.0541405711239004,-0.163431823061696,484320.593839429,4976666.27639883,-1.70837630330675,24.411
781,1,0,accepted,0.0557500133650107,-0.179771450247755,484320.470068844,4976665.36802525,-1.69602527017027,21.715
782,1,0,accepted,0.0692932861228504,-0.125706107657321,484320.346945508,4976664.45669652,-1.68174761502678,23.276
783,1,0,accepted,0.0821200176841632,-0.187911766734279,484320.241825871,4976663.57197936,-1.66890205041637,18.251
784,1,0,accepted,0.0942189276362951,-0.178618640834309,484320.150164869,4976662.70132527,-1.65393639964888,14.359
785,1,0,accepted,0.103221357308108,-0.135746757022918,484320.075446819,4976661.82665302,-1.63798728261871,25.954
786,1,0,accepted,0.101473576408815,-0.00566045487401354,484320.025996664,4976660.96690086,-1.62012480680896,28.176
787,1,0,accepted,0.102335368953579,0.048024051616034,484319.989874219,4976660.11041443,-1.60226873562488,18.46
788,1,0,accepted,0.083393402207774,0.148236144396738,484319.975347012,4976659.32567495,-1.58324197790581,19.861
789,1,0,accepted,0.078598581664035,0.0894640242073286,484319.984363885,4976658.55057013,-1.56593804220927,15.134
790,1,0,accepted,0.0842362775464477,0.0885547334602745,484319.979468782,4976657.72584494,-1.54698003084076,23.644
791,1,0,accepted,0.075396389309646,0.0760857006421624,484320.004282407,4976656.92194861,-1.52766270349158,28.816
792,1,0,accepted,0.0686467550175261,0.0831775578620395,484320.033313292,4976656.09247366,-1.50731702850058,19.749
793,1,0,accepted,0.0643960969894658,0.0427767615200111,484320.084195777,4976655.28231421,-1.48693205729564,31.057
794,1,0,accepted,0.0591729664782012,0.0613664498280655,484320.151934975,4976654.46535066,-1.46507975233961,24.06
795,1,0,accepted,0.0694594581599653,0.0740913713253842,484320.227272647,4976653.65045169,-1.44236952956536,28.015
796,1,0,accepted,0.0762241991221855,0.0927823384223179,484320.325676008,4976652.85453024,-1.41923639610125,23.546
797,1,0,accepted,0.0841571492054843,0.0741882108463903,484320.442510306,4976652.05708731,-1.39588322443307,25.438
798,1,0,accepted,0.0921711894470644,0.0756500666510252,484320.570089988,4976651.27022815,-1.37211777589815,20.399
799,1,0,accepted,0.114786620519693,0.105294197802561,484320.726365819,4976650.47704982,-1.34751402109585,16.545
800,1,0,accepted,0.141798612533923,0.153271934359473,484320.893740777,4976649.69797713,-1.32254099782163,15.929
801,1,0,accepted,0.1791261436024,0.200434168376006,484321.073431187,4976648.93071625,-1.29806364627605,20.503
802,1,0,accepted,0.207089556534278,0.243183334823061,484321.276270291,4976648.17586279,-1.27360272164981,16.96
803,1,0,accepted,0.250605172700891,0.282898490273781,484321.503809051,4976647.40885063,-1.24900017744087,18.557
804,1,0,accepted,0.281629392717402,0.35240362589936,484321.734971833,4976646.67588659,-1.22448454465929,15.726
805,1,0,accepted,0.329080032663419,0.481124193390981,484321.998774475,4976645.92939084,-1.19870413319143,15.874
806,1,0,accepted,0.369592255045946,0.521878749334588,484322.281980729,4976645.20776164,-1.1748106771498,18.668
807,1,0,coarseRetainedByTrustRadius,0.195076085588789,0.884612702977672,484322.409136511,4976644.657154,-1.14535508911974,19.11
808,1,0,coarseRetainedByTrustRadius,0.208084735954321,0.916614642616928,484322.731602795,4976643.95058889,-1.12178967775759,18.414
809,1,0,coarseRetainedByTrustRadius,0.231566820197154,0.891981957920837,484323.064886622,4976643.25162363,-1.09989823177947,23.449
810,1,0,coarseRetainedByTrustRadius,0.222504093171654,0.667266838468805,484323.406333962,4976642.5834434,-1.08092809402331,21.29
811,1,0,coarseRetainedByTrustRadius,0.230112985239606,0.66421578759027,484323.75803039,4976641.91552297,-1.05841412092068,20.658
812,1,0,coarseRetainedByTrustRadius,0.225245480018154,0.573136430737036,484324.108601828,4976641.26216176,-1.0376980043041,18.787
813,1,0,coarseRetainedByTrustRadius,0.207702765706175,0.540986688600009,484324.473589831,4976640.62780108,-1.01587923546667,20.953
814,1,0,coarseRetainedByTrustRadius,0.167996150913951,0.594767058328042,484324.855521811,4976640.02309828,-0.992515455687245,16.925
815,1,0,coarseRetainedByTrustRadius,0.126715287189196,0.622940182024852,484325.254606918,4976639.43105686,-0.969729080913349,13.365
816,1,0,coarseRetainedByTrustRadius,0.117467010853841,0.545027824684506,484325.664443665,4976638.80871865,-0.948330036927351,16.008
817,1,0,coarseRetainedByTrustRadius,0.0631405361799927,0.423552964441414,484326.063349181,4976638.24947179,-0.92830336649896,22.228
818,1,0,coarseRetainedByTrustRadius,0.0722311520741141,0.378371589401048,484326.506841516,4976637.63879327,-0.906678550398157,21.346
819,1,0,coarseRetainedByTrustRadius,0.0938954603614971,0.304609008295096,484326.976873395,4976637.0237635,-0.88529578988937,20.875
820,1,0,accepted,0.0756022258326386,0.0957098578860066,484327.376717622,4976636.56548016,-0.866467477434734,27.507
821,1,0,accepted,0.0898693850994566,0.0757069282103755,484327.854515732,4976635.99688353,-0.844073101694369,22.517
822,1,0,accepted,0.0825367010018653,0.109959104138615,484328.361228949,4976635.42748722,-0.820788461445086,19.431
823,1,0,accepted,0.0826978032571911,0.0689704155564856,484328.873251613,4976634.84531093,-0.798307424247202,21.45
824,1,0,accepted,0.0546103261900036,0.132936170312677,484329.427345094,4976634.28185238,-0.774415759336134,16.672
825,1,0,accepted,0.0748368383215174,0.0699256323671225,484329.954897056,4976633.73923394,-0.752350674451871,17.939
826,1,0,accepted,0.0802260914662672,0.0337963999052253,484330.515056275,4976633.19604562,-0.730124185232945,16.905
827,1,0,accepted,0.0866001542479705,0.0957414461025174,484331.086087771,4976632.66284163,-0.705953151192011,13.812
828,1,0,accepted,0.0184816890152352,0.326610737282419,484331.737654293,4976632.15910603,-0.678838551432114,14.205
829,1,0,coarseRetainedByTrustRadius,0.34318149227026,-0.495723296732963,484332.035475408,4976631.84750734,-0.670561544818883,17.408
830,1,0,coarseRetainedByTrustRadius,0.276395620818832,-0.394019389823135,484332.674811167,4976631.29538946,-0.646284791402824,18.222
831,1,0,coarseRetainedByTrustRadius,0.265909940172225,-0.378266847037991,484333.303101732,4976630.82031486,-0.623622477544759,15.057
832,1,0,coarseRetainedByTrustRadius,0.250636690137617,-0.317352762075805,484333.938559184,4976630.33143671,-0.599775521749484,15.588
833,1,0,accepted,0.215514812990109,-0.143011315088845,484334.598383185,4976629.77961121,-0.574432278652995,16.253
834,1,0,accepted,0.179750400539655,-0.169701513606685,484335.28898656,4976629.33122933,-0.55292173847931,18.842
835,1,0,accepted,0.162370802415174,-0.129359408952981,484335.972094667,4976628.89544685,-0.530258665390014,15.316
836,1,0,coarseRetainedByTrustRadius,0.136714873566851,-0.207258063567632,484336.690514439,4976628.52745745,-0.509553195568619,15.72
837,1,0,coarseRetainedByTrustRadius,0.101463287857362,-0.259640658192349,484337.406743753,4976628.13200797,-0.488968744973801,15.379
838,1,0,coarseRetainedByTrustRadius,0.0829243631758614,-0.275742157517034,484338.129025603,4976627.76335782,-0.467677880053465,14.085
839,1,0,coarseRetainedByTrustRadius,0.0436284149620321,-0.281714257628998,484338.8712515,4976627.36235345,-0.446364744533883,14.243
840,1,0,coarseRetainedByTrustRadius,0.059737836574373,-0.186996351739332,484339.654070338,4976626.97730722,-0.423626226751902,17.544
841,1,0,coarseRetainedByTrustRadius,0.098722762320654,-0.128018492777966,484340.417581861,4976626.60776237,-0.402083563329864,16.457
842,1,0,coarseRetainedByTrustRadius,0.131371950590504,0.021168595061192,484341.181797247,4976626.26444849,-0.379903914606829,15.245
843,1,0,coarseRetainedByTrustRadius,0.154598798952494,0.0571339530468194,484341.939439913,4976625.93913471,-0.36019682116196,20.014
844,1,0,coarseRetainedByTrustRadius,0.166201330512046,0.384603312733255,484342.697793201,4976625.60071237,-0.335847016598788,16.801
845,1,0,coarseRetainedByTrustRadius,0.164533182096899,0.399023934139729,484343.456326188,4976625.32363034,-0.317652902198651,19.185
846,1,0,coarseRetainedByTrustRadius,0.193984005519746,0.361514757965114,484344.259845736,4976625.05230231,-0.300709575007703,15.105
847,1,0,coarseRetainedByTrustRadius,0.223524867786835,0.434691862973532,484345.068838962,4976624.78700102,-0.282575976322175,16.141
848,1,0,coarseRetainedByTrustRadius,0.243652647747072,0.482554112133065,484345.8989571,4976624.54224901,-0.265497621100829,21.712
849,1,0,coarseRetainedByTrustRadius,0.217197377272651,0.405913469457263,484346.701004339,4976624.33078349,-0.251344671343353,15.627
850,1,0,coarseRetainedByTrustRadius,0.202977327448602,0.252897592033148,484347.496372967,4976624.13141017,-0.239895181904996,28.53
851,1,0,coarseRetainedByTrustRadius,0.21724049947327,0.213627219269846,484348.346583779,4976623.90801026,-0.22667723640223,18.958
852,1,0,coarseRetainedByTrustRadius,0.237819366128651,0.16936789704687,484349.210172879,4976623.70778773,-0.214527691652736,15.078
853,1,0,coarseRetainedByTrustRadius,0.269032998943287,0.203933342274718,484350.095539284,4976623.51605341,-0.202284567775765,14.826
854,1,0,accepted,0.296487125874812,-1.2010483880512,484350.925795956,4976623.51675216,-0.215778055569565,15.57
855,1,0,accepted,0.108138313633536,-0.141131394404928,484351.652128696,4976623.19287733,-0.187256222734523,23.204
856,1,0,accepted,0.0765454026239868,0.161925413435066,484352.490399484,4976623.05170914,-0.173039153709047,21.942
857,1,0,accepted,0.0685863752422022,0.28333695627095,484353.36056281,4976622.88109267,-0.162605682411984,18.195
858,1,0,accepted,0.0528124613773591,0.30183745839852,484354.260791482,4976622.72958188,-0.154674966089948,20.406
859,1,0,accepted,0.0391591960672598,0.221708891242689,484355.170724851,4976622.61441435,-0.148652068902534,15.341
860,1,0,accepted,0.0377786299570166,0.239857324635921,484356.082676353,4976622.47908355,-0.141455045289345,15.343
861,1,0,accepted,0.025409089437751,0.135901199157589,484357.002390887,4976622.37948045,-0.136052324943369,19.961
862,1,0,accepted,0.0359116844577266,0.106151335931799,484357.931498716,4976622.26731684,-0.129546651522099,17.633
863,1,0,accepted,0.0577665972947902,0.109309671051955,484358.848970859,4976622.15652842,-0.123701936288638,27.775
864,1,0,accepted,0.0844539079881855,0.143040263680621,484359.781479901,4976622.04380838,-0.118174672682651,27.508
865,1,0,accepted,0.112569520502889,0.155064066229544,484360.723771044,4976621.93603173,-0.113479155546662,36.472
866,1,0,accepted,0.16648068538096,0.328527321947128,484361.661567511,4976621.80180628,-0.105960965002494,28.886
867,1,0,accepted,0.190477487068326,0.314639560150333,484362.620588207,4976621.69923686,-0.101299552036504,19.868
868,1,0,accepted,0.2180422935893,0.346672172131406,484363.568847996,4976621.59945457,-0.0963154804898661,14.965
869,1,0,accepted,0.130647317802907,-0.44136697644627,484364.637079892,4976621.58700406,-0.105562912034341,22.896
870,1,0,accepted,0.265256578497431,0.35125725819184,484365.493493319,4976621.41872946,-0.0872179236867361,17.06
871,1,0,accepted,0.163292886566994,-0.367561642868915,484366.589710427,4976621.42049567,-0.0954666657563497,19.365
872,1,0,accepted,0.195065882916288,-0.253542025556725,484367.561590962,4976621.33141757,-0.0890696146256213,23.598
873,1,0,accepted,0.299414491194681,0.56624129845265,484368.464611648,4976621.19844814,-0.070191217255129,21.366
874,1,0,accepted,0.321300112323769,0.70437935803275,484369.473102543,4976621.12135683,-0.0637076535403691,20.426
875,1,0,accepted,0.282556670868153,0.0652021377102225,484370.555692327,4976621.0860325,-0.0704997430752129,22.379
876,1,0,accepted,0.295811418132472,0.0799527688659736,484371.549956769,4976621.02803259,-0.0657751691737179,20.968
877,1,0,accepted,0.322331381645389,0.20374365666944,484372.565744391,4976620.95631566,-0.0593551024200166,15.319
878,1,0,accepted,0.324625472428442,0.213217356447404,484373.571773504,4976620.90251753,-0.0546170923962899,14.792
879,1,0,accepted,0.32037642304795,0.384819554442756,484374.594620463,4976620.85841931,-0.0471001069168784,17.028
880,1,0,accepted,0.320672212422953,0.496407583205856,484375.618492402,4976620.81369339,-0.0406382705862204,14.617
881,1,0,accepted,0.31366109859316,0.410628007698715,484376.649858703,4976620.78052306,-0.0370236350307639,19.481
882,1,0,accepted,0.325058045738895,0.443585459722016,484377.681643249,4976620.73395074,-0.0303972882285838,15.558
883,1,0,accepted,0.343824773864341,0.381576422361145,484378.712770698,4976620.68608051,-0.0253645998397366,17.549
884,1,0,accepted,0.344654369722582,0.433392789873706,484379.743523016,4976620.6636575,-0.0182039657915892,22.403
885,1,0,accepted,0.107763795954374,-0.27657084315545,484380.811365276,4976620.89041415,-0.0244083642742173,20.471
886,1,0,accepted,0.107495327314442,-0.178640799586268,484381.852357466,4976620.886394,-0.0163999227355586,15.828
887,1,0,accepted,0.334231764558674,0.602340436672429,484382.860961834,4976620.65008919,0.00331314023212594,19.151
888,1,0,accepted,0.33291933546,0.62868990346445,484383.9255564,4976620.65912401,0.0100565382568286,43.016
889,1,0,accepted,0.143064838405997,-0.0782891210127735,484385.016953778,4976620.89022089,0.00327585786284331,20.569
890,1,0,accepted,0.130782832806616,0.046523049947138,484386.064072979,4976620.93103682,0.0115303173464539,23.105
891,1,0,accepted,0.230878703559104,1.14909366550723,484386.986208217,4976620.82047196,0.036999823950269,16.503
892,0,1,acceptedDirectional,0.210251077227849,1.09154236815408,484388.043562369,4976620.87132214,0.0418765336364726,23.222
893,0,1,acceptedDirectional,0.255363210584932,1.39963963903197,484389.104944382,4976620.86183858,0.0529340466066846,25.022
894,0,1,acceptedDirectional,0.222251172218973,1.26378984835276,484390.16324291,4976620.93746202,0.0559472089621557,29.746
895,1,0,accepted,0.392139831860978,1.59810124815132,484390.933036661,4976620.97698017,0.0674397329216599,19.001
896,1,0,accepted,0.339935459601659,1.42224503803716,484392.006127206,4976621.09600517,0.0696862717567165,24.378
897,1,0,accepted,0.251062428240815,0.855689790192322,484393.114468066,4976621.27529857,0.0651025532233817,13.924
898,1,0,accepted,0.24305344131748,0.667640118245267,484394.179617114,4976621.35056982,0.0671398822470192,16.446
899,1,0,accepted,0.193466025797976,-0.101125453546021,484395.294630756,4976621.54184689,0.0588116813842991,16.835
900,1,0,accepted,0.190668067959665,-0.701123184266835,484396.40090327,4976621.69949235,0.0539723678870463,16.014
901,1,0,accepted,0.261753034570403,0.959182414188,484397.374283988,4976621.5674711,0.08809052045211,13.745
902,1,0,accepted,0.137987311686481,-0.0876177058159719,484398.534368085,4976621.79656877,0.0749929633423941,20.24
903,1,0,accepted,0.0958146185180802,-0.173860166300542,484399.646387429,4976621.885582,0.079071849916929,25.21
904,1,0,accepted,0.0652561376020506,-0.156860596602533,484400.744217036,4976621.98111754,0.0839702786136784,21.213
905,1,0,accepted,0.0299054226050732,-0.155387690287168,484401.850816875,4976622.08691114,0.0875083698115023,20.659
906,1,0,accepted,0.0164353099643885,-0.0523913323078389,484402.964580772,4976622.20143959,0.0917157390307158,18.769
907,1,0,accepted,0.0496429618866734,0.0631401096899995,484404.076690635,4976622.3223133,0.0943042931174131,27.486
908,1,0,accepted,0.0449458641674623,0.307892282484708,484405.164983146,4976622.44506258,0.0979668966271313,26.601
909,1,0,accepted,0.0697098354670312,0.369006102886541,484406.256001414,4976622.56127573,0.097918834823699,14.374
910,1,0,accepted,0.0865763139837271,0.392328383667247,484407.352320605,4976622.67687007,0.0975604826402679,18.221
911,1,0,accepted,0.0788352159018947,0.504279515209045,484408.430201854,4976622.80054536,0.0985575379485341,15.969
912,1,0,accepted,0.101789955706879,0.474568079146672,484409.544804063,4976622.91612348,0.0976079300671528,15.21
913,1,0,accepted,0.104115458324229,0.457671481997972,484410.639612762,4976623.02991536,0.0971472744553683,19.334
914,1,0,accepted,0.0992874265206183,0.489603966092966,484411.73155368,4976623.16441504,0.0980923930511229,28.587
915,1,0,accepted,0.0975059222739921,0.498715218862689,484412.815434858,4976623.28263978,0.0988110256837444,36.618
916,1,0,accepted,0.0936702955266605,0.540968622900763,484413.912012725,4976623.4117651,0.10026353539571,21.495
917,1,0,accepted,0.0972725282776491,0.569558944220811,484415.014580039,4976623.52597807,0.101333411460307,28.706
918,1,0,accepted,0.0970157020637897,0.558431280079033,484416.124212499,4976623.64507538,0.101561976354468,25.016
919,1,0,accepted,0.110272078966362,0.629246229916524,484417.249790188,4976623.76510343,0.1033521364766,21.445
920,1,0,accepted,0.105460322923844,0.647442630894703,484418.353408993,4976623.89457912,0.104338966720236,28.137
921,1,0,accepted,0.0975482441234645,0.613042211346121,484419.46693208,4976624.01566393,0.104437539875527,16.214
922,1,0,accepted,0.14164695309553,-0.153293362222024,484420.439967796,4976624.29372176,0.0915386617593687,13.558
923,1,0,accepted,0.128101378279875,-0.108834105936557,484421.549000645,4976624.40968123,0.0929874514077166,12.275
924,1,0,accepted,0.117714941534542,-0.108673393558306,484422.6699501,4976624.53210991,0.0934342994863155,12.706
925,1,0,accepted,0.0948110929638274,-0.0963496475390348,484423.809530629,4976624.6436603,0.0942226428307218,13.425
926,1,0,accepted,0.0731146007287629,-0.0729114120576317,484424.925419011,4976624.75469179,0.094854465715501,16.423
927,1,0,accepted,0.0462194452384647,-0.0723546774035699,484426.051232326,4976624.86237678,0.0955475619027771,18.416
928,1,0,accepted,0.0236021342265407,-0.0652691844925951,484427.188400492,4976624.97319736,0.0960870544103731,20.89
929,1,0,accepted,0.0255706373026669,-0.0387534295872881,484428.33090019,4976625.0772697,0.0971337497025072,29.134
930,1,0,coarseRetainedByTrustRadius,0.128871939366769,0.0395151676611089,484429.32254597,4976625.27537231,0.0989272073040357,23.515
931,1,0,coarseRetainedByTrustRadius,0.10908477356835,0.153597831278451,484430.469495814,4976625.37475004,0.1015119707692,14.399
932,1,0,coarseRetainedByTrustRadius,0.0997606332188208,0.147460869410127,484431.617826903,4976625.49566473,0.101954741194125,16.311
933,1,0,coarseRetainedByTrustRadius,0.0834007904461321,0.273710761706596,484432.783143976,4976625.59429637,0.104702991271788,14.753
934,1,0,coarseRetainedByTrustRadius,0.0836928702650769,0.347603507463709,484433.962750278,4976625.70770753,0.106906219096815,14.381
935,1,0,coarseRetainedByTrustRadius,0.0968368435846534,0.41577944403616,484435.111782563,4976625.82942998,0.108475967791559,16.74
936,1,0,coarseRetainedByTrustRadius,0.103586112780548,0.397736375157495,484436.277202801,4976625.96377359,0.108650507994674,14.099
937,1,0,coarseRetainedByTrustRadius,0.113103754012112,0.432943828688081,484437.436664015,4976626.09926647,0.109265024658064,14.323
938,1,0,coarseRetainedByTrustRadius,0.114086620554961,0.442342066122945,484438.60780049,4976626.24316066,0.109292366009737,14.028
939,1,0,coarseRetainedByTrustRadius,0.128927096548644,0.471230157592554,484439.796615867,4976626.38204194,0.109922574523814,13.781
940,1,0,coarseRetainedByTrustRadius,0.159968012099625,0.59935572147093,484440.990729116,4976626.51888925,0.112216664438784,12.684
941,1,0,coarseRetainedByTrustRadius,0.169759179531267,0.515935048684451,484442.169968556,4976626.67419564,0.110761090568185,13.004
942,1,0,coarseRetainedByTrustRadius,0.188481589933568,0.489575463262535,484443.356788678,4976626.82381168,0.11053910635301,15.227
943,1,0,coarseRetainedByTrustRadius,0.195067463173974,0.429089640643207,484444.527469298,4976626.97391756,0.109597849507546,14.311
944,1,0,accepted,0.0422314503599949,-0.109786254226765,484445.562721216,4976627.21090863,0.100019017424697,14.779
945,1,0,coarseRetainedByTrustRadius,0.10123980517099,0.452283804202138,484446.753523954,4976627.27812643,0.110237177500103,15.95
946,1,0,accepted,0.0385462460286461,0.495997081052546,484447.818503236,4976627.51748391,0.111502339788617,18.882
947,1,0,accepted,0.0288963166395185,0.471041716099735,484448.996849687,4976627.65650159,0.111335719500215,16.165
948,1,0,accepted,0.0109414447212878,0.452421509042905,484450.172220695,4976627.78645291,0.111231011707622,24.844
949,1,0,accepted,0.0164420203977267,0.435852945049299,484451.372434501,4976627.91329451,0.111027006323769,15.357
950,1,0,accepted,0.0403343971806342,0.381213609638603,484452.564001671,4976628.0407614,0.110587271705419,17.801
951,1,0,accepted,0.0728330950766061,0.292052886467092,484453.754377549,4976628.15011738,0.109541021999776,15.39
952,1,0,accepted,0.088151341742381,0.304441561612644,484454.936749242,4976628.27420692,0.110011572740407,16.947
953,1,0,accepted,0.101311185824418,0.326234360324055,484456.112061202,4976628.40331572,0.110143836109159,18.343
954,1,0,accepted,0.116069658587344,0.338259163202986,484457.287204245,4976628.53182926,0.109977543169054,17.68
955,1,0,accepted,0.135642632044769,0.384287688351574,484458.443292052,4976628.65098001,0.110985434027818,15.514
956,1,0,accepted,0.158302553729983,0.440944914929515,484459.629565909,4976628.77725577,0.112377841536157,27.583
957,1,0,accepted,0.144989038265362,0.359550779581539,484460.812646648,4976628.94047796,0.111300887557831,16.627
958,1,0,accepted,0.128007236211733,0.23389202216663,484462.005207321,4976629.11190395,0.109331783024964,14.477
959,1,0,accepted,0.112590553948029,0.107096197443878,484463.205509472,4976629.28356247,0.107399654330627,15.836
960,1,0,accepted,0.139315317263157,0.227659759299438,484464.394840413,4976629.4112318,0.109793040842793,11.521
961,1,0,accepted,0.114050456465024,-0.00343317656949132,484465.588932231,4976629.59727422,0.105802437016498,12.9
962,1,0,accepted,0.120963775610803,-0.0715897208044226,484466.808765685,4976629.75945293,0.105463189880968,16.741
963,1,0,accepted,0.146084595017296,-0.018288404164997,484467.999927622,4976629.88520025,0.106711977798459,26.095
964,1,0,accepted,0.185280805976414,0.0744246458711385,484469.214789061,4976630.00957344,0.108654496904279,14.234
965,1,0,accepted,0.140049931233919,0.115286987579844,484470.353632791,4976630.18440826,0.110095084803475,21.36
966,1,0,coarseRetainedByTrustRadius,0.084273677350994,-0.142322501049539,484471.408136754,4976630.43412734,0.106224039784526,17.718
967,1,0,accepted,0.167040113191604,-0.413776951288433,484472.52096363,4976630.67697869,0.101847052266671,23.591
968,1,0,accepted,0.115136053976841,-0.374230342011074,484473.742739646,4976630.81326205,0.102825420209885,19.192
969,1,0,accepted,0.0776002555947811,-0.221966407627583,484474.964322892,4976630.94492458,0.105782146476427,14.496
970,1,0,accepted,0.0268814568185241,-0.190595556925746,484476.201704583,4976631.09086126,0.106584204554263,16.913
971,1,0,accepted,0.0169711336409475,-0.00633146935012982,484477.405479204,4976631.24117667,0.109680435424772,20.635
972,1,0,accepted,0.0147605952913627,0.040799780400768,484478.599468507,4976631.39522175,0.11050067830447,26.898
973,1,0,accepted,0.0308397050476935,0.0725264749335604,484479.795895037,4976631.53524153,0.110631083565694,28.365
974,1,0,accepted,0.040206821649895,0.0775990182461761,484480.99235081,4976631.68395616,0.110550086249174,20.79
975,1,0,accepted,0.0549507779101592,0.12462541421596,484482.180852969,4976631.82828248,0.111038000143144,27.1
976,1,0,accepted,0.078416185591328,0.178147277501004,484483.363697396,4976631.96322755,0.111450959650042,26.4
977,1,0,accepted,0.0948419227295783,0.193990204356924,484484.563763991,4976632.10894877,0.110929563087468,16.45
978,1,0,accepted,0.0992451198512166,0.272494600719654,484485.765442659,4976632.26781676,0.111574043796274,19.93
979,1,0,accepted,0.118210742046856,0.241789498714944,484486.976564118,4976632.41382145,0.110205086158776,20.797
980,1,0,accepted,0.129233034129765,0.336227884975154,484488.181570559,4976632.56334843,0.110743991342949,15.205
981,1,0,accepted,0.140163887851843,0.362919545884374,484489.380579769,4976632.71435704,0.110167959936312,25.616
982,1,0,accepted,0.138997422318131,0.366094521748479,484490.573101593,4976632.87063692,0.111565573125803,23.191
983,1,0,coarseRetainedByTrustRadius,0.104176208875632,0.0997126874332866,484491.589286536,4976633.14261425,0.106393105155575,16.036
984,1,0,accepted,0.221448112472646,-0.2009325957791,484492.713931824,4976633.41291096,0.0990673991447325,18.579
985,1,0,accepted,0.183272851197556,-0.0434647705355957,484493.928105769,4976633.54632949,0.102513072485703,38.486
986,1,0,accepted,0.1283764698724,-0.198037460759113,484495.183958052,4976633.69914305,0.0992393460048375,16.456
987,1,0,accepted,0.131410635329835,0.0157441754135379,484496.368787817,4976633.86249725,0.102142542851809,18.464
988,1,0,accepted,0.0915307802908188,0.161299642019605,484497.571553308,4976633.98268791,0.104074673895414,14.985
989,1,0,accepted,0.0765643107214051,0.26515766007303,484498.772649356,4976634.13012366,0.106072444969685,12.596
990,1,0,accepted,0.0615960115892206,0.354620571115638,484499.964062118,4976634.27030899,0.106948535877452,18.019
991,1,0,accepted,0.0412082719288766,0.395832398239585,484501.157932772,4976634.40528913,0.107526177817237,13.759
992,1,0,accepted,0.0295081254243291,0.444533157165906,484502.351610382,4976634.54671299,0.108040217354726,21.115
993,1,0,accepted,0.0169574984290638,0.42746826590239,484503.5313893,4976634.6718685,0.10711936515952,13.156
994,1,0,accepted,0.0342428669492176,0.464568720386205,484504.730290438,4976634.80268627,0.107237094874032,14.633
995,1,0,accepted,0.0278522874766168,0.330007971493142,484505.885090892,4976634.96931235,0.104690140776488,14.961
996,1,0,accepted,0.038669611018439,0.240539715547173,484507.064794829,4976635.11989933,0.103065024413839,24.151
997,1,0,accepted,0.0750994926775343,0.491636065081489,484508.243910033,4976635.20131699,0.107039910196461,16.536
998,1,0,accepted,0.0430784204930523,0.256742592926775,484509.400922425,4976635.38995635,0.102435151203507,15.229
999,1,0,accepted,0.034486088158534,0.217289104035669,484510.556107825,4976635.53505174,0.101811975222073,27.419
1000,1,0,accepted,0.0272947295140862,0.229595423809797,484511.689961109,4976635.67013787,0.101379317811771,34.401
1001,1,0,coarseRetainedByTrustRadius,0.163885946395195,0.0546104292397803,484512.682325285,4976635.90202473,0.0981476494713159,18.291
1002,1,0,coarseRetainedByTrustRadius,0.163130002276542,0.0965212138744444,484513.826089152,4976636.0186357,0.098815613462038,23.819
1003,1,0,coarseRetainedByTrustRadius,0.164591115328533,0.203891567250263,484514.972115984,4976636.13452184,0.100270724712585,26.217
1004,1,0,coarseRetainedByTrustRadius,0.158236161965212,0.255183848060129,484516.128006324,4976636.25580861,0.101511036084974,26.048
1005,1,0,accepted,0.249852322319317,0.331300061954118,484517.192059067,4976636.47628147,0.10341824427532,20.124
1006,1,0,accepted,0.225721463972537,0.317930722101688,484518.36120434,4976636.61147237,0.103483320248575,20.719
1007,1,0,accepted,0.195911788129274,0.313660701099512,484519.531107748,4976636.73987964,0.104071144676936,14.805
1008,1,0,accepted,0.176080581403852,0.281266868650368,484520.683191658,4976636.87605873,0.10396755276847,15.294
1009,1,0,accepted,0.151446141449623,0.276150854257091,484521.838914984,4976637.00713302,0.104188797284214,14.691
1010,1,0,accepted,0.125612950274823,0.303591692042886,484522.993984656,4976637.14204174,0.10505973740988,16.581
1011,1,0,coarseRetainedByTrustRadius,0.0918189698313819,0.457764275267766,484524.302788763,4976637.18536473,0.107749463945005,15.529
1012,1,0,coarseRetainedByTrustRadius,0.0800051682904435,0.375047832991561,484525.416722383,4976637.32864658,0.105856125163842,17.804
1013,1,0,accepted,0.072860764784222,0.373286996868359,484526.433621324,4976637.55978804,0.106926479128726,16.973
1014,1,0,accepted,0.0498143125808319,0.393652717989857,484527.580220454,4976637.69575616,0.107208796121656,17.036
1015,1,0,accepted,0.0358872028223043,0.427907959555959,484528.713814573,4976637.82474355,0.108092541637257,16.89
1016,1,0,accepted,0.0170591676926541,0.425332769981763,484529.852367537,4976637.95719522,0.108381706224382,16.126
1017,1,0,accepted,0.00889971019869065,0.411020509823809,484530.993439989,4976638.08651965,0.108361166813905,17.376
1018,1,0,accepted,0.0209141325480348,0.391674393322283,484532.12965112,4976638.21822794,0.108057811184569,17.795
1019,1,0,accepted,0.03321179217917,0.397344878642232,484533.260996619,4976638.34404384,0.108974076574631,14.511
1020,1,0,accepted,0.0483304033623613,0.376495762193865,484534.401041718,4976638.47192785,0.109826257974167,17.64
1021,1,0,accepted,0.0652054789676213,0.347636230478471,484535.519720293,4976638.59647848,0.110693053448234,13.635
1022,1,0,accepted,0.0839235436958519,0.321474401817377,484536.650192471,4976638.72111245,0.111425843160727,18.067
1023,1,0,accepted,0.100116467484772,0.389426176460969,484537.778565586,4976638.84972053,0.113359099612092,13.779
1024,1,0,accepted,0.124372707504796,0.355001896907019,484538.910372262,4976638.97174907,0.113739196806712,13.06
1025,1,0,accepted,0.140190639182073,0.328556713294081,484540.034999395,4976639.09984026,0.114248277785228,13.437
1026,1,0,accepted,0.154254540849669,0.338409026797539,484541.152888951,4976639.23100035,0.115219286534493,13.904
1027,1,0,accepted,0.075407274069104,-0.4798052541173,484542.298684807,4976639.53309036,0.102040531719352,15.862
1028,1,0,accepted,0.104856560302273,-0.572950580246481,484543.437324631,4976639.66557844,0.101510596053379,11.435
1029,1,0,accepted,0.141239026319146,-0.274941708009454,484544.558551825,4976639.76115614,0.10685419070624,11.229
1030,1,0,accepted,0.210536636979676,0.0785002914964344,484545.679814274,4976639.83228213,0.114912901866077,17.628
1031,1,0,accepted,0.247458536462943,0.217909134998366,484546.803999269,4976639.96036954,0.117849005696494,15.115
1032,1,0,accepted,0.287643806572088,0.333110648642869,484547.94312333,4976640.0895381,0.120572612349618,12.935
1033,1,0,accepted,0.330505849616519,0.420694961564068,484549.092895486,4976640.22560854,0.122852937434452,12.489
1034,1,0,accepted,0.172054006001269,-0.0744226413484081,484549.830231402,4976640.64308242,0.115053473343197,15.75
1035,1,0,accepted,0.154147657408877,-0.110481624327723,484550.96347021,4976640.79585737,0.115389474794554,13.668
1036,1,0,accepted,0.13903715268022,-0.165097780491286,484552.128773542,4976640.95398178,0.115911631934256,13.086
1037,1,0,accepted,0.126177177540874,-0.199937659467059,484553.280418268,4976641.105741,0.11700249216167,11.715
1038,1,0,accepted,0.118111850532924,-0.224960302296305,484554.408483442,4976641.26574182,0.118215336857146,10.702
1039,1,0,accepted,0.0928202344677614,-0.313401836849221,484555.557714089,4976641.41224263,0.118378944738867,10.517
1040,1,0,accepted,0.0500540527494952,-0.356997817551632,484556.689820053,4976641.54168229,0.119049426440665,12.002
1041,1,0,accepted,0.0721272646540838,-0.386805436439025,484557.850914355,4976641.68691837,0.119303324608264,12.934
1042,1,0,accepted,0.116480684612525,-0.384748058166692,484559.026750617,4976641.8319455,0.119598473826895,17.128
1043,1,0,accepted,0.157962098786026,-0.37455621152521,484560.194779671,4976641.97578781,0.119522947707914,29.281
1044,1,0,accepted,0.182306085403033,-0.309563484268838,484561.355595764,4976642.13050769,0.120204080915895,17.596
1045,1,0,accepted,0.206636532386399,-0.298541285412849,484562.508704269,4976642.27678677,0.120544615950772,22.887
1046,1,0,accepted,0.229527444532285,-0.293892644375291,484563.658737582,4976642.41857479,0.12080226721869,14.212
1047,1,0,accepted,0.227313562890075,-0.256576864672381,484564.795954772,4976642.57108809,0.121917092075336,13.579
1048,1,0,accepted,0.106715162125839,-0.0788417534256626,484565.815878496,4976642.76890258,0.125710558987021,14.296
1049,1,0,accepted,0.0927556459194749,-0.00569072652241956,484566.943596901,4976642.93093666,0.127669202530503,13.951
1050,1,0,accepted,0.0787864290840805,0.00978300066513997,484568.063459819,4976643.09209724,0.128786506627671,19.853
1051,1,0,accepted,0.0812305545654411,0.0584951109577763,484569.206764077,4976643.25471791,0.129659457982304,16.645
1052,1,0,accepted,0.0845998737291197,0.0240528241729298,484570.363716152,4976643.42165514,0.129407631579378,15.536
1053,1,0,accepted,0.032383958809841,-0.156299056455831,484571.466153904,4976643.64492506,0.126234902846843,14.646
1054,1,0,accepted,0.0221497589874191,-0.224195397964656,484572.636005668,4976643.82330273,0.124717830958746,20.302
1055,1,0,accepted,0.0507394791601605,-0.110143696881754,484573.79805969,4976643.96652001,0.126655949228889,15.135
1056,1,0,accepted,0.0618913667087375,-0.111423136943522,484574.977860026,4976644.13037391,0.126469565591597,17.231
1057,1,0,accepted,0.0704866012172022,-0.206953864201296,484576.17981253,4976644.30684378,0.124321547932354,18.891
1058,1,0,accepted,0.090413433280587,-0.308124281847787,484577.365875802,4976644.47486998,0.122420129401851,14.654
1059,1,0,accepted,0.0953397390168858,-0.645414256052656,484578.558136079,4976644.71315282,0.116482036924986,62.472
1060,1,0,accepted,0.176400836947004,-1.15573849682475,484579.522620793,4976645.0028098,0.107234212618625,76.853
1061,1,0,accepted,0.150999490727804,-1.2110219549509,484580.7229291,4976645.15966291,0.106150346118631,27.785
1062,1,0,accepted,0.124750523897711,-1.22619488340935,484581.928976695,4976645.31314341,0.105979450733459,20.708
1063,1,0,accepted,0.0927585446043307,-1.11182040261508,484583.127378302,4976645.45695563,0.107536058124344,26.71
1064,1,0,accepted,0.0674076279676522,-0.966544048169111,484584.323091047,4976645.6055272,0.110211532966704,23.156
1065,1,0,accepted,0.0582215096880539,-0.862459233178197,484585.53808446,4976645.77316097,0.111770563811592,25.404
1066,1,0,accepted,0.0460096877596725,-0.658824334837189,484586.718398895,4976645.93133124,0.11515483359091,19.516
1067,1,0,accepted,0.0285510466134865,-0.635540122249759,484587.921068223,4976646.0828397,0.115451157040924,19.434
1068,1,0,accepted,0.0207324962634675,-0.5192669341811,484589.120906739,4976646.23962582,0.117287627777112,20.522
1069,1,0,accepted,0.0332993119467845,-0.484898201037856,484590.326724679,4976646.39104785,0.117662181690701,20.877
1070,1,0,accepted,0.0522886123996902,-0.411544925550759,484591.524342964,4976646.54667092,0.119061979484944,19.774
1071,1,0,accepted,0.0699471525159117,-0.370782881860221,484592.72968626,4976646.7036299,0.120048686039519,16.614
1072,1,0,accepted,0.0836162487295413,-0.29552716759922,484593.92583223,4976646.86446122,0.121708292385591,15.998
1073,1,0,accepted,0.0244853395837765,-0.0586544220536157,484595.099957584,4976647.0972881,0.126260924066793,29.449
1074,1,0,accepted,0.0140256428653557,0.00893664961633341,484596.295025231,4976647.28170847,0.128086646373957,15.076
1075,1,0,accepted,0.0108435238664952,0.0403500561527814,484597.482416309,4976647.46736432,0.128879949633399,18.782
1076,1,0,accepted,0.0187109941724446,0.0866347694641729,484598.680252064,4976647.63943452,0.129971222805193,16.52
1077,1,0,accepted,0.0337715265145688,0.0578105609360989,484599.873598057,4976647.84373702,0.130086126111373,18.118
1078,1,0,accepted,0.0420506230098701,0.0503230912475632,484601.063475544,4976648.03507501,0.130471135410637,25.689
1079,1,0,accepted,0.0457985783615758,-0.00284404846855105,484602.255597656,4976648.22979857,0.130044590359507,24.261
1080,1,0,accepted,0.0469790684022805,0.0242566950453537,484603.467682969,4976648.39951748,0.130858724070857,21.888
1081,1,0,accepted,0.0713557347185054,0.0163737443079872,484604.687482297,4976648.55856118,0.131673140914097,14.81
1082,1,0,accepted,0.0996157209073031,0.0474441123496288,484605.904209168,4976648.72472481,0.132498360730241,14.506
1083,1,0,accepted,0.137138784686493,0.0863322565909714,484607.142977647,4976648.89216492,0.133671504195434,18.516
1084,1,0,accepted,0.185761084407261,0.374123659533538,484608.349531157,4976649.04435157,0.138940893063555,16.466
1085,1,0,accepted,0.211935909056509,0.0998745007945297,484609.618882734,4976649.24498175,0.134487023786562,17.554
1086,1,0,accepted,0.244544212369299,0.276370436286281,484610.823407279,4976649.4161797,0.137515516513471,21.701
1087,1,0,accepted,0.206619755694162,0.249035066138014,484611.9913015,4976649.64605853,0.137140737503576,15.687
1088,1,0,accepted,0.0790521418953255,-0.10318950548016,484613.024125958,4976650.04242373,0.13127155309848,16.124
1089,1,0,accepted,0.0398072544841857,-0.181564473519824,484614.259943255,4976650.2311815,0.130039195926541,17.977
1090,1,0,accepted,0.0182646016032707,-0.200536141474919,484615.484423265,4976650.41199786,0.129870936185407,19.329
1091,1,0,accepted,0.0317449934538965,-0.195680585329598,484616.706083673,4976650.58876117,0.130291471254258,17.871
1092,1,0,accepted,0.0559494235470801,-0.14884630425087,484617.902474585,4976650.76179817,0.131249379118731,17.371
1093,1,0,accepted,0.0643160806109111,0.0389185931004738,484619.098589318,4976650.95169046,0.134356781925996,27.201
1094,1,0,accepted,0.0840848752221761,0.0627041328786396,484620.315418792,4976651.13584634,0.135004039023768,16.355
1095,1,0,coarseRetainedByTrustRadius,0.284492974449496,0.751540644205896,484621.664137314,4976651.1967513,0.146859384522866,18.895
1096,1,0,coarseRetainedByTrustRadius,0.284375849289328,0.932155231933384,484622.871276861,4976651.40159915,0.150111638036017,25.586
1097,1,0,accepted,0.134269110641467,0.330616757532447,484623.959646562,4976651.70447997,0.13959308656051,16.221
1098,1,0,accepted,0.141618728208955,0.405983268074542,484625.173829051,4976651.89078601,0.140881663954537,19.464
1099,1,0,accepted,0.149588964007332,0.434344947095028,484626.343256612,4976652.07311047,0.1412920311368,19.336
1100,1,0,accepted,0.163073927678228,0.429566291339277,484627.542665405,4976652.25453203,0.141389538603987,18.419
1101,1,0,accepted,0.0889317159928237,0.495637530888742,484628.621172023,4976652.5035586,0.142328956932247,17.619
1102,1,0,accepted,0.111569278688597,0.493668541495697,484629.761515564,4976652.70141223,0.141870515033848,24.314
1103,1,0,accepted,0.164963243397607,-0.03674559503268,484630.87055629,4976653.02536185,0.133006152678168,17.333
1104,1,0,accepted,0.166348753024803,-0.211068413992688,484632.075212674,4976653.24204931,0.129687290315115,12.981
1105,1,0,accepted,0.137890951803441,-0.0987876487261089,484633.276865463,4976653.40029262,0.131416644666557,10.582
1106,1,0,accepted,0.116896226397304,-0.178738589771926,484634.490097352,4976653.58968074,0.129618000440067,8.977
1107,1,0,accepted,0.0918724251699876,-0.213789906575271,484635.700650331,4976653.76936045,0.128686458366185,9.338
1108,1,0,accepted,0.0771753036381363,-0.258285917469578,484636.902766411,4976653.94181277,0.127473860874542,15.104
1109,1,0,accepted,0.064793185719923,-0.197369672296935,484638.116751431,4976654.0955155,0.128208202425719,14.696
1110,1,0,accepted,0.045244162651861,-0.23975909255745,484639.344974846,4976654.27928596,0.127055470686434,12.61
1111,1,0,accepted,0.064254254836974,-0.252369249568806,484640.593978863,4976654.45863178,0.126605107398142,14.09
1112,1,0,accepted,0.100577211183461,-0.194309474540839,484641.805409533,4976654.63315703,0.127104619916622,16.491
1113,1,0,accepted,0.127198945062239,-0.190511514135057,484643.002988873,4976654.80403361,0.126653072978915,15.216
1114,1,0,accepted,0.150616381705151,-0.296364242127511,484644.175962167,4976654.95573598,0.124787125681555,18.139
1115,1,0,accepted,0.176292702647136,-0.246518164623445,484645.367481666,4976655.12202243,0.124880885556246,18.061
1116,1,0,accepted,0.206941557274715,-0.281877948925401,484646.554753022,4976655.28001234,0.124487494758696,15.229
1117,1,0,accepted,0.120974768498873,0.403951047117674,484647.58909285,4976655.5074888,0.13600291867629,12.853
1118,1,0,accepted,0.13228386768098,0.432713784126112,484648.800549234,4976655.68595779,0.135962708805178,17.745
1119,1,0,accepted,0.143551490725108,0.458302698481884,484649.974624582,4976655.86123143,0.136166367650735,14.417
1120,1,0,accepted,0.16025974055763,0.453431881538281,484651.138802841,4976656.02788287,0.135776307223578,13.82
1121,1,0,accepted,0.184310138937262,0.438500831771242,484652.318074326,4976656.19409472,0.135497910047114,13.534
1122,1,0,accepted,0.195829287551295,0.435848989614506,484653.470270815,4976656.36038805,0.135339458939117,17.511
1123,1,0,accepted,0.212163111837303,0.445468585918468,484654.612659662,4976656.52216962,0.13508216558623,14.279
1124,1,0,accepted,0.131746648219971,0.271476944474116,484655.693758229,4976656.75987142,0.131675470447085,13.898
1125,1,0,accepted,0.102995707310044,0.290579601871199,484656.735268743,4976656.97065832,0.131736356227999,12.382
1126,1,0,accepted,0.11869093385123,0.241586815649417,484657.89245056,4976657.11987286,0.130570664721622,15.126
1127,1,0,accepted,0.137809218911014,0.21121778339645,484659.040638713,4976657.2730804,0.129813015185072,13.425
1128,1,0,accepted,0.153343022364248,0.141098935726216,484660.19764887,4976657.43319903,0.128464036747904,18.022
1129,1,0,accepted,0.167772097229359,0.0128516989867703,484661.364782324,4976657.60122397,0.125835103083436,13.361
1130,1,0,accepted,0.139303492210861,-0.0377426496914408,484662.463948252,4976657.79881366,0.124637211309977,13.637
1131,1,0,accepted,0.151576091149566,-0.0552663501230851,484663.59162572,4976657.96345321,0.124174658336614,16.687
1132,1,0,accepted,0.147737565373998,0.155543468186062,484664.534025066,4976658.16415517,0.127627009103186,19.331
1133,1,0,accepted,0.143530345757503,0.159834949232039,484665.648809614,4976658.33376492,0.127712858247436,17.127
1134,1,0,accepted,0.113607391882034,0.156793850359636,484666.787884215,4976658.51569592,0.128136348228296,15.843
1135,1,0,accepted,0.0991402082545836,0.151598996485875,484667.90492674,4976658.69343599,0.128178912098228,17.504
1136,1,0,accepted,0.0989765235779227,0.0906287448420242,484669.033629982,4976658.85658148,0.127428006841608,15.385
1137,1,0,accepted,0.109646053583481,0.0797174509660937,484670.140472581,4976659.01108212,0.127475172217112,16.727
1138,1,0,accepted,0.11247292638354,0.0634892262057475,484671.261343622,4976659.18110773,0.127337894446734,14.099
1139,1,0,accepted,0.116264973846384,0.103851649638322,484672.326476961,4976659.34050888,0.128313356494129,15.148
1140,1,0,accepted,0.119834105982693,0.169604951540581,484673.399575591,4976659.50429189,0.129547433627159,14.109
1141,1,0,accepted,0.119710090487251,0.163382407387297,484674.495966413,4976659.67581721,0.129631247193267,14.673
1142,1,0,accepted,0.147282394317655,0.123277558479746,484675.61425273,4976659.8278211,0.128954784512,14.183
1143,1,0,accepted,0.157367015166827,0.24827960495016,484676.676029899,4976659.98378233,0.131126808627047,21.985
1144,1,0,accepted,0.198777936636044,0.346917045236873,484677.759781183,4976660.1146663,0.132723089484326,14.201
1145,1,0,accepted,0.187036598466022,0.276869902217125,484678.829861255,4976660.29796718,0.13180574281448,11.646
1146,1,0,accepted,0.188366833911456,0.320069107415961,484679.882988441,4976660.46052516,0.132646879058602,12.257
1147,1,0,accepted,0.178558300332895,0.499718530587037,484680.881939386,4976660.61944965,0.135830880233261,15.282
1148,1,0,accepted,0.178188058090088,0.457280396019767,484681.940676521,4976660.78564685,0.135150230567517,14.662
1149,1,0,accepted,0.217460202950295,0.399048054908775,484683.06899922,4976660.93701386,0.134278331332153,12.369
1150,0,1,acceptedDirectional,0.120608964564983,-0.101928881159201,484684.113678579,4976661.22218037,0.125603503620068,10.876
1151,1,0,accepted,0.144963653250664,0.425902728358746,484684.909849711,4976661.3974494,0.13476086071153,12.664
1152,1,0,accepted,0.160793933048767,0.556312024586552,484685.933280821,4976661.55020744,0.136878833704586,8.913
1153,1,0,accepted,0.145343708321125,0.492055356609051,484686.977163482,4976661.72871141,0.135707455694811,8.135
1154,1,0,accepted,0.131246354188963,0.368387403753548,484688.017205578,4976661.92412314,0.132888532927949,8.417
1155,1,0,accepted,0.129868355400059,0.338955587785877,484689.049223248,4976662.07203766,0.132501116546173,9.344
1156,1,0,accepted,0.127188975330102,0.275470068090448,484690.077523969,4976662.23588932,0.131052248969302,8.899
1157,1,0,accepted,0.102407981344155,0.213759686745241,484691.101409451,4976662.39710341,0.129865201485505,8.449
1158,1,0,accepted,0.109392258631028,0.245754788588725,484692.12095385,4976662.52689798,0.130182886358623,8.85
1159,1,0,accepted,0.0948643636835876,0.206754788554196,484693.14902347,4976662.68516093,0.129153751993982,9.326
1160,1,0,accepted,0.0807510119012151,0.158604378793391,484694.177750933,4976662.8353788,0.127857587865208,9.025
1161,1,0,accepted,0.072495528063806,0.117851483902778,484695.203937205,4976662.98296165,0.126427799109272,9.578
1162,1,0,accepted,0.0865031407078979,0.120917974409223,484696.211323183,4976663.12205365,0.125784289689506,8.614
1163,1,0,accepted,0.0965574135009598,0.15445010040633,484697.234514348,4976663.25665711,0.125594173979356,15.802
1164,1,0,accepted,0.117232357259495,0.194555618953787,484698.227401599,4976663.38577208,0.125334762678456,11.519
1165,1,0,accepted,0.141901447883421,0.247943932822279,484699.2383573,4976663.51178699,0.12526214345388,9.658
1166,1,0,accepted,0.1681512668837,0.27406178957853,484700.259186082,4976663.64043193,0.124679479438813,8.151
1167,1,0,accepted,0.193776761682613,0.344039613614728,484701.263664905,4976663.76809608,0.124918816254864,9.138
1168,1,0,accepted,0.189381790486795,0.320825499051243,484702.233907328,4976663.9143825,0.12351682715714,13.563
1169,1,0,accepted,0.202307378333583,0.293348706591678,484703.219965643,4976664.04755454,0.122101103862081,10.351
1170,1,0,accepted,0.212127517371995,0.315623138610539,484704.202033054,4976664.18168726,0.121325519705022,10.416
