frame,accepted,directional,reason,errorM,yawErrorDeg,x,y,psi,matchingMs
1,0,0,insufficientComponents,0.640312423976002,2,484201.572914107,4977500.52147539,-2.10588080737395,6.17
2,1,0,accepted,0.0702935331973758,-0.00885867026196437,484201.040948926,4977500.85903413,-2.14094439909674,10.402
3,1,0,accepted,0.072751516242716,0.0723187351338433,484201.045158018,4977500.85454362,-2.13950794953317,9.635
4,1,0,accepted,0.0725301663324307,0.0476908211313314,484201.042988274,4977500.8559251,-2.13994237450816,9.079
5,1,0,accepted,0.0806153634726256,0.195697926883958,484201.043997858,4977500.8469461,-2.13736257750081,10.069
6,1,0,accepted,0.0761695114107996,0.196958492155744,484201.041652088,4977500.85304978,-2.13732538468376,9.381
7,1,0,accepted,0.0746608414305642,0.180799885410413,484201.041359888,4977500.8548545,-2.13760088594996,10.326
8,1,0,accepted,0.0723955127830422,0.171939827684495,484201.039690534,4977500.85658517,-2.13775935022704,9.212
9,1,0,accepted,0.0842286102667759,0.196251659903595,484201.035082775,4977500.84173147,-2.13731707615886,8.813
10,1,0,accepted,0.0786270083063681,0.186480818145188,484201.030127534,4977500.84297836,-2.13749749532826,9.7
11,1,0,accepted,0.0702944632366275,0.186654676650555,484201.028120775,4977500.84056754,-2.13750439129271,9.424
12,1,0,accepted,0.0640526097630726,0.256147279190989,484201.02092114,4977500.83445314,-2.13625883561111,9.382
13,1,0,accepted,0.049139242349004,0.236764917532484,484201.019560817,4977500.82929634,-2.13663911541483,9.051
14,1,0,accepted,0.0322615350458385,0.232892315654603,484201.009046064,4977500.82622052,-2.13663528095583,9.331
15,1,0,accepted,0.0322251410189119,0.254049251535887,484200.991530064,4977500.80181904,-2.13620602056722,8.982
16,1,0,accepted,0.0322375526792787,0.240897002844632,484200.973131209,4977500.77066105,-2.13632282073374,8.851
17,1,0,accepted,0.0329669907222249,0.172104093834316,484200.951702731,4977500.73458677,-2.13735111412605,9.273
18,1,0,accepted,0.0333147659792732,0.14499622473802,484200.923068654,4977500.69723304,-2.13764651161976,9.461
19,1,0,accepted,0.0352194808153067,0.0431407725637764,484200.892000054,4977500.65190435,-2.13914583240892,9.499
20,1,0,accepted,0.03600398559632,0.0420917664338295,484200.85776465,4977500.60328325,-2.13870571105945,8.981
21,1,0,accepted,0.0323328364293968,0.031998320996652,484200.825793094,4977500.54941999,-2.13824385487011,9.925
22,1,0,accepted,0.0385410462091683,0.235817614056166,484200.794906041,4977500.47434806,-2.13398317926793,8.991
23,0,0,inconsistentClasses,0.0311170676075029,0.232098054905851,484200.75695531,4977500.4114777,-2.1331408919727,11.398
24,0,0,inconsistentClasses,0.0246216043113943,0.223188568623456,484200.714291292,4977500.34171585,-2.13202117103074,11.896
25,0,0,inconsistentClasses,0.0199447669216104,0.214387503521658,484200.666738186,4977500.26449267,-2.13078539879888,12.249
26,1,0,accepted,0.010818681626523,-0.722938549186219,484200.612644989,4977500.19619834,-2.14502075754335,11.488
27,1,0,accepted,0.0126573049675883,-0.51777611455399,484200.545620095,4977500.08967684,-2.13986876148531,10.456
28,1,0,accepted,0.00551803400731418,-0.660127432001896,484200.469948064,4977499.98395093,-2.14204652832455,10.115
29,1,0,accepted,0.0112854768183264,-0.64700493205236,484200.399319061,4977499.87406121,-2.13966879960632,11.007
30,1,0,accepted,0.00982532478917635,-0.300396160481446,484200.32707548,4977499.7452069,-2.13100138511788,9.249
31,1,0,accepted,0.00395442305276069,-0.030621991324683,484200.246488902,4977499.61885871,-2.12551020543357,9.32
32,1,0,accepted,0.00944207333684759,-0.342653588888209,484200.174755465,4977499.49436103,-2.12993472729226,11.005
33,1,0,accepted,0.0100949948847817,0.0601249062957518,484200.090370569,4977499.35230984,-2.12111597205744,9.149
34,1,0,accepted,0.0410444705233136,0.553409895487115,484200.021169615,4977499.18386992,-2.11049722713695,9.451
35,1,0,accepted,0.0389458361832162,0.524369501830733,484199.939380519,4977499.04501327,-2.10914080209623,9.329
36,1,0,accepted,0.0358916461851385,0.249968946595346,484199.844949958,4977498.89537788,-2.11262327168625,9.075
37,1,0,accepted,0.0254952197980641,0.213122737147404,484199.751392009,4977498.75584322,-2.1121818419945,8.729
38,1,0,accepted,0.0197391377148326,0.182688648591516,484199.652499286,4977498.60194813,-2.11126609867018,8.729
39,1,0,accepted,0.0135460287625279,0.162936752386312,484199.552262333,4977498.44923283,-2.1102734087592,8.673
40,1,0,accepted,0.019460382924398,0.179585759637957,484199.460113784,4977498.29002931,-2.10913948045259,8.62
41,1,0,accepted,0.0167846245099924,0.204501559151028,484199.355896603,4977498.12248047,-2.1083484462148,8.571
42,1,0,accepted,0.028105096807582,0.312551964732656,484199.257879011,4977497.92703215,-2.10658111704858,9.617
43,1,0,accepted,0.0249267629180898,0.290591951163633,484199.156444259,4977497.76120751,-2.10693662328128,8.487
44,1,0,accepted,0.0195138518647405,0.312262798742334,484199.05261355,4977497.59427051,-2.10675924946079,8.549
45,1,0,accepted,0.0186475045847108,0.311076386096424,484198.949709015,4977497.42361302,-2.10697520659416,8.967
46,1,0,accepted,0.0310819216422375,0.33363042794336,484198.849786652,4977497.24255035,-2.10649557710588,8.59
47,1,0,accepted,0.0273567855081755,0.328799012549134,484198.754779374,4977497.08304677,-2.10756353356078,8.614
48,1,0,accepted,0.0288780595592477,0.320575854946191,484198.658119894,4977496.9144095,-2.10858353339954,9.076
49,1,0,accepted,0.0349864401577635,0.336829407690888,484198.56202747,4977496.74082829,-2.10905394528227,8.603
50,1,0,accepted,0.0347427497966106,0.321547109102786,484198.469739702,4977496.57865902,-2.10996621227643,8.886
51,1,0,accepted,0.0432014862223319,0.356826569422361,484198.379110239,4977496.41473676,-2.11001157185056,8.705
52,1,0,accepted,0.0378824971042208,0.333863366364493,484198.292524563,4977496.26784729,-2.11044703402997,8.4
53,1,0,accepted,0.0248012124734876,0.304115758827161,484198.210590681,4977496.13310133,-2.11128124467465,8.507
54,1,0,accepted,0.0400608518205834,0.356247273986922,484198.123626317,4977495.96630933,-2.11111806267835,9.116
55,1,0,accepted,0.0338808831473209,0.342953783357338,484198.034372328,4977495.81814371,-2.11167892459077,8.362
56,1,0,accepted,0.0359694670244325,0.407679620648411,484197.957543343,4977495.66716653,-2.11068370547407,8.002
57,1,0,accepted,0.04154125282331,0.459383105557674,484197.864537904,4977495.49843054,-2.1102994001017,8.563
58,1,0,accepted,0.036076845623057,0.26065841537435,484197.76279475,4977495.40325215,-2.11415560907687,9.556
59,1,0,accepted,0.0459515648939577,0.243267476878148,484197.664375741,4977495.24745996,-2.11431370278474,9.75
60,1,0,accepted,0.0502025535351777,0.25304246166352,484197.570229083,4977495.08058032,-2.11373775032262,8.98
61,1,0,accepted,0.0963794151805561,0.152284064301034,484197.485287971,4977494.95162993,-2.1143656032438,10.159
62,1,0,accepted,0.080781995790072,0.206696980250237,484197.371719669,4977494.76495267,-2.11193296056826,9.068
63,1,0,accepted,0.0228123522125677,0.319983152647225,484197.26668158,4977494.52165192,-2.10743877053207,8.431
64,1,0,accepted,0.0178099836983527,0.321026455698543,484197.157829428,4977494.33044304,-2.10604758421813,8.792
65,1,0,accepted,0.00986728841753747,0.353254055180939,484197.045704617,4977494.14745864,-2.10477549610112,8.597
66,1,0,accepted,0.0145027554215249,0.314885183176423,484196.948740664,4977493.96511668,-2.10356771618759,11.961
67,1,0,accepted,0.0169092465149597,0.26539004434347,484196.843118189,4977493.77488171,-2.10114159419804,8.654
68,1,0,accepted,0.0168323163997258,0.270072146934363,484196.731343494,4977493.57876305,-2.09673054655614,8.852
69,1,0,accepted,0.0307186190074968,0.295669346427523,484196.629602942,4977493.36942791,-2.09065350224872,8.466
70,1,0,accepted,0.0303616696960563,0.203124416937462,484196.517347408,4977493.17691321,-2.08505288995393,8.733
71,1,0,accepted,0.0551906053884091,0.476995510950686,484196.346096065,4977492.90889187,-2.0718011550026,11.404
72,1,0,accepted,0.0257596192549389,0.14016572924415,484196.213109018,4977492.71475775,-2.06780097401161,10.68
73,1,0,accepted,0.0186435683915189,0.0603824892048614,484196.082471059,4977492.47439794,-2.05771782532254,10.057
74,1,0,accepted,0.0199680265919769,0.0698960758079272,484195.938930571,4977492.21312091,-2.04409438873035,10.306
75,1,0,accepted,0.0258036774082872,0.182161781501327,484195.789223254,4977491.9193204,-2.02647994803493,10.683
76,1,0,accepted,0.0107691194665011,0.122816901403046,484195.649812709,4977491.64133964,-2.01091595567663,10.918
77,1,0,accepted,0.0229793019701415,0.192019103661116,484195.49910941,4977491.34897018,-1.99353086146633,10.787
78,1,0,accepted,0.0324821817396825,0.0535071525805044,484195.348715133,4977491.03080291,-1.97648463822299,10.238
79,1,0,accepted,0.0139359905339241,-0.00466135720979617,484195.219933142,4977490.65381654,-1.95746120449147,10.595
80,1,0,accepted,0.0269838036460858,-0.13735007685749,484195.077330267,4977490.30779593,-1.93731389694687,9.625
81,1,0,accepted,0.0367861730385409,-0.261345137795951,484194.934220081,4977489.94009619,-1.91505917109911,9.833
82,1,0,accepted,0.049955722691085,-0.251912852331341,484194.792337692,4977489.56680295,-1.88938057441002,9.675
83,1,0,accepted,0.0589891185965752,-0.216022853436133,484194.626353583,4977489.17979545,-1.86169746039467,10.191
84,1,0,accepted,0.0826272293229803,-0.208063255002854,484194.498614904,4977488.79110939,-1.83493750419762,10.084
85,1,0,accepted,0.0833966558033582,-0.129034209458764,484194.370005435,4977488.36044618,-1.80654582576351,9.496
86,1,0,accepted,0.0922056201433913,-0.0913497659721929,484194.246552698,4977487.92657951,-1.77995593428502,11.301
87,1,0,accepted,0.0979667456781372,-0.200651319760822,484194.161709894,4977487.47794324,-1.75442734961402,10.695
88,1,0,accepted,0.0929291292363884,-0.0323416117951686,484194.071437756,4977487.01153446,-1.7245493019869,10.257
89,1,0,accepted,0.0966024573413547,-0.0878582851765711,484193.989292987,4977486.5487063,-1.69768646338022,11.446
90,1,0,accepted,0.0997581968365208,-0.177213657690617,484193.948444429,4977486.0681152,-1.67097339008637,10.373
91,1,0,accepted,0.101933067325632,-0.269517620554787,484193.891523074,4977485.57962455,-1.6427164081641,11.326
92,1,0,accepted,0.101031853232439,-0.234038362202621,484193.841094033,4977485.0821916,-1.61216004143011,11.457
93,1,0,accepted,0.106973689382291,-0.30943146186703,484193.804650317,4977484.58309217,-1.58372458627073,11.57
94,1,0,accepted,0.0974741972241845,-0.410252452564094,484193.77828199,4977484.06182699,-1.55562951842226,11.4
95,1,0,accepted,0.107907754695793,-0.473797102321686,484193.773281243,4977483.54815863,-1.52610868360865,11.2
96,1,0,accepted,0.137114406234527,-0.59971179377377,484193.800641183,4977483.04183517,-1.49693228212777,10.514
97,1,0,accepted,0.152315787574537,-0.673385739151033,484193.823216869,4977482.52766203,-1.46712871722041,12.057
98,1,0,accepted,0.154672885749571,-0.762234174519155,484193.863149714,4977481.99167106,-1.43716998969787,11.298
99,1,0,accepted,0.141897144212692,-0.73184810397219,484193.940508802,4977481.43156166,-1.40636502158521,10.641
100,1,0,accepted,0.102339659275418,-0.509926442988578,484194.007744893,4977480.84223963,-1.37187004390765,11.551
101,1,0,accepted,0.116043149688429,-0.688103419691913,484194.119425296,4977480.29175565,-1.34607564836626,11.616
102,1,0,accepted,0.113297786084728,-0.630933609007011,484194.277549163,4977479.7289956,-1.3180256715071,11.114
103,1,0,accepted,0.0856280715291918,-0.458735166666938,484194.395558423,4977479.13626802,-1.28912817736502,11.515
104,1,0,accepted,0.0931091671432299,-0.407441812596464,484194.554263299,4977478.57286164,-1.26317479462992,11.346
105,1,0,accepted,0.0905557494446212,-0.334517146862968,484194.719686575,4977477.98912812,-1.23817131872104,11.448
106,1,0,accepted,0.105645044218591,-0.43173237197072,484194.919642894,4977477.4245282,-1.21885928926758,11.931
107,1,0,accepted,0.0805475441109354,-0.216292404894668,484195.13100526,4977476.80760383,-1.19674806087896,11.756
108,1,0,accepted,0.0675356727772889,-0.0667993298722822,484195.365825894,4977476.20079059,-1.17795149203666,11.124
109,1,0,accepted,0.0738656453916974,0.0324977993137833,484195.617940877,4977475.59960721,-1.16195280123403,10.643
110,1,0,accepted,0.058539447454462,0.235153210855794,484195.886950675,4977475.00167651,-1.14679801090613,11.138
111,1,0,accepted,0.0593513022979433,0.335911085275779,484196.160747014,4977474.39477905,-1.13466999790067,10.894
112,1,0,accepted,0.105197843339901,0.270901559352151,484196.427192954,4977473.82193064,-1.12705163805577,11.665
113,1,0,accepted,0.0795916523560283,-0.0572550846880643,484196.777728952,4977473.19330891,-1.1253588023576,11.351
114,1,0,accepted,0.0873603352920559,0.115474680379496,484197.079892665,4977472.56847509,-1.11635547671608,12.092
115,1,0,accepted,0.0905308128063862,-0.00809539262343126,484197.393856745,4977471.93374324,-1.11357132293541,12.111
116,1,0,accepted,0.122343953032017,-0.0654748614195979,484197.736962422,4977471.32106273,-1.11088523557894,10.931
117,1,0,accepted,0.0604747348779549,0.181769028832376,484198.091411876,4977470.60973565,-1.10358167113711,11.638
118,1,0,accepted,0.0517119932192664,0.584671322114974,484198.484341775,4977469.87615477,-1.09514544992145,13.034
119,1,0,accepted,0.0534515447971538,0.414309938741035,484198.843514896,4977469.20603999,-1.09819800862361,13.24
120,1,0,accepted,0.0443854980937024,0.443904410792723,484199.194082518,4977468.52554513,-1.09889085800104,10.842
121,1,0,accepted,0.040341459871502,0.36870656202564,484199.551890279,4977467.81785888,-1.1024456048271,10.659
122,1,0,accepted,0.0339791486561709,0.160428065659094,484199.913294763,4977467.1157072,-1.10739150012924,11.909
123,1,0,accepted,0.0459197824543795,0.0474718646002131,484200.292966658,4977466.41475253,-1.11144124012907,12.036
124,1,0,accepted,0.0480981730759937,0.302133073164977,484200.655074545,4977465.66419512,-1.10932755997374,12.228
125,1,0,accepted,0.0638425599663306,-0.0911469534782562,484201.055451058,4977464.93362809,-1.11962273128051,12.51
126,1,0,accepted,0.0541286417853437,-0.0830934482833928,484201.426891058,4977464.19209323,-1.12364264883213,12.354
127,1,0,accepted,0.0493836495066821,-0.0576446878597883,484201.802633513,4977463.43530518,-1.12828535611285,10.348
128,1,0,accepted,0.0550519337001074,0.189201062860594,484202.177119461,4977462.6487427,-1.12981978985192,11.961
129,1,0,accepted,0.0418832438094446,0.231321016799008,484202.553998216,4977461.87303845,-1.13460172458013,10.444
130,1,0,accepted,0.0444799168466774,0.146100859839042,484202.940016555,4977461.0925052,-1.14271227310449,11.036
131,1,0,accepted,0.0557657150887458,0.178934948995418,484203.307726733,4977460.2826877,-1.14796022323799,11.027
132,1,0,accepted,0.0856881865992317,0.323565507340766,484203.666111702,4977459.44738212,-1.15254364976392,10.65
133,1,0,accepted,0.0831309025883782,0.287398291547961,484204.048332501,4977458.63206072,-1.15995873962506,11.111
134,1,0,accepted,0.108553874782431,0.300931165728576,484204.417951133,4977457.77577192,-1.16657576879327,11.077
135,1,0,accepted,0.147837421926709,0.452445117109559,484204.771020113,4977456.90533679,-1.17077612719165,11.662
136,1,0,accepted,0.165308792163734,0.542472224909014,484205.144205062,4977456.03392419,-1.17613336224415,10.757
137,1,0,accepted,0.165332152735847,0.568839614826377,484205.527710983,4977455.16083932,-1.18259685420949,11.801
138,1,0,accepted,0.155113370712125,0.404832526612922,484205.922701129,4977454.28676281,-1.1924129038079,12.736
139,1,0,accepted,0.0935003573945051,0.326800546225838,484206.302853724,4977453.47672234,-1.20047243908077,12.112
140,1,0,accepted,0.0439392468849955,0.238144570205988,484206.742239941,4977452.66323374,-1.20911956033264,12.041
141,1,0,accepted,0.0515237106346324,0.284229835677944,484207.123560318,4977451.7694516,-1.21516015540458,11.766
142,1,0,accepted,0.0699858337960518,0.196577528187047,484207.488007269,4977450.86747062,-1.22335924975826,13.349
143,1,0,accepted,0.0566781737046948,0.262712934272043,484207.837529056,4977449.92605611,-1.22926782287923,10.792
144,1,0,accepted,0.029351681056107,0.189650763634542,484208.188893132,4977448.9442386,-1.23719397129284,9.799
145,1,0,accepted,0.0551219551032327,0.23537286731821,484208.548167694,4977447.94933227,-1.24402880532315,11.794
146,1,0,accepted,0.0611610670105052,0.323986501882029,484208.913046919,4977446.98759588,-1.24838307384154,11.35
147,1,0,accepted,0.247544459347391,0.610588664683688,484209.240376262,4977445.83816494,-1.2510827506161,15.847
148,1,0,accepted,0.243445928044124,0.466224101637871,484209.605326096,4977444.87585555,-1.2599425314882,15.056
149,1,0,accepted,0.191006812670271,0.372092550573142,484209.944392574,4977443.95330732,-1.26844752555632,14.029
150,0,0,inconsistentClasses,0.203789128880591,0.356412417597849,484210.256517809,4977442.97956076,-1.27513268542214,16.015
151,1,0,accepted,0.106932801411591,0.331802085365864,484210.589674586,4977442.10053865,-1.28273463088686,11.486
152,1,0,accepted,0.118676796767938,0.388770205011822,484210.899970096,4977441.09598172,-1.28873283344045,10.986
153,1,0,accepted,0.121539823667389,0.247190028503043,484211.201686897,4977440.11387378,-1.29784380561977,11.996
154,1,0,accepted,0.130058373304415,0.256837749250717,484211.502439681,4977439.11598482,-1.30389743990659,11.585
155,1,0,accepted,0.141182578020208,0.287089331994883,484211.797434239,4977438.1191978,-1.31056120347953,11.799
156,1,0,accepted,0.147550462039181,0.274179440996406,484212.097872401,4977437.10195976,-1.3174586253136,11.84
157,1,0,accepted,0.134161563313703,0.127726317451247,484212.408093374,4977436.10976082,-1.32700241454991,13.111
158,1,0,accepted,0.113898220978068,-0.606941129408352,484212.886792298,4977435.15074093,-1.34678475928306,15.719
159,1,0,accepted,0.0844995265462448,-0.560705044087874,484213.141594677,4977434.11779087,-1.35240026388581,14.398
160,1,0,accepted,0.135283310297295,-0.655169460019289,484213.469578112,4977433.08972401,-1.36040855975843,17.079
161,1,0,accepted,0.106546009026828,-0.498994947121945,484213.703487988,4977432.06002623,-1.36453472997056,15.442
162,1,0,accepted,0.10008695554815,-0.600376445014686,484213.971333879,4977431.04801348,-1.37293802039885,14.431
163,1,0,accepted,0.0451344896416805,-0.114717701771331,484214.150719459,4977430.03247794,-1.37085497874252,14.072
164,1,0,accepted,0.0565303695271157,-0.0920702113311404,484214.361085076,4977429.03385836,-1.37689050940952,13.578
165,1,0,accepted,0.0398477155946231,-0.202768053239563,484214.625336447,4977428.01219155,-1.38488598828717,15.586
166,1,0,accepted,0.0790483889789341,0.0702439395592768,484214.827895322,4977426.96432384,-1.38639146723839,17.063
167,1,0,accepted,0.144974934011669,0.344179294284755,484214.996387569,4977425.9367704,-1.38778737936691,13.08
168,1,0,accepted,0.109781552869766,0.112440021154681,484215.26126161,4977424.89629807,-1.39862237472721,15.912
169,1,0,accepted,0.108026939566518,0.133488137958142,484215.486287419,4977423.85775025,-1.40486573789219,15.298
170,1,0,accepted,0.100101684686138,0.215247884139836,484215.712831757,4977422.83390933,-1.41012579972569,15.493
171,1,0,accepted,0.119459232584618,0.184205247636194,484215.900650044,4977421.78095147,-1.41786856377537,14.318
172,1,0,accepted,0.134182589932375,0.305286592864838,484216.088757901,4977420.73246794,-1.42299405429815,15.471
173,1,0,accepted,0.173622636451846,0.43267868634233,484216.244634148,4977419.67948258,-1.42835532142243,15.224
174,1,0,accepted,0.188106961484908,0.473561166708334,484216.417063342,4977418.61721803,-1.4349788047842,15.365
175,1,0,accepted,0.215692979197394,0.58908162755408,484216.570584923,4977417.56158624,-1.44029075286148,15.942
176,1,0,accepted,0.227238272282875,0.471832584161729,484216.731788615,4977416.49698386,-1.44967197986359,15.355
177,1,0,accepted,0.241514822890121,0.665798405840466,484216.881753291,4977415.43760409,-1.45372863037167,14.655
178,1,0,accepted,0.291704027791461,0.703181725265373,484216.994205816,4977414.39738131,-1.46041518457951,12.967
179,1,0,coarseRetainedByTrustRadius,0.34122733146985,0.91631749936352,484217.212516982,4977412.9978663,-1.46414968426453,14.904
180,1,0,coarseRetainedByTrustRadius,0.329095964390948,0.727659623805521,484217.368476634,4977411.9212994,-1.47449828540699,13.151
181,1,0,accepted,0.199005788705773,0.526423430327836,484217.577565467,4977410.94128963,-1.48573827399996,13.112
182,1,0,accepted,0.198472320991458,0.441093471655962,484217.720318662,4977409.84403889,-1.49394312215063,14.017
183,1,0,accepted,0.195130041726857,0.379012039110213,484217.840811381,4977408.74520869,-1.5021576217996,13.239
184,1,0,accepted,0.208802569936277,0.445967872493645,484217.928745995,4977407.6640458,-1.50774306000237,12.95
185,1,0,accepted,0.136878723446192,0.0691213009302609,484218.084320455,4977406.61552439,-1.52104223399746,14.002
186,1,0,accepted,0.0777566255905357,-0.411859560440003,484218.285443804,4977405.52913874,-1.53624673302157,13.288
187,1,0,accepted,0.0402810374839332,-0.554091411175554,484218.397577597,4977404.46686579,-1.54562448410563,14.798
188,1,0,accepted,0.0409024322766246,-0.521803257950336,484218.46475223,4977403.33400614,-1.55108287467204,12.513
189,1,0,accepted,0.0311427441394515,-0.32672291212598,484218.516800002,4977402.20994336,-1.55307767276322,10.041
190,1,0,accepted,0.0543437360068506,0.0737800001161852,484218.552865574,4977401.09032255,-1.55078198382054,11.381
191,1,0,accepted,0.0631831919365757,0.254239788757361,484218.598623526,4977399.96239269,-1.55208602620069,11.736
192,1,0,accepted,0.0703218058423497,0.302680082934381,484218.642264239,4977398.83655099,-1.55483192809476,11.25
193,1,0,accepted,0.0720383625096829,0.350315475274169,484218.690348525,4977397.70076984,-1.55704273058691,13.102
194,1,0,accepted,0.0849620064756193,0.284656388739323,484218.724911866,4977396.55191234,-1.56076442591048,11.653
195,1,0,accepted,0.0758979929443735,0.0359081626162271,484218.780924116,4977395.40466509,-1.56735941960065,15.457
196,1,0,accepted,0.0609608751058671,-0.10487972734839,484218.839949668,4977394.24331016,-1.57223450264723,16.582
197,1,0,accepted,0.0646466153159825,-0.0613958162097722,484218.875783911,4977393.07319423,-1.57355389950201,16.561
198,1,0,accepted,0.0384382522522823,-0.0846024587983319,484218.937785523,4977391.88665652,-1.57578831140002,19.044
199,1,0,accepted,0.068623358471523,0.142104357705373,484218.943337267,4977390.71668399,-1.57358484983006,23.288
200,1,0,accepted,0.042911083773123,-0.202914915317273,484219.081424856,4977389.53574821,-1.58138491403734,14.821
201,1,0,accepted,0.0390592821242624,-0.12809041203078,484219.089625043,4977388.35496538,-1.58145576498789,14.358
202,1,0,accepted,0.066497970289762,0.0613926345998717,484219.081602882,4977387.1832476,-1.57947360783906,15.57
203,1,0,accepted,0.0651695277373761,0.107231463258551,484219.101604929,4977386.05037508,-1.5798943880744,13.904
204,1,0,accepted,0.063816163081301,0.0707024225371072,484219.109327947,4977384.82579245,-1.5800848164507,13.531
205,1,0,accepted,0.0685017167155267,0.106296613262,484219.118175015,4977383.59482987,-1.57910422395204,12.565
206,1,0,accepted,0.108540836092876,0.211016125716802,484219.098144038,4977382.35098264,-1.57609248309496,12.301
207,1,0,accepted,0.119629060005674,0.173522149048219,484219.113754812,4977381.09489564,-1.57529107492568,12.849
208,1,0,accepted,0.135176759468643,0.202250529120541,484219.124622536,4977379.86177298,-1.57265466882959,11.864
209,1,0,accepted,0.145990492077341,0.158380350414021,484219.142338235,4977378.61132861,-1.57063586168671,12.21
210,1,0,accepted,0.171535705094197,0.133326888048399,484219.146281798,4977377.36777411,-1.56799066504349,12.585
211,1,0,accepted,0.113195131680629,0.0582893057461609,484219.235509704,4977376.14269643,-1.56564936635765,14.556
212,1,0,accepted,0.138876464481792,0.0269136478351915,484219.248526415,4977374.88190583,-1.56232872350038,14.044
213,1,0,accepted,0.158400420373867,0.0129004767936732,484219.272329393,4977373.61902951,-1.55850557585155,13.564
214,1,0,accepted,0.162374760851459,0.114071199733105,484219.31646191,4977372.35644021,-1.55277052237959,13.877
215,1,0,accepted,0.116704658315289,0.489668753702397,484219.424626085,4977371.04373857,-1.54161074416771,13.822
216,1,0,accepted,0.138399970694954,0.537418045206215,484219.47309547,4977369.74121623,-1.53574260412179,13.678
217,1,0,accepted,0.145169793398135,0.533140384546138,484219.5112154,4977368.50383453,-1.53090282350738,14.123
218,1,0,accepted,0.124653946781306,0.388352505094779,484219.599337987,4977367.22297341,-1.52807847292388,13.062
219,1,0,accepted,0.115252433160028,0.282996898426685,484219.676498323,4977365.96104883,-1.52467901784538,11.97
220,1,0,accepted,0.128308171674093,0.278365706037651,484219.769921466,4977364.7691328,-1.51927582785204,12.163
221,1,0,accepted,0.155590767999275,0.394269494974215,484219.847566817,4977363.51364334,-1.51173141225793,12.116
222,1,0,accepted,0.16158027209081,0.192297797598956,484219.928287683,4977362.21121075,-1.50964087145287,10.453
223,1,0,accepted,0.18678785379241,0.162122918299998,484220.013255426,4977360.92946047,-1.50398631140128,10.026
224,1,0,accepted,0.119195175576725,-0.270088169261398,484220.220028198,4977359.62288476,-1.50520206585413,10.315
225,1,0,accepted,0.129235843741195,-0.268440375019073,484220.341104073,4977358.32981869,-1.49862288038577,10.233
226,1,0,accepted,0.16010324148016,-0.0276078964442111,484220.447929418,4977357.05058479,-1.48795180944276,10.55
227,1,0,accepted,0.165174385214668,-0.0277069910989022,484220.57321097,4977355.72726181,-1.48124296764955,9.726
228,1,0,accepted,0.162127888158231,0.0414939367362501,484220.693678356,4977354.42914137,-1.47315842785201,10.955
229,1,0,accepted,0.168593210008276,0.0450227745828296,484220.830767502,4977353.11891475,-1.4662995805186,11.041
230,1,0,accepted,0.168058937029876,0.141112389946715,484220.989258724,4977351.80894398,-1.45820553280373,11.55
231,1,0,accepted,0.163450783062459,0.0922771101876483,484221.161384418,4977350.4938465,-1.45221095788444,11.985
232,1,0,accepted,0.147333670263894,0.110280359763436,484221.354353927,4977349.17578575,-1.44562376163662,11.793
233,1,0,accepted,0.0785844071935124,-0.0503028129204215,484221.606609434,4977347.83579071,-1.44188124083326,13.166
234,1,0,accepted,0.137598673150677,0.28588481703631,484221.755205678,4977346.55510083,-1.42944152899208,12.402
235,1,0,accepted,0.173126481569544,0.483836737095161,484221.928906371,4977345.25889262,-1.41951514256613,13.085
236,1,0,accepted,0.150796107299,0.254266686210571,484222.148006428,4977343.89361804,-1.41696604131302,13.243
237,1,0,accepted,0.165030147627983,0.24164844564515,484222.355723658,4977342.56423488,-1.41052269412441,12.752
238,1,0,accepted,0.156710204868807,0.18062365506826,484222.590235811,4977341.22771356,-1.40499298291213,12.22
239,1,0,accepted,0.144518585982119,0.106440432377988,484222.842627668,4977339.87011575,-1.39937046418108,12.137
240,1,0,accepted,0.153558249172318,0.106604061143734,484223.096020519,4977338.50156338,-1.39324129703453,12.453
241,1,0,accepted,0.178252686819117,0.150931834315657,484223.329033484,4977337.18905697,-1.38559511462886,13.698
242,1,0,accepted,0.202067893135847,0.115565890199789,484223.579613891,4977335.85010089,-1.38011730925225,13.793
243,1,0,accepted,0.228564302050725,0.220073002724725,484223.826648278,4977334.54023927,-1.37223014298212,12.107
244,1,0,accepted,0.241915950782589,0.354174838898097,484224.101605238,4977333.21909214,-1.36419538418317,11.661
245,1,0,accepted,0.247367774436495,0.571220895608288,484224.394402847,4977331.89604798,-1.35555395433978,12.01
246,1,0,accepted,0.201435599903209,0.81215606084372,484224.739788032,4977330.64868958,-1.34765417702427,11.513
247,1,0,accepted,0.184148885089771,1.04390486399813,484225.101308481,4977329.40128363,-1.34085204509773,10.547
248,1,0,accepted,0.145426746191001,0.940362724557047,484225.428035712,4977328.00959637,-1.34073046341805,11.533
249,1,0,accepted,0.122391579154824,0.822853818157333,484225.76837632,4977326.6595573,-1.34058454687209,11.797
250,1,0,accepted,0.117199750163169,0.789424831978108,484226.100134619,4977325.29930758,-1.33902821604879,10.504
251,1,0,accepted,0.0989273502537619,0.41879139507203,484226.46569768,4977323.92415544,-1.3438117262213,11.158
252,1,0,accepted,0.0762663196368371,0.142389250083539,484226.842288005,4977322.5733983,-1.34710210682362,11.167
253,1,0,accepted,0.0838072992143066,0.169704965583542,484227.169364421,4977321.2206508,-1.34535771101449,10.747
254,1,0,accepted,0.0900574447116029,0.177815234645168,484227.498782719,4977319.89351427,-1.34345432638889,11.999
255,1,0,accepted,0.0918560626648421,0.162245188608495,484227.835019842,4977318.5411204,-1.34190417495279,11.242
256,1,0,accepted,0.0708060842767691,0.262651876489787,484228.177879244,4977317.21914933,-1.33894546037318,11.212
257,1,0,accepted,0.0571966266577813,0.249696336879992,484228.522039446,4977315.8929651,-1.33775483781896,10.998
258,1,0,accepted,0.0459926445483596,0.269750141148831,484228.886292815,4977314.53265379,-1.33716141769287,10.346
259,1,0,accepted,0.0446328047625726,0.23853076431566,484229.220166806,4977313.20054296,-1.33618673856099,10.916
260,1,0,accepted,0.0382821469777464,0.218580198475538,484229.576541076,4977311.85273537,-1.33588089645806,11.479
261,1,0,accepted,0.0413790021013597,0.216116911637933,484229.922344221,4977310.52168068,-1.33505852132205,11.005
262,1,0,accepted,0.0466607959825824,0.159364314026997,484230.277597766,4977309.17150621,-1.33501843221324,11.837
263,1,0,accepted,0.0647617801302538,-0.0128550444368178,484230.653169358,4977307.84291593,-1.33776410858686,11.072
264,1,0,accepted,0.0634109234186067,-0.00449111928390165,484230.994446264,4977306.47090399,-1.33627505584406,10.931
265,1,0,accepted,0.0650462809741352,0.0858689247221059,484231.341688874,4977305.06605551,-1.33442681868338,11.381
266,1,0,accepted,0.0727158149905412,0.12013126085542,484231.6936132,4977303.69332974,-1.33342500669134,9.872
267,1,0,accepted,0.0733881265405771,0.185380378074217,484232.049692233,4977302.31437923,-1.33170216156762,10.495
268,1,0,accepted,0.0799992299738316,0.18203663873502,484232.408914748,4977300.91632894,-1.33082435278206,10.676
269,1,0,accepted,0.0860036665357359,0.157085972033733,484232.77509343,4977299.51665283,-1.33043739267921,10.915
270,1,0,accepted,0.09950023284342,0.18879105405222,484233.139968501,4977298.1106138,-1.32955383264532,11.114
271,1,0,accepted,0.12484508276142,0.206593758936949,484233.505574586,4977296.68627348,-1.328966644072,11.976
272,1,0,accepted,0.14756276998944,0.187523040734066,484233.865099839,4977295.28022065,-1.32919194866729,10.869
273,1,0,accepted,0.164258664820853,0.233248233706361,484234.224947867,4977293.87911112,-1.32882904528139,11.056
274,1,0,accepted,0.171277103475724,0.179371688323426,484234.587351512,4977292.50121468,-1.33007099096453,11.065
275,1,0,accepted,0.195952809405965,0.215600936958388,484234.944894833,4977291.08694325,-1.33048433973259,12.405
276,1,0,accepted,0.210502762725345,0.22152980561332,484235.317147562,4977289.66929595,-1.33128515107878,11.304
277,1,0,accepted,0.219281829515175,0.206429179990721,484235.683829417,4977288.25981636,-1.33266176355473,11.351
278,1,0,accepted,0.242226359145745,0.24073336097467,484236.038195942,4977286.84331164,-1.33286128581146,11.407
279,1,0,accepted,0.256552771233133,0.261004642263347,484236.402544925,4977285.41763981,-1.33459500769968,10.996
280,1,0,accepted,0.252394201309409,0.168882092026509,484236.76925806,4977284.02479885,-1.33730721357396,10.535
281,1,0,accepted,0.169260078663369,0.210790739265046,484237.183799529,4977282.68743331,-1.33851268526121,12.595
282,1,0,accepted,0.1170515021651,0.236007056146966,484237.582507046,4977281.3292221,-1.34044921901042,13.315
283,1,0,accepted,0.099564124417501,0.356212024790044,484237.96651479,4977279.97186753,-1.34029352738142,11.618
284,1,0,accepted,0.105643730987697,0.416261645097936,484238.350522187,4977278.58862538,-1.3426687413493,11.214
285,1,0,accepted,0.147878661170168,0.505330882304966,484238.750297918,4977277.23908573,-1.34460297980564,9.971
286,1,0,accepted,0.0940663573910197,0.307956828725712,484239.14630615,4977275.7427498,-1.35172686529894,10.427
287,1,0,accepted,0.0307606689478403,0.0308016345857051,484239.511979908,4977274.27158348,-1.3591781210354,10.703
288,1,0,accepted,0.0149942531632598,0.106847739921513,484239.827516599,4977272.80906642,-1.36136198478791,9.921
289,1,0,accepted,0.0534522830425131,-0.113487856419781,484240.174746651,4977271.31446883,-1.36810746728786,10.116
290,1,0,accepted,0.0934829203891639,-0.217658996363142,484240.48334311,4977269.84247489,-1.37347138451935,10.506
291,1,0,accepted,0.106142658083939,-0.141740189141252,484240.794638405,4977268.40231705,-1.37554590976993,10.28
292,1,0,accepted,0.117811665975157,0.039203712557096,484241.099604292,4977266.96082374,-1.37573417933025,10.639
293,1,0,accepted,0.123798887601044,0.356785253965803,484241.397194161,4977265.57844616,-1.37394061583255,10.641
294,0,0,notConverged,0.152760599414973,0.382910926338963,484241.694276461,4977264.11351698,-1.37729298111383,23.729
295,0,0,notConverged,0.181225584341678,0.364892768862081,484241.986377074,4977262.64456686,-1.38055833531636,25.256
296,1,0,accepted,0.0876320590977614,-0.00622554756669464,484242.451010578,4977261.16016854,-1.39005574747498,12.118
297,1,0,accepted,0.081709191880009,-0.133745182965699,484242.764813816,4977259.71761012,-1.39544868758928,12.558
298,1,0,accepted,0.0887164216363452,-0.0894330461978664,484243.054716276,4977258.26360821,-1.39798581261289,12.898
299,1,0,accepted,0.05616298623409,-0.174629195581745,484243.350007278,4977256.83947005,-1.40292253629827,12.157
300,1,0,accepted,0.0783011398825406,-0.0993274247750665,484243.615083767,4977255.39894914,-1.4048259229904,12.015
301,1,0,accepted,0.120403989630249,0.14153853890735,484243.857096722,4977253.94222128,-1.40354919118288,11.709
302,1,0,accepted,0.0570685126829505,0.232797260217109,484244.192571034,4977252.53570613,-1.40526970077462,12.2
303,1,0,accepted,0.00557534850453334,0.172281395606921,484244.516518479,4977251.12454524,-1.40926433986293,11.839
304,1,0,accepted,0.0170656242409935,0.147099784476505,484244.798413121,4977249.69434257,-1.41289325612615,12.281
305,1,0,accepted,0.0339659192102618,0.110311914244402,484245.079183773,4977248.27654236,-1.41675938577906,10.885
306,1,0,accepted,0.0391610399575637,-0.0547644180423415,484245.33316788,4977246.84971556,-1.42238268141948,9.898
307,1,0,accepted,0.0331741408015776,-0.0281305384201823,484245.564653259,4977245.40136624,-1.42515183003928,10.735
308,1,0,accepted,0.0452682932287609,0.0430282615217562,484245.790784523,4977243.9539051,-1.42708466378421,10.61
309,1,0,accepted,0.060132178300851,0.159824837014979,484246.01997309,4977242.5099307,-1.42817934050706,10.801
310,1,0,accepted,0.052901951614481,0.234231596031925,484246.266568781,4977241.09881,-1.43011883627262,11.922
311,1,0,accepted,0.0874389430922491,0.164729708856723,484246.468097831,4977239.63536967,-1.43409470773039,11.558
312,1,0,accepted,0.0958285105038961,0.18638635145596,484246.689671467,4977238.19181611,-1.43612733791535,11.101
313,1,0,accepted,0.102527590381578,0.109480101906993,484246.902920031,4977236.78690606,-1.43926085239361,10.994
314,1,0,accepted,0.119290615880891,0.176294600287081,484247.113304268,4977235.34920878,-1.44094888057737,10.404
315,1,0,accepted,0.141101835495291,0.0192511253389441,484247.312526053,4977233.92963316,-1.44607204960676,11.12
316,1,0,accepted,0.149440328749258,0.0899923430933553,484247.517117653,4977232.53889591,-1.44805814630913,12.14
317,1,0,accepted,0.156554936904837,0.0111834508304665,484247.730256482,4977231.11666304,-1.45190225557395,12.416
318,1,0,accepted,0.0496041102999421,-0.747016094757323,484248.125324325,4977229.7711174,-1.46726815833858,12.29
319,1,0,accepted,0.0105124814247061,-0.663255352275519,484248.289985774,4977228.32545175,-1.4679550792817,11.824
320,1,0,accepted,0.0317012486770567,-0.654421757680258,484248.472121305,4977226.87813839,-1.46961045001115,11.632
321,1,0,accepted,0.0710517774978674,-0.625363970203649,484248.644547056,4977225.43130712,-1.47131139887179,11.525
322,1,0,accepted,0.0649644607573253,-0.529762685623705,484248.857681589,4977224.00750582,-1.47188961327915,10.36
323,1,0,accepted,0.0740065695730657,-0.522764671078139,484249.054627406,4977222.57057577,-1.47399887477886,10.157
324,1,0,accepted,0.0945550719144239,-0.216425182372367,484249.207195411,4977221.1532198,-1.47091008727535,10.583
325,1,0,accepted,0.129627168495631,-0.279871936386945,484249.382355118,4977219.67487156,-1.47418528913326,10.124
326,1,0,accepted,0.156135154217564,-0.489331444769081,484249.562398418,4977218.22887455,-1.47963856867227,10.408
327,1,0,accepted,0.192795863151987,-0.299636613213594,484249.713529896,4977216.80914883,-1.47801514908031,10.704
328,1,0,accepted,0.205679221864258,-0.184155800246418,484249.863045057,4977215.36741854,-1.47806880070601,10.534
329,0,0,notConverged,0.244614757612746,-0.226227123475777,484250.001451601,4977213.91059998,-1.47962569111129,23.94
330,1,0,accepted,0.175768458102213,-0.0612411981487526,484250.211972654,4977212.54555682,-1.47905501028773,11.615
331,1,0,accepted,0.164185272220223,-0.0270414979460152,484250.387970485,4977211.13201608,-1.47994881861413,11.059
332,0,0,notConverged,0.202113245880377,-0.104168838258212,484250.52174379,4977209.68224247,-1.48142874906275,25.92
333,1,0,accepted,0.161552140720149,0.12766240431927,484250.780059349,4977208.22120909,-1.4797772051997,11.384
334,1,0,accepted,0.175178368743495,0.136529748869164,484250.988426643,4977206.76330864,-1.48123023998033,11.566
335,1,0,accepted,0.182852951140086,0.0580339475781064,484251.160248451,4977205.32486003,-1.48347434796142,12.208
336,1,0,accepted,0.119141876502964,-0.196429562131478,484251.32825935,4977203.95425571,-1.48939239761752,12.7
337,1,0,accepted,0.098458995450617,-0.057041135856249,484251.411796054,4977202.59146083,-1.48874389123167,10.054
338,1,0,accepted,0.0667588887824961,-0.138687731216649,484251.590374816,4977201.19372198,-1.49104959863268,10.387
339,1,0,accepted,0.0955347615297986,0.0218405743350197,484251.716941393,4977199.76597427,-1.49033659080559,9.195
340,1,0,accepted,0.123642655866943,0.1678920357267,484251.849247213,4977198.30607997,-1.48959117622576,10.353
341,1,0,accepted,0.0615588437339614,0.00143391832505649,484252.059632292,4977196.96114573,-1.49416070627867,11.445
342,1,0,accepted,0.0703565427622949,0.205469545326796,484252.192593425,4977195.4960784,-1.49200838694617,12.031
343,1,0,accepted,0.0580692635341332,0.223404888134678,484252.352387747,4977194.05818819,-1.49311239670178,11.269
344,1,0,accepted,0.064345218620568,0.253032149978014,484252.511725497,4977192.59236256,-1.49363787007402,11.566
345,1,0,accepted,0.077841537916901,0.265455805993205,484252.650195828,4977191.14321457,-1.49451377909927,10.743
346,1,0,accepted,0.0738107842792102,0.321200141545884,484252.788120425,4977189.73497567,-1.49465281825861,12.068
347,1,0,accepted,0.0141741149203108,0.225760791591882,484252.954608537,4977188.37127603,-1.49687097765625,12.211
348,1,0,accepted,0.0193321954223236,0.184504277854821,484253.093664098,4977186.958891,-1.49850077192289,12.412
349,1,0,accepted,0.0814734859098689,0.0714578466172009,484253.270772245,4977185.60425332,-1.50098388191272,12.288
350,1,0,accepted,0.0819729898227661,0.0901724526851166,484253.384931278,4977184.18962897,-1.50106599085031,12.107
351,1,0,accepted,0.0646412679646415,0.149228794575373,484253.488556457,4977182.74042609,-1.49996357693158,12.012
352,1,0,accepted,0.05482996136947,0.162348314772754,484253.60160516,4977181.32093961,-1.49961634017957,12.606
353,1,0,accepted,0.0489494579439992,0.207823554264926,484253.732474251,4977179.90084259,-1.49896762328605,12.51
354,1,0,accepted,0.0482185383122598,0.102207616464325,484253.859399396,4977178.46787595,-1.5007492888898,11.13
355,1,0,accepted,0.0703409556192782,0.138099937184857,484253.972875495,4977177.05772037,-1.50017825069852,11.065
356,1,0,accepted,0.0817148022768504,0.0994037457358265,484254.092907678,4977175.64121786,-1.50095638597536,9.819
357,1,0,accepted,0.0956817510262681,0.193098453080166,484254.207693998,4977174.21047106,-1.49943832156212,11.285
358,1,0,accepted,0.0891052995315856,0.169917671654148,484254.332253366,4977172.77167097,-1.49995082592098,10.49
359,1,0,accepted,0.0888431166233007,0.168369152539635,484254.451165366,4977171.34862671,-1.49975078982974,10.871
360,1,0,accepted,0.101144916794468,0.152144732743269,484254.566750894,4977169.9092694,-1.499887563462,11.444
361,1,0,accepted,0.0949059854538127,0.0670939663803473,484254.690229797,4977168.4935014,-1.50107570876463,11.494
362,1,0,accepted,0.116901887532674,-0.0178477958478165,484254.807312938,4977167.04517178,-1.50219733735795,11.066
363,1,0,accepted,0.145291445238935,-0.073849680022042,484254.915281073,4977165.59314542,-1.50290467784794,11.002
364,1,0,accepted,0.162250978536186,-0.234785082512138,484255.03814263,4977164.165009,-1.50554483904902,10.492
365,1,0,accepted,0.182242742355145,-0.107213360617998,484255.135559723,4977162.74183104,-1.50275849282045,11.971
366,1,0,accepted,0.199353239719256,-0.0683184739157247,484255.241900203,4977161.31252686,-1.50149941726815,11.341
367,1,0,accepted,0.210858996520776,-0.0206348182482619,484255.350045578,4977159.88969984,-1.49998377538153,10.991
368,1,0,accepted,0.222144741903076,0.0544266715771786,484255.45656732,4977158.45370966,-1.49803636514999,11.026
369,1,0,accepted,0.227839823710316,0.0972076710376182,484255.577157747,4977157.01777374,-1.49658839162881,10.9
370,1,0,accepted,0.227736664684024,0.0796047985336012,484255.693028733,4977155.6079238,-1.49614990704705,10.733
371,1,0,accepted,0.235414000180742,0.166489079557491,484255.813843346,4977154.1775832,-1.49389621074342,10.301
372,1,0,accepted,0.250043468961786,0.259460411191255,484255.927501469,4977152.78581902,-1.49161325727146,10.407
373,1,0,accepted,0.29317117778809,0.370627051578852,484256.018908946,4977151.37992272,-1.4877075934545,9.414
374,1,0,accepted,0.166688771549871,0.178894608843384,484256.297134214,4977150.05481735,-1.48978042103309,11.577
375,1,0,accepted,0.156394248328049,0.0583962037694007,484256.495592526,4977148.67091464,-1.48991019895856,11.125
376,1,0,accepted,0.142983284169007,-0.164622223546923,484256.684663621,4977147.23307589,-1.49177102502629,11.033
377,1,0,accepted,0.133467195950134,-0.30115497582615,484256.869668887,4977145.8055384,-1.49280669336534,8.003
378,1,0,accepted,0.0209987709085862,-0.574655177557162,484257.05553581,4977144.27985671,-1.49572762024695,10.177
379,1,0,accepted,0.0326050317330207,-0.481679294548529,484257.171838725,4977142.83173526,-1.49269166985783,9.938
380,1,0,accepted,0.0576607294587526,-0.325294491833073,484257.312962107,4977141.38534519,-1.48827020520454,10.965
381,1,0,accepted,0.0849726129677983,-0.265264065755204,484257.459908749,4977139.92419153,-1.48578716122192,10.168
382,1,0,accepted,0.0973852749115311,-0.228216576454969,484257.607895813,4977138.50953502,-1.48364441313614,10.231
383,1,0,accepted,0.0803232688338591,-0.0762277616458136,484257.769190259,4977137.11951325,-1.47953864116093,11.715
384,1,0,accepted,0.03554471071609,0.140032432165962,484257.976434425,4977135.71529023,-1.47483121413719,11.576
385,1,0,accepted,0.0182806033939874,0.0828912526307728,484258.156593867,4977134.3318063,-1.47452828277419,10.58
386,1,0,accepted,0.00678936566164375,-0.0509605124814161,484258.340341943,4977132.92120824,-1.47499376314382,11.515
387,1,0,accepted,0.0594866572617886,-0.10706867790975,484258.536922181,4977131.55977634,-1.47488252023306,10.413
388,1,0,accepted,0.0519070465872291,-0.123385698102675,484258.691048938,4977130.15371538,-1.47378802383587,10.571
389,1,0,accepted,0.040007110436309,-0.11314171024171,484258.847325315,4977128.73030188,-1.47201673606874,10.183
390,1,0,accepted,0.0742848080982664,-0.00936973872877033,484259.001581008,4977127.3597669,-1.46870412444214,10.921
391,1,0,accepted,0.0710457857046544,0.0220996205353562,484259.152849975,4977125.9431373,-1.46664250201082,10.461
392,1,0,accepted,0.0772333244666077,0.0925202208243564,484259.313927231,4977124.54796169,-1.46445741697322,9.077
393,1,0,accepted,0.0819298664063641,0.0548504089787369,484259.470879022,4977123.14012692,-1.46358908262972,9.62
394,1,0,accepted,0.0924906650094631,0.0756377378180983,484259.629375093,4977121.72165032,-1.46188609250128,9.142
395,1,0,accepted,0.100906405846607,0.0855363168379921,484259.798223935,4977120.2880459,-1.46058320427471,9.988
396,1,0,accepted,0.102473050095314,0.083653735010805,484259.977490262,4977118.89219881,-1.45962789349117,10.045
397,1,0,accepted,0.108166276579807,0.0859290059788234,484260.159515381,4977117.47055107,-1.45847178860618,12.052
398,1,0,accepted,0.114340488875228,0.105668270888187,484260.341831783,4977116.08152102,-1.45668785338289,10.218
399,1,0,accepted,0.088884363426546,0.149385701703644,484260.5408233,4977114.71874353,-1.45492941723189,9.839
400,1,0,accepted,0.0973808004234905,0.183683349721462,484260.722745944,4977113.3224173,-1.45311882919127,10.959
401,1,0,accepted,0.123709299245124,0.342019038575037,484260.893505221,4977111.9126782,-1.44871093533854,11.26
402,1,0,accepted,0.124180628348551,0.488032171773781,484261.076091603,4977110.55223755,-1.44454023169613,11.758
403,1,0,accepted,0.121960612964724,0.394566369047205,484261.273188341,4977109.16906972,-1.44471751543202,11.118
404,1,0,accepted,0.124915577300343,0.3873548143833,484261.464478121,4977107.78106052,-1.44285054204315,10.831
405,1,0,accepted,0.119875639478293,0.307183735526488,484261.660078907,4977106.43573782,-1.44212296279387,10.874
406,1,0,accepted,0.114251325338459,0.243711160855614,484261.860593873,4977105.0745322,-1.44097249646401,11.119
407,1,0,accepted,0.0834484618002538,0.0535138481858898,484262.094616478,4977103.76307758,-1.44203323925739,12.206
408,1,0,accepted,0.0636409959228428,-0.122067433000254,484262.306293135,4977102.37238036,-1.44283387135201,11.306
409,1,0,accepted,0.0841411263524943,-0.0749748702171846,484262.49483003,4977100.96860124,-1.43989202731914,12.085
410,1,0,accepted,0.104826932639109,0.056497384533679,484262.694089734,4977099.5843689,-1.43531762020715,12.582
411,1,0,accepted,0.0910869385107008,0.135916443558833,484262.900169887,4977098.26914141,-1.43167777615535,11.436
412,1,0,accepted,0.0902137943208577,0.201623670053173,484263.115596669,4977096.92468371,-1.42897351570559,12.16
413,1,0,accepted,0.0917159865117868,0.287823011440735,484263.333713005,4977095.56731755,-1.42564931198373,12.083
414,1,0,accepted,0.0948255524290462,0.199948335269939,484263.554943531,4977094.22099456,-1.42488589041283,11.759
415,1,0,accepted,0.097885011212003,0.280785337414851,484263.774112824,4977092.87563942,-1.4217750895409,13.827
416,1,0,accepted,0.112893759686963,0.234029396256327,484263.98626001,4977091.53156028,-1.42040231365876,12.485
417,1,0,accepted,0.120087091409457,0.184964341151675,484264.199654742,4977090.19076053,-1.41909961593236,11.216
418,1,0,accepted,0.123481389242476,0.223973952236173,484264.414861483,4977088.8823924,-1.41676138011239,12.556
419,1,0,accepted,0.128541330356244,0.228937480934428,484264.638499708,4977087.5555599,-1.41426742433112,11.623
420,1,0,accepted,0.158412910311575,0.249599873769859,484264.851246974,4977086.20811306,-1.41194482625406,12.064
421,1,0,accepted,0.165990040650424,0.409513538999106,484265.089864574,4977084.8731284,-1.40731401108836,12.559
422,1,0,accepted,0.15855773435281,0.444316285878461,484265.335848292,4977083.54740736,-1.40508518130565,11.648
423,1,0,accepted,0.161167146684198,0.398609573377176,484265.575764426,4977082.21937928,-1.4042969681525,11.053
424,1,0,accepted,0.171354582969237,0.238317943140818,484265.805070005,4977080.91209381,-1.40535888532007,11.154
425,1,0,accepted,0.147504599328609,-0.369834233315334,484266.240108278,4977079.63101421,-1.41442021643697,10.694
426,1,0,accepted,0.146809038191025,-0.322917779538864,484266.473520345,4977078.31091482,-1.41138839563788,10.595
427,1,0,accepted,0.139109925191178,-0.220473413640906,484266.707113075,4977076.99365744,-1.40851256277581,11.442
428,1,0,accepted,0.14354097353854,0.0435520149411104,484266.944298973,4977075.6658856,-1.40230170408912,11.659
429,1,0,accepted,0.12987421016429,0.0891307887966974,484267.169079313,4977074.36078937,-1.40024319148197,11.161
430,1,0,accepted,0.046179020641691,-0.00657430977277155,484267.429248596,4977073.15370694,-1.40013075607536,11.702
431,1,0,accepted,0.0497383043512422,-0.0846823229663305,484267.662758543,4977071.89440259,-1.39961143516052,11.075
432,1,0,accepted,0.0509957321764239,-0.111837241803456,484267.907801236,4977070.59334193,-1.39832446695432,11.604
433,1,0,accepted,0.0289489250218403,-0.0699430900119359,484268.149194241,4977069.2625447,-1.39625302829882,10.302
434,1,0,accepted,0.0151876521065013,-0.0235688563073756,484268.384708114,4977067.93029121,-1.39361989562439,10.276
435,1,0,accepted,0.0464447085705412,0.134632626022547,484268.638966142,4977066.5728369,-1.38941106681605,11.334
436,1,0,accepted,0.0688919673555994,0.141982030392926,484268.892271943,4977065.23902576,-1.38732798500282,10.057
437,1,0,accepted,0.0860248053075904,0.2223425224567,484269.159441441,4977063.91840159,-1.38419538684299,10.99
438,1,0,accepted,0.0890927542471935,0.216579000817284,484269.424897957,4977062.60449293,-1.38202389502055,10.761
439,1,0,accepted,0.0924939576830974,0.271520824280377,484269.679524578,4977061.29134826,-1.37914001499669,10.9
440,1,0,accepted,0.0889536557883425,0.194526774263682,484269.914649135,4977060.03557011,-1.37825392116714,10.122
441,1,0,accepted,0.113046346392064,0.177702043774113,484270.180312377,4977058.69603042,-1.37622103056648,10.47
442,1,0,accepted,0.104828410936247,0.129705989074413,484270.463499206,4977057.39624587,-1.37503576077712,10.457
443,1,0,accepted,0.128954013031136,0.144648299807098,484270.713054657,4977056.09167625,-1.37234559744041,9.994
444,1,0,accepted,0.118506319732611,0.157217868448716,484271.005851768,4977054.8017324,-1.37017361921263,9.643
445,1,0,accepted,0.12382015364765,0.1852701732834,484271.286509557,4977053.49649955,-1.36732007626819,9.662
446,1,0,accepted,0.118041971890767,0.22449506511991,484271.580630421,4977052.19486546,-1.36368437557645,10.047
447,1,0,accepted,0.131811884288237,0.207639033874551,484271.860414533,4977050.88770582,-1.36135977695321,10.12
448,1,0,accepted,0.142849736588441,0.236619090171855,484272.143964407,4977049.58280689,-1.3579314305727,10.765
449,1,0,accepted,0.136318811054717,0.320574705896146,484272.446275709,4977048.29513966,-1.35333055761174,11.096
450,1,0,accepted,0.0354950096299408,-0.367679497842032,484272.900833058,4977047.08035583,-1.36206344190311,13.041
451,1,0,accepted,0.0546876623642753,-0.524393277701504,484273.20777226,4977045.8195174,-1.36155497091112,11.165
452,1,0,accepted,0.056903932751799,-0.619132576499444,484273.495143308,4977044.54872903,-1.36017922384612,11.682
453,1,0,accepted,0.0615465569448949,-0.388101112484946,484273.792199006,4977043.27873817,-1.35259135450497,11.237
454,1,0,accepted,0.0517663551697806,-0.147442918764786,484274.101234824,4977041.9953387,-1.34507965687941,13.018
455,1,0,accepted,0.0297524412721137,-0.0185743929227065,484274.410489313,4977040.70206598,-1.33886525791314,12.174
456,1,0,accepted,0.0305663325895115,-0.0591634780632402,484274.718529183,4977039.41384049,-1.33543039442513,10.586
457,1,0,accepted,0.0262828292945337,0.151690233702686,484275.042809016,4977038.16071723,-1.32788068783752,10.928
458,1,0,accepted,0.0213508618797401,0.280417403137586,484275.376116455,4977036.90529721,-1.32142107862615,11.297
459,1,0,accepted,0.0155266315591451,0.3993761644123,484275.716609017,4977035.65766007,-1.31554006042883,11.645
460,1,0,accepted,0.023181942381959,0.376614200585266,484276.04598741,4977034.42816677,-1.31172907141797,10.687
461,1,0,accepted,0.0319116152274719,0.299226669155754,484276.385240975,4977033.17131827,-1.30886119168642,10.539
462,1,0,accepted,0.0360789270621035,0.25332625531612,484276.722820987,4977031.95418147,-1.30542738966726,11.093
463,1,0,accepted,0.0479085942942335,0.18052456990068,484277.069083091,4977030.73320446,-1.3021970721429,12.003
464,1,0,accepted,0.185189182304838,0.125370393853829,484277.407750107,4977029.69388964,-1.2986345862249,12.044
465,1,0,accepted,0.173525175240054,0.211487458128001,484277.757196519,4977028.46441675,-1.29316275622528,11.895
466,1,0,accepted,0.164187937468298,0.286074468259891,484278.108670037,4977027.23962787,-1.28786704162766,11.723
467,1,0,accepted,0.131682842388198,0.30927578158811,484278.463663018,4977025.99419149,-1.28301280992255,11.294
468,1,0,accepted,0.135858493021565,0.391259405372984,484278.815877664,4977024.77787674,-1.27751628058229,12.892
469,1,0,accepted,0.109032209814944,0.256869841950515,484279.202261966,4977023.54374332,-1.2754651268213,11.989
470,1,0,accepted,0.110226203870281,0.322424823710659,484279.570955577,4977022.36514668,-1.27009057974498,12.29
471,1,0,accepted,0.10722200195672,0.360627184221774,484279.960540683,4977021.18762634,-1.26510944407816,11.998
472,1,0,accepted,0.107807735355883,0.356657866954313,484280.345842845,4977020.00236182,-1.26090047135427,11.684
473,1,0,accepted,0.106548624926737,0.424935515935989,484280.72856853,4977018.8130553,-1.25538245585932,11.887
474,1,0,accepted,0.108109617284974,0.445395272506688,484281.135568922,4977017.64910645,-1.25110777781045,10.496
475,1,0,accepted,0.0803048606950621,0.398333022472387,484281.54916723,4977016.44203673,-1.24789444644164,10.294
476,1,0,accepted,0.0594822698944943,0.263042494740906,484281.968112295,4977015.23251435,-1.24602640569208,11.731
477,1,0,accepted,0.077894840680448,0.425502671647998,484282.361273938,4977014.05027512,-1.23933886317967,12.063
478,1,0,accepted,0.0653294356740795,0.0143168677607123,484282.82929438,4977012.86186344,-1.24277045480865,13.085
479,1,0,accepted,0.109402886832025,0.544680492459529,484283.23651916,4977011.66315664,-1.22950114489739,16.204
480,1,0,accepted,0.11846215019162,0.445683824953789,484283.664149039,4977010.49934258,-1.22717946187613,13.294
481,1,0,accepted,0.117975895956256,0.359512913062017,484284.105466472,4977009.33824048,-1.2248743081635,12.247
482,1,0,accepted,0.118236262402004,0.367056229910354,484284.514342071,4977008.18932844,-1.22096420417921,14.177
483,1,0,accepted,0.127308978707764,0.32306900451134,484284.939418818,4977007.05282655,-1.21790640066058,11.799
484,1,0,accepted,0.130820635073489,0.269645868538358,484285.370003622,4977005.9053861,-1.21483821879481,12.88
485,1,0,accepted,0.133536501739134,0.22670946463955,484285.798353954,4977004.7705081,-1.21165541002096,12.989
486,1,0,accepted,0.141983922019435,0.216231173403975,484286.2401881,4977003.62508369,-1.207539073566,14.299
487,1,0,accepted,0.0659904821052297,0.213121410788331,484286.714566158,4977002.56273623,-1.20436387330935,13.344
488,1,0,accepted,0.0625505626082949,0.261997719882261,484287.162721872,4977001.43729968,-1.1993728458391,12.518
489,1,0,accepted,0.0566016980486804,0.320322261451805,484287.628627441,4977000.29987711,-1.19384632539552,13.703
490,1,0,accepted,0.0347171829324536,0.303451677292594,484288.089084259,4976999.23418957,-1.19170231812872,12.296
491,1,0,accepted,0.0334277790706338,0.0471176303485566,484288.562176873,4976998.12110299,-1.19248835169091,11.966
492,1,0,accepted,0.141234016701884,-0.464923693222882,484289.160712732,4976997.07915691,-1.19758580015827,12.226
493,1,0,accepted,0.133822039965692,-0.389321133802005,484289.610454736,4976995.96769825,-1.1925069859975,11.193
494,1,0,accepted,0.121205650244982,-0.424367716609455,484290.069948656,4976994.84216835,-1.18963686603478,10.34
495,1,0,accepted,0.0967753972718821,-0.494858047594666,484290.527283799,4976993.7118503,-1.18690749420214,10.314
496,1,0,accepted,0.0765617996266944,-0.27105563127664,484290.984997389,4976992.58967117,-1.17986679868743,10.871
497,1,0,accepted,0.0544697255476141,-0.223764823702504,484291.469629413,4976991.45481998,-1.17572624157919,10.27
498,1,0,accepted,0.038831534635099,-0.0428096804239486,484291.941355361,4976990.32941174,-1.16928621143601,11.248
499,1,0,accepted,0.0542783767753546,0.281000368571206,484292.402065462,4976989.19665809,-1.15989526184752,10.213
500,1,0,accepted,0.0330941148719172,0.0601290848764705,484292.922219996,4976988.0845064,-1.16017546263134,10.588
501,1,0,accepted,0.0305151743565315,0.159949181436655,484293.427460592,4976986.95650197,-1.1549564236498,11.283
502,1,0,accepted,0.0437223332385852,0.117338435845747,484293.955009196,4976985.8054142,-1.15243852737126,10.552
503,1,0,accepted,0.0777430446083567,0.0924826937120659,484294.470963131,4976984.68261171,-1.14995665899945,11.739
504,1,0,accepted,0.120622894227756,0.0983634087250511,484295.032267032,4976983.5528467,-1.14492312958846,12.164
505,1,0,accepted,0.138493659669105,0.00573054780475478,484295.555874022,4976982.43408347,-1.14360155296545,12.153
506,1,0,accepted,0.147547365158148,0.209565045890783,484296.089489135,4976981.3288861,-1.13681058458527,12.641
507,1,0,accepted,0.113588410516927,0.357333603574426,484296.578965932,4976980.25132761,-1.13180638715766,13.019
508,1,0,accepted,0.0986861818989344,0.497663558043588,484297.089922546,4976979.17038843,-1.12703414588628,13.286
509,1,0,accepted,0.0571473646904041,0.423149404433324,484297.572033045,4976978.13530472,-1.12613109487517,14.275
510,1,0,accepted,0.0862008603237777,0.467849494787024,484298.06351544,4976977.08643139,-1.12346860488701,11.825
511,1,0,accepted,0.111413030388274,0.506578610109761,484298.579209349,4976975.97789896,-1.12068340204382,11.704
512,1,0,accepted,0.129705067562119,0.549274778386163,484299.100069299,4976974.89830912,-1.11836048784535,11.937
513,1,0,accepted,0.13810527103438,0.538825591867247,484299.633239229,4976973.81126597,-1.11714028565743,11.433
514,1,0,accepted,0.132828149404961,0.548424112908184,484300.181973969,4976972.70627471,-1.11591172596277,11.975
515,1,0,accepted,0.121248993330095,0.505294422063116,484300.749238976,4976971.5757542,-1.11586344092835,12.61
516,1,0,accepted,0.100370548101619,0.461603680911707,484301.309750261,4976970.48332055,-1.11642552732583,12.495
517,1,0,accepted,0.0315545997504786,0.236753391079575,484301.932839154,4976969.4092013,-1.12042126399182,13.892
518,1,0,accepted,0.0161081298685891,0.0881469807496248,484302.509827481,4976968.27639521,-1.12283707034934,12.623
519,1,0,accepted,0.0267306532149358,0.0113091015576526,484303.06409581,4976967.16100166,-1.12408667858225,12.375
520,1,0,accepted,0.0207100058927308,-0.0877274908194215,484303.62949905,4976966.08113645,-1.12591622012172,12.326
521,1,0,accepted,0.0275769101147046,-0.169446475240083,484304.181746996,4976964.9774173,-1.12786289468326,11.664
522,1,0,accepted,0.0290092602898794,-0.197175802501528,484304.73548278,4976963.89094333,-1.12965971569936,13.452
523,1,0,accepted,0.0235907616902393,-0.264582268541048,484305.278783028,4976962.79073458,-1.13166856120822,11.878
524,1,0,accepted,0.0177379200611596,-0.268345143215102,484305.814970262,4976961.6872818,-1.13311825604683,11.564
525,1,0,accepted,0.0621418411692673,-0.364365496862727,484306.353224944,4976960.630752,-1.13643604165975,11.484
526,1,0,accepted,0.0480934277884563,-0.443431306983285,484306.880187998,4976959.510825,-1.13831838016916,10.622
527,1,0,accepted,0.0384057265791289,-0.440721553050699,484307.409086872,4976958.38313439,-1.14038082751496,9.922
528,1,0,accepted,0.0423873947698623,-0.483120976661289,484307.945371555,4976957.2522087,-1.14269365587467,10.475
529,1,0,accepted,0.0533894561795227,-0.488727157124197,484308.471989599,4976956.12870256,-1.14503467595441,11.017
530,1,0,accepted,0.0730840910627714,-0.383135847686987,484309.004310492,4976954.99298929,-1.14605176821794,10.927
531,1,0,accepted,0.0947716213298434,-0.256037901318194,484309.527362822,4976953.86355781,-1.14685516342339,11.353
532,1,0,accepted,0.115373285092856,-0.201370168012773,484310.061674798,4976952.72769403,-1.14913445286296,11.312
533,1,0,accepted,0.136898520230683,-0.159164239022162,484310.599110021,4976951.5816696,-1.1522408681686,11.267
534,1,0,accepted,0.13448099225352,0.0690975197852913,484311.131264069,4976950.47043012,-1.15231802363095,11.477
535,1,0,accepted,0.130190407772818,0.0443853642600939,484311.654506996,4976949.35679055,-1.15638904186849,10.324
536,1,0,accepted,0.134149986166161,0.0446079902043871,484312.162005033,4976948.23857975,-1.15988851035445,10.968
537,1,0,accepted,0.120523069986875,0.117458513994473,484312.66818836,4976947.13582689,-1.16251983014634,13.32
538,1,0,accepted,0.13165136771337,0.00634365817089937,484313.165924544,4976946.0057472,-1.16763091515718,10.748
539,1,0,accepted,0.135857133148536,0.0799900989850638,484313.660282835,4976944.87412703,-1.17010060125307,12.359
540,1,0,accepted,0.128604290868709,0.220131018114272,484314.144768021,4976943.76829171,-1.17184074309141,12.432
541,1,0,accepted,0.124963600522262,0.299387186344691,484314.638924495,4976942.64421116,-1.17415493810123,11.458
542,1,0,accepted,0.133218052411191,0.301425480893029,484315.113636511,4976941.52850187,-1.178008810511,11.831
543,1,0,accepted,0.142307775845859,0.258166880253453,484315.581376192,4976940.39434856,-1.18225596332952,11.223
544,1,0,accepted,0.135284373370995,0.251494386950279,484316.059279949,4976939.28860273,-1.18584172791716,11.061
545,1,0,accepted,0.142966495615448,0.302866943144666,484316.527206446,4976938.16294507,-1.18839849524621,11.959
546,1,0,accepted,0.178148074030208,0.386737334253537,484316.96169287,4976937.08641507,-1.19066229947773,11.87
547,1,0,accepted,0.204395285383122,0.489677449669533,484317.405003377,4976935.94861821,-1.19245713821687,12.671
548,1,0,accepted,0.115910031736365,0.0137643998380984,484317.958396585,4976934.81015926,-1.20436432541048,12.753
549,1,0,accepted,0.0720585513513735,-0.282836295448964,484318.470298375,4976933.65396552,-1.21328116758706,12.506
550,1,0,accepted,0.0922060586073209,-0.214685333512252,484318.897224677,4976932.52192232,-1.21567168843973,11.379
551,1,0,accepted,0.138223755355075,0.0105319310685164,484319.303612145,4976931.3707665,-1.21589644561262,11.53
552,1,0,accepted,0.174759885599977,0.36670326173523,484319.71740985,4976930.21872372,-1.21338498354529,12.362
553,1,0,accepted,0.172794974614523,0.413190650376099,484320.165946305,4976929.0436008,-1.21627767197627,12.455
554,1,0,accepted,0.110482403767902,0.379953223672044,484320.673256943,4976927.94282841,-1.22064617153816,12.517
555,1,0,accepted,0.0926663247660235,0.354996196413475,484321.132955157,4976926.8010366,-1.2246445012233,11.566
556,1,0,accepted,0.0701714180346137,0.32266223822699,484321.576516041,4976925.65232511,-1.22859158364987,11.944
557,1,0,accepted,0.0357095506632517,0.210512369397688,484322.034324832,4976924.4603297,-1.23435993510031,11.862
558,1,0,accepted,0.0405678804650919,0.204856899314205,484322.473694751,4976923.27489277,-1.23818480364027,11.722
559,1,0,accepted,0.0729589094629787,0.232187040780723,484322.890343097,4976922.07097964,-1.24114753116905,12.26
560,1,0,accepted,0.0691250493899101,0.234658614290824,484323.31327466,4976920.91037224,-1.2450022567152,10.64
561,1,0,accepted,0.0635680230649399,0.256545611767949,484323.719172647,4976919.76001336,-1.24807634647348,10.747
562,1,0,accepted,0.054986197263201,0.219979124943554,484324.126808387,4976918.59899381,-1.25208536142213,11.4
563,1,0,accepted,0.047171622815379,0.156257351963831,484324.526398592,4976917.45462868,-1.25705652781052,10.991
564,1,0,accepted,0.059049339700835,0.0968820212166591,484324.924771586,4976916.27302401,-1.26131836465792,10.566
565,1,0,accepted,0.0739853695207768,0.0602013083403771,484325.319492342,4976915.09512442,-1.2653106477513,10.479
566,1,0,accepted,0.0704122983281269,0.0609686275342723,484325.706767459,4976913.93220756,-1.26838416879193,10.499
567,1,0,accepted,0.0733722864312901,0.0805695048854542,484326.082644339,4976912.76107722,-1.2714520959876,10.072
568,1,0,accepted,0.041448882572272,-0.00394226947747174,484326.489015442,4976911.61991204,-1.27613890529677,13.332
569,1,0,accepted,0.0159432880371362,-0.137679654287984,484326.89296416,4976910.47759211,-1.28171765130491,12.758
570,1,0,accepted,0.0379948512618455,-0.31732678932368,484327.296333993,4976909.33028921,-1.28784092755715,12.105
571,1,0,accepted,0.0491236533292973,-0.418481780639308,484327.675913214,4976908.17207133,-1.2926300055801,10.041
572,1,0,accepted,0.0958136016265557,-0.733880827819586,484328.088085011,4976907.01033524,-1.3011384997504,10.853
573,1,0,accepted,0.104932646506717,-0.778772377212583,484328.461495022,4976905.84106459,-1.30480608863139,9.908
574,1,0,accepted,0.0906542294544415,-0.602759924290812,484328.808788657,4976904.65804255,-1.30447416901048,11.464
575,1,0,accepted,0.0821483799789098,-0.523602761501403,484329.148381172,4976903.49436413,-1.30581955997935,10.253
576,1,0,accepted,0.0810225063127148,-0.381944209717358,484329.472412205,4976902.3405371,-1.30591281971337,10.299
577,1,0,accepted,0.0634173090350947,-0.442970155261307,484329.801662991,4976901.15083485,-1.30953729842718,10.526
578,1,0,accepted,0.0634964213866277,-0.380829942093678,484330.123052321,4976899.97178129,-1.31046123457364,11.416
579,1,0,accepted,0.0687324411498205,-0.282830135715021,484330.436321189,4976898.77637328,-1.31106506789769,13.148
580,1,0,accepted,0.0668802507762826,-0.222113994968464,484330.824115709,4976897.62378356,-1.31164541661874,10.753
581,1,0,accepted,0.0682942553049802,-0.343252961358695,484331.181509736,4976896.44422626,-1.31526923955205,9.383
582,1,0,accepted,0.0811237606538988,-0.401287827809927,484331.537861225,4976895.26554399,-1.31775377177433,10.312
583,1,0,accepted,0.077786701917122,-0.337645526478023,484331.861440148,4976894.10761085,-1.31871115998427,10.575
584,1,0,accepted,0.0906340257295589,-0.279488046707686,484332.188191231,4976892.94081476,-1.31921500978641,10.325
585,1,0,accepted,0.0825716187407867,-0.235596231359528,484332.504841314,4976891.75589264,-1.32012085366132,10.23
586,1,0,accepted,0.0279139041110606,-0.289592251306042,484332.818962422,4976890.50908541,-1.32256795402627,11.882
587,1,0,accepted,0.0416481524749751,-0.347052624910258,484333.132073243,4976889.29855445,-1.3249642882876,10.284
588,1,0,accepted,0.0688588506834481,-0.288956176965288,484333.441818411,4976888.09933734,-1.32543078364354,9.568
589,1,0,accepted,0.159632987246473,-0.290869910782349,484333.731916642,4976886.83735539,-1.32678989323473,10.686
590,1,0,accepted,0.108652891945352,-0.329163395160959,484334.073381911,4976885.71524125,-1.32897499939527,9.071
591,1,0,accepted,0.122032645401927,-0.276043753006585,484334.378165814,4976884.54022016,-1.32949962991616,8.888
592,1,0,accepted,0.143382870210945,-0.279774098972213,484334.677163359,4976883.35873293,-1.33102224539026,7.979
593,1,0,accepted,0.165275180399374,-0.271149923984134,484334.974944081,4976882.17911078,-1.33221111235613,7.911
594,1,0,accepted,0.171434022852254,-0.23335891839568,484335.280399251,4976881.0158135,-1.33310089383602,7.902
595,1,0,accepted,0.181646822201565,-0.204429725014876,484335.584515877,4976879.84042807,-1.33413190724596,7.562
596,1,0,accepted,0.186927714815182,-0.195890429146934,484335.890886523,4976878.67976333,-1.33554905396384,8.413
597,0,1,acceptedDirectional,0.14149765669168,-0.308414719843091,484336.254241214,4976877.5273596,-1.33900947530304,8.196
598,0,1,acceptedDirectional,0.177162663820076,-0.235349887688096,484336.543535015,4976876.36767881,-1.33870876812808,7.474
599,1,0,accepted,0.223979461886709,0.691954342606538,484336.912789701,4976875.51928465,-1.32380202353922,8.703
600,1,0,accepted,0.229507678165273,0.903122645003015,484337.231579281,4976874.37483703,-1.32180386672188,7.916
601,1,0,accepted,0.215971684359349,0.802718621045499,484337.581881298,4976873.22873018,-1.32510232006078,7.941
602,1,0,accepted,0.202433735407721,0.635330368181334,484337.93300301,4976872.08992492,-1.32968741634234,7.376
603,1,0,accepted,0.17475158579118,0.500572007664988,484338.244419618,4976870.92949792,-1.33387954858795,7.193
604,1,0,accepted,0.163974536991122,0.540291592552232,484338.518427582,4976869.77593122,-1.33528922848779,8.257
605,1,0,accepted,0.150034748837832,0.424949509067993,484338.814626124,4976868.62490173,-1.33903982650251,7.703
606,1,0,accepted,0.147418341402808,0.424910961898701,484339.091222412,4976867.4682467,-1.34125901204168,7.19
607,1,0,accepted,0.16026649266073,0.434406087401328,484339.354937788,4976866.30358294,-1.34365281097032,7.754
608,1,0,accepted,0.131196764325506,0.248994732140929,484339.656334897,4976865.15554467,-1.3494194518069,8.55
609,1,0,accepted,0.110494259633733,0.10900107995791,484339.941000205,4976864.01793549,-1.35459122014246,8.715
610,1,0,accepted,0.118327797149566,0.314458922235862,484340.201242525,4976862.88037783,-1.35422589449462,8.297
611,1,0,accepted,0.121642850514306,0.515758642591953,484340.464967195,4976861.73369235,-1.35419128399039,8.483
612,1,0,accepted,0.117637836089791,0.697696415807202,484340.707596261,4976860.66308863,-1.35447275790995,8.236
613,1,0,accepted,0.100525148803585,0.682854767678419,484340.985400863,4976859.50459804,-1.35876366059786,8.253
614,1,0,accepted,0.099124385519403,0.90284594765998,484341.242539029,4976858.37045632,-1.35945334538287,8.136
615,1,0,accepted,0.11152796448023,1.01064404352046,484341.490906042,4976857.22228858,-1.36304966466276,8.174
616,1,0,accepted,0.183389517239176,0.127222946989546,484341.72576971,4976856.00603143,-1.38480352092471,8.312
617,1,0,accepted,0.209426689219273,-0.118105255815187,484341.951765,4976854.861657,-1.39592820024341,8.15
618,1,0,accepted,0.217343401507841,-0.0225121215889239,484342.175215905,4976853.71670083,-1.40141189701239,7.696
619,1,0,accepted,0.187878405077954,0.521437888638226,484342.401764016,4976852.62490106,-1.40000299506227,8.309
620,1,0,accepted,0.155872614787405,0.792993550742678,484342.632736484,4976851.53540048,-1.40336858188953,7.865
621,1,0,accepted,0.117497423886092,0.947878666954974,484342.868968188,4976850.44825165,-1.40961556954571,7.875
622,1,0,accepted,0.125995063870573,0.934100838488393,484343.056081813,4976849.32853115,-1.41978792989939,7.518
623,1,0,accepted,0.158287769949333,0.778966986013932,484343.219297684,4976848.18960121,-1.43402654436322,7.96
624,1,0,accepted,0.163557036399267,0.773400035418567,484343.394256224,4976847.05680732,-1.44575042270588,7.318
625,1,0,accepted,0.15893368777617,0.866239246099933,484343.566364436,4976845.91761026,-1.45629559692001,7.442
626,0,1,acceptedDirectional,0.0752753348633511,0.0745580888691666,484343.830303486,4976844.79132746,-1.48233781790532,8.53
627,0,1,acceptedDirectional,0.0988187464587067,-0.378298440142448,484344.058114063,4976843.64073253,-1.50223402250167,9.105
628,0,1,acceptedDirectional,0.0906366228558718,-0.148975120115107,484344.142891736,4976842.51282899,-1.51026986615541,8.662
629,0,1,acceptedDirectional,0.10971631025644,-0.218183992905029,484344.263980906,4976841.37100443,-1.52394314827997,9.585
630,1,0,accepted,0.150326914447318,-0.149762997373493,484344.427178105,4976840.40223482,-1.53445955871372,11.074
631,1,0,accepted,0.124549891570653,0.256648967201704,484344.413282489,4976839.31425054,-1.53987229135483,11.542
632,1,0,accepted,0.120884898941344,0.400309764182892,484344.440958477,4976838.18174559,-1.54997302208127,11.466
633,1,0,accepted,0.134100645823713,0.388438000963907,484344.479066745,4976837.06223486,-1.56116319445148,11.258
634,1,0,accepted,0.117922270796505,0.188750094961281,484344.522405169,4976835.92092032,-1.57597717549572,11.497
635,1,0,accepted,0.111158364437302,0.157581934862618,484344.525914115,4976834.78411688,-1.58673037292628,10.574
636,1,0,accepted,0.122550866515412,0.327187400203141,484344.489348566,4976833.66297618,-1.59325718471557,11.177
637,1,0,accepted,0.103356210395824,0.18948124329598,484344.48845874,4976832.51321746,-1.60412669506719,11.568
638,1,0,accepted,0.05928203682957,-0.149969947423866,484344.503926513,4976831.33120591,-1.6172757981306,11.81
639,1,0,accepted,0.0571485880668637,-0.0672022048218445,484344.445454467,4976830.19836559,-1.62197750178179,10.295
640,1,0,accepted,0.0694448648044745,0.0135658923016253,484344.374512609,4976829.04266644,-1.62589436950375,11.272
641,1,0,accepted,0.0768468395195097,0.0272465537668581,484344.313860903,4976827.89440018,-1.63066400427923,11.693
642,1,0,accepted,0.109739455771946,0.185837601871492,484344.230602017,4976826.74328109,-1.63267156388855,12.103
643,1,0,accepted,0.12000871140026,0.232021471600168,484344.167426636,4976825.58711606,-1.63647133389515,13.26
644,1,0,accepted,0.112287218713113,-0.0717280781069259,484344.123854483,4976824.40429038,-1.64562857220532,12.293
645,1,0,accepted,0.106694925378717,-0.0276417598038107,484344.06528642,4976823.25112267,-1.64841948105615,13.752
646,1,0,accepted,0.102414273016707,-0.0327554367194964,484343.999782609,4976822.11103078,-1.6521576548613,12.907
647,1,0,accepted,0.089489846650886,-0.274886676829278,484343.946892239,4976820.94859305,-1.65986314927509,11.629
648,1,0,accepted,0.10072633112802,-0.158299501809656,484343.861389169,4976819.788694,-1.66082012176309,11.465
649,1,0,accepted,0.0758173081553252,-0.13292656679423,484343.802628682,4976818.63872023,-1.66271382370483,12.004
650,1,0,accepted,0.0827887206070204,-0.14872667586954,484343.715848526,4976817.46125818,-1.66463939153108,11.536
651,1,0,accepted,0.127120872224552,-0.0354430746412892,484343.593569069,4976816.26503161,-1.66427054558985,11.257
652,1,0,accepted,0.136004126375216,-0.049514161475727,484343.506496385,4976815.07669392,-1.6650941066544,10.91
653,1,0,accepted,0.140767732207131,-0.0575902804072639,484343.405954649,4976813.89102857,-1.66575820109191,12.443
654,1,0,accepted,0.13393592759668,-0.0154280706985265,484343.31132653,4976812.74169061,-1.66551413860792,11.986
655,1,0,accepted,0.146445844867962,0.0295839640544723,484343.208370208,4976811.54871054,-1.66519238362144,11.836
656,1,0,accepted,0.167216726661995,0.0743387481802599,484343.10786948,4976810.33744492,-1.66487141889192,11.212
657,1,0,accepted,0.132717902069085,0.00650877426908748,484343.023528306,4976809.19346863,-1.66620681236851,11.31
658,1,0,accepted,0.149623713467312,0.00634232075550542,484342.924069878,4976807.96369687,-1.66643392063024,10.865
659,1,0,accepted,0.0843707542053041,-0.318777667401123,484342.917696477,4976806.77506826,-1.6723433434129,10.479
660,1,0,accepted,0.115639221934477,-0.281433882483292,484342.809119817,4976805.55018475,-1.6721294020558,10.618
661,1,0,accepted,0.120307305836083,-0.161314175112761,484342.683519889,4976804.3619442,-1.67033712327943,10.305
662,1,0,accepted,0.128617150065021,-0.111939223138596,484342.57345656,4976803.15379957,-1.66999801278447,10.218
663,1,0,accepted,0.134131358259647,-0.0146583827050337,484342.454887944,4976801.95992189,-1.66921996376685,9.86
664,1,0,accepted,0.129103476483406,0.0117767318130496,484342.341498117,4976800.78423365,-1.66888300663122,10.352
665,1,0,accepted,0.142042443989067,0.056647826676206,484342.235897794,4976799.5493706,-1.66885111828783,10.201
666,1,0,accepted,0.181654134772613,0.319780291288849,484342.087420275,4976798.34352678,-1.66499741902553,11.238
667,1,0,accepted,0.206351747080631,0.378355593901832,484341.970257593,4976797.10176007,-1.66496875569959,10.837
668,1,0,accepted,0.199405972793787,0.252886923178906,484341.881537269,4976795.86682168,-1.66795025856946,10.666
669,1,0,accepted,0.0935232349961444,-0.054638561057024,484341.891557349,4976794.66118585,-1.67405929541147,11.313
670,1,0,accepted,0.0274403577257582,-0.200055547304584,484341.837052668,4976793.47651921,-1.67697230881623,10.507
671,1,0,accepted,0.0196081770032518,-0.344283965463143,484341.770058911,4976792.2616126,-1.67989910569827,9.381
672,1,0,accepted,0.0123958767433828,-0.285971317658247,484341.653880646,4976791.02879825,-1.67962348488648,9.259
673,1,0,accepted,0.0288034299228718,-0.201211942989012,484341.539585815,4976789.78098352,-1.67887441743026,8.98
674,1,0,accepted,0.0297068689795719,-0.167627109965562,484341.418388665,4976788.55597314,-1.6788429356389,9.528
675,1,0,accepted,0.0663020229847344,-0.0564612836873459,484341.273131709,4976787.30616506,-1.67720847182832,9.266
676,1,0,accepted,0.0786995760832889,-0.0182796224406072,484341.150136599,4976786.07052502,-1.6769565916149,8.789
677,1,0,accepted,0.0950004293101115,0.00823274457402713,484341.024183669,4976784.82919602,-1.67710660045361,8.959
678,1,0,accepted,0.0830339546709612,-0.0424096007242822,484340.915314775,4976783.6081634,-1.67872560161616,8.427
679,1,0,accepted,0.0766682473934653,0.00974895875462976,484340.812925098,4976782.34723871,-1.67840512116061,9.585
680,1,0,accepted,0.0522115109289776,0.0517327648879956,484340.721092891,4976781.14373383,-1.67850465478729,9.237
681,1,0,accepted,0.0543142755858872,0.0622977974807876,484340.603295276,4976779.90015073,-1.67853314252105,10.496
682,1,0,accepted,0.0623580662167897,0.106343903030157,484340.570487524,4976778.73346954,-1.67846291499305,11.363
683,1,0,accepted,0.0722211759793488,0.113510862355729,484340.457278193,4976777.49522575,-1.67856557753771,11.673
684,1,0,accepted,0.0998496198855547,0.113557826904778,484340.343542576,4976776.27444904,-1.67898142812641,10.403
685,1,0,accepted,0.117317437499672,0.135356414358796,484340.214296354,4976775.05111452,-1.67870444168185,9.377
686,1,0,accepted,0.139758847173424,0.0954559956705686,484340.108244811,4976773.81418008,-1.67961136631716,9.994
687,1,0,accepted,0.122992865520405,0.154476227444104,484339.966218764,4976772.57524232,-1.67886801789139,9.696
688,1,0,accepted,0.117369095333111,0.168130525901778,484339.833128957,4976771.31809336,-1.67901661221042,9.106
689,1,0,accepted,0.109388436618268,0.179512479843331,484339.698767508,4976770.05937965,-1.67902561014383,9.243
690,1,0,accepted,0.0884475869009768,0.134758203581836,484339.574380613,4976768.78073846,-1.68002982951756,9.591
691,1,0,accepted,0.0790749831308102,0.17379655218569,484339.435214685,4976767.5085034,-1.679674438659,9.773
692,1,0,accepted,0.0754228758431616,0.141521169179531,484339.302577894,4976766.23833651,-1.68009927116797,9.287
693,1,0,accepted,0.0652626396621896,0.181661196408772,484339.177843002,4976764.98533807,-1.67961380513516,9.592
694,1,0,accepted,0.0523673053578609,0.194478431787674,484339.052218449,4976763.70544104,-1.67995767226295,9.441
695,1,0,accepted,0.0643806725173222,0.393671755271194,484338.915154234,4976762.4400692,-1.67738128108484,7.85
696,1,0,accepted,0.070418483519212,0.43547414289651,484338.79412219,4976761.15010858,-1.67746183421579,8.372
697,1,0,accepted,0.0912673270142512,0.539426681589127,484338.667956,4976759.86558885,-1.67621825133449,8.346
698,1,0,accepted,0.112827016333615,0.579728773378328,484338.542694938,4976758.59346107,-1.67618245736215,8.234
699,1,0,accepted,0.127841327328264,0.446922755530576,484338.415490525,4976757.31564982,-1.67927965745601,8.783
700,1,0,accepted,0.14355645984912,0.475077923235709,484338.287852575,4976756.06938707,-1.67974913899903,8.357
701,1,0,accepted,0.15912266753655,0.551109732698822,484338.155092853,4976754.81374469,-1.6791403735415,7.819
702,1,0,accepted,0.193464063000656,0.277880841583709,484338.004894854,4976753.54448649,-1.68476596321845,8.914
703,1,0,accepted,0.222273803781668,0.227251768503681,484337.853075144,4976752.28426045,-1.68604319257444,8.438
704,1,0,accepted,0.26301793210278,0.132384365689024,484337.69056853,4976751.01578865,-1.68893142901628,8.643
705,1,0,accepted,0.169908539514835,0.194972622832074,484337.610594296,4976749.8584076,-1.68809640970839,9.666
706,1,0,accepted,0.11264149803134,0.222016990288492,484337.505773788,4976748.69070982,-1.68811897105202,8.786
707,1,0,accepted,0.075652304073602,0.185831317404413,484337.401339437,4976747.51884516,-1.6897210186067,9.787
708,1,0,accepted,0.0991674766310335,0.238904283686282,484337.28409455,4976746.3518923,-1.68968913035439,9.43
709,1,0,accepted,0.17798269091807,0.176224486621706,484337.232792113,4976745.21682541,-1.69163151242018,8.042
710,1,0,accepted,0.179584593803543,0.272412590256197,484337.067362537,4976743.98739252,-1.69135157671199,8.109
711,1,0,accepted,0.104053789851875,0.24227978308423,484336.878371364,4976742.66919426,-1.69368188400031,8.897
712,1,0,accepted,0.110780913673491,0.25978188786583,484336.697017953,4976741.29735605,-1.69546626916461,12.762
713,1,0,accepted,0.0979066747382184,0.378655002276884,484336.568457272,4976740.17083961,-1.69633886770604,8.291
714,1,0,accepted,0.0958617532844276,0.0854556136361954,484336.437736452,4976738.85276964,-1.7038268589658,12.165
715,1,0,accepted,0.0808299854450102,-0.132546367463549,484336.312685345,4976737.61056641,-1.71139573639167,10.87
716,1,0,accepted,0.102081318936754,0.0192497888890521,484336.137071061,4976736.38412908,-1.71276872132601,10.524
717,1,0,accepted,0.0744695850333809,0.0365911214258719,484335.992115074,4976735.23510761,-1.71716217766869,8.085
718,1,0,accepted,0.0791494867164075,0.0115287958318003,484335.832230102,4976734.00399509,-1.72308044535983,9.165
719,1,0,accepted,0.112449649078343,0.281213285663995,484335.640735951,4976732.76239854,-1.72409971023611,9.701
720,1,0,accepted,0.133245699562391,0.53927832933033,484335.453781754,4976731.5664297,-1.7259717834787,8.369
721,1,0,accepted,0.132430308159756,0.779398759487478,484335.284777615,4976730.34065902,-1.72777016964502,9.081
722,1,0,accepted,0.144076782171165,0.637202880668013,484335.111995095,4976729.09565653,-1.73611149928724,8.845
723,1,0,accepted,0.140191107702555,0.399207582758564,484334.949794107,4976727.87135398,-1.74629021227596,10.666
724,1,0,accepted,0.135305915972007,0.352422600931954,484334.768767154,4976726.66915232,-1.75336987048103,9.635
725,1,0,accepted,0.150515403885231,0.188977710563448,484334.551425692,4976725.47145098,-1.76289413230396,10.843
726,1,0,accepted,0.148393779168924,0.150315799804597,484334.346331465,4976724.29216096,-1.77031755716162,9.83
727,1,0,accepted,0.153260171444499,0.248707645640437,484334.11520636,4976723.09118294,-1.77470418949705,10.525
728,1,0,accepted,0.150936231932649,0.312678391415137,484333.886595893,4976721.91309491,-1.77996483353972,12.41
729,1,0,accepted,0.148635379945454,0.388774656300398,484333.649578319,4976720.74885774,-1.78505189302767,10.563
730,1,0,accepted,0.0667526635693025,0.322777503428977,484333.452439316,4976719.65582634,-1.79106943073665,10.441
731,1,0,accepted,0.0385472719802966,0.43345948404681,484333.221529106,4976718.51669887,-1.79545265756347,10.938
732,1,0,accepted,0.022839635092843,0.394092903183829,484332.984020734,4976717.36676152,-1.8011340048859,10.439
733,1,0,accepted,0.107062212203341,0.149582443600121,484332.82238376,4976716.25837426,-1.81015290532886,10.844
734,1,0,accepted,0.108839933714923,0.0620240889686225,484332.572610002,4976715.09997946,-1.81618616362732,10.751
735,1,0,accepted,0.107222715764947,0.0420773490973425,484332.306208657,4976713.94807949,-1.82032833066631,11.798
736,1,0,accepted,0.0998366225639115,-0.0476065125209261,484332.031144562,4976712.77779007,-1.82548631111351,12.443
737,1,0,accepted,0.0842031007053759,-0.0267079298451405,484331.741046058,4976711.63419041,-1.8284373351744,10.934
738,1,0,accepted,0.072333853741951,0.101277704716511,484331.439150001,4976710.49629857,-1.82953244315876,11.163
739,1,0,accepted,0.0727081501565719,0.0965175169399163,484331.158039924,4976709.36722938,-1.8326109429932,11.584
740,1,0,accepted,0.0141493630615174,0.232813609304422,484330.842537464,4976708.18096927,-1.83280489837496,11.235
741,1,0,accepted,0.0255632294698787,0.313879158608016,484330.537670315,4976707.03772972,-1.83337851233332,11.166
742,1,0,accepted,0.0331235418134618,0.21110657743522,484330.244617424,4976705.9028332,-1.83709732415337,11.462
743,1,0,accepted,0.0500646293009424,0.127609623189325,484329.940194045,4976704.76912391,-1.83984662618482,11.291
744,1,0,accepted,0.0648825618618753,0.0180788567798627,484329.63744012,4976703.65936665,-1.84287442239631,11.312
745,1,0,accepted,0.079762440957351,-0.0633625808753449,484329.335383464,4976702.54632462,-1.84548885287329,12.384
746,1,0,accepted,0.0970482558928003,-0.0909436093687643,484329.025131053,4976701.40061024,-1.84709474880993,13.459
747,1,0,accepted,0.116772659201645,-0.0234856458945391,484328.726175878,4976700.25457384,-1.8468664720421,12.452
748,1,0,accepted,0.183252692645914,-0.184719005511606,484328.414933211,4976699.05033,-1.85032802073151,10.783
749,1,0,accepted,0.155163483751689,-0.0417118777274541,484328.11775624,4976697.99612082,-1.84881299181158,13.209
750,1,0,accepted,0.101232647153044,0.539314734254345,484327.858756376,4976696.95146762,-1.83885516312667,14.27
751,1,0,accepted,0.10029779176512,0.660867843680006,484327.564423627,4976695.86584482,-1.83728953436681,16.632
752,1,0,accepted,0.107681236171442,0.759218574678348,484327.263788796,4976694.77550566,-1.83636486160539,12.475
753,1,0,accepted,0.0888422626258347,0.69591250662777,484326.99319143,4976693.69348454,-1.83750560811551,13.659
754,1,0,accepted,0.0830398306788952,0.69380632785498,484326.710593852,4976692.60961701,-1.83849668520624,11.908
755,1,0,accepted,0.0798513315954808,0.666109967374681,484326.422884376,4976691.51945799,-1.83922923444889,11.321
756,1,0,accepted,0.071331490238983,0.600265013103649,484326.144864847,4976690.43923187,-1.8407190898049,11.588
757,1,0,accepted,0.0851311721214875,0.598103328328437,484325.852144354,4976689.37307698,-1.84089720880276,11.401
758,1,0,accepted,0.103283345093254,0.597718725010516,484325.549517547,4976688.29991641,-1.84144339798861,12.474
759,1,0,accepted,0.107587886076657,0.567386172899517,484325.255160104,4976687.21825072,-1.84147505705557,12.647
760,1,0,accepted,0.121634170748333,0.353762557036921,484324.945752509,4976686.14495515,-1.84374817159122,12.702
761,1,0,accepted,0.111992615618998,0.259845360932266,484324.660903474,4976685.05494391,-1.84401223526832,12.439
762,1,0,accepted,0.121007052557982,0.177552073810258,484324.400015549,4976684.02928299,-1.8424461392014,11.876
763,1,0,accepted,0.131168300977121,0.256686415305924,484324.118442556,4976682.97814685,-1.83749986209046,12.001
764,1,0,accepted,0.143118146247747,0.265864723951778,484323.837705689,4976681.94106966,-1.8330011278513,12.112
765,1,0,accepted,0.157583861998632,0.237402998268871,484323.558434262,4976680.90818201,-1.82900158937726,12.109
766,1,0,accepted,0.167964515241502,0.203184554562082,484323.28303394,4976679.86949725,-1.825073020953,11.486
767,1,0,accepted,0.181055843828498,0.254367194354842,484323.011493581,4976678.85430459,-1.8192677231138,11.276
768,1,0,accepted,0.201142977223523,0.0897096487479177,484322.729974879,4976677.83199712,-1.81656643545424,11.622
769,1,0,accepted,0.222051098740483,-0.00296134338559983,484322.449100008,4976676.79518454,-1.81233199333772,11.705
770,1,0,accepted,0.248643825736485,-0.270313380794148,484322.164412083,4976675.70434164,-1.80973524967111,12.266
771,1,0,accepted,0.155964078643314,0.184019847011573,484322.068223955,4976674.79352032,-1.79430399765555,15.698
772,1,0,accepted,0.175467382659473,0.607968188293105,484321.809058135,4976673.77040679,-1.77879811979516,15.466
773,1,0,accepted,0.145031573057803,0.346380681468473,484321.629806899,4976672.77007936,-1.77490149744109,13.627
774,1,0,accepted,0.122029938147834,0.549474578672368,484321.459946357,4976671.80601142,-1.76189852206741,14.299
775,1,0,accepted,0.0935266102648515,0.494645688307862,484321.31842353,4976670.91343978,-1.75392091964898,14.453
776,1,0,accepted,0.144508165032385,-0.28012671692664,484321.280320102,4976670.08373095,-1.75706664341918,11.188
777,1,0,accepted,0.0846835031996613,0.0877853689130992,484321.059388366,4976669.07872711,-1.73938957282967,9.742
778,1,0,accepted,0.058362125913928,0.257942516233847,484320.87525771,4976668.12079489,-1.72512348314175,10.633
779,1,0,accepted,0.205981527158361,0.976542196608551,484320.624074902,4976667.02521106,-1.70076744035539,15.009
780,1,0,accepted,0.0300583082420389,0.106648230119336,484320.6153954,4976666.2650719,-1.70366251713478,13.267
781,1,0,accepted,0.172002293853248,0.819172956186548,484320.400349716,4976665.23443234,-1.67859040123361,12.851
782,1,0,accepted,0.0489070031124981,0.102626045030849,484320.367859287,4976664.44846779,-1.67776246717421,14.058
783,1,0,accepted,0.0618797997998652,-0.016172485883125,484320.263003312,4976663.56591395,-1.66590463451051,13.437
784,1,0,accepted,0.0769328477988714,0.00321954179956976,484320.169018117,4976662.69348174,-1.65076272465608,12.698
785,1,0,accepted,0.0917891241125306,-0.113510890237654,484320.087267076,4976661.82599852,-1.63759919353127,12.006
786,1,0,accepted,0.0866465360826311,0.174440153052249,484320.045832444,4976660.9557032,-1.6169814582158,12.907
787,1,0,accepted,0.0853581576699534,0.278466316556764,484320.018974331,4976660.0949593,-1.59824675936591,12.954
788,1,0,accepted,0.109389144618283,0.650204235889428,484319.998708189,4976659.23249975,-1.57448098196931,13.155
789,1,0,accepted,0.0985017340989122,0.736592797077055,484319.999352835,4976658.4153975,-1.5546435144383,11.261
790,1,0,accepted,0.0586677394171077,0.459899059410871,484319.995034331,4976657.70222679,-1.54049884969432,13.543
791,1,0,accepted,0.0959558865289748,0.488984235880722,484319.968474672,4976656.87590706,-1.52045626457501,11.53
792,1,0,accepted,0.0897862886105518,0.289283590592056,484320.00934734,4976656.08602714,-1.50371979962122,12.542
793,1,0,accepted,0.089947029385618,-0.00972445682419064,484320.067056623,4976655.30709172,-1.48784837641705,12.346
794,1,0,accepted,0.0881997919508024,-0.0871416848902765,484320.129228892,4976654.50075632,-1.46767170825644,11.864
795,1,0,accepted,0.0968251959508657,-0.0864161695578849,484320.198295549,4976653.68719593,-1.44517091462806,13.561
796,1,0,accepted,0.0968745980629439,-0.129704007755864,484320.295243544,4976652.89736009,-1.42311951538279,11.455
797,1,0,accepted,0.0941740147115977,-0.082108728656945,484320.409552226,4976652.09750877,-1.39861112063819,12.865
798,1,0,accepted,0.084377692535584,-0.142402701029745,484320.535985897,4976651.31716793,-1.37592351463727,11.856
799,1,0,accepted,0.0842311717922665,-0.0936846797070478,484320.693741382,4976650.52158512,-1.35098685765032,11.059
800,1,0,accepted,0.0981015509141983,-0.119626343955758,484320.858198525,4976649.74649545,-1.32730397130125,11.168
801,1,0,accepted,0.108108268650366,-0.346901776990669,484321.015009949,4976649.00572171,-1.30761646063722,10.938
802,1,0,accepted,0.135956756206203,-0.23838977494701,484321.211758066,4976648.24292589,-1.28200775800437,11.622
803,1,0,accepted,0.202919955215507,0.140266760349712,484321.454953118,4976647.4466232,-1.25148957074586,11.86
804,1,0,accepted,0.255393573883147,0.45336486298016,484321.695183604,4976646.69169649,-1.22272243865534,12.05
805,1,0,accepted,0.276092062961659,0.39781548873309,484321.943474106,4976645.96623637,-1.20015814438328,11.949
806,1,0,accepted,0.303834669389441,0.56081517883649,484322.221950552,4976645.25329843,-1.17413110825602,11.691
807,1,0,accepted,0.237460847573132,0.659934103287651,484322.448386567,4976644.62235104,-1.1492764704431,13.375
808,1,0,accepted,0.178182660409975,1.45642257255343,484322.705691425,4976643.97661503,-1.11236825205183,14.027
809,1,0,accepted,0.209204328785889,1.38768441148601,484323.053968298,4976643.27187935,-1.09124659185455,12.955
810,1,0,accepted,0.214429445774822,0.59159553994694,484323.406313011,4976642.59192566,-1.08224880733177,16.449
811,1,0,accepted,0.203674190568751,0.54755474139016,484323.743832994,4976641.93873036,-1.0604502402857,14.871
812,1,0,accepted,0.176093751095831,0.184443639126191,484324.077622198,4976641.30515026,-1.04448197329648,13.836
813,1,0,accepted,0.125266351036491,0.425154438409563,484324.41835822,4976640.70340787,-1.01790088961249,13.788
814,1,0,accepted,0.0872580651154462,0.292790926686987,484324.804122247,4976640.09892889,-0.997785933446817,12.896
815,1,0,accepted,0.0459793707837419,0.482374999156769,484325.198380222,4976639.51212676,-0.972182406168065,13.514
816,1,0,accepted,0.0481673612200861,0.413782670595336,484325.615857858,4976638.88379685,-0.950620696993494,11.755
817,1,0,accepted,0.0429959843882798,0.408193061908847,484326.030853213,4976638.31268537,-0.928571447370939,11.685
818,1,0,accepted,0.0422559159407678,0.223850966964734,484326.477554869,4976637.69222167,-0.909375444021901,11.211
819,1,0,accepted,0.0463607901241102,0.191332924766337,484326.94790316,4976637.07800896,-0.887272830510711,11.097
820,1,0,accepted,0.0531070241581573,-0.0940910518652101,484327.39598464,4976636.5097039,-0.869780128233174,11.983
821,1,0,accepted,0.0657900370809156,-0.125350122817045,484327.867009292,4976635.950919,-0.847582209219148,14.807
822,1,0,accepted,0.0520279441128947,0.212328793964829,484328.381333487,4976635.39122655,-0.819001773303373,12.308
823,1,0,accepted,0.0642239557107334,0.0764974666423304,484328.889756162,4976634.81892755,-0.798176052422788,12.509
824,1,0,accepted,0.0564791433076101,0.196003991833965,484329.449670725,4976634.23472513,-0.773315018198527,13.806
825,1,0,accepted,0.0810180183219834,-0.00913080758213967,484329.949029482,4976633.74995048,-0.75373046962389,14.462
826,1,0,accepted,0.0908536771632937,-0.130518678670414,484330.503114039,4976633.20177132,-0.732992024364763,12.628
827,1,0,accepted,0.0937141419867968,-0.00106796975079311,484331.075362208,4976632.67236077,-0.707642794245583,12.379
828,1,0,accepted,0.0265297121296667,0.434795517837407,484331.754920067,4976632.15299724,-0.676950370810881,11.646
829,1,0,coarseRetainedByTrustRadius,0.280324474418186,-0.236400886263165,484332.085069909,4976631.80764084,-0.666035514931976,13.29
830,1,0,coarseRetainedByTrustRadius,0.254273876957676,0.142118070657785,484332.674726415,4976631.20540985,-0.636927427474151,13.311
831,1,0,coarseRetainedByTrustRadius,0.185948132332363,0.245235627134614,484333.357136141,4976630.71803064,-0.612740306476116,12.874
832,1,0,coarseRetainedByTrustRadius,0.189872941381172,0.353728276074817,484333.981185732,4976630.22630291,-0.588062948086054,12.164
833,1,0,coarseRetainedByTrustRadius,0.182321300503551,0.220890289659744,484334.631579177,4976629.78118317,-0.568080997496841,11.884
834,1,0,coarseRetainedByTrustRadius,0.146284263029506,-0.0617398899735006,484335.323990908,4976629.36230721,-0.551037452681112,13.842
835,1,0,coarseRetainedByTrustRadius,0.167281242890022,-0.379252977804213,484335.974374842,4976628.96388223,-0.534620130946027,15.199
836,1,0,coarseRetainedByTrustRadius,0.161718378616629,-0.469375612319153,484336.671852782,4976628.55095226,-0.51412800982159,19.736
837,1,0,coarseRetainedByTrustRadius,0.147574111687927,-0.633132459686192,484337.367938072,4976628.15832981,-0.495487406639074,14.66
838,1,0,coarseRetainedByTrustRadius,0.196520038656553,-0.826949829581126,484338.034844774,4976627.82863458,-0.477298268793236,12.333
839,1,0,accepted,0.0575309860230418,-0.345360423358872,484338.850119826,4976627.36535788,-0.447475579682139,13.505
840,1,0,accepted,0.0424268939116656,-0.20001535484452,484339.639401942,4976626.96520678,-0.423853451221415,12.372
841,1,0,accepted,0.111627846717988,0.00598067933720365,484340.426310895,4976626.57491372,-0.399744836581508,10.083
842,1,0,accepted,0.032308291936801,-0.259781479517296,484341.079339299,4976626.28518799,-0.384807418441947,13.434
843,1,0,coarseRetainedByTrustRadius,0.0944821472538269,-0.39862511355978,484341.876215142,4976625.9757071,-0.368151317470061,10.892
844,1,0,coarseRetainedByTrustRadius,0.136051384951907,-0.196530528131958,484342.672722937,4976625.63719139,-0.345989715516646,12.084
845,1,0,coarseRetainedByTrustRadius,0.134602588553955,-0.0611277284248054,484343.428143355,4976625.3456161,-0.325684063768929,11.438
846,1,0,coarseRetainedByTrustRadius,0.183668895493028,0.233424877252956,484344.249595932,4976625.05359077,-0.302945165164617,12.133
847,1,0,coarseRetainedByTrustRadius,0.219521985454015,0.411123107875614,484345.064004173,4976624.77733187,-0.28298732869923,10.966
848,1,0,coarseRetainedByTrustRadius,0.232044937345562,0.329289425856262,484345.88769838,4976624.55564062,-0.268172594503395,10.994
849,1,0,coarseRetainedByTrustRadius,0.178520668105084,0.0794385580519687,484346.661066868,4976624.34385517,-0.257042733472532,10.082
850,1,0,accepted,0.0879953795102523,-0.607142188055515,484347.329863537,4976624.18765773,-0.254905707765672,9.817
851,1,0,accepted,0.0825414899194294,-0.675665447304375,484348.182132383,4976623.96290483,-0.24219832144779,11.795
852,1,0,accepted,0.0965926189989625,-0.492483846583245,484349.046977255,4976623.76522691,-0.226079183739147,9.537
853,1,0,coarseRetainedByTrustRadius,0.263503145279789,0.155337461500475,484350.090023545,4976623.51970066,-0.203132725898182,12.473
854,1,0,accepted,0.186927244647825,-0.702968461446336,484350.832286624,4976623.45886647,-0.207084920912219,17.003
855,1,0,accepted,0.14394908634375,-0.186203126381331,484351.686524765,4976623.20430978,-0.188042872857088,12.724
856,1,0,accepted,0.0664303354590724,0.358172598669273,484352.483322774,4976623.0426823,-0.169613994178939,12.827
857,1,0,accepted,0.0795574382564827,0.342411158841468,484353.36396768,4976622.90791499,-0.161574643074138,14.153
858,1,0,accepted,0.0509513041378645,0.613698085942866,484354.248705311,4976622.71207696,-0.149231971331963,13.031
859,1,0,accepted,0.0403090466392314,0.441314140717735,484355.173560644,4976622.62515398,-0.144819234244531,12.718
860,1,0,accepted,0.0423556331651034,0.232182754717264,484356.101489438,4976622.53088696,-0.1415889918031,11.059
861,1,0,accepted,0.0559163730679226,-0.0164005084470039,484357.037088033,4976622.44337395,-0.138710491197479,11.347
862,1,0,accepted,0.049471915740156,-0.0341114611369176,484357.972094447,4976622.34195942,-0.131994699149005,11.229
863,1,0,accepted,0.0589607886242275,-0.192042094053252,484358.895630102,4976622.26314114,-0.128961516796421,11.737
864,1,0,accepted,0.0349528096756317,-0.0715729668309809,484359.823746523,4976622.15206281,-0.12192038017342,12.686
865,1,0,accepted,0.0235534679732456,0.0105192329493933,484360.760160194,4976622.03212558,-0.116001938804147,11.404
866,1,0,accepted,0.0626837741837035,0.131656410985279,484361.697725657,4976621.9024411,-0.109397010600179,11.672
867,1,0,accepted,0.0698231606709103,-0.0193243530582961,484362.665943606,4976621.81272272,-0.107128321904839,11.393
868,1,0,accepted,0.0913508935508794,-0.00739160800333643,484363.619649405,4976621.71712179,-0.102495059215275,10.504
869,1,0,accepted,0.11642840535226,0.00934221016674463,484364.583034802,4976621.62379725,-0.0976965527589582,11.92
870,1,0,accepted,0.127318474349168,0.0047330348985964,484365.551829043,4976621.54569479,-0.0932659123211193,11.515
871,1,0,accepted,0.107579841036669,-0.109171161012486,484366.54849459,4976621.50054863,-0.0909569010921404,9.387
872,1,0,accepted,0.139363867884281,0.168477895669693,484367.513787803,4976621.42186417,-0.0817039774912132,9.595
873,1,0,accepted,0.17962620226469,0.402800085223548,484368.492683088,4976621.32307615,-0.0730438045594309,10.554
874,1,0,accepted,0.204875196296003,0.455642442670084,484369.493888574,4976621.24483803,-0.0680489316847021,10.357
875,1,0,accepted,0.203931976264155,0.207413810430521,484370.520147882,4976621.1853879,-0.0680176811514751,11.555
876,1,0,accepted,0.223332528200843,0.236862223369274,484371.513179138,4976621.11976446,-0.0630365825651271,11.834
877,1,0,accepted,0.253389523228005,0.739791692541796,484372.51686258,4976621.04758633,-0.0499992992451953,12.8
878,1,0,accepted,0.220852096269537,0.210890737969574,484373.543892434,4976621.02077972,-0.0546576995491658,12.476
879,1,0,accepted,0.219262604762958,0.313329534901944,484374.560336836,4976620.97418463,-0.0483478431401806,10.895
880,1,0,accepted,0.213682650267047,0.291263289333135,484375.58833554,4976620.93062341,-0.0442187139559783,10.708
881,1,0,accepted,0.192746580054602,0.241038488514306,484376.607674952,4976620.91418553,-0.0399835305174059,11.42
882,1,0,accepted,0.208208016561733,0.371779392765687,484377.66894874,4976620.8533,-0.0316505405198792,11.337
883,1,0,accepted,0.206058314061366,0.0791819706117193,484378.72341146,4976620.8237162,-0.0306423786625272,10.544
884,1,0,accepted,0.203223330644937,0.0702424709059175,484379.754249386,4976620.805404,-0.0245421345372447,10.396
885,1,0,accepted,0.229300727441649,0.0420869225530853,484380.804328152,4976620.76519387,-0.0188467370755547,9.94
886,1,0,accepted,0.219570046803788,0.116633748336983,484381.842781084,4976620.76815816,-0.0112464096769601,10.55
887,1,0,accepted,0.221534748601486,0.226621527656293,484382.881259439,4976620.76527654,-0.00324439179220665,10.647
888,1,0,accepted,0.236111606185552,0.263963601699575,484383.945809563,4976620.75915934,0.00369086342240912,10.25
889,1,0,accepted,0.22370244659331,0.253032977051222,484385.010688663,4976620.79578682,0.00905851935867556,10.846
890,1,0,accepted,0.19903850467261,0.698801682882843,484386.062352813,4976620.8468402,0.0229147271315895,10.588
891,1,0,accepted,0.161661413020892,1.07721597001088,484386.998516089,4976620.88861296,0.0357453215051116,10.167
892,0,1,acceptedDirectional,0.168403533426578,1.04026690725157,484388.057715172,4976620.91168739,0.0409816080182462,8.592
893,0,1,acceptedDirectional,0.108547371374164,0.561009837935485,484389.110867866,4976621.00914011,0.0382971953722058,9.11
894,0,1,acceptedDirectional,0.0926129857628031,0.446699658778889,484390.168781222,4976621.0674514,0.041686294868347,8.516
895,1,0,accepted,0.268507525108976,0.580373600159124,484390.983881778,4976621.17257726,0.0496770345756182,8.483
896,1,0,accepted,0.246631141421498,0.412184980701597,484392.056618323,4976621.28399317,0.0520573981133283,8.432
897,1,0,accepted,0.224896337552136,0.401407410364947,484393.137461877,4976621.35540906,0.0571738299615985,7.854
898,1,0,accepted,0.221963891733129,0.350994869881374,484394.195327619,4976621.40504202,0.0616133801022741,9.237
899,1,0,accepted,0.231805582306522,-0.957914341974699,484395.340815469,4976621.67062964,0.0438578942867164,9.344
900,1,0,accepted,0.216030261310382,-1.08958232202738,484396.422298396,4976621.7515899,0.0471924769236666,9.144
901,1,0,accepted,0.248095100073423,-0.152603196551639,484397.374760538,4976621.72407234,0.0686862009684073,10.044
902,1,0,accepted,0.178538901275107,-1.00904170268526,484398.552755131,4976621.90204048,0.0589110807901391,10.28
903,1,0,accepted,0.131352998938953,-1.02610726207036,484399.657497017,4976621.97218362,0.0641973320551862,9.583
904,1,0,accepted,0.101547824581616,-0.996982839769125,484400.746275414,4976622.05914991,0.0693073793511809,9.363
905,1,0,accepted,0.0626985298825565,-0.861616312965832,484401.847814793,4976622.14877854,0.0751823550739349,9.192
906,1,0,accepted,0.0140986837167642,-0.245089839146869,484402.960707543,4976622.22837985,0.0883525156226979,10.11
907,1,0,accepted,0.043422374384519,-0.00697666932235722,484404.072351705,4976622.34699688,0.0930805244627542,9.539
908,1,0,accepted,0.040378249530055,0.188608076211368,484405.162283182,4976622.46722708,0.0958849944820334,9.124
909,1,0,accepted,0.065485901072551,0.269982322890044,484406.253928385,4976622.58034538,0.0961905438249896,9.092
910,1,0,accepted,0.0833778763187286,0.269242868664926,484407.351386641,4976622.6924569,0.0954122351419645,9.156
911,1,0,accepted,0.0721303831745604,0.314541183651159,484408.424215853,4976622.8226156,0.0952459793456083,9.338
912,1,0,accepted,0.0956703480531133,0.283963138302451,484409.539680068,4976622.93529484,0.0942812462788521,9.592
913,1,0,accepted,0.101379500875328,0.279167054870547,484410.638029982,4976623.03978832,0.0940317844726085,9.671
914,1,0,accepted,0.0982972505657423,0.3660262873542,484411.730149711,4976623.1718086,0.0959355556751596,10.247
915,1,0,accepted,0.096207297988375,0.427168646833835,484412.812931764,4976623.29372505,0.0975623024333257,9.676
916,1,0,accepted,0.0915887066817637,0.44700605995979,484413.908746043,4976623.41718272,0.0986235792987776,9.524
917,1,0,accepted,0.093178220671622,0.415896875003907,484415.010657176,4976623.52414197,0.0986515024170443,9.642
918,1,0,accepted,0.0914270962049671,0.396641817982459,484416.118285675,4976623.65033303,0.0987382175458519,10.694
919,1,0,accepted,0.107370188821328,0.452249539413335,484417.246609413,4976623.76092886,0.100262961462185,10.076
920,1,0,accepted,0.0999181200541794,0.46661481251401,484418.347789655,4976623.89247142,0.101182925910295,10.831
921,1,0,accepted,0.0849948780130663,0.416096120430649,484419.454990679,4976624.02503895,0.10100018214012,11.561
922,1,0,accepted,0.0948811736468589,0.0618896571617967,484420.463882972,4976624.24825009,0.0952943139419992,9.805
923,1,0,accepted,0.0677353298871843,0.13310372507906,484421.581444968,4976624.35250689,0.0972100631440727,9.205
924,1,0,accepted,0.0582739014508976,0.109761382612306,484422.699599648,4976624.47466348,0.0972467055313495,9.064
925,1,0,accepted,0.0491965653115403,0.127643886222934,484423.816337538,4976624.59794048,0.0981320674980452,10.803
926,1,0,accepted,0.0501458293000074,0.155650402102373,484424.910727858,4976624.72356137,0.0988436219169245,9.628
927,1,0,accepted,0.0532841434890103,0.152541393185825,484426.012747689,4976624.84846963,0.0994727388093596,11.067
928,1,0,accepted,0.0641398575294637,0.156278071235308,484427.121054026,4976624.97838097,0.0999537834715829,9.68
929,1,0,accepted,0.0726051635205334,0.181578331996785,484428.235813371,4976625.09835965,0.100979264388868,9.883
930,1,0,accepted,0.107077499553934,-0.0337464488186802,484429.347097464,4976625.27630755,0.09764855088113,10.138
931,1,0,accepted,0.101770986770616,0.28516790196419,484430.478238507,4976625.34475823,0.103808301699748,10.586
932,1,0,accepted,0.112821818708956,0.417673909513702,484431.618898027,4976625.44813925,0.106670848425756,10.553
933,1,0,accepted,0.0966962136313093,0.399315675538887,484432.783950627,4976625.57298183,0.106895210574845,9.588
934,1,0,accepted,0.0781947225987819,0.310986557939641,484433.954378747,4976625.71884662,0.106267132765583,8.918
935,1,0,accepted,0.0911401844164034,0.386542279691429,484435.103159699,4976625.83761727,0.107965683009797,9.34
936,1,0,accepted,0.0807778312938131,0.236513664585684,484436.267496254,4976625.98716355,0.105836640866206,9.688
937,1,0,accepted,0.0885991334759393,0.245873522191819,484437.427127059,4976626.1231845,0.10600003187699,9.697
938,1,0,accepted,0.0937611436837533,0.28951022908097,484438.597362739,4976626.26148664,0.106624947251483,9.749
939,1,0,accepted,0.121055449619075,0.408460338986993,484439.791181356,4976626.38807078,0.108827034518267,9.669
940,1,0,accepted,0.154447324668832,0.504145624823733,484440.987735583,4976626.52363952,0.110554934771148,9.718
941,1,0,accepted,0.168603596157265,0.50310931672658,484442.167262202,4976626.6726762,0.110537239316542,9.489
942,1,0,accepted,0.176254581927507,0.387820818828195,484443.346003191,4976626.8296212,0.108763152778435,10.176
943,1,0,accepted,0.17179409368132,0.319793797431963,484444.507232438,4976626.98542783,0.107690277184766,9.377
944,1,0,accepted,0.0995503655683205,0.297210365261399,484445.602849531,4976627.15371682,0.107122448479252,9.974
945,1,0,accepted,0.0785618995515677,0.268598671305588,484446.744446464,4976627.30133085,0.107031267144095,9.55
946,1,0,accepted,0.0886126592565962,0.224102142947743,484447.91755673,4976627.4379034,0.106756877899182,9.26
947,1,0,accepted,0.0956638795852824,0.228747258520683,484449.089396272,4976627.57333673,0.107106883456127,10.159
948,1,0,accepted,0.110332724431942,0.202651721518362,484450.261260767,4976627.70469028,0.106871706543312,9.631
949,1,0,accepted,0.134585976802187,0.22902668978819,484451.458371718,4976627.8321913,0.107417207189892,9.426
950,1,0,accepted,0.157370457560548,0.240731092241372,484452.64711807,4976627.9580242,0.108135389235347,9.11
951,1,0,accepted,0.178702147532643,0.168845126162574,484453.830247626,4976628.07607287,0.107390640918454,9.228
952,1,0,accepted,0.182206950275533,0.164425357104865,484455.002249062,4976628.20587919,0.107567828965601,9.609
953,1,0,accepted,0.185432408424972,0.174943037939807,484456.169517833,4976628.34058485,0.107503304403858,10.352
954,1,0,accepted,0.186261737210381,0.154204037901677,484457.337669921,4976628.47983655,0.106765175227375,10.206
955,1,0,accepted,0.155752272507395,0.182686512419393,484458.46721594,4976628.63639133,0.107466829731909,10.012
956,1,0,accepted,0.151769594254494,0.0736267043308903,484459.663850724,4976628.79416083,0.105966929358677,9.772
957,1,0,accepted,0.147496658994028,0.0320015594478744,484460.845232222,4976628.94761155,0.105584075204159,9.758
958,1,0,accepted,0.150678212688046,0.0940319354535498,484462.013904265,4976629.09070678,0.106890764019696,9.645
959,1,0,accepted,0.155006408420285,0.11079073617184,484463.20319225,4976629.239481,0.107464136195773,9.656
960,1,0,accepted,0.151282356495206,0.106561380211635,484464.390822041,4976629.39799399,0.107679475408882,9.499
961,1,0,accepted,0.151101025130544,0.14626508708789,484465.562806909,4976629.55036541,0.108415164601838,9.215
962,1,0,accepted,0.151836799594789,0.0941554161162004,484466.782867512,4976629.71047467,0.108355988239402,8.924
963,1,0,accepted,0.159091185634555,0.0736153087104864,484467.96858224,4976629.8553555,0.108316000182944,8.69
964,1,0,accepted,0.180606036258438,0.115696822758404,484469.177031404,4976629.99326557,0.109374832280427,9.029
965,1,0,accepted,0.0836022501040545,-0.0332195130194569,484470.225463689,4976630.26784319,0.107503157407402,10.506
966,1,0,accepted,0.108456390042148,-0.130308435871708,484471.377809625,4976630.46002514,0.106433724778428,9.79
967,1,0,accepted,0.108353942585225,-0.196261935511223,484472.570368566,4976630.62330084,0.10564340546451,8.708
968,1,0,accepted,0.0795102145451542,-0.153064366394004,484473.772117709,4976630.77275916,0.106685494677788,8.778
969,1,0,accepted,0.0612227203433428,-0.0236029346287351,484474.980892167,4976630.92018724,0.109244242195948,8.326
970,1,0,accepted,0.0134396710505156,-0.218232733517917,484476.224321933,4976631.07728356,0.106101844826775,8.303
971,1,0,accepted,0.045754547227003,-0.010635323641217,484477.450057158,4976631.2131295,0.109605318996867,9.573
972,1,0,accepted,0.0541739883057453,-0.0942720594258434,484478.645559506,4976631.36619352,0.10814322997277,9.17
973,1,0,accepted,0.0519435672176133,-0.0734822853431321,484479.826348688,4976631.52065479,0.108082749962111,9.155
974,1,0,accepted,0.0662212925853914,-0.0069610701515808,484481.020544643,4976631.66758253,0.109074234290856,9.506
975,1,0,accepted,0.0731161552401969,0.0730381626267779,484482.197298316,4976631.81494583,0.110137632750859,10.391
976,1,0,accepted,0.0673569188600589,0.107369232639055,484483.352133215,4976631.97400427,0.110215649729077,9.787
977,1,0,accepted,0.0831583188597726,0.171772204480937,484484.54651275,4976632.11767138,0.110541785836424,9.233
978,1,0,accepted,0.076416491165119,0.489921013755209,484485.714780687,4976632.28548887,0.115368850584546,9.136
979,1,0,accepted,0.0869791498806098,0.47376034327064,484486.924713469,4976632.43296928,0.114253741164905,9.053
980,1,0,accepted,0.0872607231062815,0.439554910676765,484488.126129911,4976632.59400843,0.112547388147735,8.943
981,1,0,accepted,0.0923006956757438,0.278719399160418,484489.326509589,4976632.74682639,0.108698390145317,10.83
982,1,0,accepted,0.0796383804955536,0.309224692444413,484490.484288329,4976632.91458987,0.1105730073594,12.001
983,1,0,accepted,0.145772951655012,0.68247246628722,484491.553267835,4976633.10559018,0.11656418204477,12.465
984,1,0,accepted,0.133627448828912,0.888247466743356,484492.77359648,4976633.2835605,0.118077177382827,12.609
985,1,0,accepted,0.0922428919828955,0.576928752317829,484493.995704865,4976633.46410654,0.113340982117542,11.215
986,1,0,accepted,0.0460580319208489,0.235685676649047,484495.245782517,4976633.64454461,0.10680924279469,10.029
987,1,0,accepted,0.0578776464168908,-0.0329371254936707,484496.417288096,4976633.80722649,0.101292893866824,9.638
988,1,0,accepted,0.0253184529449116,0.125283718196836,484497.618002815,4976633.93524768,0.10344607744156,9.681
989,1,0,accepted,0.0238923074078008,0.52397307581416,484498.837110234,4976634.07090741,0.110589626129285,10.229
990,1,0,accepted,0.0465388663333687,0.713564558214984,484500.037775354,4976634.20601402,0.113213290282572,10.376
991,1,0,accepted,0.0616181554971652,0.750872505001969,484501.229724729,4976634.34930292,0.113722796656873,9.699
992,1,0,accepted,0.0772741050869846,0.858846324665809,484502.427180816,4976634.4968181,0.115271346261966,9.689
993,1,0,accepted,0.0718341784210125,0.721694500909095,484503.578680801,4976634.6322885,0.112254581706134,9.293
994,1,0,accepted,0.0832879321230535,0.717346284689358,484504.769268138,4976634.77207189,0.111648895646293,8.908
995,1,0,accepted,0.0736759232351843,0.640424140115811,484505.913912408,4976634.91560414,0.110107924970379,8.664
996,1,0,accepted,0.0671909827622038,0.500731316567342,484507.081290636,4976635.07042109,0.107606224537677,8.609
997,1,0,accepted,0.0697410304042985,0.456436304088743,484508.24533783,4976635.21048489,0.106425558471223,8.975
998,1,0,accepted,0.073524188250892,0.421085008645688,484509.407678244,4976635.34745356,0.105303467458483,9.083
999,1,0,accepted,0.0554113228892288,0.309699546969314,484510.549456826,4976635.5010804,0.103424841714491,9.586
1000,1,0,accepted,0.0506366202426984,0.343031561555462,484511.676332492,4976635.6469413,0.103359151906179,13.71
1001,1,0,accepted,0.135340102124682,0.0451060094771804,484512.706775303,4976635.88582304,0.0979817660529669,9.99
1002,1,0,accepted,0.133592822905771,0.138882906466167,484513.852640323,4976635.99127059,0.0995549644744812,9.42
1003,1,0,accepted,0.14352789558139,0.380892276065529,484514.996144592,4976636.1022779,0.103359969859775,9.695
1004,1,0,accepted,0.147688468519084,0.398168954365842,484516.140560561,4976636.24410165,0.104006596971323,9.717
1005,1,0,accepted,0.138812019977854,0.359666729531704,484517.299147054,4976636.38730014,0.103913336022367,9.462
1006,1,0,accepted,0.132926647633395,0.35104843603014,484518.450364692,4976636.53648153,0.10406133339736,8.792
1007,1,0,accepted,0.120165785645484,0.268028517447568,484519.605163162,4976636.68168294,0.103274712827335,9.388
1008,1,0,accepted,0.108990520062988,0.128377517306227,484520.747247118,4976636.83091931,0.101299130196276,9.723
1009,1,0,accepted,0.0814421868485819,0.160082861543546,484521.908660011,4976636.96108946,0.102163028655182,9.851
1010,1,0,accepted,0.0500153780397804,0.308307958794056,484523.079949496,4976637.08619773,0.10514205179309,10.368
1011,1,0,accepted,0.0332102901666407,0.269686309206677,484524.253324822,4976637.22644243,0.104466884186785,9.987
1012,1,0,accepted,0.0625167180588632,0.0621121526906146,484525.431235193,4976637.3630588,0.100394367195622,10.155
1013,1,0,accepted,0.0602055042907312,0.0823678752470357,484526.547765747,4976637.49841507,0.101848982599425,10.333
1014,1,0,accepted,0.0761921836120265,0.145207804819272,484527.682968804,4976637.6266947,0.102872614376998,11.148
1015,1,0,accepted,0.0910492067286601,0.191504121273083,484528.811707378,4976637.7510763,0.103966516294868,12.376
1016,1,0,accepted,0.109975182400216,0.155768348835482,484529.951708912,4976637.88311556,0.103676919529147,13.026
1017,1,0,accepted,0.107917206599476,0.227368676556756,484531.067253737,4976638.01862817,0.105155837646072,10.971
1018,1,0,accepted,0.136928828300636,0.13633196918482,484532.217779191,4976638.14192573,0.103601245163346,11.037
1019,1,0,accepted,0.161181183045079,0.0345531595488341,484533.365475636,4976638.2622363,0.102642166577481,11.454
1020,1,0,accepted,0.227571483021749,-0.20829100670054,484534.549711439,4976638.36278265,0.0996198034348603,10.873
1021,1,0,accepted,0.254215438360208,-0.278611571167613,484535.671654335,4976638.47663489,0.0997629673761331,10.691
1022,1,0,accepted,0.277612703799146,-0.300546742811866,484536.801367156,4976638.59193839,0.100569526169923,9.966
1023,1,0,accepted,0.299449514405537,-0.213860943600919,484537.928737815,4976638.71083215,0.102829753032138,9.898
1024,1,0,accepted,0.325914101439604,-0.281512041150333,484539.063210803,4976638.83055442,0.102629932852776,10.138
1025,1,0,accepted,0.324945445906971,-0.32986684288206,484540.184940313,4976638.97364255,0.102756618857265,11.338
1026,1,0,accepted,0.277299132603685,-0.311418339252994,484541.263452838,4976639.14987865,0.103877659427348,11.768
1027,1,0,accepted,0.291320509749302,-2.03685474890515,484542.358272316,4976639.7857407,0.0748648914187893,13.812
1028,1,0,accepted,0.277991808946464,-2.12643669112355,484543.430517923,4976639.94570377,0.0743971485345725,14.991
1029,1,0,accepted,0.241940055229532,-1.86348855461829,484544.475943931,4976640.08303533,0.0791288179107425,16.61
1030,1,0,accepted,0.179082277317163,-1.14185924872676,484545.458820322,4976640.15308919,0.0936136098310584,14.044
1031,1,0,accepted,0.137289430150582,-0.730528148040238,484546.55197265,4976640.24310662,0.101295652358801,12.454
1032,1,0,accepted,0.10701965541579,-0.350438285696536,484547.676821888,4976640.31810105,0.108642432846896,10.578
1033,1,0,accepted,0.106772699143708,-0.120603663364561,484548.819142891,4976640.42409202,0.11340549419293,10.296
1034,1,0,accepted,0.149150243563601,0.0550237413673908,484549.859947842,4976640.61112697,0.117312738926385,9.784
1035,1,0,accepted,0.146841419289191,0.000431487611773492,484550.976104337,4976640.77659668,0.117325273781531,9.292
1036,1,0,accepted,0.151030943663978,-0.0196863109784533,484552.119530196,4976640.94399373,0.118449540847418,8.919
1037,1,0,accepted,0.137755037941905,-0.0577078944147325,484553.271175128,4976641.09828999,0.119484869856171,8.312
1038,1,0,accepted,0.126479894905823,-0.114824277388615,484554.401340971,4976641.26094097,0.120137573116844,7.024
1039,1,0,accepted,0.09805784154893,-0.23224866643694,484555.551916262,4976641.41229143,0.119795334760993,6.903
1040,1,0,accepted,0.0468585088850559,-0.383016649278853,484556.691034858,4976641.54538991,0.118595312159503,8.281
1041,1,0,accepted,0.0731321284543606,-0.430023161972641,484557.853744444,4976641.68815002,0.118549033002479,8.106
1042,1,0,accepted,0.118979433207508,-0.429406556351676,484559.029846593,4976641.83216336,0.118819035994571,7.96
1043,1,0,accepted,0.169822056225791,-0.501009559666354,484560.204644115,4976641.96905271,0.117315920432681,7.974
1044,1,0,accepted,0.196341541201946,-0.445508240865542,484561.366471891,4976642.12043708,0.11783139731246,8.611
1045,1,0,accepted,0.217491278148072,-0.408631785118487,484562.51730792,4976642.26922355,0.118623174255743,8.645
1046,1,0,accepted,0.242118360189208,-0.418762002062039,484563.668522422,4976642.40949122,0.118622885792206,8.253
1047,1,0,accepted,0.24029207124158,-0.386848803377018,484564.805930678,4976642.56166957,0.119643417821984,8.243
1048,1,0,accepted,0.12101329188857,-0.301109452604637,484565.836841773,4976642.77764113,0.121831255815515,8.794
1049,1,0,accepted,0.100422269781916,-0.23763312510994,484566.962080689,4976642.94358345,0.123621044000178,9.274
1050,1,0,accepted,0.0654493134913287,-0.185091884504412,484568.068883929,4976643.11219228,0.125385298252017,9.905
1051,1,0,accepted,0.0591033470161724,-0.101211016098249,484569.200948754,4976643.27624183,0.126872060229568,11.045
1052,1,0,accepted,0.0495941626760274,-0.19313106831162,484570.35010131,4976643.4548042,0.125617057573225,11.203
1053,1,0,accepted,0.124816294834275,-0.576924728401291,484571.393927054,4976643.76081967,0.118893599952981,9.747
1054,1,0,accepted,0.107403693030052,-0.462684341645331,484572.548270205,4976643.90109535,0.120555413661915,8.936
1055,1,0,accepted,0.102770453612159,-0.261736216254758,484573.69634376,4976644.03074325,0.124010160644437,9.62
1056,1,0,accepted,0.0933588751832019,-0.239624713321121,484574.868903352,4976644.1912415,0.124232025977561,9.143
1057,1,0,accepted,0.067793428070849,-0.552442727367965,484576.078468071,4976644.39697496,0.118291629741123,9.53
1058,1,0,accepted,0.0617924149683665,-0.823018051454153,484577.265882047,4976644.58498863,0.113433537824215,9.199
1059,1,0,accepted,0.111203731788596,-1.06819240046074,484578.437738036,4976644.80629385,0.109103166299593,10.249
1060,1,0,accepted,0.072635245207593,-0.905211626381031,484579.624633095,4976644.93896885,0.111606731372585,9.561
1061,1,0,accepted,0.0770098770717318,-1.04307231222275,484580.808230091,4976645.11244578,0.109081620361786,9.884
1062,1,0,accepted,0.0747032115310065,-1.10949127969254,484581.994485527,4976645.27997148,0.10801631286726,9.598
1063,1,0,accepted,0.0572096363568936,-1.03071039268017,484583.186940608,4976645.42855976,0.108951694854033,9.242
1064,1,0,accepted,0.0446374191943387,-0.945178295082081,484584.377649643,4976645.5793578,0.110584435705241,9.591
1065,1,0,accepted,0.0476203007199498,-0.886718620046995,484585.583519272,4976645.75021477,0.111347157636216,9.619
1066,1,0,accepted,0.0430558123552518,-0.725531953711945,484586.757780372,4976645.90715696,0.11399056600538,10.251
1067,1,0,accepted,0.0519909770381805,-0.638557808703556,484587.960682623,4976646.06301061,0.115398488476513,10.297
1068,1,0,accepted,0.0599746709835017,-0.57888754752832,484589.158591974,4976646.21638177,0.116247051772144,11.443
1069,1,0,accepted,0.0753691352382202,-0.630621571623358,484590.357887186,4976646.36265406,0.11511882907688,9.653
1070,1,0,accepted,0.0967286761463073,-0.541626392494956,484591.557843175,4976646.51708715,0.116791629590943,10.214
1071,1,0,accepted,0.115848154976529,-0.45727600861839,484592.767430907,4976646.67438616,0.118539096197244,10.345
1072,1,0,accepted,0.1319325798831,-0.401134299469413,484593.963789419,4976646.83089155,0.119865100220868,10.073
1073,1,0,accepted,0.0526422275485415,-0.241585283718634,484595.109821999,4976647.07003196,0.123068178227228,9.808
1074,1,0,accepted,0.0296667713017453,-0.100793197680708,484596.304264576,4976647.26885749,0.126171499250913,10.377
1075,1,0,accepted,0.0142463826956807,-0.0575490649284596,484597.484959165,4976647.46061977,0.127171287635723,11.049
1076,1,0,accepted,0.0188522124036614,0.0173453085867675,484598.68185556,4976647.63785571,0.12876189357595,9.258
1077,1,0,accepted,0.0431069773045141,0.0375935863802775,484599.866285485,4976647.85246017,0.129733273340582,10.981
1078,1,0,accepted,0.0541072726190376,0.0556513977061523,484601.053333957,4976648.04867135,0.130564131901894,10.59
1079,1,0,accepted,0.0661575650442423,0.00723634556541396,484602.238724711,4976648.25229135,0.130220526425298,10.671
1080,1,0,accepted,0.0552571729589404,0.0390582282472688,484603.44967892,4976648.42348148,0.131117059559574,9.775
1081,1,0,accepted,0.0588549986902742,0.022062742155367,484604.668350512,4976648.58331996,0.131772432657673,9.662
1082,1,0,accepted,0.074099723175703,0.0461666458637802,484605.881873584,4976648.75337615,0.132476064733979,10.038
1083,1,0,accepted,0.09873154332948,0.0729333680641464,484607.115946758,4976648.92737515,0.133437649474533,9.569
1084,1,0,accepted,0.144834407211003,0.338593914350267,484608.31908295,4976649.08168337,0.138320782027713,10.214
1085,1,0,accepted,0.137613260199841,0.0198844453233263,484609.569501953,4976649.30312699,0.133090933949737,10.042
1086,1,0,accepted,0.153304511274766,0.114836926664709,484610.764897351,4976649.4887768,0.134696224918273,10.05
1087,1,0,accepted,0.202789520362912,0.149626272795787,484611.999532281,4976649.65487037,0.135405726754319,9.879
1088,1,0,accepted,0.0812629608722452,0.104865704793441,484613.070468482,4976649.9533714,0.134902801543684,10.193
1089,1,0,accepted,0.0720917124424772,0.103954474342212,484614.276585987,4976650.15692715,0.135022441643563,10.083
1090,1,0,accepted,0.0767971911302487,0.118368108646413,484615.484781196,4976650.34673807,0.135436865348628,9.722
1091,1,0,accepted,0.082285357625413,0.116132487942036,484616.701284695,4976650.53798854,0.135733636033611,10.539
1092,1,0,accepted,0.0979687363672885,0.140842360136194,484617.903234005,4976650.71925468,0.13630540011799,12.158
1093,1,0,accepted,0.111588256150252,0.292471651817526,484619.110451678,4976650.90580278,0.138782117629111,12.179
1094,1,0,accepted,0.130780593553545,0.316234254336566,484620.333952327,4976651.09298378,0.13942897439619,11.17
1095,1,0,accepted,0.239840336354203,0.561293098725095,484621.635628848,4976651.23114611,0.143538938460388,15.596
1096,1,0,accepted,0.244677913680452,0.601715801712142,484622.84457548,4976651.43098477,0.144344382000242,15.162
1097,1,0,accepted,0.185328467796077,0.379467958515016,484623.9937839,4976651.66650199,0.14044570086121,11.423
1098,1,0,accepted,0.188711635934297,0.375216705777336,484625.209610698,4976651.8590003,0.14034468614293,11.368
1099,1,0,accepted,0.192406458949929,0.430817411145607,484626.375331235,4976652.04354942,0.141230464020001,11.43
1100,1,0,accepted,0.200268361287865,0.354517681668656,484627.573086888,4976652.23034535,0.14007969326619,11.538
1101,1,0,accepted,0.0804951513690736,0.320533123404772,484628.630905117,4976652.50951792,0.139272808486898,10.964
1102,1,0,accepted,0.09214226048405,0.26048164691556,484629.770386956,4976652.7200236,0.137800635950923,11.575
1103,1,0,accepted,0.169641413640218,-0.235616975005385,484630.879720807,4976653.05915424,0.12953519230966,8.715
1104,1,0,accepted,0.171605874060501,-0.340926464381851,484632.080980723,4976653.26385965,0.127420839775603,8.286
1105,1,0,accepted,0.137457225651521,-0.190877793139267,484633.281293655,4976653.41338395,0.12980936843791,8.37
1106,1,0,accepted,0.116120487101007,-0.239092367655733,484634.493111019,4976653.59741157,0.128564628299977,7.859
1107,1,0,accepted,0.0908405219174063,-0.248966999286477,484635.702486956,4976653.77341376,0.128072502277095,7.854
1108,1,0,accepted,0.0767894488814394,-0.265314372383339,484636.903135877,4976653.94264751,0.127351191194969,7.729
1109,1,0,accepted,0.0639789507342622,-0.204127277692021,484638.11707733,4976654.09645658,0.128090259962024,7.807
1110,1,0,accepted,0.0500988345989853,-0.189979744755732,484639.342059066,4976654.27506676,0.127924284205069,7.418
1111,1,0,accepted,0.0685726034445302,-0.157222204085496,484640.58833039,4976654.45117157,0.12826573661537,7.156
1112,1,0,accepted,0.100948207013093,-0.192092689325675,484641.805336091,4976654.63252674,0.127143310117436,7.186
1113,1,0,accepted,0.128849196612372,-0.250627553332105,484643.006895298,4976654.80608981,0.125603850161668,7.163
1114,1,0,accepted,0.134087762029811,-0.184844467851792,484644.161358905,4976654.96541442,0.126733512923747,9.275
1115,1,0,accepted,0.147238032925386,-0.0867911403821787,484645.343073895,4976655.13990741,0.127668648033669,9.392
1116,1,0,accepted,0.165723040152617,-0.0799350397354318,484646.521239918,4976655.30649614,0.128012063425117,9.746
1117,1,0,accepted,0.204724313021136,-0.313159537462252,484647.717178262,4976655.46021106,0.123486977874469,9.722
1118,1,0,accepted,0.184871228500508,0.0647756456391212,484648.845790423,4976655.64926091,0.129540976844921,10.436
1119,1,0,accepted,0.190907106905514,0.178166705694668,484650.007508368,4976655.82474034,0.131277072223255,9.899
1120,1,0,accepted,0.206597759497738,0.204543172329389,484651.167017094,4976655.9902846,0.131432379776844,9.924
1121,1,0,accepted,0.214800235379259,0.274332458783937,484652.333299093,4976656.16766549,0.132632631410844,9.366
1122,1,0,accepted,0.219561171237975,0.294300647236229,484653.4778553,4976656.33744594,0.132868974313875,9.116
1123,1,0,accepted,0.21790253118306,0.346896425518597,484654.607730911,4976656.51305022,0.133361756836448,8.77
1124,1,0,accepted,0.12883427126107,0.232229652870446,484655.695176488,4976656.76338178,0.130990475986111,9.166
1125,1,0,accepted,0.134210611723913,0.161016079883891,484656.775172809,4976656.92735823,0.12947504617884,8.445
1126,1,0,accepted,0.152577857332635,0.168667900824926,484657.914012,4976657.08382818,0.129297989570953,7.745
1127,1,0,accepted,0.172243143580743,0.200163825346288,484659.045519601,4976657.23861137,0.12962008722172,8.13
1128,1,0,accepted,0.185702602762097,0.187281721515019,484660.186178787,4976657.39912334,0.129270078417662,8.35
1129,1,0,accepted,0.197416049337775,0.147247272876721,484661.32538611,4976657.56250997,0.128180748347923,8.312
1130,1,0,accepted,0.15778897416813,0.0946238660235159,484662.407275521,4976657.77244835,0.126947442828596,7.995
1131,1,0,accepted,0.171957849146465,0.160453584133022,484663.530895879,4976657.92950984,0.127939681451569,8.026
1132,1,0,accepted,0.178960020270412,0.234752135470469,484664.631989291,4976658.09291205,0.129009461143416,8.454
1133,1,0,accepted,0.175514632604536,0.243307461234091,484665.733699587,4976658.26704658,0.129169728416783,8.211
1134,1,0,accepted,0.16256052163249,0.257688888468503,484666.856818109,4976658.44914467,0.129897298842221,8.312
1135,1,0,accepted,0.149636704902438,0.255475235378592,484667.952032041,4976658.63143062,0.129991894481494,7.963
1136,1,0,accepted,0.131550481781664,0.125864599013423,484669.070502692,4976658.82125445,0.128042988511651,8.727
1137,1,0,accepted,0.12803546533962,0.0734724036813958,484670.168420731,4976658.99451332,0.127366175580051,7.566
1138,1,0,accepted,0.108332883871743,-0.0675605865957168,484671.273430695,4976659.19067656,0.125050643729226,8.42
1139,1,0,accepted,0.0825369410284717,-0.0887725311647469,484672.317317922,4976659.37339212,0.124951430320158,7.981
1140,1,0,accepted,0.0930952412573701,-0.0314540736715204,484673.396970498,4976659.53091748,0.126038291646358,8.086
1141,1,0,accepted,0.0992961387002208,-0.0159401311108982,484674.502587451,4976659.69862993,0.12650147847344,7.21
1142,1,0,accepted,0.139308040833531,-0.0351059321008654,484675.626741313,4976659.84294254,0.126190471120567,7.556
1143,1,0,accepted,0.147839932100234,0.0662098297232482,484676.688257592,4976659.99994826,0.127949091580971,7.863
1144,1,0,accepted,0.172091259060444,0.135781783158742,484677.756195776,4976660.14233749,0.129038083994001,7.746
1145,1,0,accepted,0.152533083647848,0.0743063647509654,484678.81909298,4976660.33131359,0.128270342141208,8.362
1146,1,0,accepted,0.155120923945477,0.150908921356915,484679.874005309,4976660.49322018,0.129694476848586,8.686
1147,1,0,accepted,0.161013254850569,0.191972938175995,484680.880952933,4976660.63706684,0.130459706387188,7.945
1148,0,0,notConverged,0.188409647864527,0.190895503543316,484681.941119336,4976660.77533219,0.130500937116232,18.784
1149,1,0,accepted,0.216995473784939,0.237530234102163,484683.082329956,4976660.94600774,0.131459313558432,8.141
1150,0,1,acceptedDirectional,0.124451897377735,-0.13166271032758,484684.126331477,4976661.23646065,0.125084550401854,7.157
1151,1,0,accepted,0.123387662917907,0.232979619861791,484684.921284326,4976661.44036773,0.131393717265076,7.202
1152,1,0,accepted,0.133339208908104,0.296635190342106,484685.947277876,4976661.61262756,0.132346617955865,6.803
1153,1,0,accepted,0.125867641231062,0.281662764812745,484686.988354962,4976661.77890489,0.132035412246161,6.603
1154,1,0,accepted,0.125450624743572,0.254193572121986,484688.022814722,4976661.95333215,0.130895474580511,6.822
1155,1,0,accepted,0.120651419607297,0.218878498772918,484689.055277819,4976662.10129951,0.130405375986687,6.208
1156,1,0,accepted,0.121285571963074,0.200668863975202,484690.081086697,4976662.25484411,0.129746721673035,6.499
1157,1,0,accepted,0.0961717923774984,0.134292944896467,484691.105834374,4976662.41358184,0.128478245194412,6.33
1158,1,0,accepted,0.0917351351279576,0.0932992536477982,484692.129594658,4976662.55676171,0.127522035311015,6.561
1159,1,0,accepted,0.078685697156965,0.0766780362847429,484693.156520539,4976662.70932658,0.126883484386579,7.729
1160,1,0,accepted,0.070530692210113,0.0915071727117055,484694.181670715,4976662.8471505,0.126686520700193,6.479
1161,1,0,accepted,0.071282585808565,0.110645730866816,484695.204366052,4976662.98413983,0.126302034993709,6.683
1162,1,0,accepted,0.0874390742936372,0.126960888426319,484696.210945297,4976663.12119408,0.125889758435519,6.344
1163,1,0,accepted,0.0967247125618162,0.155675211158423,484697.234436064,4976663.25650137,0.125615556195682,6.266
1164,1,0,accepted,0.116420229222188,0.188278481632547,484698.227791379,4976663.38655424,0.125225205964601,6.025
1165,1,0,accepted,0.141793957091713,0.245379273081784,484699.238556321,4976663.51191349,0.125217381697215,6.213
1166,1,0,accepted,0.168238290755902,0.27296637680468,484700.259295319,4976663.64037394,0.124660360879241,6.019
1167,1,0,accepted,0.192680838415909,0.326986054676739,484701.264746594,4976663.76969319,0.124621175502213,6.223
1168,1,0,accepted,0.187625929518338,0.317700836369416,484702.229476461,4976663.91472181,0.123462291505328,7.852
1169,1,0,accepted,0.200770899638401,0.300817408941362,484703.213908201,4976664.04683739,0.122231457308934,6.606
1170,1,0,accepted,0.210661087823788,0.333342322812916,484704.194188831,4976664.18009088,0.121634777810121,6.917
