frame,accepted,directional,reason,errorM,yawErrorDeg,x,y,psi,matchingMs
1,0,0,insufficientComponents,0.640312423976002,2,484201.572914107,4977500.52147539,-2.10588080737395,9.503
2,1,0,accepted,0.0717715835780538,-0.0273120553090372,484201.047567613,4977500.8544773,-2.14126647142395,13.731
3,1,0,accepted,0.0744351027471175,0.0626193980804844,484201.051481129,4977500.8504953,-2.13967723490001,11.964
4,1,0,accepted,0.0739722741940822,0.0381141502882014,484201.049567552,4977500.85177933,-2.14010951894575,14.454
5,1,0,accepted,0.081916048752306,0.229501539111064,484201.050021437,4977500.84351048,-2.13677259316838,12.523
6,1,0,accepted,0.0758614444937288,0.232977274178675,484201.047765392,4977500.85089454,-2.1366967383449,12.157
7,1,0,accepted,0.0736129005975864,0.212569119109704,484201.046935865,4977500.85361024,-2.13704640822107,12.423
8,1,0,accepted,0.0712371392647815,0.210112072918437,484201.044661024,4977500.85553672,-2.13709311886483,13.782
9,1,0,accepted,0.0845296334658511,0.229862777724803,484201.039861585,4977500.83934283,-2.13673045148761,10.685
10,1,0,accepted,0.0791914049984898,0.225781625737896,484201.034138734,4977500.84033427,-2.13681156683707,12.357
11,1,0,accepted,0.0710851137586168,0.2243214649188,484201.032043624,4977500.83774359,-2.13684698181878,11.856
12,1,0,accepted,0.0647089433858252,0.31488515351289,484201.02382543,4977500.83210847,-2.13523366630857,13.62
13,1,0,accepted,0.0502309758881378,0.29073190242954,484201.021527904,4977500.82709414,-2.13569721384101,13.987
14,1,0,accepted,0.03219402878436,0.302913924292292,484201.010013495,4977500.82555461,-2.13541317333756,11.281
15,1,0,accepted,0.0313321140315245,0.32449780811022,484200.993039866,4977500.80168917,-2.13497646130172,12.171
16,1,0,accepted,0.0305495275636966,0.301237740941573,484200.975684125,4977500.77079082,-2.13526967618087,13.903
17,1,0,accepted,0.032159778109162,0.208440708142232,484200.954480519,4977500.73362271,-2.13671692056735,14.64
18,1,0,accepted,0.0320567719613156,0.175074372109099,484200.9257864,4977500.69646475,-2.13712154891523,16.293
19,1,0,accepted,0.0342395447202556,0.0509518644936844,484200.895056149,4977500.65030164,-2.13900950313656,12.521
20,1,0,accepted,0.035460043909313,0.0681379160269057,484200.859714367,4977500.60185611,-2.13825111999159,11.433
21,1,0,accepted,0.0325628504636032,0.0606235943575983,484200.827100013,4977500.54766846,-2.13774424960068,13.316
22,1,0,accepted,0.0378857117740596,0.28464527494262,484200.796289424,4977500.47445376,-2.13313097581942,12.155
23,0,0,inconsistentClasses,0.0306156924679137,0.280925715792306,484200.758392285,4977500.41155108,-2.13228868852419,15.007
24,0,0,inconsistentClasses,0.0244182778813589,0.27201622950991,484200.715787734,4977500.34175291,-2.13116896758222,15.804
25,0,0,inconsistentClasses,0.0202316718439105,0.263215164408087,484200.668300455,4977500.26448923,-2.12993319535036,17.571
26,1,0,accepted,0.0205538501603771,-1.00658764075781,484200.621719194,4977500.18751821,-2.14997136811156,19.332
27,1,0,accepted,0.0225973451251146,-0.725822209034907,484200.553403746,4977500.08309357,-2.14349985082991,11.776
28,0,0,inconsistentClasses,0.0250060493916263,-0.71914392266235,484200.488763208,4977499.97721106,-2.14307656039955,12.763
29,0,0,inconsistentClasses,0.0315191312153842,-0.761439274689948,484200.423283711,4977499.86608249,-2.1416660556627,15.636
30,1,0,accepted,0.0146507331931169,-0.377116458316426,484200.330624764,4977499.74013054,-2.13234040691821,12.291
31,1,0,accepted,0.00643038674317531,-0.027035972346205,484200.247966525,4977499.61656911,-2.12544761759536,12.119
32,1,0,accepted,0.0143166143269351,-0.455518308869222,484200.179416207,4977499.48855511,-2.13190458826527,14.817
33,1,0,accepted,0.0122510362494882,0.0598501389218842,484200.092325735,4977499.35134959,-2.1211207676528,13.601
34,1,0,accepted,0.041218779187673,0.681179391651787,484200.023773811,4977499.18559218,-2.10826722874527,15.221
35,1,0,accepted,0.0383128996907426,0.629864949469242,484199.941969656,4977499.0489086,-2.10729955918907,10.674
36,1,0,accepted,0.0366760498096583,0.239691316432963,484199.847211001,4977498.89634212,-2.11280265017188,12.733
37,1,0,accepted,0.0262479062850558,0.201667350946413,484199.752917808,4977498.75751914,-2.11238177620079,13.867
38,1,0,accepted,0.0197219943130379,0.1712556321219,484199.653082917,4977498.60323149,-2.11146564245101,12.379
39,1,0,accepted,0.0142709741535193,0.147982562437027,484199.55270308,4977498.4519528,-2.11053440861079,10.86
40,1,0,accepted,0.0208114044820857,0.164196792961559,484199.46040483,4977498.29333283,-2.10940806858958,10.643
41,1,0,accepted,0.0176926987500665,0.190666156789286,484199.355601117,4977498.12528707,-2.10858991953935,12.959
42,1,0,accepted,0.028093325701637,0.300447161298694,484199.259031977,4977497.92818723,-2.10679238572381,11.933
43,1,0,accepted,0.0253851728440724,0.280609859575893,484199.157853632,4977497.76228443,-2.10711084364572,9.827
44,1,0,accepted,0.0204920890061998,0.303816812903474,484199.05471895,4977497.59568839,-2.10690665972226,10.035
45,1,0,accepted,0.018919971182721,0.303029333000232,484198.951792451,4977497.42517317,-2.10711565416577,9.745
46,1,0,accepted,0.0313729727696321,0.329375502631633,484198.852846299,4977497.24379869,-2.10656983956199,11.428
47,1,0,accepted,0.0294750164540902,0.32299467225523,484198.758644877,4977497.08347321,-2.10766483840982,13.062
48,1,0,accepted,0.0309972649746759,0.316332918263749,484198.662167763,4977496.91463649,-2.1086575866146,9.924
49,1,0,accepted,0.0366487455894172,0.33479256493849,484198.565369734,4977496.74028745,-2.10908949489464,11.22
50,1,0,accepted,0.0361807128975513,0.318258395059509,484198.473216004,4977496.57799241,-2.11002361116465,11.767
51,1,0,accepted,0.0441336975473415,0.353827024701914,484198.381563695,4977496.41392355,-2.11006392378199,10.032
52,1,0,accepted,0.0368287296184437,0.323562642991029,484198.294288122,4977496.26907127,-2.11062681556817,9.676
53,1,0,accepted,0.0217867699577575,0.289783634502048,484198.210502635,4977496.13634937,-2.11153138743293,12.418
54,1,0,accepted,0.0381217796440668,0.342066175744964,484198.124091494,4977495.96844241,-2.11136556953422,11.713
55,1,0,accepted,0.0322076012276556,0.3279712799498,484198.034456203,4977495.81992709,-2.11194041860543,10.062
56,1,0,accepted,0.0353268312428482,0.393942104718379,484197.957586446,4977495.66806375,-2.1109234703581,10.405
57,1,0,accepted,0.0421457135564885,0.447534029028686,484197.865668796,4977495.49846297,-2.11050620550045,10.475
58,1,0,accepted,0.0394588575560679,0.236252214063467,484197.757731087,4977495.40854647,-2.11458157764765,11.091
59,1,0,accepted,0.0502384312727697,0.222481098160645,484197.659814953,4977495.25289936,-2.11467649353293,10.41
60,1,0,accepted,0.0545267261453142,0.230950967238715,484197.564711759,4977495.08656466,-2.11412331963702,11.176
61,1,0,accepted,0.103437523802372,0.137058684698578,484197.481407412,4977494.96019104,-2.11463133624773,13.301
62,1,0,accepted,0.118131511119129,0.216131763849244,484197.407380297,4977494.7911213,-2.11176829253024,9.987
63,1,0,accepted,0.0616918043423332,0.324949711019469,484197.301620712,4977494.53871274,-2.10735208773598,10.008
64,1,0,accepted,0.0485986401965259,0.316653210640226,484197.188428845,4977494.34653977,-2.1061239117434,9.762
65,1,0,accepted,0.0105445396499514,0.357817517068929,484197.046602035,4977494.1474758,-2.10469584866589,9.575
66,1,0,accepted,0.0153731811861603,0.312502682090614,484196.949937316,4977493.96553349,-2.10360929867597,9.296
67,1,0,accepted,0.00819839185109838,0.260670974555324,484196.832699951,4977493.77778272,-2.10122395750347,11.252
68,1,0,accepted,0.0188695091989174,0.278081295612459,484196.732991099,4977493.57748871,-2.09659076054143,12.935
69,1,0,accepted,0.0481711395559481,0.345094886761972,484196.654048093,4977493.37920451,-2.08979086383531,11.597
70,1,0,accepted,0.0511130105736163,0.238993257648336,484196.537916009,4977493.18453164,-2.08442686058465,11.224
71,1,0,accepted,0.0576632556482471,0.54955493113421,484196.354678876,4977492.90420187,-2.07053475421706,14.017
72,1,0,accepted,0.0228119744123292,0.00220515534540622,484196.212567498,4977492.72403093,-2.07020884026408,15.163
73,1,0,accepted,0.016320561877482,0.0121857159788504,484196.084099046,4977492.47721816,-2.05855901770417,12.057
74,1,0,accepted,0.0184276892178095,0.0414966624274151,484195.940499391,4977492.21305313,-2.04459005199948,11.827
75,1,0,accepted,0.0240014396736214,0.188388353810781,484195.793611444,4977491.91685862,-2.02637127384701,13.884
76,1,0,accepted,0.00681889330387477,0.120851462050373,484195.653636656,4977491.63963248,-2.01095025906458,13.736
77,1,0,accepted,0.0190592683972151,0.257293157184201,484195.502749765,4977491.34650102,-1.99239161431623,12.944
78,1,0,accepted,0.0280439402049964,0.0876924477951693,484195.353369454,4977491.02715973,-1.97588799226573,11.866
79,1,0,accepted,0.00555755160570209,0.0931655549510206,484195.206624922,4977490.6576204,-1.9557538027772,12.22
80,1,0,accepted,0.0265274830157053,-0.110728725785094,484195.078694404,4977490.30500922,-1.93684926671932,12.648
81,1,0,accepted,0.0365989134485879,-0.252905095004576,484194.936340222,4977489.93699846,-1.91491186456339,13.854
82,1,0,accepted,0.0462878944567885,-0.241333158047781,484194.799069741,4977489.55440267,-1.88919592391092,13.19
83,1,0,accepted,0.0435440796671966,-0.20823405005234,484194.639930026,4977489.15918899,-1.86156152013083,14.194
84,1,0,accepted,0.0806339755504369,-0.179863439030061,484194.500074222,4977488.78881735,-1.83444532456044,11.075
85,1,0,accepted,0.0776350286117015,-0.0858626826177255,484194.372875895,4977488.35419915,-1.80579234047702,12.612
86,1,0,accepted,0.0873986145220148,-0.0463047764692222,484194.248604943,4977487.92182033,-1.77916975090667,16.247
87,1,0,accepted,0.0914433310246983,-0.170308141414177,484194.171104796,4977487.46962805,-1.75389776124636,13.619
88,1,0,accepted,0.0817848144962748,0.0171612106587412,484194.083551596,4977486.99788849,-1.72368531474605,14.324
89,1,0,accepted,0.0859042236229631,0.0276685631336445,484193.999621035,4977486.53704418,-1.69567013950276,14.318
90,1,0,accepted,0.0937773926027833,-0.156612346402725,484193.961301209,4977486.05614952,-1.67061382937417,14.802
91,1,0,accepted,0.0983838192375818,-0.261486909084008,484193.902709571,4977485.57032152,-1.64257624580765,12.87
92,1,0,accepted,0.0989232635639197,-0.22825163888633,484193.846862686,4977485.07730435,-1.61205904405534,14.822
93,1,0,accepted,0.107221403353774,-0.32137900430025,484193.810545093,4977484.58116812,-1.58393311022372,15.204
94,1,0,accepted,0.0990495061527871,-0.433348791790353,484193.78468791,4977484.06170951,-1.55603262558692,15.23
95,1,0,accepted,0.11216382703447,-0.494569405200804,484193.779823324,4977483.55119234,-1.52647122868711,14.476
96,1,0,accepted,0.146013239655633,-0.644566102541846,484193.808267059,4977483.04915611,-1.49771513749948,16.308
97,1,0,accepted,0.163149509473287,-0.730839616017148,484193.830687832,4977482.53756626,-1.46813147653976,14.878
98,1,0,accepted,0.186046819427827,-0.969008167772669,484193.882531343,4977482.02140447,-1.44077887668764,16.11
99,1,0,accepted,0.149529194168556,-0.770367759597553,484193.945491355,4977481.43873957,-1.40703731640261,17.126
100,1,0,accepted,0.108522078094375,-0.522265771097957,484194.010340499,4977480.84867282,-1.37208540581064,17.272
101,1,0,accepted,0.125533739505207,-0.739250491683847,484194.122951996,4977480.30145514,-1.34696833317528,15.426
102,1,0,accepted,0.123581711762272,-0.680815960106891,484194.279852761,4977479.73902639,-1.31889628277242,14.771
103,1,0,accepted,0.0953236721953385,-0.497368360903462,484194.396762407,4977479.14614242,-1.28980245380501,15.993
104,1,0,accepted,0.102069814860997,-0.438998659113744,484194.554509279,4977478.58199938,-1.26372556550319,14.522
105,0,0,notConverged,0.0947287954976269,-0.41893958333658,484194.723690388,4977477.99512274,-1.23964476820006,41.412
106,1,0,accepted,0.117582902544138,-0.50012751516649,484194.919578424,4977477.43723958,-1.22005300970872,16.348
107,1,0,accepted,0.0891480261152919,-0.289001004093668,484195.130387797,4977476.81781501,-1.19801706532949,14.931
108,1,0,accepted,0.072599422565707,-0.107713808384608,484195.365114835,4977476.20746493,-1.17866558439844,17.125
109,1,0,accepted,0.0783960663090244,-0.00304690367383532,484195.617275618,4977475.60540106,-1.16257317333281,13.724
110,1,0,accepted,0.0650393185830256,0.206165983085917,484195.886359722,4977475.00998218,-1.14730393347174,13.882
111,1,0,accepted,0.0648419509650777,0.29306176016669,484196.161395511,4977474.40286411,-1.13541785970608,12.875
112,1,0,accepted,0.107790428001898,0.253790831285581,484196.429720976,4977473.82702842,-1.12735027659794,12.711
113,1,0,accepted,0.0784012458959243,-0.0792935673304347,484196.780830812,4977473.19263619,-1.12574344644185,14.991
114,1,0,accepted,0.084460313111494,0.117900720402833,484197.084323812,4977472.56664485,-1.11631313432989,14.977
115,1,0,accepted,0.0966097559096349,-0.123238180914133,484197.41046288,4977471.94387688,-1.11558094370101,16.132
116,1,0,accepted,0.0914283906443172,-0.0464098506031764,484197.745793135,4977471.29091906,-1.11055248836826,12.613
117,1,0,accepted,0.0664722752818905,0.182281939204109,484198.090748137,4977470.61580219,-1.10357271916236,13.115
118,1,0,accepted,0.0455544381349047,0.589159983994851,484198.478747727,4977469.88935273,-1.09506710799263,15.889
119,1,0,accepted,0.0454615874417817,0.381128947531153,484198.834109402,4977469.22195284,-1.09877712616929,15.656
120,1,0,accepted,0.036783922107703,0.425811567535874,484199.185257473,4977468.54060186,-1.09920663768691,13.965
121,1,0,accepted,0.0264537590611962,0.259449902684591,484199.540461035,4977467.83788411,-1.10435249326233,13.769
122,1,0,accepted,0.0228089026189794,0.133251717629059,484199.90396052,4977467.12819251,-1.10786581688104,13.321
123,1,0,accepted,0.0374889375859436,0.0236956541726866,484200.284897167,4977466.42467648,-1.11185621328468,13.83
124,1,0,accepted,0.0354028099724413,0.228184861258172,484200.648576411,4977465.67580513,-1.11061819974747,15.259
125,1,0,accepted,0.0631215852625049,-0.157650042455238,484201.057749882,4977464.94003458,-1.1207834291459,16.151
126,1,0,accepted,0.0522879441461784,-0.117180183428975,484201.427350004,4977464.1969265,-1.12423757459168,13.889
127,1,0,accepted,0.0470069498974002,-0.0955363356600816,484201.803471066,4977463.44076737,-1.12894669012597,12.446
128,1,0,accepted,0.053050390742645,0.18611774099945,484202.179512964,4977462.65209579,-1.1298736039703,20.157
129,1,0,accepted,0.0389647514609056,0.245990541945685,484202.55720274,4977461.87645414,-1.13434569306661,16.522
130,1,0,accepted,0.0406148450878276,0.113628659757623,484202.944644696,4977461.09751233,-1.14327901991127,18.708
131,1,0,accepted,0.0510609279816117,0.157443217447444,484203.31430305,4977460.28601755,-1.14833532471545,14.865
132,1,0,accepted,0.0782872361644556,0.307202601870164,484203.674742346,4977459.45077441,-1.15282923633957,15.874
133,1,0,accepted,0.075674544047963,0.250988141262515,484204.055414362,4977458.63619755,-1.16059421662868,16.35
134,1,0,accepted,0.100788512587415,0.258709359216852,484204.425875723,4977457.77968864,-1.16731267833304,14.253
135,1,0,accepted,0.137027969753441,0.413646219957851,484204.781140393,4977456.91120724,-1.17145329569309,18.495
136,1,0,accepted,0.15046965823915,0.471335962377116,484205.158570425,4977456.04219662,-1.17737492424289,19.822
137,1,0,accepted,0.152462357896657,0.531186318002887,484205.540569556,4977455.16794315,-1.18325402821329,14.067
138,1,0,accepted,0.149317193090082,0.355300986376346,484205.936528491,4977454.28605072,-1.19327739226861,22.411
139,1,0,accepted,0.089772809701335,0.274860447057776,484206.307540195,4977453.4764161,-1.20137896482506,17.253
140,1,0,accepted,0.0414248890716053,0.207991497697059,484206.737402833,4977452.65775737,-1.20964583072751,17.956
141,1,0,accepted,0.0484553634552501,0.302915855958439,484207.114799594,4977451.76436828,-1.21483402282659,21.754
142,1,0,accepted,0.0690361657538758,0.233517604738122,484207.476123104,4977450.86398317,-1.2227145237965,16.156
143,1,0,accepted,0.0559806255809095,0.232809022140094,484207.830196717,4977449.92152277,-1.22978974460516,18.416
144,1,0,accepted,0.0335499289253973,0.186247966099383,484208.184422225,4977448.93992782,-1.23725336131361,13.108
145,1,0,accepted,0.0633035456177043,0.25498404388108,484208.545423698,4977447.94155444,-1.24368652572193,14.301
146,1,0,accepted,0.0746567226387849,0.351691979037946,484208.911747709,4977446.97415157,-1.24789952204434,17.367
147,1,0,accepted,0.2635792239086,0.528009386920464,484209.254162808,4977445.82066568,-1.25252403090699,21.199
148,1,0,accepted,0.269731740728648,0.427623122826752,484209.616740157,4977444.84920287,-1.26061624566295,17.074
149,1,0,accepted,0.22247226553309,0.340112665532939,484209.958302183,4977443.9210196,-1.26900567984468,18.934
150,0,0,inconsistentClasses,0.233988604417607,0.324432532557647,484210.26988387,4977442.94709897,-1.27569083971051,21.545
151,1,0,accepted,0.123285066305354,0.369258729701615,484210.602783236,4977442.08031965,-1.28208088911645,17.926
152,1,0,accepted,0.13001652419281,0.404555704076295,484210.916897252,4977441.07727653,-1.2884573245077,15.134
153,1,0,accepted,0.122775986641771,0.146248528661814,484211.224619067,4977440.09984374,-1.2996055671439,18.724
154,1,0,accepted,0.131464557920922,0.19081799747888,484211.523268371,4977439.09981651,-1.30504970194636,19.446
155,1,0,accepted,0.140868462092226,0.233528838342007,484211.822307147,4977438.09992926,-1.31149601044277,13.909
156,1,0,accepted,0.146091309804868,0.205445385599805,484212.128658026,4977437.08042914,-1.31865826088852,18.832
157,1,0,accepted,0.116651840456073,0.0908699176061655,484212.449097362,4977436.10541211,-1.32764568007764,23.525
158,1,0,accepted,0.134692669977062,-0.500270999352831,484212.90039588,4977435.13243905,-1.34492301430006,26.899
159,1,0,accepted,0.111794369047915,-0.503943762978746,484213.170422336,4977434.11159397,-1.35140959264281,16.415
160,1,0,accepted,0.108000463851992,-0.410843141338901,484213.438051062,4977433.09111913,-1.35614426104818,18.847
161,1,0,accepted,0.0966298937794854,-0.384562522557971,484213.703922706,4977432.07595706,-1.36253750739088,19.127
162,1,0,accepted,0.0762670933902319,-0.433818573991936,484213.961318516,4977431.07584388,-1.37003103715439,17.921
163,1,0,accepted,0.0404023502161318,-0.116735017056064,484214.149822359,4977430.03741168,-1.37089018753629,19.749
164,1,0,accepted,0.0590468486682931,-0.100759661036261,484214.35671886,4977429.03650019,-1.37704216891706,20.057
165,1,0,accepted,0.055503294528064,-0.199648846862767,484214.604777164,4977428.02207023,-1.38483154786584,15.615
166,1,0,accepted,0.11047560890601,0.0542603530098499,484214.795663066,4977426.96556697,-1.38667043344996,19.435
167,1,0,accepted,0.157319975320902,0.304105227379423,484214.984632632,4977425.9297775,-1.38848680377907,18.855
168,1,0,accepted,0.141259836933891,0.13697107079379,484215.229491476,4977424.90339454,-1.39819422714204,20.769
169,1,0,accepted,0.1448350224306,0.15970638214134,484215.449651627,4977423.86722883,-1.4044081432071,16.867
170,1,0,accepted,0.158240089635515,0.166985405890495,484215.653441765,4977422.83014416,-1.41096813887631,20.885
171,1,0,accepted,0.168583976434121,0.172131791178122,484215.851761113,4977421.78580464,-1.41807928534266,21.89
172,1,0,accepted,0.196133917664437,0.29964268736652,484216.026523482,4977420.73180131,-1.42309255903177,23.603
173,1,0,accepted,0.225972572126471,0.423423540780092,484216.191883237,4977419.67629143,-1.42851685418524,24.48
174,1,0,accepted,0.23939666337622,0.466134669147614,484216.365407868,4977418.60709305,-1.43510842161853,23.756
175,1,0,accepted,0.266963011096447,0.595571681702096,484216.518608613,4977417.55300111,-1.44017748004796,20.344
176,1,0,accepted,0.290890379315169,0.512279987646523,484216.666925572,4977416.47983317,-1.44896603949889,20.567
177,1,0,accepted,0.28465203368935,0.669883942967867,484216.837488927,4977415.40341304,-1.45365732429708,19.149
178,1,0,accepted,0.329031386159448,0.740179604048948,484216.956058971,4977414.27466475,-1.45976944977848,21.614
179,1,0,accepted,0.277563481937514,0.753985186619057,484217.23099065,4977413.06715597,-1.4669829176043,19.894
180,1,0,accepted,0.26851760816036,0.592953302000841,484217.383661951,4977411.98853695,-1.47684935424573,15.567
181,1,0,accepted,0.254011385717554,0.57074415524863,484217.569093794,4977410.87896511,-1.48496473142323,20.15
182,1,0,accepted,0.237456172378335,0.456116374912827,484217.733757447,4977409.7911499,-1.49368092302558,15.893
183,1,0,accepted,0.222926587877326,0.359261724675651,484217.868438718,4977408.69716642,-1.50250232981479,22.677
184,1,0,accepted,0.225399678230249,0.402660561242241,484217.975141441,4977407.61347207,-1.50849891517389,14.825
185,1,0,accepted,0.148280700978856,-0.00503515986274231,484218.153295879,4977406.56995099,-1.52233650839992,22.337
186,1,0,accepted,0.100004638308466,-0.473732570747886,484218.314204191,4977405.51348436,-1.53732662076957,18.9
187,1,0,accepted,0.0753292023652061,-0.572480714039844,484218.425975947,4977404.44588593,-1.54594543798776,22.05
188,1,0,accepted,0.0617353341191628,-0.541004052922056,484218.484405662,4977403.32031351,-1.55141799176329,17.236
189,1,0,accepted,0.0407516616911011,-0.248339693414335,484218.499601883,4977402.20914444,-1.55170962751839,14.818
190,1,0,accepted,0.0576438499861665,0.086387787517141,484218.546028086,4977401.09362,-1.550561936419,15.369
191,1,0,accepted,0.0708337233308575,0.327908651042765,484218.588845402,4977399.96552418,-1.55080026199761,15.949
192,1,0,accepted,0.0738254765337239,0.355942997317168,484218.637429552,4977398.84445379,-1.55390231486957,16.873
193,1,0,accepted,0.0747041673913782,0.385272095705863,484218.687695747,4977397.71404165,-1.55643262246501,19.506
194,1,0,accepted,0.0873252604097178,0.305140798324836,484218.723215163,4977396.56552312,-1.56040690551788,27.924
195,1,0,accepted,0.0755503132255717,-0.00275632258771469,484218.783902975,4977395.41492566,-1.56803424217105,21.931
196,1,0,accepted,0.0722107780689218,-0.156949536720841,484218.834951416,4977394.26154581,-1.57314329226167,23.442
197,1,0,accepted,0.0814082467268427,-0.0446621442792696,484218.864104068,4977393.09301384,-1.57326184183087,22.937
198,1,0,accepted,0.0812529730836861,0.0597757172763226,484218.899875406,4977391.91465434,-1.57326843685949,23.155
199,1,0,accepted,0.114977579135495,0.311826427545503,484218.903830104,4977390.74650241,-1.57062264089805,18.502
200,1,0,accepted,0.0499152200889397,0.104496502554342,484219.024666034,4977389.56229661,-1.57601957263725,19.117
201,1,0,accepted,0.0661198938300176,0.128087576751415,484219.045252422,4977388.37844443,-1.5769846156125,18.327
202,1,0,accepted,0.108734723784434,0.291821579213899,484219.04276367,4977387.21078151,-1.57545186406365,21.23
203,1,0,accepted,0.105310349796487,0.325211391129959,484219.065342837,4977386.07516994,-1.57608992062978,24.393
204,1,0,accepted,0.0960206732045362,0.248273833498972,484219.084662193,4977384.84659211,-1.576985610672,20.606
205,1,0,accepted,0.0961336691861877,0.258543638688495,484219.096120655,4977383.61225235,-1.57644701208198,15.998
206,1,0,accepted,0.124923853199713,0.323033832163826,484219.083554771,4977382.36251206,-1.57413740529693,14.796
207,1,0,accepted,0.130797174318938,0.307602946274815,484219.10181304,4977381.10367218,-1.57295092355037,20.962
208,1,0,accepted,0.146095576796531,0.303591182911583,484219.112570385,4977379.86834513,-1.57088594075481,25.562
209,1,0,accepted,0.158342180914791,0.246335688133943,484219.128946233,4977378.61503477,-1.56910075144879,19.296
210,1,0,accepted,0.179854007835764,0.211232342399178,484219.137205631,4977377.37148951,-1.56663095835981,18.334
211,1,0,accepted,0.137171973514589,0.17290473894436,484219.211571743,4977376.14827689,-1.56364894967474,14.27
212,1,0,accepted,0.159580133999563,0.133776791620264,484219.227627314,4977374.88576311,-1.5604636097923,21.242
213,1,0,accepted,0.177567413136284,0.107758385949454,484219.253099451,4977373.6214485,-1.55684999301523,17.896
214,1,0,accepted,0.182369469666823,0.211923648747224,484219.296474583,4977372.35896287,-1.55106267496316,19.894
215,1,0,accepted,0.136798699350594,0.617086624683004,484219.404114587,4977371.04049835,-1.53938688279322,28.261
216,1,0,accepted,0.161537784207036,0.727570610477716,484219.451758441,4977369.73154693,-1.53242381577669,17.809
217,1,0,accepted,0.165532422889409,0.693395907564685,484219.491786405,4977368.4977328,-1.5281058369862,22.96
218,1,0,accepted,0.147042757100352,0.551198893773659,484219.580351268,4977367.20970517,-1.52523626726645,17.244
219,1,0,accepted,0.138378961692476,0.445161297878269,484219.654829666,4977365.94721195,-1.52184871514543,16.81
220,1,0,accepted,0.142195603810511,0.400810843137385,484219.751808365,4977364.76739486,-1.5171387570566,13.953
221,1,0,accepted,0.175851757627411,0.586675079140785,484219.824140793,4977363.51773633,-1.508373301315,14.725
222,1,0,accepted,0.170326918004343,0.2931438410739,484219.917068482,4977362.21064603,-1.50788077595662,18.823
223,1,0,accepted,0.191401892311627,0.237017873071887,484220.00859587,4977360.93094458,-1.50267914784738,12.495
224,1,0,accepted,0.116786023928307,-0.267225663324414,484220.229097846,4977359.62458337,-1.50515210570067,12.009
225,1,0,accepted,0.125241204829566,-0.317895749754982,484220.344630164,4977358.32708606,-1.49948603950772,12.391
226,1,0,accepted,0.161229348365847,0.0165951029759747,484220.449583119,4977357.05283357,-1.48718032156362,17.516
227,1,0,accepted,0.162739972471467,0.00836973683083418,484220.578760774,4977355.72809245,-1.48061330996383,12.99
228,1,0,accepted,0.159468453446187,0.0765983445732319,484220.699511317,4977354.43109137,-1.47254574035329,11.83
229,1,0,accepted,0.160252791578616,0.0625293646164186,484220.844884128,4977353.12206205,-1.46599403288172,12.455
230,1,0,accepted,0.165975942633578,0.147935042842179,484220.998232168,4977351.81626538,-1.45808645504699,15.313
231,1,0,accepted,0.16118385578811,0.0707707799052252,484221.171219308,4977350.50214633,-1.45258631415789,19.646
232,1,0,accepted,0.143997054741122,0.0643025781886559,484221.363031025,4977349.18116826,-1.44642622530787,17.218
233,1,0,accepted,0.101742676248079,0.0365133830104487,484221.586748723,4977347.84860947,-1.44036601237021,19.265
234,1,0,accepted,0.160697486857716,0.389601927342231,484221.734795321,4977346.56661545,-1.42763132392659,17.187
235,1,0,accepted,0.19966648293519,0.605147120911747,484221.909981066,4977345.27789714,-1.41739787695167,24.404
236,1,0,accepted,0.180923207805939,0.360099456469849,484222.130871476,4977343.92674497,-1.41511891101548,19.464
237,1,0,accepted,0.189278507259139,0.336610230350614,484222.342340117,4977342.59666948,-1.40886529831772,16.612
238,1,0,accepted,0.16590720142822,0.208811076698369,484222.584549983,4977341.24563127,-1.40450101959704,20.598
239,1,0,accepted,0.159377804341754,0.122536274114204,484222.827256305,4977339.87775205,-1.3990895387469,13.679
240,1,0,accepted,0.166178625134625,0.124582498639303,484223.081292683,4977338.50604308,-1.39292751410586,16.035
241,1,0,accepted,0.190877305125667,0.168926237679459,484223.314238885,4977337.19387356,-1.38528105304323,17.899
242,1,0,accepted,0.212781386731259,0.120982471485879,484223.566316943,4977335.85511808,-1.38002277207461,18.779
243,1,0,accepted,0.237865822301173,0.219564820376504,484223.815015899,4977334.54742558,-1.37223901243729,16.216
244,1,0,accepted,0.248083273066227,0.358826522725032,484224.092748464,4977333.22842782,-1.36411419698463,13.401
245,1,0,accepted,0.25054492913099,0.578503524910741,484224.388567894,4977331.90702621,-1.35542684848025,12.894
246,1,0,accepted,0.206588437001861,0.800710056700623,484224.73570055,4977330.6617037,-1.34785394748276,14.339
247,1,0,accepted,0.193795962552963,1.03935128413643,484225.097505433,4977329.41304531,-1.34093152005907,17.256
248,1,0,accepted,0.155055337083339,0.989381222228826,484225.421540736,4977328.02602699,-1.33987492923929,14.892
249,1,0,accepted,0.140383869553464,0.960394886147123,484225.751385195,4977326.67645675,-1.33818400237895,13.31
250,1,0,accepted,0.120956865774508,0.838866607477439,484226.094503478,4977325.30951541,-1.3381652942783,14.55
251,1,0,accepted,0.0947628327902671,0.437042533327629,484226.46679432,4977323.92940451,-1.3434931837665,14.695
252,1,0,accepted,0.0683687589866028,0.174073200045007,484226.846241213,4977322.58027772,-1.34654911757675,14.002
253,1,0,accepted,0.0804158057486666,0.188739046470031,484227.1709952,4977321.22362543,-1.34502550363293,15.636
254,1,0,accepted,0.0855442829079344,0.189963298740628,484227.502442802,4977319.89678927,-1.34324230267268,16.027
255,1,0,accepted,0.0883678461686046,0.162900291016358,484227.839513954,4977318.5428176,-1.34189274125883,14.597
256,1,0,accepted,0.0643681084743504,0.260767006848499,484228.184445768,4977317.22261383,-1.3389783575544,15.75
257,1,0,accepted,0.0512577644045864,0.233005960825199,484228.527418509,4977315.89615985,-1.33804613983451,13.435
258,1,0,accepted,0.0354377943885393,0.243589025308351,484228.894469571,4977314.54003684,-1.33761801530028,18.662
259,1,0,accepted,0.0305786208869586,0.229554047881384,484229.231585838,4977313.20946102,-1.33634341181878,15.282
260,1,0,accepted,0.0276371963857455,0.220869572868456,484229.588434698,4977311.85940689,-1.33584093933709,15.716
261,1,0,accepted,0.0319040047068168,0.214162945518139,484229.936078872,4977310.52881314,-1.33509262446431,15.033
262,1,0,accepted,0.0436432583318205,0.146818901747598,484230.28739264,4977309.17877944,-1.33523739096353,15.235
263,1,0,accepted,0.0734800308989524,0.000532867142297997,484230.657940193,4977307.8532679,-1.33753044544984,19.377
264,1,0,accepted,0.0679230113696898,-0.00189063145248475,484230.997415848,4977306.47828403,-1.33622966876924,13.471
265,1,0,accepted,0.0655706532906025,0.0824595943404681,484231.344528868,4977305.07159982,-1.33448632272382,14.333
266,1,0,accepted,0.0723923725772919,0.108398257342681,484231.694807262,4977303.69535601,-1.33362978623379,12.208
267,1,0,accepted,0.0732843877189364,0.168237862953303,484232.049650643,4977302.31332595,-1.33200135489855,14.671
268,1,0,accepted,0.083273008459404,0.165149050818387,484232.406228266,4977300.91222197,-1.33111909679393,18.305
269,1,0,accepted,0.0934740347977065,0.142572181570446,484232.769926976,4977299.50957996,-1.33069070610974,16.956
270,1,0,accepted,0.112317645744066,0.172253965216992,484233.131296443,4977298.09996904,-1.32984245929419,12.479
271,1,0,accepted,0.139910994858929,0.19099279815678,484233.496283747,4977296.6739739,-1.32923893220409,14.047
272,1,0,accepted,0.165164165331226,0.170200870462021,484233.854963732,4977295.26527303,-1.32949427757213,14.586
273,1,0,accepted,0.182580465406637,0.216882820308281,484234.214559272,4977293.86318803,-1.32911467562864,13.332
274,1,0,accepted,0.189150487639802,0.163167729923998,484234.57795427,4977292.48460577,-1.33035380339045,13.322
275,1,0,accepted,0.208909110840459,0.199454091405698,484234.940199369,4977291.07249214,-1.33076615535129,17.604
276,1,0,accepted,0.230390976648393,0.204530546114113,484235.305678354,4977289.65251959,-1.33158184412745,15.712
277,1,0,accepted,0.239594008224087,0.183847178616424,484235.671434911,4977288.24332691,-1.3330558938304,14.243
278,1,0,accepted,0.263672846517249,0.222622154366693,484236.024357684,4977286.82664325,-1.33317738599828,12.729
279,1,0,accepted,0.278910047771758,0.240573720557944,484236.387235956,4977285.40125087,-1.33495159455266,12.541
280,1,0,accepted,0.270255296636189,0.144440273146777,484236.75537707,4977284.01353532,-1.33773380378859,14.479
281,1,0,accepted,0.180742192576014,0.190020187674332,484237.17130941,4977282.68600519,-1.33887519977393,15.075
282,1,0,accepted,0.127308832702038,0.223620165238899,484237.57199791,4977281.32886599,-1.34066541104085,16.205
283,1,0,accepted,0.1146721080697,0.379954858392433,484237.949900421,4977279.96801474,-1.33987913676131,15.521
284,1,0,accepted,0.110167405910444,0.44835881003198,484238.343261216,4977278.58719659,-1.34210854014064,12.71
285,1,0,accepted,0.153924718473206,0.51093175769541,484238.746306733,4977277.24425396,-1.34450522608908,12.852
286,1,0,accepted,0.0986625717816023,0.29905478535239,484239.145905617,4977275.74733267,-1.35188223526596,17.166
287,1,0,accepted,0.0332760250780842,0.000261889346332582,484239.513643183,4977274.27349496,-1.35971114014255,16.813
288,1,0,accepted,0.010288052853913,0.0734801867528356,484239.832259154,4977272.81194118,-1.36194435845404,19.134
289,1,0,accepted,0.0494368935813492,-0.139398356260497,484240.178077713,4977271.31789697,-1.36855969082092,18.756
290,1,0,accepted,0.0909458216381795,-0.236301005514486,484240.484481732,4977269.84474214,-1.37379674895823,16.097
291,1,0,accepted,0.108580700211041,-0.216248003009871,484240.798724212,4977268.39622955,-1.3768463164404,13.831
292,1,0,accepted,0.119510539776839,-0.0258951795102523,484241.101775084,4977266.95515992,-1.37687036933623,17.416
293,1,0,accepted,0.123971988668849,0.336005247803945,484241.396616791,4977265.5806958,-1.37430329535866,19.717
294,1,0,accepted,0.133515585391503,0.430439019387215,484241.709782938,4977264.13438855,-1.37646345940295,14.148
295,1,0,accepted,0.0992071688306279,0.147036714358918,484242.104643323,4977262.61372835,-1.38436064076285,15.228
296,1,0,accepted,0.0820580125732769,0.0428792143729552,484242.452331328,4977261.16558405,-1.38919870770072,15.16
297,1,0,accepted,0.0723897696003163,-0.116316239582844,484242.782799704,4977259.72632331,-1.39514449514211,19.992
298,1,0,accepted,0.0796908019635323,-0.025693317704898,484243.073420109,4977258.26923007,-1.39687334448636,17.046
299,1,0,accepted,0.0361377875671862,-0.134627754279031,484243.374689777,4977256.85027681,-1.40222437944199,39.01
300,1,0,accepted,0.0540142638876616,-0.0676015532777287,484243.639875387,4977255.40912796,-1.40427220207471,16.544
301,1,0,accepted,0.10022879321339,0.161548010399833,484243.87458149,4977253.95229011,-1.40319996002375,18.549
302,1,0,accepted,0.0372413359192291,0.236811330067249,484244.212192493,4977252.54059283,-1.40519964203933,20.794
303,1,0,accepted,0.0150183237715605,0.161153632603479,484244.53530419,4977251.1288219,-1.40945855596573,20.407
304,1,0,accepted,0.0270545688171789,0.128306121141283,484244.814239673,4977249.69725212,-1.41322126742986,23.052
305,1,0,accepted,0.0392608562193417,0.126599232034725,484245.089694799,4977248.27542426,-1.4164751184573,18.343
306,1,0,accepted,0.0341919698150516,-0.0937355934736082,484245.332525611,4977246.84477819,-1.42306285674413,14.493
307,1,0,accepted,0.0294565557830558,-0.0654427661518717,484245.565278902,4977245.39713799,-1.42580305126445,13.842
308,1,0,accepted,0.044333961997293,0.012659038430545,484245.790901914,4977243.94965727,-1.42761470671842,15.744
309,1,0,accepted,0.0576228904182461,0.162442054018976,484246.023160405,4977242.50596976,-1.4281336614531,16.749
310,1,0,accepted,0.0526777407674922,0.203405985724737,484246.266629696,4977241.09719091,-1.43065684466642,16.05
311,1,0,accepted,0.090369621435626,0.12586807032699,484246.465616621,4977239.63298363,-1.43477297127545,13.443
312,1,0,accepted,0.0908678893972677,0.169474831617148,484246.694689245,4977238.19227821,-1.43642249961805,16.173
313,1,0,accepted,0.100184380892181,0.0868455077454287,484246.905349611,4977236.78700943,-1.43965590058658,14.224
314,1,0,accepted,0.121879941183387,0.15233409524266,484247.111341307,4977235.34724976,-1.44136707028083,13.984
315,1,0,accepted,0.146098283408098,-0.0424387903735191,484247.306695451,4977233.93101351,-1.44714874175122,14.912
316,1,0,accepted,0.139547675791006,0.0174528019359864,484247.524675963,4977232.55479466,-1.44932420014021,17.091
317,1,0,accepted,0.114384283368017,-0.142653124641712,484247.763355752,4977231.15447717,-1.45458721032593,14.41
318,1,0,accepted,0.0947034881848231,-0.776196567475596,484248.147378146,4977229.81150338,-1.4677774536648,17.333
319,1,0,accepted,0.0472592035049818,-0.689813029672241,484248.310060303,4977228.3625622,-1.46841859819395,11.419
320,1,0,accepted,0.0188021519686663,-0.667239320229004,484248.483349191,4977226.90564572,-1.4698341586797,14.636
321,1,0,accepted,0.0440042818057426,-0.661517531943919,484248.660182102,4977225.4557378,-1.47194239756048,12.38
322,1,0,accepted,0.0558131248346098,-0.570962733358803,484248.864563023,4977224.01392993,-1.47260868976411,14.932
323,1,0,accepted,0.0803065968196222,-0.529190447684822,484249.046941229,4977222.56765144,-1.47411102573764,10.751
324,1,0,accepted,0.0958476570216903,-0.196831459371674,484249.203175586,4977221.15600972,-1.47056811229627,13.23
325,1,0,accepted,0.135240193572375,-0.265143719306768,484249.376973786,4977219.67212871,-1.47392823325227,15.201
326,1,0,accepted,0.168225316925451,-0.486275652671765,484249.554893655,4977218.21934902,-1.47958523503892,11.05
327,1,0,accepted,0.204637382385157,-0.285261949192293,484249.705619907,4977216.80024189,-1.47776426386427,13.348
328,1,0,accepted,0.212023491201539,-0.17328206116857,484249.861597846,4977215.36005877,-1.4778790181571,12.723
329,1,0,accepted,0.177279199364015,-0.142839897581292,484250.048307806,4977213.95927322,-1.47817030946533,11.903
330,1,0,accepted,0.186216993387132,-0.099105459757046,484250.2086229,4977212.53230045,-1.47971586632163,14.528
331,1,0,accepted,0.170130038025003,-0.0573790808624237,484250.386913172,4977211.12262866,-1.48047830932312,13.206
332,1,0,accepted,0.144036194800958,0.00540706892523397,484250.623846737,4977209.65851365,-1.47951628870154,19.516
333,1,0,accepted,0.151771941221675,0.118851677882781,484250.790334631,4977208.22667798,-1.47993098138551,12.958
334,1,0,accepted,0.163119306803137,0.114933197446832,484251.007046582,4977206.77274487,-1.48160717090972,12.343
335,1,0,accepted,0.169205671074098,0.0291637178382622,484251.182860851,4977205.33713301,-1.48397822852619,18.957
336,1,0,accepted,0.107422934440589,-0.213095365274338,484251.343694165,4977203.96523143,-1.48968327075486,13.903
337,1,0,accepted,0.0915639818572662,-0.100532959623306,484251.416386825,4977202.59786278,-1.48950296675411,15.981
338,1,0,accepted,0.0655918851147051,-0.13289052332149,484251.591254711,4977201.19761206,-1.49094841826748,12.482
339,1,0,accepted,0.0999855872089081,0.0338751480589193,484251.712562572,4977199.76517689,-1.49012654787003,9.786
340,1,0,accepted,0.123889288563516,0.151587987324469,484251.849324176,4977198.30518454,-1.48987573555179,10.323
341,1,0,accepted,0.0631939524046812,0.0393609637432187,484252.054600729,4977196.95338819,-1.49349875446057,14.951
342,1,0,accepted,0.0712403373020277,0.237466634373823,484252.193167496,4977195.48780847,-1.49144993239125,17.028
343,1,0,accepted,0.0564616890947801,0.262763056767106,484252.35633375,4977194.05197439,-1.49242546707159,12.244
344,1,0,accepted,0.0770879741119987,0.322102746038523,484252.509849992,4977192.5780598,-1.49243236075645,13.107
345,1,0,accepted,0.0874640412773173,0.311806923308533,484252.652645031,4977191.13065929,-1.49370479949014,19.204
346,1,0,accepted,0.0770033863765038,0.347955510622873,484252.795131165,4977189.72687591,-1.49418584897563,11.388
347,1,0,accepted,0.0121252530449057,0.194611713876721,484252.972456114,4977188.38489257,-1.49741463162134,12.653
348,1,0,accepted,0.0362765325048431,0.148762733706034,484253.115708515,4977186.97863888,-1.49912457954803,15.833
349,1,0,accepted,0.107465778123187,0.100210229030188,484253.278670907,4977185.62906352,-1.50048205817182,15.684
350,1,0,accepted,0.111656470658751,0.118179284746085,484253.395598259,4977184.21797526,-1.50057717941779,14.932
351,1,0,accepted,0.0912527599277025,0.189017438945674,484253.499703544,4977182.76954467,-1.49926913408241,34.97
352,1,0,accepted,0.0753470928301516,0.212417957964612,484253.601770273,4977181.34589776,-1.49874246005057,16.731
353,1,0,accepted,0.0642655644159082,0.27149143456336,484253.74026283,4977179.92621942,-1.49785640914708,13.272
354,1,0,accepted,0.0542538297758808,0.160087901173609,484253.869945643,4977178.49104474,-1.49973908734963,14.585
355,1,0,accepted,0.074843893605814,0.184685994215354,484253.981458722,4977177.08030935,-1.49936517061782,16.142
356,1,0,accepted,0.0819780605232578,0.126540528285247,484254.097862079,4977175.65636943,-1.50048275977148,12.713
357,1,0,accepted,0.0917486766329242,0.207120495586001,484254.213436143,4977174.22319237,-1.49919359075254,14.642
358,1,0,accepted,0.0887756490568613,0.170585080990853,484254.332175849,4977172.77485961,-1.49993917743059,13.837
359,1,0,accepted,0.093542060817418,0.167446231189779,484254.447137932,4977171.3458636,-1.49976689784603,17.005
360,1,0,accepted,0.110472551694082,0.155810322383236,484254.560093661,4977169.90240979,-1.49982358685375,15.901
361,1,0,accepted,0.115212569784518,0.0787923442651238,484254.677281678,4977168.47691008,-1.5008715335534,16.546
362,1,0,accepted,0.143157049699422,-0.0105256098989943,484254.793335521,4977167.02260679,-1.5020695411047,18.84
363,1,0,accepted,0.171825867109678,-0.0379159460304539,484254.900750586,4977165.57090966,-1.50227751587725,23.619
364,1,0,accepted,0.182987637256061,-0.198094562125556,484255.027193642,4977164.14737306,-1.504904468664,21.174
365,1,0,accepted,0.222872532161289,-0.0180666841917608,484255.126592203,4977162.70003368,-1.50120258979961,20.011
366,1,0,accepted,0.238923824684826,0.0701521141507932,484255.242419609,4977161.26675676,-1.49908264958922,16.887
367,1,0,accepted,0.250230808290363,0.109259968868902,484255.353765521,4977159.84165767,-1.49771668366516,29.198
368,1,0,accepted,0.25707241017428,0.190647598659118,484255.463342436,4977158.40438966,-1.49565886146229,16.226
369,1,0,accepted,0.258980635727327,0.221885030479787,484255.580100746,4977156.972499,-1.49441236120385,22.292
370,1,0,accepted,0.254221897245802,0.149654040983467,484255.676535849,4977155.58511053,-1.49492731712777,19.595
371,1,0,accepted,0.261282975471827,0.22563654397619,484255.795885426,4977154.15573525,-1.49286389274511,17.394
372,1,0,accepted,0.274653722978371,0.306468865667416,484255.908058586,4977152.76620734,-1.49079280496457,17.081
373,1,0,accepted,0.296859408417441,0.344153462456583,484256.01651148,4977151.37158198,-1.4881696447495,12.358
374,1,0,accepted,0.175847437632827,0.179881385327471,484256.282943441,4977150.04178765,-1.48976319853446,18.04
375,1,0,accepted,0.160871314051302,0.0886983073351148,484256.473930161,4977148.65553169,-1.48938132748106,24.066
376,1,0,accepted,0.14161125211401,-0.110978957181741,484256.668841379,4977147.22276614,-1.4908347734067,41.563
377,1,0,accepted,0.136973380466458,-0.263934197629343,484256.862623455,4977145.80755708,-1.49215706823565,15.315
378,1,0,accepted,0.0205303906535701,-0.446949495864945,484257.050363409,4977144.28081102,-1.49349873562792,14.229
379,1,0,accepted,0.0423994007528475,-0.404206853489168,484257.163286258,4977142.82686462,-1.49133952068179,19.399
380,1,0,accepted,0.0616390652376145,-0.221180997312584,484257.312175713,4977141.37997916,-1.4864530819294,14.72
381,1,0,accepted,0.0896009748247216,-0.188572322433174,484257.460363693,4977139.91744428,-1.48444863779185,15.521
382,1,0,accepted,0.10369941097841,-0.191917234116328,484257.605672193,4977138.50274607,-1.48301087009602,12.175
383,1,0,accepted,0.0770806101595661,-0.0335755845944864,484257.774450172,4977137.1159604,-1.47879422023824,17.752
384,1,0,accepted,0.0340495033521515,0.1471282665582,484257.977904184,4977135.71566043,-1.47470736846387,17.268
385,1,0,accepted,0.0165098517734262,0.0905573863467057,484258.161146417,4977134.34036931,-1.47439448349995,14.318
386,1,0,accepted,0.0144594120760378,-0.0571788492542007,484258.344600967,4977132.93046485,-1.4751022935945,12.793
387,1,0,accepted,0.073883442619181,-0.12600483672037,484258.53924225,4977131.57427848,-1.47521301855198,16.755
388,1,0,accepted,0.0664831644610057,-0.112852406482253,484258.696285264,4977130.16752559,-1.47360418321602,16.624
389,1,0,accepted,0.0522442949485158,-0.104127686510529,484258.852140982,4977128.74255977,-1.47185941167578,13.517
390,1,0,accepted,0.0850961509748007,0.00468346156529442,484259.003324936,4977127.37122198,-1.46845884982657,16.484
391,1,0,accepted,0.0785504116362325,0.0406113855312118,484259.154608172,4977125.95285455,-1.46631941076129,14.973
392,1,0,accepted,0.0784538005951994,0.102754494325618,484259.315735122,4977124.55113222,-1.46427879520407,18.649
393,1,0,accepted,0.0822889227180796,0.057506015031805,484259.472327444,4977123.14312481,-1.46354273356046,14.656
394,1,0,accepted,0.0916564937039117,0.0790110234754989,484259.63060633,4977121.72303579,-1.46182721755995,18.586
395,1,0,accepted,0.102552937662186,0.0787967829919592,484259.79665505,4977120.2875095,-1.46070083133037,19.452
396,1,0,accepted,0.107294920954133,0.0772518223068824,484259.974008409,4977118.88702421,-1.45973962794628,14.261
397,1,0,accepted,0.120212466167889,0.0652488136178299,484260.150298657,4977117.46164708,-1.45883272605282,12.972
398,1,0,accepted,0.130833309548369,0.0787706564519235,484260.330935314,4977116.06780125,-1.45715730531573,14.205
399,1,0,accepted,0.102224447213481,0.128073856687689,484260.530570543,4977114.70670829,-1.45530137909709,15.158
400,1,0,accepted,0.107343179496555,0.175384324662784,484260.715786727,4977113.31301079,-1.45326367450325,26.13
401,1,0,accepted,0.133718773428421,0.373157903033331,484260.885310189,4977111.90668626,-1.44816745962841,17.021
402,1,0,accepted,0.134740278800377,0.584379952618278,484261.064923962,4977110.55454792,-1.4428586456934,14.261
403,1,0,accepted,0.129683986497185,0.46409184316711,484261.265514351,4977109.16777206,-1.44350406699461,13.475
404,1,0,accepted,0.128943782832025,0.446075835572972,484261.459754001,4977107.78423131,-1.44182566688326,14.177
405,1,0,accepted,0.119503236791686,0.35314346808787,484261.659437715,4977106.44196006,-1.44132081413733,14.926
406,1,0,accepted,0.110290128795595,0.258255573094726,484261.863801053,4977105.0846251,-1.44071864858267,18.342
407,1,0,accepted,0.0843307517311735,0.0382070458370288,484262.102527045,4977103.77902367,-1.44230039335633,19.051
408,1,0,accepted,0.058449622548853,-0.143275928212444,484262.312223586,4977102.38061444,-1.44320402942286,21.185
409,1,0,accepted,0.0759692271537781,-0.112008191975934,484262.501345178,4977100.97424336,-1.44053838071678,16.882
410,1,0,accepted,0.0963668387071137,-0.00393428785464689,484262.700693248,4977099.58965726,-1.43637235186282,16.525
411,1,0,accepted,0.0962804297934371,0.104265313802215,484262.898153031,4977098.26196536,-1.43223019258158,16.245
412,1,0,accepted,0.104486945368772,0.177900919798379,484263.10732166,4977096.91170347,-1.42938755580517,20.234
413,1,0,accepted,0.112401651605168,0.286927177109372,484263.319668984,4977095.55183671,-1.42566494724236,19.072
414,1,0,accepted,0.121940227287518,0.216930146571712,484263.53506212,4977094.20249902,-1.42458950189267,17.053
415,1,0,accepted,0.124683316479185,0.317105666010309,484263.754955897,4977092.85677322,-1.4211411802215,17.968
416,1,0,accepted,0.142445302843624,0.235112177734022,484263.965837678,4977091.51003785,-1.4203834155569,15.122
417,1,0,accepted,0.150676322575218,0.169850199101636,484264.179585628,4977090.16766847,-1.41936340747475,16.565
418,1,0,accepted,0.155373567494817,0.196958686361799,484264.394040431,4977088.85822143,-1.4172328854502,14.429
419,1,0,accepted,0.162294359052414,0.199027676390099,484264.61750076,4977087.52907697,-1.41478944889905,14.183
420,1,0,accepted,0.192637960825775,0.224106374949244,484264.830669876,4977086.18070796,-1.41238977174634,16.345
421,1,0,accepted,0.200513866684723,0.398061157254338,484265.069182464,4977084.84547266,-1.407513892857,14.479
422,1,0,accepted,0.185151532250054,0.439192233403322,484265.317720921,4977083.52754725,-1.40517461289239,15.475
423,1,0,accepted,0.183944807346396,0.377355903813492,484265.559229504,4977082.20292989,-1.40466791466452,14.601
424,1,0,accepted,0.186450883185344,0.184331846155228,484265.794729841,4977080.9007997,-1.40630112046277,17.052
425,1,0,accepted,0.145865256957619,-0.375064029606741,484266.239352193,4977079.63255319,-1.41451149360146,21.801
426,1,0,accepted,0.146316718287759,-0.330526255324623,484266.472953784,4977078.31109641,-1.4115211885914,18.246
427,1,0,accepted,0.139002123531091,-0.22486985228992,484266.705075826,4977076.99245713,-1.40858929510559,15.892
428,1,0,accepted,0.138683441713324,0.00868802641688808,484266.934075035,4977075.66641735,-1.40291019547924,15.532
429,1,0,accepted,0.129335114527881,0.0942145555862667,484267.164712591,4977074.35997844,-1.40015446301309,14.064
430,1,0,accepted,0.0392035515589454,0.0801935898635414,484267.423182535,4977073.14553105,-1.39861637054167,21.051
431,1,0,accepted,0.0446413699009283,-0.00647294060312576,484267.658618805,4977071.8911731,-1.39824642393233,18.301
432,1,0,accepted,0.0509489662767599,-0.0543152132733516,484267.905208137,4977070.59446231,-1.39732051816405,15.981
433,1,0,accepted,0.0291757648564387,-0.0464592744132865,484268.148896208,4977069.26285001,-1.39584315839569,13.647
434,1,0,accepted,0.0158787487945248,0.00987033196377357,484268.384189546,4977067.93134172,-1.39303627168986,15.338
435,1,0,accepted,0.0476341632476003,0.182818805856197,484268.639381097,4977066.57125323,-1.38857005932399,15.259
436,1,0,accepted,0.0723301868737854,0.194365908191355,484268.892563199,4977065.23493624,-1.38641371386027,15.997
437,1,0,accepted,0.0884975005465524,0.292213759588979,484269.160733562,4977063.91529332,-1.38297590370259,14.229
438,1,0,accepted,0.0911831341902135,0.317339416715567,484269.429686869,4977062.60058827,-1.38026529400744,14.973
439,1,0,accepted,0.095369116577427,0.337406939835768,484269.682416277,4977061.28633172,-1.37799008534889,12.357
440,1,0,accepted,0.0864353279454533,0.237968550795499,484269.916937493,4977060.0368123,-1.37749571913374,12.601
441,1,0,accepted,0.113813233851997,0.214277020993585,484270.177850096,4977058.6983091,-1.37558267679016,16.656
442,1,0,accepted,0.104777071167,0.15398084065881,484270.462793623,4977057.3974439,-1.37461208469154,16.068
443,1,0,accepted,0.125525008112591,0.170225260641114,484270.714763049,4977056.09770851,-1.3718991952612,14.764
444,1,0,accepted,0.119213287696075,0.16779730845796,484271.004787797,4977054.80245155,-1.36998897315145,16.291
445,1,0,accepted,0.121444787034501,0.20894487404239,484271.288872117,4977053.49700987,-1.36690687479053,15.524
446,1,0,accepted,0.117467467283874,0.225569880229408,484271.581143195,4977052.19512694,-1.36366561651394,16.776
447,1,0,accepted,0.132272884966716,0.189143164308545,484271.859731319,4977050.8880832,-1.36168259077515,13.277
448,1,0,accepted,0.14323924433007,0.203890847128895,484272.143454286,4977049.58300477,-1.35850264617219,12.998
449,1,0,accepted,0.13421149983877,0.283689408989488,484272.447790823,4977048.2969239,-1.35397432748834,15.367
450,1,0,accepted,0.0242937613024007,-0.243628766065479,484272.879665259,4977047.08444035,-1.3598983481941,17.487
451,1,0,accepted,0.0489286641247973,-0.45145723107541,484273.191724863,4977045.82193761,-1.36028199675411,16.412
452,1,0,accepted,0.0585037141585437,-0.492473717597246,484273.477291167,4977044.55153913,-1.35796860973146,21.365
453,1,0,accepted,0.0681517315111259,-0.326946421429248,484273.781597575,4977043.28444144,-1.35152400379301,18.854
454,1,0,accepted,0.0601078848156812,-0.0716612729318179,484274.092185978,4977042.00213957,-1.34375701764704,20.988
455,1,0,accepted,0.039651257946209,0.0410880015577587,484274.402657509,4977040.7089513,-1.33782395268983,21.693
456,1,0,accepted,0.0358385983332539,-0.0864777062335493,484274.714658413,4977039.41832952,-1.33590711763934,18.092
457,1,0,accepted,0.0340549323335593,0.127430015615933,484275.035563432,4977038.16457306,-1.32830410852039,19.265
458,1,0,accepted,0.0279152374912834,0.296141495502776,484275.369877741,4977036.91089623,-1.32114664144249,19.935
459,1,0,accepted,0.027874769473483,0.384933572294955,484275.703689797,4977035.66326171,-1.3157921312138,20.333
460,1,0,accepted,0.0341716801980663,0.393807533268697,484276.036710077,4977034.43670919,-1.31142899115325,13.966
461,1,0,accepted,0.0365676753622298,0.313238306749866,484276.376386974,4977033.18245296,-1.30861664247681,21.987
462,1,0,accepted,0.0459523672809337,0.27696727664013,484276.713761402,4977031.97047885,-1.30501477600662,17.856
463,1,0,accepted,0.0666602429865864,0.200459483083951,484277.058117964,4977030.75246242,-1.30184914227175,16.45
464,1,0,accepted,0.20665487721757,0.151178447459228,484277.392499509,4977029.71146371,-1.29818415071595,17.696
465,1,0,accepted,0.195885369471249,0.241494436726354,484277.742949126,4977028.48271505,-1.29263903565016,20.824
466,1,0,accepted,0.187156672892564,0.323821841185672,484278.095668779,4977027.25872376,-1.28720822568613,19.054
467,1,0,accepted,0.155888875681886,0.347939921661361,484278.450604385,4977026.0148582,-1.28233799337582,35.072
468,1,0,accepted,0.162469021562374,0.465927358280946,484278.801900725,4977024.80221358,-1.27621307895833,28.927
469,1,0,accepted,0.139247572808508,0.364885148935573,484279.186056381,4977023.57325551,-1.27357990407186,20.809
470,1,0,accepted,0.13676208198314,0.424378378518367,484279.557516359,4977022.39328695,-1.26831115452948,22.068
471,1,0,accepted,0.133109667804188,0.460418514284823,484279.948880584,4977021.2145675,-1.26336775680361,20.801
472,1,0,accepted,0.129696642486454,0.430729401035739,484280.33635248,4977020.02596319,-1.25960767920254,18.904
473,1,0,accepted,0.123753225920642,0.487303902164824,484280.721372617,4977018.83507903,-1.25429392217047,16.499
474,1,0,accepted,0.118380598904691,0.452937113886727,484281.131391715,4977017.66044052,-1.25097614784671,36.245
475,1,0,accepted,0.0886281102933899,0.412418472116353,484281.545279877,4977016.45302611,-1.24764860896873,23.841
476,1,0,accepted,0.0623300747920297,0.290409310743814,484281.965528162,4977015.24342787,-1.24554876464704,20.042
477,1,0,accepted,0.0745556650646327,0.466309299034893,484282.358280169,4977014.06542499,-1.23862665317514,19.666
478,1,0,accepted,0.0602799382509499,0.0549116775198381,484282.836797791,4977012.86569677,-1.24206194171913,24.281
479,1,0,accepted,0.0973149734876872,0.636460482938472,484283.246777233,4977011.67356396,-1.22789928187608,24.902
480,1,0,accepted,0.111459533757939,0.468073507070194,484283.67414924,4977010.50525751,-1.22678868820473,25.396
481,1,0,accepted,0.11702804634725,0.390207739686417,484284.119112767,4977009.33924551,-1.22433858237557,23.94
482,1,0,accepted,0.117630471868889,0.405325585668802,484284.523098838,4977008.18804914,-1.2202962779186,17.584
483,1,0,accepted,0.12970748078888,0.340802528227267,484284.945540892,4977007.04898352,-1.21759689228376,21.755
484,1,0,accepted,0.133505654232294,0.299817995450089,484285.377574259,4977005.90046858,-1.21431161583788,18.489
485,1,0,accepted,0.135985421712034,0.264328997489018,484285.80478864,4977004.76547475,-1.21099882530967,21
486,1,0,accepted,0.146249517993602,0.245017236325074,484286.245271423,4977003.61861484,-1.20703666198934,23.351
487,1,0,accepted,0.0674517161159095,0.210813861424224,484286.716583716,4977002.56024449,-1.20440414764341,28.898
488,1,0,accepted,0.0670774509091284,0.25888709218564,484287.163253796,4977001.43153001,-1.19942713653421,24.366
489,1,0,accepted,0.0610000083559004,0.344770895496758,484287.629505781,4977000.29385373,-1.19341961623382,27.452
490,1,0,accepted,0.0330054622088872,0.308199849548696,484288.09018404,4976999.22759905,-1.1916194468894,28.625
491,1,0,accepted,0.0258513621431932,0.00199890588277236,484288.569831577,4976998.11876668,-1.19327582198714,28.343
492,1,0,accepted,0.134885170299821,-0.457340419779085,484289.154894152,4976997.07604942,-1.1974534470686,24.72
493,1,0,accepted,0.125669127024586,-0.363583062213556,484289.601439225,4976995.96408967,-1.19205777190516,21.513
494,1,0,accepted,0.113539734216729,-0.396273470162121,484290.058299391,4976994.83952278,-1.18914652893341,18.035
495,1,0,accepted,0.0917691280036572,-0.473594421992505,484290.517264579,4976993.71011394,-1.18653637392447,15.815
496,1,0,accepted,0.0744602404324576,-0.233924287389609,484290.974628201,4976992.58835942,-1.17921873448091,21.825
497,1,0,accepted,0.0529347745995829,-0.172018084543244,484291.458373608,4976991.45325729,-1.17482309060369,22.805
498,1,0,accepted,0.0433146810444421,0.0328236087137302,484291.929794768,4976990.3281027,-1.16796616151645,22.143
499,1,0,accepted,0.0702060858811676,0.43231516544017,484292.385321288,4976989.19613815,-1.15725432043518,14.106
500,1,0,accepted,0.0417155420420144,0.151721689891408,484292.91306414,4976988.0843844,-1.15857687010335,27.395
501,1,0,accepted,0.0367949258333105,0.25716607092974,484293.420665028,4976986.95697157,-1.1532596688396,18.905
502,1,0,accepted,0.0451583571201934,0.0754481765674864,484293.957269407,4976985.80317931,-1.15316965032018,24.393
503,1,0,accepted,0.0785251071345444,0.0582095546068826,484294.476793081,4976984.68199308,-1.15055483812183,18.031
504,1,0,accepted,0.12295397698029,0.0534234797642776,484295.041845086,4976983.55498171,-1.14570747931443,17.205
505,1,0,accepted,0.135640903207538,-0.0804312700689074,484295.564944684,4976982.44143538,-1.14510536037685,16.335
506,1,0,accepted,0.148292886684256,0.143952975847019,484296.09990317,4976981.33350587,-1.13795573123658,16.665
507,1,0,accepted,0.112956044449381,0.322309448659833,484296.584017081,4976980.25324018,-1.13241767397865,19.348
508,1,0,accepted,0.098906283306833,0.507771523130201,484297.093257288,4976979.17046691,-1.12685772861484,15.972
509,1,0,accepted,0.0827513385379888,0.443576219502066,484297.600590323,4976978.09302761,-1.12577457969652,23.84
510,1,0,accepted,0.087270841496579,0.464095429006974,484298.06327361,4976977.09196742,-1.12353412569521,24.133
511,1,0,accepted,0.111293269096442,0.514464316550517,484298.57989367,4976975.9848222,-1.12054577050259,18.498
512,1,0,accepted,0.133480809355791,0.582472343316215,484299.098340323,4976974.90967498,-1.11778108103367,21.721
513,1,0,accepted,0.134387781329586,0.535866763367518,484299.638861879,4976973.81967371,-1.11719192695675,21.908
514,1,0,accepted,0.127199010316353,0.554365910876701,484300.189170092,4976972.71548728,-1.11580802202473,20.549
515,1,0,accepted,0.111228027756794,0.506369211786699,484300.759691897,4976971.58462083,-1.11584468230891,17.147
516,1,0,accepted,0.0907214297725855,0.465582787266055,484301.31899278,4976970.48712022,-1.11635607881866,28.005
517,1,0,accepted,0.0338043739670498,0.272283058877413,484301.937890732,4976969.41888563,-1.11980115430661,22.793
518,1,0,accepted,0.0232172148366191,0.212284824661798,484302.496898384,4976968.31251521,-1.12067045624675,25.031
519,1,0,accepted,0.0189212354304006,0.0637791104170422,484303.063441715,4976967.16887497,-1.1231709041691,17.203
520,1,0,accepted,0.0157198370427711,-0.0288509038131278,484303.624649932,4976966.08301213,-1.12488862982612,22.364
521,1,0,accepted,0.028574748377932,-0.159429799051233,484304.182532476,4976964.97666743,-1.12768807070366,16.94
522,1,0,accepted,0.0245243054283135,-0.169121696986816,484304.732306484,4976963.88625737,-1.12917007918943,22.404
523,1,0,accepted,0.0206581770772058,-0.265711883488636,484305.277555582,4976962.78549394,-1.13168827670834,23.239
524,1,0,accepted,0.012326490979683,-0.265502462176766,484305.813678411,4976961.68194947,-1.13306864190312,22.393
525,1,0,accepted,0.0597094197041163,-0.366596888189821,484306.352862292,4976960.62831566,-1.1364749867853,17.481
526,1,0,accepted,0.0456326513593553,-0.453764894922119,484306.879998202,4976959.50810019,-1.13849873530224,19.142
527,1,0,accepted,0.0361812978984523,-0.466820056884353,484307.409577529,4976958.37988199,-1.14083633233671,18.41
528,1,0,accepted,0.0412662206070521,-0.52289219677839,484307.945878451,4976957.24838959,-1.14338779461325,17.229
529,1,0,accepted,0.0528206339706193,-0.580877292750463,484308.474545234,4976956.12443503,-1.14664299922724,18.168
530,1,0,accepted,0.0754174278728257,-0.433848569124051,484309.004913363,4976954.98883529,-1.14693687217966,16.557
531,1,0,accepted,0.0987247983241714,-0.309942118131557,484309.526130097,4976953.859123,-1.14779596948749,16.832
532,1,0,accepted,0.119372459004184,-0.26327127324105,484310.060569707,4976952.72362177,-1.15021483095982,17.117
533,1,0,accepted,0.140788906074628,-0.230547017640093,484310.597737517,4976951.57801731,-1.15348673268471,16.579
534,1,0,accepted,0.136753404607107,0.0122614932481253,484311.130931142,4976950.46812374,-1.15330999942778,18.537
535,1,0,accepted,0.131217329336603,-0.0141155258570448,484311.655360089,4976949.35539065,-1.15741007501638,17.801
536,1,0,accepted,0.135078431377098,-0.0193130802943165,484312.162837009,4976948.23725201,-1.16100414349605,16.974
537,1,0,accepted,0.119230308560821,0.0991296325831262,484312.670359405,4976947.13623122,-1.16283972947517,18.532
538,1,0,accepted,0.128683946524211,-0.0228490216290486,484313.171166947,4976946.00652449,-1.16814042353717,17.252
539,1,0,accepted,0.131088953330047,0.0658073240194725,484313.665618851,4976944.87653731,-1.17034813737329,18.849
540,1,0,accepted,0.120007394746446,0.235100227208419,484314.14953851,4976943.77554788,-1.1715794811063,18.996
541,1,0,accepted,0.117680163434018,0.323974247805228,484314.641663205,4976942.65175065,-1.17372581292535,22.282
542,1,0,accepted,0.126401515623124,0.315449872016087,484315.116887611,4976941.53498619,-1.17776403871032,26.278
543,1,0,accepted,0.134312353030967,0.283070366001258,484315.585073795,4976940.40536539,-1.181821315508,18.263
544,1,0,accepted,0.127432538725484,0.264469086520777,484316.064478884,4976939.30085506,-1.1856152766902,16.458
545,1,0,accepted,0.137058042811511,0.330113127903303,484316.53163676,4976938.17673667,-1.18792295961357,17.696
546,1,0,accepted,0.175891570747781,0.394906845482015,484316.968838925,4976937.10775487,-1.19051971460852,19.976
547,1,0,accepted,0.202282809610074,0.500972171157602,484317.411852114,4976935.97078116,-1.19226000813881,16.374
548,1,0,accepted,0.0934740125838081,-0.106096214162473,484317.992598567,4976934.83369376,-1.20645628776825,28.57
549,1,0,accepted,0.0736772703634484,-0.294533145111502,484318.483040869,4976933.67830699,-1.21348531612578,22.654
550,1,0,accepted,0.0876183668594459,-0.228344169018597,484318.909546112,4976932.54549048,-1.21591008009131,20.398
551,1,0,accepted,0.129151133659281,-0.00498806308979112,484319.315495628,4976931.39344515,-1.21616732061057,17.38
552,1,0,accepted,0.162792641678411,0.338604356711249,484319.730857973,4976930.2409377,-1.21387540195416,20.531
553,1,0,accepted,0.155385601572746,0.378648509284308,484320.180694126,4976929.06706164,-1.21688054606901,19.68
554,1,0,accepted,0.111767166474611,0.37146126342157,484320.6754745,4976927.95409184,-1.22079438420448,27.834
555,1,0,accepted,0.0981461880496355,0.36551795753484,484321.130226198,4976926.80768747,-1.22446086184862,16.136
556,1,0,accepted,0.0767411850967755,0.346162576640918,484321.571613233,4976925.65734507,-1.22818142536921,16.472
557,1,0,accepted,0.0438005223063712,0.266252238047671,484322.026110127,4976924.46270272,-1.23338709086774,21.986
558,1,0,accepted,0.0475439928801713,0.22968396761527,484322.465603093,4976923.271532,-1.23775148955479,24.815
559,1,0,accepted,0.0810637232134304,0.257223543351836,484322.883695267,4976922.06502974,-1.240710561766,20.173
560,1,0,accepted,0.0786090947198245,0.251047631636153,484323.307379613,4976920.90238161,-1.24471621440135,17.74
561,1,0,accepted,0.0769458340358568,0.284942947595513,484323.710343772,4976919.7493883,-1.2475807194645,21.371
562,1,0,accepted,0.0704253269314288,0.248729724279509,484324.11628859,4976918.58734817,-1.2515835688018,19.045
563,1,0,accepted,0.0604383583037463,0.169870279512702,484324.518794498,4976917.44375374,-1.25681893740396,19.343
564,1,0,accepted,0.066871732559579,0.10346728189802,484324.921550329,4976916.26589283,-1.26120343017692,20.097
565,1,0,accepted,0.079016754050854,0.0700182582039715,484325.316785793,4976915.09071253,-1.26513930965368,21.258
566,1,0,accepted,0.0750560946495834,0.0742065483321672,484325.704197243,4976913.92820637,-1.26815312348789,18.369
567,1,0,accepted,0.076776463691673,0.091952384245562,484326.080942863,4976912.75812874,-1.2712534272644,15.316
568,1,0,accepted,0.0514311880790194,0.0283127083111335,484326.479228663,4976911.61318066,-1.2755759497342,34.63
569,1,0,accepted,0.015354864548996,-0.125618938267479,484326.887802386,4976910.47550735,-1.2815071521002,27.132
570,1,0,accepted,0.0360135281437218,-0.325778128006553,484327.294489124,4976909.32951412,-1.28798843124337,24.041
571,1,0,accepted,0.0497754302111106,-0.440035207371475,484327.676255764,4976908.1728081,-1.29300618384166,16.132
572,1,0,accepted,0.0969554258144772,-0.771427401384713,484328.087525223,4976907.01333685,-1.30179381108195,16.095
573,1,0,accepted,0.11511072505328,-0.851053575306302,484328.46884765,4976905.84849845,-1.30606763352541,13.936
574,1,0,accepted,0.0915481900829388,-0.63986882633949,484328.807771327,4976904.66084712,-1.30512184153303,18.463
575,1,0,accepted,0.0829361537241016,-0.550685726619449,484329.144783605,4976903.49853916,-1.30629224689186,18.613
576,1,0,accepted,0.0831628435196681,-0.408490535468615,484329.470193039,4976902.34353186,-1.30637614050203,16.992
577,1,0,accepted,0.0720456336841709,-0.472637956821649,484329.796080042,4976901.15959953,-1.31005509924623,13.738
578,1,0,accepted,0.0715249110651549,-0.396136009872265,484330.121071468,4976899.97961231,-1.31072837585191,17.706
579,1,0,accepted,0.0764639666403402,-0.331517751921979,484330.432086112,4976898.78355824,-1.31191482710544,42.711
580,1,0,accepted,0.0703733595383197,-0.242179080092322,484330.817072576,4976897.62588094,-1.31199561841885,67.085
581,1,0,accepted,0.0683893159778219,-0.3614085578241,484331.177037776,4976896.44452082,-1.31558611448804,23.368
582,1,0,accepted,0.0806537613902748,-0.463136073065387,484331.534575996,4976895.26585758,-1.31883322729062,19.733
583,1,0,accepted,0.0780675680409423,-0.398857880077098,484331.85970731,4976894.10820167,-1.31977951709746,20.322
584,1,0,accepted,0.0921506103111482,-0.337402331729257,484332.182904544,4976892.94255983,-1.32022580474398,41.631
585,1,0,accepted,0.084980204383768,-0.301885197911725,484332.498334638,4976891.75745523,-1.3212778143854,46.227
586,1,0,accepted,0.0284906619172735,-0.432684548652846,484332.81725459,4976890.50737575,-1.32506538574922,39.817
587,1,0,accepted,0.0453055176761385,-0.44407881811439,484333.128720422,4976889.29708712,-1.32665771481968,20.271
588,1,0,accepted,0.0723492397205424,-0.370075148643408,484333.438784295,4976888.09758972,-1.32684657678515,25.918
589,1,0,accepted,0.164080960032376,-0.376571578885282,484333.731242284,4976886.83241744,-1.32828566951758,38.609
590,1,0,accepted,0.113147452069711,-0.394536804763053,484334.073146044,4976885.7093703,-1.33011598063608,22.841
591,1,0,accepted,0.126481688182417,-0.335553081334114,484334.37716829,4976884.53464935,-1.33053826363112,19.545
592,1,0,accepted,0.149052632077562,-0.347389404894799,484334.675086985,4976883.3521943,-1.33220235510335,12.712
593,1,0,accepted,0.171850493690559,-0.339618883297916,484334.971766372,4976882.17228502,-1.33340612113157,13.704
594,1,0,accepted,0.176946067179209,-0.300470595897067,484335.278081365,4976881.00918668,-1.33427221357496,12.939
595,1,0,accepted,0.18618542478386,-0.270278083707684,484335.583040926,4976879.83393958,-1.33528117791218,11.836
596,1,0,accepted,0.189576978014801,-0.264418264090473,484335.891914541,4976878.67317146,-1.33674509031286,12.556
597,0,1,acceptedDirectional,0.143394546228491,-0.317117757153426,484336.256925461,4976877.52115522,-1.33916137195903,13.042
598,0,1,acceptedDirectional,0.171642614355531,-0.143782916602498,484336.553522873,4976876.36322428,-1.33711062299655,12.308
599,1,0,accepted,0.224105776391095,0.562668100898689,484336.931182971,4976875.52778409,-1.32605849413455,13.978
600,1,0,accepted,0.221887444871993,0.726166895592849,484337.254608124,4976874.37693156,-1.32489232717942,11.276
601,1,0,accepted,0.21306656338636,0.67783766468231,484337.595792774,4976873.2303485,-1.32728190392235,12.097
602,1,0,accepted,0.20404034660459,0.569891055978047,484337.939259841,4976872.09268457,-1.33082954780053,12.148
603,1,0,accepted,0.177708851087298,0.469251056178238,484338.245069302,4976870.93268928,-1.33442620231625,10.452
604,1,0,accepted,0.169660716713053,0.544454518182096,484338.514151874,4976869.78010789,-1.33521657172903,9.251
605,1,0,accepted,0.161283641648366,0.479256219966124,484338.801574542,4976868.6292213,-1.33809199559141,12.508
606,1,0,accepted,0.153767377458363,0.449336058974779,484339.085947142,4976867.47183354,-1.34083271367759,12.202
607,1,0,accepted,0.165348947118999,0.455398953464411,484339.350867112,4976866.30694759,-1.34328641633809,11.936
608,1,0,accepted,0.133166286574745,0.256000956699163,484339.654806453,4976865.15698587,-1.34929717012023,14.776
609,1,0,accepted,0.108868321575599,0.0976377976764108,484339.942675954,4976864.01783861,-1.3547895468321,11.613
610,1,0,accepted,0.114152838992022,0.289282977876262,484340.205396679,4976862.87974738,-1.35466529761599,13.477
611,1,0,accepted,0.120866318754937,0.505731070892487,484340.465681134,4976861.7333311,-1.35436629813253,13.841
612,1,0,accepted,0.119285445251259,0.704004500549246,484340.705961223,4976860.66366024,-1.3543626610617,15.813
613,1,0,accepted,0.101562579695819,0.681919670811769,484340.98432577,4976859.50460662,-1.35877998111701,13.483
614,1,0,accepted,0.105357680698327,0.947555710755787,484341.23520188,4976858.37195617,-1.35867301280906,15.694
615,1,0,accepted,0.111443993397728,1.1032972964279,484341.486888626,4976857.22838028,-1.36143256033685,15.896
616,1,0,accepted,0.199662393171365,-0.1808657743125,484341.729443421,4976855.98499265,-1.39018068349969,13.954
617,1,0,accepted,0.214392586232534,-0.215669151130682,484341.954891089,4976854.85401438,-1.39763101144774,10.184
618,1,0,accepted,0.222154721574721,-0.108542739117211,484342.176982187,4976853.70955418,-1.40291341454579,9.886
619,1,0,accepted,0.187254320069913,0.521906645357392,484342.402400713,4976852.6251497,-1.39999481371413,13.32
620,1,0,accepted,0.152097254210727,0.838808357681546,484342.634017682,4976851.53982647,-1.40256896266228,15.817
621,1,0,accepted,0.114535620201226,0.9787010888115,484342.87038413,4976850.45135117,-1.40907761680087,16.539
622,1,0,accepted,0.102457393451748,1.13762902457473,484343.073273614,4976849.34699104,-1.41623569293157,12.117
623,1,0,accepted,0.145056403693998,0.903938436933273,484343.229198739,4976848.1995029,-1.43184538107368,12.293
624,1,0,accepted,0.164131975450067,0.75692106800707,484343.394409989,4976847.05522836,-1.44603803494454,16.409
625,1,0,accepted,0.159459535700717,0.8601368373879,484343.565992002,4976845.91718303,-1.45640210404433,14.364
626,0,1,acceptedDirectional,0.0759564743664248,0.0611826900632841,484343.831192722,4976844.79025523,-1.48257126265325,13.812
627,0,1,acceptedDirectional,0.102865590455279,-0.403054187451909,484344.062468655,4976843.63916338,-1.50266609180101,18.853
628,0,1,acceptedDirectional,0.0922385406702118,-0.162882597909433,484344.14364676,4976842.51141076,-1.51051259743357,20.218
629,0,1,acceptedDirectional,0.111586490655558,-0.232703335758766,484344.265097417,4976841.36949475,-1.52419655861799,14.908
630,1,0,accepted,0.173621689429841,-0.191803213580092,484344.441578466,4976840.42409903,-1.53519329890478,17.175
631,1,0,accepted,0.148437275205336,0.202511038326529,484344.432855401,4976839.33156859,-1.54081717646391,16.326
632,1,0,accepted,0.140238567317452,0.372505745343496,484344.452680208,4976838.19931309,-1.55045829375531,17.91
633,1,0,accepted,0.15031336608615,0.368613141352083,484344.489528126,4976837.07722825,-1.56150920352546,17.195
634,1,0,accepted,0.136344937179219,0.149804180410099,484344.536151321,4976835.93611544,-1.57665690993483,16.445
635,1,0,accepted,0.127530068612813,0.123466290512763,484344.53787766,4976834.79840593,-1.58732580324662,17.981
636,1,0,accepted,0.133823095525405,0.304952795573345,484344.499922627,4976833.67566491,-1.59364525177424,13.167
637,1,0,accepted,0.114566955837879,0.171134231889453,484344.498022927,4976832.52528979,-1.60444691082414,19.024
638,1,0,accepted,0.0734045597086299,-0.0922767709777767,484344.498361973,4976831.34711811,-1.61626886224568,35.259
639,1,0,accepted,0.0647372032257865,-0.0844819699531039,484344.453253321,4976830.2074719,-1.6222790905773,36.59
640,1,0,accepted,0.0709596324028145,-0.0027141667753935,484344.381585556,4976829.05128231,-1.62617851013707,16.487
641,1,0,accepted,0.0736284179404252,0.00951448106244386,484344.320515289,4976827.90148687,-1.63097348733113,20.165
642,1,0,accepted,0.105222568806902,0.17776450714512,484344.236419264,4976826.75150416,-1.63281246597235,18.486
643,1,0,accepted,0.114979031512106,0.223914928952689,484344.172583873,4976825.59370718,-1.6366128197553,22.257
644,1,0,accepted,0.108013666015536,-0.105175884991921,484344.128318586,4976824.4045831,-1.64621234656304,24.487
645,1,0,accepted,0.101361041910063,-0.0239967009279416,484344.069592905,4976823.25485251,-1.64835586277733,23.971
646,1,0,accepted,0.102450292629396,-0.0341404585091515,484343.999545074,4976822.11166597,-1.65218182805174,23.195
647,1,0,accepted,0.0906137491409064,-0.284444573579002,484343.946776999,4976820.94642931,-1.66002996604294,17.783
648,1,0,accepted,0.102701329151228,-0.16752936844968,484343.860268754,4976819.7865651,-1.66098121332548,20.276
649,1,0,accepted,0.0771255494014343,-0.133593721842508,484343.801331718,4976818.63840925,-1.66272546775705,24.501
650,1,0,accepted,0.0846779674828795,-0.165230831153664,484343.715420497,4976817.45831136,-1.66492744338105,26.638
651,1,0,accepted,0.135102010659276,-0.0656404176457672,484343.58835379,4976816.25843843,-1.66479758865063,21.198
652,1,0,accepted,0.143861015982314,-0.0767249773773857,484343.50161275,4976815.07031471,-1.66556902498404,19.999
653,1,0,accepted,0.151719586975486,-0.0945276565728635,484343.398852468,4976813.88232519,-1.66640287992304,20.072
654,1,0,accepted,0.148723385024852,-0.0402600573912468,484343.299398066,4976812.73283817,-1.66594753853552,24.685
655,1,0,accepted,0.162799838099111,0.00617994313464293,484343.194484653,4976811.54006961,-1.66560086084469,16.247
656,1,0,accepted,0.176742675867012,0.0527492279129142,484343.101187654,4976810.33052657,-1.66524822710451,21.034
657,1,0,accepted,0.146940716643258,-0.0215648739429427,484343.01227169,4976809.18389847,-1.66669678996285,14.98
658,1,0,accepted,0.157441446582487,-0.0310279784990095,484342.919651115,4976807.95625677,-1.66708615539469,19.122
659,1,0,accepted,0.0802936766399337,-0.333022021217603,484342.927544424,4976806.77538814,-1.67259195428681,23.577
660,1,0,accepted,0.11044732525761,-0.302616700411518,484342.818798059,4976805.55171296,-1.6724991119735,20.309
661,1,0,accepted,0.116146434354679,-0.183375376723344,484342.689946826,4976804.36210034,-1.67072216388448,35.5
662,1,0,accepted,0.125135469691071,-0.136371951364977,484342.579339089,4976803.15309009,-1.67042444433726,97.112
663,1,0,accepted,0.133726922310768,-0.0370451318525966,484342.457656717,4976801.95681824,-1.6696106862483,18.478
664,1,0,accepted,0.14071532219101,-0.00720606393227354,484342.332338454,4976800.77492262,-1.66921431891821,13.842
665,1,0,accepted,0.154313597730158,0.0429709300569331,484342.226530058,4976799.54043968,-1.66908982516529,14.483
666,1,0,accepted,0.190400975147859,0.285392225323908,484342.080741352,4976798.33383631,-1.66559760400001,16.931
667,1,0,accepted,0.216239704247269,0.332194834023181,484341.963740729,4976797.09085409,-1.6657744129447,20.96
668,1,0,accepted,0.209236236442742,0.195790115105006,484341.876751661,4976795.85386721,-1.66894678586273,54.468
669,1,0,accepted,0.104064603497611,-0.0354299908288002,484341.883343088,4976794.65456036,-1.67372404261638,44.707
670,1,0,accepted,0.0314191014786774,-0.140896842816238,484341.831377241,4976793.47691259,-1.6759397946417,26.359
671,1,0,accepted,0.0226593536200955,-0.277960824826281,484341.773097039,4976792.26217198,-1.67874154852389,28.899
672,1,0,accepted,0.0165141002406769,-0.219372642531964,484341.658814174,4976791.02855089,-1.67846111872806,21.196
673,1,0,accepted,0.0315057272662633,-0.139034691849204,484341.546240968,4976789.77920437,-1.67778921967803,17.566
674,1,0,accepted,0.0293480690431428,-0.126010500626753,484341.425913058,4976788.55415315,-1.67811658878242,13.186
675,1,0,accepted,0.0639839778317935,-0.0310029065300191,484341.279086683,4976787.30372579,-1.67676413932471,12.965
676,1,0,accepted,0.0765801429926127,0.0026075414058908,484341.156138341,4976786.06717559,-1.67659204183437,12.692
677,1,0,accepted,0.0923255989176631,0.0323696004356865,484341.029374992,4976784.82709758,-1.67668533284774,13.166
678,1,0,accepted,0.0789752772000244,-0.0277486177116048,484340.920525567,4976783.60729185,-1.67846971919101,14.89
679,1,0,accepted,0.0743461465150582,0.0109874070486566,484340.816282764,4976782.34663943,-1.67838350616027,13.983
680,1,0,accepted,0.0495678647873748,0.0539039614544011,484340.725707208,4976781.14199722,-1.6784667602585,16.611
681,1,0,accepted,0.0522199943803427,0.0593747844007253,484340.607140825,4976779.89804901,-1.67858415872338,13.556
682,1,0,accepted,0.0656324227902315,0.119930455751319,484340.571815605,4976778.73653349,-1.67822578491407,18.802
683,1,0,accepted,0.0743110052794748,0.132219056407303,484340.458620938,4976777.49684497,-1.6782390579544,17.801
684,1,0,accepted,0.101690917004939,0.132731623734242,484340.344364915,4976776.27609679,-1.67864678224163,39.583
685,1,0,accepted,0.118910579815119,0.150287515758295,484340.213910183,4976775.05286861,-1.67844384480148,21.87
686,1,0,accepted,0.140337265420269,0.118767288480549,484340.106319716,4976773.8154075,-1.67920450750473,21.526
687,1,0,accepted,0.124575787743971,0.171770283402743,484339.966420883,4976772.5768124,-1.67856617967389,17.442
688,1,0,accepted,0.118759535500191,0.179857311963506,484339.833350853,4976771.31947809,-1.67881194118297,16.222
689,1,0,accepted,0.110560601376494,0.188328470092285,484339.699527704,4976770.06063234,-1.67887174208716,14.343
690,1,0,accepted,0.0890981934343337,0.147018416398212,484339.57494408,4976768.78148407,-1.67981584843692,17.499
691,1,0,accepted,0.0786242041868219,0.183530201261152,484339.436973841,4976767.50875704,-1.6795045544344,15.103
692,1,0,accepted,0.0744767945206145,0.147501997981224,484339.304391978,4976766.23835903,-1.67999488601338,16.032
693,1,0,accepted,0.0627052536332815,0.194401642804107,484339.181390598,4976764.98513853,-1.67939144239739,15.793
694,1,0,accepted,0.0504011652536907,0.198449009545671,484339.05427675,4976763.70530071,-1.67988837260786,13.564
695,1,0,accepted,0.06195623186178,0.381106860699201,484338.917482951,4976762.43895213,-1.67760057986529,13.148
696,1,0,accepted,0.069813180311191,0.41987568185496,484338.795466282,4976761.14885846,-1.67773407871921,15.563
697,1,0,accepted,0.0912666223472518,0.52929162059296,484338.668629902,4976759.86489538,-1.67639514151876,17.069
698,1,0,accepted,0.113026305559732,0.571492930224485,484338.543058557,4976758.59292603,-1.67632619994186,12.91
699,1,0,accepted,0.129079353914025,0.427910722846232,484338.415171751,4976757.31436282,-1.67961148002385,13.03
700,1,0,accepted,0.145837034569801,0.452563280504916,484338.285691034,4976756.06809043,-1.68014209364459,22.981
701,1,0,accepted,0.160623462075862,0.545345194520505,484338.152193853,4976754.81390822,-1.67924098371257,15.182
702,1,0,accepted,0.199603720574841,0.219726387236562,484337.999214024,4976753.54104314,-1.68578094992151,16.478
703,1,0,accepted,0.226757643485524,0.188698827580003,484337.848487232,4976752.28220934,-1.68671606832988,11.588
704,1,0,accepted,0.270661133689397,0.0621744689378319,484337.683606295,4976751.01175045,-1.69015682288208,11.729
705,1,0,accepted,0.166728484935059,0.11828210518483,484337.613333702,4976749.86012814,-1.68943491174639,15.804
706,1,0,accepted,0.106776703549185,0.151864786308555,484337.511639454,4976748.69212568,-1.689343357989,17.077
707,1,0,accepted,0.0658727858968486,0.0984574331991931,484337.410866849,4976747.51619822,-1.69124598056634,11.97
708,1,0,accepted,0.0911240539857844,0.168080631747285,484337.292099585,4976746.34772123,-1.69092523626901,14.761
709,1,0,accepted,0.17982598741125,0.13190690403647,484337.239443219,4976745.21767963,-1.69240500015281,14.716
710,1,0,accepted,0.181954108867101,0.248304574006022,484337.068937515,4976743.98980841,-1.69177234097168,15.69
711,1,0,accepted,0.113062864288929,0.267022371155912,484336.87513655,4976742.67787676,-1.693250044373,17.645
712,1,0,accepted,0.118965650280723,0.338631171773156,484336.696117464,4976741.28171187,-1.69409008954759,24.43
713,1,0,accepted,0.106331052282681,0.440614687996949,484336.562349306,4976740.17779637,-1.69525746718672,22.134
714,1,0,accepted,0.14929534321375,0.453983065646034,484336.389900485,4976738.82803532,-1.69739484154424,16.839
715,1,0,accepted,0.120770290691852,0.160817556499326,484336.281959136,4976737.58468619,-1.70627557001195,21.706
716,1,0,accepted,0.108386699750944,0.0736238517419673,484336.14225526,4976736.36892424,-1.71181971490154,18.799
717,1,0,accepted,0.0748203452978858,0.0584211629706418,484335.991856384,4976735.23657052,-1.71678117156789,20.546
718,1,0,accepted,0.0769805184699402,0.0060801305013472,484335.834324042,4976734.00496203,-1.72317554250968,19.37
719,1,0,accepted,0.112121637724809,0.285750293040936,484335.640819826,4976732.76342443,-1.72402052451919,23.972
720,1,0,accepted,0.134238647048557,0.555329633153129,484335.452414481,4976731.5682414,-1.72569163537776,17.473
721,1,0,accepted,0.133852595128681,0.816513110996311,484335.281792373,4976730.34477849,-1.72712240201145,23.846
722,1,0,accepted,0.143511167202729,0.672155550935434,484335.10981124,4976729.09941017,-1.73550146010871,17.003
723,1,0,accepted,0.140008675300816,0.408602785315025,484334.949933645,4976727.87147766,-1.74612623505745,23.536
724,1,0,accepted,0.134907705099316,0.355468735846944,484334.769883177,4976726.6689829,-1.7533167053973,14.565
725,1,0,accepted,0.150388092556058,0.162038381251711,484334.553316933,4976725.47039973,-1.76336431229873,16.081
726,1,0,accepted,0.147971196673895,0.108016502324082,484334.349092432,4976724.29099298,-1.77105581917394,18.524
727,1,0,accepted,0.152975196180672,0.23075303610446,484334.115567194,4976723.09127815,-1.77501755654936,13.874
728,1,0,accepted,0.151453263262349,0.310272181729134,484333.885148214,4976721.91355005,-1.78000682982124,12.965
729,1,0,accepted,0.148609081709159,0.37955965541324,484333.648524815,4976720.7497963,-1.78521272513373,13.761
730,1,0,accepted,0.0645473784221126,0.329751444713463,484333.451811471,4976719.66068415,-1.79094771249939,13.596
731,1,0,accepted,0.0382175684606924,0.45512349831754,484333.221082402,4976718.52168216,-1.79507454918525,13.162
732,1,0,accepted,0.0258693848244319,0.417412019737054,484332.983445375,4976717.37232035,-1.80072700952339,14.277
733,1,0,accepted,0.105885381292931,0.192684479152131,484332.812415248,4976716.26610524,-1.80940063289417,16.812
734,1,0,accepted,0.104981935580431,0.11667809733814,484332.55941441,4976715.10977951,-1.81523227123185,18.61
735,1,0,accepted,0.102908559542308,0.099034046269848,484332.293116828,4976713.95729746,-1.81933424876959,15.436
736,1,0,accepted,0.095761213014356,-0.00230481692723924,484332.020020098,4976712.78653118,-1.82469564736867,27.354
737,1,0,accepted,0.0836966219688781,-0.00371624610698189,484331.733576256,4976711.64194951,-1.82803605459259,17.527
738,1,0,accepted,0.0750437097064638,0.122141316413791,484331.434080726,4976710.50244139,-1.82916830444078,16.394
739,1,0,accepted,0.0753351759715501,0.111567939679709,484331.156077129,4976709.37112092,-1.83234826356257,19.267
740,1,0,accepted,0.0125974264476831,0.232774970006216,484330.842701805,4976708.17941639,-1.83280557275794,16.336
741,1,0,accepted,0.0251448347194783,0.314455873211136,484330.537848548,4976707.03351434,-1.83336844676465,14.163
742,1,0,accepted,0.0336270870890735,0.199129467879114,484330.245248168,4976705.89604488,-1.83730636414999,14.951
743,1,0,accepted,0.0518650751676211,0.101465269900316,484329.940268949,4976704.75965139,-1.84030293123052,20.647
744,1,0,accepted,0.0656504105050827,-0.0217566178580085,484329.636367421,4976703.6492579,-1.84356968258784,18.347
745,1,0,accepted,0.0813389041951164,-0.0879929019429368,484329.332288796,4976702.53414289,-1.84591873307174,13.724
746,1,0,accepted,0.102009111491088,-0.123395192185634,484329.02125998,4976701.387355,-1.84766113577757,20.888
747,1,0,accepted,0.126980100649534,-0.0406157103206933,484328.720925192,4976700.24110319,-1.84716544806741,16.236
748,1,0,accepted,0.18737056013339,-0.166411162459231,484328.408344782,4976699.05112492,-1.85000848859131,18.448
749,1,0,accepted,0.164908189600795,0.00386371610462946,484328.106051122,4976697.99713567,-1.84801754764066,17.774
750,1,0,accepted,0.110275041362822,0.575885013276758,484327.849474065,4976696.95218979,-1.83821689134935,20.715
751,1,0,accepted,0.112810367603003,0.716737378880031,484327.55191051,4976695.86591319,-1.83631442702601,15.001
752,1,0,accepted,0.123820608687121,0.840677533026784,484327.247608575,4976694.77622845,-1.83494313457696,17.208
753,1,0,accepted,0.104756399647673,0.799687792334882,484326.976786008,4976693.69400527,-1.83569438769772,23.699
754,1,0,accepted,0.102608477582817,0.791220000155533,484326.69134095,4976692.61475555,-1.83679649588814,19.391
755,1,0,accepted,0.0897456397664976,0.736197328470162,484326.413109002,4976691.52221396,-1.83800597923374,19.985
756,1,0,accepted,0.0760531104130865,0.642657478255169,484326.139758277,4976690.44036414,-1.83997920170997,15.336
757,1,0,accepted,0.0875969838793746,0.660047271133195,484325.848178647,4976689.37269716,-1.83981608304915,21.135
758,1,0,accepted,0.10361624303592,0.609436428621698,484325.548061426,4976688.29899198,-1.84123888547982,16.57
759,1,0,accepted,0.107342803601011,0.553452325129418,484325.254391705,4976687.21717809,-1.84171824857663,24.352
760,1,0,accepted,0.134081135791813,0.33147601544648,484324.939114523,4976686.15658655,-1.84413714512085,18.303
761,1,0,accepted,0.119306878578752,0.237882335337095,484324.662752981,4976685.07013109,-1.84439556237866,18.937
762,1,0,accepted,0.133625996517847,0.152832678401047,484324.399296907,4976684.04410764,-1.8428775740404,15.495
763,1,0,accepted,0.14442799001007,0.258212944593075,484324.116504365,4976682.99252868,-1.83747321912827,13.064
764,1,0,accepted,0.156469253253177,0.288324087347404,484323.833975397,4976681.9544645,-1.83260913801214,13.047
765,1,0,accepted,0.170262821192729,0.269766317602289,484323.553762288,4976680.92027249,-1.82843674289802,16.658
766,1,0,accepted,0.181351202045898,0.231146002395353,484323.277742283,4976679.8821725,-1.82458500162469,14.44
767,1,0,accepted,0.19544745923177,0.314290175276689,484323.005635776,4976678.86824267,-1.81822186979911,14.252
768,1,0,accepted,0.21430751504744,0.118996189324265,484322.724385021,4976677.84570188,-1.81605528889466,14.055
769,1,0,accepted,0.232940436945283,0.0129671524661108,484322.446864604,4976676.81307333,-1.81205398864021,13.24
770,1,0,accepted,0.237056357710057,-0.295069418130527,484322.178679381,4976675.7269717,-1.81016732403238,13.602
771,1,0,accepted,0.146122030659808,-0.108239048546678,484322.095510401,4976674.80698065,-1.79940487765128,16.794
772,1,0,accepted,0.148402493987119,0.236218256622996,484321.859836746,4976673.80578853,-1.78528638009687,17.724
773,1,0,accepted,0.119713311349157,0.0108580347346928,484321.656834171,4976672.77466876,-1.7807574723416,18.716
774,1,0,accepted,0.109522817446935,0.373661448597913,484321.475706162,4976671.81535068,-1.76496704005545,24.962
775,1,0,accepted,0.0895551475911672,0.383293218774321,484321.326199221,4976670.92233197,-1.75586438687256,25.095
776,1,0,accepted,0.170608410816802,-0.484110232994981,484321.301292391,4976670.10384928,-1.76062682739437,22.056
777,1,0,accepted,0.083319155404472,0.116997063141759,484321.055259186,4976669.07661083,-1.73887973258529,15.314
778,1,0,accepted,0.0610665996925585,0.31585695196581,484320.868744818,4976668.11711342,-1.72411268555379,13.648
779,1,0,accepted,0.203017921127808,0.999374022622415,484320.624250619,4976667.02941307,-1.70036894981721,23.588
780,0,0,notConverged,0.200981928017613,0.981434126903329,484320.496129244,4976666.12080632,-1.68839462298588,43.964
781,1,0,accepted,0.173595773053729,0.866759207467257,484320.397268825,4976665.23535951,-1.67775986447008,38.928
782,1,0,accepted,0.149662847913381,0.653937812804074,484320.301506929,4976664.35957076,-1.66814026162157,18.247
783,1,0,accepted,0.063717590619249,0.00544093901351328,484320.26126243,4976663.5652431,-1.66552740908343,21.079
784,1,0,accepted,0.079561242055062,0.0111692965546929,484320.166169423,4976662.69414183,-1.65062397526088,26.389
785,1,0,accepted,0.0967907020832328,-0.176011984397454,484320.081392464,4976661.82987841,-1.63869004341046,21.81
786,1,0,accepted,0.0899480286421267,0.180817288440739,484320.041450951,4976660.95737717,-1.61687015620643,18.342
787,1,0,accepted,0.086573488521285,0.305427294788568,484320.016524468,4976660.09603366,-1.59777620152621,19.163
788,1,0,accepted,0.060063567751968,0.751642428952894,484320.015630312,4976659.28211488,-1.57271055151308,20.781
789,1,0,accepted,0.108066224121261,0.92674657327305,484319.996460799,4976658.40610676,-1.55132470495858,15.307
790,1,0,accepted,0.064037245129796,0.623565537372231,484319.98653833,4976657.69522446,-1.53764233077875,21.558
791,1,0,accepted,0.11860164631811,0.61211917596987,484319.946439259,4976656.88851791,-1.51830715444621,23.245
792,1,0,accepted,0.109248068339249,0.355408498822905,484319.994256529,4976656.10394958,-1.50256570225501,19.548
793,1,0,accepted,0.108166951178557,-0.0240026611665917,484320.059736901,4976655.32916102,-1.4880975780941,20.251
794,1,0,accepted,0.100611475360265,-0.123145778574785,484320.124570302,4976654.51924811,-1.46830009823543,16.693
795,1,0,accepted,0.107576859130797,-0.125721103820919,484320.191998665,4976653.70576132,-1.44585691514323,19.84
796,1,0,accepted,0.105700828973966,-0.180322587110016,484320.288846094,4976652.91530241,-1.4240029762552,15.581
797,1,0,accepted,0.100068389646683,-0.121901836482195,484320.401638789,4976652.11697584,-1.39930564138934,17.676
798,1,0,accepted,0.0858742285952629,-0.193948708417922,484320.528817862,4976651.3344267,-1.37682316218245,14.056
799,1,0,accepted,0.0755515461400499,-0.136069183898636,484320.687242727,4976650.53847573,-1.35172660680028,16.461
800,1,0,accepted,0.0865733633757207,-0.173652879005918,484320.851695735,4976649.76148793,-1.32824691222132,13.63
801,1,0,accepted,0.0997230986477831,-0.482648853815065,484321.010991083,4976649.0161831,-1.30998569407776,23.679
802,1,0,accepted,0.125939626380854,-0.360209244061571,484321.204361012,4976648.25433841,-1.28413390883345,17.768
803,1,0,accepted,0.18624254223103,0.112144932043214,484321.44552725,4976647.46233579,-1.25198038924149,18.298
804,1,0,accepted,0.234299029349729,0.508481526803903,484321.683698593,4976646.71087768,-1.2217604713989,19.159
805,1,0,accepted,0.255616754574539,0.417984849682809,484321.931628454,4976645.9843228,-1.19980612262668,13.688
806,1,0,accepted,0.277758339893815,0.60615386831147,484322.204493309,4976645.27479766,-1.17333979884614,19.326
807,1,0,accepted,0.219906275271145,0.653394477370987,484322.434967761,4976644.63690856,-1.1493906084472,17.544
808,1,0,accepted,0.151799081768395,1.536573937749,484322.681570027,4976644.00208475,-1.1109693468292,22.724
809,1,0,accepted,0.178077221309444,1.46618485261254,484323.029319351,4976643.29870673,-1.08987650069262,16.36
810,1,0,accepted,0.173548721892867,1.12387039993019,484323.369899118,4976642.6247266,-1.07295885849947,22.663
811,1,0,accepted,0.21611244616987,0.618309337442595,484323.744948725,4976641.92608408,-1.05921533962366,15.103
812,1,0,accepted,0.205717689883393,0.334929278489944,484324.087279428,4976641.27687891,-1.04185550341261,25.163
813,1,0,accepted,0.163450293182589,0.566234595213745,484324.432609373,4976640.66563801,-1.01543857636703,15.675
814,1,0,accepted,0.129781156096801,0.358003604512457,484324.824404265,4976640.05639731,-0.99664775750472,18.758
815,1,0,accepted,0.0840151688199687,0.617050512973111,484325.220389721,4976639.46885534,-0.969831875030155,22.057
816,1,0,accepted,0.0792087408307951,0.510655557229498,484325.634174563,4976638.84528101,-0.948929946165817,18.025
817,1,0,accepted,0.043679525790874,0.492446161133481,484326.043665602,4976638.28015192,-0.92710095338446,20.431
818,1,0,accepted,0.0520693534747114,0.241347030589404,484326.4827214,4976637.67015754,-0.909070080105512,16.362
819,1,0,accepted,0.0664274718525478,0.215023968453852,484326.958532199,4976637.05251702,-0.88685934379513,18.85
820,1,0,accepted,0.0619084163396721,-0.230529758506476,484327.387044419,4976636.50821105,-0.872161432891226,17.463
821,1,0,accepted,0.0901998639862534,-0.427661615257915,484327.84326029,4976635.96379769,-0.852858540128859,19.122
822,1,0,accepted,0.0661632868189997,0.086000887060026,484328.369246157,4976635.40404757,-0.821206611216015,19.779
823,1,0,accepted,0.0738396313868177,0.0259203462362616,484328.87987501,4976634.82190618,-0.799058789700051,18.629
824,1,0,accepted,0.0723337913400693,0.197187653297849,484329.457714292,4976634.21291826,-0.773294359408753,18.31
825,1,0,accepted,0.117039546422856,-0.111466898315,484329.91676087,4976633.77299285,-0.755516571350799,13.8
826,1,0,accepted,0.144611183258228,-0.378149521696408,484330.449868619,4976633.2358834,-0.737313997905056,21.844
827,1,0,accepted,0.131173229454709,-0.118379460421836,484331.034800284,4976632.6961334,-0.709690266008215,20.482
828,1,0,accepted,0.0290277144712129,0.454019020439572,484331.753848966,4976632.1497864,-0.676614857396708,18.113
829,1,0,coarseRetainedByTrustRadius,0.283858373951441,-0.213730651247396,484332.083170655,4976631.81149193,-0.66563984468875,35.449
830,1,0,coarseRetainedByTrustRadius,0.271799182927369,0.221085515624841,484332.656883221,4976631.20154399,-0.635549185557588,25.807
831,1,0,coarseRetainedByTrustRadius,0.199234689919536,0.358692634851732,484333.343469894,4976630.71083251,-0.610760108131992,27.879
832,1,0,coarseRetainedByTrustRadius,0.204726961419268,0.436346423950957,484333.966515276,4976630.22292739,-0.586620989383716,18.108
833,1,0,accepted,0.0831975864753407,0.409191582129393,484334.738648515,4976629.74463371,-0.564794519957485,24.895
834,1,0,accepted,0.0552627188313685,0.0992723401101054,484335.413595896,4976629.3338031,-0.548227259130175,16.479
835,1,0,accepted,0.131874729808722,-0.348243351612129,484336.010572631,4976628.96006776,-0.534078910869163,36.293
836,1,0,accepted,0.178511858604672,-0.507332583829714,484336.657126917,4976628.55939292,-0.514790483948535,15.704
837,1,0,accepted,0.239895732520738,-0.789522015387645,484337.283134987,4976628.19492384,-0.498216919301795,19.234
838,1,0,accepted,0.302086270729332,-1.07327733264148,484337.941953943,4976627.88104754,-0.481597494759856,23.344
839,1,0,accepted,0.0799749745315629,-0.41810766960264,484338.838153916,4976627.38460032,-0.448745258650852,13.133
840,1,0,accepted,0.0522159476303857,-0.440717679120371,484339.59159784,4976627.00954938,-0.428054499297232,18.295
841,1,0,accepted,0.117905519846991,-0.00586394431393903,484340.434264448,4976626.58097064,-0.39995156426288,17.91
842,1,0,accepted,0.0642876547869075,-0.257251888925427,484341.113396178,4976626.28410135,-0.384763268757391,13.834
843,1,0,accepted,0.0549328238236808,-0.560391615115316,484341.816999872,4976625.99502995,-0.370974675541638,16.425
844,1,0,accepted,0.0697638458247762,-0.434331164832468,484342.603407926,4976625.66237781,-0.350140119590409,23.541
845,1,0,accepted,0.064804605697516,-0.379724137932703,484343.350910011,4976625.37782221,-0.331244620099873,16.861
846,1,0,accepted,0.11883089358338,0.0675806346964486,484344.185061053,4976625.07189379,-0.305839693242704,18.696
847,1,0,accepted,0.159902160022654,0.292581700175679,484345.0052942,4976624.79025061,-0.285056266563543,19.773
848,1,0,accepted,0.156090339998931,0.121547470020446,484345.809692665,4976624.58051305,-0.271798375627263,16.768
849,1,0,accepted,0.117190812396593,-0.17439295928884,484346.592257585,4976624.36581475,-0.261472929195463,18.328
850,1,0,accepted,0.104871325264666,-0.426060050862783,484347.379944612,4976624.16824955,-0.25174522825511,17.39
851,1,0,accepted,0.114371079376882,-0.390010453906199,484348.23447777,4976623.94473885,-0.23721270128823,19.917
852,1,0,accepted,0.14759890799298,-0.343851067655865,484349.113450164,4976623.7472889,-0.223485052370475,13.42
853,1,0,accepted,0.196123698772744,-0.129673327613191,484350.019138273,4976623.5558429,-0.208107102571923,18.202
854,1,0,accepted,0.357729884299163,0.572579758196984,484351.031595574,4976623.25483855,-0.184822404711491,23.045
855,1,0,accepted,0.307612134939678,0.281943652627232,484351.843082524,4976623.10134615,-0.179872170180782,15.792
856,1,0,accepted,0.107517934781368,0.497582040855835,484352.529027521,4976623.01652742,-0.167180840404414,17.388
857,1,0,accepted,0.0868554070444474,0.491159216708501,484353.377816735,4976622.88906705,-0.158978499708411,17.646
858,1,0,accepted,0.0793027914591712,0.715398807846614,484354.275744655,4976622.70069562,-0.147456958883088,19.15
859,1,0,accepted,0.0549777151922553,0.545109895349968,484355.187686758,4976622.61805687,-0.143007656576606,16.079
860,1,0,accepted,0.04803834398109,0.41534636134057,484356.111679385,4976622.50932157,-0.138392183797695,15.449
861,1,0,accepted,0.0760024887001472,0.014548479650469,484357.059589251,4976622.44753527,-0.138170329455017,27.064
862,1,0,accepted,0.0659032342502719,-0.00414941398810574,484357.993144531,4976622.34552553,-0.13147176277562,16.152
863,1,0,accepted,0.0868397420110923,-0.284887669591204,484358.909631447,4976622.28762089,-0.130581977785467,16.112
864,1,0,accepted,0.0440079577366435,-0.0483171011143481,484359.837854066,4976622.15868562,-0.121514488746263,16.463
865,1,0,accepted,0.00790581988214459,0.0516547339115631,484360.776472529,4976622.03452701,-0.1152839888729,22.854
866,1,0,accepted,0.0493680130206284,0.155925503455955,484361.711650096,4976621.90826872,-0.108973435030094,21.235
867,1,0,accepted,0.0558182082240884,-0.0136495762412012,484362.676991576,4976621.82205127,-0.107029278365065,15.859
868,1,0,accepted,0.0771667469632891,-0.0166776584656963,484363.626776236,4976621.72952968,-0.102657131370349,12.232
869,1,0,accepted,0.101676003577913,0.00597427761833726,484364.594286798,4976621.63383537,-0.097755334270913,11.76
870,1,0,accepted,0.111457851594162,-0.0818399277251578,484365.565153166,4976621.55552956,-0.0947768955621098,13.959
871,1,0,accepted,0.100680066460148,-0.128509988754049,484366.556076001,4976621.50314507,-0.0912944273097067,13.952
872,1,0,accepted,0.136151134299238,0.169187051155231,484367.517297587,4976621.42289153,-0.0816916003930819,14.251
873,1,0,accepted,0.178385662367068,0.405272475091619,484368.49838378,4976621.32016643,-0.0730006532158401,13.101
874,1,0,accepted,0.199603723406479,0.460371341079184,484369.49331505,4976621.25192892,-0.067966396837471,14.054
875,1,0,accepted,0.201130471365967,0.227080110927655,484370.515899071,4976621.19137714,-0.0676744394561135,17.979
876,1,0,accepted,0.218588649940997,0.256325404033486,484371.508776713,4976621.12778873,-0.0626968859796261,14.011
877,1,0,accepted,0.246626170347848,0.759502414209892,484372.521062296,4976621.05300911,-0.0496552822541429,19.224
878,1,0,accepted,0.225144720444681,0.431109668710878,484373.537623193,4976621.01907434,-0.0508141541325086,21.348
879,1,0,accepted,0.217702767974957,0.266667700274626,484374.559004719,4976620.97651596,-0.0491622457894484,16.571
880,1,0,accepted,0.215185763327196,0.21475237529709,484375.585467034,4976620.93007998,-0.0455540813196176,11.95
881,1,0,accepted,0.199671440760329,0.166076232624409,484376.60095044,4976620.90950082,-0.0412918686974072,12.03
882,1,0,accepted,0.203507629664857,0.123643064735402,484377.667827185,4976620.85829794,-0.0359813364378164,12.921
883,1,0,accepted,0.209351890197037,0.0944302084216855,484378.724228463,4976620.82042831,-0.0303762467076162,15.674
884,1,0,accepted,0.208603708507007,0.0786012506581968,484379.754335687,4976620.80002017,-0.0243962463091184,22.512
885,1,0,accepted,0.233718957644385,0.0770788222168438,484380.809051404,4976620.76132258,-0.0182360132148946,21.802
886,1,0,accepted,0.225600607095789,0.146541025516974,484381.847782748,4976620.76284798,-0.0107244292198627,15.942
887,1,0,accepted,0.226676787782824,0.249251096830539,484382.886549988,4976620.76096728,-0.00284943130180824,11.735
888,1,0,accepted,0.238585173728401,0.285243626445922,484383.951852008,4976620.75784421,0.00406226991913874,11.265
889,1,0,accepted,0.234582768123088,0.304801812807012,484385.02074172,4976620.78805567,0.00996205599253826,13.104
890,1,0,accepted,0.207787404450202,0.810628559436929,484386.078915841,4976620.84596755,0.0248664743196795,18.454
891,1,0,accepted,0.154742677069829,1.07912985218639,484387.000183446,4976620.89536256,0.0357787250505696,11.922
892,0,1,acceptedDirectional,0.169062666484661,1.04797029313007,484388.060128262,4976620.91079172,0.0411160574653775,11.088
893,0,1,acceptedDirectional,0.108210193927213,0.564588119283882,484389.113152214,4976621.00909263,0.038359648163298,11.599
894,0,1,acceptedDirectional,0.0910662931864608,0.441286861044861,484390.170950901,4976621.06866055,0.0415918237261437,12.005
895,1,0,accepted,0.266728918572992,0.53203387919003,484390.985432998,4976621.17445381,0.0488333472852122,16.615
896,1,0,accepted,0.245067036557209,0.372509955982913,484392.058153339,4976621.28358697,0.0513649383011771,13.13
897,1,0,accepted,0.223891675502499,0.385276383424931,484393.137981808,4976621.35144004,0.0568922904297673,11.186
898,1,0,accepted,0.222988313804943,0.355977643883885,484394.194324449,4976621.39688776,0.0617003459145006,12.879
899,1,0,accepted,0.227527900561968,-0.957739550211119,484395.340216684,4976621.66480011,0.0438609449784962,14.986
900,1,0,accepted,0.213823963413629,-1.09960741487854,484396.422573866,4976621.74911028,0.0470175060455956,12.535
901,1,0,accepted,0.265961202315429,-0.292642083422664,484397.359722446,4976621.7374197,0.06624206131168,12.8
902,1,0,accepted,0.191578087250812,-1.08883614670951,484398.546548012,4976621.9138661,0.0575184050171176,14.296
903,1,0,accepted,0.144804164939365,-1.11148709762374,484399.651585287,4976621.98469159,0.0627071728099684,12.59
904,1,0,accepted,0.11559691561864,-1.07513055866022,484400.738940666,4976622.07124863,0.0679434443536084,13.691
905,1,0,accepted,0.0752677047805294,-0.93363345440647,484401.843504041,4976622.16078475,0.0739254188379213,14.631
906,1,0,accepted,0.0250947694268588,-0.262497362265336,484402.961076381,4976622.2397233,0.0880486970296637,13.808
907,1,0,accepted,0.0503641452020239,-0.0123722539142218,484404.075144425,4976622.36036266,0.0929863537465563,12.612
908,1,0,accepted,0.0464893452201116,0.152812837896407,484405.16436943,4976622.48028083,0.0952602497169013,11.297
909,1,0,accepted,0.0691057727231182,0.228914084948752,484406.25600104,4976622.59320924,0.0954737678549216,16.004
910,1,0,accepted,0.0848461651878832,0.222076958712882,484407.352663553,4976622.70444548,0.0945890347186022,14.601
911,1,0,accepted,0.072805215184683,0.268947613598927,484408.421330494,4976622.83819724,0.0944502214304582,11.031
912,1,0,accepted,0.0950592668332821,0.240244412498243,484409.5370679,4976622.95085535,0.0935182105687921,12.178
913,1,0,accepted,0.0977325534489029,0.207595898410464,484410.6345005,4976623.05218553,0.09278263214292,12.113
914,1,0,accepted,0.0961357586961279,0.298881008517304,484411.725462609,4976623.18627949,0.0947636494822861,10.509
915,1,0,accepted,0.0948268432260079,0.365583631158056,484412.807472238,4976623.30937205,0.096487441139891,16.373
916,1,0,accepted,0.0913851648283516,0.375692253339216,484413.902333384,4976623.43462186,0.097378918571118,12.969
917,1,0,accepted,0.0896031285205622,0.311718951291791,484415.004734365,4976623.53723338,0.0968332546403764,13.179
918,1,0,accepted,0.0890446855843434,0.297159175479752,484416.113210919,4976623.66511987,0.0970019178855952,12.505
919,1,0,accepted,0.101838843609713,0.344745618259027,484417.241455319,4976623.77181849,0.0983866640792384,11.813
920,1,0,accepted,0.0941512589953855,0.369056625133133,484418.341768997,4976623.90533793,0.0994802143282209,16.258
921,1,0,accepted,0.079250617260337,0.324091373868827,484419.448418973,4976624.03825601,0.0993943963851534,16.024
922,1,0,accepted,0.0949021910505395,0.0650359630372958,484420.464804326,4976624.24822626,0.0953492273388015,11.948
923,1,0,accepted,0.0635216032651229,0.128567044993097,484421.581056829,4976624.34830766,0.097130883139463,10.805
924,1,0,accepted,0.0521749254826496,0.102275324003129,484422.698913056,4976624.46860321,0.0971160491606221,10.055
925,1,0,accepted,0.0533087456862497,0.143479570068449,484423.807638083,4976624.60198334,0.0984084523204543,11.825
926,1,0,accepted,0.0608874584995436,0.172248911323069,484424.899653009,4976624.7283825,0.0991333205537482,14.471
927,1,0,accepted,0.0692074431265149,0.172471080021276,484425.997690569,4976624.85475959,0.0998205774635296,17.655
928,1,0,accepted,0.0843632009197485,0.175467401058479,484427.102505735,4976624.98645016,0.100288700458248,12.428
929,1,0,accepted,0.0931842648820601,0.202096383025593,484428.216412852,4976625.10681225,0.101337371935413,12.137
930,1,0,accepted,0.128445389247545,-0.043764641452713,484429.328772683,4976625.28734059,0.0974737004345671,11.985
931,1,0,accepted,0.112023133153645,0.274093405607239,484430.466685637,4976625.35267708,0.103615015275319,11.748
932,1,0,accepted,0.117905490894359,0.408037372161109,484431.610344152,4976625.45370495,0.106502659120462,10.82
933,1,0,accepted,0.0971640605909646,0.389881551395707,484432.780254371,4976625.57608322,0.106730554046505,10.089
934,1,0,accepted,0.0759195374095734,0.301346356058075,484433.960418869,4976625.71771491,0.106098879502193,12.012
935,1,0,accepted,0.0910063037019965,0.379812020546629,484435.110012105,4976625.83580536,0.107848217828208,11.053
936,1,0,accepted,0.0838210314020927,0.229290740892995,484436.277809656,4976625.98354109,0.105710577066148,11.665
937,1,0,accepted,0.0938606632905333,0.238855608330499,484437.43777447,4976626.11878375,0.105877546173488,11.975
938,1,0,accepted,0.0955981320455573,0.239746205575399,484438.607597487,4976626.26244268,0.105756401192271,12.211
939,1,0,accepted,0.12568121636119,0.402299982778141,484439.796777979,4976626.38583529,0.108719516019327,12.281
940,1,0,accepted,0.159007885129142,0.497696673070691,484440.992405574,4976626.52177403,0.110442379329755,16.188
941,1,0,accepted,0.172724841113729,0.497886817941308,484442.17125151,4976626.67105017,0.110446089517558,13.453
942,1,0,accepted,0.188626748986674,0.382105740411977,484443.357326063,4976626.82440743,0.108663405843062,13.752
943,1,0,accepted,0.190165134734732,0.316769323870588,484444.524215269,4976626.97824929,0.10763749016298,10.041
944,1,0,accepted,0.119194671426055,0.352768479411542,484445.618290682,4976627.14150358,0.108092120497371,12.565
945,1,0,accepted,0.0943621374560947,0.334652626683123,484446.755164804,4976627.28958906,0.108184126149398,10.774
946,1,0,accepted,0.100477133982333,0.290333361981462,484447.924596477,4976627.42792935,0.10791283073893,12.545
947,1,0,accepted,0.104853959671117,0.301320609243324,484449.092567615,4976627.56348882,0.108373527375441,16.639
948,1,0,accepted,0.120847789705567,0.284320913969645,484450.265363245,4976627.69394285,0.108297102849032,11.474
949,1,0,accepted,0.144939779487796,0.308221704183458,484451.462432114,4976627.82157456,0.108799420942254,11.815
950,1,0,accepted,0.167566487980414,0.297513390594123,484452.65214623,4976627.94852145,0.109126427298452,12.822
951,1,0,accepted,0.19725252557575,0.217139897309012,484453.8439106,4976628.06347793,0.108233543686457,11.537
952,1,0,accepted,0.194625847095009,0.216270410750799,484455.009803308,4976628.1960142,0.108472695852595,12.633
953,1,0,accepted,0.191533874453386,0.218521543083311,484456.170308704,4976628.33364264,0.108263892801709,13.498
954,1,0,accepted,0.183914578114938,0.189193329222055,484457.329536388,4976628.47758466,0.107375853563856,18.478
955,1,0,accepted,0.141108275933948,0.195040795060807,484458.43988438,4976628.64486121,0.107682452640723,11.442
956,1,0,accepted,0.131885459797986,0.0860545407653929,484459.635252802,4976628.80539698,0.106183836023358,12.568
957,1,0,accepted,0.127620028702285,0.0288585392105359,484460.81852747,4976628.95949995,0.105529219152561,10.983
958,1,0,accepted,0.138887240451217,0.0852228311374607,484461.991899649,4976629.09853704,0.106737016145229,16.144
959,1,0,accepted,0.14605577344694,0.0984732726521602,484463.182461723,4976629.24598409,0.10724915590186,14.359
960,1,0,accepted,0.143440210263222,0.0915074617805509,484464.370706834,4976629.4030181,0.107416734966933,10.974
961,1,0,accepted,0.147086800107006,0.132014766191693,484465.544774161,4976629.55252021,0.108166449582734,11.494
962,1,0,accepted,0.143947477800529,0.0793793150575955,484466.762926534,4976629.71312818,0.108098096625322,9.967
963,1,0,accepted,0.152972312732865,0.0558381367364904,484467.95054484,4976629.85673563,0.108005730000304,9.691
964,1,0,accepted,0.174448502023456,0.0930661563027138,484469.161390896,4976629.99382238,0.108979852638854,12.793
965,1,0,accepted,0.0878137905710433,0.0287918042231071,484470.24096213,4976630.24403882,0.108585459066784,12.252
966,1,0,accepted,0.0936052387106376,-0.0570680443214885,484471.399404847,4976630.43082667,0.107712010756429,12.538
967,1,0,accepted,0.0956846765126478,-0.118372896545216,484472.585393408,4976630.60092091,0.107002825645681,12.135
968,1,0,accepted,0.070491313224608,-0.0600985467024993,484473.785106615,4976630.75221649,0.10830805432322,13.556
969,1,0,accepted,0.0613839668312667,0.0958849144424067,484474.988140903,4976630.90095926,0.111329698578365,17.864
970,1,0,accepted,0.0256987515752076,-0.142532410830923,484476.233331411,4976631.06477867,0.107423064702485,10.498
971,1,0,accepted,0.0705033721981468,0.0462012146109182,484477.466220338,4976631.19438368,0.110597303724802,11.422
972,1,0,accepted,0.0744029642039884,-0.0684959041972025,484478.659284494,4976631.35133207,0.108593108750015,11.912
973,1,0,accepted,0.0575058664351496,-0.0605887602729213,484479.827438422,4976631.51490564,0.108307784426774,12.869
974,1,0,accepted,0.0756328472013479,0.0208556830205812,484481.025057306,4976631.65930267,0.109559728220924,13.172
975,1,0,accepted,0.0745000225205541,0.10646171789626,484482.192817811,4976631.81159202,0.110720983838033,14.998
976,1,0,accepted,0.066587239008928,0.122233022159774,484483.327110066,4976631.98121599,0.110475071795537,10.659
977,1,0,accepted,0.0780941779286079,0.195051947333081,484484.521088452,4976632.12445743,0.110948093998212,12.471
978,1,0,accepted,0.0806574545338039,0.556935073833334,484485.688301411,4976632.29123438,0.116538466578038,11.534
979,1,0,accepted,0.083436951092373,0.539783575893363,484486.897819847,4976632.44089116,0.115406063956981,11.612
980,1,0,accepted,0.0881506932361505,0.50472592569698,484488.099436682,4976632.5980524,0.113684836936704,14.425
981,1,0,accepted,0.0729538526963341,0.239092550397647,484489.300437799,4976632.76706306,0.108006771162217,16.173
982,1,0,accepted,0.077941417915118,0.26183330370321,484490.465129385,4976632.924391,0.109745871588773,16.154
983,1,0,accepted,0.146159352997249,0.699161386112763,484491.554839928,4976633.0992249,0.116855458644327,30.635
984,1,0,accepted,0.125462676353756,0.905069445560656,484492.783594632,4976633.27441245,0.11837077629989,19.612
985,1,0,accepted,0.0738215573234472,0.582275914969242,484494.013817033,4976633.45348234,0.113434307711449,22.314
986,1,0,accepted,0.03489560638592,0.258392215666205,484495.25824886,4976633.64008513,0.107205546662272,14.675
987,1,0,accepted,0.0323433490909353,-0.0888449271717706,484496.437086932,4976633.79037009,0.100317118649989,19.738
988,1,0,accepted,0.0105893406966529,0.102014721163499,484497.632353318,4976633.92542035,0.103039956829691,14.575
989,1,0,accepted,0.0332514686913528,0.534190267564611,484498.84705567,4976634.06450392,0.110767949765638,18.82
990,1,0,accepted,0.0552425726343151,0.736285359193308,484500.045711695,4976634.20173216,0.113609843068334,25.659
991,1,0,accepted,0.070151541378146,0.774315140409541,484501.23743846,4976634.34529678,0.11413194783008,16.768
992,1,0,accepted,0.0839854652102854,0.889638330301289,484502.433605146,4976634.49486835,0.115808768143598,16.551
993,1,0,accepted,0.0755428692097276,0.738623351044401,484503.58294164,4976634.63245009,0.112550045879572,15.417
994,1,0,accepted,0.0859465609285212,0.732870047969477,484504.773142233,4976634.77327406,0.111919836427832,13.361
995,1,0,accepted,0.0681878371614127,0.662188619011294,484505.913396716,4976634.92385409,0.110487786787086,37.33
996,1,0,accepted,0.0558309695895615,0.515333063480979,484507.077800768,4976635.08660624,0.107861073097862,22.629
997,1,0,accepted,0.0572745263741238,0.437906894149466,484508.240097055,4976635.22406088,0.10610215925933,19.528
998,1,0,accepted,0.0565100015567682,0.381718888533201,484509.399805134,4976635.36331103,0.104616399048785,38.453
999,1,0,accepted,0.0311106543008438,0.248485078971422,484510.536533432,4976635.52196416,0.102356447698071,18.461
1000,1,0,accepted,0.0359416119385082,0.270219248451522,484511.657979337,4976635.6727438,0.102088337306522,14.525
1001,1,0,accepted,0.159043792199194,0.0316938877760511,484512.688666531,4976635.904716,0.097747680369604,11.356
1002,1,0,accepted,0.152305141782141,0.116569532570608,484513.835481285,4976636.00936852,0.0991655226327752,12.447
1003,1,0,accepted,0.154881211203192,0.366028424132698,484514.982335899,4976636.11853381,0.103100546704018,13.358
1004,1,0,accepted,0.152596509026391,0.406361244091223,484516.134752717,4976636.24843189,0.104149579400308,11.834
1005,1,0,accepted,0.141018534471264,0.357596907849641,484517.295980942,4976636.39189744,0.103877210819086,10.86
1006,1,0,accepted,0.129880791390856,0.371083789562219,484518.454225371,4976636.53273647,0.104411016283296,11.731
1007,1,0,accepted,0.114330504203616,0.271651626892271,484519.612886017,4976636.67371242,0.103337948016305,10.607
1008,1,0,accepted,0.0959363194475762,0.13348662576765,484520.763595877,4976636.81445295,0.101388300960769,14.309
1009,1,0,accepted,0.0691043867128894,0.167995370546051,484521.929574071,4976636.94285074,0.10230112798937,10.321
1010,1,0,accepted,0.0522981121976154,0.318185812689628,484523.103041439,4976637.06896884,0.105314452866599,9.607
1011,1,0,accepted,0.0708826846052553,0.280183243887797,484524.294417969,4976637.20543923,0.104650090258337,9.719
1012,1,0,accepted,0.0677547621769754,0.227146081754508,484525.423535974,4976637.34750839,0.103274752635289,9.47
1013,1,0,accepted,0.0793050587279631,0.16571741594703,484526.555343821,4976637.47921622,0.103303706514664,9.959
1014,1,0,accepted,0.0896533372725175,0.245755371205873,484527.682221556,4976637.60772003,0.104627500465312,16.547
1015,1,0,accepted,0.0991660869678688,0.313038329268208,484528.802128106,4976637.73330625,0.106087688378187,17.018
1016,1,0,accepted,0.111817588368421,0.288284167280476,484529.939581569,4976637.86899825,0.105989756871987,13.489
1017,1,0,accepted,0.121038931428348,0.344237091879759,484531.064103997,4976637.99855228,0.107195576285046,12.145
1018,1,0,accepted,0.144502457067888,0.236743393505999,484532.214168262,4976638.1277986,0.105353755124368,12.902
1019,1,0,accepted,0.161288726799422,0.164297806613579,484533.356027271,4976638.25329935,0.104906637855599,12.283
1020,1,0,accepted,0.195567121175522,-0.115163982796267,484534.521402214,4976638.37941491,0.101245176624573,17.784
1021,1,0,accepted,0.216578979080679,-0.174293712144064,484535.641217179,4976638.49943123,0.101583657484725,13.977
1022,1,0,accepted,0.24276836617012,-0.231951520813327,484536.774936307,4976638.61503055,0.101766738644934,13.477
1023,1,0,accepted,0.271025693045585,-0.153865480402288,484537.905168778,4976638.72829919,0.103876871401213,13.661
1024,1,0,accepted,0.280823645675786,-0.252507454361861,484539.027948512,4976638.86030712,0.103136158390415,12.71
1025,1,0,accepted,0.260338385906554,-0.330762640780898,484540.134020547,4976639.01653587,0.102740984234497,17.993
1026,1,0,accepted,0.225037062990481,-0.44553539365694,484541.232523431,4976639.19203481,0.101536875244923,14.252
1027,1,0,accepted,0.286438127281882,-2.06936106209819,484542.331933232,4976639.79259169,0.0742975492258862,11.447
1028,1,0,accepted,0.264264705868413,-2.16660387011658,484543.441176846,4976639.92657995,0.0736960990099063,14.062
1029,1,0,accepted,0.20725033402151,-1.89406274666275,484544.533911672,4976640.02981578,0.0785951975934297,13.18
1030,1,0,accepted,0.0493684296311223,-1.08397723181744,484545.602585367,4976640.02395834,0.094623841603821,16.367
1031,1,0,accepted,0.052064183693368,-0.745163694081133,484546.697433275,4976640.1243846,0.10104021389256,11.562
1032,1,0,accepted,0.104237917731493,-0.282332992673381,484547.788709742,4976640.22460564,0.109831094448186,11.317
1033,1,0,accepted,0.179994722103007,0.0683443989203463,484548.926064629,4976640.31583772,0.116703259995065,11.188
1034,1,0,accepted,0.12832705658199,0.0629179985186445,484549.903037912,4976640.57551221,0.117450519705673,14.42
1035,1,0,accepted,0.130978161540385,-0.010327318488745,484550.999949243,4976640.76169084,0.117137497191493,11.842
1036,1,0,accepted,0.139694338438357,0.00456040022372721,484552.140571466,4976640.92587611,0.118872725790676,9.38
1037,1,0,accepted,0.136834697929293,-0.0232407537436383,484553.27691312,4976641.08975448,0.12008643494463,10.768
1038,1,0,accepted,0.129001317301038,-0.109071439572375,484554.401147848,4976641.25472693,0.12023797907807,8.324
1039,1,0,accepted,0.100196831224522,-0.230654057716229,484555.552055545,4976641.40704512,0.11982316593345,8.726
1040,1,0,accepted,0.0496453620414438,-0.386650564250284,484556.692997792,4976641.54311612,0.118531888378514,13.402
1041,1,0,accepted,0.0767968029551245,-0.436886410930765,484557.856807648,4976641.68601267,0.118429246710775,19.682
1042,1,0,accepted,0.127376505406189,-0.442968123768713,484559.037103448,4976641.827932,0.118582341991412,10.909
1043,1,0,accepted,0.186283860933759,-0.555729114216788,484560.218894952,4976641.96078676,0.116360884040551,10.233
1044,1,0,accepted,0.205084079534581,-0.474451278790716,484561.374368007,4976642.11668294,0.117326246005136,13.992
1045,1,0,accepted,0.225235361515625,-0.439468772810051,484562.524414563,4976642.26614663,0.118084967289128,16.826
1046,1,0,accepted,0.251688710332799,-0.456250706018505,484563.677639506,4976642.40644405,0.11796858447586,13.171
1047,1,0,accepted,0.243511045761036,-0.415260253952414,484564.809584182,4976642.56190469,0.119147544464176,9.695
1048,1,0,accepted,0.114134636563094,-0.374817639852846,484565.830995765,4976642.78143327,0.120544805262358,12.709
1049,1,0,accepted,0.0895407101799138,-0.317289281514428,484566.952457532,4976642.94867322,0.122230781801436,12.407
1050,1,0,accepted,0.049393725834218,-0.260245067096017,484568.052450988,4976643.1197615,0.124073627772441,27.085
1051,1,0,accepted,0.0485672086088122,-0.16786892472392,484569.182622275,4976643.28219413,0.125708660251556,15.635
1052,1,0,accepted,0.0412763512908407,-0.277010363505494,484570.329174965,4976643.46591417,0.124153087697839,17.189
1053,1,0,accepted,0.144063414194449,-0.621056021135727,484571.374610475,4976643.76834442,0.118123363591603,16.151
1054,1,0,accepted,0.124386777626128,-0.490647479496734,484572.530809041,4976643.90481903,0.120067364837218,11.597
1055,1,0,accepted,0.117796354102944,-0.281709918105723,484573.681607912,4976644.03388007,0.123661553783326,13.867
1056,1,0,accepted,0.106490146326383,-0.251996911780333,484574.855825657,4976644.19380066,0.124016090378737,12.764
1057,1,0,accepted,0.0791291331133177,-0.55530432594338,484576.066592469,4976644.39886672,0.118241685424112,12.702
1058,1,0,accepted,0.0638855099897497,-0.81015070688106,484577.257837248,4976644.58257454,0.113658115353004,15.237
1059,1,0,accepted,0.112341027786535,-1.02655613005466,484578.439675835,4976644.80791111,0.10982985630643,14.811
1060,1,0,accepted,0.0744970550066271,-0.862976583993239,484579.628633771,4976644.94132225,0.112343871921972,13.265
1061,1,0,accepted,0.081296058202451,-0.998766597946221,484580.814637199,4976645.116522,0.109854900953359,12.038
1062,1,0,accepted,0.0812221390268806,-1.07546887371547,484582.003379083,4976645.28570043,0.10861011587101,15.173
1063,1,0,accepted,0.066483055214512,-1.01403049391938,484583.197047993,4976645.43454153,0.109242814006308,15.217
1064,1,0,accepted,0.0562696235428721,-0.938233565884367,484584.38872408,4976645.5852179,0.1107056440954,20.253
1065,1,0,accepted,0.0606764187339334,-0.884132175559593,484585.595454906,4976645.75660798,0.111392299608441,11.819
1066,1,0,accepted,0.0575191079152055,-0.738089846615047,484586.771530849,4976645.91218249,0.113771389427108,15.036
1067,1,0,accepted,0.066686043413843,-0.651739038510904,484587.974921642,4976646.06731354,0.115168432616912,13.103
1068,1,0,accepted,0.0724932210715897,-0.60260414660205,484589.172217027,4976646.21939037,0.115833119030932,12.864
1069,1,0,accepted,0.0873046071647448,-0.683925902638744,484590.371911006,4976646.36140179,0.114188492995089,20.676
1070,1,0,accepted,0.108438268348988,-0.586077635951656,484591.572549838,4976646.51561288,0.116015809036018,19.252
1071,1,0,accepted,0.127192822391216,-0.495189421385206,484592.782313905,4976646.67258468,0.117877382313795,14.084
1072,1,0,accepted,0.142698862114135,-0.442055840505276,484593.978356439,4976646.82834886,0.119150884594803,16.761
1073,1,0,accepted,0.0659512818002427,-0.317114549276378,484595.121634654,4976647.06172573,0.121749943861633,16.334
1074,1,0,accepted,0.0422503017604418,-0.16489118166032,484596.316407103,4976647.26199643,0.125052778386578,44.762
1075,1,0,accepted,0.0126297280342394,-0.0989873755623719,484597.493317185,4976647.46077085,0.126448052678697,30.163
1076,1,0,accepted,0.0100020653165284,0.00526159254856093,484598.684712437,4976647.64774724,0.128550992945207,22.169
1077,1,0,accepted,0.0424280613504405,0.0345271082884718,484599.86962404,4976647.8582438,0.12967975320144,26.939
1078,1,0,accepted,0.0534722669031093,0.0550429174829606,484601.056071386,4976648.05473147,0.130553511918566,19.849
1079,1,0,accepted,0.0686017881745315,0.00987995040411161,484602.23714749,4976648.25514239,0.130266666033855,16.6
1080,1,0,accepted,0.0573293819042486,0.0376973778386185,484603.447411808,4976648.42667437,0.131093308239316,15.3
1081,1,0,accepted,0.0578850084024474,0.0126251068671117,484604.664951988,4976648.58808808,0.13160771484829,17.268
1082,1,0,accepted,0.0694370144861495,0.0348555199124118,484605.877795735,4976648.75971922,0.13227864834402,22.672
1083,1,0,accepted,0.0936351387711314,0.0547799579291364,484607.111543937,4976648.93245657,0.133120812697212,15.128
1084,1,0,accepted,0.143345227873942,0.288131652718649,484608.316424911,4976649.08307476,0.137440049414238,30.583
1085,1,0,accepted,0.124057169252683,-0.0258109378252456,484609.565280663,4976649.31609917,0.132293399060834,15.335
1086,1,0,accepted,0.14035767852216,0.0564095105806262,484610.762226586,4976649.50177979,0.133676474134173,14.201
1087,1,0,accepted,0.196189441646254,0.0859173444421619,484612.005418695,4976649.66624136,0.134293796191631,17.795
1088,1,0,accepted,0.0910013279391982,0.106361691484104,484613.08570229,4976649.93875963,0.134928911437002,14.544
1089,1,0,accepted,0.0899241027861899,0.123567869984363,484614.291934209,4976650.13572025,0.135364759975015,17.315
1090,1,0,accepted,0.0951659694098517,0.147454121112858,484615.497408509,4976650.32694223,0.135944512032443,14.102
1091,1,0,accepted,0.0989801879974933,0.153612807089011,484616.712789384,4976650.52185572,0.136387791007424,14.689
1092,1,0,accepted,0.119126938179407,0.15383142763938,484617.92104117,4976650.70133354,0.136532102112684,13.767
1093,1,0,accepted,0.135550986485133,0.31806714957234,484619.130675188,4976650.88638869,0.139228843338619,18.509
1094,1,0,accepted,0.161403276223569,0.337495003315864,484620.359836556,4976651.07171024,0.139800044467319,15.06
1095,1,0,accepted,0.281692959524586,0.543539637841395,484621.667896393,4976651.20390974,0.143229082114344,21.937
1096,1,0,accepted,0.288298955109323,0.603863250423475,484622.878518468,4976651.40312105,0.144381862050773,16.679
1097,1,0,accepted,0.211914108589534,0.384428336401271,484624.018410707,4976651.65301852,0.140532275787468,14.033
1098,1,0,accepted,0.221635789082543,0.339065162840922,484625.239348919,4976651.84124234,0.139713722689014,18.079
1099,1,0,accepted,0.224598133195131,0.39293257040508,484626.404862278,4976652.0261309,0.140569248812485,19.827
1100,1,0,accepted,0.223101140931407,0.304615749112952,484627.59903024,4976652.22178585,0.139208740239985,51.932
1101,1,0,accepted,0.0676507110640188,0.188074058250814,484628.625333773,4976652.52468131,0.136960961675848,28.643
1102,1,0,accepted,0.0868481361181577,0.0835086439934927,484629.758201262,4976652.74820079,0.134711874362792,19.264
1103,1,0,accepted,0.173386387691188,-0.259695850714869,484630.875990536,4976653.06013607,0.129114936648351,16.317
1104,1,0,accepted,0.172099005755932,-0.351855476899593,484632.078843819,4976653.26130902,0.127230092523177,17.878
1105,1,0,accepted,0.138870828516984,-0.192432078691262,484633.27888639,4976653.41074989,0.129782241037512,14.043
1106,1,0,accepted,0.11663259689497,-0.233632390677473,484634.491329473,4976653.59330169,0.128659922875331,16.989
1107,1,0,accepted,0.0913768337911342,-0.234967644535844,484635.70101698,4976653.7685392,0.128316837110648,14.235
1108,1,0,accepted,0.0778186888943633,-0.251036642703455,484636.902277848,4976653.93847193,0.127600384587593,21.116
1109,1,0,accepted,0.0667634048852153,-0.192042106728675,484638.116104765,4976654.09308547,0.128301185986001,11.223
1110,1,0,accepted,0.0539220305502326,-0.170905780795739,484639.341234532,4976654.27132287,0.128257187677578,13.419
1111,1,0,accepted,0.0713099621690033,-0.136908569133216,484640.587322708,4976654.44785353,0.128620276428336,13.77
1112,1,0,accepted,0.0997688351331863,-0.170866571541984,484641.803827418,4976654.63263432,0.127513775760177,13.647
1113,1,0,accepted,0.128012180334664,-0.238179524401303,484643.006075717,4976654.806411,0.125821109251894,15.84
1114,1,0,accepted,0.12287880550295,-0.127955131011645,484644.149707352,4976654.97100829,0.127726419160884,18.211
1115,1,0,accepted,0.133615890615598,-0.0381456466399308,484645.329073101,4976655.14682129,0.12851767206573,27.169
1116,1,0,accepted,0.14959973116675,-0.0246794454405903,484646.504166557,4976655.31465647,0.128976455475708,14.08
1117,1,0,accepted,0.205596587872661,-0.301730690665338,484647.714500225,4976655.457318,0.123686448880781,24.493
1118,1,0,accepted,0.167027567194845,0.112334849645919,484648.828289182,4976655.66015539,0.130371041544467,30.015
1119,1,0,accepted,0.175838465348276,0.223266057856665,484649.991643822,4976655.83353621,0.132064204408998,16.954
1120,1,0,accepted,0.192968701527404,0.234258802123881,484651.154009088,4976655.9989082,0.131951015356062,19.393
1121,1,0,accepted,0.205239399903325,0.27263803050308,484652.324619045,4976656.17362592,0.132603058058404,12.661
1122,1,0,accepted,0.206159049321157,0.284729100013765,484653.467682485,4976656.34722079,0.132701919300333,12.065
1123,1,0,accepted,0.208133787175011,0.312165856210948,484654.599450153,4976656.51985763,0.132755594050938,19.918
1124,1,0,accepted,0.117902746115619,0.190004731234599,484655.695527747,4976656.77507943,0.130253512077169,14.921
1125,1,0,accepted,0.131235912006882,0.139685090721937,484656.775518287,4976656.93031641,0.129102750185257,11.84
1126,1,0,accepted,0.149650805019102,0.14233148560911,484657.91550985,4976657.08675294,0.128838332412265,17.396
1127,1,0,accepted,0.169904261221412,0.177145965441303,484659.046791262,4976657.24096629,0.129218349779615,14.348
1128,1,0,accepted,0.183430709694996,0.163133377585502,484660.187437382,4976657.40151217,0.128848610307188,12.105
1129,1,0,accepted,0.192885641822509,0.126488590328249,484661.32557396,4976657.56707483,0.127818440989076,14.048
1130,1,0,accepted,0.158319334708275,0.09447281560236,484662.408615508,4976657.77184085,0.12694480650141,13.207
1131,1,0,accepted,0.17151934385767,0.156734670729697,484663.535391642,4976657.9300588,0.127874774168085,17.032
1132,1,0,accepted,0.17934696924915,0.223429117632406,484664.637346007,4976658.09251014,0.12881183720088,17.328
1133,1,0,accepted,0.177364794568175,0.226740139711891,484665.73979261,4976658.26498951,0.128880574107984,14.625
1134,1,0,accepted,0.169008080444303,0.246285753916399,484666.867332096,4976658.4435109,0.129698276599239,12.401
1135,1,0,accepted,0.164972005963742,0.256837471977435,484667.962220646,4976658.61645579,0.130015669995335,12.507
1136,1,0,accepted,0.146096888441293,0.126759789422085,484669.080246036,4976658.80776563,0.128058612531714,16.975
1137,1,0,accepted,0.136881943698709,0.0729327777467569,484670.176076413,4976658.98702982,0.127356757330762,17.377
1138,1,0,accepted,0.114383736236969,-0.0742654915946231,484671.275819762,4976659.18510586,0.124933621060961,17.652
1139,1,0,accepted,0.0868669138397502,-0.0898344946578688,484672.312462653,4976659.36877607,0.124932895560667,16.17
1140,1,0,accepted,0.0941797474941762,-0.04338493507562,484673.391086435,4976659.52966004,0.125830058832257,12.844
1141,1,0,accepted,0.100012246564968,-0.0235491581700312,484674.498763373,4976659.69673513,0.126368675898384,17.843
1142,1,0,accepted,0.140793581476204,-0.0453903983958976,484675.626396476,4976659.84103227,0.126010973321908,14.191
1143,1,0,accepted,0.150626372243587,0.0350116918823602,484676.689286241,4976659.99733801,0.127404581355156,20.425
1144,1,0,accepted,0.167877912542944,0.0702367631844899,484677.751448154,4976660.14476505,0.127894107587165,20.246
1145,1,0,accepted,0.145730718169006,0.0224508601633008,484678.819399292,4976660.33933249,0.127365292850871,13.577
1146,1,0,accepted,0.152595526403687,0.0984502896894721,484679.875617293,4976660.49696634,0.128778901004898,22.649
1147,1,0,accepted,0.15644448980507,0.129779994157901,484680.882661244,4976660.64201096,0.129374234742564,21.093
1148,1,0,accepted,0.136150189286756,0.0162222073020415,484681.934242165,4976660.82722245,0.12745231298151,25.718
1149,1,0,accepted,0.220652595560115,0.146374282802886,484683.099284552,4976660.95416398,0.129868342075472,14.212
1150,0,1,acceptedDirectional,0.138112634381274,-0.16327758671868,484684.143568402,4976661.24215938,0.124532766716218,15.289
1151,1,0,accepted,0.12180367693986,0.112156629021474,484684.922878557,4976661.46389008,0.129284958262805,13.285
1152,1,0,accepted,0.132116473726559,0.170580985190633,484685.950583618,4976661.63808911,0.130146557039988,10.424
1153,1,0,accepted,0.124904065660228,0.161889361044827,484686.991977681,4976661.8028132,0.12994497199409,16.339
1154,1,0,accepted,0.125785516616395,0.140653549506036,484688.026885834,4976661.97532518,0.128913827353073,25.221
1155,1,0,accepted,0.118235551587995,0.113957135051945,484689.059244727,4976662.1196366,0.128574152734073,14.682
1156,1,0,accepted,0.117586530512612,0.103145810116686,484690.084998071,4976662.27023403,0.128044623286604,10.79
1157,1,0,accepted,0.0941681794157736,0.0649263562933806,484691.108147532,4976662.42467108,0.127267569832411,16.278
1158,1,0,accepted,0.0889833703665522,0.0387768204218666,484692.131206502,4976662.56466075,0.126570439335023,14.255
1159,1,0,accepted,0.0763795348441555,0.0351018283567568,484693.157655856,4976662.71427746,0.126157842667742,14.716
1160,1,0,accepted,0.0684048632799898,0.0616033765719482,484694.182398357,4976662.84990224,0.126164600998709,14.8
1161,1,0,accepted,0.0697355032470711,0.0881681698355666,484695.204899756,4976662.98565447,0.125909727545896,10.153
1162,1,0,accepted,0.0869689968274797,0.113003629856727,484696.211172757,4976663.12160549,0.125646158318928,9.417
1163,1,0,accepted,0.0965434440646918,0.146626385744686,484697.234379495,4976663.2566961,0.125457624398774,9.331
1164,1,0,accepted,0.115824669224086,0.179250997558854,484698.227982489,4976663.38713609,0.125067646644344,14.718
1165,1,0,accepted,0.141826011914168,0.231966457896162,484699.239877655,4976663.51201157,0.124983283910264,10.669
1166,1,0,accepted,0.166867801862326,0.256335813449949,484700.260916632,4976663.642308,0.124370102792239,10.69
1167,1,0,accepted,0.191500128986712,0.308972878326342,484701.266453375,4976663.77164966,0.124306786266156,17.862
1168,1,0,accepted,0.188194549335855,0.311115063424465,484702.230350757,4976663.91441318,0.12334734808365,12.094
1169,1,0,accepted,0.201871552394043,0.298699318570924,484703.214241094,4976664.0457868,0.122194489658115,12.618
1170,1,0,accepted,0.212624138874852,0.338436861584947,484704.193997404,4976664.17791717,0.121723694285563,16.227
