frame,accepted,directional,reason,errorM,yawErrorDeg,x,y,psi,matchingMs
1,0,0,insufficientComponents,0.640312423976002,2,484201.572914107,4977500.52147539,-2.10588080737395,11.081
2,1,0,accepted,0.0201331679212826,-0.631688864074796,484201.089360218,4977500.90981011,-2.1518148366596,25.031
3,1,0,accepted,0.02094394782153,-0.442642192669847,484201.08784188,4977500.90691988,-2.14849571324247,22.946
4,1,0,accepted,0.0181484182529255,-0.496304716674677,484201.086030731,4977500.90916767,-2.14943688775903,22.628
5,1,0,accepted,0.153140583281585,0.401634896759248,484200.98312533,4977500.79826472,-2.13376829932491,23.162
6,1,0,accepted,0.154145638702843,0.42569239607123,484200.979035466,4977500.80038216,-2.1333332249495,13.605
7,1,0,accepted,0.152863834192068,0.408748151759974,484200.977349438,4977500.8033326,-2.13362243817795,20.886
8,1,0,accepted,0.151838082539212,0.428891056692029,484200.978042637,4977500.80227363,-2.13327470526381,19.354
9,1,0,accepted,0.152648226259213,0.410702751598838,484200.974860885,4977500.79930324,-2.13357419852428,17.84
10,1,0,accepted,0.145803441511831,0.400881157516129,484200.975759699,4977500.79883191,-2.13375550348884,14.992
11,1,0,accepted,0.137273951722944,0.422997903794248,484200.973132251,4977500.79735752,-2.13337942381427,18.236
12,1,0,accepted,0.130007219770658,0.560126066158189,484200.961491906,4977500.79769401,-2.13095340492231,17.503
13,1,0,accepted,0.11687519415748,0.586330866050594,484200.956853875,4977500.7933469,-2.13053803866033,17.801
14,1,0,accepted,0.107157459372382,0.664004577725,484200.943219056,4977500.78751101,-2.12911095253698,13.803
15,1,0,accepted,0.0977259516215344,0.643166853218256,484200.933305884,4977500.76936242,-2.1294146372404,17.336
16,1,0,accepted,0.0929860206717519,0.612874668908489,484200.918042301,4977500.74154885,-2.12983058571704,14.886
17,1,0,accepted,0.0891885026134393,0.562198740513132,484200.897703009,4977500.71107365,-2.1305426781471,25.933
18,1,0,accepted,0.0928418341700525,0.583529287380188,484200.871998818,4977500.66547606,-2.1299926657978,27.369
19,1,0,accepted,0.0962957391547723,0.583838883971563,484200.840116023,4977500.61894822,-2.12970887010553,27.724
20,1,0,accepted,0.0996519879063685,0.629330422825187,484200.806727322,4977500.56522529,-2.12845646301044,50.602
21,1,0,accepted,0.100772876697739,0.40126007366696,484200.77247558,4977500.50648836,-2.13179902148433,24.513
22,1,0,accepted,0.0658574215720698,0.00326939120356935,484200.858641689,4977500.55485469,-2.13804191142637,33.694
23,1,0,accepted,0.103263809084178,0.856322549174707,484200.710085348,4977500.35474638,-2.12224611927612,21.926
24,0,0,inconsistentClasses,0.0954554720586218,0.847413062892311,484200.668183888,4977500.28452387,-2.12112639833415,41.643
25,0,0,inconsistentClasses,0.0882901539274232,0.838611997790488,484200.621474915,4977500.2067872,-2.11989062610229,31.251
26,0,0,inconsistentClasses,0.0830112406561063,0.806980563666316,484200.567807415,4977500.11811444,-2.11831863173488,35.796
27,0,0,inconsistentClasses,0.0782128806671964,0.814640596283778,484200.507817985,4977500.02091363,-2.11661370287259,21.105
28,0,0,inconsistentClasses,0.0722506442844608,0.821318882656335,484200.446047238,4977499.91333167,-2.11619041244223,31.067
29,0,0,inconsistentClasses,0.0657040701427604,0.779023530628738,484200.383578865,4977499.80048298,-2.11477990770538,30.433
30,1,0,accepted,0.0956029077552349,-1.37136433481566,484200.332001523,4977499.84069484,-2.14969330594408,32.154
31,1,0,accepted,0.0846928326328448,-1.37819250278897,484200.260841365,4977499.70331635,-2.14902974776141,27.59
32,0,0,inconsistentClasses,0.0871057940517969,-1.37796533427852,484200.185508494,4977499.57697785,-2.14800432603389,31.65
33,0,0,inconsistentClasses,0.0904925658691611,-1.36913325781881,484200.103607849,4977499.44603081,-2.14606123288225,24.919
34,1,0,accepted,0.076487192122486,1.18421388202793,484199.996289507,4977499.14122396,-2.09948762063711,17.219
35,1,0,accepted,0.0791969216893104,1.46193254089308,484199.945067228,4977499.00061339,-2.09277724011959,17.155
36,1,0,accepted,0.0781721292716908,1.03978847550179,484199.803041813,4977498.84707905,-2.09883832041028,20.013
37,1,0,accepted,0.0789170644304637,1.23995235534789,484199.718973748,4977498.68838174,-2.0942602842999,32.314
38,1,0,accepted,0.0796693147853254,1.20979266933167,484199.628944828,4977498.53152705,-2.09333975174779,37.017
39,1,0,accepted,0.0729822085516275,1.14945865603538,484199.524446831,4977498.37754294,-2.09305535339748,32.584
40,1,0,accepted,0.0802136978143506,0.126444193394851,484199.512848743,4977498.32134826,-2.1100669757532,13.673
41,1,0,accepted,0.0810778168198174,0.161521727419597,484199.413431062,4977498.15135974,-2.10909858579047,15.407
42,1,0,accepted,0.0815243811568841,0.130064584713265,484199.307767785,4977497.99093877,-2.10976612267326,13.566
43,1,0,accepted,0.0764816083959448,0.132565511928476,484199.200503066,4977497.82007187,-2.10969470495114,14.025
44,1,0,accepted,0.0745744847935284,0.151059672685768,484199.097184965,4977497.64996392,-2.10957277477499,12.35
45,1,0,accepted,0.0686981646391153,0.159664754390762,484198.992648502,4977497.47976909,-2.10961783809324,11.575
46,1,0,accepted,0.0629862857728619,0.25200977781082,484198.898035478,4977497.28658887,-2.10792012618831,12.488
47,0,0,inconsistentClasses,0.0631940768810963,0.262330271191736,484198.79897532,4977497.12424434,-2.10872363194713,13.627
48,1,0,accepted,0.0582296442478832,0.22986847464346,484198.695589214,4977496.96426813,-2.11016667584168,13.11
49,1,0,accepted,0.0519861964712767,0.235555699675331,484198.597580864,4977496.79784806,-2.11082150493284,13.793
50,1,0,accepted,0.0487723185693012,0.269515839478096,484198.509449359,4977496.62896079,-2.11087432924538,12.243
51,1,0,accepted,0.044749381326517,0.294968097176716,484198.421694748,4977496.46843457,-2.1110912058615,13.734
52,1,0,accepted,0.0416221565796889,0.280863125276462,484198.330753144,4977496.31371659,-2.1113720627413,17.072
53,1,0,accepted,0.0455830784098935,0.287490107735291,484198.245805919,4977496.16590508,-2.11157141702649,14.362
54,1,0,accepted,0.043333253542884,0.293688831127191,484198.15625212,4977496.01338302,-2.11220991348118,17.166
55,1,0,accepted,0.0398567608944662,0.278364745147885,484198.06265661,4977495.86156545,-2.11280621596822,23.313
56,1,0,accepted,0.0398262108990547,0.30945700593771,484197.972701288,4977495.70331489,-2.11239801350069,14.185
57,1,0,accepted,0.0411374310277349,0.278750871660553,484197.87377803,4977495.55896587,-2.11345202731843,13.755
58,1,0,accepted,0.0446948787204686,0.307803496335681,484197.78348729,4977495.39770397,-2.11333277218798,12.576
59,1,0,accepted,0.0469663747194135,0.295280381550224,484197.682917844,4977495.23823719,-2.11340590634469,14.245
60,1,0,accepted,0.0585353787082746,0.313804295680835,484197.591449224,4977495.07796747,-2.11267725625947,13.769
61,1,0,accepted,0.0817331304842638,0.185566299269369,484197.477141329,4977494.93884508,-2.11378471866118,19.396
62,1,0,accepted,0.0883159730644806,0.193956618088369,484197.369748802,4977494.77310207,-2.11215532183588,12.869
63,1,0,accepted,0.0730477172663844,0.214256022714169,484197.25696187,4977494.58425449,-2.10928405705809,13.622
64,1,0,accepted,0.0636649427126177,0.251533599959546,484197.151955919,4977494.39884885,-2.10726046335739,12.212
65,1,0,accepted,0.0634765705969485,0.250457946681755,484197.042535079,4977494.21734702,-2.10656962665267,15.441
66,1,0,accepted,0.0560208010904901,0.199720929687024,484196.941453304,4977494.02795529,-2.10557771159158,12.469
67,1,0,accepted,0.0111155944896021,0.270361957909165,484196.827249693,4977493.79629073,-2.10105481793619,15.167
68,1,0,accepted,0.0079054763271161,0.260001772403926,484196.722300229,4977493.5994716,-2.09690630774861,12.442
69,1,0,accepted,0.00965701582359166,0.252690351604656,484196.611431681,4977493.39914044,-2.09140362721758,11.827
70,1,0,accepted,0.0193739084181312,0.201285078442356,484196.496295737,4977493.19629409,-2.08508499246673,10.067
71,1,0,accepted,0.00431368381053698,0.306333368781204,484196.359761834,4977492.96008008,-2.07477977129196,18.782
72,1,0,accepted,0.016200019800171,0.117046203505187,484196.228298286,4977492.7431743,-2.06820448585725,14.318
73,1,0,accepted,0.0193753213040184,0.0672731404899617,484196.090189903,4977492.49716926,-2.05759756077001,17.846
74,1,0,accepted,0.0273296273018542,0.023716012982602,484195.947051539,4977492.24072657,-2.04490038287543,18.151
75,1,0,accepted,0.0271939395131439,0.0765325839357404,484195.803993148,4977491.96029952,-2.02832352531869,15.076
76,1,0,accepted,0.0274822065813571,0.0966512470623664,484195.655244433,4977491.6666772,-2.01137263249581,13.671
77,1,0,accepted,0.0324768676262018,0.0989912809028608,484195.5022444,4977491.36061626,-1.99515450326943,12.493
78,1,0,accepted,0.0418995434834488,0.0205264280556564,484195.342855714,4977491.03886602,-1.97706026045564,13.76
79,1,0,accepted,0.0424528982920256,0.0446165163919502,484195.186558194,4977490.68977246,-1.95660114334874,13.608
80,1,0,accepted,0.0425900764809894,-0.0166063133077023,484195.039460843,4977490.33049442,-1.93520652072167,14.457
81,1,0,accepted,0.045241080878784,-0.0735524466570187,484194.888569955,4977489.95806763,-1.91178157032755,16.834
82,1,0,accepted,0.0457666703864213,-0.039392190287712,484194.741757803,4977489.56907439,-1.88567138912884,14.277
83,1,0,accepted,0.0329076275764678,-0.19134603768038,484194.612946587,4977489.1538011,-1.86126676871082,20.538
84,1,0,accepted,0.047155173213436,-0.185191782210637,484194.476916049,4977488.75616536,-1.83453832169262,13.397
85,1,0,accepted,0.0584860558120213,-0.226262342192432,484194.346499795,4977488.33465318,-1.80824277680528,17.158
86,1,0,accepted,0.065385216464846,-0.162785089790491,484194.228818719,4977487.89637539,-1.78120271588788,12.972
87,1,0,accepted,0.0853433919504619,-0.186040267606277,484194.118166346,4977487.459976,-1.75417233864675,12.795
88,1,0,accepted,0.0915766911605955,-0.0855131669190722,484194.036977669,4977487.00738303,-1.72547732069221,14.917
89,1,0,accepted,0.103279970805538,-0.0738167436155121,484193.957075736,4977486.55113444,-1.69744139224793,15.404
90,1,0,accepted,0.104032258669748,-0.0540466528177823,484193.892032867,4977486.07428141,-1.66882372032152,16.047
91,1,0,accepted,0.0969396941630068,-0.0634619235238512,484193.835539915,4977485.58003946,-1.63912005780842,14.171
92,1,0,accepted,0.0853192244872746,-0.112940969600748,484193.785875477,4977485.07205597,-1.61004649321362,20.03
93,1,0,accepted,0.0824902868776178,-0.129593349647293,484193.761231264,4977484.56375605,-1.58058581909193,23.162
94,1,0,accepted,0.0920685861354276,-0.173682230634393,484193.742304264,4977484.05813837,-1.55150058913741,21.088
95,1,0,accepted,0.103336838550867,-0.308310218015945,484193.738715524,4977483.54386152,-1.52322039260864,17.791
96,1,0,accepted,0.0830520399235836,-0.249729556412413,484193.74398424,4977482.98628795,-1.49082393976232,16.05
97,1,0,accepted,0.105572433867209,-0.318558657732821,484193.774023779,4977482.4772317,-1.46093581637442,21.106
98,1,0,accepted,0.106723086926657,-0.519313373963703,484193.836804218,4977481.94192154,-1.4329302219066,19.737
99,1,0,accepted,0.084203367238605,-0.327982915799147,484193.893369415,4977481.36660025,-1.39931624431741,19.42
100,1,0,accepted,0.0881318400580152,-0.440471996255807,484193.992102718,4977480.82461267,-1.37065783513201,17.817
101,1,0,accepted,0.0883690121657608,-0.374405896024405,484194.088484274,4977480.255157,-1.34060059372291,19.191
102,1,0,accepted,0.0903426932919894,-0.420128230959206,484194.209863442,4977479.69484358,-1.31434642357925,18
103,1,0,accepted,0.0736670331348466,-0.417860637552781,484194.376873699,4977479.11908406,-1.28841478225178,17.387
104,1,0,accepted,0.0836757045239494,-0.569027072901123,484194.548255949,4977478.56178679,-1.26599498944493,17.299
105,1,0,accepted,0.0713595869910618,-0.37445118263196,484194.709810714,4977477.96109774,-1.23886829912881,22.475
106,1,0,accepted,0.0701331617220494,-0.276551268159228,484194.908852846,4977477.37587053,-1.21615086806919,16.531
107,1,0,accepted,0.0715809048986104,-0.103634504684144,484195.116423882,4977476.77561906,-1.1947818095919,15.946
108,1,0,accepted,0.0608089252469342,0.0402114502586633,484195.359338279,4977476.17646992,-1.17608380158825,15.99
109,1,0,accepted,0.073018844442209,0.0621008753245679,484195.602390253,4977475.57143157,-1.16143613008893,14.671
110,1,0,accepted,0.0569222881965585,0.20135700994133,484195.872752901,4977474.9718959,-1.14738786588675,21.502
111,1,0,accepted,0.0610927255910177,0.300506390933818,484196.142090914,4977474.35210758,-1.1352879263876,15.558
112,1,0,accepted,0.0631798922129045,0.36729044480949,484196.429003938,4977473.73194125,-1.12536933464221,18.825
113,1,0,accepted,0.0360961727640802,0.209729160580427,484196.757953766,4977473.12486084,-1.12069904822671,27.016
114,1,0,accepted,0.0304395085335715,0.281000946102406,484197.081439233,4977472.50491455,-1.11346649838068,29.394
115,1,0,accepted,0.0268287325723952,0.440822124004284,484197.400406967,4977471.86218625,-1.10573623420038,22.522
116,1,0,accepted,0.0504484457467893,0.214328400949795,484197.725235625,4977471.24188895,-1.10600174739277,21.62
117,1,0,accepted,0.0456597777365203,0.162710448640538,484198.055258768,4977470.58305081,-1.10391430611222,22.882
118,1,0,accepted,0.0318284226625788,0.21689089408437,484198.415353376,4977469.91125543,-1.10156442931497,19.814
119,1,0,accepted,0.0366805563508602,0.177165839916898,484198.764493657,4977469.23625467,-1.10233695394976,22.999
120,1,0,accepted,0.0550675162562306,0.135272667809704,484199.127015045,4977468.58034675,-1.10427749809226,19.072
121,1,0,accepted,0.0104965385613989,0.308346329586371,484199.513940973,4977467.84342235,-1.10349908962044,17.915
122,1,0,accepted,0.038309267420988,0.214397550603015,484199.919498781,4977467.1272472,-1.10644955492137,25.036
123,1,0,accepted,0.0384155954103741,0.196043418627867,484200.284374013,4977466.41056787,-1.10884817733649,21.787
124,1,0,accepted,0.0389617123341927,0.163547234053923,484200.652264055,4977465.67469503,-1.11174633916286,19.898
125,1,0,accepted,0.0450730163762107,0.0834230592625052,484201.029968301,4977464.93119658,-1.11657590978293,21.956
126,1,0,accepted,0.0489782990952919,0.0138908157003577,484201.406489127,4977464.1780044,-1.12194995410299,22.154
127,1,0,accepted,0.0515893267998407,-0.000978250152826102,484201.784661958,4977463.4181696,-1.12729634019948,19.998
128,1,0,accepted,0.060120613684418,0.164545646116132,484202.170527555,4977462.64110015,-1.13025010805256,25.168
129,1,0,accepted,0.0716477712610554,0.144377216038575,484202.5599415,4977461.84378366,-1.13611918016759,15.982
130,1,0,accepted,0.0742805570353183,0.085509145869115,484202.933144498,4977461.06215475,-1.14376979801269,19.899
131,1,0,accepted,0.0780774372283723,0.0176303021759932,484203.301642499,4977460.26122156,-1.15077552042375,19.346
132,1,0,accepted,0.0922818865975423,0.154378635858501,484203.67791641,4977459.43368194,-1.15549651772243,17.933
133,1,0,accepted,0.0982813442248391,0.191050054616783,484204.052070137,4977458.61193152,-1.161640333588,20.55
134,1,0,accepted,0.113907240526182,0.19499747636721,484204.4306702,4977457.76168436,-1.16842466046141,24.765
135,1,0,accepted,0.12371565223648,0.0517951055480128,484204.795912921,4977456.91719079,-1.17776878904155,31.773
136,1,0,accepted,0.147754807711872,0.212453715261016,484205.159888291,4977456.04457518,-1.18189327183003,17.973
137,1,0,accepted,0.161089354964524,0.368918949528353,484205.528223588,4977455.16560635,-1.18608612806171,22.871
138,1,0,accepted,0.156331284688626,0.259857449240656,484205.900633563,4977454.30064294,-1.19494319624138,21.357
139,1,0,accepted,0.137991370388631,0.296223006846343,484206.286535726,4977453.42722912,-1.2010061178201,24.055
140,1,0,accepted,0.0528401438899807,0.34271884003416,484206.715300651,4977452.59491406,-1.20729439501127,21.142
141,1,0,accepted,0.0329031246689011,0.377722839339604,484207.098979058,4977451.70698043,-1.2135283946631,23.73
142,1,0,accepted,0.0218781885123688,0.150240467455521,484207.474910264,4977450.80215215,-1.22416798403372,20.011
143,1,0,accepted,0.034183413222865,0.336682471145083,484207.825986903,4977449.88087943,-1.22797681091462,23.197
144,1,0,accepted,0.0291428222534695,0.238641430237403,484208.189563568,4977448.93373009,-1.23633892285787,23.7
145,1,0,accepted,0.0357899923013138,0.300536084593303,484208.543974778,4977447.97794367,-1.2428914926305,23.328
146,1,0,accepted,0.0292020244200346,0.299003321562878,484208.902242275,4977447.02634642,-1.24881911259573,19.302
147,1,0,accepted,0.0752573192481312,0.305583337409089,484209.227274218,4977446.02356512,-1.25640609781317,19.266
148,1,0,accepted,0.0955229122769849,0.338003902228146,484209.564872958,4977445.0401043,-1.26218039613546,25.095
149,1,0,accepted,0.1124906867417,0.332885220797783,484209.900153347,4977444.04983374,-1.26913182255181,20.424
150,1,0,accepted,0.132207463106364,0.386100826778141,484210.22166021,4977443.06939037,-1.27461452493227,18.005
151,1,0,accepted,0.172977397772178,0.454377082855118,484210.537143761,4977442.05229161,-1.28059529360005,27.522
152,1,0,accepted,0.178038117150044,0.394126414564278,484210.856367381,4977441.05259984,-1.28863934994833,25.443
153,1,0,accepted,0.15842527587847,0.270229859542153,484211.174924788,4977440.08778765,-1.29744168470904,21.682
154,1,0,accepted,0.213439491050595,0.431614563984894,484211.450906579,4977439.05037812,-1.30084700903333,19.676
155,1,0,accepted,0.228865635511508,0.459816424602581,484211.756950699,4977438.03832334,-1.30754654700613,19.255
156,1,0,accepted,0.18408632836591,0.27875442970555,484212.044484492,4977437.11079195,-1.31737877669738,16.099
157,1,0,accepted,0.220699165951766,0.177114084120648,484212.30152149,4977436.10422888,-1.32614043541132,23.683
158,1,0,accepted,0.238814562224534,0.138499719047485,484212.569480214,4977435.09980893,-1.33377436209864,25.036
159,1,0,accepted,0.262622797016947,0.135378659132946,484212.831616364,4977434.07075955,-1.34025131139513,23.663
160,1,0,accepted,0.24603530964695,0.485286014200802,484213.110926883,4977433.10376589,-1.34050385676089,21.379
161,1,0,coarseRetainedByTrustRadius,0.160821933710751,0.291764560281383,484213.522308182,4977432.01055984,-1.35073337297493,22.214
162,1,0,accepted,0.163467850590891,-0.565768669281614,484213.90354958,4977430.94811949,-1.37233400076551,17.805
163,1,0,accepted,0.122988962283327,-0.0367333291868299,484214.152796454,4977429.95426143,-1.36949389467582,17.107
164,1,0,accepted,0.108462275450071,-0.0570867158959653,484214.365975043,4977428.96395792,-1.37627993223032,17.545
165,1,0,accepted,0.117859085717288,-0.0221883021305952,484214.579099309,4977427.94678432,-1.38173427706788,21.28
166,1,0,accepted,0.131913383528484,-0.0335590970441045,484214.787081786,4977426.92297272,-1.38820317200069,24.772
167,1,0,accepted,0.153766942804095,0.0846732531763758,484214.994136703,4977425.90156229,-1.39231661421307,25.677
168,1,0,accepted,0.170528795452869,0.256945319233358,484215.202608255,4977424.87589722,-1.39610028148916,22.925
169,1,0,accepted,0.192221815068293,0.369210575048608,484215.403143718,4977423.83952767,-1.40075160524414,28.296
170,1,0,accepted,0.215253540476887,0.408972324514354,484215.595628963,4977422.80648525,-1.40674467039957,31.036
171,1,0,accepted,0.233731499536862,0.463176933903712,484215.785979641,4977421.77343707,-1.41299958933016,20.886
172,1,0,accepted,0.210845962232052,0.643879722038766,484216.01277885,4977420.74285672,-1.41708448936943,29.345
173,1,0,accepted,0.30171951340493,0.426301998735572,484216.115841897,4977419.67092333,-1.42846661561654,34.967
174,1,0,accepted,0.318559811093715,0.526312586234066,484216.286273282,4977418.60070445,-1.43405811882838,27.826
175,1,0,accepted,0.335025375181371,0.578234586925494,484216.451083211,4977417.56429685,-1.44048006943455,27.625
176,1,0,accepted,0.295103385502033,0.752125012055991,484216.6655277,4977416.51401675,-1.44477995412842,27.742
177,1,0,accepted,0.315515362295288,0.76712142960343,484216.810342069,4977415.46203061,-1.45196020999893,29.982
178,1,0,accepted,0.337845642511888,0.713677361383749,484216.946976927,4977414.39643012,-1.46023200117215,24.084
179,1,0,coarseRetainedByTrustRadius,0.335664592156908,0.582718764037195,484217.114271146,4977413.14527582,-1.46997208057646,22.751
180,1,0,coarseRetainedByTrustRadius,0.355892349403642,0.57249796591357,484217.241057705,4977412.04911653,-1.47720636721006,21.925
181,1,0,coarseRetainedByTrustRadius,0.30223716573323,0.602092595019471,484217.474756974,4977410.89931221,-1.48441759793386,20.761
182,1,0,coarseRetainedByTrustRadius,0.325758820315168,0.759835983134464,484217.679011355,4977409.71998425,-1.48838001585925,20.696
183,1,0,coarseRetainedByTrustRadius,0.34028326667761,0.878798102408583,484217.78966385,4977408.60554798,-1.49343470943946,28.951
184,1,0,coarseRetainedByTrustRadius,0.321216092795839,0.800436413100386,484217.930799841,4977407.52844711,-1.50155641687404,22.957
185,1,0,coarseRetainedByTrustRadius,0.232950103053503,0.32278701020095,484218.08347391,4977406.5029477,-1.51661493217128,25.001
186,1,0,coarseRetainedByTrustRadius,0.176079007068319,-0.019633128077271,484218.233059718,4977405.43608338,-1.52940109036349,26.094
187,1,0,coarseRetainedByTrustRadius,0.166384886080673,-0.0946958029545749,484218.318208514,4977404.33757261,-1.53760651817297,28.274
188,1,0,coarseRetainedByTrustRadius,0.135969302955437,-0.233895087259019,484218.40322615,4977403.24597412,-1.54605792915008,24.096
189,1,0,coarseRetainedByTrustRadius,0.119625722216793,-0.301421804316354,484218.472711656,4977402.13275389,-1.55263608512754,24.359
190,1,0,coarseRetainedByTrustRadius,0.109361194880751,-0.235055622954558,484218.525837588,4977401.04058128,-1.55617218229057,22.34
191,1,0,accepted,0.10420827459626,-0.252791887462402,484218.600432423,4977399.90230899,-1.56093539836263,20.296
192,1,0,accepted,0.136626090124809,-0.195499795286619,484218.595997882,4977398.77802873,-1.5635268072369,21.396
193,1,0,accepted,0.12601913589342,0.0729015017355706,484218.675906297,4977397.61533491,-1.5618845178162,21.847
194,1,0,accepted,0.134505513472615,0.148776996761816,484218.702144248,4977396.47386592,-1.56313596868609,19.583
195,1,0,accepted,0.103528461062014,0.0292917500418718,484218.786814012,4977395.31374185,-1.56747489778474,19.653
196,1,0,accepted,0.092582064984529,0.0185267005888811,484218.830325338,4977394.16614957,-1.5700806541616,22.49
197,1,0,accepted,0.0554613405744376,-0.0739224781029211,484218.895948504,4977393.02801832,-1.57377253099633,22.731
198,1,0,accepted,0.063043130236461,-0.107973917338501,484218.919270241,4977391.85981755,-1.57619622030254,27.072
199,1,0,accepted,0.0783206996046538,-0.211981096141434,484218.933116117,4977390.69520543,-1.5797648068331,24.103
200,1,0,accepted,0.100162830218315,-0.245041466339308,484218.943367935,4977389.52237936,-1.58212016105518,18.977
201,1,0,accepted,0.123876621608243,-0.103088948862286,484218.950546853,4977388.32478081,-1.58101940713778,31.317
202,1,0,accepted,0.149713576900013,0.055086340114758,484218.953797208,4977387.1315089,-1.57958367344143,24.516
203,1,0,accepted,0.159604098323501,0.197087933146572,484218.969674337,4977386.00237743,-1.57832609682063,17.879
204,1,0,accepted,0.197711773027301,0.0589899065970044,484218.957246317,4977384.78629794,-1.58028923841754,27.032
205,1,0,accepted,0.224137758114611,0.103518258765297,484218.955718421,4977383.56710292,-1.57915271538579,28.669
206,1,0,accepted,0.256801444870985,0.23495290763022,484218.948921029,4977382.33091247,-1.57567470743824,26.178
207,1,0,accepted,0.277912369136306,0.261792852588377,484218.955001755,4977381.09400002,-1.57375046051585,18.559
208,1,0,accepted,0.296796171407364,0.272621702559228,484218.962562973,4977379.85366167,-1.57142646015459,15.93
209,1,0,accepted,0.314716127902575,0.287050732633961,484218.974070471,4977378.59290915,-1.56839013986717,15.285
210,1,0,accepted,0.333165503286011,0.289589828602289,484218.986930993,4977377.3406629,-1.56526336223198,18.623
211,1,0,accepted,0.338507011672202,0.25473954648355,484219.016335258,4977376.0802319,-1.56222066284045,21.275
212,1,0,accepted,0.361012615105975,0.253015498911118,484219.03362152,4977374.81729844,-1.55838250175425,17.322
213,1,0,accepted,0.374458183142262,0.282012434216627,484219.064678719,4977373.54490041,-1.55380868613803,15.315
214,1,0,accepted,0.386867953238345,0.342410005200975,484219.10061774,4977372.27580154,-1.54878525841411,18.822
215,1,0,accepted,0.137198590055541,0.474494924036392,484219.393986769,4977371.1059698,-1.54187557745552,13.666
216,1,0,accepted,0.136891662927377,0.506173814923974,484219.450887627,4977369.81414623,-1.53628791881247,18.563
217,1,0,accepted,0.142393125630331,0.501944353482709,484219.508109037,4977368.55192792,-1.53144729696299,17.238
218,1,0,accepted,0.148624749043822,0.508138714277912,484219.568800402,4977367.25857941,-1.52598780917515,20.846
219,1,0,accepted,0.158199248797884,0.43133473358974,484219.633273546,4977365.96977807,-1.5220900342165,14.295
220,1,0,accepted,0.162973244153703,0.362254040806412,484219.709104959,4977364.69789713,-1.51781170020631,17.788
221,1,0,accepted,0.15604896642419,0.202363368192771,484219.80405782,4977363.41056535,-1.51508080602502,18.359
222,1,0,accepted,0.180974185923241,0.208126683291202,484219.876470429,4977362.12667873,-1.50936460528062,18.351
223,1,0,accepted,0.20909765459682,0.258662821290856,484219.955239658,4977360.84809492,-1.50230137223454,20.209
224,1,0,accepted,0.217555361465385,0.0293285366075248,484220.062818603,4977359.56194693,-1.49997625850124,21.241
225,1,0,accepted,0.229262055475678,0.0530606186189261,484220.181310179,4977358.28808914,-1.49301162949836,27.549
226,1,0,accepted,0.250081978360099,0.0828002199495903,484220.294503194,4977356.99987554,-1.48602482429076,26.445
227,1,0,accepted,0.254546415588826,0.0615950780163528,484220.429042844,4977355.67931289,-1.47968435251465,35.218
228,1,0,accepted,0.243426202847833,-0.106433081378128,484220.580005805,4977354.3986257,-1.47574024137076,21.388
229,1,0,accepted,0.264763418166037,-0.202221242596659,484220.707458556,4977353.09099277,-1.47061480267424,21.866
230,1,0,accepted,0.283452296399006,-0.147624923074483,484220.84729134,4977351.77871433,-1.46324494958931,28.461
231,1,0,accepted,0.251042000286705,0.246489548940069,484221.05319851,4977350.47451875,-1.44951944308068,20.292
232,1,0,accepted,0.142946637001237,0.223972533545101,484221.393532883,4977349.20635429,-1.44363945887039,26.231
233,1,0,accepted,0.133121431283972,0.305829661313043,484221.580115947,4977347.88483631,-1.43566555658461,22.224
234,1,0,accepted,0.127863929628306,0.263766356488899,484221.777485283,4977346.56384639,-1.42982756895411,25.649
235,1,0,accepted,0.119770864864556,0.245654673047393,484221.979643921,4977345.23682423,-1.42367220380296,25.304
236,1,0,accepted,0.103661923292314,0.166184125738041,484222.205428149,4977343.89941812,-1.41850337200685,18.933
237,1,0,coarseRetainedByTrustRadius,0.21938391465123,0.253830305283011,484222.32323249,4977342.62507446,-1.41031008056471,26.275
238,1,0,accepted,0.0914492630296682,0.109663046065293,484222.661665625,4977341.24129977,-1.40623147917845,22.572
239,1,0,accepted,0.102570662641687,0.168745321140264,484222.886897341,4977339.90776546,-1.39828303873209,43.187
240,1,0,accepted,0.103620923317993,0.147604257135691,484223.137454021,4977338.54384195,-1.3925257086205,40.966
241,1,0,accepted,0.124187280749569,0.0836237075257068,484223.377129971,4977337.21665239,-1.38676986305469,39.086
242,1,0,accepted,0.152003274026655,-0.00795379454214784,484223.623311776,4977335.87628417,-1.38227313444202,30.289
243,1,0,accepted,0.165839816337445,-0.0325987183683536,484223.888217395,4977334.5535421,-1.37664009644187,23.66
244,1,0,accepted,0.193805508673354,0.0160279261155802,484224.151339491,4977333.22156093,-1.37009716116668,22.125
245,1,0,accepted,0.20827733327499,0.133145542320231,484224.438322931,4977331.88643143,-1.36319981162649,23.694
246,1,0,accepted,0.198449134718458,0.28305554288519,484224.75495136,4977330.56906543,-1.35688872313665,22.723
247,1,0,accepted,0.200293679131443,0.415730371705177,484225.063494118,4977329.25200741,-1.35181575826529,24.692
248,1,0,accepted,0.221423984346672,0.600577591643479,484225.365022428,4977327.90879065,-1.34666083273671,24.496
249,1,0,accepted,0.219445983564681,0.716107971581361,484225.690051155,4977326.5710104,-1.34244761335767,22.885
250,1,0,accepted,0.218174252494014,0.793843077587081,484226.017159807,4977325.23202368,-1.33895110311575,32.501
251,1,0,accepted,0.194764410996887,0.794700142395085,484226.374794525,4977323.88693057,-1.33725088089347,23.872
252,1,0,accepted,0.189935054056986,0.792857479316003,484226.718230923,4977322.53418128,-1.33574929454389,20.496
253,1,0,accepted,0.128150209007259,0.252147780656677,484227.089970983,4977321.24520558,-1.34391881244686,24.296
254,1,0,accepted,0.147267747877434,0.301319626100299,484227.410703022,4977319.90010947,-1.34129876811732,25.586
255,1,0,accepted,0.172743315945681,0.23004829346077,484227.734723291,4977318.52447872,-1.34072078753004,35.358
256,1,0,accepted,0.145566885454377,0.345771969668796,484228.096198152,4977317.19720574,-1.33749474107265,27.018
257,1,0,accepted,0.149270626880961,0.395637768091934,484228.434006943,4977315.85590422,-1.33520767932923,27.506
258,1,0,accepted,0.0940657593436514,0.205652143138238,484228.841517069,4977314.50830849,-1.33828013880209,31.009
259,1,0,accepted,0.100172336086824,0.166904561991378,484229.181324779,4977313.1585655,-1.33743685162225,30.538
260,1,0,accepted,0.10337132276883,0.188488830768683,484229.529324437,4977311.79292666,-1.33640608990097,23.603
261,1,0,accepted,0.109739448393846,0.207341978807225,484229.864110317,4977310.46119114,-1.33521167279158,28.422
262,1,0,accepted,0.0868422895740887,0.0568306394506776,484230.239320176,4977309.10878728,-1.33680798242876,24.401
263,1,0,accepted,0.105434069351366,0.0921250911224463,484230.575400792,4977307.74345056,-1.33593185957216,27.48
264,1,0,accepted,0.120012503188994,0.0490266853947893,484230.917695428,4977306.38365706,-1.33534099394398,27.612
265,1,0,accepted,0.134596993822389,0.082912721768689,484231.271133549,4977304.99065161,-1.33447841415827,21.898
266,1,0,accepted,0.141257870416105,0.181977277937625,484231.628018584,4977303.61932755,-1.33234559006401,19.839
267,1,0,accepted,0.199427167480326,0.0528355955844085,484231.943162073,4977302.21613807,-1.3340155044284,19.332
268,1,0,accepted,0.200205328103383,0.273831978693701,484232.317556436,4977300.82195861,-1.3292222218618,19.869
269,1,0,accepted,0.221917875027957,0.3275255160923,484232.674493594,4977299.41884901,-1.32746266145979,19.481
270,1,0,accepted,0.233437669522729,0.432781594516663,484233.037203968,4977298.02274156,-1.3252953943705,74.056
271,1,0,accepted,0.240007049398883,0.488422039226139,484233.408098923,4977296.62400529,-1.32404781265572,41.285
272,1,0,accepted,0.0763739116125357,0.246536810649513,484233.898242798,4977295.38352145,-1.32816196407826,24.585
273,1,0,accepted,0.0933662008122201,0.275439590604413,484234.257671528,4977293.97069683,-1.32809266718763,27.572
274,1,0,accepted,0.108995015035864,0.266202886231541,484234.61736477,4977292.57395223,-1.32855550066758,22.43
275,1,0,accepted,0.123839362637061,0.289476400944689,484234.987254624,4977291.15270287,-1.32919496964959,34.736
276,1,0,accepted,0.145041994250855,0.261538227217131,484235.347599728,4977289.73649387,-1.33058687239327,26.03
277,1,0,accepted,0.165108585354793,0.263488617190921,484235.706365849,4977288.31898529,-1.33166588850625,26.779
278,1,0,accepted,0.177160069040607,0.210063405379143,484236.071626588,4977286.90608058,-1.33339657751805,21.639
279,1,0,accepted,0.204241139699138,0.257708733499271,484236.426022209,4977285.47175123,-1.33465253215946,21.635
280,1,0,accepted,0.23203284869333,0.228768549969187,484236.773337797,4977284.05194129,-1.33626199770551,25.334
281,1,0,accepted,0.233286531666905,0.243611236310393,484237.141549118,4977282.63577351,-1.33793985952563,23.841
282,1,0,accepted,0.242613183575013,0.305111815445571,484237.496862027,4977281.22057291,-1.33924311343186,19.21
283,1,0,accepted,0.24629802709025,0.359423473156221,484237.85338605,4977279.8119176,-1.34023747703368,27.801
284,1,0,accepted,0.164854445916701,0.249846461063396,484238.273430635,4977278.45983236,-1.34557323423601,31.082
285,1,0,accepted,0.22124243048619,0.456908073786639,484238.58353315,4977277.01319068,-1.34544811724735,25.733
286,1,0,accepted,0.18627011527181,0.469067584145822,484238.971500634,4977275.59696565,-1.34891495215649,38.081
287,1,0,accepted,0.158337656474404,0.418460095364827,484239.340725263,4977274.20977047,-1.35241220452159,28.823
288,1,0,accepted,0.128632233759366,0.361065670600187,484239.71585071,4977272.78767062,-1.35692504487996,29.538
289,1,0,accepted,0.076827193513519,0.0623832273729476,484240.117929354,4977271.33202365,-1.36503793781663,19.448
290,1,0,accepted,0.110019293615113,0.0522303527640195,484240.435659956,4977269.86228801,-1.36876092676102,19.288
291,1,0,accepted,0.130833453329597,0.00296075103129723,484240.75858107,4977268.40365749,-1.37302040193319,23.896
292,1,0,accepted,0.151441577815244,0.0854916439647078,484241.070797708,4977266.9433119,-1.37492630252325,21.301
293,1,0,accepted,0.174176168602135,0.0778328248120981,484241.379008476,4977265.49751387,-1.37880925417772,22.918
294,1,0,accepted,0.199552466632725,0.173135046074031,484241.677440624,4977264.03917816,-1.38095426091572,22.354
295,1,0,accepted,0.115174162618963,0.0310408452426108,484242.077161405,4977262.61609841,-1.38638515059764,18.82
296,1,0,accepted,0.110349072546382,0.0222178363999927,484242.397390458,4977261.16333712,-1.38955931677435,19.056
297,1,0,accepted,0.113420811530246,0.0779211102171667,484242.703215538,4977259.71203724,-1.39175441385775,32.583
298,1,0,accepted,0.118952984286627,0.068777997941556,484242.998874895,4977258.26163844,-1.39522450897964,22.168
299,1,0,accepted,0.1260888231258,0.00723618796008119,484243.291134096,4977256.79818613,-1.39974838656006,23.674
300,1,0,accepted,0.139956067649516,-0.0480563048803966,484243.568631863,4977255.35838615,-1.40393107313705,20.48
301,1,0,accepted,0.175090428688525,0.00856180456988923,484243.813656097,4977253.90829124,-1.40587007302561,21.463
302,1,0,accepted,0.18774159924735,0.117980037143874,484244.0870919,4977252.45664888,-1.40727363935524,23.295
303,1,0,accepted,0.169979041574803,0.136359094374547,484244.383251537,4977251.02384924,-1.40989130229433,23.008
304,1,0,accepted,0.175280179422705,0.214652659490937,484244.652466603,4977249.57655092,-1.41171423603796,28.316
305,1,0,accepted,0.133792644333143,0.279817991149268,484244.945544868,4977248.18246342,-1.41380094663493,23.254
306,1,0,accepted,0.0799172524141361,0.214802919201109,484245.246571321,4977246.80107244,-1.41767784382875,23.238
307,1,0,accepted,0.0871370075816894,0.265250437246289,484245.498022687,4977245.36169767,-1.42003136605119,22.294
308,1,0,accepted,0.103766765336127,0.275228151265979,484245.733738496,4977243.91940547,-1.4230320111854,21.894
309,1,0,accepted,0.10597460819735,0.319175546483529,484245.97731505,4977242.48981713,-1.42539814596144,23.11
310,1,0,accepted,0.117622960452986,0.336461138498391,484246.205757999,4977241.06126735,-1.42833459416377,17.994
311,1,0,accepted,0.142648127952863,0.300375163119964,484246.418754858,4977239.60689057,-1.43172724793813,14.821
312,1,0,accepted,0.149819760880489,0.322828012290584,484246.641959051,4977238.16405166,-1.43374598169689,16.702
313,1,0,accepted,0.158626503634146,0.293540051813638,484246.856298942,4977236.75222252,-1.43604840024668,20.222
314,1,0,accepted,0.172551256988909,0.36414113907169,484247.066848477,4977235.322757,-1.4376703399871,20.555
315,1,0,accepted,0.195657033848469,0.351348722792364,484247.268421733,4977233.89430988,-1.44027585309324,33.687
316,1,0,accepted,0.214452435413445,0.386630587675487,484247.469490003,4977232.4775864,-1.44288083225383,26.831
317,1,0,accepted,0.237953731143027,0.377742774261972,484247.668196647,4977231.05777935,-1.44550458847619,17.473
318,1,0,accepted,0.23365149041921,0.362441637039123,484247.87613622,4977229.64289147,-1.44790446800702,20.348
319,1,0,accepted,0.263714891879533,0.327002644146997,484248.056623897,4977228.20787725,-1.45067181679992,20.533
320,1,0,accepted,0.236155491996632,-0.058170741731368,484248.279088514,4977226.80878714,-1.45920390661448,20.155
321,1,0,accepted,0.275863279504369,0.0612536378676856,484248.451940962,4977225.35357473,-1.45932766090878,20.335
322,1,0,coarseRetainedByTrustRadius,0.104926222356299,-0.384977426920002,484248.78954866,4977224.05704725,-1.46936263380642,48.019
323,1,0,coarseRetainedByTrustRadius,0.11803662018016,-0.339168420892887,484248.974066502,4977222.60715919,-1.47079451571881,26.756
324,1,0,coarseRetainedByTrustRadius,0.138136286247779,-0.270566658498283,484249.152113123,4977221.15921701,-1.47185503429564,22.129
325,1,0,accepted,0.0739475133203215,-0.361542267645146,484249.394010822,4977219.78412575,-1.47561070531492,15.413
326,1,0,accepted,0.101820574500984,-0.428867659456955,484249.55463137,4977218.32025924,-1.47858327654036,32.739
327,1,0,accepted,0.154201289624784,-0.371556258811337,484249.707731774,4977216.86613136,-1.47927038369285,23.183
328,1,0,accepted,0.176376017829326,-0.203114078856584,484249.85683746,4977215.42099494,-1.47839968508827,21.272
329,1,0,accepted,0.180882178021511,-0.0108950919721775,484250.019394638,4977213.99734592,-1.47586743817654,29.673
330,1,0,accepted,0.208643688522532,-0.0205667623532813,484250.176036183,4977212.54109628,-1.47834510746171,28.827
331,1,0,accepted,0.216591155806757,0.0910649721103465,484250.335787985,4977211.11798373,-1.47788747184374,23.931
332,1,0,accepted,0.193442496651216,0.157746942050039,484250.553871787,4977209.65260221,-1.47685745633344,29.591
333,1,0,accepted,0.214685555044011,0.19745921153325,484250.704979919,4977208.21379658,-1.47855902110644,32.131
334,1,0,accepted,0.220845746035193,0.285835170001616,484250.893674184,4977206.75581695,-1.47862436879049,29.851
335,1,0,accepted,0.231856109704939,0.269037714767674,484251.053167481,4977205.31399059,-1.47979163748985,35.832
336,1,0,accepted,0.18859035352373,0.0033192954588552,484251.246412222,4977203.9098943,-1.48590612237548,32.83
337,1,0,accepted,0.209084063637,0.0573840171701439,484251.393155592,4977202.4556802,-1.48674679556426,26.987
338,1,0,accepted,0.232145863957158,0.0821156934719848,484251.537858968,4977201.00122538,-1.48719585187218,26.841
339,1,0,accepted,0.25818248421962,0.161838292813778,484251.67853379,4977199.56133238,-1.48789316967285,58.969
340,1,0,accepted,0.267404826782251,0.177596279849627,484251.799539766,4977198.13955979,-1.4894218052144,31.059
341,1,0,accepted,0.0856490309792411,0.00346529300381527,484252.028854541,4977196.93141921,-1.49412525210218,30.458
342,1,0,accepted,0.0863617028456003,-0.0949632207028245,484252.17692081,4977195.51620709,-1.49725192789426,21.115
343,1,0,accepted,0.102922724602465,-0.0138932897234799,484252.305273057,4977194.07773369,-1.49725403121439,21.546
344,1,0,accepted,0.110642850952338,0.0885643123285138,484252.44206954,4977192.6272166,-1.49650837535464,22.96
345,1,0,accepted,0.118263452644426,0.156641447448209,484252.578497401,4977191.17803712,-1.49641294792933,27.543
346,1,0,accepted,0.124511761352774,0.254299101406832,484252.714117584,4977189.75255579,-1.49582046168205,21.147
347,1,0,accepted,0.113031584155209,0.327256432043578,484252.86186476,4977188.33626006,-1.49509954455395,23.611
348,1,0,accepted,0.11385396687522,0.38452306627847,484253.001766311,4977186.89730303,-1.49500978549905,25.365
349,1,0,accepted,0.129921961485193,0.373963208713391,484253.123460831,4977185.47285082,-1.4957041673392,20.415
350,1,0,accepted,0.144603875539447,0.34335379854561,484253.24039875,4977184.05450702,-1.49664714276041,20.378
351,1,0,accepted,0.159457497065186,0.337665175329739,484253.359335263,4977182.61971742,-1.49667474165687,27.285
352,1,0,accepted,0.176092167842246,0.351189282972841,484253.474333096,4977181.21396994,-1.49632044352183,23.899
353,1,0,accepted,0.0288316816669826,-0.368970514929425,484253.752143501,4977179.89194878,-1.50903457889947,24.756
354,1,0,accepted,0.060626400798269,-0.377245293014095,484253.845171629,4977178.43197589,-1.50911732076846,22.182
355,1,0,accepted,0.102271466698365,-0.314203027435004,484253.943852652,4977176.99168628,-1.50807242664767,25.336
356,1,0,accepted,0.142758566101815,-0.306427182055039,484254.043872247,4977175.56001552,-1.50803947187174,22.375
357,1,0,accepted,0.182463222997988,-0.253393204670822,484254.148955127,4977174.10646935,-1.50723107107256,38.863
358,1,0,accepted,0.166229981596859,-0.199031488143707,484254.280352088,4977172.69507914,-1.50639020353192,24.937
359,1,0,accepted,0.237380597348068,-0.20292973872898,484254.354928741,4977171.22236041,-1.50623117799138,24.301
360,1,0,coarseRetainedByTrustRadius,0.126277497382269,0.21253842344018,484254.533669327,4977169.91951675,-1.49883349471191,26.932
361,1,0,coarseRetainedByTrustRadius,0.136809100039779,0.210687334514616,484254.647755297,4977168.48255005,-1.49856953170666,24.808
362,1,0,coarseRetainedByTrustRadius,0.155458264895947,0.192624031321601,484254.759809442,4977167.03999348,-1.49852391099116,25.041
363,1,0,coarseRetainedByTrustRadius,0.176513627237241,0.181011395803775,484254.870442705,4977165.59156583,-1.49845651293961,24.487
364,1,0,coarseRetainedByTrustRadius,0.205529515530666,0.134800430516602,484254.981422541,4977164.15231833,-1.49909435497899,17.381
365,1,0,coarseRetainedByTrustRadius,0.224361918706351,0.126402424175007,484255.098843182,4977162.71596844,-1.49868112819119,24.214
366,1,0,coarseRetainedByTrustRadius,0.254759202290934,0.0763029659155043,484255.214639453,4977161.26421108,-1.49897529697412,31.505
367,1,0,coarseRetainedByTrustRadius,0.275910796348968,0.0670882076135136,484255.327573922,4977159.82687991,-1.49845271975043,45.61
368,1,0,accepted,0.145039917939681,-0.120704624634416,484255.489742953,4977158.53106677,-1.50109298289217,37.764
369,1,0,coarseRetainedByTrustRadius,0.295975253738437,0.0391150960616029,484255.550584365,4977156.94896806,-1.49760229833311,32.193
370,1,0,accepted,0.173270595498211,-0.0162955365714243,484255.721406422,4977155.67173771,-1.4978236836484,30.57
371,1,0,accepted,0.198935018052309,0.0352787756625849,484255.833654174,4977154.22975017,-1.49618626255893,40.662
372,1,0,accepted,0.223589001151781,0.10090452909015,484255.946471633,4977152.82026262,-1.49438057946253,55.025
373,1,0,accepted,0.245824564491681,0.0902124353273976,484256.065270784,4977151.39026054,-1.4926017517788,28.777
374,1,0,accepted,0.250789588456352,0.209233221179393,484256.201004775,4977149.99677205,-1.48925091235734,34.52
375,1,0,accepted,0.266388853635699,0.23161183205035,484256.330928347,4977148.56870318,-1.48688701592915,32.542
376,1,0,accepted,0.27182894113051,0.219609990449987,484256.476552878,4977147.14379214,-1.48506490779982,31.129
377,1,0,accepted,0.214542605607651,0.0318378333847359,484256.695146613,4977145.75098469,-1.48699487245915,34.578
378,1,0,accepted,0.134851600916534,-0.206541112664177,484256.91872298,4977144.30080425,-1.48930281779167,23.952
379,1,0,accepted,0.125424523788441,-0.285870026890903,484257.076757988,4977142.85433931,-1.48927415343129,29.855
380,1,0,accepted,0.125225164737936,-0.252705346220011,484257.233763336,4977141.41896949,-1.48700328561238,36.657
381,1,0,accepted,0.103797373464166,-0.34022992545034,484257.418106743,4977140.00660679,-1.48709556230018,51.745
382,1,0,accepted,0.112537340261153,-0.324455392993052,484257.566951941,4977138.5667212,-1.48532409735295,31.921
383,1,0,accepted,0.115015128791038,-0.0443178634693065,484257.728267026,4977137.15962563,-1.47898170837377,40.235
384,1,0,accepted,0.0871781276318187,0.168346312197359,484257.922944628,4977135.71584848,-1.47433704370662,33.822
385,1,0,accepted,0.088017881117497,0.193256871289559,484258.087796296,4977134.31828243,-1.4726020393476,42.201
386,1,0,accepted,0.0951462315657783,0.140375310140338,484258.250283977,4977132.90427521,-1.47165432306205,31.722
387,1,0,accepted,0.0996463766337958,0.105510920108452,484258.415212229,4977131.50174323,-1.47117230632507,45.805
388,1,0,accepted,0.100199903269383,0.101102462890791,484258.581960519,4977130.09432848,-1.46986996629478,32.833
389,1,0,accepted,0.0946015057737049,0.0512715055371667,484258.756950795,4977128.67208174,-1.46914718411961,28.072
390,1,0,accepted,0.0976177613571085,0.0304807049546026,484258.923215601,4977127.2717745,-1.46800860299149,33.627
391,1,0,accepted,0.102042245771857,-0.0225114454515212,484259.09083292,4977125.86581134,-1.46742111199512,33.435
392,1,0,accepted,0.126126364483483,-0.0273512562774879,484259.243578204,4977124.4588772,-1.46654956892788,26.821
393,1,0,accepted,0.144946285666485,-0.0352787659864343,484259.404162601,4977123.05103157,-1.46516213348497,20.988
394,1,0,accepted,0.169989703380242,0.00525634861883711,484259.564635317,4977121.62745468,-1.46311447947494,37.782
395,1,0,accepted,0.194554390674135,0.0456173241028417,484259.726130995,4977120.21592123,-1.46127992213202,57.828
396,1,0,accepted,0.19562077585661,0.0554589722344114,484259.901536477,4977118.83164534,-1.46011998493343,92.169
397,1,0,accepted,0.215665618110813,0.0583515258073942,484260.068360208,4977117.41211235,-1.45895310643457,26.577
398,1,0,accepted,0.104368496824633,0.100524178706556,484260.349326927,4977116.19023016,-1.45677763472848,22.986
399,1,0,accepted,0.10552084303504,0.147508592375826,484260.521503381,4977114.74632293,-1.45496217897008,19.403
400,1,0,accepted,0.106165649767528,0.186225963337799,484260.708083973,4977113.35235562,-1.45307445221206,23.845
401,1,0,accepted,0.110551136797467,0.203514639901536,484260.894906575,4977111.9529267,-1.45112829312389,58.39
402,1,0,accepted,0.11028358449182,0.244208612705892,484261.088020198,4977110.56631501,-1.44879575559579,86.395
403,1,0,accepted,0.117804404537279,0.256246031249446,484261.273505364,4977109.18621352,-1.44713166074906,91.236
404,1,0,accepted,0.135096053778534,0.255812625167578,484261.453773716,4977107.78272842,-1.44514638635024,18.13
405,1,0,accepted,0.152008958209998,0.332837477457898,484261.6298812,4977106.42330349,-1.44167522053171,18.94
406,1,0,accepted,0.16612662341346,0.303033559366864,484261.815140764,4977105.03962391,-1.43993712528981,19.788
407,1,0,accepted,0.182983759675275,0.227513863633721,484262.000853988,4977103.66388347,-1.43899636608931,21.764
408,1,0,accepted,0.198377974236162,0.198556844040618,484262.192767152,4977102.28202177,-1.43723792205582,18.403
409,1,0,accepted,0.209895752299637,0.203488480633504,484262.391567321,4977100.89483505,-1.43503192500066,15.21
410,1,0,accepted,0.237782896913892,0.13562275825142,484262.587832012,4977099.50440883,-1.43393662191391,20.916
411,1,0,coarseRetainedByTrustRadius,0.119424910424335,-0.0376698115845215,484262.863744338,4977098.29012906,-1.43470742784381,20.941
412,1,0,coarseRetainedByTrustRadius,0.131794682727905,-0.0375659518020439,484263.066733185,4977096.92983147,-1.43314816214357,25.635
413,1,0,coarseRetainedByTrustRadius,0.151947773119893,-0.00555105056528812,484263.270653176,4977095.55426421,-1.43076965530568,29.587
414,1,0,accepted,0.298383009261904,0.385240584229305,484263.400051432,4977094.0883947,-1.42165193059007,22.515
415,1,0,accepted,0.0679581742514733,-0.257202409115526,484263.771315532,4977092.93402182,-1.43116474705324,24.082
416,1,0,accepted,0.0829653558610063,-0.164842113739423,484263.983412867,4977091.57954014,-1.42736393480059,35.636
417,1,0,accepted,0.104503596974913,-0.152236790584335,484264.191607007,4977090.22213096,-1.4249848859226,24.45
418,1,0,accepted,0.126097221051663,-0.105325832853109,484264.398790139,4977088.89587895,-1.42250874558831,35.537
419,1,0,accepted,0.142029584457549,-0.101403121967524,484264.612918756,4977087.56305864,-1.42003295550478,21.207
420,1,0,accepted,0.155926379750268,-0.0534208584416532,484264.834610949,4977086.22817994,-1.41723353573296,24.519
421,1,0,accepted,0.171109369506489,-0.00110174876476058,484265.056861968,4977084.89606179,-1.41448059981886,22.254
422,1,0,accepted,0.178368448969937,0.0724241222127249,484265.290811494,4977083.55996032,-1.41157592402398,25.423
423,1,0,accepted,0.193304819875292,0.116197700992082,484265.518454275,4977082.22552682,-1.40922598517234,26.663
424,1,0,accepted,0.207019099366525,0.169142861279533,484265.748810145,4977080.91211343,-1.40656621825889,44.7
425,1,0,accepted,0.180824220092155,0.320765086771081,484266.033101868,4977079.59233649,-1.40236698448943,22.788
426,1,0,accepted,0.191788449733439,0.309353740932266,484266.285149059,4977078.26135482,-1.40035317583906,26.288
427,1,0,accepted,0.194748662969813,0.365866038623299,484266.563045469,4977076.92668429,-1.39827900879946,21.869
428,1,0,accepted,0.193046118298979,0.374254715913971,484266.836804136,4977075.60516735,-1.3965298531119,25.329
429,1,0,accepted,0.176620255631959,-0.0861797311975371,484267.157198406,4977074.30979627,-1.40330293726925,23.362
430,1,0,accepted,0.09286259197595,-0.170926990391777,484267.412716048,4977073.05621498,-1.40299925148664,26.857
431,1,0,accepted,0.05220866961199,-0.214733738267795,484267.641777421,4977071.80450117,-1.40188126055441,17.87
432,1,0,accepted,0.0322705660423605,-0.1507557605509,484267.890243721,4977070.51554603,-1.39900372324646,23.969
433,1,0,accepted,0.0326583222753339,-0.110695148464647,484268.128111045,4977069.20499632,-1.39696428589579,18.937
434,1,0,accepted,0.032931152832734,-0.010617307289007,484268.382115253,4977067.90033236,-1.39339384845079,31.987
435,1,0,accepted,0.0360244361043278,0.00275879607213992,484268.633464663,4977066.59101582,-1.3917126993459,23.008
436,1,0,accepted,0.0571186070507462,0.00151071475266089,484268.878687728,4977065.26762273,-1.38977967196535,34.989
437,1,0,accepted,0.0675969283874809,0.0289293694110575,484269.137641268,4977063.95618475,-1.3875710831803,28.16
438,1,0,accepted,0.0901205384083987,0.0644566086833417,484269.385581345,4977062.63284665,-1.38467893162929,38.677
439,1,0,accepted,0.114528576032591,0.115706508293411,484269.640547282,4977061.29633089,-1.3818594878324,35.696
440,1,0,accepted,0.127958475624067,0.101200907155522,484269.904187109,4977059.97336408,-1.37988276482545,28.798
441,1,0,accepted,0.144801103822285,0.184003809344519,484270.163469549,4977058.66600703,-1.37611104400859,26.274
442,1,0,accepted,0.156271788948025,0.158911401827917,484270.4313935,4977057.35325912,-1.37452603016517,20.279
443,1,0,accepted,0.168091844726983,0.16724979680709,484270.703041529,4977056.02893059,-1.37195112690188,32.162
444,1,0,accepted,0.174995379568283,0.181517595299491,484270.972602238,4977054.74607813,-1.36974950897175,25.819
445,1,0,accepted,0.177246149747561,0.17492715196514,484271.249617595,4977053.45168698,-1.3675005960448,19.711
446,1,0,accepted,0.175837007783061,0.122022663757588,484271.534322723,4977052.15809021,-1.36547285637265,26.699
447,1,0,accepted,0.182103321942288,0.167903815098361,484271.81964353,4977050.85689034,-1.36205328734985,23.012
448,1,0,accepted,0.174723283659467,0.179346563002234,484272.116872307,4977049.56537139,-1.35893102474274,20.22
449,1,0,accepted,0.174246961662301,0.232364279041698,484272.415508914,4977048.27158705,-1.35487011999494,19.107
450,1,0,accepted,0.113592970444515,0.222981268624247,484272.761023304,4977047.03158891,-1.35175446676592,22.25
451,1,0,accepted,0.100939181264456,0.287960124966583,484273.077402546,4977045.74835603,-1.34737672934478,21.058
452,1,0,accepted,0.0988075393337008,0.298466324381601,484273.389306838,4977044.46024868,-1.34416410181307,20.38
453,1,0,accepted,0.0827042456397823,0.11061814742107,484273.711924078,4977043.19925194,-1.3438870613765,28.011
454,1,0,accepted,0.0426759238690628,-0.141809056920104,484274.066076807,4977041.95579986,-1.34498132744061,31.553
455,1,0,accepted,0.0560227755914045,-0.123408635274191,484274.368311646,4977040.67970363,-1.340694960611,29.72
456,1,0,accepted,0.0763496583868844,-0.115208994318886,484274.671277218,4977039.41037317,-1.33640857321477,29.435
457,1,0,accepted,0.0911841156418198,-0.0897472671061364,484274.977768986,4977038.15520191,-1.33209456716442,26.435
458,1,0,accepted,0.0881332012252111,0.0821816044656952,484275.312393682,4977036.88331319,-1.3248809460083,29.581
459,1,0,accepted,0.0867291495903415,0.239459859529225,484275.655402095,4977035.62039779,-1.31833112647667,43.325
460,1,0,accepted,0.0910962519510832,0.341469501078947,484275.99627104,4977034.37078724,-1.31234246213898,23.623
461,1,0,accepted,0.102667026021223,0.319036990198741,484276.338411478,4977033.11680076,-1.30851543635835,26.787
462,1,0,accepted,0.0950580510271579,0.341690443353694,484276.684484767,4977031.90011113,-1.30388514364515,29.33
463,1,0,accepted,0.105596545194046,0.375384940704739,484277.036415646,4977030.64348077,-1.29879611709071,24.127
464,1,0,accepted,0.0920319170887548,0.368671346270043,484277.370941706,4977029.50070975,-1.29438818353199,29.351
465,1,0,accepted,0.100987718075844,0.379882797173722,484277.720486236,4977028.29228308,-1.29022370311392,33.195
466,1,0,accepted,0.114714652499002,0.388114404408392,484278.070320276,4977027.08971607,-1.28608610877335,28.139
467,1,0,accepted,0.126814197756355,0.351033200649266,484278.423326208,4977025.89379499,-1.2822840054728,18.927
468,1,0,accepted,0.131609674316028,0.348217856941277,484278.794847058,4977024.73085915,-1.27826749731758,18.221
469,1,0,accepted,0.13562103320709,0.33759952684919,484279.163693542,4977023.51954458,-1.27405612801572,17.573
470,1,0,accepted,0.139665426981934,0.36863598558905,484279.528832204,4977022.32801247,-1.26928404281903,18.409
471,1,0,accepted,0.137413202456289,0.423468619118222,484279.911285024,4977021.11732016,-1.26401265413254,17.667
472,1,0,accepted,0.147689603804425,0.499007330980745,484280.289274897,4977019.91798066,-1.25841600451856,27.845
473,1,0,accepted,0.150823099819809,0.461427355457802,484280.682120176,4977018.71677297,-1.25474555310955,19.779
474,1,0,accepted,0.153778503501523,0.476941818468661,484281.082045791,4977017.52267084,-1.25055718671578,26.258
475,1,0,accepted,0.162955409760973,0.478007924398591,484281.482088437,4977016.32842444,-1.24650385707182,21.643
476,1,0,accepted,0.15376318464063,0.222645397794378,484281.908945643,4977015.13847717,-1.24673146804204,22.174
477,1,0,accepted,0.176619230691257,0.301894891048541,484282.312615149,4977013.9557134,-1.24149622593221,22.839
478,1,0,accepted,0.0982399190854766,-0.202113132786653,484282.814090957,4977013.01923412,-1.2465478709183,22.379
479,1,0,accepted,0.0794270666542136,-0.109947271191598,484283.226562729,4977011.8417751,-1.24092655474807,32.527
480,1,0,accepted,0.0600007593835547,-0.172178313789875,484283.639302445,4977010.65843754,-1.23796319052062,27.62
481,1,0,accepted,0.050238770035158,-0.105420975673506,484284.064715916,4977009.47353556,-1.23298893532603,25.314
482,1,0,accepted,0.0568268960691737,-0.0213709014470273,484284.487059708,4977008.30840258,-1.22774353652547,23.83
483,1,0,accepted,0.0546308733101186,0.1351358632129,484284.918526358,4977007.16030448,-1.22118645274986,22.396
484,1,0,accepted,0.0676972219394929,0.127036682240673,484285.351620186,4977005.99501473,-1.2173272186393,19.995
485,1,0,accepted,0.0875037174461664,0.0928755439777491,484285.778441379,4977004.84224513,-1.21399125258736,29.182
486,1,0,accepted,0.101309169607246,0.0725242711210927,484286.216246146,4977003.69107617,-1.21004723216867,53.921
487,1,0,accepted,0.0809685548131022,0.242658406519351,484286.681093375,4977002.56980536,-1.2038483554827,45.791
488,1,0,accepted,0.0837275746526562,0.265575153423449,484287.131871588,4977001.43795419,-1.19931040784504,35.865
489,1,0,accepted,0.0912196242151022,0.22954808051478,484287.58702357,4977000.29444166,-1.19543063372867,44.714
490,1,0,accepted,0.0919624518034554,0.284787496689788,484288.040325547,4976999.18781579,-1.19202806953243,39.817
491,1,0,accepted,0.0803293769716661,0.34563607723374,484288.512693988,4976998.08114086,-1.18727822191483,42.308
492,1,0,accepted,0.0779956041819195,0.198921365836161,484288.980716727,4976996.97337997,-1.1859995181546,43.44
493,1,0,accepted,0.0767852221467478,0.241355504626207,484289.454481716,4976995.86651983,-1.18149960214151,41.128
494,1,0,accepted,0.0865026480390301,0.192684920908225,484289.928048558,4976994.76239319,-1.17886726585199,31.911
495,1,0,accepted,0.0983981520424998,0.0667032012849267,484290.394236586,4976993.64254693,-1.17710640145758,53.369
496,1,0,accepted,0.071140632357832,-0.284523147175287,484290.963168238,4976992.58421124,-1.18010185118192,23.425
497,1,0,accepted,0.0627496999433662,-0.335060882516777,484291.450575232,4976991.4619088,-1.17766872424999,20.162
498,1,0,accepted,0.0561961594541493,-0.391442916168601,484291.93105301,4976990.34384581,-1.17537100928164,21.682
499,1,0,accepted,0.0646511783916206,-0.189829021056441,484292.402507577,4976989.21895738,-1.16811278491168,21.027
500,1,0,accepted,0.0579817047570036,-0.143487448748125,484292.903011676,4976988.10174627,-1.16372924155458,54.478
501,1,0,accepted,0.0494260954211857,-0.0173037971918544,484293.407405236,4976986.97703906,-1.15805007173584,33.662
502,1,0,accepted,0.0494109948110575,-0.021820622112457,484293.925104117,4976985.82535507,-1.1548673111166,37.881
503,1,0,accepted,0.0664686003861508,0.00641734944019415,484294.426108578,4976984.71196309,-1.15145878262886,28.706
504,1,0,accepted,0.0638526193722016,-0.0253377643371816,484294.956798514,4976983.60481083,-1.14708212234697,27.544
505,1,0,accepted,0.0821461028817049,-0.0267573250062262,484295.476643979,4976982.48414198,-1.14416857331297,15.792
506,1,0,accepted,0.0892628172234892,0.0750235219668182,484296.009611979,4976981.37435576,-1.13915877715839,23.21
507,1,0,accepted,0.108653350123013,0.200637896553099,484296.537895148,4976980.2547118,-1.13454124316892,23.775
508,1,0,accepted,0.116539180755516,0.27067558896497,484297.070793538,4976979.15289006,-1.13099583330912,22.612
509,1,0,accepted,0.121373194023642,0.284131048875743,484297.598463319,4976978.05433265,-1.12855742290036,25.849
510,1,0,accepted,0.0914858775871841,0.322978289362247,484298.111522257,4976976.99276942,-1.12599708441301,42.321
511,1,0,accepted,0.0877484439749791,0.305109259858739,484298.613680069,4976975.92988203,-1.12419970554756,38.772
512,1,0,accepted,0.0967686366215773,0.379762033378244,484299.14105485,4976974.83842793,-1.12131904336983,54.762
513,1,0,accepted,0.1117168995377,0.388304082313086,484299.658495962,4976973.77128329,-1.11976738159422,67.383
514,1,0,accepted,0.117787341447987,0.410478001793687,484300.196320702,4976972.68190429,-1.11831933979204,26.824
515,1,0,accepted,0.123538236834976,0.431798736888118,484300.748959825,4976971.55256794,-1.11714618262067,25.362
516,1,0,accepted,0.128641172003242,0.491435095585968,484301.280882748,4976970.48736439,-1.11590487091924,31.825
517,1,0,accepted,0.125283371656131,0.504012622111031,484301.836149015,4976969.37600987,-1.11575671045397,31.773
518,1,0,accepted,0.122365866231263,0.506062670087347,484302.387916345,4976968.27216468,-1.11554306557466,30.395
519,1,0,accepted,0.110213982263005,0.39436335851701,484302.952061462,4976967.15857826,-1.11740112058453,31.647
520,1,0,accepted,0.0960222567157194,0.324414433291866,484303.516691918,4976966.05701667,-1.11872298656047,37.745
521,1,0,accepted,0.0841953538852412,0.160872471566177,484304.08871447,4976964.93601065,-1.12209774147977,36.915
522,1,0,accepted,0.0769349866131399,0.108873689258415,484304.654303915,4976963.82560593,-1.1243181443941,35.322
523,1,0,accepted,0.0801443959805574,0.0556135207818894,484305.202309251,4976962.72245561,-1.12608009043351,35.773
524,1,0,accepted,0.0299207631957527,-0.285452766409942,484305.809891772,4976961.7006669,-1.13341684039877,35.147
525,1,0,accepted,0.0270577834369595,-0.278356943358494,484306.338265075,4976960.59085077,-1.13493490921622,33.64
526,1,0,accepted,0.0323506311657871,-0.380522250365547,484306.869939711,4976959.48297095,-1.13722041000186,34.21
527,1,0,accepted,0.0408846150334492,-0.345612001896164,484307.399354217,4976958.36137505,-1.13872085269722,76.261
528,1,0,accepted,0.0591481340207169,-0.356761871194722,484307.927880027,4976957.23894376,-1.14048827344441,89.534
529,1,0,accepted,0.0728885404537547,-0.367730937810894,484308.448725557,4976956.14695527,-1.14292289354492,23.601
530,1,0,accepted,0.0880579474408964,-0.307477425750835,484308.973765232,4976955.02158491,-1.14473127964829,31.493
531,1,0,accepted,0.106388532769907,-0.299077134571758,484309.497834552,4976953.8889189,-1.1476063397512,21.761
532,1,0,accepted,0.12188414676864,-0.28630049845267,484310.022198329,4976952.75995367,-1.15061676676395,30.141
533,1,0,accepted,0.135725245342429,-0.237341461264337,484310.55330761,4976951.61814954,-1.15360531809679,17.155
534,1,0,accepted,0.139550407749914,-0.0637955380782155,484311.086955151,4976950.491623,-1.15463744504371,37.599
535,1,0,accepted,0.141106247294625,0.0178775991730058,484311.616299328,4976949.36492855,-1.15685168964661,25.087
536,1,0,accepted,0.147570315637558,0.0478133387549639,484312.131455042,4976948.23940305,-1.15983256646856,31.623
537,1,0,accepted,0.155276150706116,0.104627256678187,484312.643962852,4976947.10930006,-1.16274377783368,30.816
538,1,0,accepted,0.159423934353508,0.0954840059115693,484313.146875293,4976945.98442003,-1.16607512259273,21.001
539,1,0,accepted,0.158463213230349,0.12344984607368,484313.65049298,4976944.85365571,-1.16934208557429,35.366
540,1,0,accepted,0.157016664381946,0.18860711271615,484314.14862894,4976943.73047215,-1.1723909390337,26.101
541,1,0,accepted,0.13820799300652,0.269562134940395,484314.650014457,4976942.61850391,-1.17467548344781,23.004
542,1,0,accepted,0.141572838572248,0.27975401709369,484315.126499885,4976941.50628678,-1.17838704890803,24.076
543,1,0,accepted,0.147266162711569,0.274110325846785,484315.613055663,4976940.3460761,-1.1819776977098,24.19
544,1,0,accepted,0.138664425510822,0.345236968938117,484316.081772763,4976939.23758139,-1.18420561121215,21.225
545,1,0,accepted,0.138701664775756,0.365071652088533,484316.554058914,4976938.10670622,-1.1873128182649,20.102
546,1,0,accepted,0.144635875144022,0.352627389851093,484317.011329473,4976936.98752407,-1.19125763031523,23.153
547,1,0,accepted,0.152102489909229,0.329472730999023,484317.459865116,4976935.87933013,-1.1952532380349,19.581
548,1,0,accepted,0.154015884771334,0.315427385944105,484317.918644797,4976934.76064478,-1.19909931307153,18.683
549,1,0,accepted,0.16242363537678,0.352704313050034,484318.376225881,4976933.61433788,-1.20218889143863,18.26
550,1,0,accepted,0.177380975562458,0.368280145244834,484318.810955344,4976932.51397713,-1.20549702140996,21.672
551,1,0,accepted,0.142430792364572,0.104550799480606,484319.299383006,4976931.36254608,-1.21425550679983,41.212
552,1,0,accepted,0.14629133594588,0.118401877477575,484319.746650645,4976930.20401358,-1.21771866023784,23.525
553,1,0,accepted,0.151416046156538,0.161286395865218,484320.187874653,4976929.04295802,-1.22067423061726,19.363
554,1,0,accepted,0.127723537193607,0.211964232816366,484320.652808096,4976927.90528937,-1.22357813253569,18.049
555,1,0,accepted,0.13244458745382,0.376316870217065,484321.083885,4976926.76382733,-1.22427238526668,31.116
556,1,0,accepted,0.117143375914321,0.393441107358969,484321.523419805,4976925.62481188,-1.22735625934268,24.377
557,1,0,accepted,0.105848416222879,0.340856043084651,484321.968412014,4976924.43330953,-1.23208500883533,17.608
558,1,0,accepted,0.108787415330714,0.345761753544786,484322.400812786,4976923.25163524,-1.2357255500019,16.964
559,1,0,accepted,0.108005229159876,0.474054171594763,484322.834928779,4976922.0692459,-1.236926153384,21.275
560,1,0,accepted,0.103002355785842,0.494168205748581,484323.260078121,4976920.90504937,-1.24047295990375,30.456
561,1,0,accepted,0.0945623028406657,0.496528326140546,484323.676762931,4976919.75252882,-1.24388785795981,20.237
562,1,0,accepted,0.0935270965260108,0.46697763692142,484324.094063989,4976918.5751522,-1.24777442414059,24.762
563,1,0,accepted,0.0931244986566878,0.500682505720987,484324.491940573,4976917.42317441,-1.25104517485077,21.789
564,1,0,accepted,0.0988450946846516,0.425900757001233,484324.897534095,4976916.2427234,-1.25557590441773,21.949
565,1,0,accepted,0.101875852827819,0.412725093655884,484325.287180904,4976915.07964791,-1.25915794700595,54.206
566,1,0,accepted,0.0154533669199209,0.173429703656807,484325.718897978,4976913.98843948,-1.26642135273325,36.352
567,1,0,accepted,0.0400859278899652,0.181043377769953,484326.084988019,4976912.80370786,-1.26969849609353,23.148
568,1,0,accepted,0.0423827346476537,0.184833134261648,484326.464721863,4976911.63931025,-1.27284415295474,60.973
569,1,0,accepted,0.0564483229475195,0.191087053326196,484326.842815426,4976910.45060232,-1.2759795897861,30.964
570,1,0,accepted,0.0561767852411385,0.165712374275353,484327.217158816,4976909.28371356,-1.27941030373627,22.895
571,1,0,accepted,0.0606076079036499,0.146347865783649,484327.582541019,4976908.11473366,-1.28277186853714,21.526
572,1,0,accepted,0.00522337449771336,-0.14438846184168,484328.001890514,4976906.95765196,-1.29084991704871,26.465
573,1,0,accepted,0.0096544018097407,-0.221603334163033,484328.379329934,4976905.79257607,-1.29508165433999,27.913
574,1,0,accepted,0.0251893148761583,-0.287730265376451,484328.751047874,4976904.62426989,-1.29897586422099,21.851
575,1,0,accepted,0.0337315751926302,-0.368826034406545,484329.101488407,4976903.46670791,-1.30311819648608,21.82
576,1,0,accepted,0.0428912700497432,-0.392245242913907,484329.43830996,4976902.30646019,-1.306092606659,25.302
577,1,0,accepted,0.0520650061440969,-0.475897598082042,484329.785420226,4976901.13824673,-1.31011199071866,19.645
578,1,0,accepted,0.053611691979516,-0.426151905155439,484330.116200085,4976899.95722301,-1.31125225205254,34.147
579,1,0,accepted,0.0648109850736216,-0.348115139305883,484330.447525948,4976898.78312808,-1.31220450616252,21.55
580,1,0,accepted,0.0605095922609089,-0.263725604581455,484330.812989323,4976897.61423788,-1.31237167621354,20.814
581,1,0,accepted,0.0591086147558698,-0.306988614543002,484331.156276747,4976896.43177459,-1.31463630729904,18.538
582,1,0,accepted,0.0629912837257734,-0.369825820400503,484331.506747387,4976895.24923741,-1.31720465615575,18.834
583,1,0,accepted,0.0573000985907904,-0.290234235947685,484331.828106619,4976894.08525009,-1.31788367686189,28.325
584,1,0,accepted,0.0580473326806431,-0.322969907480966,484332.15949265,4976892.90407469,-1.3199739114218,25.358
585,1,0,accepted,0.0540968193177494,-0.342367248639035,484332.479028324,4976891.71605594,-1.32198435945855,29.384
586,1,0,accepted,0.0582123417823704,-0.240140748930215,484332.791564302,4976890.52233073,-1.32170486248976,30.531
587,1,0,accepted,0.0670238145383424,-0.266870552824625,484333.107310797,4976889.33513152,-1.32356484712863,31.519
588,1,0,accepted,0.0744501416627827,-0.220005436885653,484333.424305738,4976888.14469124,-1.32422736620746,30.831
589,1,0,accepted,0.0863028200468636,-0.209322818962593,484333.737609897,4976886.95925745,-1.32536662798705,26.883
590,1,0,accepted,0.108742334543003,-0.216821212690408,484334.044661855,4976885.76040224,-1.32701425842229,27.831
591,1,0,accepted,0.134733920950197,-0.216539666524396,484334.347904198,4976884.56408088,-1.32846108768865,34.137
592,1,0,accepted,0.160429005980025,-0.218598628273021,484334.648821923,4976883.3716789,-1.3299545320051,22.074
593,1,0,accepted,0.216582029627067,-0.198157433613203,484334.936976867,4976882.14411362,-1.33093715306993,21.95
594,1,0,accepted,0.201388228534972,-0.245791828413502,484335.251818407,4976881.00525157,-1.33331788905144,19.229
595,1,0,accepted,0.215166125815565,-0.210861011709232,484335.553253087,4976879.82771121,-1.33424415437391,15.853
596,1,0,accepted,0.229085295966244,-0.178295376358066,484335.847510596,4976878.67088617,-1.33524196236061,15.233
597,1,0,accepted,0.24952615614108,-0.154936207941425,484336.141466769,4976877.50465022,-1.3363307699393,13.103
598,1,0,accepted,0.274811235439013,-0.129628761009038,484336.43938384,4976876.35476643,-1.33686358637861,19.972
599,1,0,accepted,0.210578488188478,0.140125763958397,484336.80770502,4976875.28057156,-1.33343324914323,20.303
600,1,0,accepted,0.189229529074709,0.332881281977123,484337.147495252,4976874.18105841,-1.33175645603774,19.733
601,1,0,accepted,0.219569227723915,0.787880982699126,484337.536040978,4976873.20941169,-1.32536128570314,18.978
602,1,0,accepted,0.216322821464874,0.798223059140592,484337.862912951,4976872.07802696,-1.32684440255767,15.453
603,1,0,accepted,0.21395871363889,0.829894536001337,484338.170260464,4976870.94005009,-1.32813178616749,16.831
604,1,0,accepted,0.205350666899705,0.815238776564231,484338.478719407,4976869.80036621,-1.33049049485769,15.903
605,1,0,accepted,0.18133057690525,0.604978538655601,484338.803348207,4976868.65500898,-1.33589772718703,17.469
606,1,0,accepted,0.176583333974254,0.558853669329957,484339.090532716,4976867.50871943,-1.33892127078797,14.852
607,1,0,accepted,0.163496194442162,0.426256362589497,484339.377353047,4976866.34551798,-1.34379505050142,21.014
608,1,0,accepted,0.168097745974838,0.463784067115973,484339.639922674,4976865.20160557,-1.34567067071342,21.298
609,1,0,accepted,0.142185648624757,0.223246380534536,484339.924698174,4976864.05819005,-1.35259726349247,16.394
610,1,0,accepted,0.14199892838316,0.311176875199962,484340.189536463,4976862.91524445,-1.3542831770216,14.72
611,1,0,accepted,0.143621678798117,0.419399934160043,484340.449591558,4976861.75832407,-1.3558730607155,15.566
612,1,0,accepted,0.142054520096807,0.616573219336583,484340.687867322,4976860.69696604,-1.3558886247881,16.733
613,1,0,accepted,0.134193164513861,0.694513886566008,484340.949672418,4976859.54892752,-1.35856017058539,14.562
614,1,0,accepted,0.123349441786663,0.874713088267307,484341.210448105,4976858.41684277,-1.35994435640727,17.118
615,1,0,accepted,0.112998256273895,0.894150737964872,484341.468936579,4976857.27491627,-1.36508285640124,18.834
616,1,0,accepted,0.126721736623946,0.584858171419888,484341.711663865,4976856.10290954,-1.3768162794853,24.11
617,1,0,accepted,0.171137065522751,0.103150444118159,484341.934324375,4976854.92564059,-1.39206655979077,39.023
618,1,0,accepted,0.191518241540834,0.13560565396501,484342.161833972,4976853.76311403,-1.39865222122305,22.012
619,1,0,accepted,0.227626178162951,0.0894405238712546,484342.362821872,4976852.60828977,-1.4075427714374,15.77
620,1,0,accepted,0.23796870471535,0.172552354738858,484342.571509753,4976851.48063638,-1.41419732357481,18.058
621,1,0,accepted,0.200564931533804,0.511718721801523,484342.805150457,4976850.39492224,-1.41722799665395,23.626
622,1,0,accepted,0.183957840992663,0.706167258319235,484343.015333837,4976849.28411264,-1.4237661213492,25.642
623,1,0,accepted,0.144345458772415,1.03652700759455,484343.237315603,4976848.18584121,-1.42953127396513,16.071
624,1,0,accepted,0.149356679317395,1.02542402221791,484343.410064358,4976847.05727182,-1.44135177434223,13.772
625,1,0,accepted,0.168245452179909,0.904701894777989,484343.558346759,4976845.91283683,-1.45562429706154,19.405
626,1,0,accepted,0.175507029119015,0.899308517965156,484343.69766213,4976844.78978769,-1.46794320741036,31.106
627,1,0,accepted,0.194870384154445,0.814338403030478,484343.814731072,4976843.63932117,-1.48141858280771,16.171
628,1,0,accepted,0.199767434526078,0.726488908966892,484343.929753055,4976842.50306572,-1.49499013636515,24.924
629,1,0,accepted,0.201649448494612,0.690298702093773,484344.037341964,4976841.35568079,-1.50808713405485,27.204
630,1,0,accepted,0.0462977581330957,0.253926272157214,484344.276779849,4976840.37647995,-1.52741385180544,23.423
631,1,0,accepted,0.0509432608093447,0.00410232456755057,484344.408398565,4976839.22743759,-1.54428006178365,20.531
632,1,0,accepted,0.0438915272541427,0.284977398346821,484344.409925598,4976838.10375501,-1.55198595159923,34.757
633,1,0,accepted,0.0419899176440313,0.175227534524932,484344.453437163,4976836.9688704,-1.56488441909056,24.43
634,1,0,accepted,0.0213433418762202,-0.0474279233750612,484344.509946334,4976835.82041602,-1.58009925953652,31.529
635,1,0,accepted,0.0335258479876913,0.147295993821364,484344.481219009,4976834.6943171,-1.58690989646411,29.979
636,1,0,accepted,0.0352477560075498,0.0944834475738105,484344.476603572,4976833.55206589,-1.59731863487136,21.266
637,1,0,accepted,0.0388981291248463,0.00697293578817814,484344.463931839,4976832.40508539,-1.60731206594545,22.686
638,1,0,accepted,0.0575264852872825,-0.0898663078551737,484344.431187962,4976831.25609164,-1.6162267917277,36.052
639,1,0,accepted,0.0791509858303692,-0.187868967417364,484344.389834267,4976830.10630781,-1.6240835340868,27.174
640,1,0,accepted,0.10920929348001,-0.157695895373849,484344.328208222,4976828.94616614,-1.62888345158154,20.179
641,1,0,coarseRetainedByTrustRadius,0.0529135704289353,-0.173684024274148,484344.362643243,4976827.91514194,-1.63417090443398,24.948
642,1,0,coarseRetainedByTrustRadius,0.0588890399204676,-0.127660946832899,484344.28815222,4976826.7598148,-1.63814314576366,21.389
643,1,0,coarseRetainedByTrustRadius,0.0815993652992658,-0.0248564196122091,484344.208878174,4976825.61028181,-1.64095469887239,27.624
644,1,0,coarseRetainedByTrustRadius,0.103771936331164,0.0723699216354994,484344.125387227,4976824.45036826,-1.64311358766428,24.141
645,1,0,coarseRetainedByTrustRadius,0.114562692708906,0.198544144264483,484344.050466354,4976823.29242162,-1.64447179230856,38.069
646,1,0,coarseRetainedByTrustRadius,0.123011505595005,0.20921748852219,484343.974445685,4976822.13763293,-1.64793443061515,33.596
647,1,0,coarseRetainedByTrustRadius,0.126859205305703,0.0822007751669797,484343.900843133,4976820.97056254,-1.6536307975202,45.614
648,1,0,accepted,0.0565166161421358,0.0188797572627233,484343.934630417,4976819.88853752,-1.65772776032603,31.921
649,1,0,accepted,0.0637220035907869,-0.264081061854067,484343.812673939,4976818.645917,-1.66500290147242,38.519
650,1,0,accepted,0.0375115726521555,0.0338382704814906,484343.755725316,4976817.52329135,-1.66145303211853,25.022
651,1,0,accepted,0.0403016487567761,-0.00465115392232688,484343.660905116,4976816.34153013,-1.66373312519029,27.23
652,1,0,accepted,0.0497220732391154,-0.00543927391875072,484343.56073961,4976815.1626431,-1.66432485474909,27.323
653,1,0,accepted,0.108318720702029,-0.195797144884402,484343.420490144,4976813.92888021,-1.66817036592589,29.025
654,1,0,accepted,0.114496624528329,-0.175059756298582,484343.323410921,4976812.76016706,-1.66830023711215,26.517
655,1,0,accepted,0.121236222577668,-0.133771454038651,484343.223733069,4976811.57328728,-1.66804347351813,28.36
656,1,0,accepted,0.135771371357429,-0.0977400093056556,484343.120437439,4976810.3755654,-1.66787475978279,29.589
657,1,0,accepted,0.141142878306972,-0.09005074850945,484343.016342052,4976809.18889985,-1.66789209396515,35.249
658,1,0,accepted,0.156044438251598,-0.0824524117997689,484342.906951154,4976807.98162542,-1.66798368107176,26.398
659,1,0,accepted,0.17452300818522,-0.0726913017639165,484342.79774877,4976806.77385854,-1.66804832608826,21.951
660,1,0,accepted,0.193716196429873,-0.0543508286076691,484342.688649016,4976805.56118149,-1.66816605509019,22.544
661,1,0,accepted,0.202022581179105,-0.033155879845447,484342.582435037,4976804.35953764,-1.66810033906327,36.262
662,1,0,accepted,0.210279486936969,-0.0223256980265589,484342.476909095,4976803.14793662,-1.66843396171695,22.251
663,1,0,accepted,0.136305936992706,-0.121540458344291,484342.45455933,4976801.95665953,-1.67108540789813,22.056
664,1,0,accepted,0.155328372803817,-0.140565473247567,484342.3437047,4976800.72480032,-1.67154187969928,21.578
665,1,0,accepted,0.176011239535556,-0.0864916195316841,484342.22250793,4976799.50497463,-1.67134937291364,18.274
666,1,0,accepted,0.0556684333441679,0.0348893019250603,484342.2109501,4976798.39536448,-1.66996970479919,42.863
667,1,0,accepted,0.078527433271717,0.124319397695969,484342.08691198,4976797.17568662,-1.66940252374263,100.912
668,1,0,coarseRetainedByTrustRadius,0.237484271755289,0.279486520265299,484341.841459579,4976795.86438024,-1.6674860080206,24.988
669,1,0,accepted,0.0737221719709379,0.0548999976449857,484341.887670212,4976794.72026419,-1.67214748690423,26.692
670,1,0,accepted,0.0818877818912053,0.0352373375454809,484341.775109415,4976793.48474987,-1.67286567326908,20.132
671,1,0,accepted,0.0795804477361779,0.00134317567370639,484341.673557541,4976792.24085529,-1.67386677410118,22.518
672,1,0,accepted,0.0799251056045056,-0.0749418658994257,484341.569125602,4976791.01113843,-1.67594032613461,26.148
673,1,0,accepted,0.0734515443319352,-0.127412795430302,484341.474665332,4976789.77361579,-1.67758637932019,23.67
674,1,0,accepted,0.0766188726890705,-0.106123775204105,484341.36115376,4976788.55027609,-1.67776949994636,19.783
675,1,0,accepted,0.0870572368714991,-0.0936369770306183,484341.240452773,4976787.31877447,-1.67785731007887,24.052
676,1,0,accepted,0.0939157378870523,-0.102050430712123,484341.12072204,4976786.09246571,-1.67841866803629,22.641
677,1,0,accepted,0.109785226788563,-0.0479950337538352,484340.99772265,4976784.84546087,-1.67808796031651,30.769
678,1,0,accepted,0.126916187158891,-0.056299459410863,484340.870468671,4976783.6003125,-1.67896802538288,16.828
679,1,0,accepted,0.125330757973157,0.0326708713620205,484340.759274019,4976782.34404251,-1.67800505831476,22.188
680,1,0,accepted,0.121866452092023,0.115204729329481,484340.654265257,4976781.12050846,-1.67739686002508,17.189
681,1,0,accepted,0.122627424888687,0.145221081911572,484340.541177672,4976779.87134464,-1.67708585818117,18.168
682,1,0,accepted,0.0894921732526348,0.289726842234179,484340.455784026,4976778.64016265,-1.67526227891195,18.348
683,1,0,accepted,0.0740403908091576,0.308553401087178,484340.348004366,4976777.41028619,-1.67516144305539,20.013
684,1,0,accepted,0.0537288485263848,0.266750012420023,484340.25178994,4976776.20709299,-1.67630772010084,21.941
685,1,0,accepted,0.0618545864169918,0.265171932998017,484340.137052815,4976774.97894927,-1.67643873346141,18.53
686,1,0,accepted,0.104317250625299,0.244997209192166,484340.050288349,4976773.78485079,-1.67700137977378,49.104
687,1,0,accepted,0.104082252611084,0.254887286246049,484339.930388739,4976772.55585393,-1.67711551430988,27.3
688,1,0,accepted,0.111501442591437,0.263157493290455,484339.806752128,4976771.30983934,-1.67735807875131,34.943
689,1,0,accepted,0.118046876386774,0.268752361585059,484339.679220198,4976770.06454567,-1.67746808038335,23.181
690,1,0,accepted,0.112755051280068,0.255214707324297,484339.550143206,4976768.79950659,-1.67792746692181,41.105
691,1,0,accepted,0.112633619380847,0.274965210931801,484339.414208966,4976767.5356149,-1.67790871246405,27.096
692,1,0,accepted,0.111389504658223,0.237830650766988,484339.283002322,4976766.26850952,-1.67841835361338,30.178
693,1,0,accepted,0.105567082031052,0.252459280954629,484339.158370377,4976765.02171062,-1.67837814545573,20.189
694,1,0,accepted,0.0925809464805218,0.270045417763652,484339.030232709,4976763.74615217,-1.67863877955186,25.863
695,1,0,accepted,0.0855119951138888,0.330559194579276,484338.901766534,4976762.46978103,-1.67848280306828,15.641
696,1,0,accepted,0.0834501601361677,0.372550000246998,484338.774147137,4976761.19369711,-1.67856006768401,29.911
697,1,0,accepted,0.0859965071227451,0.3924433204988,484338.648781698,4976759.91580467,-1.67878359493116,19.88
698,1,0,accepted,0.0968057502095281,0.399002848302798,484338.522670623,4976758.64547952,-1.67933671979843,16.172
699,1,0,accepted,0.109340060122972,0.404489093205178,484338.393830813,4976757.36620371,-1.68002026457727,25.259
700,1,0,accepted,0.135161321373157,0.345124504276943,484338.263382364,4976756.10254793,-1.68201725403408,15.939
701,1,0,accepted,0.158553783814515,0.366442028519708,484338.132349449,4976754.83308977,-1.68236343300153,20.26
702,1,0,accepted,0.196844141249648,0.183363118144049,484337.980976518,4976753.56024586,-1.68641560869397,24.991
703,1,0,accepted,0.217081726127921,0.149842141185842,484337.842203279,4976752.30069571,-1.68739424544388,14.764
704,1,0,accepted,0.243539028591789,0.127093493499443,484337.690330081,4976751.04283918,-1.68902377215629,16.547
705,1,0,accepted,0.185489492771372,0.249005801486555,484337.59976099,4976749.84717324,-1.68715335283555,13.166
706,1,0,accepted,0.170216539839522,0.220149360972438,484337.470908776,4976748.63836013,-1.68815156733279,13.343
707,1,0,accepted,0.149419884332288,0.303246001098874,484337.345254099,4976747.43711256,-1.68767174578604,26.449
708,1,0,accepted,0.127320901532273,0.321602327508501,484337.222880705,4976746.23118867,-1.68824577720473,33.13
709,1,0,accepted,0.107863295946638,0.325074756916423,484337.101386935,4976745.04099049,-1.68903358511105,27.931
710,1,0,accepted,0.106600061090109,0.348228444925499,484336.975957001,4976743.85123463,-1.6900283404228,22.784
711,1,0,accepted,0.102334931371524,0.229758316126534,484336.840933349,4976742.61776315,-1.6939004248259,19.917
712,1,0,accepted,0.109557097583482,0.107475736506337,484336.68873056,4976741.35621198,-1.69812451297688,50.262
713,1,0,accepted,0.0612267213980872,-0.108545272065872,484336.613464783,4976740.17387334,-1.70484211660994,43.385
714,1,0,accepted,0.0855938348526041,-0.0380061433287207,484336.432628932,4976738.93267791,-1.70598167312514,77.242
715,1,0,accepted,0.0937648039393503,-0.29947691479336,484336.339706119,4976737.58064524,-1.71430922406473,36.425
716,1,0,accepted,0.104349611050071,-0.194149052508878,484336.167024033,4976736.35553446,-1.71649323372834,29.427
717,1,0,accepted,0.117327141621502,0.0994153633476952,484335.949158182,4976735.23246872,-1.71606568779709,34.424
718,1,0,accepted,0.1110814437364,-0.137971955688551,484335.824566788,4976733.94145207,-1.72568972570806,27.007
719,1,0,accepted,0.130667328884447,-0.117875136757286,484335.649740901,4976732.70583014,-1.73106511721395,25.515
720,1,0,accepted,0.167737636366,0.149360399431109,484335.456616674,4976731.48434101,-1.732777135168,27.298
721,1,0,accepted,0.139650732429583,0.402870485519013,484335.274495896,4976730.34867325,-1.73434182775262,18.162
722,1,0,accepted,0.183376081968387,0.116651630110509,484335.084990854,4976729.0666324,-1.74519683253485,23.843
723,1,0,accepted,0.13290031250551,0.219673815694179,484334.926726757,4976727.90451198,-1.74942366762974,26.469
724,1,0,accepted,0.132802889880587,0.338402413306436,484334.738210278,4976726.69642188,-1.75361456891684,36.476
725,1,0,accepted,0.159897540832269,0.4055179914453,484334.522861318,4976725.4820505,-1.75911479143938,27.917
726,1,0,accepted,0.165782429140455,0.417064790006431,484334.320879134,4976724.2888172,-1.76566190900623,23.688
727,1,0,accepted,0.169696012769718,0.34003942614651,484334.099761773,4976723.08214071,-1.77311014921551,19.844
728,1,0,accepted,0.168839094352129,0.281236080524199,484333.869620744,4976721.90371792,-1.78051360538921,24.734
729,1,0,accepted,0.171133468113616,0.309591142277806,484333.630537069,4976720.73565059,-1.78643390606067,25.921
730,1,0,accepted,0.12272736742002,0.234035810379035,484333.419196356,4976719.60875324,-1.79261826546416,26.038
731,1,0,accepted,0.108007480482586,0.340852859716222,484333.176563676,4976718.45550892,-1.7970689480672,31.924
732,1,0,accepted,0.0924384079716174,0.370040214861756,484332.931817696,4976717.30243691,-1.80155380349108,32.622
733,1,0,accepted,0.0730419623000352,0.436316062122796,484332.68904935,4976716.13739319,-1.80514845960949,20.827
734,1,0,accepted,0.0552274747782764,0.394399272506888,484332.431699309,4976715.01917487,-1.81038512232265,22.878
735,1,0,accepted,0.0382561314948776,0.420251083527192,484332.18018243,4976713.88703916,-1.81372795385595,17.68
736,1,0,accepted,0.0288961921313,0.363152686614772,484331.922177171,4976712.74287524,-1.81831721065574,22.379
737,1,0,accepted,0.0766039062446777,0.177306716445766,484331.71010407,4976711.65058923,-1.82487660787433,25.994
738,1,0,accepted,0.0674043444789981,0.215732676634529,484331.418834403,4976710.5004763,-1.82753482705351,26.318
739,1,0,accepted,0.070188822097561,0.193112712593674,484331.141531926,4976709.37082744,-1.83092503878743,26.783
740,1,0,accepted,0.024348510731904,0.338736578097053,484330.824424902,4976708.17934386,-1.83095619381605,21.999
741,1,0,accepted,0.0342698275306662,0.325651310931353,484330.528719251,4976707.03471499,-1.83317304951523,21.602
742,1,0,accepted,0.0371684293265493,0.24895361414416,484330.240605095,4976705.90222262,-1.83643676875067,22.306
743,1,0,accepted,0.0253150857364034,0.015801455938466,484329.964692039,4976704.77314707,-1.84179804683397,37.241
744,1,0,accepted,0.0452355862963051,0.0127876443368957,484329.657158071,4976703.64600658,-1.84296677147486,25.857
745,1,0,accepted,0.0684519355222091,0.0382535680670762,484329.347565965,4976702.51216562,-1.84371531650105,30.578
746,1,0,accepted,0.0928324411974242,0.0539861051761163,484329.036255519,4976701.36714971,-1.84456524810715,36.66
747,1,0,accepted,0.123656037687214,0.121049309383412,484328.72671139,4976700.23715787,-1.84434386118827,27.533
748,1,0,accepted,0.14338109478434,0.0854768080079392,484328.406886241,4976699.13675709,-1.84561221416049,25.423
749,1,0,accepted,0.150013659793133,0.0274130784829453,484328.10738254,4976698.03379247,-1.84760653373041,29.421
750,1,0,accepted,0.156496703004782,0.158180488761392,484327.808494153,4976696.92423975,-1.84550721060262,30.171
751,1,0,accepted,0.16541385754154,0.212673470340436,484327.507204205,4976695.8136069,-1.84511200187049,25.896
752,1,0,accepted,0.115124692781173,0.580035257934576,484327.258737054,4976694.73341622,-1.83949220044721,27.929
753,1,0,accepted,0.104301563610975,0.591270676025089,484326.974204908,4976693.65737003,-1.83933195259484,26.189
754,1,0,accepted,0.096116140539921,0.619065558091299,484326.688432204,4976692.5716434,-1.8398011577241,28.948
755,1,0,accepted,0.0945364751947943,0.603934163954995,484326.398600812,4976691.49241623,-1.84031440693364,24.703
756,1,0,accepted,0.0916195289242672,0.623466304109031,484326.113414899,4976690.42324265,-1.84031415088614,27.913
757,1,0,accepted,0.0929394477832019,0.57612142085725,484325.827986341,4976689.35449965,-1.841280865464,31.295
758,1,0,accepted,0.0986892200923734,0.582081313854031,484325.532984741,4976688.27093624,-1.84171632229978,32.054
759,1,0,accepted,0.0988777938002652,0.558756105164311,484325.242905021,4976687.18863521,-1.84162568015222,27.486
760,1,0,accepted,0.107425149953997,0.507255400138872,484324.953636967,4976686.13163394,-1.84106921610084,30.267
761,1,0,accepted,0.118012746646909,0.535598409396498,484324.664119041,4976685.06976291,-1.83919943665021,50.062
762,1,0,accepted,0.130471222332501,0.481455767418239,484324.370844884,4976684.01455095,-1.83714201913897,34.01
763,1,0,accepted,0.0987585954507488,0.277471378061856,484324.098587329,4976682.90611317,-1.83713709605547,35.682
764,1,0,accepted,0.157227473935714,0.449799687638522,484323.80433606,4976681.93241327,-1.82979085712543,33.433
765,1,0,accepted,0.103711724447327,0.106875264007631,484323.547587771,4976680.81072961,-1.83127972810529,43.25
766,1,0,accepted,0.108990031729316,0.00713480847925524,484323.282480388,4976679.77817572,-1.82849473451985,27.236
767,1,0,accepted,0.119525023242904,0.0476725535826823,484323.019831113,4976678.7619776,-1.82287522514151,26.467
768,1,0,accepted,0.148265229807848,-0.0415228277360078,484322.744938822,4976677.75278157,-1.81885687425443,26.155
769,1,0,accepted,0.17592280099285,-0.0787276792922581,484322.477604188,4976676.7450015,-1.81365436536146,17.784
770,1,0,accepted,0.197046417365456,-0.150491110385957,484322.222226898,4976675.7392111,-1.80764395653527,22.07
771,1,0,accepted,0.191950197740154,0.0166642217546346,484322.001267787,4976674.73622952,-1.79722490433801,25.326
772,1,0,accepted,0.193913349259846,0.0779131286116187,484321.782290728,4976673.73861573,-1.78804932580346,26.536
773,1,0,accepted,0.200878470033962,0.105734652245351,484321.573423178,4976672.77135059,-1.77910156298288,21.555
774,1,0,accepted,0.192346161257549,0.525546415686756,484321.392135905,4976671.82476234,-1.76231614729546,27.398
775,1,0,accepted,0.165040191820425,0.380119429014832,484321.247093948,4976670.92393352,-1.75591977995363,29.382
776,1,0,accepted,0.159092474143126,0.376975518914977,484321.083238762,4976669.98887476,-1.74559804588153,49.401
777,1,0,accepted,0.133950574536939,0.323910488126313,484320.94369706,4976669.03363895,-1.73526841205274,41.219
778,1,0,accepted,0.134467226630216,0.62533238477408,484320.78368859,4976668.07894196,-1.71871132029726,50.4
779,1,0,accepted,0.14498957061993,0.7743709023846,484320.637176196,4976667.12067122,-1.70429599509262,47.481
780,1,0,accepted,0.0683293317372172,0.000762263295843258,484320.615620792,4976666.31869389,-1.7055105758875,56.912
781,1,0,accepted,0.0507996113590634,0.190553515445106,484320.484122797,4976665.38542164,-1.68956188021659,43.197
782,1,0,accepted,0.0578406200496851,0.18056944726166,484320.364143229,4976664.48082835,-1.67640209817507,28.809
783,1,0,accepted,0.0627779173304211,0.101932386541474,484320.261022901,4976663.58039771,-1.66384331562406,27.615
784,1,0,accepted,0.0701432866887694,0.105867798059169,484320.174035579,4976662.70455645,-1.64897117461292,20.58
785,1,0,accepted,0.0750551512582866,0.178390348098399,484320.103622088,4976661.82954457,-1.63250455583166,21.704
786,1,0,accepted,0.0849523736332502,0.133082412435811,484320.040750354,4976660.97638128,-1.61770328696074,21.398
787,1,0,accepted,0.0842700003106024,0.224329501748943,484320.003801341,4976660.12491133,-1.59919162503085,23.64
788,1,0,accepted,0.097816107147503,0.266786935265243,484319.971827239,4976659.27904307,-1.58117287627431,22.616
789,1,0,accepted,0.0763458978164758,0.32283634856869,484319.976390373,4976658.4711321,-1.56186492676613,25.125
790,1,0,accepted,0.0921072759633133,0.464406885322511,484319.973938956,4976657.62156711,-1.54042017329006,25.543
791,1,0,accepted,0.075983958595408,0.390903941558339,484319.993472442,4976656.84930404,-1.52216808864226,22.835
792,1,0,accepted,0.0693593826363051,0.305623425323633,484320.033449739,4976656.09466793,-1.50343461570592,50.183
793,1,0,accepted,0.0756294210641589,0.310698271626131,484320.070218437,4976655.26476582,-1.48225594480737,35.95
794,1,0,accepted,0.0832182073496744,0.301057822455946,484320.128911185,4976654.45451319,-1.46089634869863,28.15
795,1,0,accepted,0.089081132110482,0.254438629003314,484320.205898683,4976653.65572696,-1.43922187612194,27.78
796,1,0,accepted,0.107023854700548,0.208788552929168,484320.293946502,4976652.84919434,-1.41721170570533,38.081
797,1,0,accepted,0.0977610275231487,0.126677991540741,484320.414607927,4976652.07250971,-1.3949671049363,27.921
798,1,0,accepted,0.0900887430207302,0.0325888326899553,484320.546627775,4976651.29083315,-1.37286933621074,29.691
799,1,0,accepted,0.10268300799521,0.0397101597915083,484320.69565137,4976650.4990437,-1.3486586784959,33.874
800,1,0,accepted,0.132596532375026,0.146027497362896,484320.859647377,4976649.71034641,-1.32266743709967,31.177
801,1,0,accepted,0.160606561114981,0.107260519749451,484321.039507644,4976648.94791777,-1.29968983322068,33.038
802,1,0,accepted,0.186359072257376,0.0800730258427866,484321.243458002,4976648.19181712,-1.27644953358546,42.164
803,1,0,accepted,0.217738439210492,0.14991138251995,484321.466903143,4976647.43350234,-1.25132124033388,32.196
804,1,0,accepted,0.249586706954269,0.196921544254559,484321.706810366,4976646.70056303,-1.22719821891184,25.609
805,1,0,accepted,0.288275099151329,0.167714186904885,484321.96006075,4976645.95847564,-1.20417416971331,21.176
806,1,0,accepted,0.325783030661163,0.22759863533028,484322.231340849,4976645.2333758,-1.17994683406232,34.515
807,1,0,accepted,0.367668960801925,0.385511291874922,484322.532714105,4976644.5149946,-1.15406605204484,28.791
808,1,0,accepted,0.40714645092947,0.802218813458251,484322.8368954,4976643.77532266,-1.12378626162696,29.838
809,1,0,accepted,0.418423801442851,0.816279087374297,484323.157952294,4976643.08603498,-1.10121949612372,50.468
810,1,0,coarseRetainedByTrustRadius,0.266250333354922,0.583899546280087,484323.407399241,4976642.53819547,-1.08238312776047,32.485
811,1,0,coarseRetainedByTrustRadius,0.165253011012632,1.13192631304304,484323.706035652,4976641.96972164,-1.0502510323053,34.51
812,1,0,coarseRetainedByTrustRadius,0.179214319563004,0.909239016971198,484324.07486276,4976641.30147877,-1.03183190754985,25.888
813,1,0,coarseRetainedByTrustRadius,0.185856287538631,0.84938301733882,484324.457053746,4976640.64638975,-1.01049670412912,23.338
814,1,0,accepted,0.0722311953407418,0.45463406063739,484324.776861662,4976640.12333739,-0.994961237887636,23.342
815,1,0,coarseRetainedByTrustRadius,0.177772276747188,0.463085435305288,484325.252449613,4976639.37813909,-0.972519072568547,28.315
816,1,0,coarseRetainedByTrustRadius,0.167334742395433,0.583629551076269,484325.671892502,4976638.75938202,-0.94765630970486,31.894
817,1,0,coarseRetainedByTrustRadius,0.167820245447289,0.589832641207106,484326.098022582,4976638.14566633,-0.925401238660247,27.462
818,1,0,coarseRetainedByTrustRadius,0.169459621270443,0.293236045757983,484326.523629777,4976637.54121188,-0.908164445945203,33.453
819,1,0,coarseRetainedByTrustRadius,0.146508965921508,0.38856167455996,484326.978922171,4976636.97118761,-0.883830539447221,38.101
820,1,0,accepted,0.0999973238451441,0.143313171573527,484327.354427499,4976636.57543644,-0.865636642876027,29.362
821,1,0,accepted,0.101977888790614,0.169076916048487,484327.847212849,4976636.0081874,-0.842443487984047,129.636
822,1,0,accepted,0.0969938131724131,0.113384601269979,484328.346510393,4976635.43058957,-0.820728675241626,47.541
823,1,0,accepted,0.0804127323754746,0.0203326809803009,484328.875617849,4976634.84536177,-0.799156312856267,33.343
824,1,0,accepted,0.0767306440175232,0.0480358523860344,484329.405575357,4976634.28845567,-0.775897549419944,34.448
825,1,0,accepted,0.100035259560108,-0.102619916228379,484329.929802938,4976633.74789973,-0.755362162384522,35.002
826,1,0,accepted,0.088030451323099,0.0806158444359353,484330.504993027,4976633.21783671,-0.729307031771929,66.093
827,1,0,accepted,0.0783037747555909,0.151114689421142,484331.087672428,4976632.69561787,-0.704986705778593,38.43
828,1,0,accepted,0.0514977109460046,0.160656847901059,484331.691801455,4976632.18101003,-0.681734993208309,63.65
829,1,0,coarseRetainedByTrustRadius,0.199752186287125,-0.100573302699039,484332.142983523,4976631.74101487,-0.663664876383755,26.659
830,1,0,coarseRetainedByTrustRadius,0.201503870813454,-0.24616680150309,484332.739116459,4976631.2546489,-0.643704276929043,30.63
831,1,0,coarseRetainedByTrustRadius,0.150945051280804,0.0343094172587061,484333.396673991,4976630.74335607,-0.616421663317203,26.686
832,1,0,coarseRetainedByTrustRadius,0.182341049185607,-0.0970575240418064,484334.006673588,4976630.31660901,-0.595930644519326,36.534
833,1,0,coarseRetainedByTrustRadius,0.156029372077954,0.0498952469028038,484334.663533712,4976629.82178685,-0.571065423997538,33.261
834,1,0,accepted,0.189731835772264,-0.172964861860994,484335.279771318,4976629.32063073,-0.552978694650987,24.006
835,1,0,coarseRetainedByTrustRadius,0.189958850671425,-0.137279418635677,484335.946001334,4976628.94254794,-0.530396895635767,26.905
836,1,0,coarseRetainedByTrustRadius,0.168069608618272,-0.136786428244658,484336.656356405,4976628.51631462,-0.508323233502968,34.385
837,1,0,coarseRetainedByTrustRadius,0.156386918613004,-0.336352670868875,484337.346411323,4976628.11750328,-0.490307622170838,29.519
838,1,0,accepted,0.146723426235965,-0.33894352539337,484338.040274265,4976627.71834101,-0.468780952014671,29.722
839,1,0,coarseRetainedByTrustRadius,0.0308244833946199,-0.158011936381042,484338.870409154,4976627.34737395,-0.444205731735747,24.404
840,1,0,coarseRetainedByTrustRadius,0.0424146379924748,-0.311427446392316,484339.606662048,4976626.99913056,-0.425797959045458,25.211
841,1,0,coarseRetainedByTrustRadius,0.0534533981899123,-0.300753945633069,484340.365215072,4976626.63194242,-0.405098365717109,21.976
842,1,0,coarseRetainedByTrustRadius,0.0755866694626197,-0.278183779503365,484341.123096269,4976626.29176847,-0.385128599166644,22.625
843,1,0,coarseRetainedByTrustRadius,0.109491587744133,-0.225796393333817,484341.894302762,4976625.95987238,-0.36513488726011,25.869
844,1,0,coarseRetainedByTrustRadius,0.140400246548862,-0.209038478238046,484342.677129773,4976625.64416147,-0.346208020428673,26.193
845,1,0,coarseRetainedByTrustRadius,0.173705355463124,-0.167913262402314,484343.46718757,4976625.34258443,-0.327547822930336,27.111
846,1,0,coarseRetainedByTrustRadius,0.224385415298827,0.0514840757510765,484344.290436102,4976625.05439866,-0.306120631194542,33.34
847,1,0,coarseRetainedByTrustRadius,0.243438188652348,0.0292140845880103,484345.089141119,4976624.79651618,-0.289652898598674,28.842
848,1,0,coarseRetainedByTrustRadius,0.24622534914735,0.135318600326238,484345.901177247,4976624.53671292,-0.271558024061706,33.854
849,1,0,coarseRetainedByTrustRadius,0.24218890703692,0.351048860729141,484346.725676352,4976624.30459403,-0.252302239408477,21.831
850,1,0,coarseRetainedByTrustRadius,0.23892441371451,0.281408386011986,484347.533459262,4976624.09409644,-0.239397574677708,20.748
851,1,0,coarseRetainedByTrustRadius,0.285707692057871,0.50497894314922,484348.414484989,4976623.87875029,-0.221592189539174,36.23
852,1,0,coarseRetainedByTrustRadius,0.297481556879276,0.443369139946789,484349.268753672,4976623.67813763,-0.209745467809576,25.031
853,1,0,accepted,0.109634977641364,-0.16177429757922,484349.935070637,4976623.53431231,-0.208667370190914,27.536
854,1,0,coarseRetainedByTrustRadius,0.281961336728765,0.357594050612543,484350.965351699,4976623.31293067,-0.188574613153569,29.453
855,1,0,coarseRetainedByTrustRadius,0.28136275710102,0.164988316087751,484351.822607565,4976623.13134892,-0.181913425881174,19.782
856,1,0,coarseRetainedByTrustRadius,0.276939862746475,0.332244595247102,484352.694546143,4976622.97189134,-0.170066523207124,29.995
857,1,0,accepted,0.122871355098012,0.0453458435119031,484353.413831029,4976622.89213158,-0.166759410920114,27.644
858,1,0,accepted,0.0779710298870975,0.232716464670443,484354.288225257,4976622.73913974,-0.155881355012753,17.111
859,1,0,accepted,0.0630504682986424,0.279402083388979,484355.188806211,4976622.59597135,-0.147645132743595,24.826
860,1,0,accepted,0.0585112729659489,0.267537317148403,484356.096928866,4976622.46358985,-0.140971938283074,25.378
861,1,0,accepted,0.0894007220792147,0.374131167451297,484357.003936834,4976622.3151889,-0.131894427619722,33.599
862,1,0,accepted,0.0947649964204802,0.340084730653595,484357.929674199,4976622.20710238,-0.125463743553836,30.557
863,1,0,accepted,0.115323501794404,0.34465100306866,484358.847948808,4976622.09566371,-0.119594455178918,54.232
864,1,0,accepted,0.125793762886593,0.314225636130874,484359.786308308,4976621.99691722,-0.115186924302141,38.432
865,1,0,accepted,0.13177403008948,0.202935897124726,484360.736441362,4976621.90831476,-0.112643634478583,40.95
866,1,0,accepted,0.15149467635035,0.169774131862942,484361.681269263,4976621.80898552,-0.108731730867507,31.378
867,1,0,accepted,0.156378454151411,-0.0116296873412173,484362.642255481,4976621.72658921,-0.106994024653236,23.256
868,1,0,accepted,0.195768997711678,0.121108224265944,484363.588020368,4976621.61456332,-0.100252314053915,22.883
869,1,0,accepted,0.130224244624872,-0.565163399955545,484364.64350229,4976621.58678608,-0.107723567226771,40.479
870,1,0,accepted,0.172769504084244,-0.470661532537702,484365.601580705,4976621.47568848,-0.101563112768977,127.151
871,1,0,accepted,0.206440715302443,-0.438737298241776,484366.574835136,4976621.37951365,-0.096708915289871,25.408
872,1,0,accepted,0.24213812218179,-0.266968891829607,484367.539480026,4976621.28888948,-0.089303957650308,36.19
873,1,0,accepted,0.325795016953147,0.360977265228753,484368.454980118,4976621.17369489,-0.073773750470809,31.485
874,1,0,accepted,0.344183016101451,0.433399997812341,484369.460538295,4976621.10206684,-0.068437135581163,30.748
875,1,0,accepted,0.314929703960395,-0.129206835929136,484370.530674781,4976621.05954493,-0.0738928197606426,28.929
876,1,0,accepted,0.339824414791452,-0.0674842894088126,484371.524286316,4976620.98944062,-0.0683484312800677,32.917
877,1,0,accepted,0.381440844819997,0.827614436072613,484372.466696386,4976620.92937199,-0.048466503212448,33.991
878,1,0,accepted,0.351211482762113,0.254827277971921,484373.550046945,4976620.88034545,-0.0538908622641906,31.443
879,1,0,accepted,0.358683962434719,0.0567971517819623,484374.57834681,4976620.82255011,-0.0528251778636118,26.784
880,1,0,accepted,0.352311585634529,0.314202148115403,484375.597839686,4976620.78493952,-0.0438183553435777,28.416
881,1,0,accepted,0.357769775695315,0.29682682967662,484376.629542101,4976620.73855599,-0.0390098402798977,23.62
882,1,0,accepted,0.363717323507013,0.277236022458092,484377.660237029,4976620.69731157,-0.033300633617679,25.633
883,1,0,accepted,0.369122771429212,0.294220463458069,484378.684590051,4976620.66258555,-0.0268892489438321,29.886
884,1,0,accepted,0.392193512157212,0.129593423352516,484379.717436779,4976620.61694667,-0.023506265002857,23.28
885,1,0,accepted,0.392818990810773,0.210585505391838,484380.762138398,4976620.60055064,-0.015905882020074,22.959
886,1,0,accepted,0.36506354710649,0.500218763519523,484381.798198979,4976620.6204443,-0.00455158820071232,45.689
887,1,0,accepted,0.394046847072133,0.367974391368299,484382.858128801,4976620.59012559,-0.000777318913309323,27.487
888,1,0,accepted,0.40094015108144,0.349884996727602,484383.921910772,4976620.59077025,0.00519047466355488,21.629
889,1,0,accepted,0.405657251477006,0.389722158784074,484384.969628973,4976620.60117681,0.0114441956317707,21.344
890,1,0,accepted,0.364326858427979,0.603011499194386,484386.021615628,4976620.66346799,0.0212428730351357,48.603
891,1,0,accepted,0.34073527841974,0.682549784075465,484387.070401535,4976620.7112816,0.0288570971142506,35.663
892,1,0,accepted,0.336128013979169,0.672821371118299,484388.143651028,4976620.75010633,0.0345684735909647,29.555
893,1,0,accepted,0.179094925596979,0.166287020217984,484389.249072407,4976620.98196574,0.031407982570286,32.282
894,1,0,accepted,0.272484751835574,0.854270577382963,484390.277070177,4976620.90225947,0.0487997493333659,18.732
895,1,0,accepted,0.227297832980327,1.0641472032023,484391.100081418,4976621.03698155,0.0581204767829577,24.18
896,1,0,accepted,0.230844789479756,0.223263570451886,484392.072230475,4976621.2812457,0.0487600974769598,14.869
897,1,0,accepted,0.208561455708754,0.174570967067369,484393.154656768,4976621.35996568,0.0532147871625423,21.525
898,1,0,accepted,0.221547955443171,0.283374374683556,484394.195775342,4976621.39642522,0.0604331798192431,24.843
899,1,0,accepted,0.200455084446114,0.123471117117816,484395.279397309,4976621.49630508,0.0627316310310712,29.221
900,1,0,accepted,0.179431037667356,-0.155876350241672,484396.36958537,4976621.61804121,0.0634887203768604,25.471
901,1,0,accepted,0.229138205371839,0.362302112514921,484397.387741913,4976621.65049579,0.0776729939476177,28.723
902,1,0,accepted,0.137335551290264,-0.199377442257283,484398.533958139,4976621.79126408,0.0730423879703322,35.433
903,1,0,accepted,0.105830937763431,-0.641993314497596,484399.640038692,4976621.90237773,0.0709013851431638,24.562
904,1,0,accepted,0.0888097456360419,-0.529916536685818,484400.720670875,4976621.9775894,0.0774592241651024,19.326
905,1,0,accepted,0.0735672179880448,-0.395642336994788,484401.810210274,4976622.07053657,0.0833151351832386,20.893
906,1,0,accepted,0.0590536970200721,-0.144186061853408,484402.91737144,4976622.17024411,0.0901136187641679,28.872
907,1,0,accepted,0.0546767084871393,0.121491197744518,484404.026062046,4976622.28396364,0.0953227117260856,21.737
908,1,0,accepted,0.0578644615306625,0.235978907243167,484405.131334797,4976622.40273767,0.0967117714529442,20.137
909,1,0,accepted,0.0637242751511295,0.333288648031426,484406.220632922,4976622.52354431,0.0972954476360448,22.805
910,1,0,accepted,0.0787366488627879,0.306489538248168,484407.326240423,4976622.64394813,0.0960623121615945,21.139
911,1,0,accepted,0.0924937524633298,0.33926152164085,484408.430913161,4976622.76510018,0.0956774306357343,37.378
912,1,0,accepted,0.103817035827628,0.327039067697197,484409.539648763,4976622.89037969,0.095033063075147,29.717
913,1,0,accepted,0.120038469492892,0.293956060730048,484410.649928228,4976623.00654768,0.0942899013179535,88.911
914,1,0,accepted,0.122333105583495,0.321321995049691,484411.749552665,4976623.12779591,0.095155318584672,50.526
915,1,0,accepted,0.124581593614614,0.390454140008454,484412.839561419,4976623.25034265,0.0969215134059769,53.982
916,1,0,accepted,0.11662694178627,0.459303491239008,484413.934966795,4976623.37718063,0.0988382099641377,29.769
917,1,0,accepted,0.126509887668728,0.468706976954029,484415.042817014,4976623.49486106,0.0995732125743878,24.216
918,1,0,accepted,0.0849066201840821,0.327886052249671,484416.108433538,4976623.61702876,0.0975382030540848,24.694
919,1,0,accepted,0.132518169312006,0.5236503533592,484417.268496969,4976623.73919632,0.101509140754145,24.337
920,1,0,accepted,0.128876594041426,0.528165836959547,484418.372437203,4976623.86364449,0.102257193944845,20.58
921,1,0,accepted,0.12955978029241,0.5129497244523,484419.493047369,4976623.98612292,0.102690596422721,22.445
922,1,0,accepted,0.131970502645222,0.55318400851032,484420.587038535,4976624.11869914,0.103869017969481,18.881
923,1,0,accepted,0.135067102454227,0.550017374829622,484421.706744647,4976624.24454414,0.104486579028726,30.528
924,1,0,accepted,0.127920982816445,0.539938173281601,484422.814840414,4976624.37686489,0.104754706894191,55.705
925,1,0,accepted,0.0644683348629591,0.0145920677333795,484423.834852086,4976624.60935816,0.0961589410400355,33.228
926,1,0,accepted,0.0642918561091163,-0.0929584716174613,484424.945383556,4976624.74722241,0.0945045785208385,25.533
927,1,0,accepted,0.0423715278511045,-0.0921411908642814,484426.060591934,4976624.85836558,0.0952022220953975,51.816
928,1,0,accepted,0.0245913121539392,-0.086627050263806,484427.195618387,4976624.96979832,0.0957142893314665,84.491
929,1,0,accepted,0.0321915825719635,-0.090098610148696,484428.339327984,4976625.08212267,0.0962376072466796,75.221
930,1,0,accepted,0.0538137601510806,-0.0912763700647675,484429.484715825,4976625.19368408,0.0966444643369727,43.428
931,1,0,accepted,0.0830945147720723,-0.0916376883717509,484430.635737563,4976625.30457988,0.0972318035084644,28.326
932,1,0,accepted,0.105413600946236,-0.0912204646637347,484431.785072486,4976625.42261036,0.0977889660514837,32.2
933,1,0,coarseRetainedByTrustRadius,0.0756424193748506,0.198764308238654,484432.792400408,4976625.59490294,0.10339492889608,18.244
934,1,0,coarseRetainedByTrustRadius,0.0764823148108148,0.104316795293165,484433.938331456,4976625.73625571,0.102660064943087,18.795
935,1,0,coarseRetainedByTrustRadius,0.10101090697673,0.313141442713511,484435.078380535,4976625.8383259,0.106684596730813,19.403
936,1,0,coarseRetainedByTrustRadius,0.100123061705436,0.24156211538957,484436.245363301,4976625.97242401,0.105924752954858,18.995
937,1,0,coarseRetainedByTrustRadius,0.110754468540169,0.290562837539033,484437.416216951,4976626.10134058,0.106780007570261,27.245
938,1,0,coarseRetainedByTrustRadius,0.115875045185949,0.28058301858691,484438.595749684,4976626.23866084,0.106469138035343,21.443
939,1,0,coarseRetainedByTrustRadius,0.137548242390562,0.36173468465241,484439.787915692,4976626.36837652,0.10801151800498,29.165
940,1,0,coarseRetainedByTrustRadius,0.15972483514792,0.42580696227401,484440.970171405,4976626.50319272,0.109187667178047,50.096
941,1,0,coarseRetainedByTrustRadius,0.169209633676536,0.437518917271016,484442.135409004,4976626.64198392,0.109392470888345,33.462
942,1,0,coarseRetainedByTrustRadius,0.181114575838326,0.416355011368624,484443.315242867,4976626.78622166,0.109261168387663,26.521
943,1,0,coarseRetainedByTrustRadius,0.191755938637776,0.469908146338566,484444.489759066,4976626.9291739,0.110310266827674,33.167
944,1,0,accepted,0.0406100549986191,0.00455294189345483,484445.532443481,4976627.17084814,0.102014612861078,20.888
945,1,0,accepted,0.0595783862685306,-0.0493784191643044,484446.721157905,4976627.30527254,0.101481519969483,42.274
946,1,0,accepted,0.0871978113228648,-0.100061651362016,484447.912025499,4976627.43394697,0.101099152372719,16.134
947,1,0,accepted,0.112170005549715,-0.143483815502159,484449.102019456,4976627.56266721,0.100610225636193,16.746
948,1,0,coarseRetainedByTrustRadius,0.153057840971518,0.434131241705905,484450.285302221,4976627.66849036,0.110911786321521,24.779
949,1,0,coarseRetainedByTrustRadius,0.154292643392763,0.414017541427187,484451.462530073,4976627.80893788,0.110645906637061,25.866
950,1,0,accepted,0.0159344813749538,0.430168640920285,484452.545300959,4976628.05652745,0.111441698186701,17.626
951,1,0,accepted,0.0448645106431836,0.334339042800059,484453.738750784,4976628.17380085,0.110279054655799,21.597
952,1,0,accepted,0.0629217381402165,0.289667813795341,484454.92967905,4976628.30079595,0.109753722198136,19.387
953,1,0,accepted,0.0796418757800986,0.285467702309891,484456.114771667,4976628.4323938,0.109432323701777,19.603
954,1,0,accepted,0.104009095802242,0.275386246017314,484457.304664852,4976628.55765386,0.10888020375383,20.719
955,1,0,accepted,0.118754006108315,0.287043233744879,484458.490017742,4976628.68949918,0.109288198115625,18.578
956,1,0,accepted,0.133362275594494,0.289621401753532,484459.676225975,4976628.82164227,0.109736747995551,27.668
957,1,0,accepted,0.144461230918607,0.301701799920146,484460.854604166,4976628.95543827,0.110291232393821,20.189
958,1,0,accepted,0.15983846679013,0.305821065688772,484462.037661549,4976629.08910463,0.110587181662236,18.89
959,1,0,accepted,0.153949543632595,0.23824499613856,484463.221103928,4976629.24506922,0.109688632677885,16.963
960,1,0,accepted,0.167234134297368,0.23675901133864,484464.412670845,4976629.38742197,0.109951852750346,21.101
961,1,0,accepted,0.18101150506534,0.266648985637893,484465.59560559,4976629.52776672,0.110516259997923,34.229
962,1,0,accepted,0.190924215357468,0.23436102099469,484466.795299791,4976629.67341581,0.110803037674282,17.747
963,1,0,accepted,0.198885261090632,0.209326786866073,484467.988087326,4976629.82005958,0.110684612309507,31.584
964,1,0,accepted,0.209578525200832,0.193390896635814,484469.192629306,4976629.96850107,0.110730849678875,25.972
965,1,0,accepted,0.160975103096565,0.126495016237804,484470.342325024,4976630.15793433,0.110290701806214,48.529
966,1,0,accepted,0.160136109620418,0.0428920627531692,484471.552234252,4976630.32030092,0.109456643745528,25.057
967,1,0,accepted,0.14720665543741,-0.00162719051791189,484472.730581182,4976630.48428633,0.109040422603423,24.583
968,1,0,accepted,0.154740364944062,-0.00617669648527765,484473.923476964,4976630.63867277,0.109249168148278,27.988
969,1,0,accepted,0.13228381035525,-0.146421074882571,484474.909066595,4976630.9432943,0.107100661267342,14.717
970,1,0,accepted,0.0906400868711928,-0.189089201870209,484476.138314804,4976631.08172449,0.106610495409687,22.999
971,1,0,accepted,0.0734796829044592,-0.0291466981665653,484477.350675109,4976631.22659024,0.10928223456233,31.334
972,1,0,accepted,0.0597903884742314,0.0250304569582275,484478.558875302,4976631.37402246,0.110225451689586,30.78
973,1,0,accepted,0.0560358564874762,0.0802483363172653,484479.772882657,4976631.5169925,0.110765855471222,32.253
974,1,0,accepted,0.0581451083388187,-0.0481077367095453,484480.995378132,4976631.66627417,0.108356089483199,36.678
975,1,0,accepted,0.0733495538958723,0.011253907574905,484482.187465356,4976631.81102641,0.109059294074311,36.871
976,1,0,accepted,0.0958738977531458,0.0109680197997423,484483.386896275,4976631.95052899,0.108533131162115,29.048
977,1,0,accepted,0.115095139973073,0.027380782767352,484484.582084908,4976632.09378202,0.108021680115886,72.134
978,1,0,accepted,0.120092067974574,0.208338231320053,484485.772874533,4976632.24833943,0.110454303914125,20.042
979,1,0,accepted,0.13645166962584,0.23998834956759,484486.982055199,4976632.39622991,0.110173650175835,18.935
980,1,0,accepted,0.146875451618094,0.371058100086325,484488.190228822,4976632.54790631,0.111351893275817,28.179
981,1,0,accepted,0.162595783946976,0.388852459104869,484489.388137628,4976632.69302572,0.110620574656644,16.059
982,1,0,accepted,0.176519307806847,0.337046543745385,484490.588936515,4976632.83651368,0.111058590268602,27.426
983,1,0,accepted,0.186858236596254,0.484390091422387,484491.778373429,4976632.97925971,0.113106992413209,34.264
984,1,0,coarseRetainedByTrustRadius,0.0882528335487183,0.768918663261482,484492.870658791,4976633.22155571,0.115994496869603,28.289
985,1,0,coarseRetainedByTrustRadius,0.0797969351681931,0.667584790274422,484494.063517292,4976633.37996124,0.114923228466697,29.681
986,1,0,accepted,0.097517284376905,0.561549794837161,484495.180028605,4976633.6216833,0.11249664457118,36.9
987,1,0,accepted,0.137025053393571,0.118574710157383,484496.32496642,4976633.80514428,0.103937274254675,25.768
988,1,0,accepted,0.108058899590596,0.204981654387143,484497.531025369,4976633.95059092,0.104837068835125,26.072
989,1,0,accepted,0.0852981459687679,0.355121273341558,484498.738151352,4976634.10493948,0.107642606228211,31.326
990,1,0,accepted,0.0588065826723414,0.389068160539452,484499.942394194,4976634.24676177,0.107549759732273,25.992
991,1,0,accepted,0.0348977332038814,0.347446720422832,484501.140417822,4976634.38384742,0.106681688428526,33.011
992,1,0,accepted,0.0172132580571008,0.434227407723244,484502.340758558,4976634.52966914,0.107860348095066,35.971
993,1,0,accepted,0.0145147447575795,0.517702764923431,484503.529114834,4976634.67097176,0.108694254266325,32.27
994,1,0,accepted,0.0277449606185423,0.540455461006341,484504.724894761,4976634.80654243,0.10856156835646,25.338
995,1,0,accepted,0.0438511978875614,0.56308231182473,484505.894782518,4976634.9397592,0.108758055417188,27.191
996,1,0,accepted,0.0607937325335607,0.55536092540178,484507.073581945,4976635.07099834,0.108559691080914,24.669
997,1,0,accepted,0.0812644193652842,0.518247325558033,484508.246492493,4976635.19533947,0.107504364309883,25.007
998,1,0,accepted,0.100017073382834,0.533052943638313,484509.419735171,4976635.32320434,0.107257676580764,35.981
999,1,0,accepted,0.116402627160639,0.492769115383173,484510.585155002,4976635.4510824,0.106620008443518,30.164
1000,1,0,accepted,0.0802838683136209,0.252632678675396,484511.730414081,4976635.63097575,0.101781393759797,25.745
1001,1,0,accepted,0.0874328081566268,0.247399132746785,484512.872226499,4976635.76298412,0.101512447108164,24.562
1002,1,0,accepted,0.0969308925893606,0.235454429416691,484514.014003585,4976635.89440764,0.101240455513633,38.835
1003,1,0,accepted,0.107239973365903,0.259300320101701,484515.154813656,4976636.0257465,0.101237789884266,14.569
1004,1,0,accepted,0.113933034253528,0.258957068959613,484516.292520719,4976636.16027731,0.101576891213075,23.939
1005,1,0,coarseRetainedByTrustRadius,0.129348304598648,0.140022685132105,484517.309282552,4976636.38552282,0.100079824265198,25.017
1006,1,0,coarseRetainedByTrustRadius,0.130670657234373,0.193339575384554,484518.460466255,4976636.51029642,0.101308794519525,20.849
1007,1,0,accepted,0.214143105643534,0.344973104473607,484519.511346098,4976636.73209702,0.104617649212526,26.275
1008,1,0,accepted,0.199129870626781,0.374355920789433,484520.657789193,4976636.86250629,0.105592263225857,22.629
1009,1,0,accepted,0.174640414758958,0.373637866205176,484521.813808429,4976636.99380559,0.10589026662064,33.147
1010,1,0,accepted,0.150595487366268,0.379982155767998,484522.967196569,4976637.12846823,0.106393002519008,28.66
1011,1,0,accepted,0.121779419408123,0.350931604112561,484524.126551866,4976637.26184754,0.105884882084646,28.094
1012,1,0,coarseRetainedByTrustRadius,0.102899218747604,0.365080675886008,484525.399530141,4976637.29900298,0.105682165455286,33.499
1013,1,0,coarseRetainedByTrustRadius,0.119683265346014,0.284424114088213,484526.550101094,4976637.42900337,0.105375529241399,20.039
1014,1,0,coarseRetainedByTrustRadius,0.13732300732934,0.374316544687963,484527.69810463,4976637.5608405,0.106871316232802,22.61
1015,1,0,coarseRetainedByTrustRadius,0.135593471273974,0.373406764069129,484528.813531033,4976637.6977719,0.107141316329738,24.503
1016,1,0,coarseRetainedByTrustRadius,0.145781007342284,0.345404854511776,484529.947174312,4976637.83274465,0.106986700935175,32.324
1017,1,0,accepted,0.024288520499395,0.390008503757854,484530.987887643,4976638.07103898,0.107994438125605,23.378
1018,1,0,accepted,0.0343080682483586,0.379121336678064,484532.123469578,4976638.2015873,0.107838719014938,28.39
1019,1,0,accepted,0.0449704975305418,0.345796820265847,484533.262145282,4976638.332149,0.108074393232953,32.38
1020,1,0,accepted,0.0545102011024969,0.329946247911175,484534.400745879,4976638.46513885,0.10901381568473,27.376
1021,1,0,accepted,0.070446135763741,0.287511882113453,484535.518593645,4976638.5901403,0.109643685608648,23.716
1022,1,0,accepted,0.0904618343787402,0.262052179228994,484536.651999128,4976638.71473843,0.110388729727707,17.737
1023,1,0,accepted,0.105475080620289,0.279682394121289,484537.777863581,4976638.84355872,0.111443709276673,18.978
1024,1,0,accepted,0.126672356249994,0.20982495869583,484538.910269928,4976638.96919721,0.111205381236962,28.138
1025,1,0,accepted,0.140261718596317,0.174904579027703,484540.040930403,4976639.10205078,0.111566542139563,29.849
1026,1,0,accepted,0.156022871896645,0.166221557645546,484541.163205773,4976639.23283592,0.112214048267114,33.306
1027,1,0,accepted,0.173754523893998,0.151962016657111,484542.290605548,4976639.36720867,0.113066950700704,23.024
1028,1,0,accepted,0.204497194606072,0.0986752559419008,484543.421324088,4976639.49986724,0.113232678236326,19.882
1029,1,0,accepted,0.231859192342494,0.079136561769468,484544.550671595,4976639.63759116,0.113034022323647,21.845
1030,1,0,accepted,0.247713156492573,-0.0403490077020466,484545.682117419,4976639.78956818,0.112838590281376,33.159
1031,1,0,accepted,0.220052122707564,-1.32024182265034,484546.881394734,4976640.12561294,0.0910032070928203,23.282
1032,1,0,accepted,0.255927215356459,-0.979969770755568,484548.007749236,4976640.20570784,0.0976550356876468,25.188
1033,1,0,accepted,0.295765015608253,-0.685541417252006,484549.141669764,4976640.32353668,0.103545470318772,21.619
1034,1,0,coarseRetainedByTrustRadius,0.197298048033182,-0.191116420579916,484550.053580593,4976640.46725834,0.113016782679012,22.788
1035,1,0,coarseRetainedByTrustRadius,0.193599547352252,-0.0357467019870269,484551.138838919,4976640.63224404,0.116693845255621,21.078
1036,1,0,accepted,0.15759076488956,-0.18473764881593,484552.114605385,4976640.9385019,0.115568851567332,25.339
1037,1,0,accepted,0.155598580012246,-0.0689671248396001,484553.262922612,4976641.07669607,0.119288359214017,25.438
1038,1,0,accepted,0.142205222917057,-0.0860768507267623,484554.403134407,4976641.22428774,0.120639310363569,19.448
1039,1,0,accepted,0.11374196307973,-0.160048726546281,484555.558786721,4976641.37424472,0.121055461431827,38.342
1040,1,0,accepted,0.0842125107015032,-0.252192515384756,484556.639752907,4976641.51407356,0.120878624037025,35.062
1041,1,0,accepted,0.078578817784157,-0.265241239585282,484557.791332808,4976641.66338236,0.121425020095904,20.155
1042,1,0,accepted,0.0903082638501286,-0.334054236269707,484558.970051522,4976641.81469249,0.120483247929417,16.679
1043,1,0,accepted,0.114278900573966,-0.322227296937054,484560.136844376,4976641.96903644,0.120436259561473,17.899
1044,1,0,accepted,0.141413850289156,-0.31450471582154,484561.297815885,4976642.11333714,0.120117840156197,22.296
1045,1,0,accepted,0.180530110074557,-0.352241601422358,484562.467727237,4976642.25489565,0.119607368627045,17.507
1046,1,0,accepted,0.196594942256181,-0.293647127810022,484563.614552445,4976642.40455843,0.120806552291122,18.473
1047,1,0,accepted,0.225031835226083,-0.355500929893685,484564.778878979,4976642.54376954,0.120190541427767,23.116
1048,1,0,accepted,0.212743777391015,-0.152186902046854,484565.915737831,4976642.73007482,0.124430444653217,29.384
1049,1,0,accepted,0.199427791188134,-0.125874812811884,484567.048507164,4976642.89528576,0.125571594516251,32.176
1050,1,0,accepted,0.197487720569561,-0.0968974358523773,484568.192683665,4976643.05620017,0.126924581762976,45.856
1051,1,0,accepted,0.175600194341692,-0.0244070492512671,484569.317202398,4976643.22411651,0.12821254232964,36.074
1052,1,0,accepted,0.112818898287304,-0.0915704064215298,484570.407371231,4976643.41023192,0.127389625513712,32.838
1053,1,0,accepted,0.10841284503518,-0.0730220000720031,484571.53106823,4976643.57595303,0.127688361672109,56.84
1054,1,0,accepted,0.110998568510918,0.0191128794419667,484572.669669979,4976643.73816455,0.128964361496847,22.644
1055,1,0,accepted,0.125861334472218,0.145679467394298,484573.821768732,4976643.89361939,0.131120905748376,22.046
1056,1,0,accepted,0.132948840502162,0.149051852012219,484574.984983729,4976644.05927427,0.13101571176797,71.808
1057,1,0,accepted,0.101328532395977,-0.0210329191346368,484576.153718777,4976644.26294211,0.127566480572187,28.692
1058,1,0,accepted,0.113218715024629,-0.0467363836013322,484577.328657609,4976644.42224099,0.12698220885112,15.829
1059,1,0,accepted,0.0889283303462042,-0.32435275555086,484578.530602868,4976644.63933452,0.122085617210136,30.921
1060,1,0,accepted,0.10744114963324,-0.336604940852907,484579.71950886,4976644.80033879,0.121530790183903,32.568
1061,1,0,accepted,0.122088736664505,-0.469784923165214,484580.91713727,4976644.97920093,0.119087372861001,22.555
1062,1,0,accepted,0.115740655374515,-0.949796580206252,484581.893600142,4976645.26670707,0.110803511171278,25.236
1063,1,0,accepted,0.085372017830273,-0.928419028188899,484583.097114261,4976645.41988574,0.110737015960764,18.186
1064,1,0,accepted,0.0570807992530616,-0.953530620437259,484584.301163413,4976645.57266935,0.110438660127595,17.736
1065,1,0,accepted,0.0298474252676347,-0.891754567868185,484585.522381711,4976645.72707371,0.111259263765778,24.636
1066,1,0,accepted,0.010901180224572,-0.837653799839185,484586.710428419,4976645.88156075,0.112033670627045,36.293
1067,1,0,accepted,0.0214415954236541,-0.765253158185236,484587.915570249,4976646.03651757,0.113187237481092,30.944
1068,1,0,accepted,0.0431801619314127,-0.663996778821995,484589.117435962,4976646.19350651,0.114761615462228,34.772
1069,1,0,accepted,0.066579706254593,-0.658983135061925,484590.326588212,4976646.34991384,0.114623826413864,27.867
1070,1,0,accepted,0.0909984383858444,-0.615799137223929,484591.526350891,4976646.50291602,0.115497070980182,27.841
1071,1,0,accepted,0.10429278330096,-0.510678716321752,484592.735157269,4976646.6678104,0.11760704311834,22.883
1072,1,0,accepted,0.123814610783038,-0.463995275466485,484593.936150059,4976646.82502269,0.118767969218702,17.002
1073,1,0,accepted,0.0789462017790077,-0.341625208159411,484595.113416698,4976647.04267086,0.121322152162291,21
1074,1,0,accepted,0.0662728621597697,-0.185477120842891,484596.315928012,4976647.23382389,0.124693485968227,20.144
1075,1,0,accepted,0.0576488337130199,-0.0967203517375213,484597.514136105,4976647.4202475,0.126487619708662,28.151
1076,1,0,accepted,0.0556745603519047,-0.000430774222694162,484598.709260092,4976647.59945459,0.128451642402818,19.652
1077,1,0,accepted,0.0377502456289693,0.0283750540042719,484599.907935851,4976647.80017751,0.129572379598419,21.237
1078,1,0,accepted,0.0517083755193969,0.0424621162425894,484601.099774801,4976647.98299455,0.130333935514383,20.412
1079,1,0,accepted,0.065927579364233,0.0527021303500659,484602.294228594,4976648.16551022,0.131014054066793,22.008
1080,1,0,accepted,0.0853025682314653,0.0567957468574191,484603.497861716,4976648.34339916,0.131426637660455,30.562
1081,1,0,accepted,0.111514027069627,0.0407029472639454,484604.703508523,4976648.5155175,0.132097765610064,27.556
1082,1,0,accepted,0.131429948557727,0.049394461865357,484605.904825995,4976648.69291549,0.132532400750855,24.495
1083,1,0,accepted,0.151841226713131,0.00532206205265112,484607.123341941,4976648.87455891,0.132257609573059,46.735
1084,1,0,accepted,0.180947844428965,0.0384823083649289,484608.338853448,4976649.04735997,0.13308284637982,18.179
1085,1,0,accepted,0.220058639866817,0.0303852516145524,484609.561153377,4976649.21393903,0.133274207593633,26.649
1086,1,0,accepted,0.223751329284801,0.108177948607905,484610.752029585,4976649.41072214,0.134580003826364,27.607
1087,1,0,accepted,0.244958061410528,0.157976160716935,484611.962524363,4976649.59410963,0.135551459790716,28.213
1088,1,0,accepted,0.267907056924587,0.39529338353262,484613.155251983,4976649.76576402,0.139971720776607,25.817
1089,1,0,accepted,0.274669935462881,0.297534697836034,484614.400167632,4976649.96985424,0.138401053910277,49.252
1090,1,0,accepted,0.102893248759821,0.149917387191376,484615.452039612,4976650.33086721,0.135987504135866,33.848
1091,1,0,accepted,0.106829717071278,0.129352418598067,484616.662107105,4976650.5212511,0.135964367350444,38.297
1092,1,0,accepted,0.0927306649238598,0.0382254268372401,484617.852971698,4976650.73122406,0.134514396763623,32.483
1093,1,0,accepted,0.100806751503154,0.15583718038288,484619.059366951,4976650.91870149,0.136397396230854,27.473
1094,1,0,accepted,0.115041470406236,0.196127387108915,484620.266165951,4976651.09855649,0.137332714108812,21.651
1095,1,0,accepted,0.12653175083175,0.225564134820393,484621.484517551,4976651.28430936,0.137679362645942,35.909
1096,1,0,accepted,0.141366752480669,0.261460667328675,484622.708724236,4976651.47108889,0.138405809608435,29.601
1097,1,0,accepted,0.158043478412531,0.287491051976169,484623.925368923,4976651.65729621,0.138840401006308,30.702
1098,1,0,accepted,0.177196767871057,0.285405219638009,484625.162158074,4976651.84296913,0.13877718000369,27.893
1099,1,0,accepted,0.185806068158562,0.31368693336535,484626.344335752,4976652.03146233,0.139186151528301,20.239
1100,1,0,accepted,0.197613637645253,0.323656768450462,484627.554835817,4976652.22146518,0.13954106872036,37.194
1101,1,0,accepted,0.161031124452913,0.40203796118874,484628.709520135,4976652.43826513,0.140695336262532,27.637
1102,1,0,accepted,0.158405070016781,0.427267869789763,484629.886019201,4976652.63183758,0.140711604687043,20.424
1103,1,0,accepted,0.158266424980509,0.38286443552065,484631.063096883,4976652.82310074,0.140329729285718,24.996
1104,1,0,accepted,0.155884253746553,0.380865203020727,484632.234614668,4976653.01729208,0.140018480885238,51.435
1105,1,0,accepted,0.136274409211982,0.351405666149953,484633.344322545,4976653.2478519,0.139274000281612,29.283
1106,1,0,accepted,0.138431226257826,0.248973501391766,484634.514963739,4976653.4552308,0.137082984681463,25.436
1107,1,0,accepted,0.110421370854849,-0.193557368662967,484635.68131434,4976653.7434859,0.129039582768789,18.026
1108,1,0,accepted,0.105783063850015,-0.226467163043252,484636.879262105,4976653.91121308,0.128029202903165,13.545
1109,1,0,accepted,0.1095182800959,-0.160197272793776,484638.083729784,4976654.06508549,0.128856983187915,28.079
1110,1,0,accepted,0.100976820472962,-0.165884807014287,484639.300095708,4976654.2393001,0.12834482020172,18.74
1111,1,0,accepted,0.101275468689602,-0.151281336822105,484640.532649964,4976654.41813054,0.12836942430954,14.159
1112,1,0,accepted,0.10596897543689,-0.19880747148471,484641.733995453,4976654.59489286,0.127026115060207,37.471
1113,1,0,accepted,0.13296533873623,-0.187072394382506,484642.952327966,4976654.76272342,0.126713096941967,18.461
1114,1,0,accepted,0.160417952956093,-0.255976675183055,484644.150101707,4976654.92844475,0.125492021701605,14.968
1115,1,0,accepted,0.188012978266682,-0.230725395181506,484645.353661447,4976655.09805225,0.125156521381016,22.919
1116,1,0,accepted,0.220168555458822,-0.264237321979486,484646.549610772,4976655.25994786,0.124795381781018,20.147
1117,1,0,accepted,0.229994824360962,-0.263645877518096,484647.716219455,4976655.42959699,0.124351154265207,27.616
1118,1,0,accepted,0.257514183922243,-0.25203767472214,484648.877155045,4976655.58358557,0.124011541290441,22.392
1119,1,0,accepted,0.287287037394224,-0.264245626227999,484650.055368607,4976655.74107078,0.123555520379778,34.468
1120,1,0,accepted,0.170885365491085,0.412228847393835,484651.095753367,4976656.00331346,0.135057178615946,24.556
1121,1,0,accepted,0.194318170490282,0.383308067280479,484652.274182347,4976656.16405293,0.134534614583472,15.787
1122,1,0,accepted,0.219277399901125,0.416785248583388,484653.474964073,4976656.33622271,0.135006733890376,42.488
1123,1,0,accepted,0.23141300152049,0.444035475990744,484654.617617118,4976656.50295577,0.135057153099448,41.726
1124,1,0,accepted,0.193219736011054,0.365041386010828,484655.723510711,4976656.70513413,0.133308478014691,23.214
1125,1,0,accepted,0.192957584621959,0.324741016327898,484656.848319501,4976656.87925123,0.132332585387407,18.793
1126,1,0,accepted,0.193205981179581,0.290527366030751,484657.971836884,4976657.05174734,0.131424838463514,17.265
1127,1,0,accepted,0.196118090689613,0.253174698727404,484659.102267697,4976657.22357809,0.130545301501578,14.924
1128,1,0,accepted,0.199586780157759,0.191876640365211,484660.231644221,4976657.39406458,0.12935027488046,19.089
1129,1,0,accepted,0.20291224758407,0.069261440913993,484661.368339194,4976657.56537306,0.126819638810267,18.023
1130,1,0,accepted,0.204729918791771,0.174131415614165,484662.442944114,4976657.72687156,0.128335111349145,21.025
1131,1,0,accepted,0.226691387144877,0.185604716653831,484663.565229303,4976657.87768977,0.128378651524663,29.398
1132,1,0,accepted,0.244729759589136,0.191586218292804,484664.686543471,4976658.0325678,0.128256073764022,22.151
1133,1,0,accepted,0.258983649219656,0.146366873398902,484665.8114298,4976658.19263462,0.12747779598024,24.217
1134,1,0,coarseRetainedByTrustRadius,0.261607040378946,0.240700461579853,484666.863184808,4976658.35029536,0.12960079485828,18.795
1135,1,0,accepted,0.137356126855902,0.138124155066603,484667.917433186,4976658.64794824,0.127943731749277,16.903
1136,1,0,accepted,0.145391251320307,0.10644472467313,484669.028185076,4976658.81016988,0.127704047764089,19.726
1137,1,0,accepted,0.162035119697635,0.130763463527366,484670.105293695,4976658.96376685,0.12836609320632,19.648
1138,1,0,accepted,0.129241978183104,0.0579914794904504,484671.224312223,4976659.15823205,0.127241940665111,20.401
1139,1,0,accepted,0.137252588808174,0.0661896097033947,484672.303918956,4976659.31849511,0.127656029894246,16.991
1140,1,0,accepted,0.149730974156013,0.0775155831486789,484673.412902903,4976659.47567593,0.127940170942638,17.796
1141,1,0,accepted,0.169625677216291,0.066875341065675,484674.509471376,4976659.62766746,0.127946881134515,17.518
1142,1,0,accepted,0.19711184268168,0.0710640516611529,484675.620324047,4976659.77684834,0.128043486904003,15.214
1143,1,0,accepted,0.203891628980017,0.146930007562058,484676.687287028,4976659.93830909,0.129357924457054,20.926
1144,1,0,accepted,0.213203159359156,0.19658859046181,484677.740325536,4976660.09247628,0.130099362989066,19.984
1145,1,0,accepted,0.213701818721008,0.21068488393901,484678.799715451,4976660.25807565,0.130650596330034,18.469
1146,1,0,accepted,0.217702726496676,0.261499500515188,484679.854791894,4976660.41927592,0.131624646576585,15.607
1147,1,0,accepted,0.236327813297411,0.302505259955636,484680.919065616,4976660.5686099,0.132388859332116,17.131
1148,1,0,accepted,0.26189809977741,0.352879136433987,484681.997950126,4976660.71495837,0.133328084844516,16.972
1149,1,0,accepted,0.252481733219807,0.254722706344388,484683.073274466,4976660.8995007,0.131759378805616,18.766
1150,1,0,accepted,0.24890665410361,0.303908643826843,484684.126321188,4976661.06803696,0.132686704659219,18.556
1151,1,0,accepted,0.169136565027096,0.607497674286051,484685.015293193,4976661.28545047,0.137930290422942,19.135
1152,1,0,accepted,0.151004560576327,0.622209432754419,484686.013033412,4976661.47959311,0.138028960445646,16.174
1153,1,0,accepted,0.171620886994168,0.715531982437214,484687.040804501,4976661.62198651,0.13960785861676,16.012
1154,1,0,accepted,0.126988983297461,0.326012137524447,484688.02473793,4976661.90730509,0.132148945010842,11.417
1155,1,0,accepted,0.132056088397031,0.325101722562556,484689.05237534,4976662.05390873,0.132259320983899,14.954
1156,1,0,accepted,0.13143791611723,0.318699514311014,484690.077949969,4976662.21813967,0.131806745139665,13.394
1157,1,0,accepted,0.11824114940338,0.289132663768521,484691.092193109,4976662.37255852,0.131180708101591,13.9
1158,1,0,accepted,0.110311498394619,0.219203974965653,484692.118639303,4976662.52975182,0.129719487241817,12.848
1159,1,0,accepted,0.103228961321253,0.179763706969442,484693.143388118,4976662.67815257,0.128682668751653,13.538
1160,1,0,accepted,0.102041383246384,0.168056252267779,484694.162050515,4976662.82096655,0.128022554177818,14.227
1161,1,0,accepted,0.102880342557006,0.165688589057836,484695.178974166,4976662.96381445,0.127262714098851,12.691
1162,1,0,accepted,0.109900552422328,0.16080262230613,484696.195124589,4976663.10438719,0.126480408116306,12.437
1163,1,0,accepted,0.115619613315099,0.140983967768836,484697.216532901,4976663.2415591,0.125359145627322,11.714
1164,1,0,accepted,0.138604393603344,0.208345635081575,484698.210238311,4976663.36666111,0.125575443863789,9.469
1165,1,0,accepted,0.157079649589753,0.246609257746697,484699.220418049,4976663.49608281,0.125238848979366,12.663
1166,1,0,accepted,0.177952488442642,0.276434991861242,484700.220260293,4976663.6237556,0.124720899632462,9.845
1167,1,0,accepted,0.200728562798755,0.301513083351765,484701.232629758,4976663.75196188,0.124176588282326,19.515
1168,1,0,accepted,0.20462952464719,0.343476493657914,484702.208530645,4976663.89179426,0.123912161591878,12.006
1169,1,0,accepted,0.218860782612357,0.339186840767469,484703.200249185,4976664.02349231,0.122901130226419,12.111
1170,1,0,accepted,0.236082441745678,0.381703505004578,484704.188904885,4976664.15136173,0.122478839669522,12.516
